brpb-657600	NC_063435.1	90.650	246	21	2	1	244	12516624	12516379	6.85e-89	331	504	29581582
brpb-657600	NC_063439.1	95.946	148	6	0	357	504	10263700	10263847	1.97e-64	250	504	28937740
brpb-657600	NC_063451.1	95.918	147	6	0	357	503	32850320	32850174	7.10e-64	248	504	49204614
brpb-657600	NC_063450.1	92.135	89	5	1	378	464	44379908	44379996	3.47e-27	126	504	54958258
brpb-657614	NC_063439.1	97.984	248	4	1	1	247	2351661	2351908	6.52e-121	436	247	28937740
brpb-657632	NC_063449.1	93.803	355	22	0	1	355	4235942	4236296	9.29e-151	536	355	48209797
brpb-657632	NC_063439.1	97.115	208	6	0	3	210	2834751	2834544	3.61e-95	351	355	28937740
brpb-657632	NC_063439.1	93.939	99	6	0	257	355	2834545	2834447	3.93e-35	152	355	28937740
brpb-657641	NC_063447.1	95.066	304	15	0	73	376	32642107	32641804	1.69e-133	479	376	62924550
brpb-657648	NC_063434.1	98.328	299	4	1	1	299	2268673	2268970	6.02e-147	523	299	30963416
brpb-657648	NC_063444.1	95.918	147	6	0	151	297	2682920	2683066	2.44e-61	239	299	51431623
brpb-657679	NC_063436.1	97.720	307	4	1	1	307	2288668	2288365	1.72e-147	525	307	38724999
brpb-657679	NC_063452.1	96.032	126	5	0	79	204	59234119	59234244	2.55e-51	206	307	64956572
brpb-657692	NW_026016441.1	97.191	534	15	0	1	534	2989	2456	0.0	920	534	32034
brpb-657692	NW_026014990.1	97.191	534	15	0	1	534	27183	27716	0.0	920	534	36734
brpb-657692	NW_026014990.1	97.191	534	15	0	1	534	33237	33770	0.0	920	534	36734
brpb-657692	NC_063436.1	97.191	534	15	0	1	534	37537161	37537694	0.0	920	534	38724999
brpb-657692	NC_063436.1	97.191	534	15	0	1	534	37543211	37543744	0.0	920	534	38724999
brpb-657692	NC_063436.1	97.191	534	15	0	1	534	37570031	37570564	0.0	920	534	38724999
brpb-657692	NC_063436.1	96.636	535	17	1	1	534	37511506	37512040	0.0	904	534	38724999
brpb-657692	NC_063436.1	100.000	112	0	0	1	112	37563235	37563346	1.28e-51	207	534	38724999
brpb-657692	NW_026014300.1	97.004	534	15	1	1	534	7812	8344	0.0	913	534	30089
brpb-657692	NW_026014300.1	95.547	539	16	6	1	534	1711	2246	0.0	872	534	30089
brpb-657692	NC_063447.1	90.885	384	20	6	1	378	40301483	40301109	5.24e-140	501	534	62924550
brpb-657736	NC_063435.1	98.876	445	5	0	1	445	10236064	10236508	0.0	795	447	29581582
brpb-657736	NC_063437.1	98.652	445	6	0	1	445	1944295	1944739	0.0	789	447	22079791
brpb-657742	NC_063434.1	97.268	549	7	6	1	549	3554449	3554989	0.0	931	550	30963416
brpb-657750	NC_063436.1	97.985	397	6	2	1	395	14718253	14717857	0.0	689	415	38724999
brpb-657750	NC_063446.1	96.717	396	12	1	1	395	22668543	22668148	0.0	660	415	74222928
brpb-657774	NC_063442.1	100.000	434	0	0	1	434	6845107	6845540	0.0	802	434	45044935
brpb-657774	NC_063450.1	97.059	204	6	0	231	434	35789833	35790036	7.50e-93	344	434	54958258
brpb-657774	NC_063450.1	92.157	204	16	0	231	434	42248621	42248418	3.57e-76	289	434	54958258
brpb-657779	NC_063434.1	97.312	372	10	0	1	372	10981734	10982105	1.32e-179	632	404	30963416
brpb-657779	NC_063444.1	95.161	372	17	1	1	372	17745798	17746168	1.05e-165	586	404	51431623
brpb-657785	NW_026016306.1	100.000	417	0	0	1	417	63090	63506	0.0	771	417	345969
brpb-657785	NW_026016497.1	97.573	412	10	0	1	412	106513	106924	0.0	706	417	122973
brpb-657785	NC_063442.1	90.476	84	5	2	123	206	28401161	28401241	1.03e-21	108	417	45044935
brpb-657796	NC_063439.1	99.153	472	4	0	1	472	22835904	22836375	0.0	854	614	28937740
brpb-657796	NC_063450.1	92.975	484	24	8	1	477	42611230	42610750	0.0	701	614	54958258
brpb-657847	NC_063445.1	97.590	83	2	0	1	83	26145224	26145142	2.37e-32	143	355	58167434
brpb-657847	NC_063445.1	96.923	65	2	0	291	355	26145144	26145080	1.86e-23	113	355	58167434
brpb-657847	NC_063435.1	92.857	56	3	1	232	287	2026346	2026400	1.88e-13	80.5	355	29581582
brpb-657868	NC_063435.1	97.512	402	7	2	1	400	9620037	9620437	0.0	695	400	29581582
brpb-657868	NC_063445.1	94.064	219	13	0	1	219	18973900	18974118	1.49e-89	333	400	58167434
brpb-657876	NC_063439.1	100.000	323	0	0	1	323	23642912	23642590	3.79e-169	597	323	28937740
brpb-657884	NC_063439.1	100.000	298	0	0	1	298	17278422	17278719	2.75e-155	551	298	28937740
brpb-657884	NC_063439.1	91.057	123	10	1	176	298	5940852	5940973	4.18e-39	165	298	28937740
brpb-657884	NC_063446.1	94.444	306	4	5	1	298	42436225	42435925	1.71e-127	459	298	74222928
brpb-657884	NC_063443.1	94.355	124	6	1	175	298	9379735	9379613	2.48e-46	189	298	19559996
brpb-657884	NC_063442.1	94.309	123	4	2	177	298	8686850	8686970	3.21e-45	185	298	45044935
brpb-657884	NC_063444.1	90.517	116	11	0	181	296	22623472	22623357	9.06e-36	154	298	51431623
brpb-657888	NC_063437.1	99.465	374	2	0	1	374	11878609	11878982	0.0	684	374	22079791
brpb-657888	NC_063451.1	92.430	251	19	0	4	254	43847045	43846795	2.28e-97	359	374	49204614
brpb-657888	NC_063442.1	92.430	251	19	0	4	254	39934723	39934473	2.28e-97	359	374	45044935
brpb-657894	NC_063438.1	95.172	435	21	0	2	436	24751190	24750756	0.0	697	436	29228566
brpb-657894	NC_063448.1	92.625	339	25	0	98	436	50677208	50676870	5.47e-139	497	436	56537224
brpb-657894	NC_063448.1	90.909	55	5	0	1	55	50677278	50677224	1.09e-11	75.0	436	56537224
brpb-657896	NC_063436.1	99.770	435	1	0	1	435	3767522	3767088	0.0	800	435	38724999
brpb-657896	NC_063446.1	92.273	440	25	5	2	435	4832532	4832096	4.01e-175	617	435	74222928
brpb-657925	NC_063436.1	98.664	524	5	1	1	522	16194115	16194638	0.0	933	522	38724999
brpb-657933	NC_063438.1	99.687	319	0	1	1	318	12145604	12145286	1.04e-164	582	318	29228566
brpb-657933	NC_063448.1	98.125	320	4	2	1	318	31232119	31231800	6.32e-157	556	318	56537224
brpb-657934	NC_063443.1	99.401	334	2	0	1	334	1796686	1796353	6.53e-172	606	334	19559996
brpb-657934	NC_063443.1	96.296	81	3	0	254	334	1760329	1760249	1.33e-29	134	334	19559996
brpb-657939	NC_063442.1	94.845	485	6	4	69	552	44080961	44081427	0.0	743	552	45044935
brpb-657945	NC_063436.1	99.620	526	2	0	82	607	16194115	16194640	0.0	961	607	38724999
brpb-657949	NC_063435.1	99.425	522	3	0	1	522	27954749	27955270	0.0	950	522	29581582
brpb-657950	NC_063449.1	96.614	502	15	2	5	505	30792994	30793494	0.0	833	514	48209797
brpb-657950	NC_063440.1	95.040	504	20	5	4	505	19074480	19074980	0.0	789	514	28277616
brpb-657950	NC_063451.1	93.333	105	7	0	73	177	45468896	45468792	4.52e-36	156	514	49204614
brpb-657950	NC_063448.1	94.118	102	6	0	73	174	8018822	8018923	4.52e-36	156	514	56537224
brpb-657950	NC_063439.1	92.157	102	8	0	73	174	6286286	6286387	9.78e-33	145	514	28937740
brpb-657950	NC_063442.1	90.476	105	10	0	73	177	41325049	41324945	4.55e-31	139	514	45044935
brpb-657955	NC_063438.1	98.522	203	3	0	67	269	22775221	22775423	2.28e-97	359	373	29228566
brpb-657957	NC_063434.1	95.745	658	25	3	1	657	8046749	8046094	0.0	1075	657	30963416
brpb-657957	NC_063444.1	91.515	660	48	6	1	657	12791452	12790798	0.0	920	657	51431623
brpb-657962	NC_063441.1	97.445	587	12	1	1	584	22120079	22120665	0.0	1007	584	23154485
brpb-657981	NC_063436.1	99.810	526	1	0	100	625	16194115	16194640	0.0	966	625	38724999
brpb-657981	NC_063446.1	90.074	544	31	9	100	625	24798581	24799119	0.0	684	625	74222928
brpb-658011	NC_063445.1	97.619	126	3	0	366	491	26145144	26145019	2.72e-54	217	675	58167434
brpb-658011	NC_063445.1	91.566	83	7	0	593	675	26145142	26145224	6.10e-26	122	675	58167434
brpb-658011	NC_063435.1	92.857	56	3	1	307	362	2026346	2026400	3.72e-13	80.5	675	29581582
brpb-658018	NW_026016758.1	97.855	373	8	0	1	373	19342	18970	0.0	645	373	127036
brpb-658018	NC_063452.1	97.855	373	8	0	1	373	64676958	64676586	0.0	645	373	64956572
brpb-658018	NC_063445.1	93.333	360	24	0	4	363	593310	592951	1.27e-149	532	373	58167434
brpb-658027	NC_063439.1	100.000	545	0	0	1	545	2352205	2351661	0.0	1007	545	28937740
brpb-658070	NC_063434.1	97.784	722	15	1	1	722	8046749	8046029	0.0	1245	738	30963416
brpb-658070	NC_063444.1	93.379	725	42	6	1	723	12791452	12790732	0.0	1070	738	51431623
brpb-658083	NC_063435.1	100.000	218	0	0	1	218	23220605	23220388	5.74e-111	403	218	29581582
brpb-658097	NC_063437.1	99.109	561	3	1	1	561	2895004	2894446	0.0	1007	561	22079791
brpb-658097	NC_063447.1	94.139	563	17	8	1	561	35295450	35295998	0.0	843	561	62924550
brpb-658104	NC_063444.1	91.845	466	18	14	1	455	22369284	22368828	4.18e-180	634	455	51431623
brpb-658104	NC_063434.1	92.814	334	10	5	125	455	13529028	13528706	9.65e-132	473	455	30963416
brpb-658104	NC_063434.1	98.810	84	1	0	1	84	13529109	13529026	1.85e-34	150	455	30963416
brpb-658111	NC_063442.1	99.445	541	3	0	1	541	33351567	33351027	0.0	983	541	45044935
brpb-658111	NC_063446.1	92.976	541	38	0	1	541	24515988	24515448	0.0	789	541	74222928
brpb-658120	NC_063442.1	99.751	402	1	0	93	494	37886893	37886492	0.0	737	494	45044935
brpb-658120	NC_063451.1	91.111	405	17	6	93	493	41438178	41437789	6.16e-149	531	494	49204614
brpb-658122	NW_026016497.1	98.786	412	5	0	86	497	106513	106924	0.0	734	502	122973
brpb-658122	NW_026016306.1	98.321	417	7	0	86	502	63090	63506	0.0	732	502	345969
brpb-658137	NC_063439.1	100.000	398	0	0	1	398	3705795	3706192	0.0	736	398	28937740
brpb-658137	NC_063448.1	94.684	395	4	7	1	395	3920785	3921162	4.75e-169	597	398	56537224
brpb-658137	NC_063441.1	90.476	168	15	1	1	167	21908232	21908065	1.20e-55	220	398	23154485
brpb-658144	NC_063439.1	92.199	564	41	3	166	727	11613474	11612912	0.0	867	729	28937740
brpb-658144	NC_063439.1	97.619	84	1	1	89	172	11613612	11613530	5.06e-32	143	729	28937740
brpb-658152	NC_063439.1	97.173	283	7	1	1	283	2351661	2351942	2.10e-136	488	287	28937740
brpb-658153	NC_063447.1	93.182	308	21	0	1	308	32641800	32642107	1.48e-128	462	331	62924550
brpb-658157	NC_063436.1	97.283	552	15	0	1	552	1928208	1927657	0.0	937	591	38724999
brpb-658157	NC_063446.1	90.926	551	48	2	2	552	2522980	2522432	0.0	739	591	74222928
brpb-658163	NC_063443.1	98.821	424	4	1	1	423	15320996	15321419	0.0	754	423	19559996
brpb-658163	NC_063452.1	96.009	426	14	3	1	423	57400579	57401004	0.0	689	423	64956572
brpb-658163	NC_063452.1	90.090	222	20	2	1	220	57388075	57388296	1.25e-75	287	423	64956572
brpb-658172	NC_063434.1	98.867	353	4	0	1	353	2269407	2269055	1.14e-179	632	353	30963416
brpb-658172	NC_063444.1	90.458	262	18	6	10	267	2683510	2683252	2.79e-91	339	353	51431623
brpb-658174	NC_063442.1	95.222	293	9	3	1	293	38993944	38993657	1.78e-127	459	308	45044935
brpb-658174	NC_063451.1	94.502	291	11	3	1	291	42694109	42693824	4.98e-123	444	308	49204614
brpb-658181	NC_063442.1	92.393	631	17	6	31	661	25369043	25368444	0.0	870	741	45044935
brpb-658181	NC_063448.1	96.216	185	6	1	201	385	24789656	24789839	8.03e-80	302	741	56537224
brpb-658190	NC_063437.1	99.531	213	0	1	1	213	3677446	3677235	5.63e-106	387	213	22079791
brpb-658199	NC_063443.1	99.737	760	2	0	1	760	15584448	15585207	0.0	1395	760	19559996
brpb-658199	NC_063452.1	90.365	384	24	9	1	375	57909712	57910091	4.56e-137	492	760	64956572
brpb-658213	NC_063445.1	97.619	126	3	0	291	416	26145144	26145019	1.64e-54	217	418	58167434
brpb-658213	NC_063445.1	97.590	83	2	0	1	83	26145224	26145142	2.82e-32	143	418	58167434
brpb-658213	NC_063435.1	91.071	56	4	1	232	287	2026346	2026400	1.04e-11	75.0	418	29581582
brpb-658244	NC_063446.1	94.426	592	22	8	4	587	14254062	14254650	0.0	902	663	74222928
brpb-658244	NC_063436.1	94.188	585	17	11	4	587	10763817	10763249	0.0	878	663	38724999
brpb-658244	NC_063451.1	96.660	509	13	2	145	653	47539036	47539540	0.0	846	663	49204614
brpb-658244	NC_063451.1	96.094	128	5	0	531	658	47666307	47666180	1.24e-52	211	663	49204614
brpb-658244	NC_063451.1	98.571	70	1	0	44	113	47538969	47539038	1.66e-26	124	663	49204614
brpb-658244	NC_063442.1	98.485	132	2	0	4	135	42877340	42877209	2.65e-59	233	663	45044935
brpb-658251	NC_063449.1	95.487	421	16	1	1	418	30271875	30271455	0.0	669	418	48209797
brpb-658251	NC_063449.1	94.511	419	19	2	1	416	18558126	18558543	0.0	643	418	48209797
brpb-658257	NC_063437.1	96.543	752	25	1	1	751	20027872	20028623	0.0	1251	751	22079791
brpb-658257	NC_063447.1	94.796	442	19	1	1	442	60282327	60282764	0.0	686	751	62924550
brpb-658257	NC_063447.1	93.281	253	17	0	499	751	60282754	60283006	1.02e-103	381	751	62924550
brpb-658265	NC_063447.1	90.685	365	27	5	1	362	39861098	39860738	1.24e-139	499	362	62924550
brpb-658266	NC_063452.1	93.215	339	10	2	1	326	39486395	39486057	8.68e-136	486	327	64956572
brpb-658266	NC_063452.1	92.000	75	4	2	215	288	6483188	6483261	1.02e-20	104	327	64956572
brpb-658266	NC_063452.1	90.667	75	5	2	215	288	61150529	61150456	4.75e-19	99.0	327	64956572
brpb-658266	NC_063451.1	90.395	177	15	1	152	326	3618507	3618683	4.49e-59	231	327	49204614
brpb-658266	NC_063450.1	92.000	75	4	2	215	288	12385773	12385700	1.02e-20	104	327	54958258
brpb-658266	NC_063450.1	95.082	61	3	0	81	141	44884966	44884906	1.71e-18	97.1	327	54958258
brpb-658266	NC_063446.1	92.000	75	4	2	215	288	18132411	18132338	1.02e-20	104	327	74222928
brpb-658266	NC_063446.1	92.000	75	4	2	215	288	66157924	66157851	1.02e-20	104	327	74222928
brpb-658266	NC_063444.1	92.000	75	4	2	215	288	46593117	46593190	1.02e-20	104	327	51431623
brpb-658275	NC_063437.1	94.949	99	5	0	1	99	21120611	21120709	3.88e-36	156	446	22079791
brpb-658283	NC_063440.1	98.670	451	3	1	1	448	17270411	17269961	0.0	797	448	28277616
brpb-658283	NC_063449.1	92.117	444	25	5	1	438	25779667	25779228	4.14e-175	617	448	48209797
brpb-658283	NC_063437.1	91.351	370	29	2	11	380	2445447	2445813	1.21e-140	503	448	22079791
brpb-658283	NC_063447.1	91.081	370	30	2	11	380	34531602	34531968	5.63e-139	497	448	62924550
brpb-658285	NC_063436.1	96.108	334	8	3	1	334	2558782	2559110	6.72e-152	540	334	38724999
brpb-658285	NC_063446.1	93.750	336	16	2	1	334	3287010	3287342	1.14e-139	499	334	74222928
brpb-658290	NC_063443.1	96.667	600	17	2	1	600	11570193	11570789	0.0	1000	624	19559996
brpb-658301	NC_063441.1	96.989	465	9	2	69	528	19563535	19563071	0.0	776	566	23154485
brpb-658301	NC_063451.1	94.924	197	9	1	333	528	30640451	30640647	1.30e-81	307	566	49204614
brpb-658301	NC_063451.1	91.549	71	6	0	69	139	30638512	30638582	8.55e-19	99.0	566	49204614
brpb-658317	NC_063442.1	100.000	372	0	0	1	372	12807325	12807696	0.0	688	372	45044935
brpb-658332	NC_063440.1	99.785	465	0	1	1	465	565759	566222	0.0	852	465	28277616
brpb-658332	NC_063440.1	90.533	338	26	5	30	366	606351	606683	2.78e-122	442	465	28277616
brpb-658332	NC_063450.1	93.269	104	6	1	30	133	2522303	2522405	5.25e-35	152	465	54958258
brpb-658349	NC_063436.1	96.458	367	4	3	1	358	28587704	28588070	6.57e-169	597	539	38724999
brpb-658349	NC_063436.1	96.026	151	5	1	353	503	20787426	20787277	9.85e-63	244	539	38724999
brpb-658349	NC_063436.1	95.683	139	4	2	218	355	28484626	28484763	4.62e-56	222	539	38724999
brpb-658349	NC_063449.1	92.830	265	9	5	1	256	18604437	18604174	3.35e-102	375	539	48209797
brpb-658349	NC_063449.1	90.066	151	15	0	356	506	20351301	20351151	2.80e-48	196	539	48209797
brpb-658349	NC_063435.1	98.039	153	3	0	350	502	6219626	6219778	2.10e-69	267	539	29581582
brpb-658349	NC_063435.1	93.706	143	6	3	361	501	28019363	28019222	9.99e-53	211	539	29581582
brpb-658349	NC_063437.1	98.630	146	2	0	360	505	10247415	10247560	3.52e-67	259	539	22079791
brpb-658349	NC_063437.1	93.007	143	8	2	361	503	20668446	20668586	1.29e-51	207	539	22079791
brpb-658349	NC_063443.1	94.375	160	7	2	350	507	16312435	16312276	9.85e-63	244	539	19559996
brpb-658349	NC_063443.1	94.872	156	6	2	354	508	19083507	19083353	3.54e-62	243	539	19559996
brpb-658349	NC_063440.1	95.395	152	5	2	359	509	1020094	1019944	1.27e-61	241	539	28277616
brpb-658349	NC_063440.1	96.528	144	3	1	358	501	17089668	17089527	1.65e-60	237	539	28277616
brpb-658349	NC_063440.1	95.862	145	6	0	358	502	2705120	2705264	5.93e-60	235	539	28277616
brpb-658349	NC_063440.1	95.862	145	6	0	358	502	2705973	2706117	5.93e-60	235	539	28277616
brpb-658349	NC_063440.1	95.172	145	7	0	358	502	2706825	2706969	2.76e-58	230	539	28277616
brpb-658349	NC_063440.1	95.714	140	6	0	362	501	14502167	14502028	3.57e-57	226	539	28277616
brpb-658349	NC_063440.1	91.724	145	11	1	361	505	22562801	22562658	2.16e-49	200	539	28277616
brpb-658349	NC_063450.1	95.890	146	6	0	359	504	42708536	42708391	1.65e-60	237	539	54958258
brpb-658349	NC_063450.1	99.083	109	1	0	250	358	51714467	51714575	2.80e-48	196	539	54958258
brpb-658349	NC_063434.1	95.333	150	6	1	353	502	12673352	12673204	1.65e-60	237	539	30963416
brpb-658349	NC_063442.1	96.454	141	5	0	361	501	31785484	31785624	2.13e-59	233	539	45044935
brpb-658349	NC_063442.1	95.775	142	6	0	361	502	11228670	11228529	2.76e-58	230	539	45044935
brpb-658349	NC_063442.1	92.073	164	11	2	342	504	14714814	14714976	2.76e-58	230	539	45044935
brpb-658349	NW_026014588.1	92.361	144	8	3	361	503	71469	71328	6.01e-50	202	539	83308
brpb-658349	NC_063445.1	90.909	143	13	0	361	503	46258033	46257891	3.62e-47	193	539	58167434
brpb-658349	NC_063444.1	90.370	135	13	0	358	492	41021722	41021856	1.01e-42	178	539	51431623
brpb-658386	NC_063435.1	99.681	313	0	1	1	313	8008557	8008246	2.22e-161	571	313	29581582
brpb-658386	NC_063445.1	96.212	264	8	2	50	313	15149514	15149253	3.93e-119	431	313	58167434
brpb-658386	NC_063445.1	92.453	53	4	0	1	53	15149593	15149541	2.12e-12	76.8	313	58167434
brpb-658391	NC_063439.1	99.138	348	3	0	1	348	10263943	10263596	1.13e-179	632	348	28937740
brpb-658391	NC_063451.1	96.067	356	6	2	1	348	32850075	32850430	1.49e-163	579	348	49204614
brpb-658413	NW_026016306.1	99.760	417	1	0	1	417	63090	63506	0.0	765	453	345969
brpb-658413	NW_026016497.1	97.330	412	11	0	1	412	106513	106924	0.0	701	453	122973
brpb-658413	NC_063442.1	90.476	84	5	2	123	206	28401161	28401241	1.12e-21	108	453	45044935
brpb-658420	NC_063448.1	96.610	177	6	0	285	461	24789832	24789656	8.29e-78	294	467	56537224
brpb-658429	NC_063443.1	95.444	417	18	1	32	447	14458785	14458369	0.0	671	447	19559996
brpb-658429	NC_063452.1	91.667	72	5	1	376	447	55533539	55533469	3.98e-21	106	447	64956572
brpb-658433	NC_063436.1	96.914	324	10	0	129	452	2880069	2880392	5.56e-154	547	452	38724999
brpb-658433	NC_063436.1	96.063	127	2	1	1	127	2879873	2879996	1.39e-50	204	452	38724999
brpb-658433	NC_063446.1	90.154	325	18	5	129	452	3683785	3684096	5.89e-114	414	452	74222928
brpb-658433	NC_063446.1	93.701	127	7	1	1	127	3683587	3683712	3.89e-46	189	452	74222928
brpb-658436	NC_063436.1	98.489	397	5	1	1	396	14717857	14718253	0.0	699	396	38724999
brpb-658436	NC_063446.1	96.970	396	12	0	1	396	22668148	22668543	0.0	665	396	74222928
brpb-658455	NC_063434.1	97.789	407	6	2	1	407	2268673	2269076	0.0	702	407	30963416
brpb-658455	NC_063444.1	93.416	243	8	1	151	393	2682920	2683154	1.16e-95	353	407	51431623
brpb-658468	NC_063447.1	93.533	634	34	4	6	635	12930367	12929737	0.0	959	640	62924550
brpb-658486	NC_063437.1	98.699	538	5	1	1	538	2894446	2894981	0.0	955	538	22079791
brpb-658486	NC_063447.1	93.704	540	18	8	1	538	35295998	35295473	0.0	797	538	62924550
brpb-658492	NC_063447.1	93.317	404	24	2	52	453	56688728	56688326	7.23e-168	593	463	62924550
brpb-658492	NC_063447.1	91.613	155	13	0	53	207	11540417	11540571	6.58e-54	215	463	62924550
brpb-658492	NC_063437.1	91.686	433	12	6	29	453	17554511	17554095	2.02e-163	579	463	22079791
brpb-658492	NC_063446.1	90.055	181	16	2	53	233	10574898	10574720	1.82e-59	233	463	74222928
brpb-658497	NC_063442.1	98.313	652	9	2	1	650	38209327	38208676	0.0	1147	650	45044935
brpb-658497	NC_063451.1	90.074	403	23	6	232	620	41815735	41815336	1.07e-142	510	650	49204614
brpb-658497	NC_063451.1	96.685	181	5	1	1	181	41816096	41815917	2.52e-79	300	650	49204614
brpb-658499	NC_063447.1	91.793	329	23	2	18	346	56185271	56184947	2.97e-126	455	391	62924550
brpb-658499	NC_063447.1	90.578	329	27	2	18	346	52187498	52187174	1.39e-119	433	391	62924550
brpb-658523	NC_063444.1	99.568	463	2	0	1	463	51116853	51116391	0.0	846	463	51431623
brpb-658523	NC_063434.1	98.920	463	5	0	1	463	30716381	30716843	0.0	830	463	30963416
brpb-658542	NC_063442.1	99.151	471	4	0	1	471	19891459	19891929	0.0	850	471	45044935
brpb-658547	NC_063450.1	93.893	393	18	2	57	443	14244605	14244997	9.03e-167	590	448	54958258
brpb-658547	NC_063440.1	92.284	324	16	4	122	443	7090714	7091030	1.24e-125	453	448	28277616
brpb-658552	NC_063445.1	97.619	126	3	0	291	416	26145144	26145019	1.94e-54	217	489	58167434
brpb-658552	NC_063445.1	97.590	83	2	0	1	83	26145224	26145142	3.34e-32	143	489	58167434
brpb-658552	NC_063435.1	92.857	56	3	1	232	287	2026346	2026400	2.65e-13	80.5	489	29581582
brpb-658557	NC_063447.1	95.294	170	7	1	1	169	57563591	57563422	9.71e-73	276	169	62924550
brpb-658557	NC_063437.1	92.941	170	11	1	1	169	18132761	18132592	4.55e-66	254	169	22079791
brpb-658578	NC_063436.1	97.965	344	7	0	1	344	28713250	28712907	4.06e-169	597	344	38724999
brpb-658578	NC_063450.1	96.188	341	10	3	4	344	51849993	51849656	2.48e-156	555	344	54958258
brpb-658589	NC_063446.1	92.913	127	9	0	46	172	5009527	5009401	6.57e-45	185	582	74222928
brpb-658589	NC_063436.1	91.603	131	10	1	46	175	3905126	3904996	3.06e-43	180	582	38724999
brpb-658597	NC_063448.1	95.833	624	22	3	1	621	1146989	1146367	0.0	1005	621	56537224
brpb-658601	NC_063436.1	98.741	397	4	1	1	396	14718253	14717857	0.0	704	396	38724999
brpb-658601	NC_063446.1	97.222	396	11	0	1	396	22668543	22668148	0.0	671	396	74222928
brpb-658604	NC_063444.1	96.610	295	8	1	1	293	50350293	50349999	4.61e-138	494	293	51431623
brpb-658604	NC_063434.1	95.932	295	10	1	1	293	30082056	30081762	9.98e-135	483	293	30963416
brpb-658614	NC_063438.1	97.983	595	8	4	67	661	5683562	5682972	0.0	1037	661	29228566
brpb-658614	NC_063436.1	96.703	91	3	0	67	157	8241852	8241942	7.61e-35	152	661	38724999
brpb-658617	NC_063445.1	96.032	126	5	0	291	416	26145144	26145019	2.93e-52	209	444	58167434
brpb-658617	NC_063445.1	97.590	83	2	0	1	83	26145224	26145142	3.01e-32	143	444	58167434
brpb-658617	NC_063435.1	92.857	56	3	1	232	287	2026346	2026400	2.39e-13	80.5	444	29581582
brpb-658634	NC_063438.1	97.831	461	8	2	1	459	764547	764087	0.0	806	474	29228566
brpb-658634	NC_063447.1	91.566	166	8	2	1	160	1082977	1082812	1.12e-56	224	474	62924550
brpb-658645	NC_063437.1	96.254	694	23	3	14	704	20028662	20027969	0.0	1138	705	22079791
brpb-658645	NC_063447.1	93.913	345	15	3	362	704	60282764	60282424	1.93e-145	520	705	62924550
brpb-658645	NC_063447.1	94.863	292	15	0	14	305	60283045	60282754	1.54e-126	457	705	62924550
brpb-658647	NC_063449.1	92.054	667	36	9	1	650	9723283	9723949	0.0	931	650	48209797
brpb-658647	NC_063439.1	95.761	401	10	3	4	401	989348	988952	0.0	640	650	28937740
brpb-658656	NC_063443.1	98.585	424	5	1	1	424	15818002	15818424	0.0	754	424	19559996
brpb-658656	NC_063452.1	92.974	427	27	3	1	424	58544247	58544673	2.33e-177	625	424	64956572
brpb-658660	NC_063442.1	92.719	467	28	5	3	466	4524236	4523773	0.0	688	592	45044935
brpb-658660	NC_063452.1	91.213	478	34	6	3	479	4978087	4977617	0.0	664	592	64956572
brpb-658662	NC_063439.1	98.851	348	4	0	1	348	11540501	11540154	5.24e-178	627	348	28937740
brpb-658662	NC_063446.1	93.714	350	20	1	1	348	53578759	53579108	1.52e-148	529	348	74222928
brpb-658666	NC_063452.1	91.857	307	16	7	1	302	1158958	1159260	8.21e-116	420	302	64956572
brpb-658666	NC_063442.1	91.857	307	16	7	1	302	1258006	1258308	8.21e-116	420	302	45044935
brpb-658673	NC_063440.1	97.665	514	12	0	1	514	15995210	15994697	0.0	902	514	28277616
brpb-658684	NC_063442.1	97.448	431	11	0	143	573	20386335	20386765	0.0	741	573	45044935
brpb-658684	NC_063442.1	99.206	126	0	1	1	125	20385821	20385946	3.81e-57	226	573	45044935
brpb-658684	NC_063452.1	92.361	432	31	2	143	573	32525503	32525933	1.49e-175	619	573	64956572
brpb-658694	NC_063441.1	97.181	603	13	1	1	603	2998130	2997532	0.0	1020	604	23154485
brpb-658694	NC_063451.1	96.352	603	22	0	1	603	4044868	4044266	0.0	996	604	49204614
brpb-658696	NC_063440.1	99.554	448	2	0	1	448	12046913	12046466	0.0	817	485	28277616
brpb-658696	NC_063450.1	95.872	436	15	2	14	448	24742470	24742037	0.0	702	485	54958258
brpb-658724	NC_063440.1	95.604	364	16	0	1	364	12046913	12046550	3.34e-170	601	364	28277616
brpb-658724	NC_063450.1	91.477	352	27	2	14	364	24742470	24742121	4.50e-139	497	364	54958258
brpb-658730	NC_063439.1	99.071	323	3	0	95	417	23642912	23642590	5.03e-164	580	417	28937740
brpb-658746	NC_063449.1	94.118	51	3	0	90	140	7216318	7216368	2.38e-13	78.7	141	48209797
brpb-658752	NC_063442.1	97.428	661	13	4	1	657	38208667	38209327	0.0	1134	665	45044935
brpb-658752	NC_063451.1	90.074	403	22	8	40	427	41815336	41815735	1.42e-141	507	665	49204614
brpb-658752	NC_063451.1	92.818	181	11	2	478	657	41815917	41816096	5.63e-71	272	665	49204614
brpb-658760	NC_063434.1	97.955	538	8	3	2	538	22421317	22420782	0.0	931	552	30963416
brpb-658760	NC_063434.1	95.302	298	11	2	244	538	22413627	22413330	4.26e-131	472	552	30963416
brpb-658760	NC_063444.1	96.353	329	10	2	212	538	37385384	37385056	3.20e-152	542	552	51431623
brpb-658760	NC_063444.1	95.973	298	9	2	244	538	37359672	37359375	1.97e-134	483	552	51431623
brpb-658760	NC_063444.1	95.652	161	6	1	28	188	37385657	37385498	1.30e-66	257	552	51431623
brpb-658793	NC_063443.1	92.784	194	12	2	168	359	18966946	18967139	1.75e-73	279	359	19559996
brpb-658793	NC_063452.1	91.925	161	13	0	1	161	63697879	63698039	2.31e-57	226	359	64956572
brpb-658793	NC_063452.1	98.113	106	2	0	170	275	63698088	63698193	3.92e-45	185	359	64956572
brpb-658795	NC_063448.1	99.033	517	5	0	1	517	52373088	52372572	0.0	933	551	56537224
brpb-658795	NC_063438.1	97.087	515	15	0	3	517	25718498	25717984	0.0	874	551	29228566
brpb-658795	NW_026014005.1	96.893	515	14	2	3	517	14698	15210	0.0	867	551	22701
brpb-658795	NW_026014005.1	96.117	515	15	5	3	517	22148	21639	0.0	841	551	22701
brpb-658798	NC_063444.1	99.145	117	0	1	1	116	50350293	50350177	6.33e-53	209	116	51431623
brpb-658798	NC_063434.1	99.145	117	0	1	1	116	30082056	30081940	6.33e-53	209	116	30963416
brpb-658800	NC_063436.1	98.489	397	5	1	1	396	14718253	14717857	0.0	699	396	38724999
brpb-658800	NC_063446.1	96.970	396	12	0	1	396	22668543	22668148	0.0	665	396	74222928
brpb-658802	NC_063436.1	94.831	445	18	4	1	443	15168766	15168325	0.0	699	636	38724999
brpb-658802	NC_063436.1	90.845	142	10	3	496	636	15168627	15168766	1.99e-50	204	636	38724999
brpb-658808	NC_063440.1	96.519	316	11	0	1	316	12764798	12764483	1.77e-147	525	316	28277616
brpb-658808	NC_063450.1	95.982	224	9	0	1	224	26461817	26461594	4.09e-99	364	316	54958258
brpb-658816	NC_063438.1	96.045	531	19	2	1	531	3769309	3768781	0.0	865	531	29228566
brpb-658816	NC_063447.1	97.753	267	6	0	1	267	6526505	6526239	8.85e-128	460	531	62924550
brpb-658816	NC_063447.1	97.004	267	6	2	1	267	6519960	6519696	6.89e-124	448	531	62924550
brpb-658816	NC_063447.1	90.661	257	13	7	283	531	6526075	6525822	2.01e-89	333	531	62924550
brpb-658816	NC_063447.1	91.393	244	13	4	292	529	6519526	6519285	2.60e-88	329	531	62924550
brpb-658824	NC_063437.1	91.975	162	12	1	1	162	20492682	20492522	9.43e-58	226	162	22079791
brpb-658824	NC_063447.1	91.724	145	12	0	1	145	60906077	60905933	1.59e-50	202	162	62924550
brpb-658832	NC_063438.1	100.000	490	0	0	1	490	2981638	2982127	0.0	905	506	29228566
brpb-658832	NC_063445.1	90.845	142	13	0	1	142	10513163	10513304	1.22e-46	191	506	58167434
brpb-658844	NC_063436.1	98.741	397	4	1	1	396	14718253	14717857	0.0	704	396	38724999
brpb-658844	NC_063446.1	97.222	396	11	0	1	396	22668543	22668148	0.0	671	396	74222928
brpb-658850	NC_063442.1	99.040	625	6	0	1	625	40829185	40829809	0.0	1125	641	45044935
brpb-658850	NC_063442.1	92.488	213	13	3	4	214	40835603	40835392	6.92e-80	302	641	45044935
brpb-658850	NC_063451.1	95.687	626	25	2	1	625	44876724	44877348	0.0	1009	641	49204614
brpb-658850	NC_063451.1	93.065	620	33	4	4	623	44887917	44887308	0.0	902	641	49204614
brpb-658860	NW_026015934.1	100.000	411	0	0	1	411	135482	135892	0.0	760	411	304791
brpb-658860	NC_063445.1	100.000	411	0	0	1	411	58085575	58085165	0.0	760	411	58167434
brpb-658860	NW_026016792.1	96.359	412	13	2	1	411	53414	53824	0.0	676	411	113911
brpb-658860	NC_063446.1	92.188	64	1	4	101	162	1635993	1636054	1.32e-15	87.9	411	74222928
brpb-658875	NC_063439.1	97.398	538	12	2	1	537	25256633	25256097	0.0	935	676	28937740
brpb-658875	NC_063450.1	90.000	230	15	5	1	229	38727836	38728058	1.58e-76	291	676	54958258
brpb-658921	NC_063443.1	99.840	624	1	0	1	624	18725244	18724621	0.0	1147	624	19559996
brpb-658921	NC_063452.1	97.487	398	9	1	8	405	63310159	63309763	0.0	678	624	64956572
brpb-658921	NC_063452.1	96.032	252	10	0	373	624	63309764	63309513	1.07e-112	411	624	64956572
brpb-658929	NC_063439.1	99.391	493	3	0	1	493	16658162	16658654	0.0	900	493	28937740
brpb-658929	NC_063446.1	94.118	493	20	6	1	493	43978175	43977692	0.0	747	493	74222928
brpb-658929	NC_063446.1	93.712	493	24	5	1	493	44050019	44049534	0.0	737	493	74222928
brpb-658934	NC_063446.1	92.390	657	35	10	1	643	10921556	10920901	0.0	924	643	74222928
brpb-658934	NC_063436.1	91.964	672	25	13	1	643	8303824	8303153	0.0	917	643	38724999
brpb-658945	NC_063436.1	96.407	334	7	3	1	334	2558782	2559110	1.44e-153	545	334	38724999
brpb-658945	NC_063446.1	94.048	336	15	2	1	334	3287010	3287342	2.45e-141	505	334	74222928
brpb-658946	NC_063442.1	98.458	389	5	1	1	389	31864445	31864832	0.0	686	417	45044935
brpb-658946	NC_063448.1	94.430	395	21	1	1	395	13816458	13816065	2.31e-172	608	417	56537224
brpb-658949	NC_063436.1	97.619	504	10	2	1	503	14900817	14901319	0.0	869	503	38724999
brpb-658949	NC_063436.1	90.495	505	32	9	8	503	36448444	36448941	0.0	660	503	38724999
brpb-658949	NC_063436.1	90.667	75	3	2	8	79	14900752	14900825	2.71e-18	97.1	503	38724999
brpb-658956	NC_063439.1	98.868	530	2	2	1	528	12814869	12815396	0.0	942	528	28937740
brpb-658956	NC_063446.1	92.120	533	16	7	1	528	50736260	50736771	0.0	728	528	74222928
brpb-658968	NC_063448.1	95.238	567	20	3	2	565	3965515	3964953	0.0	896	589	56537224
brpb-658968	NC_063439.1	94.571	571	17	5	2	565	3723415	3722852	0.0	876	589	28937740
brpb-658973	NC_063442.1	98.807	587	5	2	1	586	12950911	12951496	0.0	1053	589	45044935
brpb-658975	NC_063452.1	94.492	472	26	0	48	519	4978048	4977577	0.0	730	570	64956572
brpb-658975	NC_063442.1	95.000	460	19	4	12	468	4524229	4523771	0.0	721	570	45044935
brpb-658980	NC_063439.1	100.000	324	0	0	1	324	16486878	16486555	1.06e-169	599	324	28937740
brpb-658980	NC_063452.1	93.197	294	17	1	1	291	5313913	5313620	1.47e-118	429	324	64956572
brpb-658980	NC_063437.1	91.111	135	12	0	190	324	9872400	9872266	1.26e-44	183	324	22079791
brpb-658988	NC_063437.1	97.976	247	5	0	1	247	2518059	2518305	1.09e-118	429	247	22079791
brpb-658988	NC_063447.1	90.400	250	20	4	1	247	34677765	34678013	1.47e-87	326	247	62924550
brpb-659006	NC_063439.1	99.654	578	1	1	1	578	24215317	24214741	0.0	1055	616	28937740
brpb-659008	NC_063447.1	99.661	295	1	0	3	297	58389311	58389017	5.93e-152	540	297	62924550
brpb-659008	NW_026013984.1	99.661	295	1	0	3	297	7620	7326	5.93e-152	540	297	54850
brpb-659016	NC_063435.1	99.353	309	1	1	1	309	9620037	9620344	1.71e-157	558	309	29581582
brpb-659016	NC_063445.1	94.521	219	12	0	1	219	18973900	18974118	2.42e-91	339	309	58167434
brpb-659037	NC_063436.1	94.030	67	2	2	99	163	2559110	2559044	1.69e-20	102	165	38724999
brpb-659053	NC_063435.1	98.829	427	3	2	1	426	9620037	9620462	0.0	761	443	29581582
brpb-659053	NC_063445.1	94.977	219	11	0	1	219	18973900	18974118	7.67e-93	344	443	58167434
brpb-659062	NC_063445.1	99.595	247	1	0	1	247	3096669	3096423	2.33e-125	451	247	58167434
brpb-659084	NC_063447.1	91.275	596	32	9	3	583	17193830	17194420	0.0	797	583	62924550
brpb-659084	NC_063440.1	95.477	398	14	2	186	583	15476713	15476320	5.43e-180	634	583	28277616
brpb-659084	NC_063440.1	94.805	77	4	0	1	77	15476886	15476810	1.88e-25	121	583	28277616
brpb-659084	NC_063437.1	93.182	88	6	0	3	90	15562856	15562769	3.13e-28	130	583	22079791
brpb-659095	NC_063438.1	98.886	718	7	1	1	718	11343356	11342640	0.0	1290	718	29228566
brpb-659095	NC_063438.1	94.993	719	18	8	1	718	12782951	12783652	0.0	1122	718	29228566
brpb-659095	NC_063448.1	92.938	708	28	8	1	707	29385704	29385018	0.0	1020	718	56537224
brpb-659102	NC_063442.1	94.937	237	2	1	1	237	41448132	41447906	8.28e-100	366	237	45044935
brpb-659113	NC_063443.1	98.568	419	6	0	89	507	11699930	11699512	0.0	741	507	19559996
brpb-659113	NC_063452.1	97.136	419	11	1	89	507	49672739	49672322	0.0	706	507	64956572
brpb-659114	NC_063438.1	97.727	132	3	0	1	132	14046780	14046649	4.42e-60	233	132	29228566
brpb-659114	NC_063438.1	94.697	132	5	1	1	132	18548722	18548851	7.46e-53	209	132	29228566
brpb-659114	NC_063448.1	93.130	131	7	1	1	131	37168223	37168351	5.80e-49	196	132	56537224
brpb-659119	NC_063439.1	92.857	112	4	3	383	491	21136507	21136617	3.38e-37	159	499	28937740
brpb-659121	NC_063444.1	98.734	158	2	0	96	253	18048720	18048563	2.57e-75	285	253	51431623
brpb-659121	NC_063444.1	91.919	99	6	2	128	224	14779195	14779097	5.88e-32	141	253	51431623
brpb-659121	NC_063450.1	95.570	158	4	2	96	253	33172322	33172476	2.60e-65	252	253	54958258
brpb-659122	NW_026016758.1	97.587	373	9	0	1	373	18970	19342	0.0	641	472	127036
brpb-659122	NC_063452.1	97.587	373	9	0	1	373	64676586	64676958	0.0	641	472	64956572
brpb-659122	NC_063445.1	93.056	360	25	0	11	370	592951	593310	2.11e-148	529	472	58167434
brpb-659148	NC_063440.1	99.744	391	1	0	1	391	23883009	23882619	0.0	717	391	28277616
brpb-659148	NC_063440.1	90.476	63	6	0	327	389	21512556	21512618	1.61e-14	84.2	391	28277616
brpb-659148	NC_063449.1	98.465	391	6	0	1	391	39853574	39853964	0.0	689	391	48209797
brpb-659148	NC_063449.1	90.476	63	6	0	327	389	36801661	36801599	1.61e-14	84.2	391	48209797
brpb-659179	NC_063446.1	92.623	366	22	5	1	363	40018527	40018164	2.66e-146	521	363	74222928
brpb-659179	NC_063439.1	92.908	141	8	2	225	363	18701760	18701900	1.10e-50	204	363	28937740
brpb-659184	NC_063442.1	98.756	402	3	2	1	401	12209847	12209447	0.0	713	401	45044935
brpb-659184	NC_063448.1	91.530	366	16	6	5	355	26985692	26985327	8.37e-137	490	401	56537224
brpb-659184	NC_063452.1	92.623	244	12	3	2	239	18963503	18963260	1.92e-93	346	401	64956572
brpb-659184	NC_063452.1	96.296	108	0	1	294	401	18963261	18963158	9.57e-42	174	401	64956572
brpb-659195	NC_063434.1	99.705	339	1	0	1	339	12126792	12126454	2.37e-176	621	339	30963416
brpb-659195	NC_063439.1	98.225	338	5	1	1	338	15567095	15567431	6.69e-167	590	339	28937740
brpb-659204	NC_063443.1	99.500	200	1	0	1	200	972357	972158	8.00e-99	364	592	19559996
brpb-659204	NC_063443.1	99.500	200	1	0	1	200	997671	997472	8.00e-99	364	592	19559996
brpb-659204	NC_063443.1	93.805	226	11	1	338	563	971857	971635	1.74e-90	337	592	19559996
brpb-659204	NC_063443.1	93.805	226	11	1	338	563	997171	996949	1.74e-90	337	592	19559996
brpb-659204	NC_063443.1	96.522	115	0	2	196	307	971966	971853	1.86e-45	187	592	19559996
brpb-659204	NC_063443.1	96.522	115	0	2	196	307	997280	997167	1.86e-45	187	592	19559996
brpb-659204	NC_063448.1	91.753	194	10	5	402	592	1002023	1001833	2.32e-69	267	592	56537224
brpb-659204	NC_063448.1	90.155	193	12	6	402	592	1010506	1010319	3.02e-63	246	592	56537224
brpb-659204	NC_063448.1	90.909	187	8	1	1	187	1002547	1002370	3.91e-62	243	592	56537224
brpb-659220	NC_063439.1	94.073	658	19	7	1	640	20953643	20954298	0.0	987	640	28937740
brpb-659220	NC_063446.1	93.730	622	27	4	26	638	36354355	36353737	0.0	928	640	74222928
brpb-659222	NC_063446.1	99.820	555	1	0	1	555	355611	355057	0.0	1020	555	74222928
brpb-659222	NC_063436.1	95.676	555	24	0	1	555	280320	279766	0.0	893	555	38724999
brpb-659224	NC_063438.1	100.000	382	0	0	1	382	17199492	17199873	0.0	706	382	29228566
brpb-659224	NC_063446.1	96.073	382	15	0	1	382	58527625	58527244	7.50e-177	623	382	74222928
brpb-659224	NW_026015260.1	93.176	381	19	7	6	382	11666	12043	9.99e-156	553	382	45442
brpb-659233	NW_026014705.1	98.673	452	6	0	1	452	14299	14750	0.0	809	452	41991
brpb-659233	NW_026014674.1	98.673	452	6	0	1	452	27844	28295	0.0	809	452	67979
brpb-659233	NC_063436.1	98.673	452	6	0	1	452	1727366	1727817	0.0	809	452	38724999
brpb-659233	NC_063446.1	98.451	452	6	1	1	452	2146622	2147072	0.0	802	452	74222928
brpb-659257	NC_063436.1	99.095	663	4	2	1	662	16741337	16740676	0.0	1197	662	38724999
brpb-659257	NC_063446.1	93.386	635	29	11	1	630	25684505	25683879	0.0	935	662	74222928
brpb-659257	NW_026015739.1	93.103	87	6	0	36	122	25495	25409	1.28e-27	128	662	60379
brpb-659257	NC_063445.1	93.103	87	6	0	36	122	16381	16467	1.28e-27	128	662	58167434
brpb-659274	NC_063451.1	98.985	591	3	3	1	591	45348247	45348834	0.0	1055	592	49204614
brpb-659274	NC_063442.1	95.395	152	5	2	440	591	41231792	41231941	1.41e-61	241	592	45044935
brpb-659274	NC_063439.1	90.511	137	11	2	453	589	6472843	6472709	3.11e-43	180	592	28937740
brpb-659276	NC_063436.1	90.160	437	20	11	1	434	25497099	25497515	6.84e-158	560	434	38724999
brpb-659276	NC_063434.1	90.132	152	14	1	3	154	7088097	7088247	2.22e-48	196	434	30963416
brpb-659298	NC_063438.1	100.000	532	0	0	1	532	26241770	26242301	0.0	983	532	29228566
brpb-659298	NC_063448.1	96.262	535	8	5	1	532	53036883	53037408	0.0	867	532	56537224
brpb-659298	NC_063436.1	92.793	111	5	2	1	110	16509520	16509628	1.30e-36	158	532	38724999
brpb-659298	NC_063446.1	90.000	110	8	2	1	110	25294658	25294764	4.72e-31	139	532	74222928
brpb-659298	NC_063434.1	98.630	73	1	0	1	73	28995997	28996069	2.84e-28	130	532	30963416
brpb-659298	NC_063444.1	97.260	73	2	0	1	73	49614164	49614236	1.32e-26	124	532	51431623
brpb-659327	NC_063450.1	98.624	654	7	2	1	652	52863092	52863745	0.0	1168	652	54958258
brpb-659327	NC_063436.1	93.958	662	23	11	1	646	30040256	30040916	0.0	996	652	38724999
brpb-659339	NC_063438.1	100.000	683	0	0	1	683	2741789	2741107	0.0	1262	683	29228566
brpb-659339	NC_063448.1	95.506	267	10	2	191	455	12987670	12987404	4.20e-117	425	683	56537224
brpb-659339	NC_063448.1	93.609	266	15	2	192	455	12894682	12894417	3.29e-108	396	683	56537224
brpb-659339	NC_063446.1	93.651	63	4	0	380	442	26062113	26062051	1.35e-17	95.3	683	74222928
brpb-659339	NC_063446.1	92.157	51	4	0	35	85	26062471	26062421	6.31e-11	73.1	683	74222928
brpb-659339	NC_063436.1	97.674	43	0	1	626	668	26296476	26296517	6.31e-11	73.1	683	38724999
brpb-659342	NC_063447.1	90.868	219	15	2	10	223	3767145	3766927	3.56e-76	289	433	62924550
brpb-659368	NC_063440.1	99.675	308	1	0	1	308	14710534	14710841	3.66e-159	564	308	28277616
brpb-659368	NC_063447.1	90.260	308	13	9	1	308	19152021	19151731	8.51e-106	387	308	62924550
brpb-659368	NC_063447.1	91.506	259	19	3	2	258	52080640	52080897	8.63e-96	353	308	62924550
brpb-659368	NC_063437.1	92.405	237	15	3	1	234	14901862	14902098	3.13e-90	335	308	22079791
brpb-659400	NC_063446.1	99.621	264	1	0	104	367	1983234	1982971	3.54e-135	484	367	74222928
brpb-659400	NC_063436.1	95.455	264	12	0	104	367	1562945	1562682	7.82e-117	424	367	38724999
brpb-659427	NC_063442.1	94.045	403	8	8	1	388	37886492	37886893	4.63e-169	597	388	45044935
brpb-659427	NC_063451.1	91.294	402	8	4	2	388	41437789	41438178	7.96e-147	523	388	49204614
brpb-659481	NC_063438.1	99.214	636	4	1	1	636	25640897	25641531	0.0	1149	636	29228566
brpb-659481	NC_063448.1	97.902	143	3	0	1	143	52230590	52230732	9.06e-64	248	636	56537224
brpb-659526	NC_063447.1	98.246	114	2	0	3	116	10814749	10814862	4.91e-50	200	142	62924550
brpb-659526	NC_063438.1	97.414	116	3	0	1	116	5662809	5662924	1.77e-49	198	142	29228566
brpb-659536	NC_063438.1	100.000	188	0	0	1	188	764547	764360	2.30e-94	348	188	29228566
brpb-659536	NC_063447.1	91.566	166	8	2	1	160	1082977	1082812	4.04e-57	224	188	62924550
brpb-659545	NC_063446.1	99.457	368	2	0	1	368	1506939	1507306	0.0	669	368	74222928
brpb-659557	NC_063447.1	97.492	319	7	1	1	319	29393650	29393333	2.28e-156	555	319	62924550
brpb-659557	NC_063447.1	97.917	48	0	1	1	48	511575	511621	4.66e-14	82.4	319	62924550
brpb-659578	NC_063441.1	93.258	356	20	3	1	353	18432138	18432492	3.08e-146	521	415	23154485
brpb-659578	NC_063441.1	96.721	61	1	1	355	415	18486873	18486814	1.71e-19	100	415	23154485
brpb-659578	NC_063441.1	98.000	50	1	0	366	415	18432559	18432608	1.33e-15	87.9	415	23154485
brpb-659596	NC_063439.1	99.636	275	1	0	1	275	6645548	6645822	1.23e-140	503	455	28937740
brpb-659596	NC_063439.1	92.708	96	6	1	361	455	6645578	6645483	6.64e-34	148	455	28937740
brpb-659596	NC_063448.1	90.909	286	14	5	1	275	8646963	8647247	1.01e-101	374	455	56537224
brpb-659596	NC_063448.1	91.667	96	7	1	361	455	8646993	8646898	3.09e-32	143	455	56537224
brpb-659638	NC_063436.1	100.000	166	0	0	79	244	16740663	16740828	5.26e-82	307	244	38724999
brpb-659638	NC_063436.1	100.000	83	0	0	1	83	16735160	16735242	7.25e-36	154	244	38724999
brpb-659659	NC_063447.1	96.992	133	3	1	1	133	61947957	61948088	1.10e-56	222	148	62924550
brpb-659659	NC_063447.1	98.113	53	1	0	1	53	4766984	4767036	9.02e-18	93.5	148	62924550
brpb-659659	NC_063436.1	93.103	58	3	1	1	58	11183508	11183564	5.43e-15	84.2	148	38724999
brpb-659670	NC_063440.1	100.000	102	0	0	8	109	22304421	22304320	7.61e-47	189	109	28277616
brpb-659670	NC_063449.1	97.059	102	3	0	8	109	38657680	38657579	7.66e-42	172	109	48209797
brpb-659670	NC_063445.1	94.253	87	5	0	8	94	10925887	10925973	3.61e-30	134	109	58167434
brpb-659670	NC_063435.1	93.023	86	6	0	8	93	7772227	7772142	6.05e-28	126	109	29581582
brpb-659694	NC_063447.1	99.502	201	1	0	1	201	62308139	62307939	6.90e-100	366	202	62924550
brpb-659694	NC_063447.1	91.534	189	16	0	11	199	5267985	5267797	3.35e-68	261	202	62924550
brpb-659694	NC_063437.1	94.527	201	11	0	1	201	21598500	21598300	3.28e-83	311	202	22079791
brpb-659694	NC_063438.1	91.710	193	14	2	11	201	3058271	3058079	7.20e-70	267	202	29228566
brpb-659694	NC_063446.1	91.327	196	13	1	9	200	15833698	15833503	2.59e-69	265	202	74222928
brpb-659705	NC_063437.1	99.389	491	2	1	1	491	12163664	12164153	0.0	891	491	22079791
brpb-659705	NC_063447.1	97.143	70	2	0	422	491	47593409	47593478	1.57e-25	121	491	62924550
brpb-659711	NC_063434.1	99.123	228	2	0	1	228	1432763	1432990	3.61e-113	411	228	30963416
brpb-659711	NC_063436.1	92.958	142	10	0	85	226	31215175	31215034	5.08e-52	207	228	38724999
brpb-659711	NW_026014911.1	93.478	138	7	2	91	226	26332	26195	6.58e-51	204	228	36219
brpb-659711	NW_026014910.1	93.431	137	7	2	91	226	32139	32004	2.37e-50	202	228	36718
brpb-659711	NC_063440.1	92.105	114	9	0	98	211	2236668	2236555	4.02e-38	161	228	28277616
brpb-659711	NC_063450.1	91.228	114	10	0	98	211	6844775	6844662	1.87e-36	156	228	54958258
brpb-659711	NC_063442.1	91.228	114	10	0	98	211	6507646	6507759	1.87e-36	156	228	45044935
brpb-659711	NC_063439.1	91.228	114	10	0	98	211	20674678	20674565	1.87e-36	156	228	28937740
brpb-659711	NC_063446.1	90.351	114	11	0	98	211	36877984	36878097	8.69e-35	150	228	74222928
brpb-659719	NC_063444.1	98.885	269	2	1	1	269	50349937	50350204	9.08e-135	483	269	51431623
brpb-659719	NC_063434.1	98.141	269	4	1	1	269	30081700	30081967	1.97e-131	472	269	30963416
brpb-659729	NC_063436.1	99.697	330	1	0	78	407	29487466	29487137	2.91e-171	604	407	38724999
brpb-659729	NC_063450.1	91.749	303	23	2	106	407	52455815	52455514	1.13e-115	420	407	54958258
brpb-659743	NC_063452.1	95.270	148	4	2	1	148	38233897	38234041	1.83e-59	231	149	64956572
brpb-659745	NC_063443.1	99.461	371	2	0	1	371	18671922	18672292	0.0	676	371	19559996
brpb-659745	NC_063443.1	96.635	208	7	0	107	314	18561793	18561586	4.90e-94	348	371	19559996
brpb-659745	NC_063443.1	96.154	208	7	1	107	314	18567994	18567788	8.20e-92	340	371	19559996
brpb-659745	NC_063443.1	93.913	115	2	2	1	110	18571123	18571009	4.09e-40	169	371	19559996
brpb-659745	NC_063443.1	95.161	62	3	0	310	371	18545872	18545811	5.45e-19	99.0	371	19559996
brpb-659745	NC_063452.1	96.635	208	7	0	107	314	63073027	63072820	4.90e-94	348	371	64956572
brpb-659745	NC_063452.1	95.673	208	9	0	107	314	63086217	63086010	1.06e-90	337	371	64956572
brpb-659745	NC_063452.1	95.270	148	7	0	167	314	63099134	63098987	1.11e-60	237	371	64956572
brpb-659745	NC_063452.1	93.043	115	3	3	1	110	63077427	63077313	1.91e-38	163	371	64956572
brpb-659745	NC_063452.1	93.043	115	3	3	1	110	63090716	63090602	1.91e-38	163	371	64956572
brpb-659745	NC_063452.1	90.435	115	3	4	1	110	63235950	63236061	6.90e-33	145	371	64956572
brpb-659745	NC_063452.1	90.351	114	4	5	1	110	63119567	63119457	2.48e-32	143	371	64956572
brpb-659745	NC_063452.1	96.774	62	2	0	310	371	63241380	63241441	1.17e-20	104	371	64956572
brpb-659745	NC_063452.1	93.548	62	4	0	310	371	63057915	63057854	2.54e-17	93.5	371	64956572
brpb-659745	NC_063442.1	90.435	115	3	4	1	110	8726554	8726443	6.90e-33	145	371	45044935
brpb-659798	NC_063447.1	96.689	151	5	0	12	162	32642107	32641957	1.58e-65	252	164	62924550
brpb-659813	NC_063445.1	99.013	304	3	0	1	304	8178259	8178562	1.01e-154	549	304	58167434
brpb-659823	NC_063442.1	97.476	317	6	1	66	382	37818469	37818155	2.17e-152	542	384	45044935
brpb-659823	NC_063451.1	97.444	313	7	1	66	377	41348797	41348485	3.64e-150	534	384	49204614
brpb-659852	NC_063436.1	100.000	225	0	0	1	225	2482997	2482773	7.65e-115	416	225	38724999
brpb-659852	NC_063446.1	96.396	222	8	0	4	225	3186681	3186460	7.81e-100	366	225	74222928
brpb-659852	NC_063452.1	90.222	225	22	0	1	225	58799003	58799227	3.74e-78	294	225	64956572
brpb-659852	NC_063443.1	90.222	225	22	0	1	225	15988953	15989177	3.74e-78	294	225	19559996
brpb-659874	NC_063437.1	98.921	278	3	0	1	278	5274139	5274416	2.60e-140	501	278	22079791
brpb-659874	NC_063451.1	96.667	60	2	0	120	179	16772540	16772481	1.11e-19	100	278	49204614
brpb-659894	NC_063450.1	95.473	243	10	1	1	242	24742037	24742279	9.66e-106	387	347	54958258
brpb-659894	NC_063440.1	95.082	244	10	1	1	242	12046466	12046709	1.25e-104	383	347	28277616
brpb-659900	NC_063438.1	92.500	80	4	2	1	78	2172415	2172336	1.55e-23	113	301	29228566
brpb-659920	NC_063439.1	99.587	242	1	0	1	242	5391189	5390948	6.06e-123	444	370	28937740
brpb-659923	NC_063447.1	99.666	299	1	0	1	299	36912496	36912794	3.57e-154	547	299	62924550
brpb-659925	NC_063443.1	99.729	369	1	0	1	369	19088835	19089203	0.0	676	369	19559996
brpb-659992	NC_063452.1	99.438	178	1	0	1	178	42182742	42182919	3.66e-87	324	179	64956572
brpb-659992	NC_063451.1	98.592	71	1	0	2	72	23540736	23540806	1.11e-27	126	179	49204614
brpb-659993	NC_063451.1	94.904	157	7	1	1	156	47950504	47950660	2.51e-63	244	157	49204614
brpb-659993	NC_063442.1	96.000	50	2	0	78	127	43043525	43043574	2.08e-14	82.4	157	45044935
brpb-660024	NC_063439.1	96.032	126	5	0	1	126	3200104	3200229	7.03e-53	209	126	28937740
brpb-660024	NC_063448.1	94.444	126	7	0	1	126	3211999	3212124	1.52e-49	198	126	56537224
brpb-660030	NC_063436.1	95.652	138	5	1	104	240	14718116	14718253	4.14e-58	228	240	38724999
brpb-660030	NC_063446.1	91.971	137	10	1	105	240	22668407	22668543	3.24e-49	198	240	74222928
brpb-660030	NC_063452.1	90.385	104	9	1	137	240	460853	460751	1.99e-31	139	240	64956572
brpb-660070	NC_063443.1	98.777	327	4	0	1	327	19089279	19088953	6.43e-167	590	327	19559996
brpb-660078	NC_063441.1	98.734	158	1	1	1	158	19563071	19563227	6.92e-74	279	158	23154485
brpb-660078	NC_063451.1	93.671	158	9	1	1	158	30640647	30640491	1.52e-60	235	158	49204614
brpb-660096	NC_063447.1	94.444	72	4	0	40	111	13217060	13216989	1.34e-24	115	111	62924550
brpb-660108	NW_026016280.1	96.154	104	4	0	1	104	45387	45490	2.59e-41	171	104	103734
brpb-660108	NC_063450.1	90.722	97	6	3	9	104	45101893	45101799	5.68e-28	126	104	54958258
brpb-660157	NC_063447.1	90.909	231	14	5	1	225	49771607	49771836	4.87e-82	307	228	62924550
brpb-660196	NC_063435.1	97.021	470	14	0	1	470	27954749	27955218	0.0	793	510	29581582
brpb-660211	NW_026016721.1	96.985	199	6	0	1	199	3108	3306	1.91e-90	335	199	43367
brpb-660211	NC_063444.1	96.985	199	6	0	1	199	26421809	26422007	1.91e-90	335	199	51431623
brpb-660211	NC_063434.1	96.970	198	5	1	2	199	15144819	15145015	2.47e-89	331	199	30963416
brpb-660213	NC_063443.1	100.000	76	0	0	6	81	15463684	15463759	4.61e-32	141	204	19559996
brpb-660213	NC_063452.1	98.649	74	1	0	8	81	57707137	57707210	2.77e-29	132	204	64956572
brpb-660213	NC_063445.1	93.421	76	5	0	6	81	2775952	2775877	1.00e-23	113	204	58167434
brpb-660213	NC_063446.1	92.105	76	6	0	6	81	3685998	3685923	4.67e-22	108	204	74222928
brpb-660213	NC_063435.1	92.105	76	6	0	6	81	1735657	1735582	4.67e-22	108	204	29581582
brpb-660221	NC_063441.1	95.775	355	11	1	76	426	19563535	19563181	3.10e-161	571	426	23154485
brpb-660221	NC_063451.1	92.958	71	5	0	76	146	30638512	30638582	1.36e-20	104	426	49204614
brpb-660237	NC_063438.1	95.676	185	2	4	1	185	6624558	6624736	2.51e-77	292	397	29228566
brpb-660237	NC_063438.1	95.238	126	5	1	271	396	6624784	6624908	1.56e-49	200	397	29228566
brpb-660237	NC_063447.1	91.000	200	11	3	183	382	12854192	12854000	1.96e-68	263	397	62924550
brpb-660237	NC_063447.1	90.164	183	17	1	1	183	12854411	12854230	1.19e-60	237	397	62924550
brpb-660251	NC_063443.1	94.390	410	10	4	1	410	15469975	15470371	2.25e-177	625	410	19559996
brpb-660251	NC_063452.1	94.017	117	6	1	1	117	57707786	57707901	2.73e-42	176	410	64956572
brpb-660316	NC_063437.1	96.690	725	4	3	10	715	361901	361178	0.0	1192	751	22079791
brpb-660316	NC_063447.1	92.667	300	8	3	10	307	29004847	29004560	2.16e-115	420	751	62924550
brpb-660337	NC_063437.1	99.248	399	3	0	1	399	20347687	20347289	0.0	721	399	22079791
brpb-660337	NC_063447.1	93.035	402	25	2	1	399	60691826	60691425	3.71e-165	584	399	62924550
brpb-660344	NC_063434.1	99.844	641	1	0	1	641	10980908	10981548	0.0	1179	641	30963416
brpb-660344	NC_063444.1	95.570	632	27	1	11	641	17744981	17745612	0.0	1011	641	51431623
brpb-660346	NC_063436.1	98.489	397	5	1	1	396	14718253	14717857	0.0	699	396	38724999
brpb-660346	NC_063446.1	96.970	396	12	0	1	396	22668543	22668148	0.0	665	396	74222928
brpb-660352	NC_063443.1	94.521	730	18	13	1	718	15818721	15818002	0.0	1107	719	19559996
brpb-660352	NC_063452.1	93.207	736	29	9	1	718	58544979	58544247	0.0	1062	719	64956572
brpb-660357	NC_063434.1	100.000	643	0	0	1	643	26054142	26054784	0.0	1188	643	30963416
brpb-660357	NC_063444.1	92.791	652	29	9	7	643	44241613	44242261	0.0	928	643	51431623
brpb-660360	NC_063447.1	100.000	326	0	0	1	326	28677933	28678258	8.23e-171	603	326	62924550
brpb-660360	NC_063447.1	98.476	328	3	1	1	326	28677609	28677936	4.99e-163	577	326	62924550
brpb-660360	NC_063447.1	97.802	273	4	1	56	326	28677340	28677612	8.71e-131	470	326	62924550
brpb-660360	NC_063447.1	100.000	57	0	0	1	57	28678255	28678311	2.83e-21	106	326	62924550
brpb-660368	NC_063446.1	100.000	323	0	0	1	323	20977573	20977251	3.79e-169	597	323	74222928
brpb-660368	NC_063436.1	99.052	211	2	0	1	211	13943491	13943281	1.49e-103	379	323	38724999
brpb-660373	NC_063442.1	97.753	712	12	4	1	709	35660219	35659509	0.0	1236	712	45044935
brpb-660373	NC_063451.1	92.552	725	31	9	1	710	38678951	38678235	0.0	1031	712	49204614
brpb-660405	NC_063439.1	95.320	406	7	4	1	395	3200536	3200132	0.0	636	395	28937740
brpb-660405	NC_063448.1	93.878	392	15	4	1	391	3212414	3212031	1.32e-164	582	395	56537224
brpb-660428	NC_063442.1	93.797	403	9	8	1	388	37886893	37886492	2.15e-167	592	388	45044935
brpb-660428	NC_063451.1	91.045	402	9	4	1	387	41438178	41437789	3.70e-145	518	388	49204614
brpb-660486	NC_063438.1	97.904	334	4	2	1	333	5885938	5885607	1.84e-162	575	333	29228566
brpb-660486	NC_063447.1	93.714	175	8	1	30	201	11254896	11254722	2.10e-67	259	333	62924550
brpb-660506	NC_063452.1	98.238	227	4	0	290	516	23305756	23305982	6.83e-109	398	516	64956572
brpb-660506	NC_063452.1	96.460	226	7	1	1	225	19365545	19365770	4.14e-101	372	516	64956572
brpb-660506	NC_063452.1	91.463	82	3	4	228	305	23304878	23304959	3.58e-22	110	516	64956572
brpb-660506	NC_063450.1	98.238	227	4	0	290	516	34678594	34678368	6.83e-109	398	516	54958258
brpb-660506	NC_063450.1	92.683	82	2	4	228	305	34679466	34679385	7.70e-24	115	516	54958258
brpb-660511	NC_063434.1	99.338	453	3	0	1	453	6891999	6891547	0.0	821	728	30963416
brpb-660511	NC_063434.1	98.529	272	4	0	449	720	6890227	6889956	7.29e-135	484	728	30963416
brpb-660511	NC_063444.1	91.759	449	34	3	5	452	10536791	10536345	5.33e-176	621	728	51431623
brpb-660511	NC_063444.1	90.146	274	15	7	450	720	10535105	10534841	2.78e-94	350	728	51431623
brpb-660578	NC_063439.1	99.793	484	1	0	1	484	3759968	3760451	0.0	889	484	28937740
brpb-660621	NC_063445.1	92.055	365	17	10	1	362	24366112	24366467	1.45e-140	503	532	58167434
brpb-660621	NC_063445.1	96.532	173	5	1	360	531	24366495	24366667	5.73e-75	285	532	58167434
brpb-660621	NW_026016583.1	93.818	275	8	3	96	362	7434	7707	4.21e-111	405	532	31968
brpb-660621	NW_026016583.1	97.093	172	5	0	360	531	7735	7906	1.23e-76	291	532	31968
brpb-660621	NC_063435.1	93.818	275	8	3	96	362	11943897	11944170	4.21e-111	405	532	29581582
brpb-660621	NC_063435.1	92.727	275	8	3	96	362	11972114	11972384	1.53e-105	387	532	29581582
brpb-660621	NC_063435.1	97.093	172	5	0	360	531	11944198	11944369	1.23e-76	291	532	29581582
brpb-660621	NC_063435.1	97.093	172	5	0	360	531	11972412	11972583	1.23e-76	291	532	29581582
brpb-660621	NW_026014562.1	92.593	270	8	5	96	356	24060	23794	9.18e-103	377	532	33419
brpb-660621	NW_026014562.1	91.525	177	10	3	360	531	23750	23574	4.52e-61	239	532	33419
brpb-660640	NW_026014080.1	99.322	590	3	1	1	590	42890	43478	0.0	1072	590	46902
brpb-660640	NC_063439.1	99.322	590	3	1	1	590	25482227	25482815	0.0	1072	590	28937740
brpb-660648	NW_026014705.1	96.848	349	9	2	1	347	14299	14647	1.15e-164	582	349	41991
brpb-660648	NW_026014674.1	96.848	349	9	2	1	347	27844	28192	1.15e-164	582	349	67979
brpb-660648	NC_063436.1	96.848	349	9	2	1	347	1727366	1727714	1.15e-164	582	349	38724999
brpb-660648	NC_063446.1	96.839	348	10	1	1	347	2146622	2146969	4.15e-164	580	349	74222928
brpb-660701	NC_063437.1	99.168	601	4	1	1	601	13318066	13318665	0.0	1086	601	22079791
brpb-660701	NC_063447.1	94.783	345	8	6	1	338	49371846	49372187	2.72e-148	529	601	62924550
brpb-660701	NC_063447.1	96.250	80	3	0	336	415	49373058	49373137	8.97e-29	132	601	62924550
brpb-660733	NC_063436.1	99.793	482	1	0	1	482	22512579	22512098	0.0	885	482	38724999
brpb-660733	NC_063450.1	98.133	482	9	0	1	482	45770841	45770360	0.0	841	482	54958258
brpb-660770	NC_063445.1	98.982	393	0	2	1	389	9561786	9562178	0.0	701	389	58167434
brpb-660803	NC_063445.1	98.451	581	6	3	1	581	27601237	27601814	0.0	1029	586	58167434
brpb-660803	NC_063445.1	100.000	143	0	0	1	143	27596169	27596311	8.26e-69	265	586	58167434
brpb-660803	NC_063440.1	91.566	83	7	0	143	225	27206708	27206790	8.80e-24	115	586	28277616
brpb-660854	NC_063439.1	91.693	638	30	12	1	618	22844336	22844970	0.0	869	619	28937740
brpb-660854	NC_063450.1	90.454	639	34	17	2	618	42604055	42603422	0.0	822	619	54958258
brpb-660854	NC_063450.1	90.302	629	34	14	12	618	42543246	42542623	0.0	804	619	54958258
brpb-660868	NC_063449.1	99.849	661	1	0	1	661	40784327	40783667	0.0	1218	670	48209797
brpb-660868	NC_063440.1	93.481	675	26	12	4	661	23194757	23194084	0.0	989	670	28277616
brpb-660910	NC_063443.1	100.000	445	0	0	1	445	19088835	19089279	0.0	822	445	19559996
brpb-660911	NC_063437.1	99.727	366	1	0	1	366	20492317	20492682	0.0	671	366	22079791
brpb-660911	NC_063447.1	93.460	367	15	4	1	366	60905719	60906077	9.60e-151	536	366	62924550
brpb-660912	NC_063449.1	96.614	443	15	0	1	443	7216689	7216247	0.0	761	443	48209797
brpb-660912	NC_063439.1	92.152	446	30	3	1	443	1833813	1834256	0.0	649	443	28937740
brpb-660916	NC_063447.1	90.411	219	16	2	211	424	3766927	3767145	1.70e-75	287	565	62924550
brpb-660919	NW_026015821.1	100.000	452	0	0	1	452	17039	17490	0.0	835	452	29664
brpb-660919	NC_063445.1	100.000	452	0	0	1	452	10896519	10896068	0.0	835	452	58167434
brpb-660919	NC_063438.1	94.505	91	5	0	2	92	22846330	22846240	1.10e-31	141	452	29228566
brpb-660919	NC_063448.1	93.407	91	6	0	2	92	47287324	47287234	5.13e-30	135	452	56537224
brpb-660919	NC_063448.1	93.407	91	6	0	2	92	47314766	47314676	5.13e-30	135	452	56537224
brpb-660920	NC_063437.1	100.000	366	0	0	1	366	10937546	10937911	0.0	676	434	22079791
brpb-660930	NC_063449.1	96.901	484	12	3	1	482	26062461	26061979	0.0	811	482	48209797
brpb-660930	NC_063440.1	96.473	482	15	2	1	482	17355232	17354753	0.0	798	482	28277616
brpb-660939	NC_063437.1	98.571	560	5	3	1	559	969006	969563	0.0	996	559	22079791
brpb-660955	NC_063450.1	93.958	480	14	3	76	555	50730126	50729662	0.0	715	555	54958258
brpb-660955	NC_063436.1	90.868	219	19	1	337	555	27381758	27381541	2.77e-78	296	555	38724999
brpb-660965	NC_063449.1	96.000	400	12	4	1	398	26061911	26062308	0.0	652	398	48209797
brpb-660965	NC_063440.1	95.214	397	16	3	2	398	17354686	17355079	4.69e-179	630	398	28277616
brpb-660982	NC_063440.1	90.193	673	41	14	4	661	7339577	7338915	0.0	867	661	28277616
brpb-660993	NC_063436.1	95.335	343	8	3	1	341	12067779	12067443	9.90e-152	540	479	38724999
brpb-660994	NC_063451.1	99.282	557	4	0	60	616	36640016	36640572	0.0	1014	616	49204614
brpb-660994	NC_063442.1	91.745	533	24	4	86	616	34187140	34187654	0.0	730	616	45044935
brpb-660994	NC_063447.1	93.846	65	4	0	63	127	52519329	52519265	9.34e-19	99.0	616	62924550
brpb-661010	NC_063434.1	99.840	624	1	0	1	624	24806152	24806775	0.0	1147	624	30963416
brpb-661010	NC_063444.1	96.480	625	20	2	1	624	41758284	41758907	0.0	1031	624	51431623
brpb-661010	NC_063446.1	91.354	347	24	4	258	604	29203663	29203323	1.74e-130	470	624	74222928
brpb-661010	NC_063446.1	95.062	81	4	0	84	164	29203741	29203661	1.21e-27	128	624	74222928
brpb-661010	NC_063436.1	94.352	301	17	0	258	558	18554304	18554004	2.91e-128	462	624	38724999
brpb-661030	NW_026014080.1	98.908	641	5	2	1	641	43525	42887	0.0	1151	780	46902
brpb-661030	NC_063439.1	98.908	641	5	2	1	641	25482862	25482224	0.0	1151	780	28937740
brpb-661051	NC_063445.1	93.855	179	11	0	176	354	954901	954723	1.04e-70	270	354	58167434
brpb-661051	NC_063435.1	93.855	179	11	0	176	354	55764	55586	1.04e-70	270	354	29581582
brpb-661051	NC_063446.1	91.549	71	5	1	1	70	1285240	1285170	1.86e-18	97.1	354	74222928
brpb-661051	NC_063446.1	94.118	51	2	1	1	51	40901766	40901815	2.43e-12	76.8	354	74222928
brpb-661051	NC_063448.1	94.118	51	2	1	1	51	9094547	9094596	2.43e-12	76.8	354	56537224
brpb-661055	NC_063445.1	92.216	167	7	2	244	410	13998176	13998336	5.73e-59	231	410	58167434
brpb-661055	NC_063435.1	93.671	79	5	0	104	182	7398938	7399016	4.66e-25	119	410	29581582
brpb-661055	NC_063435.1	91.250	80	6	1	1	80	7398939	7399017	1.01e-21	108	410	29581582
brpb-661063	NC_063438.1	92.075	530	26	6	1	516	4409031	4409558	0.0	734	524	29228566
brpb-661063	NC_063447.1	90.840	524	27	12	1	516	7965727	7966237	0.0	684	524	62924550
brpb-661067	NW_026016100.1	100.000	509	0	0	1	509	57971	57463	0.0	941	509	72166
brpb-661067	NW_026016101.1	98.043	511	1	9	1	509	687	184	0.0	880	509	22974
brpb-661133	NC_063437.1	99.018	611	2	1	1	607	18780825	18780215	0.0	1092	607	22079791
brpb-661133	NC_063447.1	99.824	568	1	0	40	607	58644704	58644137	0.0	1044	607	62924550
brpb-661133	NC_063447.1	97.872	47	1	0	1	47	58650177	58650131	9.26e-14	82.4	607	62924550
brpb-661134	NC_063437.1	100.000	366	0	0	1	366	10937546	10937911	0.0	676	366	22079791
brpb-661180	NC_063447.1	100.000	450	0	0	1	450	29393650	29393201	0.0	832	450	62924550
brpb-661180	NC_063447.1	91.443	409	35	0	39	447	513067	513475	1.98e-158	562	450	62924550
brpb-661180	NC_063447.1	97.917	48	0	1	1	48	511575	511621	6.75e-14	82.4	450	62924550
brpb-661180	NC_063441.1	92.394	447	34	0	1	447	19483811	19483365	0.0	638	450	23154485
brpb-661180	NC_063449.1	91.499	447	38	0	1	447	30591709	30591263	1.50e-174	616	450	48209797
brpb-661207	NC_063449.1	100.000	256	0	0	1	256	9975673	9975928	1.05e-131	473	494	48209797
brpb-661207	NC_063448.1	99.609	256	1	0	1	256	42815067	42814812	4.90e-130	468	494	56537224
brpb-661207	NC_016734.1	99.576	236	1	0	253	488	34294	34059	1.79e-119	433	494	152860
brpb-661207	NW_026016964.1	99.576	236	1	0	253	488	19479	19714	1.79e-119	433	494	48354
brpb-661207	NW_026016964.1	99.153	236	1	1	253	488	10716	10482	2.99e-117	425	494	48354
brpb-661207	NW_026016738.1	99.576	236	1	0	253	488	18039	18274	1.79e-119	433	494	42975
brpb-661207	NW_026016738.1	99.576	236	1	0	253	488	25475	25240	1.79e-119	433	494	42975
brpb-661207	NW_026016683.1	99.576	236	1	0	253	488	13734	13499	1.79e-119	433	494	60920
brpb-661207	NW_026016683.1	99.576	236	1	0	253	488	48522	48757	1.79e-119	433	494	60920
brpb-661207	NW_026016650.1	99.576	236	1	0	253	488	11109	10874	1.79e-119	433	494	42593
brpb-661207	NW_026016415.1	99.576	236	1	0	253	488	28190	28425	1.79e-119	433	494	38616
brpb-661207	NW_026016362.1	99.576	236	1	0	253	488	11202	10967	1.79e-119	433	494	41487
brpb-661207	NW_026016362.1	99.576	236	1	0	253	488	25526	25761	1.79e-119	433	494	41487
brpb-661207	NW_026016253.1	99.576	236	1	0	253	488	5869	6104	1.79e-119	433	494	29078
brpb-661207	NW_026016253.1	99.576	236	1	0	253	488	15368	15133	1.79e-119	433	494	29078
brpb-661207	NW_026015966.1	99.576	236	1	0	253	488	3489	3724	1.79e-119	433	494	30736
brpb-661207	NW_026015966.1	99.576	236	1	0	253	488	30105	29870	1.79e-119	433	494	30736
brpb-661207	NW_026015963.1	99.576	236	1	0	253	488	41351	41116	1.79e-119	433	494	43809
brpb-661207	NW_026015959.1	99.576	236	1	0	253	488	10032	10267	1.79e-119	433	494	35696
brpb-661207	NW_026015959.1	99.576	236	1	0	253	488	28670	28435	1.79e-119	433	494	35696
brpb-661207	NW_026015927.1	99.576	236	1	0	253	488	7770	7535	1.79e-119	433	494	45920
brpb-661207	NW_026015927.1	99.576	236	1	0	253	488	44443	44678	1.79e-119	433	494	45920
brpb-661207	NW_026015860.1	99.576	236	1	0	253	488	5437	5202	1.79e-119	433	494	44848
brpb-661207	NW_026015731.1	99.576	236	1	0	253	488	40411	40646	1.79e-119	433	494	72979
brpb-661207	NW_026015571.1	99.576	236	1	0	253	488	3894	4129	1.79e-119	433	494	22989
brpb-661207	NW_026015563.1	99.576	236	1	0	253	488	16392	16157	1.79e-119	433	494	41276
brpb-661207	NW_026015556.1	99.576	236	1	0	253	488	18032	18267	1.79e-119	433	494	36483
brpb-661207	NW_026015556.1	99.576	236	1	0	253	488	30845	30610	1.79e-119	433	494	36483
brpb-661207	NW_026015552.1	99.576	236	1	0	253	488	8101	7866	1.79e-119	433	494	41662
brpb-661242	NC_063447.1	99.700	666	2	0	1	666	8503523	8502858	0.0	1221	666	62924550
brpb-661245	NC_063448.1	96.120	567	15	3	1	564	3964953	3965515	0.0	918	565	56537224
brpb-661245	NC_063439.1	95.447	571	12	5	1	564	3722852	3723415	0.0	898	565	28937740
brpb-661250	NC_063436.1	99.770	435	1	0	1	435	31460969	31460535	0.0	798	435	38724999
brpb-661250	NC_063450.1	93.607	438	25	3	1	435	53918634	53918197	0.0	651	435	54958258
brpb-661250	NW_026015572.1	90.690	290	24	2	1	287	3293	3004	1.59e-104	383	435	28972
brpb-661250	NC_063441.1	90.690	290	24	2	1	287	16345876	16345587	1.59e-104	383	435	23154485
brpb-661264	NC_063444.1	96.782	404	8	3	58	460	8917596	8917197	0.0	669	460	51431623
brpb-661264	NC_063434.1	93.812	404	13	5	58	460	6041808	6041416	5.55e-169	597	460	30963416
brpb-661264	NC_016734.1	100.000	61	0	0	1	61	51868	51808	2.45e-23	113	460	152860
brpb-661264	NW_026016739.1	100.000	61	0	0	1	61	17177	17237	2.45e-23	113	460	37864
brpb-661264	NW_026016739.1	100.000	61	0	0	1	61	26445	26385	2.45e-23	113	460	37864
brpb-661264	NW_026016738.1	100.000	61	0	0	1	61	1492	1552	2.45e-23	113	460	42975
brpb-661264	NW_026016738.1	98.361	61	1	0	1	61	42017	41957	1.14e-21	108	460	42975
brpb-661264	NW_026016683.1	100.000	61	0	0	1	61	31974	32034	2.45e-23	113	460	60920
brpb-661264	NW_026016415.1	100.000	61	0	0	1	61	10925	10865	2.45e-23	113	460	38616
brpb-661264	NW_026016367.1	100.000	61	0	0	1	61	8393	8333	2.45e-23	113	460	21308
brpb-661264	NW_026016261.1	100.000	61	0	0	1	61	22700	22640	2.45e-23	113	460	25122
brpb-661264	NW_026016259.1	100.000	61	0	0	1	61	12853	12793	2.45e-23	113	460	38348
brpb-661264	NW_026016259.1	100.000	61	0	0	1	61	36587	36647	2.45e-23	113	460	38348
brpb-661264	NW_026016209.1	100.000	61	0	0	1	61	19394	19454	2.45e-23	113	460	45452
brpb-661264	NW_026016209.1	100.000	61	0	0	1	61	35420	35360	2.45e-23	113	460	45452
brpb-661264	NW_026016185.1	100.000	61	0	0	1	61	4175	4235	2.45e-23	113	460	35135
brpb-661264	NW_026016185.1	100.000	61	0	0	1	61	25848	25788	2.45e-23	113	460	35135
brpb-661264	NW_026016180.1	100.000	61	0	0	1	61	15898	15838	2.45e-23	113	460	36349
brpb-661264	NW_026016180.1	100.000	61	0	0	1	61	32758	32818	2.45e-23	113	460	36349
brpb-661264	NW_026016179.1	100.000	61	0	0	1	61	22549	22489	2.45e-23	113	460	30338
brpb-661264	NW_026015927.1	100.000	61	0	0	1	61	24318	24258	2.45e-23	113	460	45920
brpb-661264	NW_026015927.1	100.000	61	0	0	1	61	27907	27967	2.45e-23	113	460	45920
brpb-661264	NW_026015919.1	100.000	61	0	0	1	61	10070	10010	2.45e-23	113	460	44170
brpb-661264	NW_026015919.1	100.000	61	0	0	1	61	35024	35084	2.45e-23	113	460	44170
brpb-661264	NW_026015861.1	100.000	61	0	0	1	61	2237	2297	2.45e-23	113	460	19701
brpb-661264	NW_026015860.1	100.000	61	0	0	1	61	21981	21921	2.45e-23	113	460	44848
brpb-661264	NW_026015860.1	100.000	61	0	0	1	61	28339	28399	2.45e-23	113	460	44848
brpb-661264	NW_026015731.1	100.000	61	0	0	1	61	8122	8062	2.45e-23	113	460	72979
brpb-661264	NW_026015731.1	100.000	61	0	0	1	61	23864	23924	2.45e-23	113	460	72979
brpb-661264	NW_026015587.1	100.000	61	0	0	1	61	15439	15379	2.45e-23	113	460	28505
brpb-661301	NC_063439.1	94.361	532	23	2	2	526	9445893	9445362	0.0	809	712	28937740
brpb-661301	NC_063439.1	93.229	384	25	1	328	710	9445348	9444965	6.88e-160	568	712	28937740
brpb-661310	NC_063442.1	100.000	385	0	0	1	385	18085160	18084776	0.0	712	385	45044935
brpb-661310	NC_063452.1	94.286	385	22	0	1	385	28850444	28850060	7.68e-167	590	385	64956572
brpb-661328	NW_026016634.1	100.000	444	0	0	1	444	22721	23164	0.0	821	444	53646
brpb-661328	NC_063446.1	100.000	444	0	0	1	444	56053048	56053491	0.0	821	444	74222928
brpb-661328	NW_026014488.1	99.775	444	1	0	1	444	188069	187626	0.0	815	444	226896
brpb-661328	NC_063448.1	96.606	442	15	0	1	442	24091678	24092119	0.0	734	444	56537224
brpb-661328	NC_063437.1	93.694	444	18	2	1	444	16450209	16449776	0.0	656	444	22079791
brpb-661328	NC_063447.1	90.950	442	20	7	1	441	10904352	10904774	6.96e-163	577	444	62924550
brpb-661328	NW_026014489.1	97.758	223	3	2	1	223	222	2	1.63e-104	383	444	96215
brpb-661339	NC_063444.1	96.491	228	7	1	1	227	50350293	50350066	3.64e-103	377	227	51431623
brpb-661339	NC_063434.1	96.053	228	8	1	1	227	30082056	30081829	1.70e-101	372	227	30963416
brpb-661341	NC_063451.1	97.810	411	9	0	1	411	45112437	45112027	0.0	710	411	49204614
brpb-661341	NC_063442.1	96.594	411	14	0	1	411	41023957	41023547	0.0	682	411	45044935
brpb-661347	NC_063434.1	99.789	474	1	0	1	474	8914713	8915186	0.0	870	474	30963416
brpb-661347	NC_063444.1	98.113	477	6	1	1	474	14272512	14272988	0.0	828	474	51431623
brpb-661359	NC_063438.1	99.819	554	1	0	1	554	2166245	2166798	0.0	1018	554	29228566
brpb-661359	NC_063447.1	91.903	247	9	3	251	489	3755326	3755569	5.85e-90	335	554	62924550
brpb-661382	NC_063442.1	99.855	688	1	0	1	688	36936841	36936154	0.0	1267	688	45044935
brpb-661401	NC_063445.1	100.000	315	0	0	1	315	43760491	43760177	1.03e-164	582	315	58167434
brpb-661407	NC_063435.1	96.737	429	10	2	1	428	9620462	9620037	0.0	715	578	29581582
brpb-661407	NC_063445.1	90.991	222	17	1	207	428	18974118	18973900	2.23e-79	300	578	58167434
brpb-661407	NW_026013903.1	94.792	96	5	0	479	574	15162	15067	5.11e-36	156	578	25170
brpb-661407	NC_063434.1	94.792	96	5	0	479	574	10486511	10486606	5.11e-36	156	578	30963416
brpb-661414	NC_063447.1	100.000	702	0	0	1	702	49153022	49152321	0.0	1297	702	62924550
brpb-661414	NC_063437.1	97.293	702	19	0	1	702	13173164	13172463	0.0	1192	702	22079791
brpb-661414	NW_026015721.1	96.728	703	19	4	1	702	34756	34057	0.0	1168	702	43164
brpb-661438	NC_063451.1	97.080	411	12	0	76	486	45112437	45112027	0.0	693	486	49204614
brpb-661438	NC_063442.1	95.864	411	17	0	76	486	41023957	41023547	0.0	665	486	45044935
brpb-661461	NC_063451.1	96.837	411	13	0	75	485	45112437	45112027	0.0	688	485	49204614
brpb-661461	NC_063442.1	96.594	411	14	0	75	485	41023957	41023547	0.0	682	485	45044935
brpb-661469	NC_063435.1	99.781	457	1	0	1	457	7609601	7609145	0.0	839	457	29581582
brpb-661469	NC_063445.1	98.026	456	7	2	1	455	14404786	14404332	0.0	791	457	58167434
brpb-661486	NC_063434.1	98.641	515	2	2	1	513	11885884	11885373	0.0	907	618	30963416
brpb-661486	NC_063444.1	97.868	516	6	2	1	514	19172747	19172235	0.0	887	618	51431623
brpb-661486	NW_026014872.1	90.909	506	24	10	1	498	101254	100763	0.0	660	618	525799
brpb-661486	NW_026015905.1	93.573	389	15	5	54	441	53139	53518	4.59e-161	571	618	148507
brpb-661526	NC_063440.1	98.790	744	7	2	1	744	21034251	21033510	0.0	1332	744	28277616
brpb-661526	NC_063443.1	98.522	744	9	2	1	744	785754	786495	0.0	1321	744	19559996
brpb-661526	NC_063437.1	97.849	744	15	1	1	744	16662373	16663115	0.0	1293	744	22079791
brpb-661526	NC_063439.1	97.701	87	2	0	1	87	18965732	18965646	3.09e-34	150	744	28937740
brpb-661542	NC_063439.1	98.310	355	6	0	78	432	11613474	11613120	1.42e-179	632	432	28937740
brpb-661542	NC_063439.1	97.619	84	1	1	1	84	11613612	11613530	2.92e-32	143	432	28937740
brpb-661542	NC_063446.1	95.146	103	5	0	153	255	53393432	53393534	2.24e-38	163	432	74222928
brpb-661548	NC_063444.1	97.790	181	4	0	1	181	51116853	51116673	1.74e-85	318	182	51431623
brpb-661548	NC_063434.1	96.685	181	6	0	1	181	30716381	30716561	3.76e-82	307	182	30963416
brpb-661557	NC_063446.1	95.567	564	22	2	4	565	1027375	1026813	0.0	900	565	74222928
brpb-661557	NC_063436.1	94.681	564	14	12	4	565	843693	843144	0.0	861	565	38724999
brpb-661568	NC_063444.1	92.241	464	18	12	1	453	22369284	22368828	0.0	643	453	51431623
brpb-661568	NC_063434.1	93.373	332	10	3	125	453	13529028	13528706	1.60e-134	483	453	30963416
brpb-661568	NC_063434.1	98.810	84	1	0	1	84	13529109	13529026	1.84e-34	150	453	30963416
brpb-661587	NC_063442.1	98.175	274	5	0	3	276	30294781	30295054	1.21e-133	479	276	45044935
brpb-661587	NC_063448.1	94.526	274	15	0	3	276	17146655	17146382	5.75e-117	424	276	56537224
brpb-661606	NC_063443.1	99.232	651	5	0	62	712	1270745	1270095	0.0	1179	712	19559996
brpb-661628	NC_063437.1	94.221	571	25	6	1	570	1138512	1139075	0.0	867	606	22079791
brpb-661628	NC_063447.1	90.783	575	42	9	1	570	30992786	30993354	0.0	760	606	62924550
brpb-661655	NC_063436.1	99.792	480	1	0	1	480	22512098	22512577	0.0	883	559	38724999
brpb-661655	NC_063450.1	98.125	480	9	0	1	480	45770360	45770839	0.0	839	559	54958258
brpb-661681	NC_063445.1	91.826	575	17	12	1	547	53522351	53522923	0.0	774	549	58167434
brpb-661681	NC_063435.1	91.710	579	17	15	1	548	26949369	26949947	0.0	774	549	29581582
brpb-661681	NC_063452.1	90.476	84	7	1	375	457	2978949	2979032	3.82e-22	110	549	64956572
brpb-661689	NC_063445.1	97.590	83	2	0	1	83	26145224	26145142	2.86e-32	143	423	58167434
brpb-661741	NC_063451.1	90.291	412	38	2	89	499	1475060	1474650	2.84e-162	575	499	49204614
brpb-661746	NC_063439.1	100.000	462	0	0	1	462	3260517	3260978	0.0	854	462	28937740
brpb-661746	NC_063451.1	92.361	144	11	0	4	147	48253089	48252946	3.95e-51	206	462	49204614
brpb-661746	NC_063442.1	90.476	147	14	0	1	147	43331915	43331769	8.55e-48	195	462	45044935
brpb-661767	NC_063436.1	95.210	334	8	2	1	331	2559110	2558782	2.41e-146	521	331	38724999
brpb-661767	NC_063446.1	94.595	333	16	1	1	331	3287342	3287010	4.03e-144	514	331	74222928
brpb-661773	NC_063437.1	97.826	46	0	1	59	103	13489501	13489456	1.59e-13	78.7	103	22079791
brpb-661779	NC_063452.1	91.531	307	17	7	1	302	1158958	1159260	3.82e-114	414	302	64956572
brpb-661779	NC_063442.1	91.531	307	17	7	1	302	1258006	1258308	3.82e-114	414	302	45044935
brpb-661786	NC_063450.1	90.181	387	35	2	1	387	29632809	29632426	1.03e-140	503	387	54958258
brpb-661786	NC_063440.1	100.000	223	0	0	1	223	14270775	14270553	1.79e-113	412	387	28277616
brpb-661786	NC_063440.1	97.633	169	4	0	219	387	14258999	14258831	2.44e-77	292	387	28277616
brpb-661799	NC_063444.1	91.071	224	12	8	337	560	14498036	14497821	6.02e-80	302	562	51431623
brpb-661799	NC_063447.1	90.625	224	13	8	337	560	7295354	7295139	2.80e-78	296	562	62924550
brpb-661820	NC_063445.1	96.032	126	5	0	389	514	26145144	26145019	3.95e-52	209	589	58167434
brpb-661820	NC_063445.1	97.590	83	2	0	99	181	26145224	26145142	4.06e-32	143	589	58167434
brpb-661820	NC_063435.1	92.857	56	3	1	330	385	2026346	2026400	3.23e-13	80.5	589	29581582
brpb-661838	NC_063443.1	96.148	623	8	4	1	608	14283625	14284246	0.0	1003	608	19559996
brpb-661838	NC_063452.1	94.780	613	10	5	1	601	55232565	55233167	0.0	935	608	64956572
brpb-661887	NC_063448.1	97.170	424	11	1	38	460	43938779	43938356	0.0	715	460	56537224
brpb-661887	NC_063438.1	98.715	389	5	0	72	460	21338168	21337780	0.0	691	460	29228566
brpb-661887	NC_063438.1	100.000	76	0	0	1	76	21342931	21342856	1.12e-31	141	460	29228566
brpb-661887	NW_026016596.1	98.917	277	3	0	184	460	105586	105310	2.08e-138	496	460	445499
brpb-661887	NW_026016596.1	97.861	187	4	0	1	187	107368	107182	1.04e-86	324	460	445499
brpb-661964	NC_063452.1	93.258	445	22	5	3	446	8480793	8481230	0.0	649	446	64956572
brpb-661964	NC_063442.1	90.157	447	25	8	1	446	6433767	6434195	5.45e-159	564	446	45044935
brpb-661972	NC_063436.1	98.588	425	3	2	99	522	1573858	1574280	0.0	749	522	38724999
brpb-661972	NC_063446.1	94.379	427	22	2	98	522	1992952	1993378	0.0	654	522	74222928
brpb-662015	NC_063451.1	94.646	579	28	3	64	640	1475060	1474483	0.0	894	641	49204614
brpb-662015	NC_063441.1	93.737	495	17	4	64	557	22713719	22714200	0.0	730	641	23154485
brpb-662033	NC_063450.1	98.667	450	5	1	1	450	44683367	44683815	0.0	797	450	54958258
brpb-662033	NC_063436.1	98.444	450	5	2	1	450	21583346	21583793	0.0	791	450	38724999
brpb-662094	NW_026016836.1	99.216	510	2	2	1	510	39611	40118	0.0	920	510	49575
brpb-662094	NW_026016836.1	97.059	510	13	2	1	510	26001	26508	0.0	859	510	49575
brpb-662094	NW_026014659.1	99.216	510	2	2	1	510	106870	106363	0.0	920	510	494381
brpb-662094	NW_026014659.1	97.059	510	13	2	1	510	127264	126757	0.0	859	510	494381
brpb-662094	NW_026014659.1	97.059	510	13	2	1	510	161284	160777	0.0	859	510	494381
brpb-662094	NW_026014659.1	94.902	510	23	2	1	510	243722	243216	0.0	797	510	494381
brpb-662094	NW_026014659.1	94.152	513	24	4	1	510	238575	238066	0.0	778	510	494381
brpb-662094	NW_026015310.1	98.431	510	4	4	1	510	3633	4138	0.0	896	510	81205
brpb-662094	NW_026015462.1	98.235	510	7	2	1	510	20661	21168	0.0	893	510	131833
brpb-662094	NW_026015462.1	97.059	510	13	2	1	510	7049	7556	0.0	859	510	131833
brpb-662094	NW_026014773.1	98.235	510	7	2	1	510	32314	32821	0.0	893	510	121628
brpb-662094	NW_026014773.1	97.059	510	13	2	1	510	22870	23377	0.0	859	510	121628
brpb-662094	NW_026015309.1	98.235	510	5	4	1	510	48248	48753	0.0	891	510	60323
brpb-662094	NW_026015309.1	96.471	510	16	2	1	510	21414	21921	0.0	843	510	60323
brpb-662094	NW_026016851.1	97.255	510	12	2	1	510	40382	39875	0.0	865	510	183293
brpb-662094	NW_026016851.1	95.686	510	20	2	1	510	20605	20098	0.0	821	510	183293
brpb-662094	NW_026015790.1	97.255	510	12	2	1	510	7771	8278	0.0	865	510	124856
brpb-662094	NW_026015790.1	98.739	238	3	0	1	238	21397	21634	1.11e-116	424	510	124856
brpb-662094	NW_026015790.1	97.119	243	6	1	234	475	23207	23449	3.11e-112	409	510	124856
brpb-662094	NW_026015790.1	97.115	104	3	0	1	104	109092	109195	3.44e-42	176	510	124856
brpb-662094	NW_026014751.1	97.255	510	12	2	1	510	5369	4862	0.0	865	510	110139
brpb-662094	NW_026014697.1	97.255	510	12	2	1	510	19279	18772	0.0	865	510	189842
brpb-662094	NW_026014697.1	96.078	510	18	2	1	510	147837	147330	0.0	832	510	189842
brpb-662094	NW_026014697.1	96.078	510	18	2	1	510	162707	163214	0.0	832	510	189842
brpb-662094	NW_026014697.1	95.668	277	10	2	234	510	3849	3575	2.37e-123	446	510	189842
brpb-662094	NW_026014697.1	98.739	238	3	0	1	238	5657	5420	1.11e-116	424	510	189842
brpb-662094	NW_026014606.1	97.255	510	12	2	1	510	137010	137517	0.0	865	510	197631
brpb-662094	NW_026014606.1	97.059	510	13	2	1	510	167270	167777	0.0	859	510	197631
brpb-662094	NW_026014526.1	97.255	510	12	2	1	510	52911	53418	0.0	865	510	113412
brpb-662094	NW_026014526.1	96.275	510	17	2	1	510	68957	69464	0.0	837	510	113412
brpb-662094	NW_026016295.1	97.059	510	13	2	1	510	282790	282283	0.0	859	510	355574
brpb-662094	NW_026014976.1	97.059	510	13	2	1	510	3836	3329	0.0	859	510	118829
brpb-662094	NW_026014696.1	97.059	510	13	2	1	510	52696	52189	0.0	859	510	60371
brpb-662094	NW_026014696.1	95.668	277	10	2	234	510	37261	36987	2.37e-123	446	510	60371
brpb-662094	NW_026014696.1	98.319	238	4	0	1	238	39071	38834	5.17e-115	418	510	60371
brpb-662094	NW_026014772.1	97.059	510	12	3	1	510	424924	425430	0.0	857	510	427569
brpb-662094	NW_026014772.1	96.275	510	17	2	1	510	158428	158935	0.0	837	510	427569
brpb-662094	NW_026014632.1	96.869	511	12	4	1	510	4062	3555	0.0	854	510	138051
brpb-662094	NW_026014623.1	96.863	510	14	2	1	510	684759	685266	0.0	854	510	1445458
brpb-662094	NW_026014623.1	96.471	510	16	2	1	510	698299	698806	0.0	843	510	1445458
brpb-662094	NW_026014623.1	95.490	510	21	2	1	510	993191	992684	0.0	815	510	1445458
brpb-662094	NW_026014623.1	95.294	510	22	2	1	510	979046	978539	0.0	809	510	1445458
brpb-662094	NW_026014530.1	96.863	510	14	2	1	510	17439	16932	0.0	854	510	95555
brpb-662094	NW_026014530.1	96.078	510	17	3	1	510	5191	4685	0.0	830	510	95555
brpb-662094	NW_026016460.1	96.667	510	15	2	1	510	58852	59359	0.0	848	510	141469
brpb-662094	NW_026016460.1	96.471	510	15	3	1	510	46387	46893	0.0	841	510	141469
brpb-662103	NC_063439.1	99.057	212	2	0	1	212	3260978	3260767	2.01e-105	385	212	28937740
brpb-662103	NC_063448.1	94.872	156	5	1	1	156	3314733	3314581	4.61e-62	241	212	56537224
brpb-662118	NC_063446.1	92.786	499	10	7	1	478	42436418	42435925	0.0	701	591	74222928
brpb-662118	NC_063439.1	96.209	422	7	1	66	478	17278298	17278719	0.0	684	591	28937740
brpb-662118	NC_063442.1	93.496	123	5	3	357	478	8686850	8686970	8.63e-44	182	591	45044935
brpb-662118	NC_063443.1	92.742	124	8	1	355	478	9379735	9379613	3.10e-43	180	591	19559996
brpb-662118	NC_063444.1	90.517	116	11	0	361	476	22623472	22623357	5.23e-36	156	591	51431623
brpb-662121	NC_063445.1	97.619	126	3	0	291	416	26145144	26145019	1.64e-54	217	418	58167434
brpb-662121	NC_063445.1	97.590	83	2	0	1	83	26145224	26145142	2.82e-32	143	418	58167434
brpb-662121	NC_063435.1	92.857	56	3	1	232	287	2026346	2026400	2.24e-13	80.5	418	29581582
brpb-662129	NC_063439.1	94.961	516	20	2	1	512	7397024	7396511	0.0	804	616	28937740
brpb-662129	NC_063439.1	97.297	74	1	1	543	616	7389455	7389383	4.28e-27	126	616	28937740
brpb-662153	NC_063439.1	95.853	434	6	4	1	423	3200104	3200536	0.0	691	423	28937740
brpb-662153	NC_063448.1	94.104	424	16	4	1	423	3211999	3212414	1.08e-180	636	423	56537224
brpb-662201	NW_026016758.1	97.855	373	8	0	1	373	19342	18970	0.0	645	373	127036
brpb-662201	NC_063452.1	97.855	373	8	0	1	373	64676958	64676586	0.0	645	373	64956572
brpb-662201	NC_063445.1	93.333	360	24	0	4	363	593310	592951	1.27e-149	532	373	58167434
brpb-662215	NC_063447.1	97.039	304	9	0	3	306	57563288	57563591	1.34e-143	512	306	62924550
brpb-662215	NC_063437.1	96.078	306	12	0	1	306	18132456	18132761	1.04e-139	499	306	22079791
brpb-662228	NC_063438.1	98.802	334	4	0	1	334	19925719	19925386	1.41e-168	595	334	29228566
brpb-662228	NC_063448.1	90.604	298	22	4	7	300	39960432	39960137	7.16e-107	390	334	56537224
brpb-662239	NC_063435.1	99.063	427	2	2	58	483	9620037	9620462	0.0	765	483	29581582
brpb-662239	NC_063445.1	94.521	219	12	0	58	276	18973900	18974118	3.91e-91	339	483	58167434
brpb-662278	NC_063439.1	94.457	433	13	2	1	422	3200536	3200104	0.0	669	528	28937740
brpb-662278	NC_063448.1	93.602	422	21	2	1	422	3212414	3211999	0.0	638	528	56537224
brpb-662312	NC_063435.1	98.829	427	1	2	1	424	9620037	9620462	0.0	758	424	29581582
brpb-662312	NC_063445.1	94.521	219	12	0	1	219	18973900	18974118	3.40e-91	339	424	58167434
brpb-662321	NC_063451.1	97.080	411	12	0	1	411	45112437	45112027	0.0	693	411	49204614
brpb-662321	NC_063442.1	96.837	411	13	0	1	411	41023957	41023547	0.0	688	411	45044935
brpb-662342	NC_063434.1	97.739	752	14	3	1	751	24678817	24678068	0.0	1297	751	30963416
brpb-662342	NC_063444.1	96.543	752	23	3	1	751	41579991	41579242	0.0	1247	751	51431623
brpb-662347	NC_063436.1	98.298	705	9	2	1	705	15113060	15112359	0.0	1236	705	38724999
brpb-662347	NC_063436.1	91.667	216	13	5	13	226	32192312	32192524	1.28e-77	294	705	38724999
brpb-662347	NC_063439.1	91.204	216	14	5	13	226	3611629	3611417	5.94e-76	289	705	28937740
brpb-662347	NC_063439.1	91.204	216	14	5	13	226	7939543	7939755	5.94e-76	289	705	28937740
brpb-662354	NC_063445.1	90.647	139	11	2	317	454	9710191	9710054	5.07e-45	185	456	58167434
brpb-662421	NC_063438.1	96.008	476	19	0	2	477	24751190	24750715	0.0	774	477	29228566
brpb-662421	NC_063448.1	94.737	380	20	0	98	477	50677208	50676829	2.68e-167	592	477	56537224
brpb-662421	NC_063448.1	90.909	55	5	0	1	55	50677278	50677224	1.20e-11	75.0	477	56537224
brpb-662421	NC_063444.1	91.860	86	7	0	392	477	46891429	46891344	1.52e-25	121	477	51431623
brpb-662443	NC_063443.1	98.177	768	13	1	1	768	11548142	11547376	0.0	1360	768	19559996
brpb-662443	NC_063452.1	95.974	770	29	1	1	768	49233686	49232917	0.0	1269	768	64956572
brpb-662446	NC_063446.1	95.175	228	8	3	79	305	5133849	5134074	9.19e-97	357	415	74222928
brpb-662446	NC_063446.1	90.110	91	5	4	1	89	5133703	5133791	6.10e-24	115	415	74222928
brpb-662446	NC_063436.1	91.597	238	9	4	79	305	4011335	4011572	4.33e-85	318	415	38724999
brpb-662446	NC_063436.1	95.652	46	2	0	1	46	4011223	4011268	1.04e-11	75.0	415	38724999
brpb-662446	NC_063440.1	99.138	116	1	0	300	415	20258782	20258897	2.72e-52	209	415	28277616
brpb-662446	NC_063449.1	96.552	116	1	2	302	414	33598374	33598489	3.55e-46	189	415	48209797
brpb-662459	NC_063441.1	99.143	467	3	1	1	466	9719965	9720431	0.0	839	466	23154485
brpb-662459	NC_063441.1	98.810	84	1	0	383	466	9716100	9716183	1.89e-34	150	466	23154485
brpb-662459	NC_063451.1	96.257	374	13	1	1	373	20916589	20916216	2.01e-173	612	466	49204614
brpb-662459	NC_063451.1	97.674	86	2	0	381	466	18029613	18029698	6.81e-34	148	466	49204614
brpb-662459	NC_063449.1	95.722	374	15	1	1	373	35963569	35963942	4.35e-170	601	466	48209797
brpb-662459	NC_063452.1	96.875	128	4	0	1	128	2434545	2434672	6.62e-54	215	466	64956572
brpb-662475	NC_063436.1	94.144	444	21	5	89	528	21689012	21689454	0.0	706	528	38724999
brpb-662488	NC_063450.1	98.444	450	6	1	1	450	44683815	44683367	0.0	791	450	54958258
brpb-662488	NC_063436.1	98.222	450	6	2	1	450	21583793	21583346	0.0	785	450	38724999
brpb-662565	NC_063446.1	96.830	347	5	4	1	347	33161272	33160932	1.93e-162	575	348	74222928
brpb-662565	NC_063436.1	96.726	336	8	2	8	343	20219454	20219122	6.98e-157	556	348	38724999
brpb-662565	NC_063451.1	93.696	349	14	6	1	347	37165606	37165948	1.18e-144	516	348	49204614
brpb-662565	NC_063442.1	93.529	340	16	5	8	347	34570110	34570443	3.32e-140	501	348	45044935
brpb-662586	NC_063450.1	98.667	450	5	1	1	450	44683815	44683367	0.0	797	450	54958258
brpb-662586	NC_063436.1	98.444	450	5	2	1	450	21583793	21583346	0.0	791	450	38724999
brpb-662605	NC_063439.1	99.608	510	2	0	1	510	4391705	4391196	0.0	931	547	28937740
brpb-662605	NC_063439.1	97.600	125	3	0	386	510	22392861	22392737	7.85e-54	215	547	28937740
brpb-662605	NW_026014140.1	98.563	348	5	0	163	510	31286	31633	1.84e-174	616	547	38884
brpb-662605	NC_063444.1	98.563	348	5	0	163	510	45451304	45451651	1.84e-174	616	547	51431623
brpb-662605	NC_063444.1	98.148	162	2	1	163	323	48258333	48258494	7.63e-74	281	547	51431623
brpb-662605	NC_063438.1	97.414	348	9	0	163	510	15184594	15184247	8.63e-168	593	547	29228566
brpb-662624	NC_063449.1	91.483	317	14	6	1	307	35487055	35487368	1.12e-116	424	513	48209797
brpb-662662	NC_063447.1	93.317	404	24	2	52	453	56688728	56688326	7.06e-168	593	453	62924550
brpb-662662	NC_063447.1	91.613	155	13	0	53	207	11540417	11540571	6.43e-54	215	453	62924550
brpb-662662	NC_063437.1	91.686	433	12	6	29	453	17554511	17554095	1.98e-163	579	453	22079791
brpb-662662	NC_063446.1	90.055	181	16	2	53	233	10574898	10574720	1.77e-59	233	453	74222928
brpb-662684	NC_063437.1	100.000	434	0	0	1	434	16450209	16449776	0.0	802	434	22079791
brpb-662684	NC_063448.1	94.796	442	13	2	1	432	24091678	24092119	0.0	680	434	56537224
brpb-662684	NW_026016634.1	93.694	444	18	2	1	434	22721	23164	0.0	656	434	53646
brpb-662684	NC_063446.1	93.694	444	18	2	1	434	56053048	56053491	0.0	656	434	74222928
brpb-662684	NW_026014488.1	93.468	444	19	2	1	434	188069	187626	0.0	651	434	226896
brpb-662684	NC_063447.1	90.950	442	10	8	1	431	10904352	10904774	4.09e-160	568	434	62924550
brpb-662684	NW_026014489.1	93.274	223	12	3	1	222	222	2	2.72e-87	326	434	96215
brpb-662717	NC_063438.1	100.000	490	0	0	1	490	2981638	2982127	0.0	905	505	29228566
brpb-662717	NC_063445.1	90.845	142	13	0	1	142	10513163	10513304	1.22e-46	191	505	58167434
brpb-662735	NC_063443.1	98.821	424	4	1	1	423	15320996	15321419	0.0	754	423	19559996
brpb-662735	NC_063452.1	96.009	426	14	3	1	423	57400579	57401004	0.0	689	423	64956572
brpb-662735	NC_063452.1	90.090	222	20	2	1	220	57388075	57388296	1.25e-75	287	423	64956572
brpb-662736	NC_063436.1	98.489	397	5	1	1	396	14717857	14718253	0.0	699	396	38724999
brpb-662736	NC_063446.1	96.465	396	14	0	1	396	22668148	22668543	0.0	654	396	74222928
brpb-662737	NC_063434.1	99.659	293	1	0	1	293	27722339	27722631	1.03e-150	536	390	30963416
brpb-662737	NC_063442.1	98.039	102	1	1	290	390	3395267	3395166	2.58e-42	176	390	45044935
brpb-662737	NC_063452.1	97.059	102	2	1	290	390	3533202	3533101	1.20e-40	171	390	64956572
brpb-662737	NC_063450.1	93.878	98	5	1	293	390	42980503	42980407	2.02e-33	147	390	54958258
brpb-662737	NC_063445.1	93.617	94	5	1	297	390	54567000	54567092	3.39e-31	139	390	58167434
brpb-662737	NW_026015779.1	92.553	94	6	1	297	390	43433	43341	1.58e-29	134	390	48634
brpb-662737	NW_026015745.1	92.553	94	6	1	297	390	339953	340045	1.58e-29	134	390	357578
brpb-662737	NW_026013933.1	92.553	94	6	1	297	390	2971	2879	1.58e-29	134	390	8264
brpb-662737	NW_026013932.1	92.553	94	6	1	297	390	21606	21698	1.58e-29	134	390	44363
brpb-662737	NC_063435.1	92.553	94	6	1	297	390	27462732	27462824	1.58e-29	134	390	29581582
brpb-662802	NC_063438.1	93.455	275	16	2	1	274	3553247	3553520	6.41e-112	407	303	29228566
brpb-662802	NC_063447.1	93.431	274	17	1	1	274	6078964	6079236	2.31e-111	405	303	62924550
brpb-662816	NC_063442.1	97.778	405	4	3	1	403	37886893	37886492	0.0	693	403	45044935
brpb-662816	NC_063451.1	91.155	407	14	8	1	402	41438178	41437789	1.38e-149	532	403	49204614
brpb-662868	NC_063438.1	99.345	458	3	0	1	458	764547	764090	0.0	830	458	29228566
brpb-662868	NC_063447.1	91.566	166	8	2	1	160	1082977	1082812	1.08e-56	224	458	62924550
brpb-662868	NC_063447.1	94.495	109	6	0	350	458	62534685	62534793	5.13e-40	169	458	62924550
brpb-662868	NC_063437.1	94.545	110	6	0	349	458	21833034	21833143	1.43e-40	171	458	22079791
brpb-662889	NC_063435.1	98.469	588	8	1	1	587	15736296	15735709	0.0	1035	589	29581582
brpb-662924	NC_063440.1	90.980	643	42	6	1	641	14711682	14712310	0.0	852	679	28277616
brpb-662924	NC_063447.1	91.419	606	34	9	41	641	19150948	19150356	0.0	815	679	62924550
brpb-662935	NC_063436.1	98.489	397	5	1	1	396	14717857	14718253	0.0	699	396	38724999
brpb-662935	NC_063446.1	96.970	396	12	0	1	396	22668148	22668543	0.0	665	396	74222928
brpb-662944	NC_063436.1	97.006	334	5	1	1	334	2558782	2559110	6.67e-157	556	334	38724999
brpb-662944	NC_063446.1	94.643	336	13	2	1	334	3287010	3287342	1.13e-144	516	334	74222928
brpb-662946	NC_063442.1	95.336	536	25	0	1	536	21866767	21866232	0.0	852	536	45044935
brpb-662946	NC_063442.1	92.264	530	41	0	7	536	21606289	21605760	0.0	752	536	45044935
brpb-662946	NC_063442.1	92.150	535	37	1	2	536	21788037	21787508	0.0	750	536	45044935
brpb-662946	NC_063442.1	91.321	530	46	0	7	536	21542060	21541531	0.0	725	536	45044935
brpb-662946	NC_063442.1	92.275	466	36	0	71	536	21555905	21556370	0.0	662	536	45044935
brpb-662946	NW_026015187.1	95.327	535	25	0	2	536	158747	158213	0.0	850	536	316450
brpb-662946	NW_026015187.1	91.573	534	40	1	3	536	295894	295366	0.0	732	536	316450
brpb-662946	NW_026014637.1	95.327	535	25	0	2	536	30460	29926	0.0	850	536	363456
brpb-662946	NW_026014637.1	95.140	535	26	0	2	536	46970	46436	0.0	845	536	363456
brpb-662946	NW_026014781.1	95.140	535	26	0	2	536	70724	71258	0.0	845	536	267854
brpb-662946	NW_026014781.1	94.206	535	31	0	2	536	30191	29657	0.0	817	536	267854
brpb-662946	NC_063440.1	95.140	535	25	1	2	536	6311714	6311181	0.0	843	536	28277616
brpb-662946	NW_026014648.1	94.953	535	27	0	2	536	248152	247618	0.0	839	536	342230
brpb-662946	NW_026014648.1	91.791	536	42	2	1	536	181173	181706	0.0	745	536	342230
brpb-662946	NW_026014545.1	94.019	535	32	0	2	536	18555	18021	0.0	811	536	46935
brpb-662946	NW_026016590.1	94.019	535	31	1	2	536	727166	727699	0.0	809	536	1840881
brpb-662946	NW_026016590.1	92.710	535	39	0	2	536	398263	398797	0.0	773	536	1840881
brpb-662946	NW_026016590.1	92.279	531	41	0	2	532	1745779	1746309	0.0	754	536	1840881
brpb-662946	NW_026016590.1	91.028	535	30	7	2	536	1056042	1056558	0.0	706	536	1840881
brpb-662946	NW_026016590.1	93.878	441	27	0	2	442	650664	651104	0.0	665	536	1840881
brpb-662946	NW_026016523.1	94.019	535	31	1	2	536	242485	241952	0.0	809	536	247183
brpb-662946	NW_026015310.1	94.019	535	31	1	2	536	65248	64715	0.0	809	536	81205
brpb-662946	NW_026014968.1	94.019	535	31	1	2	536	40254	40787	0.0	809	536	85873
brpb-662946	NW_026014824.1	94.019	535	31	1	2	536	153636	153103	0.0	809	536	211698
brpb-662946	NW_026014824.1	91.963	535	43	0	2	536	58960	59494	0.0	750	536	211698
brpb-662946	NW_026014659.1	94.019	535	31	1	2	536	76223	76756	0.0	809	536	494381
brpb-662946	NW_026014294.1	94.019	535	31	1	2	536	3695	4228	0.0	809	536	55798
brpb-662946	NW_026016985.1	93.832	535	33	0	2	536	50418	49884	0.0	806	536	138405
brpb-662946	NW_026016937.1	93.832	535	33	0	2	536	17945	18479	0.0	806	536	50488
brpb-662946	NW_026014667.1	93.832	535	33	0	2	536	18487	19021	0.0	806	536	199799
brpb-662946	NW_026014636.1	93.832	535	33	0	2	536	113846	113312	0.0	806	536	198355
brpb-662946	NW_026016567.1	93.832	535	32	1	2	536	41093	40560	0.0	804	536	98928
brpb-662946	NW_026015311.1	93.832	535	32	1	2	536	12027	11494	0.0	804	536	190507
brpb-662946	NW_026015311.1	93.458	535	34	1	2	536	115383	114850	0.0	793	536	190507
brpb-662948	NC_063434.1	99.715	701	1	1	1	700	7539042	7538342	0.0	1284	700	30963416
brpb-662948	NC_063442.1	93.030	703	45	4	1	700	21143594	21142893	0.0	1026	700	45044935
brpb-662956	NC_063446.1	91.453	351	13	5	83	432	1506939	1507273	5.45e-134	481	432	74222928
brpb-662992	NC_063439.1	98.664	599	7	1	1	599	23711026	23710429	0.0	1064	599	28937740
brpb-662992	NC_063450.1	95.183	602	23	4	1	599	41439839	41440437	0.0	950	599	54958258
brpb-663056	NC_063452.1	94.456	469	25	1	1	469	57707789	57707322	0.0	737	469	64956572
brpb-663056	NC_063443.1	97.022	403	11	1	67	469	15464271	15463870	0.0	693	469	19559996
brpb-663056	NC_063443.1	100.000	86	0	0	1	86	15469978	15469893	3.17e-37	159	469	19559996
brpb-663073	NC_063443.1	91.597	238	18	1	1	238	9959939	9960174	3.90e-93	344	238	19559996
brpb-663073	NC_063452.1	91.286	241	16	2	1	238	45050560	45050322	5.04e-92	340	238	64956572
brpb-663074	NC_063439.1	97.727	572	12	1	1	572	19800818	19801388	0.0	992	573	28937740
brpb-663074	NC_063446.1	95.304	575	19	5	1	572	38273639	38273070	0.0	915	573	74222928
brpb-663093	NC_063444.1	99.645	282	1	0	1	282	44457058	44456777	9.44e-145	516	282	51431623
brpb-663102	NC_063446.1	98.586	495	7	0	3	497	57857125	57857619	0.0	876	504	74222928
brpb-663102	NC_063444.1	98.189	497	9	0	3	499	48639726	48639230	0.0	869	504	51431623
brpb-663102	NC_063445.1	97.384	497	13	0	3	499	54273313	54272817	0.0	846	504	58167434
brpb-663102	NC_063445.1	95.976	497	20	0	3	499	24576644	24577140	0.0	808	504	58167434
brpb-663111	NW_026017014.1	98.990	198	2	0	1	198	38034	38231	4.06e-97	357	198	72451
brpb-663111	NW_026014678.1	98.990	198	2	0	1	198	91092	90895	4.06e-97	357	198	99548
brpb-663111	NW_026014667.1	98.990	198	2	0	1	198	97815	98012	4.06e-97	357	198	199799
brpb-663111	NW_026014667.1	90.355	197	19	0	2	198	27287	27483	3.27e-68	261	198	199799
brpb-663111	NW_026014636.1	98.990	198	2	0	1	198	25154	24957	4.06e-97	357	198	198355
brpb-663111	NW_026014636.1	90.863	197	18	0	2	198	103901	103705	7.04e-70	267	198	198355
brpb-663111	NW_026014635.1	98.990	198	2	0	1	198	97351	97154	4.06e-97	357	198	105081
brpb-663111	NW_026017024.1	98.485	198	3	0	1	198	45442	45639	1.89e-95	351	198	50976
brpb-663111	NW_026015452.1	97.475	198	5	0	1	198	159507	159310	4.09e-92	340	198	304174
brpb-663111	NW_026015452.1	92.929	198	13	1	2	198	95685	95882	1.50e-76	289	198	304174
brpb-663111	NC_063441.1	96.954	197	6	0	2	198	5640682	5640878	6.84e-90	333	198	23154485
brpb-663111	NC_063441.1	93.939	198	11	1	1	198	7854610	7854414	6.94e-80	300	198	23154485
brpb-663111	NC_063441.1	93.401	197	13	0	2	198	6795892	6796088	3.23e-78	294	198	23154485
brpb-663111	NC_063441.1	92.386	197	15	0	2	198	5826724	5826920	6.99e-75	283	198	23154485
brpb-663111	NC_063441.1	92.386	197	15	0	2	198	7934194	7934390	6.99e-75	283	198	23154485
brpb-663111	NW_026014623.1	96.465	198	7	0	1	198	592790	592987	8.85e-89	329	198	1445458
brpb-663111	NW_026014623.1	94.416	197	11	0	2	198	185459	185263	1.49e-81	305	198	1445458
brpb-663111	NW_026014623.1	92.386	197	15	0	2	198	973883	973687	6.99e-75	283	198	1445458
brpb-663111	NC_063440.1	96.465	198	7	0	1	198	6076902	6076705	8.85e-89	329	198	28277616
brpb-663111	NC_063440.1	96.465	198	7	0	1	198	6097977	6097780	8.85e-89	329	198	28277616
brpb-663111	NC_063440.1	94.416	197	11	0	2	198	4356665	4356469	1.49e-81	305	198	28277616
brpb-663111	NC_063440.1	94.416	197	11	0	2	198	5561217	5561413	1.49e-81	305	198	28277616
brpb-663111	NC_063440.1	93.909	197	12	0	2	198	4418860	4418664	6.94e-80	300	198	28277616
brpb-663111	NC_063440.1	93.909	197	12	0	2	198	6986491	6986295	6.94e-80	300	198	28277616
brpb-663111	NC_063440.1	93.401	197	13	0	2	198	5459359	5459163	3.23e-78	294	198	28277616
brpb-663111	NC_063440.1	93.401	197	13	0	2	198	6810022	6810218	3.23e-78	294	198	28277616
brpb-663111	NC_063440.1	93.401	197	13	0	2	198	6998239	6998043	3.23e-78	294	198	28277616
brpb-663111	NC_063440.1	93.401	197	13	0	2	198	12446673	12446869	3.23e-78	294	198	28277616
brpb-663111	NC_063440.1	92.893	197	14	0	2	198	6324157	6324353	1.50e-76	289	198	28277616
brpb-663111	NC_063440.1	92.784	194	14	0	5	198	1310943	1310750	6.99e-75	283	198	28277616
brpb-663111	NC_063440.1	90.404	198	19	0	1	198	5847413	5847216	9.10e-69	263	198	28277616
brpb-663111	NC_063440.1	93.976	83	5	0	116	198	5181050	5181132	3.46e-28	128	198	28277616
brpb-663111	NW_026016590.1	96.447	197	7	0	2	198	1007565	1007761	3.18e-88	327	198	1840881
brpb-663111	NW_026016590.1	94.416	197	9	2	2	198	1411132	1411326	5.36e-81	303	198	1840881
brpb-663111	NW_026016590.1	93.401	197	13	0	2	198	221535	221731	3.23e-78	294	198	1840881
brpb-663111	NW_026016590.1	93.401	197	13	0	2	198	1595125	1594929	3.23e-78	294	198	1840881
brpb-663111	NW_026016590.1	92.893	197	14	0	2	198	792197	792001	1.50e-76	289	198	1840881
brpb-663111	NW_026016590.1	91.878	197	16	0	2	198	1616409	1616605	3.25e-73	278	198	1840881
brpb-663111	NC_063436.1	95.960	198	8	0	1	198	33181480	33181677	4.12e-87	324	198	38724999
brpb-663111	NC_063436.1	95.960	198	8	0	1	198	33617715	33617518	4.12e-87	324	198	38724999
brpb-663111	NC_063436.1	95.939	197	8	0	2	198	33417997	33417801	1.48e-86	322	198	38724999
brpb-663111	NC_063436.1	94.898	196	10	0	3	198	34928776	34928971	1.15e-82	309	198	38724999
brpb-663111	NC_063436.1	94.416	197	11	0	2	198	33652044	33652240	1.49e-81	305	198	38724999
brpb-663111	NC_063436.1	94.416	197	11	0	2	198	34839384	34839580	1.49e-81	305	198	38724999
brpb-663111	NC_063436.1	93.909	197	12	0	2	198	33077099	33077295	6.94e-80	300	198	38724999
brpb-663111	NC_063436.1	93.909	197	12	0	2	198	33459361	33459557	6.94e-80	300	198	38724999
brpb-663111	NC_063436.1	93.909	197	12	0	2	198	35923323	35923519	6.94e-80	300	198	38724999
brpb-663111	NC_063436.1	93.909	197	12	0	2	198	37440981	37441177	6.94e-80	300	198	38724999
brpb-663111	NC_063436.1	93.909	197	11	1	2	198	38118766	38118961	2.50e-79	298	198	38724999
brpb-663111	NC_063436.1	93.401	197	13	0	2	198	32628727	32628923	3.23e-78	294	198	38724999
brpb-663111	NC_063436.1	93.401	197	13	0	2	198	33166001	33166197	3.23e-78	294	198	38724999
brpb-663111	NC_063436.1	93.401	197	13	0	2	198	35215228	35215032	3.23e-78	294	198	38724999
brpb-663111	NC_063436.1	93.401	197	13	0	2	198	36259147	36259343	3.23e-78	294	198	38724999
brpb-663111	NC_063436.1	93.401	197	13	0	2	198	36374966	36375162	3.23e-78	294	198	38724999
brpb-663111	NC_063436.1	93.401	197	13	0	2	198	36427134	36426938	3.23e-78	294	198	38724999
brpb-663111	NC_063436.1	93.401	197	13	0	2	198	36747119	36747315	3.23e-78	294	198	38724999
brpb-663111	NC_063436.1	93.401	197	13	0	2	198	38447567	38447371	3.23e-78	294	198	38724999
brpb-663111	NC_063436.1	93.367	196	13	0	2	197	33679321	33679126	1.16e-77	292	198	38724999
brpb-663111	NC_063436.1	92.893	197	14	0	2	198	35174103	35173907	1.50e-76	289	198	38724999
brpb-663111	NC_063436.1	92.424	198	15	0	1	198	35146101	35145904	1.94e-75	285	198	38724999
brpb-663111	NC_063436.1	93.789	161	9	1	39	198	34225273	34225433	1.19e-62	243	198	38724999
brpb-663111	NC_063434.1	95.897	195	8	0	4	198	15498780	15498586	1.92e-85	318	198	30963416
brpb-663111	NC_063434.1	94.924	197	10	0	2	198	17543704	17543508	3.21e-83	311	198	30963416
brpb-663111	NC_063434.1	93.909	197	12	0	2	198	12950501	12950697	6.94e-80	300	198	30963416
brpb-663111	NC_063434.1	93.401	197	13	0	2	198	14782071	14782267	3.23e-78	294	198	30963416
brpb-663111	NC_063434.1	93.401	197	13	0	2	198	15456312	15456116	3.23e-78	294	198	30963416
brpb-663111	NC_063434.1	93.401	197	13	0	2	198	15493413	15493217	3.23e-78	294	198	30963416
brpb-663111	NC_063434.1	93.401	197	13	0	2	198	15973630	15973434	3.23e-78	294	198	30963416
brpb-663111	NC_063434.1	93.401	197	13	0	2	198	16009899	16010095	3.23e-78	294	198	30963416
brpb-663111	NC_063434.1	93.401	197	13	0	2	198	16091620	16091424	3.23e-78	294	198	30963416
brpb-663111	NC_063434.1	93.401	197	13	0	2	198	16526863	16527059	3.23e-78	294	198	30963416
brpb-663111	NC_063434.1	93.401	197	13	0	2	198	16667379	16667575	3.23e-78	294	198	30963416
brpb-663111	NC_063434.1	93.401	197	13	0	2	198	17053117	17052921	3.23e-78	294	198	30963416
brpb-663111	NC_063434.1	92.893	197	14	0	2	198	18005261	18005065	1.50e-76	289	198	30963416
brpb-663111	NC_063434.1	91.878	197	16	0	2	198	11680652	11680848	3.25e-73	278	198	30963416
brpb-663111	NC_063434.1	91.371	197	17	0	2	198	16706414	16706610	1.51e-71	272	198	30963416
brpb-663111	NW_026016967.1	95.431	197	9	0	2	198	26072	25876	6.89e-85	316	198	28150
brpb-663111	NW_026015767.1	95.431	197	9	0	2	198	519233	519037	6.89e-85	316	198	756869
brpb-663111	NW_026015767.1	93.909	197	12	0	2	198	667672	667868	6.94e-80	300	198	756869
brpb-663111	NW_026015767.1	93.401	197	13	0	2	198	6304	6108	3.23e-78	294	198	756869
brpb-663111	NW_026015767.1	91.878	197	16	0	2	198	463500	463696	3.25e-73	278	198	756869
brpb-663111	NW_026015259.1	95.431	197	9	0	2	198	47954	47758	6.89e-85	316	198	323067
brpb-663111	NW_026015259.1	94.416	197	11	0	2	198	95611	95415	1.49e-81	305	198	323067
brpb-663111	NC_063449.1	95.431	197	9	0	2	198	1806201	1806005	6.89e-85	316	198	48209797
brpb-663111	NC_063449.1	95.361	194	8	1	2	195	1521141	1521333	1.15e-82	309	198	48209797
brpb-663111	NC_063449.1	94.416	197	11	0	2	198	23666103	23665907	1.49e-81	305	198	48209797
brpb-663111	NC_063449.1	94.330	194	11	0	2	195	12015778	12015971	6.94e-80	300	198	48209797
brpb-663111	NC_063449.1	93.814	194	12	0	2	195	14192032	14192225	3.23e-78	294	198	48209797
brpb-663111	NC_063448.1	95.876	194	8	0	2	195	16806991	16807184	6.89e-85	316	198	56537224
brpb-663111	NC_063448.1	95.876	194	8	0	2	195	41943232	41943425	6.89e-85	316	198	56537224
brpb-663111	NC_063448.1	95.361	194	9	0	2	195	42023578	42023771	3.21e-83	311	198	56537224
brpb-663111	NC_063448.1	94.416	197	11	0	2	198	30825004	30825200	1.49e-81	305	198	56537224
brpb-663111	NC_063448.1	94.416	197	11	0	2	198	31878249	31878053	1.49e-81	305	198	56537224
brpb-663111	NC_063448.1	90.863	197	18	0	2	198	30524131	30524327	7.04e-70	267	198	56537224
brpb-663111	NC_063448.1	90.863	197	18	0	2	198	31473417	31473221	7.04e-70	267	198	56537224
brpb-663111	NC_063448.1	95.506	89	4	0	110	198	32990271	32990183	3.44e-33	145	198	56537224
brpb-663111	NC_063448.1	97.143	70	2	0	2	71	32990337	32990268	2.09e-25	119	198	56537224
brpb-663111	NC_063447.1	95.431	197	9	0	2	198	29885304	29885108	6.89e-85	316	198	62924550
brpb-663111	NC_063444.1	95.431	197	9	0	2	198	20162677	20162481	6.89e-85	316	198	51431623
brpb-663111	NC_063444.1	95.431	197	9	0	2	198	28612963	28612767	6.89e-85	316	198	51431623
brpb-663111	NC_063444.1	95.876	194	8	0	2	195	29431351	29431544	6.89e-85	316	198	51431623
brpb-663111	NC_063444.1	94.845	194	10	0	2	195	28900759	28900952	1.49e-81	305	198	51431623
brpb-663111	NC_063444.1	94.416	197	11	0	2	198	48650998	48650802	1.49e-81	305	198	51431623
brpb-663121	NC_063446.1	96.581	234	8	0	1	234	13616504	13616737	1.35e-107	392	234	74222928
brpb-663121	NC_063436.1	95.726	234	9	1	1	234	9948302	9948534	1.05e-103	379	234	38724999
brpb-663196	NC_063442.1	99.096	553	4	1	1	553	38212123	38211572	0.0	1000	553	45044935
brpb-663196	NC_063451.1	93.286	283	8	2	3	284	41818874	41818602	1.22e-111	407	553	49204614
brpb-663220	NC_063434.1	99.740	385	1	0	85	469	2661086	2660702	0.0	706	469	30963416
brpb-663220	NC_063434.1	98.780	82	1	0	85	166	2665676	2665595	2.47e-33	147	469	30963416
brpb-663220	NC_063442.1	96.341	82	3	0	85	166	1484205	1484124	5.34e-30	135	469	45044935
brpb-663225	NC_063436.1	100.000	223	0	0	79	301	16740663	16740885	1.37e-113	412	301	38724999
brpb-663225	NC_063436.1	100.000	83	0	0	1	83	16735160	16735242	9.16e-36	154	301	38724999
brpb-663244	NC_063452.1	98.851	696	6	2	1	695	37901123	37900429	0.0	1249	695	64956572
brpb-663244	NC_063446.1	97.270	696	16	3	1	695	48218176	48218869	0.0	1186	695	74222928
brpb-663244	NC_063435.1	96.983	696	18	3	1	695	17010792	17011485	0.0	1175	695	29581582
brpb-663244	NC_063435.1	96.408	696	23	2	1	695	17963642	17964336	0.0	1155	695	29581582
brpb-663244	NC_063435.1	94.624	279	14	1	205	483	19171618	19171341	2.56e-119	433	695	29581582
brpb-663244	NC_063435.1	98.101	158	3	0	1	158	19171790	19171633	4.56e-72	276	695	29581582
brpb-663244	NC_063450.1	96.248	693	15	4	4	695	34433435	34432753	0.0	1134	695	54958258
brpb-663244	NC_063437.1	94.777	651	32	1	1	649	6399396	6398746	0.0	1014	695	22079791
brpb-663244	NC_063437.1	91.680	649	53	1	1	649	7434043	7433396	0.0	900	695	22079791
brpb-663244	NC_063438.1	93.097	565	36	2	1	562	14182918	14183482	0.0	826	695	29228566
brpb-663244	NC_063440.1	92.920	565	37	2	1	562	3880119	3880683	0.0	821	695	28277616
brpb-663244	NC_063445.1	91.718	483	40	0	1	483	35095362	35094880	0.0	673	695	58167434
brpb-663244	NC_063445.1	91.718	483	39	1	1	483	46596963	46597444	0.0	671	695	58167434
brpb-663244	NC_063451.1	91.684	481	40	0	3	483	11361549	11362029	0.0	669	695	49204614
brpb-663244	NC_063447.1	91.841	478	39	0	1	478	22362087	22361610	0.0	669	695	62924550
brpb-663244	NC_063447.1	91.511	483	41	0	1	483	34857399	34857881	0.0	667	695	62924550
brpb-663258	NC_063434.1	96.474	312	10	1	1	312	4312411	4312101	1.05e-144	516	312	30963416
brpb-663258	NC_063444.1	93.930	313	16	3	1	311	6088360	6088049	2.32e-131	472	312	51431623
brpb-663259	NC_063437.1	99.359	156	0	1	2	156	361901	361746	1.90e-74	281	156	22079791
brpb-663259	NC_063447.1	91.026	156	1	3	2	156	29004847	29004704	1.96e-49	198	156	62924550
brpb-663261	NC_063438.1	98.454	194	3	0	1	194	22776087	22775894	1.13e-92	342	197	29228566
brpb-663261	NC_063448.1	94.652	187	7	1	1	187	47198088	47197905	5.37e-76	287	197	56537224
brpb-663286	NC_063434.1	100.000	305	0	0	1	305	24806152	24806456	3.62e-159	564	305	30963416
brpb-663286	NC_063444.1	95.425	306	12	2	1	305	41758284	41758588	8.07e-136	486	305	51431623
brpb-663286	NC_063446.1	95.062	81	4	0	84	164	29203741	29203661	5.63e-28	128	305	74222928
brpb-663295	NC_063450.1	100.000	187	0	0	1	187	24969592	24969778	8.38e-94	346	190	54958258
brpb-663305	NC_063437.1	96.653	478	16	0	1	478	361178	361655	0.0	808	478	22079791
brpb-663307	NC_063443.1	99.371	477	3	0	1	477	17026639	17026163	0.0	869	477	19559996
brpb-663307	NC_063452.1	96.226	477	18	0	1	477	60686709	60686233	0.0	785	477	64956572
brpb-663320	NC_063442.1	95.817	502	20	1	1	501	21866767	21866266	0.0	815	501	45044935
brpb-663320	NC_063442.1	92.615	501	31	2	2	501	21788037	21787542	0.0	721	501	45044935
brpb-663320	NC_063442.1	91.935	496	39	1	7	501	21606289	21605794	0.0	699	501	45044935
brpb-663320	NC_063442.1	91.734	496	40	1	7	501	21542060	21541565	0.0	693	501	45044935
brpb-663320	NC_063442.1	92.488	426	31	1	71	495	21555905	21556330	6.03e-174	614	501	45044935
brpb-663320	NW_026014637.1	95.808	501	20	1	2	501	30460	29960	0.0	813	501	363456
brpb-663320	NW_026014637.1	95.609	501	21	1	2	501	46970	46470	0.0	808	501	363456
brpb-663320	NW_026014781.1	95.609	501	21	1	2	501	70724	71224	0.0	808	501	267854
brpb-663320	NW_026014781.1	95.210	501	23	1	2	501	30191	29691	0.0	797	501	267854
brpb-663320	NC_063440.1	95.210	501	22	2	2	501	6311714	6311215	0.0	797	501	28277616
brpb-663320	NW_026014545.1	94.810	501	25	1	2	501	18555	18055	0.0	785	501	46935
brpb-663320	NW_026014618.1	94.810	501	24	2	2	501	160696	161195	0.0	784	501	198141
brpb-663320	NW_026016523.1	94.611	501	25	2	2	501	242485	241986	0.0	778	501	247183
brpb-663320	NW_026015310.1	94.611	501	25	2	2	501	65248	64749	0.0	778	501	81205
brpb-663320	NW_026014968.1	94.611	501	25	2	2	501	40254	40753	0.0	778	501	85873
brpb-663320	NW_026014824.1	94.611	501	25	2	2	501	153636	153137	0.0	778	501	211698
brpb-663320	NW_026014824.1	92.771	498	35	1	2	498	58960	59457	0.0	725	501	211698
brpb-663320	NW_026014659.1	94.611	501	25	2	2	501	76223	76722	0.0	778	501	494381
brpb-663320	NW_026014294.1	94.611	501	25	2	2	501	3695	4194	0.0	778	501	55798
brpb-663320	NW_026015187.1	94.411	501	27	1	2	501	158747	158247	0.0	774	501	316450
brpb-663320	NW_026015187.1	91.800	500	35	2	3	501	295894	295400	0.0	697	501	316450
brpb-663320	NW_026016567.1	94.411	501	26	2	2	501	41093	40594	0.0	773	501	98928
brpb-663320	NW_026015311.1	94.411	501	26	2	2	501	12027	11528	0.0	773	501	190507
brpb-663320	NW_026015311.1	94.012	501	28	2	2	501	115383	114884	0.0	761	501	190507
brpb-663320	NW_026014967.1	94.411	501	25	3	2	501	64063	64561	0.0	771	501	67573
brpb-663320	NW_026014967.1	92.216	501	38	1	2	501	14504	14004	0.0	713	501	67573
brpb-663320	NW_026014967.1	90.020	501	35	3	2	501	4878	4392	0.0	640	501	67573
brpb-663320	NW_026016985.1	94.212	501	28	1	2	501	50418	49918	0.0	769	501	138405
brpb-663320	NW_026016937.1	94.212	501	28	1	2	501	17945	18445	0.0	769	501	50488
brpb-663320	NW_026016590.1	94.212	501	27	2	2	501	727166	727665	0.0	769	501	1840881
brpb-663320	NW_026016590.1	93.014	501	34	1	2	501	398263	398763	0.0	736	501	1840881
brpb-663320	NW_026016590.1	92.972	498	34	1	2	498	1745779	1746276	0.0	730	501	1840881
brpb-663320	NW_026016590.1	94.395	446	24	1	2	447	650664	651108	0.0	686	501	1840881
brpb-663320	NW_026016590.1	90.419	501	29	2	2	501	1056042	1056524	0.0	647	501	1840881
brpb-663320	NW_026014667.1	94.212	501	28	1	2	501	18487	18987	0.0	769	501	199799
brpb-663334	NC_063440.1	99.488	391	0	1	1	389	23883009	23882619	0.0	710	389	28277616
brpb-663334	NC_063440.1	90.476	63	6	0	325	387	21512556	21512618	1.61e-14	84.2	389	28277616
brpb-663334	NC_063449.1	98.210	391	5	1	1	389	39853574	39853964	0.0	682	389	48209797
brpb-663334	NC_063449.1	90.476	63	6	0	325	387	36801661	36801599	1.61e-14	84.2	389	48209797
brpb-663378	NC_063444.1	98.641	368	5	0	198	565	23345886	23346253	0.0	656	568	51431623
brpb-663378	NC_063444.1	98.030	203	4	0	1	203	23340525	23340727	1.66e-95	353	568	51431623
brpb-663380	NC_063447.1	99.256	403	3	0	1	403	7436151	7436553	0.0	728	403	62924550
brpb-663421	NC_063448.1	97.351	302	1	1	1	302	4705935	4705641	6.17e-142	507	304	56537224
brpb-663425	NC_063448.1	97.572	659	16	0	1	659	1002547	1001889	0.0	1136	659	56537224
brpb-663425	NC_063448.1	94.792	672	15	15	1	659	1011038	1010374	0.0	1033	659	56537224
brpb-663425	NC_063443.1	90.816	392	15	10	1	380	972357	971975	5.05e-141	505	659	19559996
brpb-663425	NC_063443.1	90.816	392	15	10	1	380	997671	997289	5.05e-141	505	659	19559996
brpb-663449	NC_063439.1	98.995	398	4	0	1	398	3705795	3706192	0.0	721	398	28937740
brpb-663449	NC_063448.1	93.671	395	8	7	1	395	3920785	3921162	1.33e-164	582	398	56537224
brpb-663449	NC_063441.1	90.476	168	15	1	1	167	21908232	21908065	1.20e-55	220	398	23154485
brpb-663458	NC_063443.1	99.132	691	5	1	1	691	8000198	8000887	0.0	1247	691	19559996
brpb-663509	NC_063450.1	90.000	580	41	5	1	577	50729561	50730126	0.0	752	578	54958258
brpb-663516	NC_063438.1	90.683	161	11	3	559	717	2070040	2070198	3.75e-53	213	718	29228566
brpb-663524	NW_026016439.1	98.876	445	3	2	77	521	9830	9388	0.0	795	521	52102
brpb-663524	NW_026016439.1	98.202	445	3	5	77	521	5421	4982	0.0	774	521	52102
brpb-663524	NW_026015068.1	98.876	445	3	2	77	521	3282	3724	0.0	795	521	59358
brpb-663524	NW_026015068.1	98.876	445	3	2	77	521	7684	8126	0.0	795	521	59358
brpb-663524	NW_026014855.1	98.876	445	3	2	77	521	108056	108498	0.0	795	521	116345
brpb-663524	NW_026014855.1	98.652	445	4	2	77	521	102886	103328	0.0	789	521	116345
brpb-663524	NW_026014800.1	98.876	445	3	2	77	521	68755	69197	0.0	795	521	77913
brpb-663524	NW_026014800.1	98.876	445	3	2	77	521	73161	73603	0.0	795	521	77913
brpb-663524	NW_026014540.1	98.876	445	3	2	77	521	130680	131122	0.0	795	521	597965
brpb-663524	NW_026014540.1	98.876	445	3	2	77	521	135086	135528	0.0	795	521	597965
brpb-663524	NW_026014540.1	97.753	445	8	2	77	521	253430	252988	0.0	767	521	597965
brpb-663524	NW_026014540.1	97.303	445	10	2	77	521	553749	554191	0.0	756	521	597965
brpb-663524	NW_026016418.1	98.652	445	4	2	77	521	25395	25837	0.0	789	521	105390
brpb-663524	NW_026016418.1	98.652	445	4	2	77	521	30554	30996	0.0	789	521	105390
brpb-663524	NW_026015846.1	98.652	445	4	2	77	521	91344	91786	0.0	789	521	102074
brpb-663524	NW_026015846.1	98.427	445	5	2	77	521	81285	81727	0.0	784	521	102074
brpb-663524	NW_026015846.1	98.427	445	5	2	77	521	86316	86758	0.0	784	521	102074
brpb-663524	NW_026015683.1	99.083	436	4	0	86	521	74054	73619	0.0	785	521	208465
brpb-663524	NW_026015683.1	99.083	436	4	0	86	521	79094	78659	0.0	785	521	208465
brpb-663524	NW_026015683.1	97.753	445	8	2	77	521	141807	142249	0.0	767	521	208465
brpb-663524	NW_026015683.1	97.753	445	8	2	77	521	146713	147155	0.0	767	521	208465
brpb-663524	NW_026015683.1	98.601	429	6	0	89	517	112569	112141	0.0	760	521	208465
brpb-663524	NW_026015683.1	98.148	432	8	0	86	517	126396	125965	0.0	754	521	208465
brpb-663524	NC_063442.1	98.866	441	3	2	77	517	22422389	22421951	0.0	785	521	45044935
brpb-663524	NC_063442.1	97.528	445	9	2	77	521	13135151	13135593	0.0	761	521	45044935
brpb-663524	NC_063442.1	97.528	445	9	2	77	521	13140064	13140506	0.0	761	521	45044935
brpb-663524	NC_063442.1	97.065	443	12	1	79	521	21912980	21912539	0.0	747	521	45044935
brpb-663524	NC_063442.1	97.065	443	12	1	79	521	22122514	22122955	0.0	747	521	45044935
brpb-663524	NC_063442.1	95.281	445	9	3	77	521	22440674	22441106	0.0	697	521	45044935
brpb-663524	NW_026016511.1	98.427	445	5	2	77	521	67042	67484	0.0	784	521	111409
brpb-663524	NW_026016511.1	98.427	445	5	2	77	521	72295	72737	0.0	784	521	111409
brpb-663524	NW_026015685.1	98.427	445	5	2	77	521	1390	1832	0.0	784	521	32470
brpb-663524	NW_026015685.1	97.528	445	9	2	77	521	6642	7084	0.0	761	521	32470
brpb-663524	NW_026014775.1	98.427	445	5	2	77	521	61809	62251	0.0	784	521	124616
brpb-663524	NW_026014775.1	98.202	445	5	3	77	521	56711	57152	0.0	776	521	124616
brpb-663524	NW_026014775.1	97.528	445	9	2	77	521	72859	72417	0.0	761	521	124616
brpb-663524	NW_026014633.1	98.427	445	5	2	77	521	59910	60352	0.0	784	521	141189
brpb-663524	NW_026014633.1	98.427	445	5	2	77	521	83375	82933	0.0	784	521	141189
brpb-663524	NW_026014633.1	97.978	445	6	3	77	521	54810	55251	0.0	771	521	141189
brpb-663524	NW_026014633.1	97.528	445	8	3	77	521	88475	88034	0.0	760	521	141189
brpb-663524	NW_026014510.1	98.427	445	5	2	77	521	131878	132320	0.0	784	521	142517
brpb-663524	NW_026014510.1	97.753	445	8	2	77	521	126777	127219	0.0	767	521	142517
brpb-663524	NW_026016706.1	98.202	445	6	2	77	521	201100	200658	0.0	778	521	341027
brpb-663524	NW_026016706.1	98.202	445	6	2	77	521	206356	205914	0.0	778	521	341027
brpb-663524	NW_026016567.1	98.202	445	6	2	77	521	12732	13174	0.0	778	521	98928
brpb-663524	NW_026016567.1	97.978	445	7	2	77	521	17833	18275	0.0	773	521	98928
brpb-663524	NW_026016501.1	98.202	445	6	2	77	521	27194	26752	0.0	778	521	41025
brpb-663524	NW_026016501.1	95.536	448	7	13	77	521	40642	40205	0.0	706	521	41025
brpb-663524	NW_026014649.1	98.202	445	6	2	77	521	150669	150227	0.0	778	521	189755
brpb-663524	NW_026014511.1	98.202	445	6	2	77	521	12562	13004	0.0	778	521	352104
brpb-663524	NW_026014511.1	97.753	445	8	2	77	521	17660	18102	0.0	767	521	352104
brpb-663524	NW_026014511.1	97.303	445	10	2	77	521	195113	195555	0.0	756	521	352104
brpb-663524	NW_026016767.1	98.202	445	3	5	77	521	109574	110013	0.0	774	521	154148
brpb-663549	NC_063447.1	98.797	582	5	2	1	581	58644137	58644717	0.0	1042	581	62924550
brpb-663549	NC_063437.1	97.557	573	8	3	1	568	18780215	18780786	0.0	983	581	22079791
brpb-663551	NC_063439.1	93.528	618	31	5	80	697	22287085	22287693	0.0	917	700	28937740
brpb-663551	NC_063450.1	93.076	621	40	1	80	697	43229593	43228973	0.0	911	700	54958258
brpb-663578	NC_063438.1	95.183	436	12	2	1	436	764087	764513	0.0	695	436	29228566
brpb-663578	NC_063437.1	96.460	113	4	0	1	113	21833146	21833034	1.34e-45	187	436	22079791
brpb-663578	NC_063447.1	96.429	112	4	0	1	112	62534796	62534685	4.84e-45	185	436	62924550
brpb-663652	NC_063442.1	96.677	632	15	6	1	627	41452925	41452295	0.0	1059	629	45044935
brpb-663652	NC_063451.1	95.141	391	19	0	1	391	45666006	45665616	5.93e-175	617	629	49204614
brpb-663652	NC_063451.1	91.506	259	13	9	375	627	45665583	45665328	1.10e-97	361	629	49204614
brpb-663660	NC_063447.1	94.889	450	23	0	1	450	29393650	29393201	0.0	747	450	62924550
brpb-663660	NC_063447.1	97.917	48	0	1	1	48	511575	511621	6.75e-14	82.4	450	62924550
brpb-663683	NC_063436.1	100.000	232	0	0	1	232	7352516	7352285	1.02e-118	429	232	38724999
brpb-663692	NC_063452.1	98.000	250	5	0	1	250	3515633	3515384	2.38e-120	435	250	64956572
brpb-663692	NC_063442.1	98.000	250	5	0	1	250	3378760	3378511	2.38e-120	435	250	45044935
brpb-669898	NC_063437.1	94.555	753	9	3	1	731	16449442	16450184	0.0	1140	731	22079791
brpb-669898	NC_063448.1	92.696	753	31	3	3	731	24092455	24091703	0.0	1070	731	56537224
brpb-669898	NW_026016634.1	92.021	752	37	2	3	731	23497	22746	0.0	1040	731	53646
brpb-669898	NC_063446.1	92.021	752	37	2	3	731	56053824	56053073	0.0	1040	731	74222928
brpb-669898	NW_026014488.1	91.888	752	38	2	3	731	187293	188044	0.0	1035	731	226896
brpb-669898	NW_026014489.1	90.404	198	16	3	535	731	2	197	3.74e-68	263	731	96215
brpb-669906	NC_063445.1	93.735	415	25	1	1	415	6215893	6215480	0.0	638	415	58167434
brpb-669998	NC_063434.1	98.413	252	4	0	1	252	27722339	27722590	2.38e-125	451	252	30963416
brpb-670011	NC_063447.1	99.545	220	0	1	1	219	50425086	50425305	7.51e-110	399	220	62924550
brpb-670011	NC_063445.1	93.665	221	12	2	1	219	8083224	8083444	9.99e-89	329	220	58167434
brpb-670055	NC_063437.1	97.101	345	8	1	1	345	2894446	2894788	1.46e-168	595	345	22079791
brpb-670055	NC_063447.1	95.072	345	13	3	1	344	35295998	35295657	2.49e-156	555	345	62924550
brpb-670133	NC_063447.1	96.744	430	11	2	1	427	51151291	51150862	0.0	719	433	62924550
brpb-670133	NC_063437.1	95.338	429	17	3	2	427	14362757	14362329	0.0	684	433	22079791
brpb-670189	NC_063442.1	98.661	224	3	0	91	314	36936841	36936618	3.09e-110	401	314	45044935
brpb-670226	NC_063451.1	99.598	249	1	0	1	249	45112437	45112189	1.82e-126	455	249	49204614
brpb-670226	NC_063442.1	95.984	249	10	0	1	249	41023957	41023709	1.86e-111	405	249	45044935
brpb-670226	NC_063448.1	94.715	246	13	0	1	246	8991346	8991591	8.69e-105	383	249	56537224
brpb-670232	NC_063439.1	98.765	81	1	0	1	81	22400419	22400499	1.11e-33	145	81	28937740
brpb-670232	NC_063445.1	94.667	75	4	0	1	75	57645490	57645564	2.41e-25	117	81	58167434
brpb-670236	NC_063439.1	100.000	106	0	0	1	106	3260978	3260873	4.38e-49	196	106	28937740
brpb-670236	NC_063448.1	98.113	106	2	0	1	106	3314733	3314628	9.48e-46	185	106	56537224
brpb-670302	NC_063451.1	98.196	499	8	1	1	499	45665339	45665836	0.0	876	499	49204614
brpb-670302	NC_063442.1	98.381	247	1	3	1	245	41452306	41452551	6.49e-119	431	499	45044935
brpb-670302	NC_063442.1	93.981	216	12	1	284	499	41452541	41452755	6.78e-89	331	499	45044935
brpb-670302	NC_063441.1	90.286	175	15	2	1	174	20812454	20812627	9.15e-58	228	499	23154485
brpb-670303	NC_063442.1	92.035	452	35	1	3	454	43250500	43250050	0.0	643	454	45044935
brpb-670303	NC_063439.1	92.742	124	8	1	166	289	3406766	3406888	8.45e-43	178	454	28937740
brpb-670319	NC_063441.1	94.678	357	19	0	1	357	11894044	11894400	4.26e-164	580	357	23154485
brpb-670319	NW_026014669.1	91.915	235	19	0	1	235	72577	72811	3.66e-90	335	357	91191
brpb-670319	NW_026014188.1	91.915	235	19	0	1	235	22156	22390	3.66e-90	335	357	54728
brpb-670319	NC_063446.1	90.678	236	18	4	1	235	63737548	63737780	1.33e-84	316	357	74222928
brpb-670330	NC_063440.1	98.977	391	4	0	1	391	23883009	23882619	0.0	708	391	28277616
brpb-670330	NC_063449.1	97.698	391	9	0	1	391	39853574	39853964	0.0	680	391	48209797
brpb-670354	NC_063442.1	99.414	512	3	0	1	512	11350365	11350876	0.0	931	512	45044935
brpb-670354	NC_063434.1	98.633	512	7	0	1	512	23472188	23471677	0.0	909	512	30963416
brpb-670361	NC_063434.1	96.000	450	14	3	1	449	24806775	24806329	0.0	749	449	30963416
brpb-670361	NC_063444.1	92.018	451	30	5	1	449	41758907	41758461	0.0	649	449	51431623
brpb-670361	NC_063446.1	91.131	327	23	4	21	347	29203323	29203643	2.68e-122	442	449	74222928
brpb-670361	NC_063436.1	94.306	281	16	0	67	347	18554004	18554284	4.49e-120	435	449	38724999
brpb-670361	NC_063438.1	94.495	218	12	0	74	291	21998774	21998557	1.01e-91	340	449	29228566
brpb-670365	NC_063447.1	99.184	490	3	1	1	490	12578670	12578182	0.0	885	498	62924550
brpb-670365	NC_063438.1	92.661	436	19	6	1	426	6522891	6522459	1.67e-174	616	498	29228566
brpb-670381	NC_063447.1	96.825	63	2	0	1	63	9399688	9399626	1.43e-21	106	178	62924550
brpb-670381	NW_026016444.1	95.238	63	3	0	1	63	198989	198927	6.67e-20	100	178	277579
brpb-670381	NW_026016145.1	95.238	63	3	0	1	63	22905	22843	6.67e-20	100	178	36253
brpb-670408	NC_063434.1	98.374	369	6	0	1	369	19752602	19752970	0.0	649	369	30963416
brpb-670408	NC_063444.1	90.554	307	27	2	1	307	32259214	32259518	2.85e-111	405	369	51431623
brpb-670433	NC_063446.1	97.307	557	13	2	1	557	51368936	51369490	0.0	965	557	74222928
brpb-670433	NC_063446.1	94.043	554	29	3	1	554	51603436	51603985	0.0	857	557	74222928
brpb-670433	NC_063446.1	93.381	559	31	4	1	557	40124945	40125499	0.0	843	557	74222928
brpb-670433	NC_063444.1	94.775	555	24	3	1	555	12665132	12664583	0.0	876	557	51431623
brpb-670433	NC_063444.1	93.011	558	36	3	1	557	25337014	25337569	0.0	832	557	51431623
brpb-670433	NC_063444.1	92.844	559	30	7	1	555	19342502	19343054	0.0	822	557	51431623
brpb-670433	NC_063445.1	94.434	557	28	3	1	557	16638934	16639487	0.0	874	557	58167434
brpb-670433	NC_063452.1	93.141	554	29	4	1	554	22816020	22815476	0.0	824	557	64956572
brpb-670433	NC_063451.1	92.639	557	39	2	1	557	10545461	10544907	0.0	821	557	49204614
brpb-670433	NC_063451.1	93.294	507	26	2	1	500	6854159	6853654	0.0	756	557	49204614
brpb-670433	NC_063450.1	91.561	237	20	0	1	237	46951507	46951743	9.85e-88	327	557	54958258
brpb-670445	NC_063439.1	98.101	158	3	0	1	158	851987	851830	1.93e-74	281	158	28937740
brpb-670445	NC_063449.1	94.937	158	7	1	1	158	10058915	10059071	1.51e-65	252	158	48209797
brpb-670445	NC_063449.1	97.674	43	1	0	1	43	10058728	10058770	3.51e-12	75.0	158	48209797
brpb-670445	NC_063449.1	97.674	43	1	0	1	43	17661926	17661968	3.51e-12	75.0	158	48209797
brpb-670445	NC_063449.1	97.674	43	1	0	1	43	17662146	17662188	3.51e-12	75.0	158	48209797
brpb-670445	NW_026014921.1	100.000	46	0	0	1	46	190938	190893	1.62e-15	86.1	158	419822
brpb-670445	NW_026014921.1	95.652	46	0	2	1	45	190752	190708	1.26e-11	73.1	158	419822
brpb-670445	NW_026014486.1	97.826	46	1	0	1	46	58254	58209	7.54e-14	80.5	158	85848
brpb-670445	NW_026014486.1	95.652	46	0	2	1	45	58068	58024	1.26e-11	73.1	158	85848
brpb-670445	NC_063446.1	95.652	46	2	0	1	46	72623991	72624036	3.51e-12	75.0	158	74222928
brpb-670445	NC_063446.1	97.674	43	0	1	1	42	16558075	16558117	1.26e-11	73.1	158	74222928
brpb-670445	NC_063437.1	97.619	42	1	0	1	42	15471422	15471381	1.26e-11	73.1	158	22079791
brpb-670445	NC_063441.1	95.556	45	0	2	1	45	1120912	1120870	4.54e-11	71.3	158	23154485
brpb-670471	NC_063435.1	100.000	142	0	0	1	142	9620462	9620321	6.17e-69	263	142	29581582
brpb-670546	NC_063438.1	95.676	185	2	1	1	185	6624558	6624736	2.76e-77	292	434	29228566
brpb-670546	NC_063438.1	91.463	164	12	2	271	434	6624784	6624945	1.31e-60	237	434	29228566
brpb-670546	NC_063447.1	90.000	200	13	3	183	382	12854192	12854000	2.80e-67	259	434	62924550
brpb-670546	NC_063447.1	90.164	183	17	1	1	183	12854411	12854230	1.31e-60	237	434	62924550
brpb-670555	NC_063450.1	96.243	346	9	4	65	408	41218571	41218228	1.38e-159	566	410	54958258
brpb-670555	NC_063450.1	100.000	68	0	0	3	70	41219280	41219213	2.78e-27	126	410	54958258
brpb-670555	NC_063439.1	92.553	282	6	9	140	408	23882240	23882519	2.49e-107	392	410	28937740
brpb-670555	NC_063439.1	95.588	68	3	0	3	70	23881521	23881588	2.80e-22	110	410	28937740
brpb-670588	NC_063443.1	98.601	429	6	0	1	429	17634512	17634940	0.0	769	429	19559996
brpb-670686	NC_063440.1	96.885	321	10	0	1	321	27135443	27135123	1.38e-153	545	321	28277616
brpb-670686	NC_063449.1	96.262	321	12	0	1	321	46645930	46645610	2.99e-150	534	321	48209797
brpb-670690	NC_063439.1	99.217	511	4	0	1	511	11539949	11540459	0.0	929	513	28937740
brpb-670690	NC_063446.1	94.152	513	24	3	1	511	53579309	53578801	0.0	784	513	74222928
brpb-670690	NC_063434.1	93.750	64	4	0	408	471	21143319	21143256	2.77e-18	97.1	513	30963416
brpb-670695	NC_063437.1	92.890	436	18	2	1	436	17554562	17554140	4.00e-180	634	436	22079791
brpb-670740	NC_063449.1	100.000	488	0	0	1	488	41271365	41270878	0.0	902	488	48209797
brpb-670740	NC_063449.1	100.000	43	0	0	128	170	25672104	25672146	2.65e-13	80.5	488	48209797
brpb-670740	NC_063442.1	96.541	318	11	0	171	488	19428006	19427689	7.86e-148	527	488	45044935
brpb-670740	NC_063442.1	96.850	127	4	0	1	127	19428135	19428009	2.50e-53	213	488	45044935
brpb-670740	NC_016734.1	100.000	43	0	0	128	170	97813	97771	2.65e-13	80.5	488	152860
brpb-670740	NC_016734.1	100.000	43	0	0	128	170	138078	138120	2.65e-13	80.5	488	152860
brpb-670740	NW_026016572.1	100.000	43	0	0	128	170	6468	6510	2.65e-13	80.5	488	29164
brpb-670740	NW_026016572.1	100.000	43	0	0	128	170	26486	26444	2.65e-13	80.5	488	29164
brpb-670740	NW_026016447.1	100.000	43	0	0	128	170	43381	43339	2.65e-13	80.5	488	69350
brpb-670740	NW_026016447.1	100.000	43	0	0	128	170	47066	47108	2.65e-13	80.5	488	69350
brpb-670740	NW_026016404.1	100.000	43	0	0	128	170	9556	9514	2.65e-13	80.5	488	55107
brpb-670740	NW_026016404.1	100.000	43	0	0	128	170	28068	28110	2.65e-13	80.5	488	55107
brpb-670740	NW_026016404.1	100.000	43	0	0	128	170	44438	44396	2.65e-13	80.5	488	55107
brpb-670740	NW_026016368.1	100.000	43	0	0	128	170	24191	24233	2.65e-13	80.5	488	56508
brpb-670740	NW_026016365.1	100.000	43	0	0	128	170	1842	1884	2.65e-13	80.5	488	19084
brpb-670740	NW_026016256.1	100.000	43	0	0	128	170	9464	9422	2.65e-13	80.5	488	19317
brpb-670740	NW_026016256.1	100.000	43	0	0	128	170	17856	17898	2.65e-13	80.5	488	19317
brpb-670740	NW_026016203.1	100.000	43	0	0	128	170	21171	21129	2.65e-13	80.5	488	32516
brpb-670740	NW_026016165.1	100.000	43	0	0	128	170	19490	19448	2.65e-13	80.5	488	35631
brpb-670740	NW_026016165.1	100.000	43	0	0	128	170	27946	27988	2.65e-13	80.5	488	35631
brpb-670740	NW_026015958.1	100.000	43	0	0	128	170	1766	1808	2.65e-13	80.5	488	33435
brpb-670740	NW_026015917.1	100.000	43	0	0	128	170	23841	23883	2.65e-13	80.5	488	31306
brpb-670740	NW_026015888.1	100.000	43	0	0	128	170	12922	12880	2.65e-13	80.5	488	35536
brpb-670740	NW_026015585.1	100.000	43	0	0	128	170	21173	21215	2.65e-13	80.5	488	22633
brpb-670740	NW_026015583.1	100.000	43	0	0	128	170	2851	2893	2.65e-13	80.5	488	11754
brpb-670740	NW_026015573.1	100.000	43	0	0	128	170	28152	28110	2.65e-13	80.5	488	29340
brpb-670740	NW_026015544.1	100.000	43	0	0	128	170	7499	7457	2.65e-13	80.5	488	29288
brpb-670740	NW_026015544.1	100.000	43	0	0	128	170	12095	12137	2.65e-13	80.5	488	29288
brpb-670740	NW_026015528.1	100.000	43	0	0	128	170	1609	1567	2.65e-13	80.5	488	61505
brpb-670740	NW_026015528.1	100.000	43	0	0	128	170	21084	21126	2.65e-13	80.5	488	61505
brpb-670740	NW_026015527.1	100.000	43	0	0	128	170	21558	21600	2.65e-13	80.5	488	40270
brpb-670799	NC_063434.1	95.602	523	19	1	1	519	28131162	28131684	0.0	852	523	30963416
brpb-670799	NC_063444.1	94.325	511	26	3	1	510	48969500	48970008	0.0	797	523	51431623
brpb-670799	NC_063448.1	94.262	122	6	1	1	122	52230590	52230710	5.87e-45	185	523	56537224
brpb-670834	NC_063438.1	96.262	214	8	0	90	303	9613146	9612933	5.06e-98	361	303	29228566
brpb-670834	NC_063436.1	93.458	214	14	0	90	303	30707690	30707903	5.14e-88	327	303	38724999
brpb-670835	NC_063439.1	100.000	185	0	0	1	185	7016747	7016563	1.05e-92	342	185	28937740
brpb-670852	NC_063440.1	95.942	345	9	1	1	340	3008190	3007846	1.90e-157	558	342	28277616
brpb-670852	NC_063450.1	93.913	345	14	3	1	340	8597453	8597111	3.23e-145	518	342	54958258
brpb-670863	NC_063446.1	98.333	480	8	0	1	480	68581278	68581757	0.0	856	480	74222928
brpb-670863	NC_063441.1	95.021	482	22	2	1	480	13881034	13881515	0.0	769	480	23154485
brpb-670863	NC_063436.1	95.775	71	3	0	213	283	30060131	30060061	7.13e-24	115	480	38724999
brpb-670863	NC_063450.1	95.714	70	3	0	214	283	52876101	52876032	2.56e-23	113	480	54958258
brpb-670863	NC_063450.1	97.674	43	0	1	213	254	51990527	51990485	4.35e-11	73.1	480	54958258
brpb-670904	NC_063435.1	99.342	304	0	1	1	302	3736200	3735897	1.00e-154	549	302	29581582
brpb-670908	NC_063439.1	97.455	393	7	1	1	393	24149799	24150188	0.0	669	393	28937740
brpb-670917	NC_063452.1	99.346	612	4	0	1	612	52886661	52886050	0.0	1116	612	64956572
brpb-670936	NC_063439.1	90.991	111	7	2	383	490	21136507	21136617	5.61e-35	152	495	28937740
brpb-670937	NC_063452.1	94.100	339	9	1	1	328	39486395	39486057	2.59e-141	505	351	64956572
brpb-670937	NC_063451.1	92.655	177	13	0	152	328	3618507	3618683	2.88e-66	255	351	49204614
brpb-670937	NC_063450.1	95.082	61	3	0	81	141	44884966	44884906	1.85e-18	97.1	351	54958258
brpb-670950	NC_063436.1	97.988	497	9	1	1	496	38058364	38057868	0.0	861	497	38724999
brpb-670950	NC_063452.1	94.702	453	24	0	1	453	23586230	23586682	0.0	704	497	64956572
brpb-670950	NC_063452.1	90.763	498	43	2	1	497	54819230	54819725	0.0	662	497	64956572
brpb-670950	NC_063440.1	91.176	68	4	2	3	69	23646238	23646304	1.25e-16	91.6	497	28277616
brpb-670954	NC_063440.1	100.000	391	0	0	1	391	23883009	23882619	0.0	723	391	28277616
brpb-670954	NC_063440.1	90.476	63	6	0	327	389	21512556	21512618	1.61e-14	84.2	391	28277616
brpb-670954	NC_063449.1	98.721	391	5	0	1	391	39853574	39853964	0.0	695	391	48209797
brpb-670954	NC_063449.1	90.476	63	6	0	327	389	36801661	36801599	1.61e-14	84.2	391	48209797
brpb-670963	NC_063444.1	100.000	463	0	0	1	463	51116853	51116391	0.0	856	469	51431623
brpb-670963	NC_063434.1	99.352	463	3	0	1	463	30716381	30716843	0.0	839	469	30963416
brpb-670978	NC_063442.1	99.472	568	3	0	1	568	36936154	36936721	0.0	1037	568	45044935
brpb-670985	NC_063441.1	99.701	334	1	0	1	334	19563071	19563404	1.40e-173	612	334	23154485
brpb-671004	NC_063440.1	98.574	491	6	1	1	491	14639975	14639486	0.0	876	493	28277616
brpb-671004	NC_063437.1	98.167	491	8	1	1	491	17542395	17542884	0.0	865	493	22079791
brpb-671014	NC_063448.1	94.571	571	20	7	2	569	3965515	3964953	0.0	880	574	56537224
brpb-671014	NC_063439.1	93.913	575	17	9	2	569	3723415	3722852	0.0	859	574	28937740
brpb-671027	NC_063448.1	93.208	265	18	0	99	363	38013206	38012942	7.84e-107	390	363	56537224
brpb-671027	NC_063438.1	93.208	265	18	0	99	363	18956555	18956291	7.84e-107	390	363	29228566
brpb-671027	NC_063451.1	96.818	220	6	1	99	318	34332220	34332438	1.32e-99	366	363	49204614
brpb-671041	NC_063451.1	97.810	411	9	0	1	411	45112437	45112027	0.0	710	411	49204614
brpb-671041	NC_063442.1	96.594	411	14	0	1	411	41023957	41023547	0.0	682	411	45044935
brpb-671060	NC_063439.1	98.905	274	3	0	1	274	3200104	3200377	5.54e-137	490	274	28937740
brpb-671060	NC_063448.1	95.620	274	12	0	1	274	3211999	3212272	5.66e-122	440	274	56537224
brpb-671072	NC_063442.1	99.020	510	5	0	1	510	33342624	33342115	0.0	924	510	45044935
brpb-671072	NC_063451.1	94.584	517	20	3	1	510	35601936	35601421	0.0	802	510	49204614
brpb-671115	NC_063437.1	95.000	480	12	1	1	480	17554562	17554095	0.0	743	480	22079791
brpb-671142	NC_063450.1	98.523	474	6	1	1	474	52574517	52574989	0.0	845	474	54958258
brpb-671142	NC_063436.1	96.429	336	10	1	139	474	29641262	29641595	2.09e-158	562	474	38724999
brpb-671142	NC_063436.1	99.029	103	1	0	5	107	29641175	29641277	5.29e-45	185	474	38724999
brpb-671172	NC_063444.1	100.000	274	0	0	1	274	24956523	24956250	5.61e-142	507	279	51431623
brpb-671172	NC_063446.1	90.517	116	11	0	4	119	54565323	54565208	8.42e-36	154	279	74222928
brpb-671172	NC_063439.1	90.517	116	11	0	4	119	10964502	10964617	8.42e-36	154	279	28937740
brpb-671207	NC_063444.1	99.412	170	1	0	1	170	4616585	4616754	9.71e-83	309	171	51431623
brpb-671217	NC_063446.1	97.080	411	11	1	1	410	6573239	6572829	0.0	691	414	74222928
brpb-671284	NC_063436.1	99.424	521	3	0	1	521	17027433	17026913	0.0	948	521	38724999
brpb-671284	NC_063446.1	92.015	526	20	6	3	521	26320382	26319872	0.0	721	521	74222928
brpb-671284	NW_026013910.1	100.000	40	0	0	202	241	5079	5040	1.32e-11	75.0	521	37850
brpb-671284	NC_063434.1	100.000	40	0	0	202	241	27518037	27518076	1.32e-11	75.0	521	30963416
brpb-671293	NC_063434.1	96.907	291	8	1	2	292	15144819	15145108	1.14e-135	486	421	30963416
brpb-671293	NW_026016721.1	96.233	292	11	0	1	292	3108	3399	1.91e-133	479	421	43367
brpb-671293	NC_063444.1	96.233	292	11	0	1	292	26421809	26422100	1.91e-133	479	421	51431623
brpb-671293	NC_063452.1	97.674	129	3	0	293	421	37896787	37896659	3.55e-56	222	421	64956572
brpb-671293	NC_063452.1	95.349	129	6	0	293	421	37904742	37904614	3.58e-51	206	421	64956572
brpb-671293	NC_063447.1	96.923	130	3	1	293	421	11289320	11289191	1.65e-54	217	421	62924550
brpb-671293	NC_063436.1	96.899	129	4	0	293	421	34768329	34768457	1.65e-54	217	421	38724999
brpb-671293	NC_063451.1	96.124	129	5	0	293	421	12540094	12540222	7.69e-53	211	421	49204614
brpb-671293	NC_063451.1	92.366	131	10	0	291	421	6014633	6014763	1.30e-45	187	421	49204614
brpb-671293	NC_063435.1	96.094	128	5	0	293	420	17967998	17968125	2.76e-52	209	421	29581582
brpb-671293	NC_063435.1	92.908	141	9	1	281	421	19174471	19174332	1.29e-50	204	421	29581582
brpb-671293	NC_063435.1	94.574	129	7	0	293	421	17015148	17015276	1.66e-49	200	421	29581582
brpb-671293	NC_063435.1	94.574	129	7	0	293	421	17961115	17961243	1.66e-49	200	421	29581582
brpb-671293	NC_063435.1	93.798	129	8	0	293	421	19167571	19167443	7.74e-48	195	421	29581582
brpb-671293	NC_063446.1	95.349	129	6	0	293	421	48215489	48215617	3.58e-51	206	421	74222928
brpb-671293	NC_063446.1	96.748	123	4	0	299	421	48222460	48222582	3.58e-51	206	421	74222928
brpb-671293	NC_063450.1	95.276	127	6	0	295	421	34435834	34435708	4.63e-50	202	421	54958258
brpb-671293	NC_063450.1	94.574	129	7	0	293	421	34429093	34428965	1.66e-49	200	421	54958258
brpb-671293	NC_063442.1	92.913	127	9	0	293	419	26623403	26623277	4.66e-45	185	421	45044935
brpb-671293	NW_026014285.1	92.248	129	10	0	293	421	19780	19908	1.68e-44	183	421	41816
brpb-671293	NC_063448.1	92.248	129	10	0	293	421	11799414	11799286	1.68e-44	183	421	56537224
brpb-671296	NC_063440.1	98.442	321	5	0	1	321	27135443	27135123	1.07e-159	566	322	28277616
brpb-671296	NC_063449.1	97.826	322	7	0	1	322	46645930	46645609	6.41e-157	556	322	48209797
brpb-671298	NC_063447.1	99.778	450	1	0	1	450	29393650	29393201	0.0	826	450	62924550
brpb-671298	NC_063447.1	91.198	409	36	0	39	447	513067	513475	9.20e-157	556	450	62924550
brpb-671298	NC_063447.1	97.917	48	0	1	1	48	511575	511621	6.75e-14	82.4	450	62924550
brpb-671298	NC_063441.1	92.170	447	35	0	1	447	19483811	19483365	1.49e-179	632	450	23154485
brpb-671298	NC_063449.1	91.275	447	39	0	1	447	30591709	30591263	6.96e-173	610	450	48209797
brpb-671300	NC_063438.1	99.247	664	3	2	1	664	28798619	28799280	0.0	1203	664	29228566
brpb-671300	NC_063448.1	92.066	668	34	7	1	664	56207124	56207776	0.0	928	664	56537224
brpb-671322	NC_063435.1	100.000	504	0	0	1	504	3948850	3948347	0.0	931	504	29581582
brpb-671327	NC_063436.1	99.829	586	1	0	1	586	16741337	16740752	0.0	1077	587	38724999
brpb-671327	NC_063446.1	93.898	590	25	9	1	586	25684505	25683923	0.0	880	587	74222928
brpb-671327	NW_026015739.1	93.103	87	6	0	36	122	25495	25409	1.13e-27	128	587	60379
brpb-671327	NC_063445.1	93.103	87	6	0	36	122	16381	16467	1.13e-27	128	587	58167434
brpb-671344	NC_063444.1	99.837	612	1	0	1	612	40913906	40914517	0.0	1127	612	51431623
brpb-671346	NC_063442.1	98.000	400	7	1	1	399	5373460	5373859	0.0	693	411	45044935
brpb-671346	NC_063452.1	95.025	402	16	1	1	402	6478873	6479270	1.74e-178	628	411	64956572
brpb-671364	NC_063437.1	100.000	326	0	0	1	326	10929822	10930147	8.23e-171	603	326	22079791
brpb-671396	NC_063444.1	99.115	113	0	1	1	112	50350293	50350181	1.01e-50	202	112	51431623
brpb-671396	NC_063434.1	99.115	113	0	1	1	112	30082056	30081944	1.01e-50	202	112	30963416
brpb-807779	NC_063438.1	96.558	523	18	0	77	599	5663845	5663323	0.0	870	605	29228566
brpb-807779	NC_063438.1	96.728	489	16	0	111	599	5669671	5669183	0.0	819	605	29228566
brpb-807779	NC_063447.1	94.455	523	29	0	77	599	10815772	10815250	0.0	809	605	62924550
brpb-807779	NC_063447.1	94.264	523	30	0	77	599	10826227	10825705	0.0	804	605	62924550
brpb-807798	NC_063438.1	99.709	344	1	0	3	346	25929321	25928978	4.03e-179	630	346	29228566
brpb-807798	NC_063448.1	95.058	344	17	0	3	346	52680415	52680072	1.94e-152	542	346	56537224
brpb-807926	NC_063438.1	98.542	343	5	0	83	425	25929320	25928978	8.47e-172	606	425	29228566
brpb-807926	NC_063448.1	94.169	343	20	0	83	425	52680414	52680072	8.78e-147	523	425	56537224
brpb-807965	NC_063438.1	96.701	394	13	0	93	486	26328430	26328823	0.0	667	502	29228566
brpb-807965	NC_063448.1	93.719	398	21	3	93	486	53119411	53119808	3.64e-171	604	502	56537224
brpb-807992	NC_063434.1	97.050	339	9	1	1	338	30081700	30082038	5.19e-163	577	338	30963416
brpb-807992	NC_063444.1	96.460	339	11	1	1	338	50349937	50350275	1.12e-159	566	338	51431623
brpb-807995	NC_063452.1	92.834	307	13	6	1	302	1159260	1158958	8.15e-121	436	302	64956572
brpb-807995	NC_063442.1	92.834	307	13	6	1	302	1258308	1258006	8.15e-121	436	302	45044935
brpb-808055	NC_063452.1	91.964	336	12	6	1	330	19252323	19252649	6.94e-127	457	333	64956572
brpb-808055	NC_063442.1	90.855	339	15	5	1	333	12346412	12346740	6.99e-122	440	333	45044935
brpb-808108	NC_063444.1	95.759	448	16	3	1	445	51116391	51116838	0.0	743	445	51431623
brpb-808108	NC_063434.1	95.312	448	18	3	1	445	30716843	30716396	0.0	732	445	30963416
brpb-808142	NC_063447.1	96.977	430	9	2	1	430	39861098	39860673	0.0	719	430	62924550
brpb-808142	NC_063437.1	94.896	431	17	3	1	430	5547379	5546953	0.0	669	430	22079791
brpb-808211	NC_063438.1	96.849	476	15	0	2	477	24751190	24750715	0.0	797	477	29228566
brpb-808211	NC_063448.1	94.211	380	22	0	98	477	50677208	50676829	5.81e-164	580	477	56537224
brpb-808211	NC_063448.1	90.909	55	5	0	1	55	50677278	50677224	1.20e-11	75.0	477	56537224
brpb-808211	NC_063444.1	91.860	86	7	0	392	477	46891429	46891344	1.52e-25	121	477	51431623
brpb-808216	NC_063446.1	94.672	244	8	3	87	325	5133848	5134091	7.00e-102	374	325	74222928
brpb-808216	NC_063436.1	91.188	261	6	5	82	325	4011329	4011589	2.55e-91	339	325	38724999
brpb-808246	NC_063443.1	95.510	490	22	0	1	490	13963680	13964169	0.0	804	490	19559996
brpb-808246	NC_063452.1	92.245	490	38	0	1	490	54439256	54439745	0.0	715	490	64956572
brpb-808247	NW_026015493.1	97.093	344	8	1	119	462	15152	14811	2.02e-163	579	462	61687
brpb-808247	NW_026015493.1	95.614	114	5	0	4	117	18038	17925	1.85e-44	183	462	61687
brpb-808247	NC_063442.1	97.093	344	8	1	119	462	43818884	43819225	2.02e-163	579	462	45044935
brpb-808247	NC_063442.1	94.872	117	6	0	1	117	43815991	43816107	1.85e-44	183	462	45044935
brpb-808265	NC_063446.1	94.672	244	8	3	87	325	5133848	5134091	7.00e-102	374	325	74222928
brpb-808265	NC_063436.1	91.188	261	6	5	82	325	4011329	4011589	2.55e-91	339	325	38724999
brpb-808274	NC_063436.1	98.741	397	4	1	1	396	14718253	14717857	0.0	704	396	38724999
brpb-808274	NC_063446.1	97.222	396	11	0	1	396	22668543	22668148	0.0	671	396	74222928
brpb-808323	NC_063442.1	97.758	446	9	1	1	446	33351027	33351471	0.0	780	446	45044935
brpb-808323	NC_063446.1	91.892	444	35	1	1	444	24515448	24515890	1.47e-179	632	446	74222928
brpb-808330	NC_063434.1	92.523	107	8	0	2	108	3780028	3779922	7.62e-37	156	108	30963416
brpb-808338	NC_063435.1	92.800	500	35	1	1	499	3746473	3745974	0.0	741	499	29581582
brpb-808338	NC_063445.1	91.600	500	41	1	1	499	5973636	5973137	0.0	708	499	58167434
brpb-808360	NW_026015881.1	97.264	329	8	1	3	330	5457	5785	6.59e-157	556	330	33016
brpb-808360	NC_063439.1	97.264	329	8	1	3	330	1387113	1387441	6.59e-157	556	330	28937740
brpb-808360	NC_063449.1	91.964	336	17	7	3	330	8706064	8705731	1.48e-128	462	330	48209797
brpb-808360	NC_063441.1	91.594	345	12	7	3	330	1617672	1618016	5.31e-128	460	330	23154485
brpb-808360	NC_063446.1	90.936	342	17	6	3	330	71746950	71746609	4.14e-124	448	330	74222928
brpb-808360	NC_063440.1	91.146	192	16	1	3	193	10801643	10801834	2.08e-67	259	330	28277616
brpb-808360	NC_063437.1	90.909	99	9	0	3	101	12220292	12220194	1.32e-29	134	330	22079791
brpb-808426	NC_063448.1	95.000	60	3	0	180	239	4417671	4417612	6.43e-18	95.3	341	56537224
brpb-808460	NC_063435.1	99.805	514	1	0	1	514	438344	438857	0.0	946	514	29581582
brpb-808460	NC_063445.1	97.860	514	11	0	1	514	1335388	1335901	0.0	891	514	58167434
brpb-808526	NC_063445.1	96.825	126	4	0	291	416	26145144	26145019	2.12e-53	213	418	58167434
brpb-808526	NC_063445.1	97.590	83	2	0	1	83	26145224	26145142	2.82e-32	143	418	58167434
brpb-808526	NC_063435.1	97.727	44	1	0	244	287	2026357	2026400	2.90e-12	76.8	418	29581582
brpb-808545	NC_063436.1	96.108	334	5	2	1	331	2558782	2559110	2.39e-151	538	331	38724999
brpb-808545	NC_063446.1	95.495	333	13	1	1	331	3287010	3287342	4.00e-149	531	331	74222928
brpb-808599	NC_063451.1	93.750	208	10	2	1	205	36911641	36911848	3.78e-82	309	589	49204614
brpb-808599	NC_063437.1	94.853	136	7	0	1	136	3384593	3384458	3.05e-53	213	589	22079791
brpb-808599	NC_063447.1	92.593	135	10	0	1	135	36437332	36437198	1.10e-47	195	589	62924550
brpb-808614	NC_063434.1	97.407	270	7	0	1	270	7932014	7932283	4.47e-128	460	281	30963416
brpb-808614	NC_063444.1	96.471	255	9	0	1	255	12596081	12596335	2.11e-116	422	281	51431623
brpb-808671	NC_063442.1	96.977	430	12	1	1	430	6434195	6433767	0.0	743	430	45044935
brpb-808709	NC_063437.1	100.000	366	0	0	1	366	20492682	20492317	0.0	676	366	22079791
brpb-808709	NC_063447.1	93.733	367	14	4	1	366	60906077	60905719	2.06e-152	542	366	62924550
brpb-808759	NC_063435.1	97.290	738	9	7	1	737	27954749	27955476	0.0	1242	737	29581582
brpb-808769	NC_063449.1	94.118	357	21	0	1	357	4235942	4236298	5.59e-153	544	357	48209797
brpb-808769	NC_063439.1	97.115	208	6	0	3	210	2834751	2834544	3.63e-95	351	357	28937740
brpb-808769	NC_063439.1	95.050	101	5	0	257	357	2834545	2834445	2.36e-37	159	357	28937740
brpb-808805	NC_063447.1	95.238	63	3	0	1	63	4716789	4716727	1.34e-19	100	331	62924550
brpb-808818	NC_063442.1	95.090	387	9	7	1	385	29947975	29947597	9.86e-171	603	385	45044935
brpb-808818	NC_063448.1	92.765	387	24	4	1	385	17605267	17605651	2.16e-157	558	385	56537224
brpb-808824	NC_063435.1	99.725	364	1	0	1	364	28127024	28127387	0.0	667	364	29581582
brpb-808828	NC_063437.1	98.101	474	9	0	76	549	12163664	12164137	0.0	843	549	22079791
brpb-808840	NC_063442.1	92.952	227	7	2	3	220	31864834	31865060	1.67e-86	322	220	45044935
brpb-808840	NC_063448.1	91.703	229	10	2	1	220	13816071	13815843	1.30e-82	309	220	56537224
brpb-808842	NC_063438.1	92.151	344	27	0	3	346	25929321	25928978	2.57e-136	488	346	29228566
brpb-808842	NC_063448.1	91.279	344	30	0	3	346	52680415	52680072	2.58e-131	472	346	56537224
brpb-808844	NC_063439.1	97.510	241	5	1	86	326	3096405	3096166	1.49e-113	412	326	28937740
brpb-808844	NC_063448.1	96.680	241	7	1	86	326	3055398	3055159	3.22e-110	401	326	56537224
brpb-808864	NW_026016758.1	97.855	373	8	0	1	373	19342	18970	0.0	645	477	127036
brpb-808864	NC_063452.1	97.855	373	8	0	1	373	64676958	64676586	0.0	645	477	64956572
brpb-808864	NC_063445.1	93.333	360	24	0	4	363	593310	592951	1.65e-149	532	477	58167434
brpb-808954	NC_063447.1	98.246	57	1	0	256	312	4716733	4716789	1.26e-19	100	312	62924550
brpb-808961	NC_063448.1	92.473	93	7	0	328	420	9400053	9400145	4.75e-30	135	420	56537224
brpb-808993	NC_063450.1	90.086	464	33	9	1	464	40740182	40739732	1.04e-166	590	513	54958258
brpb-808993	NC_063449.1	90.099	202	18	2	1	200	41149208	41149409	9.29e-68	261	513	48209797
brpb-809008	NC_063439.1	100.000	462	0	0	1	462	3260978	3260517	0.0	854	462	28937740
brpb-809008	NC_063451.1	92.361	144	11	0	316	459	48252946	48253089	3.95e-51	206	462	49204614
brpb-809008	NC_063442.1	90.476	147	14	0	316	462	43331769	43331915	8.55e-48	195	462	45044935
brpb-809027	NC_063452.1	90.931	408	26	4	2	398	61559909	61560316	2.92e-151	538	398	64956572
brpb-809027	NC_063443.1	97.414	116	3	0	283	398	17528703	17528818	5.63e-49	198	398	19559996
brpb-809027	NC_063446.1	91.129	124	11	0	275	398	1902513	1902390	4.42e-40	169	398	74222928
brpb-809027	NC_063446.1	93.333	90	6	0	1	90	1902756	1902667	1.61e-29	134	398	74222928
brpb-809027	NC_063450.1	91.071	112	10	0	287	398	44601483	44601594	4.45e-35	152	398	54958258
brpb-809027	NC_063450.1	92.727	55	4	0	2	56	44601196	44601250	2.13e-13	80.5	398	54958258
brpb-809027	NC_063436.1	90.476	63	4	2	2	62	21508633	21508695	5.92e-14	82.4	398	38724999
brpb-809095	NC_063442.1	100.000	393	0	0	1	393	5730786	5731178	0.0	726	393	45044935
brpb-809095	NC_063452.1	96.438	393	8	2	1	393	7309220	7309606	0.0	643	393	64956572
brpb-809115	NC_063439.1	100.000	349	0	0	1	349	24366053	24365705	0.0	645	349	28937740
brpb-809115	NC_063450.1	96.848	349	11	0	1	349	40495977	40496325	3.21e-165	584	349	54958258
brpb-809163	NC_063446.1	91.880	234	19	0	10	243	56192259	56192026	4.02e-88	327	243	74222928
brpb-809163	NC_063441.1	97.368	114	3	0	1	114	18399287	18399400	4.25e-48	195	243	23154485
brpb-809163	NC_063441.1	96.364	55	2	0	189	243	18399439	18399493	5.74e-17	91.6	243	23154485
brpb-809169	NC_063439.1	97.658	427	5	3	1	424	12814869	12815293	0.0	736	424	28937740
brpb-809169	NC_063446.1	91.294	425	16	5	1	424	50736260	50736664	3.99e-160	568	424	74222928
brpb-809175	NC_063436.1	98.489	397	5	1	1	396	14717857	14718253	0.0	699	396	38724999
brpb-809175	NC_063446.1	96.970	396	12	0	1	396	22668148	22668543	0.0	665	396	74222928
brpb-809176	NC_063437.1	95.000	480	12	1	1	480	17554562	17554095	0.0	743	480	22079791
brpb-809192	NC_063444.1	100.000	111	0	0	1	111	50350293	50350183	7.82e-52	206	112	51431623
brpb-809192	NC_063434.1	100.000	111	0	0	1	111	30082056	30081946	7.82e-52	206	112	30963416
brpb-809205	NC_063436.1	98.828	256	3	0	1	256	14718253	14717998	1.45e-127	459	256	38724999
brpb-809205	NC_063446.1	96.457	254	9	0	1	254	22668543	22668290	1.90e-116	422	256	74222928
brpb-809214	NC_063436.1	98.741	397	4	1	1	396	14718253	14717857	0.0	704	396	38724999
brpb-809214	NC_063446.1	97.222	396	11	0	1	396	22668543	22668148	0.0	671	396	74222928
brpb-809236	NC_063447.1	94.481	308	17	0	1	308	32641800	32642107	1.41e-133	479	319	62924550
brpb-809259	NC_063439.1	99.499	399	2	0	98	496	3706193	3705795	0.0	730	496	28937740
brpb-809259	NC_063448.1	93.985	399	7	7	98	496	3921166	3920785	2.80e-167	592	496	56537224
brpb-809259	NC_063442.1	100.000	103	0	0	1	103	25683484	25683586	1.19e-46	191	496	45044935
brpb-809267	NC_063435.1	96.942	327	10	0	1	327	27950466	27950792	1.09e-154	549	327	29581582
brpb-809267	NC_063445.1	95.719	327	14	0	1	327	55357088	55357414	5.11e-148	527	327	58167434
brpb-809293	NC_063451.1	95.588	272	7	3	1	268	27962505	27962775	9.24e-120	433	268	49204614
brpb-809293	NC_063448.1	94.505	91	4	1	60	150	7106807	7106896	2.26e-31	139	268	56537224
brpb-809307	NC_063443.1	99.367	316	2	0	1	316	19088835	19089150	4.82e-163	577	316	19559996
brpb-809393	NC_063438.1	99.687	319	1	0	1	319	12145286	12145604	2.91e-165	584	319	29228566
brpb-809393	NC_063448.1	98.125	320	5	1	1	319	31231800	31232119	6.35e-157	556	319	56537224
brpb-809443	NC_063449.1	91.016	256	17	6	7	259	25778890	25779142	3.31e-94	348	259	48209797
brpb-809492	NC_063441.1	100.000	357	0	0	1	357	11894400	11894044	0.0	660	357	23154485
brpb-809492	NW_026014669.1	95.319	235	11	0	123	357	72811	72577	7.75e-102	374	357	91191
brpb-809492	NW_026014188.1	95.319	235	11	0	123	357	22390	22156	7.75e-102	374	357	54728
brpb-809492	NC_063446.1	93.644	236	11	4	123	357	63737780	63737548	1.31e-94	350	357	74222928
brpb-809496	NC_063442.1	96.855	318	10	0	8	325	36291820	36292137	1.09e-149	532	325	45044935
brpb-809496	NC_063451.1	95.988	324	13	0	1	324	39475614	39475937	5.08e-148	527	325	49204614
brpb-809496	NC_063449.1	91.746	315	20	1	11	325	27674827	27675135	1.14e-119	433	325	48209797
brpb-809496	NC_063447.1	91.667	312	20	2	17	325	32642108	32641800	5.30e-118	427	325	62924550
brpb-809496	NC_063440.1	90.476	315	24	1	11	325	17769052	17769360	5.34e-113	411	325	28277616
brpb-809526	NC_063443.1	92.117	444	32	1	1	444	14394949	14395389	8.82e-177	623	444	19559996
brpb-809526	NC_063452.1	90.323	434	38	1	11	444	55426934	55427363	1.51e-159	566	444	64956572
brpb-809530	NC_063445.1	96.859	191	6	0	1	191	4630424	4630614	5.15e-86	322	623	58167434
brpb-809539	NC_063443.1	90.045	221	20	2	1	219	18967139	18966919	3.74e-75	285	357	19559996
brpb-809539	NC_063452.1	90.909	154	12	2	199	352	63698039	63697888	2.99e-51	206	357	64956572
brpb-809539	NC_063452.1	98.113	106	2	0	85	190	63698193	63698088	3.90e-45	185	357	64956572
brpb-809579	NC_063438.1	95.775	71	3	0	1	71	2680688	2680618	4.67e-24	115	324	29228566
brpb-809583	NC_063447.1	97.231	325	8	1	1	325	33529117	33528794	1.08e-154	549	325	62924550
brpb-809583	NC_063437.1	96.646	328	8	1	1	325	2039091	2038764	1.81e-152	542	325	22079791
brpb-809585	NC_063450.1	93.018	444	29	2	1	443	24742037	24742479	0.0	647	443	54958258
brpb-809585	NC_063440.1	92.205	449	28	4	1	443	12046466	12046913	1.89e-178	628	443	28277616
brpb-809609	NC_063441.1	96.996	466	9	2	1	462	19563071	19563535	0.0	778	462	23154485
brpb-809609	NC_063451.1	93.909	197	11	1	1	196	30640647	30640451	2.28e-78	296	462	49204614
brpb-809631	NC_063437.1	99.676	309	1	0	1	309	4186609	4186301	1.02e-159	566	309	22079791
brpb-809631	NC_063447.1	91.089	303	23	1	1	299	37955850	37955548	6.55e-112	407	309	62924550
brpb-809652	NC_063436.1	95.588	68	3	0	211	278	3243578	3243645	2.41e-22	110	357	38724999
brpb-809660	NC_063438.1	99.130	230	2	0	2	231	22636860	22636631	2.19e-115	418	231	29228566
brpb-809660	NC_063448.1	92.857	168	11	1	3	169	46739836	46739669	1.09e-63	246	231	56537224
brpb-809719	NC_063439.1	99.307	433	3	0	1	433	3200536	3200104	0.0	784	437	28937740
brpb-809719	NC_063448.1	91.686	433	19	6	1	433	3212414	3211999	4.09e-165	584	437	56537224
brpb-809756	NC_063446.1	92.465	783	30	7	1	765	833888	833117	0.0	1098	793	74222928
brpb-809756	NC_063436.1	92.683	615	18	6	177	765	703073	702460	0.0	867	793	38724999
brpb-809756	NC_063436.1	96.842	190	5	1	1	190	705551	705363	3.08e-84	316	793	38724999
brpb-809771	NC_063449.1	95.962	421	14	1	1	418	30271455	30271875	0.0	680	418	48209797
brpb-809771	NC_063449.1	94.749	419	18	2	3	418	18558543	18558126	0.0	649	418	48209797
brpb-809771	NC_063444.1	92.661	109	7	1	62	170	21587150	21587257	3.62e-36	156	418	51431623
brpb-809787	NC_063447.1	92.308	221	15	2	1	220	3767146	3766927	2.09e-83	313	430	62924550
brpb-809787	NC_063447.1	90.222	225	20	2	1	224	61533926	61533703	2.73e-77	292	430	62924550
brpb-809825	NC_063437.1	99.722	360	0	1	1	359	4186250	4186609	0.0	658	359	22079791
brpb-809825	NC_063447.1	91.643	347	23	2	17	359	37955506	37955850	2.08e-132	475	359	62924550
brpb-809839	NW_026016758.1	97.855	373	8	0	1	373	18970	19342	0.0	645	373	127036
brpb-809839	NC_063452.1	97.855	373	8	0	1	373	64676586	64676958	0.0	645	373	64956572
brpb-809839	NC_063445.1	93.333	360	24	0	11	370	592951	593310	1.27e-149	532	373	58167434
brpb-809854	NC_063436.1	97.733	397	8	1	1	396	14717857	14718253	0.0	689	396	38724999
brpb-809854	NC_063446.1	96.212	396	15	0	1	396	22668148	22668543	0.0	656	396	74222928
brpb-809917	NC_063440.1	94.033	419	21	2	1	415	13083019	13082601	1.54e-179	632	464	28277616
brpb-809917	NC_063435.1	93.795	419	22	3	1	416	5969767	5970184	7.14e-178	627	464	29581582
brpb-809917	NC_063445.1	93.317	419	23	4	1	415	10509228	10509645	5.56e-174	614	464	58167434
brpb-809917	NC_063450.1	93.079	419	25	2	1	415	27237924	27237506	7.20e-173	610	464	54958258
brpb-809917	NC_063450.1	93.079	419	25	2	1	415	27307280	27306862	7.20e-173	610	464	54958258
brpb-809917	NW_026014963.1	90.541	74	7	0	1	74	70891	70964	6.93e-19	99.0	464	123146
brpb-809917	NW_026014839.1	90.541	74	7	0	1	74	252653	252726	6.93e-19	99.0	464	314405
brpb-809935	NC_063438.1	95.714	210	9	0	1	210	2070503	2070294	4.37e-92	340	210	29228566
brpb-809935	NC_063447.1	95.673	208	9	0	3	210	3585131	3584924	5.66e-91	337	210	62924550
brpb-809935	NC_063436.1	93.301	209	14	0	2	210	10796171	10795963	3.43e-83	311	210	38724999
brpb-809935	NC_063446.1	91.388	209	18	0	2	210	14170260	14170468	1.61e-76	289	210	74222928
brpb-809947	NC_063434.1	93.168	322	19	1	289	610	2445710	2445392	1.70e-130	470	610	30963416
brpb-809947	NC_063450.1	90.991	111	9	1	116	225	52835519	52835629	9.05e-34	148	610	54958258
brpb-810005	NC_063448.1	98.419	506	7	1	1	506	52373088	52372584	0.0	902	507	56537224
brpb-810005	NC_063438.1	96.634	505	16	1	3	507	25718498	25717995	0.0	850	507	29228566
brpb-810005	NW_026014005.1	96.436	505	15	3	3	507	14698	15199	0.0	843	507	22701
brpb-810005	NW_026014005.1	95.644	505	16	6	3	507	22148	21650	0.0	819	507	22701
brpb-810025	NC_063442.1	96.471	170	6	0	3	172	31864834	31865003	6.62e-75	283	189	45044935
brpb-810025	NC_063448.1	94.767	172	9	0	1	172	13816071	13815900	5.15e-71	270	189	56537224
brpb-838470	NC_063434.1	96.907	291	8	1	130	420	15145108	15144819	1.14e-135	486	421	30963416
brpb-838470	NW_026016721.1	96.233	292	11	0	130	421	3399	3108	1.91e-133	479	421	43367
brpb-838470	NC_063444.1	96.233	292	11	0	130	421	26422100	26421809	1.91e-133	479	421	51431623
brpb-838470	NC_063452.1	97.674	129	3	0	1	129	37896659	37896787	3.55e-56	222	421	64956572
brpb-838470	NC_063452.1	95.349	129	6	0	1	129	37904614	37904742	3.58e-51	206	421	64956572
brpb-838470	NC_063447.1	96.923	130	3	1	1	129	11289191	11289320	1.65e-54	217	421	62924550
brpb-838470	NC_063436.1	96.899	129	4	0	1	129	34768457	34768329	1.65e-54	217	421	38724999
brpb-838470	NC_063451.1	96.124	129	5	0	1	129	12540222	12540094	7.69e-53	211	421	49204614
brpb-838470	NC_063451.1	92.366	131	10	0	1	131	6014763	6014633	1.30e-45	187	421	49204614
brpb-838470	NC_063435.1	96.094	128	5	0	2	129	17968125	17967998	2.76e-52	209	421	29581582
brpb-838470	NC_063435.1	92.908	141	9	1	1	141	19174332	19174471	1.29e-50	204	421	29581582
brpb-838470	NC_063435.1	94.574	129	7	0	1	129	17015276	17015148	1.66e-49	200	421	29581582
brpb-838470	NC_063435.1	94.574	129	7	0	1	129	17961243	17961115	1.66e-49	200	421	29581582
brpb-838470	NC_063435.1	93.798	129	8	0	1	129	19167443	19167571	7.74e-48	195	421	29581582
brpb-838470	NC_063446.1	95.349	129	6	0	1	129	48215617	48215489	3.58e-51	206	421	74222928
brpb-838470	NC_063446.1	96.748	123	4	0	1	123	48222582	48222460	3.58e-51	206	421	74222928
brpb-838470	NC_063450.1	95.276	127	6	0	1	127	34435708	34435834	4.63e-50	202	421	54958258
brpb-838470	NC_063450.1	94.574	129	7	0	1	129	34428965	34429093	1.66e-49	200	421	54958258
brpb-838470	NC_063442.1	92.913	127	9	0	3	129	26623277	26623403	4.66e-45	185	421	45044935
brpb-838470	NW_026014285.1	92.248	129	10	0	1	129	19908	19780	1.68e-44	183	421	41816
brpb-838470	NC_063448.1	92.248	129	10	0	1	129	11799286	11799414	1.68e-44	183	421	56537224
brpb-838492	NC_063442.1	98.387	434	7	0	1	434	3378760	3378327	0.0	767	434	45044935
brpb-838492	NC_063452.1	97.926	434	9	0	1	434	3515633	3515200	0.0	756	434	64956572
brpb-838511	NW_026016100.1	99.804	509	1	0	1	509	57971	57463	0.0	937	509	72166
brpb-838511	NW_026016101.1	97.847	511	2	9	1	509	687	184	0.0	876	509	22974
brpb-838583	NC_063444.1	97.037	270	8	0	1	270	17840736	17841005	3.30e-129	464	270	51431623
brpb-838583	NC_063434.1	92.896	183	11	2	1	183	11058524	11058704	3.60e-69	265	270	30963416
brpb-838593	NC_063442.1	98.954	478	5	0	218	695	33351090	33351567	0.0	865	695	45044935
brpb-838593	NC_063446.1	92.259	478	37	0	218	695	24515511	24515988	0.0	688	695	74222928
brpb-838593	NC_063446.1	90.244	164	16	0	1	164	5459806	5459969	2.80e-54	217	695	74222928
brpb-838593	NC_063445.1	96.951	164	5	0	1	164	4630424	4630587	1.27e-72	278	695	58167434
brpb-838593	NC_063452.1	91.358	162	14	0	3	164	53165502	53165341	1.68e-56	224	695	64956572
brpb-838593	NC_063443.1	90.244	164	16	0	1	164	13242287	13242124	2.80e-54	217	695	19559996
brpb-838604	NC_063436.1	100.000	112	0	0	1	112	27387828	27387717	2.18e-52	207	112	38724999
brpb-838604	NC_063450.1	96.364	110	4	0	3	112	50735511	50735402	1.32e-44	182	112	54958258
brpb-838604	NC_063444.1	93.137	102	7	0	3	104	15621643	15621542	3.72e-35	150	112	51431623
brpb-838654	NC_063445.1	97.590	83	2	0	1	83	26145224	26145142	2.08e-32	143	315	58167434
brpb-838667	NC_063448.1	98.098	368	7	0	1	368	50891859	50892226	0.0	649	368	56537224
brpb-838667	NC_063438.1	97.554	368	9	0	1	368	24894644	24895011	0.0	638	368	29228566
brpb-838667	NC_063444.1	90.419	334	30	2	9	341	47243400	47243732	6.02e-123	444	368	51431623
brpb-838675	NC_063439.1	97.720	307	7	0	1	307	2834445	2834751	1.34e-148	529	309	28937740
brpb-838675	NC_063449.1	92.381	210	16	0	100	309	4236151	4235942	1.14e-79	300	309	48209797
brpb-838675	NC_063449.1	97.030	101	3	0	1	101	4236298	4236198	9.36e-41	171	309	48209797
brpb-838679	NC_063446.1	100.000	468	0	0	1	468	20426085	20425618	0.0	865	468	74222928
brpb-838682	NC_063441.1	100.000	357	0	0	1	357	11894400	11894044	0.0	660	358	23154485
brpb-838682	NW_026014669.1	95.319	235	11	0	123	357	72811	72577	7.78e-102	374	358	91191
brpb-838682	NW_026014188.1	95.319	235	11	0	123	357	22390	22156	7.78e-102	374	358	54728
brpb-838682	NC_063446.1	93.644	236	11	4	123	357	63737780	63737548	1.31e-94	350	358	74222928
brpb-838688	NC_063436.1	96.037	328	12	1	18	345	7550312	7550638	4.20e-154	547	348	38724999
brpb-838708	NC_063436.1	98.237	397	6	1	1	396	14718253	14717857	0.0	693	396	38724999
brpb-838708	NC_063446.1	96.717	396	13	0	1	396	22668543	22668148	0.0	660	396	74222928
brpb-838772	NW_026015739.1	95.367	518	22	2	95	611	26570	27086	0.0	826	612	60379
brpb-838772	NC_063445.1	95.367	518	22	2	95	611	15306	14790	0.0	826	612	58167434
brpb-838773	NC_063445.1	100.000	492	0	0	1	492	27747633	27747142	0.0	909	492	58167434
brpb-838773	NC_063445.1	98.305	118	2	0	31	148	27730765	27730648	1.17e-51	207	492	58167434
brpb-838773	NW_026016947.1	97.455	393	5	2	1	393	16657	16270	0.0	665	492	30748
brpb-838773	NW_026016947.1	97.973	148	2	1	1	148	6674	6528	4.13e-66	255	492	30748
brpb-838773	NW_026016554.1	97.455	393	5	2	1	393	21916	22303	0.0	665	492	54391
brpb-838773	NW_026016554.1	99.531	213	1	0	181	393	28943	29155	3.91e-106	388	492	54391
brpb-838773	NW_026016554.1	97.973	148	2	1	1	148	31051	31197	4.13e-66	255	492	54391
brpb-838773	NW_026016554.1	96.552	58	1	1	337	393	3031	3088	9.53e-18	95.3	492	54391
brpb-838773	NW_026016516.1	97.455	393	5	2	1	393	39851	39464	0.0	665	492	48739
brpb-838773	NW_026016516.1	99.531	213	1	0	181	393	32787	32575	3.91e-106	388	492	48739
brpb-838773	NW_026016516.1	97.973	148	2	1	1	148	8393	8247	4.13e-66	255	492	48739
brpb-838773	NW_026016516.1	96.622	148	4	1	1	148	30653	30507	8.95e-63	244	492	48739
brpb-838773	NW_026016516.1	96.552	58	1	1	337	393	27578	27521	9.53e-18	95.3	492	48739
brpb-838773	NW_026016197.1	97.455	393	5	2	1	393	24256	23869	0.0	665	492	43415
brpb-838773	NW_026016197.1	97.973	148	2	1	1	148	15764	15618	4.13e-66	255	492	43415
brpb-838773	NW_026016197.1	96.552	58	1	1	337	393	12700	12643	9.53e-18	95.3	492	43415
brpb-838773	NW_026014561.1	97.455	393	5	2	1	393	22731	23118	0.0	665	492	82164
brpb-838773	NW_026014561.1	99.531	213	1	0	181	393	29753	29965	3.91e-106	388	492	82164
brpb-838773	NW_026014561.1	96.622	148	4	1	1	148	31886	32032	8.95e-63	244	492	82164
brpb-838773	NC_063435.1	97.455	393	5	2	1	393	13610621	13610234	0.0	665	492	29581582
brpb-838773	NC_063435.1	96.712	365	5	3	31	393	13649009	13648650	4.61e-170	601	492	29581582
brpb-838773	NC_063435.1	99.531	213	1	0	181	393	13633302	13633090	3.91e-106	388	492	29581582
brpb-838773	NC_063435.1	99.153	118	1	0	31	148	13631206	13631089	2.52e-53	213	492	29581582
brpb-838773	NC_063436.1	90.231	389	23	12	8	393	10475939	10475563	8.05e-138	494	492	38724999
brpb-838773	NW_026015825.1	97.973	148	2	1	1	148	32893	33039	4.13e-66	255	492	38058
brpb-838773	NW_026015825.1	96.622	148	4	1	1	148	24952	25098	8.95e-63	244	492	38058
brpb-838773	NW_026016992.1	97.619	126	3	0	268	393	32923	33048	1.95e-54	217	492	51281
brpb-838773	NW_026016992.1	96.552	58	1	1	337	393	37145	37202	9.53e-18	95.3	492	51281
brpb-838788	NC_063436.1	98.907	183	1	1	126	308	28083895	28084076	5.23e-88	327	308	38724999
brpb-838788	NC_063436.1	98.907	183	1	1	126	308	28108939	28109120	5.23e-88	327	308	38724999
brpb-838788	NC_063436.1	100.000	127	0	0	1	127	28109125	28109251	3.26e-60	235	308	38724999
brpb-838788	NC_063436.1	99.213	127	0	1	1	127	28084081	28084206	5.46e-58	228	308	38724999
brpb-838788	NC_063450.1	95.082	183	7	2	126	308	51242075	51242255	2.47e-76	289	308	54958258
brpb-838788	NC_063450.1	95.312	128	2	2	1	127	51242260	51242384	1.19e-49	200	308	54958258
brpb-838790	NC_063442.1	100.000	259	0	0	113	371	425467	425725	1.67e-133	479	371	45044935
brpb-838790	NC_063452.1	98.062	258	5	0	113	370	154403	154146	1.31e-124	449	371	64956572
brpb-838800	NC_063444.1	98.663	374	3	2	1	374	17840736	17841107	0.0	667	374	51431623
brpb-838800	NC_063434.1	94.118	204	8	4	172	374	11058745	11058945	1.80e-83	313	374	30963416
brpb-838800	NC_063434.1	95.322	171	8	0	1	171	11058524	11058694	3.06e-71	272	374	30963416
brpb-838807	NC_063446.1	100.000	355	0	0	1	355	1983236	1983590	0.0	656	469	74222928
brpb-838807	NC_063436.1	96.056	355	14	0	1	355	1562947	1563301	2.05e-163	579	469	38724999
brpb-838880	NC_063436.1	96.618	414	12	2	1	414	21583793	21583382	0.0	702	414	38724999
brpb-838880	NC_063450.1	95.663	415	15	3	1	414	44683815	44683403	0.0	680	414	54958258
brpb-838928	NC_063444.1	99.134	231	2	0	1	231	17841107	17840877	6.09e-116	420	231	51431623
brpb-838928	NC_063434.1	96.040	202	6	2	1	201	11058945	11058745	2.94e-89	331	231	30963416
brpb-838928	NC_063436.1	92.617	149	11	0	1	149	18281391	18281539	3.08e-54	215	231	38724999
brpb-838928	NC_063446.1	91.946	149	12	0	1	149	28558104	28558252	1.43e-52	209	231	74222928
brpb-838936	NC_063434.1	96.907	291	8	1	130	420	15145108	15144819	1.14e-135	486	421	30963416
brpb-838936	NW_026016721.1	96.233	292	11	0	130	421	3399	3108	1.91e-133	479	421	43367
brpb-838936	NC_063444.1	96.233	292	11	0	130	421	26422100	26421809	1.91e-133	479	421	51431623
brpb-838936	NC_063452.1	97.674	129	3	0	1	129	37896659	37896787	3.55e-56	222	421	64956572
brpb-838936	NC_063452.1	95.349	129	6	0	1	129	37904614	37904742	3.58e-51	206	421	64956572
brpb-838936	NC_063447.1	96.923	130	3	1	1	129	11289191	11289320	1.65e-54	217	421	62924550
brpb-838936	NC_063436.1	96.899	129	4	0	1	129	34768457	34768329	1.65e-54	217	421	38724999
brpb-838936	NC_063451.1	96.124	129	5	0	1	129	12540222	12540094	7.69e-53	211	421	49204614
brpb-838936	NC_063451.1	92.366	131	10	0	1	131	6014763	6014633	1.30e-45	187	421	49204614
brpb-838936	NC_063435.1	96.094	128	5	0	2	129	17968125	17967998	2.76e-52	209	421	29581582
brpb-838936	NC_063435.1	92.908	141	9	1	1	141	19174332	19174471	1.29e-50	204	421	29581582
brpb-838936	NC_063435.1	94.574	129	7	0	1	129	17015276	17015148	1.66e-49	200	421	29581582
brpb-838936	NC_063435.1	94.574	129	7	0	1	129	17961243	17961115	1.66e-49	200	421	29581582
brpb-838936	NC_063435.1	93.798	129	8	0	1	129	19167443	19167571	7.74e-48	195	421	29581582
brpb-838936	NC_063446.1	95.349	129	6	0	1	129	48215617	48215489	3.58e-51	206	421	74222928
brpb-838936	NC_063446.1	96.748	123	4	0	1	123	48222582	48222460	3.58e-51	206	421	74222928
brpb-838936	NC_063450.1	95.276	127	6	0	1	127	34435708	34435834	4.63e-50	202	421	54958258
brpb-838936	NC_063450.1	94.574	129	7	0	1	129	34428965	34429093	1.66e-49	200	421	54958258
brpb-838936	NC_063442.1	92.913	127	9	0	3	129	26623277	26623403	4.66e-45	185	421	45044935
brpb-838936	NW_026014285.1	92.248	129	10	0	1	129	19908	19780	1.68e-44	183	421	41816
brpb-838936	NC_063448.1	92.248	129	10	0	1	129	11799286	11799414	1.68e-44	183	421	56537224
brpb-838953	NC_063438.1	100.000	532	0	0	1	532	26242301	26241770	0.0	983	532	29228566
brpb-838953	NC_063448.1	96.262	535	8	5	1	532	53037408	53036883	0.0	867	532	56537224
brpb-838953	NC_063436.1	92.793	111	5	2	423	532	16509628	16509520	1.30e-36	158	532	38724999
brpb-838953	NC_063446.1	90.000	110	8	2	423	532	25294764	25294658	4.72e-31	139	532	74222928
brpb-838953	NC_063434.1	98.630	73	1	0	460	532	28996069	28995997	2.84e-28	130	532	30963416
brpb-838953	NC_063444.1	97.260	73	2	0	460	532	49614236	49614164	1.32e-26	124	532	51431623
brpb-838958	NC_063434.1	100.000	339	0	0	1	339	12126454	12126792	5.10e-178	627	339	30963416
brpb-838958	NC_063439.1	97.929	338	6	1	2	339	15567431	15567095	3.11e-165	584	339	28937740
brpb-838972	NC_063446.1	98.387	124	2	0	85	208	9918793	9918670	2.12e-55	219	208	74222928
brpb-838972	NC_063436.1	97.468	79	1	1	100	178	7555065	7554988	7.88e-30	134	208	38724999
brpb-838993	NC_063437.1	100.000	274	0	0	1	274	9888846	9888573	5.50e-142	507	274	22079791
brpb-839003	NC_063445.1	99.683	315	1	0	1	315	43760177	43760491	1.37e-163	579	323	58167434
brpb-839008	NC_063437.1	92.911	395	13	8	1	382	20035843	20035451	1.50e-159	566	442	22079791
brpb-839014	NC_063444.1	98.338	361	5	1	1	361	17840736	17841095	0.0	640	361	51431623
brpb-839014	NC_063434.1	93.194	191	10	3	172	361	11058745	11058933	3.78e-75	285	361	30963416
brpb-839014	NC_063434.1	95.322	171	8	0	1	171	11058524	11058694	2.95e-71	272	361	30963416
brpb-839027	NC_063448.1	98.974	390	4	0	261	650	50892248	50891859	0.0	699	650	56537224
brpb-839027	NC_063438.1	98.715	389	5	0	262	650	24895032	24894644	0.0	691	650	29228566
brpb-839027	NC_063445.1	96.154	208	8	0	1	208	4630424	4630631	1.49e-91	340	650	58167434
brpb-839027	NC_063446.1	90.722	194	18	0	1	194	5459806	5459999	4.28e-67	259	650	74222928
brpb-839027	NC_063436.1	90.722	194	18	0	1	194	4271220	4271413	4.28e-67	259	650	38724999
brpb-839027	NC_063452.1	90.374	187	15	2	3	186	53165502	53165316	4.31e-62	243	650	64956572
brpb-839094	NC_063438.1	99.565	230	1	0	1	230	3103043	3102814	1.69e-116	422	231	29228566
brpb-839094	NC_063438.1	99.565	230	1	0	1	230	3598862	3598633	1.69e-116	422	231	29228566
brpb-839094	NC_063444.1	90.870	230	21	0	1	230	17505577	17505348	3.82e-83	311	231	51431623
brpb-839095	NC_063442.1	95.325	385	8	4	31	406	37886875	37886492	1.06e-170	603	411	45044935
brpb-839095	NC_063451.1	92.448	384	8	4	31	405	41438160	41437789	1.82e-148	529	411	49204614
brpb-839122	NC_063444.1	99.286	280	2	0	1	280	17840736	17841015	4.36e-143	510	280	51431623
brpb-839122	NC_063434.1	95.322	171	8	0	1	171	11058524	11058694	2.24e-71	272	280	30963416
brpb-839164	NC_063445.1	100.000	393	0	0	1	393	9562178	9561786	0.0	726	393	58167434
brpb-839202	NC_063439.1	98.498	333	4	1	1	333	20017871	20017540	8.48e-166	586	333	28937740
brpb-839212	NC_063452.1	97.748	666	14	1	1	666	42182842	42183506	0.0	1171	666	64956572
brpb-839212	NC_063451.1	91.786	280	16	3	1	275	23540872	23541149	2.50e-104	383	666	49204614
brpb-839214	NC_063439.1	97.720	307	7	0	3	309	2834751	2834445	1.34e-148	529	309	28937740
brpb-839214	NC_063449.1	92.381	210	16	0	1	210	4235942	4236151	1.14e-79	300	309	48209797
brpb-839214	NC_063449.1	97.030	101	3	0	209	309	4236198	4236298	9.36e-41	171	309	48209797
brpb-839234	NC_063442.1	98.848	434	5	0	90	523	3378760	3378327	0.0	774	523	45044935
brpb-839234	NC_063452.1	98.387	434	7	0	90	523	3515633	3515200	0.0	763	523	64956572
brpb-839251	NC_063438.1	99.618	262	1	0	1	262	12145286	12145547	1.14e-133	479	262	29228566
brpb-839251	NC_063448.1	97.719	263	5	1	1	262	31231800	31232062	2.49e-125	451	262	56537224
brpb-839254	NC_063450.1	98.974	585	5	1	1	584	52863793	52863209	0.0	1055	584	54958258
brpb-839254	NC_063436.1	92.154	599	21	10	1	584	30040960	30040373	0.0	832	584	38724999
brpb-839254	NC_063444.1	94.220	173	10	0	356	528	2844709	2844881	2.29e-69	267	584	51431623
brpb-839254	NC_063434.1	93.064	173	12	0	356	528	2423638	2423810	4.95e-66	255	584	30963416
brpb-839259	NC_063440.1	98.177	384	7	0	1	384	14639295	14639678	0.0	678	384	28277616
brpb-839259	NC_063437.1	97.135	384	10	1	1	384	17543074	17542692	0.0	654	384	22079791
brpb-839261	NC_063444.1	97.844	371	8	0	1	371	17840736	17841106	0.0	651	372	51431623
brpb-839261	NC_063434.1	92.537	201	13	2	172	371	11058745	11058944	1.81e-78	296	372	30963416
brpb-839261	NC_063434.1	95.322	171	8	0	1	171	11058524	11058694	3.04e-71	272	372	30963416
brpb-839308	NC_063438.1	98.387	434	7	0	7	440	24180434	24180001	0.0	763	440	29228566
brpb-839331	NC_063438.1	95.597	477	20	1	2	478	24751190	24750715	0.0	771	515	29228566
brpb-839331	NC_063448.1	93.176	381	25	1	98	478	50677208	50676829	6.35e-159	564	515	56537224
brpb-839331	NC_063448.1	90.909	55	5	0	1	55	50677278	50677224	1.30e-11	75.0	515	56537224
brpb-839331	NC_063444.1	91.860	86	7	0	393	478	46891429	46891344	1.65e-25	121	515	51431623
brpb-839360	NC_063437.1	95.000	480	12	1	1	480	17554562	17554095	0.0	743	516	22079791
brpb-839361	NC_063444.1	100.000	372	0	0	1	372	17840736	17841107	0.0	688	372	51431623
brpb-839361	NC_063434.1	96.535	202	5	2	172	372	11058745	11058945	1.38e-89	333	372	30963416
brpb-839361	NC_063434.1	95.322	171	8	0	1	171	11058524	11058694	3.04e-71	272	372	30963416
brpb-839361	NC_063436.1	92.617	149	11	0	224	372	18281539	18281391	5.20e-54	215	372	38724999
brpb-839361	NC_063446.1	90.123	162	15	1	212	372	28558265	28558104	2.42e-52	209	372	74222928
brpb-839374	NC_063436.1	94.690	339	15	2	62	398	5809135	5808798	8.18e-147	523	398	38724999
brpb-839374	NC_063446.1	94.643	336	14	1	67	398	7502923	7502588	3.81e-145	518	398	74222928
brpb-839460	NC_063437.1	98.473	524	8	0	1	524	13738253	13737730	0.0	937	524	22079791
brpb-839460	NC_063447.1	93.182	528	27	4	4	524	50087112	50086587	0.0	780	524	62924550
brpb-839460	NC_063442.1	91.667	156	13	0	118	273	38733638	38733793	2.08e-54	217	524	45044935
brpb-839472	NC_063442.1	100.000	344	0	0	1	344	3726279	3725936	0.0	636	344	45044935
brpb-839472	NC_063452.1	94.286	350	14	1	1	344	4013207	4012858	4.18e-149	531	344	64956572
brpb-839485	NC_063436.1	100.000	435	0	0	1	435	31460535	31460969	0.0	804	435	38724999
brpb-839485	NC_063450.1	93.836	438	24	3	1	435	53918197	53918634	0.0	656	435	54958258
brpb-839485	NW_026015572.1	90.690	290	24	2	149	435	3004	3293	1.59e-104	383	435	28972
brpb-839485	NC_063441.1	90.690	290	24	2	149	435	16345587	16345876	1.59e-104	383	435	23154485
brpb-839516	NC_063444.1	97.305	371	10	0	1	371	51379762	51379392	4.34e-179	630	371	51431623
brpb-839516	NC_063434.1	97.305	371	10	0	1	371	29355533	29355163	4.34e-179	630	371	30963416
brpb-839525	NC_063436.1	98.894	452	5	0	1	452	12174112	12173661	0.0	808	482	38724999
brpb-839525	NC_063446.1	94.912	452	20	1	1	452	17545920	17545472	0.0	704	482	74222928
brpb-839577	NC_063437.1	100.000	366	0	0	1	366	10937546	10937911	0.0	676	366	22079791
brpb-839587	NC_063437.1	100.000	274	0	0	1	274	9888846	9888573	5.50e-142	507	274	22079791
brpb-839588	NC_063436.1	97.778	315	7	0	1	315	31460969	31460655	8.10e-156	553	315	38724999
brpb-839588	NC_063450.1	93.333	315	21	0	1	315	53918634	53918320	1.80e-132	475	315	54958258
brpb-839588	NW_026015572.1	90.146	274	24	2	1	271	3293	3020	8.81e-96	353	315	28972
brpb-839588	NC_063441.1	90.146	274	24	2	1	271	16345876	16345603	8.81e-96	353	315	23154485
brpb-839592	NC_063448.1	93.609	266	17	0	3	268	13877318	13877053	9.37e-110	399	268	56537224
brpb-839621	NW_026015739.1	93.814	388	18	3	3	386	8448	8833	1.67e-163	579	386	60379
brpb-839621	NC_063445.1	93.814	388	18	3	3	386	33427	33042	1.67e-163	579	386	58167434
brpb-839626	NC_063434.1	100.000	359	0	0	1	359	27722339	27722697	0.0	664	359	30963416
brpb-839631	NC_063447.1	96.886	289	8	1	1	289	39861098	39860811	1.70e-134	483	481	62924550
brpb-839631	NC_063447.1	90.722	194	16	2	289	481	39860865	39860673	1.12e-66	257	481	62924550
brpb-839631	NC_063437.1	94.891	274	14	0	1	274	5547379	5547106	2.25e-118	429	481	22079791
brpb-839631	NC_063437.1	99.482	193	1	0	289	481	5547145	5546953	5.00e-95	351	481	22079791
brpb-839662	NC_063451.1	99.849	662	0	1	1	662	40372607	40371947	0.0	1216	662	49204614
brpb-839662	NC_063451.1	96.450	169	6	0	492	660	39278109	39277941	3.35e-73	279	662	49204614
brpb-839662	NC_063442.1	95.266	169	8	0	492	660	36095390	36095222	7.25e-70	268	662	45044935
brpb-839673	NC_063442.1	94.416	394	22	0	1	394	33798271	33797878	0.0	645	395	45044935
brpb-839683	NC_063436.1	98.291	117	2	0	88	204	17027433	17027317	1.61e-51	206	204	38724999
brpb-839739	NC_063436.1	94.690	339	15	2	1	337	5808798	5809135	8.18e-147	523	398	38724999
brpb-839739	NC_063446.1	94.643	336	14	1	1	332	7502588	7502923	3.81e-145	518	398	74222928
brpb-839756	NC_063434.1	96.507	458	9	5	297	748	3309335	3309791	0.0	758	749	30963416
brpb-839756	NC_063434.1	99.007	302	3	0	1	302	3308991	3309292	4.40e-152	542	749	30963416
brpb-839756	NC_063444.1	93.145	248	10	3	62	302	4131966	4132213	1.71e-96	357	749	51431623
brpb-839756	NC_063444.1	92.340	235	16	2	297	530	4132256	4132489	2.88e-89	333	749	51431623
brpb-839756	NC_063441.1	91.837	147	11	1	157	302	14540330	14540476	2.36e-50	204	749	23154485
brpb-839756	NC_063446.1	91.935	62	1	1	5	66	69753726	69753783	3.20e-14	84.2	749	74222928
brpb-839761	NW_026016634.1	98.582	564	8	0	1	564	11007	11570	0.0	1013	564	53646
brpb-839761	NW_026014489.1	98.582	564	8	0	1	564	4753	4190	0.0	1013	564	96215
brpb-839761	NW_026014488.1	98.582	564	8	0	1	564	192617	192054	0.0	1013	564	226896
brpb-839761	NC_063446.1	98.582	564	8	0	1	564	56041359	56041922	0.0	1013	564	74222928
brpb-839761	NC_063437.1	95.390	564	26	0	1	564	16453207	16452644	0.0	913	564	22079791
brpb-839769	NC_063447.1	99.595	494	2	0	1	494	59641003	59640510	0.0	905	494	62924550
brpb-839769	NC_063447.1	93.836	146	9	0	1	146	6098512	6098657	1.51e-55	220	494	62924550
brpb-839769	NC_063447.1	93.836	146	9	0	1	146	6123016	6122871	1.51e-55	220	494	62924550
brpb-839769	NC_063437.1	91.903	494	16	5	1	494	19794679	19795148	0.0	673	494	22079791
brpb-839776	NC_063444.1	98.601	143	0	1	1	141	50350293	50350151	1.33e-65	252	141	51431623
brpb-839776	NC_063434.1	97.902	143	1	1	1	141	30082056	30081914	6.17e-64	246	141	30963416
brpb-839781	NC_063446.1	95.387	607	28	0	1	607	5893993	5894599	0.0	966	607	74222928
brpb-839781	NC_063436.1	94.098	593	35	0	15	607	4583111	4583703	0.0	902	607	38724999
brpb-839815	NC_063438.1	99.697	330	1	0	1	330	20386126	20386455	2.32e-171	604	330	29228566
brpb-839815	NW_026016323.1	96.364	330	11	1	1	330	358767	358439	1.84e-152	542	330	568082
brpb-839815	NC_063448.1	93.000	100	4	1	140	239	41325116	41325212	2.19e-32	143	330	56537224
brpb-839815	NC_063448.1	97.872	47	1	0	284	330	41338029	41338075	4.83e-14	82.4	330	56537224
brpb-839825	NC_063438.1	100.000	532	0	0	1	532	26241770	26242301	0.0	983	532	29228566
brpb-839825	NC_063448.1	96.262	535	8	5	1	532	53036883	53037408	0.0	867	532	56537224
brpb-839825	NC_063436.1	92.793	111	5	2	1	110	16509520	16509628	1.30e-36	158	532	38724999
brpb-839825	NC_063446.1	90.000	110	8	2	1	110	25294658	25294764	4.72e-31	139	532	74222928
brpb-839825	NC_063434.1	98.630	73	1	0	1	73	28995997	28996069	2.84e-28	130	532	30963416
brpb-839825	NC_063444.1	97.260	73	2	0	1	73	49614164	49614236	1.32e-26	124	532	51431623
brpb-839838	NC_063439.1	98.063	671	13	0	1	671	5391189	5390519	0.0	1168	671	28937740
brpb-839838	NC_063448.1	91.849	687	26	15	1	671	6406323	6405651	0.0	931	671	56537224
brpb-839838	NC_063448.1	92.537	134	10	0	538	671	6400637	6400504	4.55e-47	193	671	56537224
brpb-839838	NC_063448.1	91.045	134	8	2	538	669	6396865	6396734	1.28e-42	178	671	56537224
brpb-839858	NC_063445.1	99.751	402	1	0	1	402	34471315	34471716	0.0	737	402	58167434
brpb-839858	NC_063452.1	90.798	163	13	1	1	161	45174379	45174217	1.57e-54	217	402	64956572
brpb-839875	NC_063452.1	95.902	610	17	4	1	602	19994876	19995485	0.0	981	606	64956572
brpb-839875	NC_063452.1	95.603	614	18	5	1	605	20028096	20027483	0.0	976	606	64956572
brpb-839875	NC_063452.1	96.000	425	5	6	1	413	20106031	20105607	0.0	680	606	64956572
brpb-839875	NC_063452.1	92.994	314	19	3	295	605	20054326	20054013	4.73e-126	455	606	64956572
brpb-839875	NC_063452.1	98.387	248	4	0	44	291	20066883	20066636	1.71e-120	436	606	64956572
brpb-839875	NC_063452.1	93.269	208	14	0	398	605	20105594	20105387	1.40e-81	307	606	64956572
brpb-839875	NC_063452.1	92.727	55	4	0	1	55	20071791	20071737	3.33e-13	80.5	606	64956572
brpb-839875	NC_063442.1	95.372	605	24	1	2	602	12821507	12822111	0.0	959	606	45044935
brpb-839875	NC_063442.1	94.426	610	24	4	1	606	12912314	12911711	0.0	929	606	45044935
brpb-839875	NC_063442.1	94.262	610	25	5	1	606	12875329	12874726	0.0	924	606	45044935
brpb-839875	NC_063442.1	94.262	610	25	5	1	606	12894395	12893792	0.0	924	606	45044935
brpb-839875	NC_063442.1	90.789	608	50	5	1	602	12816730	12817337	0.0	808	606	45044935
brpb-839875	NW_026016862.1	96.787	249	4	4	44	291	47241	47486	2.89e-113	412	606	47907
brpb-839875	NW_026016862.1	95.918	49	2	0	1	49	42334	42382	3.33e-13	80.5	606	47907
brpb-839875	NC_063435.1	91.429	280	24	0	1	280	19595534	19595813	6.29e-105	385	606	29581582
brpb-839875	NC_063435.1	91.429	280	24	0	1	280	19617235	19616956	6.29e-105	385	606	29581582
brpb-839875	NC_063435.1	91.705	217	15	3	392	606	19595879	19596094	8.43e-79	298	606	29581582
brpb-839875	NC_063435.1	92.381	210	15	1	397	606	19616883	19616675	8.43e-79	298	606	29581582
brpb-839875	NC_063445.1	91.071	280	25	0	1	280	41240557	41240836	2.93e-103	379	606	58167434
brpb-839875	NC_063445.1	92.683	205	15	0	402	606	41240918	41241122	3.03e-78	296	606	58167434
brpb-839875	NC_063445.1	93.069	202	14	0	405	606	41277074	41276873	3.03e-78	296	606	58167434
brpb-839875	NC_063450.1	90.357	280	27	0	1	280	30169875	30169596	6.34e-100	368	606	54958258
brpb-839875	NC_063450.1	93.333	210	13	1	398	606	30169512	30169303	3.90e-82	309	606	54958258
brpb-839875	NC_063439.1	90.000	280	28	0	1	280	28328281	28328560	2.95e-98	363	606	28937740
brpb-839875	NC_063439.1	93.333	210	13	1	398	606	28328648	28328857	3.90e-82	309	606	28937740
brpb-839889	NC_063440.1	100.000	305	0	0	1	305	13412655	13412959	3.62e-159	564	305	28277616
brpb-839889	NC_063450.1	94.979	239	9	2	65	303	27863808	27864043	2.36e-101	372	305	54958258
brpb-840062	NC_063435.1	99.176	364	3	0	1	364	28127024	28127387	0.0	656	364	29581582
brpb-840085	NC_063439.1	92.164	536	16	11	1	529	19456749	19457265	0.0	737	529	28937740
brpb-840085	NC_063446.1	93.171	410	17	5	130	529	38888768	38888360	2.32e-168	595	529	74222928
brpb-840085	NC_063446.1	93.443	122	2	3	1	121	38898859	38898743	3.57e-42	176	529	74222928
brpb-840085	NC_063445.1	92.784	97	5	2	434	529	56952161	56952256	4.69e-31	139	529	58167434
brpb-840085	NC_063435.1	92.941	85	4	2	434	517	29106300	29106383	4.72e-26	122	529	29581582
brpb-840102	NC_063439.1	97.859	654	11	2	1	654	3842354	3843004	0.0	1131	654	28937740
brpb-840102	NC_063448.1	93.148	467	24	6	11	474	4131399	4131860	0.0	678	654	56537224
brpb-840127	NC_063445.1	98.282	291	5	0	1	291	43760491	43760201	7.55e-146	520	291	58167434
brpb-840137	NC_063436.1	98.425	508	8	0	1	508	7356554	7356047	0.0	894	508	38724999
brpb-840137	NC_063446.1	92.695	397	24	4	117	508	9614984	9614588	4.84e-160	568	508	74222928
brpb-840137	NC_063446.1	90.991	111	6	3	1	111	9615514	9615408	2.68e-33	147	508	74222928
brpb-840148	NC_063446.1	90.055	181	16	2	76	256	10574898	10574720	1.87e-59	233	477	74222928
brpb-840166	NC_063452.1	98.222	225	4	0	290	514	23305756	23305980	8.83e-108	394	516	64956572
brpb-840166	NC_063452.1	96.460	226	7	1	1	225	19365545	19365770	4.14e-101	372	516	64956572
brpb-840166	NC_063452.1	90.244	82	4	4	228	305	23304878	23304959	1.67e-20	104	516	64956572
brpb-840166	NC_063450.1	98.222	225	4	0	290	514	34678594	34678370	8.83e-108	394	516	54958258
brpb-840166	NC_063450.1	91.463	82	3	4	228	305	34679466	34679385	3.58e-22	110	516	54958258
brpb-840188	NC_063442.1	100.000	329	0	0	1	329	12346740	12346412	1.79e-172	608	329	45044935
brpb-840188	NC_063452.1	96.605	324	10	1	7	329	19252646	19252323	8.55e-151	536	329	64956572
brpb-840216	NC_063451.1	98.438	64	1	0	1	64	25684727	25684664	3.47e-23	113	639	49204614
brpb-840216	NC_063441.1	98.438	64	1	0	1	64	21886919	21886982	3.47e-23	113	639	23154485
brpb-840256	NC_063451.1	95.157	351	10	5	1	347	27962505	27962852	3.26e-155	551	349	49204614
brpb-840278	NC_063444.1	98.206	223	4	0	1	223	50349937	50350159	3.55e-108	394	223	51431623
brpb-840278	NC_063434.1	97.758	223	5	0	1	223	30081700	30081922	1.65e-106	388	223	30963416
brpb-840331	NC_063437.1	99.616	521	2	0	1	521	20899391	20899911	0.0	955	522	22079791
brpb-840331	NC_063447.1	92.143	140	10	1	15	153	61465554	61465693	2.71e-48	196	522	62924550
brpb-840347	NC_063440.1	100.000	532	0	0	1	532	27828238	27827707	0.0	983	532	28277616
brpb-840347	NC_063449.1	98.872	532	6	0	1	532	47643471	47642940	0.0	950	532	48209797
brpb-840347	NC_063445.1	90.756	119	11	0	281	399	29111786	29111668	3.62e-37	159	532	58167434
brpb-840348	NC_063437.1	100.000	212	0	0	1	212	3677235	3677446	1.20e-107	392	212	22079791
brpb-840355	NC_063439.1	95.853	434	6	4	1	423	3200104	3200536	0.0	691	423	28937740
brpb-840355	NC_063448.1	94.104	424	16	4	1	423	3211999	3212414	1.08e-180	636	423	56537224
brpb-840382	NC_063434.1	98.876	445	5	0	1	445	1288432	1287988	0.0	795	445	30963416
brpb-840382	NC_063444.1	95.291	446	20	1	1	445	1441198	1440753	0.0	706	445	51431623
brpb-840382	NC_063436.1	93.056	72	5	0	371	442	31341184	31341255	3.96e-21	106	445	38724999
brpb-840398	NW_026014488.1	99.499	399	2	0	88	486	187626	188024	0.0	728	486	226896
brpb-840398	NW_026016634.1	99.248	399	3	0	88	486	23164	22766	0.0	723	486	53646
brpb-840398	NC_063446.1	99.248	399	3	0	88	486	56053491	56053093	0.0	723	486	74222928
brpb-840398	NC_063448.1	95.466	397	18	0	90	486	24092119	24091723	1.25e-180	636	486	56537224
brpb-840398	NC_063437.1	92.231	399	21	2	88	486	16449776	16450164	2.78e-157	558	486	22079791
brpb-840398	NW_026014489.1	96.629	178	4	2	309	486	2	177	2.40e-78	296	486	96215
brpb-840401	NC_063435.1	99.388	327	2	0	1	327	27950466	27950792	1.38e-168	595	327	29581582
brpb-840401	NC_063445.1	93.884	327	20	0	1	327	55357088	55357414	1.44e-138	496	327	58167434
brpb-840473	NC_063444.1	94.706	170	7	2	1	170	50349937	50350104	1.26e-71	272	170	51431623
brpb-840473	NC_063434.1	94.118	170	8	2	1	170	30081700	30081867	5.88e-70	267	170	30963416
brpb-840499	NC_063442.1	99.145	468	2	1	1	466	11660774	11661241	0.0	843	466	45044935
brpb-840499	NC_063452.1	90.426	470	34	9	1	466	17756787	17757249	7.23e-173	610	466	64956572
brpb-840499	NC_063452.1	93.949	314	10	5	1	309	17796853	17797162	1.66e-129	466	466	64956572
brpb-840499	NC_063452.1	92.157	102	3	2	305	402	17808712	17808812	4.10e-31	139	466	64956572
brpb-840499	NC_063452.1	98.611	72	1	0	395	466	17809337	17809408	2.47e-28	130	466	64956572
brpb-840516	NC_063445.1	99.541	218	1	0	1	218	50576831	50577048	2.67e-109	398	218	58167434
brpb-840517	NC_063437.1	98.039	561	9	2	1	561	2894446	2895004	0.0	974	569	22079791
brpb-840517	NC_063447.1	93.772	562	21	7	1	561	35295998	35295450	0.0	832	569	62924550
brpb-840529	NC_063443.1	95.528	559	12	7	1	557	15290932	15290385	0.0	881	558	19559996
brpb-840529	NC_063452.1	90.036	552	19	16	1	540	57360090	57359563	0.0	682	558	64956572
brpb-840529	NC_063445.1	92.424	132	10	0	1	132	2889109	2889240	4.86e-46	189	558	58167434
brpb-840529	NC_063435.1	91.667	132	11	0	1	132	1839541	1839672	2.26e-44	183	558	29581582
brpb-840545	NC_063435.1	99.229	389	3	0	1	389	5369944	5370332	0.0	708	389	29581582
brpb-840545	NC_063445.1	91.601	381	26	4	3	383	9135512	9135886	6.17e-148	527	389	58167434
brpb-840554	NC_063434.1	99.164	359	3	0	1	359	27722339	27722697	0.0	649	359	30963416
brpb-840563	NW_026016306.1	99.760	417	1	0	1	417	63090	63506	0.0	765	417	345969
brpb-840563	NW_026016497.1	97.330	412	11	0	1	412	106513	106924	0.0	701	417	122973
brpb-840563	NC_063442.1	90.476	84	5	2	123	206	28401161	28401241	1.03e-21	108	417	45044935
brpb-840569	NC_063441.1	94.206	466	13	3	1	453	19563535	19563071	0.0	702	453	23154485
brpb-840687	NC_063442.1	99.084	655	4	2	1	655	19204585	19203933	0.0	1181	655	45044935
brpb-840687	NC_063441.1	90.661	257	19	3	3	256	10300572	10300318	1.94e-90	337	655	23154485
brpb-840699	NC_063451.1	95.541	157	7	0	1	157	45112437	45112281	6.92e-69	263	157	49204614
brpb-840699	NC_063442.1	92.994	157	11	0	1	157	41023957	41023801	3.24e-62	241	157	45044935
brpb-840699	NC_063448.1	92.208	154	12	0	1	154	8991346	8991499	7.02e-59	230	157	56537224
brpb-840731	NC_063435.1	98.649	296	4	0	1	296	3948850	3948555	1.29e-148	529	298	29581582
brpb-840742	NC_063444.1	99.507	203	1	0	1	203	17840736	17840938	5.37e-101	370	203	51431623
brpb-840742	NC_063434.1	95.322	171	8	0	1	171	11058524	11058694	1.56e-71	272	203	30963416
brpb-840757	NC_063439.1	97.857	280	6	0	1	280	2939471	2939192	2.64e-135	484	280	28937740
brpb-840778	NC_063449.1	99.693	326	1	0	1	326	8853442	8853767	1.06e-169	599	326	48209797
brpb-840778	NC_063439.1	97.853	326	7	0	1	326	7551058	7550733	1.08e-159	566	326	28937740
brpb-840784	NC_063435.1	99.800	500	1	0	1	500	3746473	3745974	0.0	918	534	29581582
brpb-840784	NC_063445.1	97.600	500	12	0	1	500	5973636	5973137	0.0	857	534	58167434
brpb-840813	NC_063436.1	98.780	328	3	1	18	345	7550312	7550638	1.19e-164	582	358	38724999
brpb-840813	NC_063437.1	90.541	148	12	1	50	197	16812177	16812032	6.50e-48	195	358	22079791
brpb-840897	NC_063438.1	97.273	330	6	2	1	329	5885938	5885611	1.82e-157	558	329	29228566
brpb-840897	NC_063447.1	93.714	175	8	1	30	201	11254896	11254722	2.07e-67	259	329	62924550
brpb-840898	NC_063436.1	97.122	417	11	1	1	417	9948302	9948717	0.0	702	425	38724999
brpb-840898	NC_063446.1	95.070	426	12	1	1	417	13616504	13616929	0.0	662	425	74222928
brpb-840904	NC_063444.1	100.000	372	0	0	1	372	17840736	17841107	0.0	688	372	51431623
brpb-840904	NC_063434.1	96.535	202	5	2	172	372	11058745	11058945	1.38e-89	333	372	30963416
brpb-840904	NC_063434.1	95.322	171	8	0	1	171	11058524	11058694	3.04e-71	272	372	30963416
brpb-840904	NC_063436.1	92.617	149	11	0	224	372	18281539	18281391	5.20e-54	215	372	38724999
brpb-840904	NC_063446.1	90.123	162	15	1	212	372	28558265	28558104	2.42e-52	209	372	74222928
brpb-840955	NC_063444.1	99.731	372	1	0	1	372	17841107	17840736	0.0	682	372	51431623
brpb-840955	NC_063434.1	96.040	202	6	2	1	201	11058945	11058745	6.40e-88	327	372	30963416
brpb-840955	NC_063434.1	95.322	171	8	0	202	372	11058694	11058524	3.04e-71	272	372	30963416
brpb-840955	NC_063436.1	92.617	149	11	0	1	149	18281391	18281539	5.20e-54	215	372	38724999
brpb-840955	NC_063446.1	90.123	162	15	1	1	161	28558104	28558265	2.42e-52	209	372	74222928
brpb-840964	NC_063436.1	99.761	418	1	0	1	418	29487466	29487049	0.0	769	418	38724999
brpb-840964	NC_063450.1	91.327	392	29	4	29	416	52455815	52455425	1.43e-149	532	418	54958258
brpb-840966	NC_063447.1	99.777	449	1	0	1	449	29393201	29393649	0.0	824	450	62924550
brpb-840966	NC_063447.1	91.198	409	36	0	4	412	513475	513067	9.20e-157	556	450	62924550
brpb-840966	NC_063447.1	97.872	47	0	1	403	449	511621	511576	2.43e-13	80.5	450	62924550
brpb-840966	NC_063441.1	92.152	446	35	0	4	449	19483365	19483810	5.35e-179	630	450	23154485
brpb-840966	NC_063449.1	91.256	446	39	0	4	449	30591263	30591708	2.50e-172	608	450	48209797
brpb-840990	NW_026016145.1	92.488	639	18	10	1	612	29203	29838	0.0	894	612	36253
brpb-840990	NW_026016444.1	92.332	639	19	10	1	612	205287	205922	0.0	889	612	277579
brpb-840990	NC_063447.1	91.388	627	35	14	1	612	9406032	9406654	0.0	848	612	62924550
brpb-840990	NC_063446.1	91.393	244	20	1	369	612	11205358	11205116	1.40e-91	340	612	74222928
brpb-840990	NC_063436.1	92.308	221	16	1	392	612	8475228	8475009	1.82e-85	320	612	38724999
brpb-840991	NC_063449.1	99.720	357	1	0	96	452	39142313	39142669	0.0	654	452	48209797
brpb-840991	NC_063440.1	98.148	54	1	0	143	196	22559192	22559245	8.71e-18	95.3	452	28277616
brpb-840991	NC_063440.1	94.444	54	3	0	98	151	22558258	22558311	1.89e-14	84.2	452	28277616
brpb-841039	NC_063441.1	100.000	169	0	0	6	174	16990637	16990469	7.66e-84	313	174	23154485
brpb-841091	NC_063445.1	98.770	244	3	0	1	244	3096669	3096426	2.31e-120	435	244	58167434
brpb-841129	NC_063445.1	95.411	414	19	0	1	414	6215893	6215480	0.0	662	414	58167434
brpb-841234	NC_063440.1	97.150	421	9	1	1	418	12928146	12927726	0.0	708	418	28277616
brpb-841234	NC_063450.1	95.476	420	16	1	1	417	26839738	26839319	0.0	667	418	54958258
brpb-841242	NC_063437.1	99.823	564	1	0	63	626	1139075	1138512	0.0	1037	626	22079791
brpb-841242	NC_063447.1	92.496	573	30	9	63	626	30993354	30992786	0.0	808	626	62924550
brpb-841303	NC_063449.1	93.333	150	10	0	140	289	27528588	27528737	2.37e-56	222	289	48209797
brpb-841303	NC_063449.1	90.647	139	6	2	1	132	27528408	27528546	5.20e-43	178	289	48209797
brpb-841303	NC_063446.1	93.333	150	10	0	140	289	38948964	38948815	2.37e-56	222	289	74222928
brpb-841303	NC_063446.1	90.647	139	6	2	1	132	38949144	38949006	5.20e-43	178	289	74222928
brpb-841326	NC_063450.1	93.382	272	14	2	31	299	24967039	24966769	1.28e-109	399	357	54958258
brpb-841326	NC_063440.1	93.671	237	5	5	1	234	12152872	12152643	1.69e-93	346	357	28277616
brpb-841359	NC_063445.1	95.894	414	17	0	1	414	6215480	6215893	0.0	671	414	58167434
brpb-841402	NC_063439.1	98.238	227	4	0	1	227	6896067	6895841	3.85e-109	398	302	28937740
brpb-841402	NC_063448.1	92.593	81	6	0	222	302	9087039	9086959	1.21e-24	117	302	56537224
brpb-841402	NC_063445.1	92.405	79	6	0	223	301	23044323	23044245	1.56e-23	113	302	58167434
brpb-841402	NC_063435.1	90.909	77	7	0	223	299	11370550	11370474	9.39e-21	104	302	29581582
brpb-841413	NC_063438.1	99.341	455	1	2	1	455	22158615	22158163	0.0	824	455	29228566
brpb-841413	NC_063448.1	95.467	353	10	3	1	348	45734999	45734648	2.59e-157	558	455	56537224
brpb-841413	NC_063448.1	95.833	120	3	2	336	455	45732584	45732467	8.41e-48	195	455	56537224
brpb-841416	NC_063442.1	99.463	559	3	0	4	562	32128233	32127675	0.0	1016	562	45044935
brpb-841416	NC_063442.1	94.444	54	3	0	1	54	12449959	12449906	2.38e-14	84.2	562	45044935
brpb-841416	NC_063451.1	93.624	298	9	3	267	562	33877806	33877517	1.58e-120	436	562	49204614
brpb-841416	NC_063440.1	93.116	276	19	0	1	276	17057408	17057683	4.46e-111	405	562	28277616
brpb-841475	NC_063449.1	95.987	299	12	0	1	299	29452995	29452697	2.19e-136	488	299	48209797
brpb-841475	NC_063447.1	94.309	123	7	0	177	299	58076541	58076663	6.93e-47	191	299	62924550
brpb-841508	NC_063439.1	93.694	111	4	2	101	208	21136617	21136507	3.12e-38	163	590	28937740
brpb-841534	NC_063437.1	100.000	326	0	0	1	326	10929822	10930147	8.23e-171	603	326	22079791
brpb-841591	NC_063451.1	97.810	411	9	0	1	411	45112437	45112027	0.0	710	411	49204614
brpb-841591	NC_063442.1	96.594	411	14	0	1	411	41023957	41023547	0.0	682	411	45044935
brpb-841683	NC_063437.1	97.872	470	9	1	1	470	12164153	12163685	0.0	826	470	22079791
brpb-841683	NC_063447.1	98.571	70	1	0	1	70	47593478	47593409	1.16e-26	124	470	62924550
brpb-841697	NC_063440.1	98.387	124	2	0	1	124	13412655	13412778	1.15e-55	219	124	28277616
brpb-841745	NC_063441.1	93.333	345	19	2	1	341	1618016	1617672	7.02e-142	507	343	23154485
brpb-841745	NC_063449.1	92.711	343	14	7	1	341	8705731	8706064	3.29e-135	484	343	48209797
brpb-841745	NW_026015881.1	92.669	341	13	6	1	341	5785	5457	4.25e-134	481	343	33016
brpb-841745	NC_063446.1	92.151	344	22	3	1	341	71746609	71746950	4.25e-134	481	343	74222928
brpb-841745	NC_063439.1	92.669	341	13	6	1	341	1387441	1387113	4.25e-134	481	343	28937740
brpb-841745	NC_063437.1	92.929	99	7	0	243	341	12220194	12220292	6.34e-33	145	343	22079791
brpb-841802	NC_063442.1	96.977	397	7	4	1	394	11660774	11661168	0.0	664	394	45044935
brpb-841802	NC_063452.1	90.452	398	29	9	1	394	17756787	17757179	3.77e-145	518	394	64956572
brpb-841802	NC_063452.1	93.631	314	11	5	1	309	17796853	17797162	1.79e-128	462	394	64956572
brpb-841811	NC_063439.1	99.784	462	1	0	1	462	3260978	3260517	0.0	848	462	28937740
brpb-841811	NC_063451.1	92.361	144	11	0	316	459	48252946	48253089	3.95e-51	206	462	49204614
brpb-841811	NC_063442.1	90.476	147	14	0	316	462	43331769	43331915	8.55e-48	195	462	45044935
brpb-841841	NW_026016444.1	92.988	599	17	11	1	574	205287	205885	0.0	850	576	277579
brpb-841841	NW_026016145.1	92.988	599	17	11	1	574	29203	29801	0.0	850	576	36253
brpb-841841	NC_063447.1	91.681	589	31	13	1	574	9406032	9406617	0.0	800	576	62924550
brpb-841841	NC_063446.1	93.204	206	14	0	369	574	11205358	11205153	1.72e-80	303	576	74222928
brpb-841841	NC_063436.1	94.536	183	10	0	392	574	8475228	8475046	2.24e-74	283	576	38724999
brpb-841973	NC_063437.1	100.000	427	0	0	1	427	5547379	5546953	0.0	789	427	22079791
brpb-841973	NC_063447.1	93.925	428	23	3	1	427	39861098	39860673	0.0	643	427	62924550
brpb-842021	NC_063447.1	94.805	308	16	0	1	308	32641800	32642107	1.09e-134	483	319	62924550
brpb-842031	NC_063437.1	95.977	522	18	3	1	520	9744359	9744879	0.0	863	520	22079791
brpb-842031	NC_063437.1	95.777	521	17	4	1	520	9743739	9744255	0.0	852	520	22079791
brpb-842031	NC_063437.1	94.534	311	14	3	211	520	9743344	9743652	2.37e-138	496	520	22079791
brpb-842031	NC_063437.1	94.231	312	13	4	211	520	9706007	9705699	3.97e-136	488	520	22079791
brpb-842031	NC_063437.1	98.095	210	3	1	1	210	9705612	9705404	6.98e-99	364	520	22079791
brpb-842031	NC_063437.1	96.000	225	5	4	1	225	9744966	9745186	2.51e-98	363	520	22079791
brpb-842031	NC_063437.1	97.727	44	1	0	211	254	7992865	7992822	3.66e-12	76.8	520	22079791
brpb-842031	NC_063445.1	94.534	311	13	3	211	520	18987822	18987515	8.53e-138	494	520	58167434
brpb-842031	NC_063445.1	94.231	312	13	4	211	520	10743452	10743144	3.97e-136	488	520	58167434
brpb-842031	NC_063445.1	98.095	210	3	1	1	210	10743057	10742849	6.98e-99	364	520	58167434
brpb-842031	NC_063445.1	98.095	210	3	1	1	210	18987428	18987220	6.98e-99	364	520	58167434
brpb-842031	NC_063434.1	94.534	311	13	3	211	520	7002211	7002518	8.53e-138	494	520	30963416
brpb-842031	NC_063434.1	96.444	225	4	4	1	225	7002605	7002825	5.40e-100	368	520	30963416
brpb-842031	NC_063450.1	94.231	312	13	4	211	520	44418830	44419138	3.97e-136	488	520	54958258
brpb-842031	NC_063450.1	98.551	207	2	1	1	207	44419225	44419430	6.98e-99	364	520	54958258
brpb-842031	NC_063450.1	92.308	156	8	4	71	225	47723456	47723608	5.75e-55	219	520	54958258
brpb-842031	NC_063436.1	97.727	44	1	0	211	254	32505293	32505336	3.66e-12	76.8	520	38724999
brpb-842056	NC_063445.1	99.730	370	1	0	1	370	35457244	35457613	0.0	678	370	58167434
brpb-842056	NC_063445.1	100.000	39	0	0	234	272	35457442	35457480	3.29e-11	73.1	370	58167434
brpb-842056	NC_063445.1	100.000	39	0	0	199	237	35457477	35457515	3.29e-11	73.1	370	58167434
brpb-842067	NC_063438.1	99.819	554	1	0	1	554	2166245	2166798	0.0	1018	554	29228566
brpb-842067	NC_063447.1	91.903	247	9	3	251	489	3755326	3755569	5.85e-90	335	554	62924550
brpb-842153	NC_063437.1	99.766	427	1	0	1	427	5547379	5546953	0.0	784	427	22079791
brpb-842153	NC_063447.1	93.692	428	24	3	1	427	39861098	39860673	0.0	638	427	62924550
brpb-842220	NC_063435.1	99.600	500	2	0	1	500	3746473	3745974	0.0	915	500	29581582
brpb-842220	NC_063445.1	97.400	500	13	0	1	500	5973636	5973137	0.0	854	500	58167434
brpb-842247	NC_063440.1	99.180	366	2	1	1	366	565759	566123	0.0	658	404	28277616
brpb-842247	NC_063440.1	91.755	376	25	5	30	404	606351	606721	3.87e-145	518	404	28277616
brpb-842247	NC_063440.1	97.619	42	1	0	363	404	566181	566222	3.62e-11	73.1	404	28277616
brpb-842247	NC_063450.1	91.765	340	15	2	30	366	2587343	2587672	6.61e-128	460	404	54958258
brpb-842247	NC_063450.1	93.269	104	6	1	30	133	2522303	2522405	4.52e-35	152	404	54958258
brpb-842247	NC_063450.1	97.619	42	1	0	363	404	2587741	2587782	3.62e-11	73.1	404	54958258
brpb-842276	NC_063444.1	99.798	494	1	0	1	494	26416877	26416384	0.0	907	494	51431623
brpb-842276	NC_063444.1	95.480	177	8	0	318	494	26420845	26420669	1.90e-74	283	494	51431623
brpb-842276	NC_063448.1	92.434	489	34	3	8	494	44081412	44081899	0.0	695	494	56537224
brpb-842276	NW_026016721.1	95.480	177	8	0	318	494	2145	1969	1.90e-74	283	494	43367
