bin	chr	start_mb	stop_mb	length_mb	cM	old_start_bp_1based	old_stop_bp_1based	old_mid_bp_1based
Bin1	1	0.000000	0.564928	0.564928	0.000000	1	564928	282464
Bin2	1	0.564929	0.598670	0.033741	0.239809	564930	598670	581800
Bin3	1	0.598671	0.922175	0.323504	0.722904	598672	922175	760423
Bin4	1	0.922176	1.074844	0.152668	1.452844	922177	1074844	998510
Bin5	1	1.074845	1.146643	0.071798	2.433268	1074846	1146643	1110744
Bin6	1	1.146644	1.221014	0.074370	2.673076	1146645	1221014	1183829
Bin7	1	1.221015	1.319621	0.098606	4.693553	1221016	1319621	1270318
Bin8	1	1.319622	1.506081	0.186459	4.933362	1319623	1506081	1412852
Bin9	1	1.506082	1.553322	0.047240	5.663302	1506083	1553322	1529702
Bin10	1	1.553323	1.715093	0.161770	6.146397	1553324	1715093	1634208
Bin11	1	1.715094	1.735470	0.020376	7.381028	1715095	1735470	1725282
Bin12	1	1.735471	1.783242	0.047771	7.620837	1735472	1783242	1759356
Bin13	1	1.783243	1.949994	0.166751	8.350777	1783244	1949994	1866618
Bin14	1	1.949995	2.224993	0.274998	9.843425	1949996	2224993	2087494
Bin15	1	2.224994	2.384133	0.159139	11.336073	2224995	2384133	2304564
Bin16	1	2.384134	2.669062	0.284928	11.575882	2384135	2669062	2526598
Bin17	1	2.669063	2.758167	0.089104	11.815690	2669064	2758167	2713615
Bin18	1	2.758168	2.958267	0.200099	12.055499	2758169	2958267	2858218
Bin19	1	2.958268	3.442513	0.484245	13.290129	2958269	3442513	3200390
Bin20	1	3.442514	3.517057	0.074543	14.270553	3442515	3517057	3479786
Bin21	1	3.517058	3.582911	0.065853	14.510362	3517059	3582911	3549984
Bin22	1	3.582912	3.614449	0.031537	15.490785	3582913	3614449	3598680
Bin23	1	3.614450	3.661343	0.046893	15.973881	3614451	3661343	3637896
Bin24	1	3.661344	3.695840	0.034496	16.456976	3661345	3695840	3678592
Bin25	1	3.695841	4.306768	0.610927	16.940072	3695842	4306768	4001304
Bin26	1	4.306769	4.411309	0.104540	22.179019	4306770	4411309	4359039
Bin27	1	4.411310	4.545763	0.134453	23.159443	4411311	4545763	4478537
Bin28	1	4.545764	4.584304	0.038540	23.399251	4545765	4584304	4565034
Bin29	1	4.584305	4.644615	0.060310	24.379675	4584306	4644615	4614460
Bin30	1	4.644616	4.749556	0.104940	24.862771	4644617	4749556	4697086
Bin31	1	4.749557	4.915189	0.165632	26.097401	4749558	4915189	4832373
Bin32	1	4.915190	5.029448	0.114258	26.580497	4915191	5029448	4972319
Bin33	1	5.029449	5.166696	0.137247	27.063592	5029450	5166696	5098072
Bin34	1	5.166697	5.249395	0.082698	30.476991	5166698	5249395	5208046
Bin35	1	5.249396	5.319073	0.069677	30.716799	5249397	5319073	5284234
Bin36	1	5.319074	5.373603	0.054529	31.199895	5319075	5373603	5346338
Bin37	1	5.373604	5.407523	0.033919	31.682991	5373605	5407523	5390564
Bin38	1	5.407524	5.488199	0.080675	32.917621	5407525	5488199	5447862
Bin39	1	5.488200	5.677347	0.189147	33.647561	5488201	5677347	5582774
Bin40	1	5.677348	5.746673	0.069325	33.887370	5677349	5746673	5712010
Bin41	1	5.746674	5.761467	0.014793	34.127178	5746675	5761467	5754070
Bin42	1	5.761468	5.918963	0.157495	34.610274	5761469	5918963	5840215
Bin43	1	5.918964	6.040166	0.121202	34.850083	5918965	6040166	5979565
Bin44	1	6.040167	6.215150	0.174983	35.089891	6040168	6215150	6127659
Bin45	1	6.215151	6.231786	0.016635	35.329700	6215152	6231786	6223468
Bin46	1	6.231787	6.271980	0.040193	36.059640	6231788	6271980	6251884
Bin47	1	6.271981	6.531425	0.259444	36.299448	6271982	6531425	6401703
Bin48	1	6.531426	6.596903	0.065477	36.782544	6531427	6596903	6564164
Bin49	1	6.596904	6.791124	0.194220	37.265639	6596905	6791124	6694014
Bin50	1	6.791125	7.391957	0.600832	38.246063	6791126	7391957	7091541
Bin51	1	7.391958	8.380923	0.988965	49.836144	7391959	8380923	7886440
Bin52	1	8.380924	8.689042	0.308118	52.962162	8380925	8689042	8534983
Bin53	1	8.689043	8.797217	0.108174	53.692102	8689044	8797217	8743130
Bin54	1	8.797218	9.185492	0.388274	53.931910	8797219	9185492	8991355
Bin55	1	9.185493	9.221417	0.035924	54.415006	9185494	9221417	9203455
Bin56	1	9.221418	9.386669	0.165251	54.654814	9221419	9386669	9304043
Bin57	1	9.386670	9.711794	0.325124	61.216924	9386671	9711794	9549232
Bin58	1	9.711795	9.878930	0.167135	61.456732	9711796	9878930	9795362
Bin59	1	9.878931	10.480590	0.601659	62.949381	9878932	10480590	10179760
Bin60	1	10.480591	10.588197	0.107606	63.929804	10480592	10588197	10534394
Bin61	1	10.588198	10.616583	0.028385	64.412900	10588199	10616583	10602390
Bin62	1	10.616584	10.720987	0.104403	64.652708	10616585	10720987	10668785
Bin63	1	10.720988	10.923881	0.202893	65.135804	10720989	10923881	10822434
Bin64	1	10.923882	10.963433	0.039551	65.375612	10923883	10963433	10943658
Bin65	1	10.963434	11.559248	0.595814	66.356036	10963435	11559248	11261341
Bin66	1	11.559249	12.087243	0.527994	70.966346	11559250	12087243	11823246
Bin67	1	12.087244	12.188989	0.101745	71.946769	12087245	12188989	12138116
Bin68	1	12.188990	12.365945	0.176955	72.186578	12188991	12365945	12277468
Bin69	1	12.365946	12.659128	0.293182	74.477055	12365947	12659128	12512537
Bin70	1	12.659129	12.684655	0.025526	74.716863	12659130	12684655	12671892
Bin71	1	12.684656	12.771619	0.086963	75.199959	12684657	12771619	12728137
Bin72	1	12.771620	13.278047	0.506427	76.180382	12771621	13278047	13024834
Bin73	1	13.278048	13.531618	0.253570	76.420191	13278049	13531618	13404833
Bin74	1	13.531619	13.947606	0.415987	76.660000	13531620	13947606	13739612
Bin75	1	13.947607	14.040257	0.092650	76.899808	13947608	14040257	13993932
Bin76	1	14.040258	14.117094	0.076836	77.139617	14040259	14117094	14078676
Bin77	1	14.117095	14.252467	0.135372	77.379425	14117096	14252467	14184781
Bin78	1	14.252468	14.362233	0.109765	77.619234	14252469	14362233	14307350
Bin79	1	14.362234	14.485016	0.122782	78.349174	14362235	14485016	14423625
Bin80	1	14.485017	14.528780	0.043763	78.588983	14485018	14528780	14506898
Bin81	1	14.528781	14.623634	0.094853	79.569406	14528782	14623634	14576207
Bin82	1	14.623635	15.294428	0.670793	79.809215	14623636	15294428	14959032
Bin83	1	15.294429	15.491716	0.197287	80.539155	15294430	15491716	15393072
Bin84	1	15.491717	17.607902	2.116185	80.778963	15491718	17607902	16549809
Bin85	1	17.607903	18.331159	0.723256	81.018772	17607904	18331159	17969531
Bin86	1	18.331160	18.379015	0.047855	81.748712	18331161	18379015	18355088
Bin87	1	18.379016	18.408343	0.029327	81.988521	18379017	18408343	18393679
Bin88	1	18.408344	18.528548	0.120204	82.228329	18408345	18528548	18468446
Bin89	1	18.528549	18.777771	0.249222	82.711425	18528550	18777771	18653160
Bin90	1	18.777772	19.199079	0.421307	83.691848	18777773	19199079	18988426
Bin91	1	19.199080	19.299978	0.100898	83.931657	19199081	19299978	19249529
Bin92	1	19.299979	19.515779	0.215800	84.414753	19299980	19515779	19407879
Bin93	1	19.515780	19.550316	0.034536	84.654561	19515781	19550316	19533048
Bin94	1	19.550317	19.970060	0.419743	84.894370	19550318	19970060	19760188
Bin95	1	19.970061	20.343674	0.373613	85.134178	19970062	20343674	20156868
Bin96	1	20.343675	20.435134	0.091459	85.373987	20343676	20435134	20389404
Bin97	1	20.435135	20.463190	0.028055	85.857083	20435136	20463190	20449162
Bin98	1	20.463191	20.478444	0.015253	86.340178	20463192	20478444	20470818
Bin99	1	20.478445	20.556606	0.078161	87.070118	20478446	20556606	20517525
Bin100	1	20.556607	20.922580	0.365973	87.800058	20556608	20922580	20739593
Bin101	1	20.922581	20.941299	0.018718	88.283154	20922582	20941299	20931940
Bin102	1	20.941300	21.185324	0.244024	88.522962	20941301	21185324	21063312
Bin103	1	21.185325	22.022514	0.837189	90.277528	21185326	22022514	21603920
Bin104	1	22.022515	22.535664	0.513149	98.630232	22022516	22535664	22279089
Bin105	1	22.535665	22.576205	0.040540	98.870041	22535666	22576205	22555935
Bin106	1	22.576206	22.650887	0.074681	99.109850	22576207	22650887	22613546
Bin107	1	22.650888	22.722637	0.071749	99.349658	22650889	22722637	22686762
Bin108	1	22.722638	22.779328	0.056690	99.832754	22722639	22779328	22750983
Bin109	1	22.779329	22.836244	0.056915	100.072562	22779330	22836244	22807786
Bin110	1	22.836245	22.891126	0.054881	100.555658	22836246	22891126	22863686
Bin111	1	22.891127	22.987916	0.096789	100.795467	22891128	22987916	22939521
Bin112	1	22.987917	23.081236	0.093319	101.278562	22987918	23081236	23034576
Bin113	1	23.081237	23.231380	0.150143	102.008502	23081238	23231380	23156308
Bin114	1	23.231381	23.239820	0.008439	102.491598	23231382	23239820	23235600
Bin115	1	23.239821	23.454770	0.214949	102.731406	23239822	23454770	23347296
Bin116	1	23.454771	23.623547	0.168776	103.461346	23454772	23623547	23539159
Bin117	1	23.623548	23.676560	0.053012	103.701155	23623549	23676560	23650054
Bin118	1	23.676561	23.920353	0.243792	104.184250	23676562	23920353	23798457
Bin119	1	23.920354	23.972688	0.052334	105.676899	23920355	23972688	23946521
Bin120	1	23.972689	24.074055	0.101366	106.657322	23972690	24074055	24023372
Bin121	1	24.074056	24.184518	0.110462	106.897131	24074057	24184518	24129287
Bin122	1	24.184519	24.403501	0.218982	107.136939	24184520	24403501	24294010
Bin123	1	24.403502	24.561781	0.158279	113.026091	24403503	24561781	24482642
Bin124	1	24.561782	24.767439	0.205657	113.265900	24561783	24767439	24664611
Bin125	1	24.767440	24.821048	0.053608	113.995840	24767441	24821048	24794244
Bin126	1	24.821049	24.867120	0.046071	114.235648	24821050	24867120	24844084
Bin127	1	24.867121	25.123824	0.256703	114.475457	24867122	25123824	24995472
Bin128	1	25.123825	25.451070	0.327245	115.205397	25123826	25451070	25287448
Bin129	1	25.451071	26.242536	0.791465	115.445205	25451072	26242536	25846804
Bin130	1	26.242537	26.831703	0.589166	118.571223	26242538	26831703	26537120
Bin131	1	26.831704	27.324102	0.492398	118.811032	26831705	27324102	27077903
Bin132	1	27.324103	27.996732	0.672629	126.792539	27324104	27996732	27660418
Bin133	1	27.996733	28.110310	0.113577	128.027170	27996734	28110310	28053522
Bin134	1	28.110311	28.397017	0.286706	128.266978	28110312	28397017	28253664
Bin135	1	28.397018	28.442346	0.045328	128.750074	28397019	28442346	28419682
Bin136	1	28.442347	28.614573	0.172226	129.480014	28442348	28614573	28528460
Bin137	1	28.614574	28.666114	0.051540	129.719823	28614575	28666114	28640344
Bin138	1	28.666115	28.825692	0.159577	129.959631	28666116	28825692	28745904
Bin139	1	28.825693	28.956112	0.130419	130.199440	28825694	28956112	28890903
Bin140	1	28.956113	29.984593	1.028480	130.929380	28956114	29984593	29470353
Bin141	1	29.984594	30.076894	0.092300	134.634778	29984595	30076894	30030744
Bin142	1	30.076895	30.154306	0.077411	135.117874	30076896	30154306	30115600
Bin143	1	30.154307	30.192542	0.038235	135.357683	30154308	30192542	30173424
Bin144	1	30.192543	30.469033	0.276490	136.087623	30192544	30469033	30330788
Bin145	1	30.469034	30.500669	0.031635	136.327431	30469035	30500669	30484851
Bin146	1	30.500670	30.545797	0.045127	136.567240	30500671	30545797	30523234
Bin147	1	30.545798	30.562318	0.016520	136.807048	30545799	30562318	30554058
Bin148	1	30.562319	30.889942	0.327623	137.046857	30562320	30889942	30726130
Bin149	1	30.889943	30.972308	0.082365	137.286666	30889944	30972308	30931126
Bin150	1	30.972309	31.034013	0.061704	137.526474	30972310	31034013	31003161
Bin151	1	31.034014	31.052045	0.018031	137.766283	31034015	31052045	31043030
Bin152	1	31.052046	31.652573	0.600527	138.006091	31052047	31652573	31352310
Bin153	1	31.652574	31.701608	0.049034	138.245900	31652575	31701608	31677091
Bin154	1	31.701609	31.750426	0.048817	138.485709	31701610	31750426	31726018
Bin155	1	31.750427	31.853544	0.103117	138.725517	31750428	31853544	31801986
Bin156	1	31.853545	31.955548	0.102003	138.965326	31853546	31955548	31904547
Bin157	1	31.955549	32.105676	0.150127	139.205135	31955550	32105676	32030613
Bin158	1	32.105677	32.177008	0.071331	139.688230	32105678	32177008	32141342
Bin159	1	32.177009	32.242660	0.065651	140.171326	32177010	32242660	32209834
Bin160	1	32.242661	32.323945	0.081284	140.654421	32242662	32323945	32283303
Bin161	1	32.323946	32.718268	0.394322	140.894230	32323947	32718268	32521107
Bin162	1	32.718269	32.896347	0.178078	144.020248	32718270	32896347	32807308
Bin163	1	32.896348	33.284810	0.388462	145.254878	32896349	33284810	33090579
Bin164	1	33.284811	33.616894	0.332083	145.494687	33284812	33616894	33450852
Bin165	1	33.616895	33.841933	0.225038	145.734495	33616896	33841933	33729414
Bin166	1	33.841934	34.682361	0.840427	145.974304	33841935	34682361	34262148
Bin167	1	34.682362	34.744078	0.061716	146.214113	34682363	34744078	34713220
Bin168	1	34.744079	34.859744	0.115665	146.453921	34744080	34859744	34801912
Bin169	1	34.859745	35.074724	0.214979	146.937017	34859746	35074724	34967234
Bin170	1	35.074725	35.133631	0.058906	147.176825	35074726	35133631	35104178
Bin171	1	35.133632	35.541586	0.407954	147.659921	35133633	35541586	35337609
Bin172	1	35.541587	35.645020	0.103433	148.143017	35541588	35645020	35593304
Bin173	1	35.645021	35.773545	0.128524	148.382825	35645022	35773545	35709283
Bin174	1	35.773546	35.964840	0.191294	148.622634	35773547	35964840	35869193
Bin175	1	35.964841	36.270272	0.305431	149.857264	35964842	36270272	36117556
Bin176	1	36.270273	36.538259	0.267986	150.097073	36270274	36538259	36404266
Bin177	1	36.538260	37.331555	0.793295	150.336882	36538261	37331555	36934908
Bin178	1	37.331556	37.623010	0.291454	152.357359	37331557	37623010	37477283
Bin179	1	37.623011	37.835354	0.212343	152.597167	37623012	37835354	37729182
Bin180	1	37.835355	37.859754	0.024399	152.836976	37835356	37859754	37847554
Bin181	1	37.859755	37.959982	0.100227	153.076784	37859756	37959982	37909868
Bin182	1	37.959983	38.075479	0.115496	153.806724	37959984	38075479	38017731
Bin183	1	38.075480	38.200637	0.125157	154.046533	38075481	38200637	38138058
Bin184	1	38.200638	38.343132	0.142494	154.776473	38200639	38343132	38271885
Bin185	1	38.343133	38.366900	0.023767	155.016282	38343134	38366900	38355017
Bin186	1	38.366901	38.417696	0.050795	155.256090	38366902	38417696	38392298
Bin187	1	38.417697	38.631226	0.213529	157.010656	38417698	38631226	38524462
Bin188	1	38.631227	39.021472	0.390245	158.245287	38631228	39021472	38826350
Bin189	1	39.021473	39.108633	0.087160	160.535764	39021474	39108633	39065053
Bin190	1	39.108634	39.350577	0.241943	161.018859	39108635	39350577	39229606
Bin191	1	39.350578	39.781783	0.431205	161.501955	39350579	39781783	39566180
Bin192	1	39.781784	39.819808	0.038024	163.522432	39781785	39819808	39800796
Bin193	1	39.819809	40.118612	0.298803	163.762240	39819810	40118612	39969210
Bin194	1	40.118613	40.469764	0.351151	174.495087	40118614	40469764	40294189
Bin195	1	40.469765	40.639780	0.170015	178.200486	40469766	40639780	40554772
Bin196	1	40.639781	40.893764	0.253983	178.440294	40639782	40893764	40766772
Bin197	1	40.893765	40.961318	0.067553	182.744025	40893766	40961318	40927542
Bin198	1	40.961319	41.088949	0.127630	183.227120	40961320	41088949	41025134
Bin199	1	41.088950	41.694636	0.605686	188.149124	41088951	41694636	41391793
Bin200	1	41.694637	41.763583	0.068946	188.632219	41694638	41763583	41729110
Bin201	1	41.763584	41.820609	0.057025	189.362159	41763585	41820609	41792096
Bin202	1	41.820610	41.970250	0.149640	190.342583	41820611	41970250	41895430
Bin203	1	41.970251	42.050955	0.080704	190.825679	41970252	42050955	42010603
Bin204	1	42.050956	42.069315	0.018359	191.555619	42050957	42069315	42060136
Bin205	1	42.069316	42.088842	0.019526	192.038714	42069317	42088842	42079079
Bin206	1	42.088843	42.181388	0.092545	192.278523	42088844	42181388	42135116
Bin207	1	42.181389	42.212290	0.030901	192.761618	42181390	42212290	42196840
Bin208	1	42.212291	42.249095	0.036804	193.742042	42212292	42249095	42230693
Bin209	1	42.249096	42.314841	0.065745	194.225137	42249097	42314841	42281969
Bin210	1	42.314842	42.373753	0.058911	194.955077	42314843	42373753	42344297
Bin211	1	42.373754	42.422413	0.048659	195.438173	42373755	42422413	42398084
Bin212	1	42.422414	42.781756	0.359342	196.168113	42422415	42781756	42602085
Bin213	1	42.781757	42.882537	0.100780	197.660761	42781758	42882537	42832147
Bin214	1	42.882538	42.928553	0.046015	198.143857	42882539	42928553	42905546
Bin215	1	42.928554	42.957082	0.028528	199.636505	42928555	42957082	42942818
Bin216	1	42.957083	43.064830	0.107747	199.876313	42957084	43064830	43010956
Bin217	1	43.064831	43.268879	0.204048	200.606253	43064832	43268879	43166855
Bin218	2	0.000000	0.105508	0.105508	0.000000	1	105508	52754
Bin219	2	0.105509	0.212812	0.107303	0.239809	105510	212812	159160
Bin220	2	0.212813	0.454496	0.241683	3.945207	212814	454496	333654
Bin221	2	0.454497	0.494792	0.040295	4.675147	454498	494792	474644
Bin222	2	0.494793	0.568358	0.073565	5.158243	494794	568358	531576
Bin223	2	0.568359	0.703516	0.135157	5.398051	568360	703516	635938
Bin224	2	0.703517	0.771271	0.067754	5.881147	703518	771271	737394
Bin225	2	0.771272	0.831192	0.059920	6.364242	771273	831192	801232
Bin226	2	0.831193	0.841463	0.010270	6.604051	831194	841463	836328
Bin227	2	0.841464	0.981358	0.139894	7.584475	841465	981358	911411
Bin228	2	0.981359	1.146976	0.165617	8.564898	981360	1146976	1064168
Bin229	2	1.146977	1.197487	0.050510	8.804707	1146978	1197487	1172232
Bin230	2	1.197488	1.235784	0.038296	9.044515	1197489	1235784	1216636
Bin231	2	1.235785	1.311129	0.075344	9.284324	1235786	1311129	1273457
Bin232	2	1.311130	1.487052	0.175922	10.014264	1311131	1487052	1399091
Bin233	2	1.487053	1.646265	0.159212	10.744204	1487054	1646265	1566659
Bin234	2	1.646266	1.848196	0.201930	13.870222	1646267	1848196	1747231
Bin235	2	1.848197	2.094597	0.246400	14.353317	1848198	2094597	1971397
Bin236	2	2.094598	2.104803	0.010205	14.593126	2094599	2104803	2099700
Bin237	2	2.104804	2.571261	0.466457	15.323066	2104805	2571261	2338032
Bin238	2	2.571262	2.647109	0.075847	15.562875	2571263	2647109	2609185
Bin239	2	2.647110	2.788682	0.141572	16.045970	2647111	2788682	2717896
Bin240	2	2.788683	2.827634	0.038951	17.026394	2788684	2827634	2808158
Bin241	2	2.827635	3.150367	0.322732	17.509489	2827636	3150367	2989001
Bin242	2	3.150368	3.226977	0.076609	17.749298	3150369	3226977	3188672
Bin243	2	3.226978	3.492915	0.265937	17.989106	3226979	3492915	3359946
Bin244	2	3.492916	4.021086	0.528170	32.373210	3492917	4021086	3757001
Bin245	2	4.021087	4.180091	0.159004	33.353634	4021088	4180091	4100589
Bin246	2	4.180092	4.263271	0.083179	33.593442	4180093	4263271	4221682
Bin247	2	4.263272	4.367132	0.103860	33.833251	4263273	4367132	4315202
Bin248	2	4.367133	4.604400	0.237267	34.813674	4367134	4604400	4485766
Bin249	2	4.604401	4.748831	0.144430	36.306323	4604402	4748831	4676616
Bin250	2	4.748832	4.880310	0.131478	36.546131	4748833	4880310	4814571
Bin251	2	4.880311	4.992756	0.112445	38.566608	4880312	4992756	4936533
Bin252	2	4.992757	5.065251	0.072494	38.806417	4992758	5065251	5029004
Bin253	2	5.065252	5.398620	0.333368	39.536357	5065253	5398620	5231936
Bin254	2	5.398621	5.896866	0.498245	47.153393	5398622	5896866	5647744
Bin255	2	5.896867	6.086648	0.189781	48.646041	5896868	6086648	5991758
Bin256	2	6.086649	6.235656	0.149007	48.885850	6086650	6235656	6161152
Bin257	2	6.235657	6.387371	0.151714	49.125658	6235658	6387371	6311514
Bin258	2	6.387372	6.823070	0.435698	50.106082	6387373	6823070	6605221
Bin259	2	6.823071	7.029282	0.206211	54.108217	6823072	7029282	6926176
Bin260	2	7.029283	7.067584	0.038301	54.838157	7029284	7067584	7048434
Bin261	2	7.067585	7.266743	0.199158	55.077966	7067586	7266743	7167164
Bin262	2	7.266744	7.363525	0.096781	55.807906	7266745	7363525	7315134
Bin263	2	7.363526	7.590114	0.226588	61.046853	7363527	7590114	7476820
Bin264	2	7.590115	7.838069	0.247954	61.529949	7590116	7838069	7714092
Bin265	2	7.838070	8.015018	0.176948	61.769758	7838071	8015018	7926544
Bin266	2	8.015019	8.720168	0.705149	62.009566	8015020	8720168	8367594
Bin267	2	8.720169	8.809966	0.089797	62.492662	8720170	8809966	8765068
Bin268	2	8.809967	8.897265	0.087298	62.732470	8809968	8897265	8853616
Bin269	2	8.897266	8.998920	0.101654	63.462410	8897267	8998920	8948093
Bin270	2	8.998921	9.140627	0.141706	63.702219	8998922	9140627	9069774
Bin271	2	9.140628	9.457236	0.316608	64.185314	9140629	9457236	9298932
Bin272	2	9.457237	9.597962	0.140725	64.668410	9457238	9597962	9527600
Bin273	2	9.597963	9.923932	0.325969	64.908219	9597964	9923932	9760948
Bin274	2	9.923933	10.189478	0.265545	65.148027	9923934	10189478	10056706
Bin275	2	10.189479	10.747558	0.558079	66.128451	10189480	10747558	10468518
Bin276	2	10.747559	11.095995	0.348436	67.621099	10747560	11095995	10921777
Bin277	2	11.095996	12.035829	0.939833	67.860908	11095997	12035829	11565912
Bin278	2	12.035830	12.100530	0.064700	68.100716	12035831	12100530	12068180
Bin279	2	12.100531	15.858020	3.757489	70.665381	12100532	15858020	13979276
Bin280	2	15.858021	15.880004	0.021983	71.148476	15858022	15880004	15869012
Bin281	2	15.880005	16.087050	0.207045	71.388285	15880006	16087050	15983528
Bin282	2	16.087051	16.146764	0.059713	71.628094	16087052	16146764	16116908
Bin283	2	16.146765	16.201805	0.055040	71.867902	16146766	16201805	16174285
Bin284	2	16.201806	16.453739	0.251933	72.107711	16201807	16453739	16327773
Bin285	2	16.453740	16.549459	0.095719	72.347520	16453741	16549459	16501599
Bin286	2	16.549460	18.064573	1.515113	72.587328	16549461	18064573	17307016
Bin287	2	18.064574	18.126363	0.061789	73.070424	18064575	18126363	18095469
Bin288	2	18.126364	18.461481	0.335117	73.310232	18126365	18461481	18293922
Bin289	2	18.461482	18.524833	0.063351	73.550041	18461483	18524833	18493158
Bin290	2	18.524834	18.637865	0.113031	73.789850	18524835	18637865	18581350
Bin291	2	18.637866	18.690708	0.052842	74.029658	18637867	18690708	18664287
Bin292	2	18.690709	18.743857	0.053148	74.759598	18690710	18743857	18717283
Bin293	2	18.743858	18.802995	0.059137	74.999407	18743859	18802995	18773426
Bin294	2	18.802996	19.067843	0.264847	75.729347	18802997	19067843	18935420
Bin295	2	19.067844	19.192004	0.124160	77.221995	19067845	19192004	19129924
Bin296	2	19.192005	19.232627	0.040622	77.461803	19192006	19232627	19212316
Bin297	2	19.232628	19.299425	0.066797	77.701612	19232629	19299425	19266026
Bin298	2	19.299426	19.496875	0.197449	77.941421	19299427	19496875	19398150
Bin299	2	19.496876	19.568271	0.071395	78.181229	19496877	19568271	19532573
Bin300	2	19.568272	19.644629	0.076357	78.911169	19568273	19644629	19606450
Bin301	2	19.644630	19.670920	0.026290	79.150978	19644631	19670920	19657775
Bin302	2	19.670921	19.749216	0.078295	79.634073	19670922	19749216	19710068
Bin303	2	19.749217	19.856966	0.107749	79.873882	19749218	19856966	19803092
Bin304	2	19.856967	19.971411	0.114444	80.356978	19856968	19971411	19914189
Bin305	2	19.971412	20.008158	0.036746	81.086918	19971413	20008158	19989785
Bin306	2	20.008159	20.057010	0.048851	81.570013	20008160	20057010	20032584
Bin307	2	20.057011	20.102297	0.045286	81.809822	20057012	20102297	20079654
Bin308	2	20.102298	20.278263	0.175965	82.292917	20102299	20278263	20190280
Bin309	2	20.278264	20.520046	0.241782	82.776013	20278265	20520046	20399155
Bin310	2	20.520047	20.668837	0.148790	83.015821	20520048	20668837	20594442
Bin311	2	20.668838	28.615946	7.947108	136.015694	20668839	28615946	24642392
Bin312	2	28.615947	28.725300	0.109353	136.745634	28615948	28725300	28670623
Bin313	2	28.725301	29.188923	0.463622	137.228730	28725302	29188923	28957112
Bin314	2	29.188924	29.396938	0.208014	138.721378	29188925	29396938	29292931
Bin315	2	29.396939	29.442864	0.045925	138.961186	29396940	29442864	29419902
Bin316	2	29.442865	29.587393	0.144528	139.444282	29442866	29587393	29515129
Bin317	2	29.587394	29.998912	0.411518	139.684090	29587395	29998912	29793153
Bin318	2	29.998913	30.565240	0.566327	140.664514	29998914	30565240	30282077
Bin319	2	30.565241	30.614033	0.048792	140.904323	30565242	30614033	30589637
Bin320	2	30.614034	30.759597	0.145563	141.884746	30614035	30759597	30686816
Bin321	2	30.759598	30.785882	0.026284	142.124555	30759599	30785882	30772740
Bin322	2	30.785883	31.059469	0.273586	143.617203	30785884	31059469	30922676
Bin323	2	31.059470	31.209377	0.149907	145.109851	31059471	31209377	31134424
Bin324	2	31.209378	31.251155	0.041777	145.592947	31209379	31251155	31230266
Bin325	2	31.251156	31.389486	0.138330	145.832755	31251157	31389486	31320321
Bin326	2	31.389487	31.533335	0.143848	146.315851	31389488	31533335	31461411
Bin327	2	31.533336	31.543169	0.009833	146.555659	31533337	31543169	31538252
Bin328	2	31.543170	31.595881	0.052711	146.795468	31543171	31595881	31569525
Bin329	2	31.595882	31.646146	0.050264	147.525408	31595883	31646146	31621014
Bin330	2	31.646147	31.983847	0.337700	147.765217	31646148	31983847	31814997
Bin331	2	31.983848	32.262768	0.278920	148.005025	31983849	32262768	32123308
Bin332	2	32.262769	33.446350	1.183581	149.239656	32262770	33446350	32854560
Bin333	2	33.446351	33.745363	0.299012	156.147173	33446352	33745363	33595857
Bin334	2	33.745364	33.758293	0.012929	156.386981	33745365	33758293	33751828
Bin335	2	33.758294	33.991320	0.233026	157.879630	33758295	33991320	33874807
Bin336	2	33.991321	34.166800	0.175479	161.005647	33991322	34166800	34079060
Bin337	2	34.166801	34.292847	0.126046	161.986071	34166802	34292847	34229824
Bin338	2	34.292848	34.340401	0.047553	162.469167	34292849	34340401	34316624
Bin339	2	34.340402	34.386590	0.046188	162.708975	34340403	34386590	34363496
Bin340	2	34.386591	34.471549	0.084958	163.192071	34386592	34471549	34429070
Bin341	2	34.471550	34.503176	0.031626	163.675166	34471551	34503176	34487363
Bin342	2	34.503177	34.585403	0.082226	163.914975	34503178	34585403	34544290
Bin343	2	34.585404	34.737818	0.152414	164.154784	34585405	34737818	34661611
Bin344	2	34.737819	34.862504	0.124685	166.445260	34737820	34862504	34800162
Bin345	2	34.862505	34.973383	0.110878	166.685069	34862506	34973383	34917944
Bin346	2	34.973384	35.103215	0.129831	167.168164	34973385	35103215	35038300
Bin347	2	35.103216	35.129268	0.026052	167.651260	35103217	35129268	35116242
Bin348	2	35.129269	35.154493	0.025224	169.671737	35129270	35154493	35141881
Bin349	2	35.154494	35.209385	0.054891	169.911546	35154495	35209385	35181940
Bin350	2	35.209386	35.244080	0.034694	170.394641	35209387	35244080	35226733
Bin351	2	35.244081	35.323026	0.078945	171.124581	35244082	35323026	35283554
Bin352	2	35.323027	35.378402	0.055375	171.364390	35323028	35378402	35350714
Bin353	2	35.378403	35.426566	0.048163	174.207533	35378404	35426566	35402484
Bin354	2	35.426567	35.705285	0.278718	174.447341	35426568	35705285	35565926
Bin355	2	35.705286	35.749191	0.043905	174.930437	35705287	35749191	35727238
Bin356	2	35.749192	35.930381	0.181189	175.413532	35749193	35930381	35839786
Bin357	3	0.000000	0.265185	0.265185	0.000000	1	265185	132592
Bin358	3	0.265186	0.366923	0.101737	0.239809	265187	366923	316054
Bin359	3	0.366924	0.529395	0.162471	0.969749	366925	529395	448159
Bin360	3	0.529396	1.115489	0.586093	1.950172	529397	1115489	822442
Bin361	3	1.115490	1.842583	0.727093	10.680998	1115491	1842583	1479036
Bin362	3	1.842584	1.874978	0.032394	11.164093	1842585	1874978	1858781
Bin363	3	1.874979	2.096343	0.221364	11.403902	1874980	2096343	1985661
Bin364	3	2.096344	2.159340	0.062996	12.384325	2096345	2159340	2127842
Bin365	3	2.159341	2.212778	0.053437	12.867421	2159342	2212778	2186060
Bin366	3	2.212779	2.328674	0.115895	14.887898	2212780	2328674	2270726
Bin367	3	2.328675	2.511811	0.183136	15.127706	2328676	2511811	2420243
Bin368	3	2.511812	2.639121	0.127309	15.367515	2511813	2639121	2575466
Bin369	3	2.639122	2.719753	0.080631	16.347939	2639123	2719753	2679437
Bin370	3	2.719754	3.127019	0.407265	16.587747	2719755	3127019	2923387
Bin371	3	3.127020	3.222687	0.095667	17.317687	3127021	3222687	3174854
Bin372	3	3.222688	3.277028	0.054340	20.160830	3222689	3277028	3249858
Bin373	3	3.277029	3.342481	0.065452	20.400639	3277030	3342481	3309755
Bin374	3	3.342482	3.481041	0.138559	20.640448	3342483	3481041	3411762
Bin375	3	3.481042	3.781011	0.299969	22.660924	3481043	3781011	3631026
Bin376	3	3.781012	4.586471	0.805459	35.143658	3781013	4586471	4183742
Bin377	3	4.586472	4.893618	0.307146	35.383467	4586473	4893618	4740045
Bin378	3	4.893619	5.514635	0.621016	37.673944	4893620	5514635	5204127
Bin379	3	5.514636	5.620866	0.106230	39.428510	5514637	5620866	5567751
Bin380	3	5.620867	5.868175	0.247308	40.158450	5620868	5868175	5744521
Bin381	3	5.868176	5.941538	0.073362	40.641545	5868177	5941538	5904857
Bin382	3	5.941539	6.039922	0.098383	40.881354	5941540	6039922	5990730
Bin383	3	6.039923	6.595502	0.555579	41.364449	6039924	6595502	6317712
Bin384	3	6.595503	7.877226	1.281723	42.344873	6595504	7877226	7236365
Bin385	3	7.877227	8.533630	0.656403	51.075698	7877228	8533630	8205428
Bin386	3	8.533631	8.659020	0.125389	52.056122	8533632	8659020	8596325
Bin387	3	8.659021	8.750769	0.091748	52.786062	8659022	8750769	8704895
Bin388	3	8.750770	8.783427	0.032657	53.025871	8750771	8783427	8767098
Bin389	3	8.783428	9.242400	0.458972	53.265679	8783429	9242400	9012914
Bin390	3	9.242401	9.255995	0.013594	53.505488	9242402	9255995	9249198
Bin391	3	9.255996	9.280271	0.024275	53.745296	9255997	9280271	9268134
Bin392	3	9.280272	9.336799	0.056527	53.985105	9280273	9336799	9308536
Bin393	3	9.336800	9.372378	0.035578	54.224914	9336801	9372378	9354589
Bin394	3	9.372379	9.423339	0.050960	54.464722	9372380	9423339	9397859
Bin395	3	9.423340	9.507143	0.083803	54.947818	9423341	9507143	9465242
Bin396	3	9.507144	9.528457	0.021313	55.430913	9507145	9528457	9517800
Bin397	3	9.528458	9.689863	0.161405	56.160853	9528459	9689863	9609161
Bin398	3	9.689864	9.985525	0.295661	56.400662	9689865	9985525	9837695
Bin399	3	9.985526	10.037968	0.052442	58.421139	9985527	10037968	10011747
Bin400	3	10.037969	10.087428	0.049459	58.660948	10037970	10087428	10062698
Bin401	3	10.087429	10.123010	0.035581	58.900756	10087430	10123010	10105220
Bin402	3	10.123011	10.176627	0.053616	59.140565	10123012	10176627	10149819
Bin403	3	10.176628	10.435319	0.258691	59.623660	10176629	10435319	10305974
Bin404	3	10.435320	10.777003	0.341683	64.233970	10435321	10777003	10606162
Bin405	3	10.777004	10.972019	0.195015	64.717066	10777005	10972019	10874512
Bin406	3	10.972020	11.175844	0.203824	64.956874	10972021	11175844	11073932
Bin407	3	11.175845	11.316105	0.140260	65.196683	11175846	11316105	11245975
Bin408	3	11.316106	12.114278	0.798172	69.500413	11316107	12114278	11715192
Bin409	3	12.114279	12.563017	0.448738	70.480837	12114280	12563017	12338648
Bin410	3	12.563018	12.670417	0.107399	71.715467	12563019	12670417	12616718
Bin411	3	12.670418	12.881405	0.210987	72.198563	12670419	12881405	12775912
Bin412	3	12.881406	12.993080	0.111674	72.681659	12881407	12993080	12937243
Bin413	3	12.993081	13.075534	0.082453	73.164754	12993082	13075534	13034308
Bin414	3	13.075535	13.654627	0.579092	77.166889	13075536	13654627	13365081
Bin415	3	13.654628	13.767429	0.112801	77.649985	13654629	13767429	13711029
Bin416	3	13.767430	13.900149	0.132719	78.133081	13767431	13900149	13833790
Bin417	3	13.900150	14.074755	0.174605	79.367711	13900151	14074755	13987452
Bin418	3	14.074756	14.202858	0.128102	82.210854	14074757	14202858	14138807
Bin419	3	14.202859	14.347812	0.144953	82.450663	14202860	14347812	14275336
Bin420	3	14.347813	14.521459	0.173646	83.943311	14347814	14521459	14434636
Bin421	3	14.521460	14.600647	0.079187	84.183120	14521461	14600647	14561054
Bin422	3	14.600648	14.720601	0.119953	84.422928	14600649	14720601	14660624
Bin423	3	14.720602	14.862577	0.141975	84.662737	14720603	14862577	14791590
Bin424	3	14.862578	14.877240	0.014662	85.145832	14862579	14877240	14869909
Bin425	3	14.877241	15.020197	0.142956	86.900398	14877242	15020197	14948719
Bin426	3	15.020198	15.101698	0.081500	87.630338	15020199	15101698	15060948
Bin427	3	15.101699	15.153268	0.051569	87.870147	15101700	15153268	15127484
Bin428	3	15.153269	15.333404	0.180135	88.109956	15153270	15333404	15243336
Bin429	3	15.333405	15.378462	0.045057	88.349764	15333406	15378462	15355934
Bin430	3	15.378463	15.477276	0.098813	89.079704	15378464	15477276	15427870
Bin431	3	15.477277	15.584061	0.106784	89.562800	15477278	15584061	15530669
Bin432	3	15.584062	15.596807	0.012745	89.802608	15584063	15596807	15590434
Bin433	3	15.596808	15.800907	0.204099	91.823085	15596809	15800907	15698857
Bin434	3	15.800908	15.901851	0.100943	92.062894	15800909	15901851	15851380
Bin435	3	15.901852	16.184191	0.282339	92.302702	15901853	16184191	16043021
Bin436	3	16.184192	16.224323	0.040131	93.032642	16184193	16224323	16204257
Bin437	3	16.224324	16.416446	0.192122	93.272451	16224325	16416446	16320385
Bin438	3	16.416447	16.717120	0.300673	93.512260	16416448	16717120	16566784
Bin439	3	16.717121	16.913791	0.196670	93.752068	16717122	16913791	16815456
Bin440	3	16.913792	17.041018	0.127226	93.991877	16913793	17041018	16977405
Bin441	3	17.041019	17.188127	0.147108	94.231686	17041020	17188127	17114573
Bin442	3	17.188128	17.375239	0.187111	94.714781	17188129	17375239	17281684
Bin443	3	17.375240	17.418668	0.043428	94.954590	17375241	17418668	17396954
Bin444	3	17.418669	17.834773	0.416104	95.684530	17418670	17834773	17626721
Bin445	3	17.834774	18.074983	0.240209	95.924338	17834775	18074983	17954878
Bin446	3	18.074984	18.081225	0.006241	96.164147	18074985	18081225	18078105
Bin447	3	18.081226	21.237535	3.156309	96.403955	18081227	21237535	19659380
Bin448	3	21.237536	22.491447	1.253911	96.643764	21237537	22491447	21864492
Bin449	3	22.491448	22.619767	0.128319	96.883573	22491449	22619767	22555608
Bin450	3	22.619768	22.753876	0.134108	97.123381	22619769	22753876	22686822
Bin451	3	22.753877	22.884071	0.130194	97.363190	22753878	22884071	22818974
Bin452	3	22.884072	23.482431	0.598359	98.093130	22884073	23482431	23183251
Bin453	3	23.482432	23.569145	0.086713	98.576225	23482433	23569145	23525788
Bin454	3	23.569146	23.664483	0.095337	99.059321	23569147	23664483	23616814
Bin455	3	23.664484	23.803459	0.138975	99.299130	23664485	23803459	23733972
Bin456	3	23.803460	23.872245	0.068785	99.538938	23803461	23872245	23837852
Bin457	3	23.872246	23.968657	0.096411	99.778747	23872247	23968657	23920452
Bin458	3	23.968658	24.066568	0.097910	100.261842	23968659	24066568	24017613
Bin459	3	24.066569	24.421219	0.354650	100.991782	24066570	24421219	24243894
Bin460	3	24.421220	24.471105	0.049885	107.553892	24421221	24471105	24446162
Bin461	3	24.471106	24.666387	0.195281	107.793700	24471107	24666387	24568746
Bin462	3	24.666388	24.679307	0.012919	108.033509	24666389	24679307	24672848
Bin463	3	24.679308	25.163511	0.484203	109.013933	24679309	25163511	24921410
Bin464	3	25.163512	25.392055	0.228543	112.719331	25163513	25392055	25277784
Bin465	3	25.392056	25.498106	0.106050	112.959140	25392057	25498106	25445081
Bin466	3	25.498107	25.619155	0.121048	113.198948	25498108	25619155	25558631
Bin467	3	25.619156	25.879535	0.260379	114.953514	25619157	25879535	25749346
Bin468	3	25.879536	25.972187	0.092651	115.933938	25879537	25972187	25925862
Bin469	3	25.972188	26.216336	0.244148	116.173747	25972189	26216336	26094262
Bin470	3	26.216337	26.332216	0.115879	116.413555	26216338	26332216	26274276
Bin471	3	26.332217	26.442647	0.110430	118.704032	26332218	26442647	26387432
Bin472	3	26.442648	26.577642	0.134994	118.943841	26442649	26577642	26510145
Bin473	3	26.577643	26.683870	0.106227	120.178471	26577644	26683870	26630756
Bin474	3	26.683871	26.701929	0.018058	120.418280	26683872	26701929	26692900
Bin475	3	26.701930	26.724040	0.022110	120.901375	26701931	26724040	26712985
Bin476	3	26.724041	26.739675	0.015634	121.141184	26724042	26739675	26731858
Bin477	3	26.739676	26.961126	0.221450	122.121608	26739677	26961126	26850401
Bin478	3	26.961127	27.020994	0.059867	122.361416	26961128	27020994	26991061
Bin479	3	27.020995	27.173087	0.152092	122.601225	27020996	27173087	27097041
Bin480	3	27.173088	27.241984	0.068896	123.331165	27173089	27241984	27207536
Bin481	3	27.241985	27.429791	0.187806	123.570973	27241986	27429791	27335888
Bin482	3	27.429792	27.447623	0.017831	124.551397	27429793	27447623	27438708
Bin483	3	27.447624	27.553879	0.106255	124.791206	27447625	27553879	27500752
Bin484	3	27.553880	27.629843	0.075963	126.025836	27553881	27629843	27591862
Bin485	3	27.629844	27.670834	0.040990	127.006260	27629845	27670834	27650339
Bin486	3	27.670835	27.778013	0.107178	127.246068	27670836	27778013	27724424
Bin487	3	27.778014	27.880140	0.102126	128.226492	27778015	27880140	27829077
Bin488	3	27.880141	28.101700	0.221559	128.466301	27880142	28101700	27990920
Bin489	3	28.101701	28.191965	0.090264	129.446724	28101702	28191965	28146833
Bin490	3	28.191966	28.241904	0.049938	129.686533	28191967	28241904	28216935
Bin491	3	28.241905	28.263900	0.021995	129.926341	28241906	28263900	28252902
Bin492	3	28.263901	28.414701	0.150800	130.166150	28263902	28414701	28339301
Bin493	3	28.414702	28.482113	0.067411	130.405959	28414703	28482113	28448408
Bin494	3	28.482114	28.510951	0.028837	130.645767	28482115	28510951	28496532
Bin495	3	28.510952	28.597562	0.086610	131.880398	28510953	28597562	28554257
Bin496	3	28.597563	28.623418	0.025855	132.120206	28597564	28623418	28610490
Bin497	3	28.623419	28.662933	0.039514	132.360015	28623420	28662933	28643176
Bin498	3	28.662934	28.759363	0.096429	132.599824	28662935	28759363	28711148
Bin499	3	28.759364	29.000929	0.241565	132.839632	28759365	29000929	28880147
Bin500	3	29.000930	29.174678	0.173748	133.322728	29000931	29174678	29087804
Bin501	3	29.174679	29.219931	0.045252	134.052668	29174680	29219931	29197305
Bin502	3	29.219932	29.304443	0.084511	134.292476	29219933	29304443	29262188
Bin503	3	29.304444	29.434208	0.129764	134.775572	29304445	29434208	29369326
Bin504	3	29.434209	29.522295	0.088086	135.258668	29434210	29522295	29478252
Bin505	3	29.522296	29.586955	0.064659	135.498476	29522297	29586955	29554626
Bin506	3	29.586956	29.613770	0.026814	135.738285	29586957	29613770	29600363
Bin507	3	29.613771	29.646889	0.033118	135.978093	29613772	29646889	29630330
Bin508	3	29.646890	29.797093	0.150203	136.461189	29646891	29797093	29721992
Bin509	3	29.797094	29.854408	0.057314	136.944284	29797095	29854408	29825751
Bin510	3	29.854409	29.945657	0.091248	137.427380	29854410	29945657	29900033
Bin511	3	29.945658	29.980753	0.035095	138.407804	29945659	29980753	29963206
Bin512	3	29.980754	30.209424	0.228670	138.647612	29980755	30209424	30095089
Bin513	3	30.209425	30.272777	0.063352	139.130708	30209426	30272777	30241101
Bin514	3	30.272778	30.307541	0.034763	139.370516	30272779	30307541	30290160
Bin515	3	30.307542	30.327291	0.019749	139.610325	30307543	30327291	30317416
Bin516	3	30.327292	30.338396	0.011104	141.102973	30327293	30338396	30332844
Bin517	3	30.338397	30.403620	0.065223	141.342782	30338398	30403620	30371009
Bin518	3	30.403621	30.526966	0.123345	142.072722	30403622	30526966	30465294
Bin519	3	30.526967	30.626109	0.099142	142.312530	30526968	30626109	30576538
Bin520	3	30.626110	30.926873	0.300763	142.795626	30626111	30926873	30776492
Bin521	3	30.926874	31.489701	0.562827	143.035434	30926875	31489701	31208288
Bin522	3	31.489702	31.652244	0.162542	151.766260	31489703	31652244	31570973
Bin523	3	31.652245	32.003340	0.351095	152.249356	31652246	32003340	31827792
Bin524	3	32.003341	32.068442	0.065101	152.489164	32003342	32068442	32035892
Bin525	3	32.068443	32.274700	0.206257	153.219104	32068444	32274700	32171572
Bin526	3	32.274701	32.641536	0.366835	157.221240	32274702	32641536	32458118
Bin527	3	32.641537	32.836883	0.195346	158.201663	32641538	32836883	32739210
Bin528	3	32.836884	33.123009	0.286125	158.441472	32836885	33123009	32979946
Bin529	3	33.123010	33.886601	0.763591	159.676102	33123011	33886601	33504806
Bin530	3	33.886602	34.899302	1.012700	177.245997	33886603	34899302	34392952
Bin531	3	34.899303	34.917624	0.018321	177.975937	34899304	34917624	34908464
Bin532	3	34.917625	34.945862	0.028237	178.705877	34917626	34945862	34931743
Bin533	3	34.945863	35.135451	0.189588	179.686300	34945864	35135451	35040657
Bin534	3	35.135452	35.270276	0.134824	180.666724	35135453	35270276	35202864
Bin535	3	35.270277	35.296282	0.026005	180.906532	35270278	35296282	35283280
Bin536	3	35.296283	35.313269	0.016986	182.141163	35296284	35313269	35304776
Bin537	3	35.313270	35.470280	0.157010	182.380972	35313271	35470280	35391775
Bin538	3	35.470281	35.537637	0.067356	182.620780	35470282	35537637	35503959
Bin539	3	35.537638	35.564583	0.026945	182.860589	35537639	35564583	35551110
Bin540	3	35.564584	35.598944	0.034360	183.841012	35564585	35598944	35581764
Bin541	3	35.598945	35.642630	0.043685	184.080821	35598946	35642630	35620788
Bin542	3	35.642631	35.661689	0.019058	185.315452	35642632	35661689	35652160
Bin543	3	35.661690	35.750188	0.088498	185.555260	35661691	35750188	35705939
Bin544	3	35.750189	35.796045	0.045856	185.795069	35750190	35796045	35773117
Bin545	3	35.796046	35.950156	0.154110	186.034877	35796047	35950156	35873101
Bin546	3	35.950157	36.084983	0.134826	186.764817	35950158	36084983	36017570
Bin547	3	36.084984	36.176712	0.091728	187.247913	36084985	36176712	36130848
Bin548	3	36.176713	36.406689	0.229976	187.487722	36176714	36406689	36291701
Bin549	4	0.000000	0.149849	0.149849	0.000000	1	149849	74924
Bin550	4	0.149850	0.488657	0.338807	0.483096	149851	488657	319254
Bin551	4	0.488658	0.518636	0.029978	1.213036	488659	518636	503647
Bin552	4	0.518637	0.562414	0.043777	1.452844	518638	562414	540526
Bin553	4	0.562415	0.642349	0.079934	2.182784	562416	642349	602382
Bin554	4	0.642350	0.802874	0.160524	2.422593	642351	802874	722612
Bin555	4	0.802875	1.004206	0.201331	2.662401	802876	1004206	903540
Bin556	4	1.004207	1.224245	0.220038	2.902210	1004208	1224245	1114226
Bin557	4	1.224246	1.253698	0.029452	3.142019	1224247	1253698	1238972
Bin558	4	1.253699	1.708674	0.454975	3.381827	1253700	1708674	1481186
Bin559	4	1.708675	1.816014	0.107339	4.111767	1708676	1816014	1762344
Bin560	4	1.816015	2.036183	0.220168	5.346398	1816016	2036183	1926099
Bin561	4	2.036184	2.354298	0.318114	5.586206	2036185	2354298	2195241
Bin562	4	2.354299	2.465319	0.111020	8.150871	2354300	2465319	2409809
Bin563	4	2.465320	2.490723	0.025403	8.633967	2465321	2490723	2478022
Bin564	4	2.490724	2.527546	0.036822	8.873775	2490725	2527546	2509135
Bin565	4	2.527547	2.884740	0.357193	9.113584	2527548	2884740	2706144
Bin566	4	2.884741	3.560471	0.675730	9.596679	2884742	3560471	3222606
Bin567	4	3.560472	3.570556	0.010084	10.326619	3560473	3570556	3565514
Bin568	4	3.570557	3.645179	0.074622	10.566428	3570558	3645179	3607868
Bin569	4	3.645180	3.954953	0.309773	10.806237	3645181	3954953	3800066
Bin570	4	3.954954	4.184281	0.229327	11.046045	3954955	4184281	4069617
Bin571	4	4.184282	4.319180	0.134898	11.285854	4184283	4319180	4251731
Bin572	4	4.319181	4.365825	0.046644	11.525662	4319182	4365825	4342503
Bin573	4	4.365826	4.421425	0.055599	11.765471	4365827	4421425	4393626
Bin574	4	4.421426	4.585570	0.164144	12.248567	4421427	4585570	4503498
Bin575	4	4.585571	4.796587	0.211016	12.488375	4585572	4796587	4691079
Bin576	4	4.796588	4.913630	0.117042	12.728184	4796589	4913630	4855109
Bin577	4	4.913631	5.237167	0.323536	12.967992	4913632	5237167	5075399
Bin578	4	5.237168	5.311476	0.074308	13.451088	5237169	5311476	5274322
Bin579	4	5.311477	5.484717	0.173240	13.934184	5311478	5484717	5398097
Bin580	4	5.484718	5.815564	0.330846	14.173992	5484719	5815564	5650141
Bin581	4	5.815565	6.593492	0.777927	15.154416	5815566	6593492	6204528
Bin582	4	6.593493	6.934371	0.340878	15.394224	6593494	6934371	6763932
Bin583	4	6.934372	7.103402	0.169030	15.877320	6934373	7103402	7018887
Bin584	4	7.103403	7.375205	0.271802	16.117128	7103404	7375205	7239304
Bin585	4	7.375206	12.712586	5.337380	17.097552	7375207	12712586	10043896
Bin586	4	12.712587	13.227134	0.514547	18.590200	12712588	13227134	12969860
Bin587	4	13.227135	13.337999	0.110864	18.830009	13227136	13337999	13282567
Bin588	4	13.338000	13.616485	0.278485	19.069817	13338001	13616485	13477242
Bin589	4	13.616486	13.938528	0.322042	19.309626	13616487	13938528	13777507
Bin590	4	13.938529	15.074593	1.136064	23.015025	13938530	15074593	14506561
Bin591	4	15.074594	15.662070	0.587476	23.498120	15074595	15662070	15368332
Bin592	4	15.662071	15.762618	0.100547	23.737929	15662072	15762618	15712344
Bin593	4	15.762619	15.876185	0.113566	23.977737	15762620	15876185	15819402
Bin594	4	15.876186	16.552639	0.676453	27.391136	15876187	16552639	16214413
Bin595	4	16.552640	16.693613	0.140973	27.874232	16552641	16693613	16623126
Bin596	4	16.693614	16.987636	0.294022	32.796235	16693615	16987636	16840625
Bin597	4	16.987637	17.412477	0.424840	33.279331	16987638	17412477	17200057
Bin598	4	17.412478	17.645887	0.233409	33.519139	17412479	17645887	17529182
Bin599	4	17.645888	17.912328	0.266440	33.758948	17645889	17912328	17779108
Bin600	4	17.912329	18.000059	0.087730	33.998757	17912330	18000059	17956194
Bin601	4	18.000060	18.025216	0.025156	34.238565	18000061	18025216	18012638
Bin602	4	18.025217	18.072385	0.047168	34.478374	18025218	18072385	18048801
Bin603	4	18.072386	18.225102	0.152716	34.718182	18072387	18225102	18148744
Bin604	4	18.225103	18.384355	0.159252	34.957991	18225104	18384355	18304729
Bin605	4	18.384356	18.428680	0.044324	35.197800	18384357	18428680	18406518
Bin606	4	18.428681	18.592547	0.163866	35.437608	18428682	18592547	18510614
Bin607	4	18.592548	18.657182	0.064634	35.677417	18592549	18657182	18624865
Bin608	4	18.657183	18.766831	0.109648	35.917225	18657184	18766831	18712007
Bin609	4	18.766832	18.947648	0.180816	36.647165	18766833	18947648	18857240
Bin610	4	18.947649	19.106130	0.158481	40.352564	18947650	19106130	19026890
Bin611	4	19.106131	19.155366	0.049235	40.592373	19106132	19155366	19130749
Bin612	4	19.155367	19.272921	0.117554	40.832181	19155368	19272921	19214144
Bin613	4	19.272922	19.326407	0.053485	41.071990	19272923	19326407	19299664
Bin614	4	19.326408	19.370402	0.043994	41.311799	19326409	19370402	19348405
Bin615	4	19.370403	19.519204	0.148801	41.551607	19370404	19519204	19444804
Bin616	4	19.519205	19.644365	0.125160	46.790555	19519206	19644365	19581785
Bin617	4	19.644366	19.651314	0.006948	47.030363	19644367	19651314	19647840
Bin618	4	19.651315	20.545955	0.894640	49.320840	19651316	20545955	20098635
Bin619	4	20.545956	20.591805	0.045849	49.560649	20545957	20591805	20568880
Bin620	4	20.591806	20.889936	0.298130	53.864379	20591807	20889936	20740871
Bin621	4	20.889937	21.246086	0.356149	57.277778	20889938	21246086	21068011
Bin622	4	21.246087	21.343312	0.097225	57.760873	21246088	21343312	21294700
Bin623	4	21.343313	21.368159	0.024846	58.741297	21343314	21368159	21355736
Bin624	4	21.368160	21.461281	0.093121	59.224392	21368161	21461281	21414720
Bin625	4	21.461282	21.614690	0.153408	59.464201	21461283	21614690	21537986
Bin626	4	21.614691	21.693664	0.078973	59.704010	21614692	21693664	21654178
Bin627	4	21.693665	21.776258	0.082593	59.943818	21693666	21776258	21734961
Bin628	4	21.776259	21.825093	0.048834	60.183627	21776260	21825093	21800676
Bin629	4	21.825094	21.840222	0.015128	61.418257	21825095	21840222	21832658
Bin630	4	21.840223	22.000100	0.159877	66.028567	21840224	22000100	21920162
Bin631	4	22.000101	22.167752	0.167651	66.758507	22000102	22167752	22083926
Bin632	4	22.167753	22.260319	0.092566	66.998316	22167754	22260319	22214036
Bin633	4	22.260320	22.425390	0.165070	67.481411	22260321	22425390	22342855
Bin634	4	22.425391	22.821009	0.395618	67.964507	22425392	22821009	22623200
Bin635	4	22.821010	23.060397	0.239387	68.944930	22821011	23060397	22940703
Bin636	4	23.060398	23.101709	0.041311	69.184739	23060399	23101709	23081054
Bin637	4	23.101710	23.157202	0.055492	71.475216	23101711	23157202	23129456
Bin638	4	23.157203	23.315740	0.158537	71.715024	23157204	23315740	23236472
Bin639	4	23.315741	23.658866	0.343125	71.954833	23315742	23658866	23487304
Bin640	4	23.658867	24.030308	0.371441	74.245310	23658868	24030308	23844588
Bin641	4	24.030309	24.066403	0.036094	74.485118	24030310	24066403	24048356
Bin642	4	24.066404	24.378492	0.312088	74.724927	24066405	24378492	24222448
Bin643	4	24.378493	25.543208	1.164715	74.964736	24378494	25543208	24960850
Bin644	4	25.543209	25.807863	0.264654	82.223836	25543210	25807863	25675536
Bin645	4	25.807864	26.113441	0.305577	82.463645	25807865	26113441	25960653
Bin646	4	26.113442	26.349782	0.236340	82.703453	26113443	26349782	26231612
Bin647	4	26.349783	27.798666	1.448883	84.196102	26349784	27798666	27074224
Bin648	4	27.798667	27.860405	0.061738	85.688750	27798668	27860405	27829536
Bin649	4	27.860406	28.313583	0.453177	86.418690	27860407	28313583	28086995
Bin650	4	28.313584	28.910274	0.596690	90.420825	28313585	28910274	28611929
Bin651	4	28.910275	29.493748	0.583473	90.660634	28910276	29493748	29202011
Bin652	4	29.493749	29.854434	0.360685	92.153282	29493750	29854434	29674092
Bin653	4	29.854435	29.900062	0.045627	93.645930	29854436	29900062	29877248
Bin654	4	29.900063	29.969056	0.068993	93.885739	29900064	29969056	29934560
Bin655	4	29.969057	29.987806	0.018749	94.125547	29969058	29987806	29978432
Bin656	4	29.987807	30.132518	0.144711	94.608643	29987808	30132518	30060162
Bin657	4	30.132519	30.295836	0.163317	94.848451	30132520	30295836	30214177
Bin658	4	30.295837	30.379995	0.084158	95.088260	30295838	30379995	30337916
Bin659	4	30.379996	30.428576	0.048580	96.580908	30379997	30428576	30404286
Bin660	4	30.428577	30.683804	0.255227	96.820717	30428578	30683804	30556190
Bin661	4	30.683805	30.705756	0.021951	97.060525	30683806	30705756	30694780
Bin662	4	30.705757	30.912856	0.207099	98.553174	30705758	30912856	30809306
Bin663	4	30.912857	30.982881	0.070024	99.036269	30912858	30982881	30947869
Bin664	4	30.982882	31.141829	0.158947	100.270900	30982883	31141829	31062356
Bin665	4	31.141830	31.203453	0.061623	100.510708	31141831	31203453	31172641
Bin666	4	31.203454	31.241785	0.038331	100.750517	31203455	31241785	31222620
Bin667	4	31.241786	31.261529	0.019743	101.730940	31241787	31261529	31251658
Bin668	4	31.261530	31.317527	0.055997	101.970749	31261531	31317527	31289528
Bin669	4	31.317528	31.368417	0.050889	102.210558	31317529	31368417	31342973
Bin670	4	31.368418	31.426906	0.058488	102.693653	31368419	31426906	31397662
Bin671	4	31.426907	31.446709	0.019802	103.176749	31426908	31446709	31436808
Bin672	4	31.446710	31.487785	0.041075	103.416557	31446711	31487785	31467248
Bin673	4	31.487786	31.818035	0.330249	103.656366	31487787	31818035	31652910
Bin674	4	31.818036	31.904549	0.086513	104.139462	31818037	31904549	31861292
Bin675	4	31.904550	31.973882	0.069332	104.379270	31904551	31973882	31939216
Bin676	4	31.973883	32.011039	0.037156	105.359694	31973884	32011039	31992461
Bin677	4	32.011040	32.188368	0.177328	105.842789	32011041	32188368	32099704
Bin678	4	32.188369	32.217459	0.029090	106.082598	32188370	32217459	32202914
Bin679	4	32.217460	32.267669	0.050209	106.322407	32217461	32267669	32242564
Bin680	4	32.267670	32.470012	0.202342	106.562215	32267671	32470012	32368841
Bin681	4	32.470013	32.571609	0.101596	106.802024	32470014	32571609	32520811
Bin682	4	32.571610	33.251073	0.679463	109.645167	32571611	33251073	32911342
Bin683	4	33.251074	33.499468	0.248394	109.884975	33251075	33499468	33375271
Bin684	4	33.499469	34.109872	0.610403	115.123923	33499470	34109872	33804670
Bin685	4	34.109873	34.458494	0.348621	125.032769	34109874	34458494	34284184
Bin686	4	34.458495	34.482618	0.024123	126.267400	34458496	34482618	34470556
Bin687	4	34.482619	34.747140	0.264521	126.507209	34482620	34747140	34614880
Bin688	4	34.747141	35.278225	0.531084	127.237149	34747142	35278225	35012683
Bin689	5	0.000000	0.290340	0.290340	0.000000	1	290340	145170
Bin690	5	0.290341	0.357556	0.067215	0.729940	290342	357556	323948
Bin691	5	0.357557	0.504367	0.146810	1.459880	357558	504367	430962
Bin692	5	0.504368	0.536496	0.032128	4.303023	504369	536496	520432
Bin693	5	0.536497	0.662785	0.126288	4.542832	536498	662785	599641
Bin694	5	0.662786	0.684455	0.021669	4.782640	662787	684455	673620
Bin695	5	0.684456	0.876761	0.192305	6.017271	684457	876761	780608
Bin696	5	0.876762	0.951799	0.075037	6.257080	876763	951799	914280
Bin697	5	0.951800	1.154580	0.202780	6.496888	951801	1154580	1053190
Bin698	5	1.154581	1.171059	0.016478	6.736697	1154582	1171059	1162820
Bin699	5	1.171060	1.252018	0.080958	7.717120	1171061	1252018	1211539
Bin700	5	1.252019	1.312354	0.060335	8.697544	1252020	1312354	1282186
Bin701	5	1.312355	1.450014	0.137659	9.677967	1312356	1450014	1381184
Bin702	5	1.450015	1.532133	0.082118	9.917776	1450016	1532133	1491074
Bin703	5	1.532134	1.725174	0.193040	11.938253	1532135	1725174	1628654
Bin704	5	1.725175	1.763069	0.037894	12.178062	1725176	1763069	1744122
Bin705	5	1.763070	1.795413	0.032343	12.417870	1763071	1795413	1779242
Bin706	5	1.795414	1.802716	0.007302	12.657679	1795415	1802716	1799065
Bin707	5	1.802717	1.928765	0.126048	12.897487	1802718	1928765	1865741
Bin708	5	1.928766	2.030619	0.101853	13.380583	1928767	2030619	1979692
Bin709	5	2.030620	2.045068	0.014448	13.863679	2030621	2045068	2037844
Bin710	5	2.045069	2.141669	0.096600	14.103487	2045070	2141669	2093369
Bin711	5	2.141670	2.184620	0.042950	14.343296	2141671	2184620	2163145
Bin712	5	2.184621	2.264766	0.080145	14.583104	2184622	2264766	2224694
Bin713	5	2.264767	2.332876	0.068109	14.822913	2264768	2332876	2298822
Bin714	5	2.332877	2.401782	0.068905	15.062722	2332878	2401782	2367330
Bin715	5	2.401783	2.464691	0.062908	15.545817	2401784	2464691	2433237
Bin716	5	2.464692	2.753071	0.288379	17.566294	2464693	2753071	2608882
Bin717	5	2.753072	2.997167	0.244095	17.806103	2753073	2997167	2875120
Bin718	5	2.997168	3.103695	0.106527	19.560669	2997169	3103695	3050432
Bin719	5	3.103696	3.179444	0.075748	19.800477	3103697	3179444	3141570
Bin720	5	3.179445	3.254806	0.075361	20.040286	3179446	3254806	3217126
Bin721	5	3.254807	3.437722	0.182915	20.280094	3254808	3437722	3346264
Bin722	5	3.437723	3.496613	0.058890	20.519903	3437724	3496613	3467168
Bin723	5	3.496614	3.560917	0.064303	22.012551	3496615	3560917	3528766
Bin724	5	3.560918	3.973028	0.412110	22.252360	3560919	3973028	3766973
Bin725	5	3.973029	4.187799	0.214770	26.254495	3973030	4187799	4080414
Bin726	5	4.187800	4.322759	0.134959	26.494304	4187801	4322759	4255280
Bin727	5	4.322760	4.775838	0.453078	28.248870	4322761	4775838	4549299
Bin728	5	4.775839	5.252512	0.476673	28.978810	4775840	5252512	5014176
Bin729	5	5.252513	5.375771	0.123258	29.708750	5252514	5375771	5314142
Bin730	5	5.375772	5.651478	0.275706	32.551893	5375773	5651478	5513625
Bin731	5	5.651479	6.002005	0.350526	33.281833	5651480	6002005	5826742
Bin732	5	6.002006	6.213585	0.211579	33.521641	6002007	6213585	6107796
Bin733	5	6.213586	6.510923	0.297337	34.004737	6213587	6510923	6362255
Bin734	5	6.510924	6.734133	0.223209	35.497385	6510925	6734133	6622528
Bin735	5	6.734134	7.013758	0.279624	35.980481	6734135	7013758	6873946
Bin736	5	7.013759	8.267745	1.253986	42.542590	7013760	8267745	7640752
Bin737	5	8.267746	10.351466	2.083720	44.297156	8267747	10351466	9309606
Bin738	5	10.351467	14.363544	4.012077	44.780252	10351468	14363544	12357505
Bin739	5	14.363545	15.006540	0.642995	46.014882	14363546	15006540	14685042
Bin740	5	15.006541	15.839515	0.832974	46.744822	15006542	15839515	15423028
Bin741	5	15.839516	16.105774	0.266258	47.227918	15839517	16105774	15972645
Bin742	5	16.105775	16.191893	0.086118	47.467726	16105776	16191893	16148834
Bin743	5	16.191894	16.337328	0.145434	47.950822	16191895	16337328	16264611
Bin744	5	16.337329	16.453820	0.116491	48.433918	16337330	16453820	16395575
Bin745	5	16.453821	16.504479	0.050658	49.163858	16453822	16504479	16479150
Bin746	5	16.504480	16.530124	0.025644	49.403666	16504481	16530124	16517302
Bin747	5	16.530125	16.559109	0.028984	49.886762	16530126	16559109	16544617
Bin748	5	16.559110	16.592286	0.033176	50.369857	16559111	16592286	16575698
Bin749	5	16.592287	16.729873	0.137586	50.609666	16592288	16729873	16661080
Bin750	5	16.729874	16.768259	0.038385	50.849474	16729875	16768259	16749066
Bin751	5	16.768260	16.948459	0.180199	51.089283	16768261	16948459	16858360
Bin752	5	16.948460	17.116927	0.168467	51.329092	16948461	17116927	17032694
Bin753	5	17.116928	17.377587	0.260659	51.812187	17116929	17377587	17247258
Bin754	5	17.377588	17.913560	0.535972	52.542127	17377589	17913560	17645574
Bin755	5	17.913561	18.095111	0.181550	53.522551	17913562	18095111	18004336
Bin756	5	18.095112	18.349997	0.254885	53.762359	18095113	18349997	18222554
Bin757	5	18.349998	18.416437	0.066439	61.379396	18349999	18416437	18383218
Bin758	5	18.416438	18.531523	0.115085	62.109336	18416439	18531523	18473980
Bin759	5	18.531524	18.907665	0.376141	62.349144	18531525	18907665	18719594
Bin760	5	18.907666	18.969656	0.061990	63.079084	18907667	18969656	18938661
Bin761	5	18.969657	18.984030	0.014373	63.318893	18969658	18984030	18976844
Bin762	5	18.984031	19.059859	0.075828	65.073459	18984032	19059859	19021945
Bin763	5	19.059860	19.212395	0.152535	65.803399	19059861	19212395	19136128
Bin764	5	19.212396	19.443093	0.230697	66.286494	19212397	19443093	19327744
Bin765	5	19.443094	20.061618	0.618524	66.769590	19443095	20061618	19752356
Bin766	5	20.061619	20.141100	0.079481	67.009398	20061620	20141100	20101360
Bin767	5	20.141101	20.401845	0.260744	69.299875	20141102	20401845	20271473
Bin768	5	20.401846	20.669565	0.267719	69.539684	20401847	20669565	20535706
Bin769	5	20.669566	21.026885	0.357319	69.779492	20669567	21026885	20848225
Bin770	5	21.026886	21.259629	0.232743	75.340774	21026887	21259629	21143258
Bin771	5	21.259630	21.353749	0.094119	75.580583	21259631	21353749	21306690
Bin772	5	21.353750	21.363894	0.010144	75.820391	21353751	21363894	21358822
Bin773	5	21.363895	21.374837	0.010942	76.303487	21363896	21374837	21369366
Bin774	5	21.374838	21.876088	0.501250	76.543296	21374839	21876088	21625463
Bin775	5	21.876089	22.002033	0.125944	77.523719	21876090	22002033	21939061
Bin776	5	22.002034	22.135557	0.133523	77.763528	22002035	22135557	22068796
Bin777	5	22.135558	22.153557	0.017999	79.518094	22135559	22153557	22144557
Bin778	5	22.153558	22.271314	0.117756	79.757902	22153559	22271314	22212436
Bin779	5	22.271315	22.347827	0.076512	79.997711	22271316	22347827	22309571
Bin780	5	22.347828	22.502161	0.154333	80.480807	22347829	22502161	22424994
Bin781	5	22.502162	22.571304	0.069142	80.720615	22502163	22571304	22536733
Bin782	5	22.571305	22.597239	0.025934	80.960424	22571306	22597239	22584272
Bin783	5	22.597240	22.885740	0.288500	81.940847	22597241	22885740	22741490
Bin784	5	22.885741	23.117143	0.231402	83.961324	22885742	23117143	23001442
Bin785	5	23.117144	23.253364	0.136220	84.201133	23117145	23253364	23185254
Bin786	5	23.253365	23.468341	0.214976	85.181556	23253366	23468341	23360853
Bin787	5	23.468342	23.732359	0.264017	86.674205	23468343	23732359	23600350
Bin788	5	23.732360	24.035418	0.303058	90.676340	23732361	24035418	23883889
Bin789	5	24.035419	24.082191	0.046772	91.159436	24035420	24082191	24058805
Bin790	5	24.082192	24.655526	0.573334	92.394066	24082193	24655526	24368859
Bin791	5	24.655527	25.280770	0.625243	92.877162	24655528	25280770	24968148
Bin792	5	25.280771	25.902493	0.621722	102.385838	25280772	25902493	25591632
Bin793	5	25.902494	26.297001	0.394507	102.868934	25902495	26297001	26099748
Bin794	5	26.297002	26.777920	0.480918	103.352029	26297003	26777920	26537461
Bin795	5	26.777921	26.863783	0.085862	104.081969	26777922	26863783	26820852
Bin796	5	26.863784	27.016533	0.152749	104.565065	26863785	27016533	26940158
Bin797	5	27.016534	27.181159	0.164625	104.804874	27016535	27181159	27098846
Bin798	5	27.181160	27.233401	0.052241	105.044682	27181161	27233401	27207280
Bin799	5	27.233402	27.299430	0.066028	105.284491	27233403	27299430	27266416
Bin800	5	27.299431	27.381214	0.081783	105.767586	27299432	27381214	27340322
Bin801	5	27.381215	27.520235	0.139020	106.007395	27381216	27520235	27450725
Bin802	5	27.520236	27.739972	0.219736	106.247204	27520237	27739972	27630104
Bin803	5	27.739973	27.783806	0.043833	106.487012	27739974	27783806	27761890
Bin804	5	27.783807	27.811984	0.028177	107.467436	27783808	27811984	27797896
Bin805	5	27.811985	27.853065	0.041080	107.707244	27811986	27853065	27832525
Bin806	5	27.853066	27.877559	0.024493	107.947053	27853067	27877559	27865312
Bin807	5	27.877560	27.898671	0.021111	108.186862	27877561	27898671	27888115
Bin808	5	27.898672	27.954500	0.055828	109.167285	27898673	27954500	27926586
Bin809	5	27.954501	28.018883	0.064382	109.650381	27954502	28018883	27986692
Bin810	5	28.018884	28.127771	0.108887	109.890189	28018885	28127771	28073327
Bin811	5	28.127772	28.332921	0.205149	111.644755	28127773	28332921	28230346
Bin812	5	28.332922	28.496307	0.163385	111.884564	28332923	28496307	28414614
Bin813	5	28.496308	28.586346	0.090038	112.367659	28496309	28586346	28541327
Bin814	5	28.586347	28.615528	0.029181	112.607468	28586348	28615528	28600938
Bin815	5	28.615529	28.798801	0.183272	113.337408	28615530	28798801	28707165
Bin816	5	28.798802	28.889023	0.090221	114.067348	28798803	28889023	28843912
Bin817	5	28.889024	29.389423	0.500399	114.550444	28889025	29389423	29139224
Bin818	5	29.389424	29.894789	0.505365	116.043092	29389425	29894789	29642106
Bin819	6	0.000000	0.271093	0.271093	0.000000	1	271093	135546
Bin820	6	0.271094	0.397008	0.125914	0.729940	271095	397008	334051
Bin821	6	0.397009	0.460999	0.063990	0.969749	397010	460999	429004
Bin822	6	0.461000	0.516443	0.055443	1.452844	461001	516443	488722
Bin823	6	0.516444	0.605948	0.089504	2.182784	516445	605948	561196
Bin824	6	0.605949	0.640178	0.034229	2.422593	605950	640178	623064
Bin825	6	0.640179	0.795396	0.155217	2.905688	640180	795396	717788
Bin826	6	0.795397	0.830142	0.034745	3.635628	795398	830142	812770
Bin827	6	0.830143	1.048234	0.218091	3.875437	830144	1048234	939188
Bin828	6	1.048235	1.062285	0.014050	4.855860	1048236	1062285	1055260
Bin829	6	1.062286	1.206460	0.144174	5.095669	1062287	1206460	1134373
Bin830	6	1.206461	1.365555	0.159094	5.335478	1206462	1365555	1286008
Bin831	6	1.365556	1.513882	0.148326	5.818573	1365557	1513882	1439719
Bin832	6	1.513883	1.605053	0.091170	6.548513	1513884	1605053	1559468
Bin833	6	1.605054	1.631004	0.025950	6.788322	1605055	1631004	1618029
Bin834	6	1.631005	1.678944	0.047939	7.028130	1631006	1678944	1654974
Bin835	6	1.678945	1.698400	0.019455	7.267939	1678946	1698400	1688672
Bin836	6	1.698401	1.778528	0.080127	7.751035	1698402	1778528	1738464
Bin837	6	1.778529	1.797773	0.019244	8.234130	1778530	1797773	1788151
Bin838	6	1.797774	1.858961	0.061187	8.964070	1797775	1858961	1828368
Bin839	6	1.858962	1.984865	0.125903	9.203879	1858963	1984865	1921914
Bin840	6	1.984866	2.084518	0.099652	9.443687	1984867	2084518	2034692
Bin841	6	2.084519	2.234523	0.150004	9.683496	2084520	2234523	2159521
Bin842	6	2.234524	2.295914	0.061390	10.663919	2234525	2295914	2265219
Bin843	6	2.295915	2.324883	0.028968	11.898550	2295916	2324883	2310399
Bin844	6	2.324884	2.415117	0.090233	12.138359	2324885	2415117	2370000
Bin845	6	2.415118	2.591631	0.176513	12.378167	2415119	2591631	2503374
Bin846	6	2.591632	2.741262	0.149630	12.617976	2591633	2741262	2666447
Bin847	6	2.741263	2.765029	0.023766	12.857785	2741264	2765029	2753146
Bin848	6	2.765030	2.845915	0.080885	13.097593	2765031	2845915	2805472
Bin849	6	2.845916	2.885498	0.039582	13.827533	2845917	2885498	2865707
Bin850	6	2.885499	2.911830	0.026331	14.807957	2885500	2911830	2898664
Bin851	6	2.911831	2.951069	0.039238	15.047765	2911832	2951069	2931450
Bin852	6	2.951070	3.059440	0.108370	15.530861	2951071	3059440	3005255
Bin853	6	3.059441	3.131981	0.072540	15.770669	3059442	3131981	3095711
Bin854	6	3.131982	3.291145	0.159163	16.253765	3131983	3291145	3211564
Bin855	6	3.291146	3.363111	0.071965	16.493574	3291147	3363111	3327128
Bin856	6	3.363112	3.561527	0.198415	17.223514	3363113	3561527	3462320
Bin857	6	3.561528	3.580989	0.019461	17.953454	3561529	3580989	3571258
Bin858	6	3.580990	3.950547	0.369557	18.193262	3580991	3950547	3765768
Bin859	6	3.950548	4.022438	0.071890	18.433071	3950549	4022438	3986493
Bin860	6	4.022439	4.498040	0.475601	26.050107	4022440	4498040	4260240
Bin861	6	4.498041	4.776966	0.278925	28.340584	4498042	4776966	4637503
Bin862	6	4.776967	4.842272	0.065305	29.575214	4776968	4842272	4809620
Bin863	6	4.842273	4.868361	0.026088	29.815023	4842274	4868361	4855317
Bin864	6	4.868362	5.004278	0.135916	30.054832	4868363	5004278	4936320
Bin865	6	5.004279	5.043742	0.039463	30.294640	5004280	5043742	5024010
Bin866	6	5.043743	5.164071	0.120328	30.534449	5043744	5164071	5103907
Bin867	6	5.164072	5.243334	0.079262	30.774258	5164073	5243334	5203703
Bin868	6	5.243335	5.360737	0.117402	31.014066	5243336	5360737	5302036
Bin869	6	5.360738	5.492250	0.131512	31.744006	5360739	5492250	5426494
Bin870	6	5.492251	5.612296	0.120045	32.978637	5492252	5612296	5552274
Bin871	6	5.612297	6.478675	0.866378	34.213267	5612298	6478675	6045486
Bin872	6	6.478676	6.569707	0.091031	38.516998	6478677	6569707	6524192
Bin873	6	6.569708	6.650054	0.080346	40.271564	6569709	6650054	6609881
Bin874	6	6.650055	6.764000	0.113945	40.754659	6650056	6764000	6707028
Bin875	6	6.764001	6.781844	0.017843	42.509225	6764002	6781844	6772922
Bin876	6	6.781845	6.927033	0.145188	42.749034	6781846	6927033	6854439
Bin877	6	6.927034	7.091171	0.164137	42.988843	6927035	7091171	7009102
Bin878	6	7.091172	7.116318	0.025146	43.471938	7091173	7116318	7103745
Bin879	6	7.116319	7.174605	0.058286	44.201878	7116320	7174605	7145462
Bin880	6	7.174606	7.215701	0.041095	45.182302	7174607	7215701	7195154
Bin881	6	7.215702	7.316778	0.101076	45.422110	7215703	7316778	7266240
Bin882	6	7.316779	7.638388	0.321609	48.548128	7316780	7638388	7477584
Bin883	6	7.638389	7.698942	0.060553	48.787937	7638390	7698942	7668665
Bin884	6	7.698943	7.806057	0.107114	49.768360	7698944	7806057	7752500
Bin885	6	7.806058	7.914521	0.108463	50.008169	7806059	7914521	7860290
Bin886	6	7.914522	8.262639	0.348117	50.738109	7914523	8262639	8088580
Bin887	6	8.262640	8.317976	0.055336	50.977917	8262641	8317976	8290308
Bin888	6	8.317977	8.392233	0.074256	51.217726	8317978	8392233	8355105
Bin889	6	8.392234	8.452545	0.060311	51.700822	8392235	8452545	8422390
Bin890	6	8.452546	8.763585	0.311039	51.940630	8452547	8763585	8608066
Bin891	6	8.763586	9.116929	0.353343	52.180439	8763587	9116929	8940258
Bin892	6	9.116930	9.369492	0.252562	52.420247	9116931	9369492	9243211
Bin893	6	9.369493	9.653501	0.284008	52.903343	9369494	9653501	9511497
Bin894	6	9.653502	9.887812	0.234310	58.142291	9653503	9887812	9770657
Bin895	6	9.887813	10.367886	0.480073	58.625386	9887814	10367886	10127850
Bin896	6	10.367887	10.696011	0.328124	59.860017	10367888	10696011	10531949
Bin897	6	10.696012	10.822470	0.126458	60.343112	10696013	10822470	10759241
Bin898	6	10.822471	11.070488	0.248017	60.582921	10822472	11070488	10946479
Bin899	6	11.070489	11.459364	0.388875	60.822730	11070490	11459364	11264927
Bin900	6	11.459365	12.020716	0.561351	61.305825	11459366	12020716	11740040
Bin901	6	12.020717	12.490007	0.469290	61.545634	12020718	12490007	12255362
Bin902	6	12.490008	13.724364	1.234356	68.453151	12490009	13724364	13107186
Bin903	6	13.724365	13.826956	0.102591	68.692959	13724366	13826956	13775660
Bin904	6	13.826957	15.727198	1.900241	68.932768	13826958	15727198	14777078
Bin905	6	15.727199	15.807951	0.080752	69.172576	15727200	15807951	15767575
Bin906	6	15.807952	16.935967	1.128015	69.412385	15807953	16935967	16371960
Bin907	6	16.935968	18.150555	1.214587	72.538403	16935969	18150555	17543262
Bin908	6	18.150556	19.492065	1.341509	73.268343	18150557	19492065	18821311
Bin909	6	19.492066	19.576933	0.084867	75.288820	19492067	19576933	19534500
Bin910	6	19.576934	19.706358	0.129424	75.528628	19576935	19706358	19641646
Bin911	6	19.706359	19.795959	0.089600	75.768437	19706360	19795959	19751159
Bin912	6	19.795960	19.864668	0.068708	76.251533	19795961	19864668	19830314
Bin913	6	19.864669	20.186394	0.321725	76.981473	19864670	20186394	20025532
Bin914	6	20.186395	20.260109	0.073714	77.221281	20186396	20260109	20223252
Bin915	6	20.260110	20.467403	0.207293	77.951221	20260111	20467403	20363756
Bin916	6	20.467404	20.972752	0.505348	78.191030	20467405	20972752	20720078
Bin917	6	20.972753	21.081551	0.108798	78.430838	20972754	21081551	21027152
Bin918	6	21.081552	21.281428	0.199876	78.913934	21081553	21281428	21181490
Bin919	6	21.281429	21.496070	0.214641	80.934411	21281430	21496070	21388750
Bin920	6	21.496071	21.531716	0.035645	81.174219	21496072	21531716	21513894
Bin921	6	21.531717	21.717305	0.185588	81.414028	21531718	21717305	21624511
Bin922	6	21.717306	22.114259	0.396953	82.143968	21717307	22114259	21915782
Bin923	6	22.114260	22.232142	0.117882	84.164445	22114261	22232142	22173201
Bin924	6	22.232143	22.531464	0.299321	84.404254	22232144	22531464	22381804
Bin925	6	22.531465	22.827986	0.296521	84.644062	22531466	22827986	22679726
Bin926	6	22.827987	23.041133	0.213146	85.127158	22827988	23041133	22934560
Bin927	6	23.041134	23.085456	0.044322	85.610253	23041135	23085456	23063295
Bin928	6	23.085457	23.124002	0.038545	85.850062	23085458	23124002	23104730
Bin929	6	23.124003	23.356543	0.232540	87.084693	23124004	23356543	23240273
Bin930	6	23.356544	23.503276	0.146732	88.065116	23356545	23503276	23429910
Bin931	6	23.503277	23.888190	0.384913	88.304925	23503278	23888190	23695734
Bin932	6	23.888191	23.924190	0.035999	88.544733	23888192	23924190	23906190
Bin933	6	23.924191	24.059449	0.135258	91.670751	23924192	24059449	23991820
Bin934	6	24.059450	24.146530	0.087080	92.400691	24059451	24146530	24102990
Bin935	6	24.146531	24.308632	0.162101	92.640500	24146532	24308632	24227582
Bin936	6	24.308633	24.433557	0.124924	92.880308	24308634	24433557	24371095
Bin937	6	24.433558	24.666406	0.232848	93.363404	24433559	24666406	24549982
Bin938	6	24.666407	24.915056	0.248649	96.776802	24666408	24915056	24790732
Bin939	6	24.915057	25.043445	0.128388	97.016611	24915058	25043445	24979251
Bin940	6	25.043446	25.089507	0.046061	97.256420	25043447	25089507	25066476
Bin941	6	25.089508	25.212249	0.122741	98.749068	25089509	25212249	25150878
Bin942	6	25.212250	25.623247	0.410997	98.988876	25212251	25623247	25417748
Bin943	6	25.623248	26.268436	0.645188	102.991012	25623249	26268436	25945842
Bin944	6	26.268437	26.418650	0.150213	104.225642	26268438	26418650	26343544
Bin945	6	26.418651	26.848641	0.429990	104.465451	26418652	26848641	26633646
Bin946	6	26.848642	27.796133	0.947491	105.700082	26848643	27796133	27322388
Bin947	6	27.796134	27.919366	0.123232	116.432929	27796135	27919366	27857750
Bin948	6	27.919367	28.019540	0.100173	116.916024	27919368	28019540	27969454
Bin949	6	28.019541	28.435715	0.416174	122.805176	28019542	28435715	28227628
Bin950	6	28.435716	28.465834	0.030118	123.288271	28435717	28465834	28450775
Bin951	6	28.465835	28.479257	0.013422	123.528080	28465836	28479257	28472546
Bin952	6	28.479258	28.628952	0.149694	123.767889	28479259	28628952	28554105
Bin953	6	28.628953	28.652840	0.023887	124.250984	28628954	28652840	28640896
Bin954	6	28.652841	28.837484	0.184643	125.485615	28652842	28837484	28745162
Bin955	6	28.837485	28.968472	0.130987	125.725423	28837486	28968472	28902978
Bin956	6	28.968473	29.070884	0.102411	125.965232	28968474	29070884	29019678
Bin957	6	29.070885	29.133953	0.063068	126.205041	29070886	29133953	29102419
Bin958	6	29.133954	29.193951	0.059997	127.185464	29133955	29193951	29163952
Bin959	6	29.193952	29.438890	0.244938	127.425273	29193953	29438890	29316421
Bin960	6	29.438891	29.519052	0.080161	127.908368	29438892	29519052	29478972
Bin961	6	29.519053	29.529809	0.010756	128.148177	29519054	29529809	29524431
Bin962	6	29.529810	29.590558	0.060748	128.387986	29529811	29590558	29560184
Bin963	6	29.590559	29.671014	0.080455	128.627794	29590560	29671014	29630786
Bin964	6	29.671015	29.807998	0.136983	130.648271	29671016	29807998	29739506
Bin965	6	29.807999	30.267221	0.459222	132.140919	29808000	30267221	30037610
Bin966	6	30.267222	30.499936	0.232714	144.172755	30267223	30499936	30383579
Bin967	6	30.499937	31.246789	0.746852	144.412563	30499938	31246789	30873363
Bin968	7	0.000000	0.120061	0.120061	0.000000	1	120061	60030
Bin969	7	0.120062	0.153901	0.033839	0.239809	120063	153901	136982
Bin970	7	0.153902	0.307908	0.154006	0.479617	153903	307908	230905
Bin971	7	0.307909	0.427310	0.119401	0.962713	307910	427310	367610
Bin972	7	0.427311	0.441025	0.013714	1.202521	427312	441025	434168
Bin973	7	0.441026	0.635738	0.194712	1.932461	441027	635738	538382
Bin974	7	0.635739	0.700889	0.065150	2.415557	635740	700889	668314
Bin975	7	0.700890	0.821232	0.120342	2.898652	700891	821232	761061
Bin976	7	0.821233	0.907694	0.086461	3.628592	821234	907694	864464
Bin977	7	0.907695	0.918540	0.010845	3.868401	907696	918540	913118
Bin978	7	0.918541	0.938690	0.020149	4.848825	918542	938690	928616
Bin979	7	0.938691	1.189599	0.250908	5.088633	938692	1189599	1064145
Bin980	7	1.189600	1.301968	0.112368	7.653298	1189601	1301968	1245784
Bin981	7	1.301969	1.743604	0.441635	7.893107	1301970	1743604	1522786
Bin982	7	1.743605	1.833595	0.089990	8.623047	1743606	1833595	1788600
Bin983	7	1.833596	2.110508	0.276912	8.862855	1833597	2110508	1972052
Bin984	7	2.110509	2.169859	0.059350	9.345951	2110510	2169859	2140184
Bin985	7	2.169860	2.224947	0.055087	10.075891	2169861	2224947	2197404
Bin986	7	2.224948	2.235139	0.010191	10.315699	2224949	2235139	2230044
Bin987	7	2.235140	2.317558	0.082418	10.798795	2235141	2317558	2276349
Bin988	7	2.317559	2.817085	0.499526	11.779218	2317560	2817085	2567322
Bin989	7	2.817086	2.954210	0.137124	25.672641	2817087	2954210	2885648
Bin990	7	2.954211	3.282872	0.328661	25.912450	2954212	3282872	3118542
Bin991	7	3.282873	3.786144	0.503271	27.405098	3282874	3786144	3534509
Bin992	7	3.786145	4.006952	0.220807	27.644906	3786146	4006952	3896548
Bin993	7	4.006953	4.972016	0.965063	28.128002	4006954	4972016	4489484
Bin994	7	4.972017	6.027352	1.055335	45.697896	4972018	6027352	5499684
Bin995	7	6.027353	6.055507	0.028154	45.937705	6027354	6055507	6041430
Bin996	7	6.055508	6.719381	0.663873	46.420800	6055509	6719381	6387444
Bin997	7	6.719382	6.962388	0.243006	46.660609	6719383	6962388	6840885
Bin998	7	6.962389	7.128081	0.165692	50.074008	6962390	7128081	7045235
Bin999	7	7.128082	7.153128	0.025046	50.313816	7128083	7153128	7140605
Bin1000	7	7.153129	7.202794	0.049665	50.553625	7153130	7202794	7177962
Bin1001	7	7.202795	7.264917	0.062122	50.793433	7202796	7264917	7233856
Bin1002	7	7.264918	7.595207	0.330289	51.523373	7264919	7595207	7430062
Bin1003	7	7.595208	8.407116	0.811908	52.253313	7595209	8407116	8001162
Bin1004	7	8.407117	8.755608	0.348491	54.007879	8407118	8755608	8581362
Bin1005	7	8.755609	8.933351	0.177742	54.247688	8755610	8933351	8844480
Bin1006	7	8.933352	9.341597	0.408245	54.730783	8933353	9341597	9137474
Bin1007	7	9.341598	12.798762	3.457164	54.970592	9341599	12798762	11070180
Bin1008	7	12.798763	15.412331	2.613568	55.210401	12798764	15412331	14105547
Bin1009	7	15.412332	16.156815	0.744483	60.449348	15412333	16156815	15784574
Bin1010	7	16.156816	16.606085	0.449269	60.689157	16156817	16606085	16381450
Bin1011	7	16.606086	16.614006	0.007920	60.928965	16606087	16614006	16610046
Bin1012	7	16.614007	16.664704	0.050697	61.412061	16614008	16664704	16639356
Bin1013	7	16.664705	16.963371	0.298666	61.651870	16664706	16963371	16814038
Bin1014	7	16.963372	17.338464	0.375092	63.672347	16963373	17338464	17150918
Bin1015	7	17.338465	17.388842	0.050377	64.155442	17338466	17388842	17363653
Bin1016	7	17.388843	17.525282	0.136439	65.648090	17388844	17525282	17457062
Bin1017	7	17.525283	17.691131	0.165848	66.131186	17525284	17691131	17608207
Bin1018	7	17.691132	17.757074	0.065942	66.370994	17691133	17757074	17724103
Bin1019	7	17.757075	17.883119	0.126044	66.610803	17757076	17883119	17820097
Bin1020	7	17.883120	18.146802	0.263682	66.850612	17883121	18146802	18014961
Bin1021	7	18.146803	18.357924	0.211121	67.090420	18146804	18357924	18252364
Bin1022	7	18.357925	18.805057	0.447132	67.573516	18357926	18805057	18581491
Bin1023	7	18.805058	19.258932	0.453874	69.328082	18805059	19258932	19031995
Bin1024	7	19.258933	20.113130	0.854197	76.235599	19258934	20113130	19686032
Bin1025	7	20.113131	20.207631	0.094500	77.470229	20113132	20207631	20160381
Bin1026	7	20.207632	21.154082	0.946450	82.709177	20207633	21154082	20680857
Bin1027	7	21.154083	21.295836	0.141753	83.439117	21154084	21295836	21224960
Bin1028	7	21.295837	21.642784	0.346947	84.419540	21295838	21642784	21469310
Bin1029	7	21.642785	21.909859	0.267074	87.832939	21642786	21909859	21776322
Bin1030	7	21.909860	22.009519	0.099659	88.072748	21909861	22009519	21959690
Bin1031	7	22.009520	22.310802	0.301282	88.555843	22009521	22310802	22160161
Bin1032	7	22.310803	23.188589	0.877786	98.064520	22310804	23188589	22749696
Bin1033	7	23.188590	23.824892	0.636302	98.794460	23188591	23824892	23506741
Bin1034	7	23.824893	23.845822	0.020929	100.549026	23824894	23845822	23835358
Bin1035	7	23.845823	24.393302	0.547479	101.529449	23845824	24393302	24119562
Bin1036	7	24.393303	24.666813	0.273510	103.549926	24393304	24666813	24530058
Bin1037	7	24.666814	24.696322	0.029508	104.033022	24666815	24696322	24681568
Bin1038	7	24.696323	24.757637	0.061314	104.272830	24696324	24757637	24726980
Bin1039	7	24.757638	25.136927	0.379289	111.889867	24757639	25136927	24947282
Bin1040	7	25.136928	25.327849	0.190921	112.129675	25136929	25327849	25232388
Bin1041	7	25.327850	25.360719	0.032869	114.694340	25327851	25360719	25344284
Bin1042	7	25.360720	25.525286	0.164566	114.934149	25360721	25525286	25443003
Bin1043	7	25.525287	25.845561	0.320274	116.168779	25525288	25845561	25685424
Bin1044	7	25.845562	25.986485	0.140923	117.661427	25845563	25986485	25916024
Bin1045	7	25.986486	26.043382	0.056896	117.901236	25986487	26043382	26014934
Bin1046	7	26.043383	26.238791	0.195408	118.384331	26043384	26238791	26141087
Bin1047	7	26.238792	26.327111	0.088319	119.364755	26238793	26327111	26282952
Bin1048	7	26.327112	26.671682	0.344570	121.929420	26327113	26671682	26499397
Bin1049	7	26.671683	26.721429	0.049746	123.164050	26671684	26721429	26696556
Bin1050	7	26.721430	26.772667	0.051237	123.403859	26721431	26772667	26747048
Bin1051	7	26.772668	26.928916	0.156248	123.643668	26772669	26928916	26850792
Bin1052	7	26.928917	27.627796	0.698879	125.398234	26928918	27627796	27278356
Bin1053	7	27.627797	28.056788	0.428991	129.400369	27627798	28056788	27842292
Bin1054	7	28.056789	28.076704	0.019915	129.640178	28056790	28076704	28066746
Bin1055	7	28.076705	28.151588	0.074883	130.620601	28076706	28151588	28114146
Bin1056	7	28.151589	28.410665	0.259076	131.350541	28151590	28410665	28281127
Bin1057	7	28.410666	28.556391	0.145725	133.915206	28410667	28556391	28483528
Bin1058	7	28.556392	29.696629	1.140237	135.407854	28556393	29696629	29126511
Bin1059	8	0.000000	0.453119	0.453119	0.000000	1	453119	226560
Bin1060	8	0.453120	0.470029	0.016909	0.239809	453121	470029	461574
Bin1061	8	0.470030	0.681515	0.211485	1.732457	470031	681515	575772
Bin1062	8	0.681516	0.722193	0.040677	2.712880	681517	722193	701854
Bin1063	8	0.722194	0.840006	0.117812	7.951828	722195	840006	781100
Bin1064	8	0.840007	0.876055	0.036048	9.186459	840008	876055	858031
Bin1065	8	0.876056	1.008004	0.131948	9.426267	876057	1008004	942030
Bin1066	8	1.008005	1.029788	0.021783	9.666076	1008006	1029788	1018896
Bin1067	8	1.029789	1.069632	0.039843	9.905884	1029790	1069632	1049710
Bin1068	8	1.069633	1.289040	0.219407	10.145693	1069634	1289040	1179336
Bin1069	8	1.289041	2.468181	1.179140	23.558892	1289042	2468181	1878611
Bin1070	8	2.468182	2.784305	0.316123	25.051540	2468183	2784305	2626244
Bin1071	8	2.784306	2.983133	0.198827	25.534636	2784307	2983133	2883720
Bin1072	8	2.983134	3.015550	0.032416	25.774445	2983135	3015550	2999342
Bin1073	8	3.015551	3.050034	0.034483	26.014253	3015552	3050034	3032792
Bin1074	8	3.050035	3.123118	0.073083	26.254062	3050036	3123118	3086576
Bin1075	8	3.123119	3.183702	0.060583	26.737157	3123120	3183702	3153410
Bin1076	8	3.183703	3.323414	0.139711	26.976966	3183704	3323414	3253558
Bin1077	8	3.323415	3.377684	0.054269	27.957390	3323416	3377684	3350549
Bin1078	8	3.377685	3.459095	0.081410	28.197198	3377686	3459095	3418390
Bin1079	8	3.459096	3.487662	0.028566	28.680294	3459097	3487662	3473379
Bin1080	8	3.487663	3.512768	0.025105	28.920102	3487664	3512768	3500216
Bin1081	8	3.512769	3.757066	0.244297	29.159911	3512770	3757066	3634918
Bin1082	8	3.757067	3.886505	0.129438	35.049063	3757068	3886505	3821786
Bin1083	8	3.886506	3.972576	0.086070	35.288871	3886507	3972576	3929541
Bin1084	8	3.972577	4.065656	0.093079	35.528680	3972578	4065656	4019116
Bin1085	8	4.065657	4.212181	0.146524	35.768489	4065658	4212181	4138919
Bin1086	8	4.212182	4.236983	0.024801	36.008297	4212183	4236983	4224582
Bin1087	8	4.236984	4.609629	0.372645	36.738237	4236985	4609629	4423306
Bin1088	8	4.609630	4.659410	0.049780	37.221333	4609631	4659410	4634520
Bin1089	8	4.659411	4.855914	0.196503	37.461141	4659412	4855914	4757662
Bin1090	8	4.855915	4.888523	0.032608	37.700950	4855916	4888523	4872219
Bin1091	8	4.888524	5.115528	0.227004	37.940759	4888525	5115528	5002026
Bin1092	8	5.115529	5.168527	0.052998	38.180567	5115530	5168527	5142028
Bin1093	8	5.168528	5.264364	0.095836	38.420376	5168529	5264364	5216446
Bin1094	8	5.264365	5.393178	0.128813	38.660184	5264366	5393178	5328772
Bin1095	8	5.393179	5.459937	0.066758	39.143280	5393180	5459937	5426558
Bin1096	8	5.459938	5.737168	0.277230	39.626375	5459939	5737168	5598553
Bin1097	8	5.737169	5.785398	0.048229	40.109471	5737170	5785398	5761283
Bin1098	8	5.785399	5.840380	0.054981	40.592567	5785400	5840380	5812890
Bin1099	8	5.840381	5.982206	0.141825	41.075662	5840382	5982206	5911293
Bin1100	8	5.982207	6.001541	0.019334	42.056086	5982208	6001541	5991874
Bin1101	8	6.001542	6.039944	0.038402	42.295894	6001543	6039944	6020743
Bin1102	8	6.039945	6.206818	0.166873	42.535703	6039946	6206818	6123382
Bin1103	8	6.206819	6.320443	0.113624	42.775512	6206820	6320443	6263631
Bin1104	8	6.320444	6.723820	0.403376	43.258607	6320445	6723820	6522132
Bin1105	8	6.723821	7.206783	0.482962	43.498416	6723822	7206783	6965302
Bin1106	8	7.206784	7.861488	0.654704	43.738224	7206785	7861488	7534136
Bin1107	8	7.861489	8.027435	0.165946	43.978033	7861490	8027435	7944462
Bin1108	8	8.027436	8.512092	0.484656	44.217842	8027437	8512092	8269764
Bin1109	8	8.512093	8.578506	0.066413	44.457650	8512094	8578506	8545300
Bin1110	8	8.578507	8.941532	0.363025	44.697459	8578508	8941532	8760020
Bin1111	8	8.941533	8.972568	0.031035	45.180554	8941534	8972568	8957051
Bin1112	8	8.972569	8.980406	0.007837	45.420363	8972570	8980406	8976488
Bin1113	8	8.980407	9.351117	0.370710	46.654994	8980408	9351117	9165762
Bin1114	8	9.351118	10.077811	0.726693	46.894802	9351119	10077811	9714464
Bin1115	8	10.077812	10.165706	0.087894	47.377898	10077813	10165706	10121759
Bin1116	8	10.165707	10.539247	0.373540	47.860993	10165708	10539247	10352477
Bin1117	8	10.539248	14.446566	3.907318	48.344089	10539249	14446566	12492907
Bin1118	8	14.446567	15.354943	0.908376	50.908754	14446568	15354943	14900755
Bin1119	8	15.354944	16.586144	1.231200	51.391849	15354945	16586144	15970544
Bin1120	8	16.586145	16.614234	0.028089	52.626480	16586146	16614234	16600189
Bin1121	8	16.614235	16.871275	0.257040	52.866288	16614236	16871275	16742755
Bin1122	8	16.871276	16.898169	0.026893	53.106097	16871277	16898169	16884723
Bin1123	8	16.898170	17.385919	0.487749	53.589192	16898171	17385919	17142044
Bin1124	8	17.385920	17.416662	0.030742	53.829001	17385921	17416662	17401291
Bin1125	8	17.416663	17.427747	0.011084	54.068810	17416664	17427747	17422205
Bin1126	8	17.427748	17.576507	0.148759	54.308618	17427749	17576507	17502128
Bin1127	8	17.576508	17.892637	0.316129	54.548427	17576509	17892637	17734572
Bin1128	8	17.892638	18.282074	0.389436	54.788236	17892639	18282074	18087356
Bin1129	8	18.282075	18.412482	0.130407	55.271331	18282076	18412482	18347278
Bin1130	8	18.412483	18.508783	0.096300	56.251755	18412484	18508783	18460633
Bin1131	8	18.508784	18.780942	0.272158	56.491563	18508785	18780942	18644863
Bin1132	8	18.780943	18.831883	0.050940	56.731372	18780944	18831883	18806413
Bin1133	8	18.831884	18.867596	0.035712	56.971180	18831885	18867596	18849740
Bin1134	8	18.867597	18.939471	0.071874	57.454276	18867598	18939471	18903534
Bin1135	8	18.939472	19.194084	0.254612	58.184216	18939473	19194084	19066778
Bin1136	8	19.194085	19.449312	0.255227	60.204693	19194086	19449312	19321698
Bin1137	8	19.449313	19.692011	0.242698	60.934633	19449314	19692011	19570662
Bin1138	8	19.692012	20.098531	0.406519	61.417728	19692013	20098531	19895272
Bin1139	8	20.098532	20.199929	0.101397	61.657537	20098533	20199929	20149230
Bin1140	8	20.199930	20.282981	0.083051	61.897346	20199931	20282981	20241456
Bin1141	8	20.282982	20.620399	0.337417	62.627286	20282983	20620399	20451690
Bin1142	8	20.620400	20.695508	0.075108	62.867094	20620401	20695508	20657954
Bin1143	8	20.695509	20.713823	0.018314	63.847518	20695510	20713823	20704666
Bin1144	8	20.713824	20.923442	0.209618	64.087326	20713825	20923442	20818633
Bin1145	8	20.923443	21.077841	0.154398	64.327135	20923444	21077841	21000642
Bin1146	8	21.077842	21.783712	0.705870	66.347612	21077843	21783712	21430777
Bin1147	8	21.783713	22.772460	0.988747	66.587421	21783714	22772460	22278086
Bin1148	8	22.772461	24.401864	1.629403	88.500167	22772462	24401864	23587162
Bin1149	8	24.401865	24.425680	0.023815	88.739976	24401866	24425680	24413772
Bin1150	8	24.425681	24.922450	0.496769	93.978923	24425682	24922450	24674066
Bin1151	8	24.922451	25.333215	0.410764	94.218732	24922452	25333215	25127833
Bin1152	8	25.333216	25.478151	0.144935	97.632130	25333217	25478151	25405684
Bin1153	8	25.478152	25.506197	0.028045	98.115226	25478153	25506197	25492174
Bin1154	8	25.506198	25.625437	0.119239	98.355035	25506199	25625437	25565818
Bin1155	8	25.625438	25.764724	0.139286	98.594843	25625439	25764724	25695081
Bin1156	8	25.764725	25.899804	0.135079	99.077939	25764726	25899804	25832264
Bin1157	8	25.899805	26.105900	0.206095	99.561034	25899806	26105900	26002852
Bin1158	8	26.105901	26.148724	0.042823	104.483038	26105902	26148724	26127313
Bin1159	8	26.148725	26.251804	0.103079	104.966134	26148726	26251804	26200264
Bin1160	8	26.251805	26.291233	0.039428	105.205942	26251806	26291233	26271519
Bin1161	8	26.291234	26.324121	0.032887	105.689038	26291235	26324121	26307678
Bin1162	8	26.324122	26.354897	0.030775	105.928846	26324123	26354897	26339510
Bin1163	8	26.354898	26.438621	0.083723	106.411942	26354899	26438621	26396760
Bin1164	8	26.438622	26.517993	0.079371	106.651750	26438623	26517993	26478308
Bin1165	8	26.517994	26.594236	0.076242	106.891559	26517995	26594236	26556115
Bin1166	8	26.594237	26.727011	0.132774	107.131368	26594238	26727011	26660624
Bin1167	8	26.727012	26.857956	0.130944	107.861308	26727013	26857956	26792484
Bin1168	8	26.857957	26.976101	0.118144	110.425972	26857958	26976101	26917029
Bin1169	8	26.976102	27.161571	0.185469	111.406396	26976103	27161571	27068836
Bin1170	8	27.161572	27.321475	0.159903	112.136336	27161573	27321475	27241524
Bin1171	8	27.321476	27.544001	0.222525	113.370967	27321477	27544001	27432738
Bin1172	8	27.544002	27.581976	0.037974	117.674697	27544003	27581976	27562989
Bin1173	8	27.581977	27.824300	0.242323	118.157793	27581978	27824300	27703138
Bin1174	8	27.824301	27.935099	0.110798	118.640888	27824302	27935099	27879700
Bin1175	8	27.935100	28.117921	0.182821	119.621312	27935101	28117921	28026510
Bin1176	8	28.117922	28.439308	0.321386	120.351252	28117923	28439308	28278615
Bin1177	9	0.000000	0.134111	0.134111	0.000000	1	134111	67056
Bin1178	9	0.134112	0.599218	0.465106	0.483096	134113	599218	366665
Bin1179	9	0.599219	0.652794	0.053575	0.722904	599220	652794	626006
Bin1180	9	0.652795	0.896571	0.243776	0.962713	652796	896571	774683
Bin1181	9	0.896572	0.940764	0.044192	1.202521	896573	940764	918668
Bin1182	9	0.940765	1.318247	0.377482	1.932461	940766	1318247	1129506
Bin1183	9	1.318248	2.021242	0.702994	2.172270	1318249	2021242	1669745
Bin1184	9	2.021243	2.332705	0.311462	2.412079	2021244	2332705	2176974
Bin1185	9	2.332706	4.352083	2.019377	2.651887	2332707	4352083	3342394
Bin1186	9	4.352084	5.172633	0.820549	3.134983	4352085	5172633	4762358
Bin1187	9	5.172634	5.629638	0.457004	3.374791	5172635	5629638	5401136
Bin1188	9	5.629639	6.015144	0.385505	4.104731	5629640	6015144	5822392
Bin1189	9	6.015145	6.065680	0.050535	4.344540	6015146	6065680	6040412
Bin1190	9	6.065681	6.117765	0.052084	4.584349	6065682	6117765	6091723
Bin1191	9	6.117766	6.586243	0.468477	4.824157	6117767	6586243	6352004
Bin1192	9	6.586244	6.603935	0.017691	5.307253	6586245	6603935	6595090
Bin1193	9	6.603936	6.746918	0.142982	5.547061	6603937	6746918	6675427
Bin1194	9	6.746919	6.899906	0.152987	6.277001	6746920	6899906	6823412
Bin1195	9	6.899907	6.935952	0.036045	6.516810	6899908	6935952	6917930
Bin1196	9	6.935953	7.089139	0.153186	7.751441	6935954	7089139	7012546
Bin1197	9	7.089140	7.138271	0.049131	7.991249	7089141	7138271	7113706
Bin1198	9	7.138272	7.751639	0.613367	8.474345	7138273	7751639	7444956
Bin1199	9	7.751640	7.826538	0.074898	8.714153	7751641	7826538	7789089
Bin1200	9	7.826539	7.960187	0.133648	9.694577	7826540	7960187	7893363
Bin1201	9	7.960188	8.001087	0.040899	10.177672	7960189	8001087	7980638
Bin1202	9	8.001088	8.158747	0.157659	10.907612	8001089	8158747	8079918
Bin1203	9	8.158748	8.512958	0.354210	11.147421	8158749	8512958	8335853
Bin1204	9	8.512959	8.617586	0.104627	11.387230	8512960	8617586	8565272
Bin1205	9	8.617587	8.725187	0.107600	11.627038	8617588	8725187	8671387
Bin1206	9	8.725188	8.960140	0.234952	12.607462	8725189	8960140	8842664
Bin1207	9	8.960141	8.987146	0.027005	12.847270	8960142	8987146	8973644
Bin1208	9	8.987147	9.367663	0.380516	13.577210	8987148	9367663	9177405
Bin1209	9	9.367664	9.518610	0.150946	15.597687	9367665	9518610	9443137
Bin1210	9	9.518611	9.642932	0.124321	15.837496	9518612	9642932	9580772
Bin1211	9	9.642933	9.939103	0.296170	16.077305	9642934	9939103	9791018
Bin1212	9	9.939104	10.017209	0.078105	16.317113	9939105	10017209	9978156
Bin1213	9	10.017210	10.158597	0.141387	17.551744	10017211	10158597	10087904
Bin1214	9	10.158598	10.747410	0.588812	18.532167	10158599	10747410	10453004
Bin1215	9	10.747411	10.832020	0.084609	18.771976	10747412	10832020	10789716
Bin1216	9	10.832021	11.270794	0.438773	21.615119	10832022	11270794	11051408
Bin1217	9	11.270795	12.202613	0.931818	21.854928	11270796	12202613	11736704
Bin1218	9	12.202614	14.381943	2.179329	59.909820	12202615	14381943	13292278
Bin1219	9	14.381944	14.825908	0.443964	60.639760	14381945	14825908	14603926
Bin1220	9	14.825909	14.840294	0.014385	61.122855	14825910	14840294	14833102
Bin1221	9	14.840295	14.929911	0.089616	61.362664	14840296	14929911	14885103
Bin1222	9	14.929912	15.010559	0.080647	61.845759	14929913	15010559	14970236
Bin1223	9	15.010560	15.440353	0.429793	62.826183	15010561	15440353	15225456
Bin1224	9	15.440354	15.598384	0.158030	63.065992	15440355	15598384	15519369
Bin1225	9	15.598385	15.816721	0.218336	63.305800	15598386	15816721	15707553
Bin1226	9	15.816722	16.038669	0.221947	64.540431	15816723	16038669	15927695
Bin1227	9	16.038670	16.359041	0.320371	64.780240	16038671	16359041	16198856
Bin1228	9	16.359042	16.413525	0.054483	65.263335	16359043	16413525	16386283
Bin1229	9	16.413526	16.518557	0.105031	66.497966	16413527	16518557	16466042
Bin1230	9	16.518558	16.717361	0.198803	70.801696	16518559	16717361	16617959
Bin1231	9	16.717362	17.036652	0.319290	71.284792	16717363	17036652	16877007
Bin1232	9	17.036653	17.255273	0.218620	71.767887	17036654	17255273	17145963
Bin1233	9	17.255274	17.491479	0.236205	72.007696	17255275	17491479	17373376
Bin1234	9	17.491480	17.558805	0.067325	72.490791	17491481	17558805	17525142
Bin1235	9	17.558806	17.690331	0.131525	72.730600	17558807	17690331	17624569
Bin1236	9	17.690332	17.792955	0.102623	73.711024	17690333	17792955	17741644
Bin1237	9	17.792956	17.904691	0.111735	74.194119	17792957	17904691	17848824
Bin1238	9	17.904692	17.937181	0.032489	74.677215	17904693	17937181	17920936
Bin1239	9	17.937182	17.998173	0.060991	74.917023	17937183	17998173	17967678
Bin1240	9	17.998174	18.145179	0.147005	75.646963	17998175	18145179	18071676
Bin1241	9	18.145180	18.158286	0.013106	76.130059	18145181	18158286	18151733
Bin1242	9	18.158287	18.178335	0.020048	76.369867	18158288	18178335	18168311
Bin1243	9	18.178336	18.306068	0.127732	76.609676	18178337	18306068	18242202
Bin1244	9	18.306069	18.362528	0.056459	78.102324	18306070	18362528	18334299
Bin1245	9	18.362529	18.431100	0.068571	78.342133	18362530	18431100	18396814
Bin1246	9	18.431101	18.510515	0.079414	79.072073	18431102	18510515	18470808
Bin1247	9	18.510516	18.579295	0.068779	79.311881	18510517	18579295	18544906
Bin1248	9	18.579296	18.735723	0.156427	79.551690	18579297	18735723	18657510
Bin1249	9	18.735724	18.766210	0.030486	80.034786	18735725	18766210	18750967
Bin1250	9	18.766211	18.817583	0.051372	80.274594	18766212	18817583	18791897
Bin1251	9	18.817584	18.898566	0.080982	80.514403	18817585	18898566	18858075
Bin1252	9	18.898567	18.928634	0.030067	80.754211	18898568	18928634	18913600
Bin1253	9	18.928635	19.009586	0.080951	81.237307	18928636	19009586	18969110
Bin1254	9	19.009587	19.068621	0.059034	81.477116	19009588	19068621	19039104
Bin1255	9	19.068622	19.099212	0.030590	82.457539	19068623	19099212	19083917
Bin1256	9	19.099213	19.176163	0.076950	82.940635	19099214	19176163	19137688
Bin1257	9	19.176164	19.239889	0.063725	83.921058	19176165	19239889	19208027
Bin1258	9	19.239890	19.270374	0.030484	84.160867	19239891	19270374	19255132
Bin1259	9	19.270375	19.294965	0.024590	84.643962	19270376	19294965	19282670
Bin1260	9	19.294966	19.449982	0.155016	85.127058	19294967	19449982	19372474
Bin1261	9	19.449983	19.549538	0.099555	85.610153	19449984	19549538	19499760
Bin1262	9	19.549539	19.805459	0.255920	86.093249	19549540	19805459	19677499
Bin1263	9	19.805460	20.062943	0.257483	86.333058	19805461	20062943	19934202
Bin1264	9	20.062944	20.211813	0.148869	86.572866	20062945	20211813	20137378
Bin1265	9	20.211814	20.282624	0.070810	86.812675	20211815	20282624	20247219
Bin1266	9	20.282625	20.373617	0.090992	87.295770	20282626	20373617	20328121
Bin1267	9	20.373618	20.496939	0.123321	87.535579	20373619	20496939	20435279
Bin1268	9	20.496940	20.547958	0.051018	88.018675	20496941	20547958	20522449
Bin1269	9	20.547959	20.589589	0.041630	88.258483	20547960	20589589	20568774
Bin1270	9	20.589590	20.855305	0.265715	88.988423	20589591	20855305	20722448
Bin1271	9	20.855306	20.890626	0.035320	89.718363	20855307	20890626	20872966
Bin1272	9	20.890627	21.091822	0.201195	89.958172	20890628	21091822	20991224
Bin1273	9	21.091823	21.131122	0.039299	91.450820	21091824	21131122	21111472
Bin1274	9	21.131123	21.153405	0.022282	91.690628	21131124	21153405	21142264
Bin1275	9	21.153406	21.176633	0.023227	91.930437	21153407	21176633	21165020
Bin1276	9	21.176634	21.278748	0.102114	92.170246	21176635	21278748	21227691
Bin1277	9	21.278749	21.308854	0.030105	92.410054	21278750	21308854	21293802
Bin1278	9	21.308855	21.372014	0.063159	92.649863	21308856	21372014	21340434
Bin1279	9	21.372015	21.380733	0.008718	92.889672	21372016	21380733	21376374
Bin1280	9	21.380734	21.514246	0.133512	93.372767	21380735	21514246	21447490
Bin1281	9	21.514247	21.529677	0.015430	93.612576	21514248	21529677	21521962
Bin1282	9	21.529678	21.596931	0.067253	94.095671	21529679	21596931	21563304
Bin1283	9	21.596932	21.639012	0.042080	95.588319	21596933	21639012	21617972
Bin1284	9	21.639013	21.793581	0.154568	95.828128	21639014	21793581	21716297
Bin1285	9	21.793582	21.921271	0.127689	96.067937	21793583	21921271	21857427
Bin1286	9	21.921272	22.176589	0.255317	102.975454	21921273	22176589	22048930
Bin1287	9	22.176590	22.201174	0.024584	103.955877	22176591	22201174	22188882
Bin1288	9	22.201175	22.249464	0.048289	104.195686	22201176	22249464	22225319
Bin1289	9	22.249465	22.323042	0.073577	104.435494	22249466	22323042	22286254
Bin1290	9	22.323043	22.394720	0.071677	104.675303	22323044	22394720	22358882
Bin1291	9	22.394721	22.549442	0.154721	106.429869	22394722	22549442	22472082
Bin1292	9	22.549443	23.011239	0.461796	107.159809	22549444	23011239	22780341
Bin1293	10	0.000000	0.774795	0.774795	0.000000	1	774795	387398
Bin1294	10	0.774796	0.878316	0.103520	0.483096	774797	878316	826556
Bin1295	10	0.878317	0.907617	0.029300	0.722904	878318	907617	892967
Bin1296	10	0.907618	0.970214	0.062596	2.477470	907619	970214	938916
Bin1297	10	0.970215	1.227476	0.257261	2.717279	970216	1227476	1098846
Bin1298	10	1.227477	1.264647	0.037170	3.200374	1227478	1264647	1246062
Bin1299	10	1.264648	1.315415	0.050767	3.440183	1264649	1315415	1290032
Bin1300	10	1.315416	2.301247	0.985831	3.679992	1315417	2301247	1808332
Bin1301	10	2.301248	2.556479	0.255231	3.919800	2301249	2556479	2428864
Bin1302	10	2.556480	2.635927	0.079447	6.762943	2556481	2635927	2596204
Bin1303	10	2.635928	3.524014	0.888086	7.002752	2635929	3524014	3079971
Bin1304	10	3.524015	4.114486	0.590471	9.023229	3524016	4114486	3819250
Bin1305	10	4.114487	4.938247	0.823760	10.003652	4114488	4938247	4526367
Bin1306	10	4.938248	5.294073	0.355825	10.243461	4938249	5294073	5116160
Bin1307	10	5.294074	5.334327	0.040253	11.223885	5294075	5334327	5314200
Bin1308	10	5.334328	5.385370	0.051042	11.463693	5334329	5385370	5359849
Bin1309	10	5.385371	5.482478	0.097107	11.703502	5385372	5482478	5433924
Bin1310	10	5.482479	6.422164	0.939685	11.943310	5482480	6422164	5952322
Bin1311	10	6.422165	6.890531	0.468366	12.183119	6422166	6890531	6656348
Bin1312	10	6.890532	8.113423	1.222891	12.422928	6890533	8113423	7501978
Bin1313	10	8.113424	8.214161	0.100737	12.662736	8113425	8214161	8163792
Bin1314	10	8.214162	8.502796	0.288634	13.145832	8214163	8502796	8358479
Bin1315	10	8.502797	9.189085	0.686288	13.385640	8502798	9189085	8845941
Bin1316	10	9.189086	9.286462	0.097376	13.625449	9189087	9286462	9237774
Bin1317	10	9.286463	9.559056	0.272593	13.865258	9286464	9559056	9422760
Bin1318	10	9.559057	10.316044	0.756987	14.105066	9559058	10316044	9937550
Bin1319	10	10.316045	11.174016	0.857971	14.835006	10316046	11174016	10745030
Bin1320	10	11.174017	11.367016	0.192999	15.074815	11174018	11367016	11270516
Bin1321	10	11.367017	11.523822	0.156805	15.314623	11367018	11523822	11445420
Bin1322	10	11.523823	11.565578	0.041755	18.440641	11523824	11565578	11544701
Bin1323	10	11.565579	11.586954	0.021375	18.680450	11565580	11586954	11576266
Bin1324	10	11.586955	11.645903	0.058948	19.163545	11586956	11645903	11616429
Bin1325	10	11.645904	11.710512	0.064608	19.403354	11645905	11710512	11678208
Bin1326	10	11.710513	11.821882	0.111369	20.133294	11710514	11821882	11766198
Bin1327	10	11.821883	11.857331	0.035448	20.373103	11821884	11857331	11839607
Bin1328	10	11.857332	11.943762	0.086430	22.393580	11857333	11943762	11900547
Bin1329	10	11.943763	12.001131	0.057368	22.633388	11943764	12001131	11972447
Bin1330	10	12.001132	12.903181	0.902049	22.873197	12001133	12903181	12452157
Bin1331	10	12.903182	12.978767	0.075585	24.893674	12903183	12978767	12940974
Bin1332	10	12.978768	13.038932	0.060164	25.376769	12978769	13038932	13008850
Bin1333	10	13.038933	13.085199	0.046266	25.859865	13038934	13085199	13062066
Bin1334	10	13.085200	13.727404	0.642204	26.342960	13085201	13727404	13406302
Bin1335	10	13.727405	13.757409	0.030004	27.323384	13727406	13757409	13742407
Bin1336	10	13.757410	13.904713	0.147303	27.563192	13757411	13904713	13831062
Bin1337	10	13.904714	14.129145	0.224431	29.055841	13904715	14129145	14016930
Bin1338	10	14.129146	14.392630	0.263484	29.538936	14129147	14392630	14260888
Bin1339	10	14.392631	14.473208	0.080577	33.244335	14392632	14473208	14432920
Bin1340	10	14.473209	14.519929	0.046720	33.484143	14473210	14519929	14496569
Bin1341	10	14.519930	14.555584	0.035654	33.723952	14519931	14555584	14537757
Bin1342	10	14.555585	14.569929	0.014344	33.963761	14555586	14569929	14562757
Bin1343	10	14.569930	14.578150	0.008220	34.203569	14569931	14578150	14574040
Bin1344	10	14.578151	14.648146	0.069995	34.443378	14578152	14648146	14613149
Bin1345	10	14.648147	14.765266	0.117119	34.926473	14648148	14765266	14706706
Bin1346	10	14.765267	14.810029	0.044762	36.681039	14765268	14810029	14787648
Bin1347	10	14.810030	14.966511	0.156481	36.920848	14810031	14966511	14888270
Bin1348	10	14.966512	15.626736	0.660224	37.160657	14966513	15626736	15296624
Bin1349	10	15.626737	15.799035	0.172298	40.866055	15626738	15799035	15712886
Bin1350	10	15.799036	16.001033	0.201997	41.105864	15799037	16001033	15900034
Bin1351	10	16.001034	16.107468	0.106434	42.086287	16001035	16107468	16054251
Bin1352	10	16.107469	16.163060	0.055591	42.326096	16107470	16163060	16135264
Bin1353	10	16.163061	16.197050	0.033989	43.306520	16163062	16197050	16180056
Bin1354	10	16.197051	16.386287	0.189236	43.546328	16197052	16386287	16291669
Bin1355	10	16.386288	16.613837	0.227549	44.029424	16386289	16613837	16500062
Bin1356	10	16.613838	16.880041	0.266203	47.442822	16613839	16880041	16746940
Bin1357	10	16.880042	17.340713	0.460671	47.682631	16880043	17340713	17110378
Bin1358	10	17.340714	17.395401	0.054687	47.922440	17340715	17395401	17368058
Bin1359	10	17.395402	17.860485	0.465083	49.415088	17395403	17860485	17627944
Bin1360	10	17.860486	18.009147	0.148661	49.898183	17860487	18009147	17934816
Bin1361	10	18.009148	18.197973	0.188825	50.628123	18009149	18197973	18103560
Bin1362	10	18.197974	18.512516	0.314542	51.862754	18197975	18512516	18355245
Bin1363	10	18.512517	18.581529	0.069012	53.617320	18512518	18581529	18547023
Bin1364	10	18.581530	18.748453	0.166923	56.743338	18581531	18748453	18664992
Bin1365	10	18.748454	18.849019	0.100565	57.473278	18748455	18849019	18798736
Bin1366	10	18.849020	19.151299	0.302279	57.713086	18849021	19151299	19000160
Bin1367	10	19.151300	19.303513	0.152213	61.126485	19151301	19303513	19227406
Bin1368	10	19.303514	19.674444	0.370930	61.366293	19303515	19674444	19488979
Bin1369	10	19.674445	19.875119	0.200674	63.930958	19674446	19875119	19774782
Bin1370	10	19.875120	19.933784	0.058664	64.170767	19875121	19933784	19904452
Bin1371	10	19.933785	20.197929	0.264144	64.900707	19933786	20197929	20065857
Bin1372	10	20.197930	20.752639	0.554709	65.383802	20197931	20752639	20475284
Bin1373	10	20.752640	21.086540	0.333900	73.736507	20752641	21086540	20919590
Bin1374	10	21.086541	21.662996	0.576455	73.976315	21086542	21662996	21374768
Bin1375	10	21.662997	21.715914	0.052917	74.216124	21662998	21715914	21689456
Bin1376	10	21.715915	21.736041	0.020126	78.519854	21715916	21736041	21725978
Bin1377	10	21.736042	21.795131	0.059089	78.759663	21736043	21795131	21765586
Bin1378	10	21.795132	21.917792	0.122660	79.242758	21795133	21917792	21856462
Bin1379	10	21.917793	21.985708	0.067915	79.725854	21917794	21985708	21951750
Bin1380	10	21.985709	22.070288	0.084579	80.208949	21985710	22070288	22027999
Bin1381	10	22.070289	22.172163	0.101874	81.701598	22070290	22172163	22121226
Bin1382	10	22.172164	22.213887	0.041723	81.941406	22172165	22213887	22193025
Bin1383	10	22.213888	22.303863	0.089975	82.424502	22213889	22303863	22258876
Bin1384	10	22.303864	22.382224	0.078360	82.664310	22303865	22382224	22343044
Bin1385	10	22.382225	22.522988	0.140763	83.644734	22382226	22522988	22452606
Bin1386	10	22.522989	22.581232	0.058243	83.884543	22522990	22581232	22552110
Bin1387	10	22.581233	22.659572	0.078339	84.124351	22581234	22659572	22620402
Bin1388	10	22.659573	22.797284	0.137711	84.854291	22659574	22797284	22728428
Bin1389	10	22.797285	22.838270	0.040985	85.094100	22797286	22838270	22817778
Bin1390	10	22.838271	23.134759	0.296488	85.333908	22838272	23134759	22986515
Bin1391	11	0.000000	0.222402	0.222402	0.000000	1	222402	111201
Bin1392	11	0.222403	0.370981	0.148578	0.239809	222404	370981	296692
Bin1393	11	0.370982	0.631793	0.260811	3.945207	370983	631793	501388
Bin1394	11	0.631794	0.701593	0.069799	4.675147	631795	701593	666694
Bin1395	11	0.701594	0.798594	0.097000	5.158243	701595	798594	750094
Bin1396	11	0.798595	1.013608	0.215013	5.398051	798596	1013608	906102
Bin1397	11	1.013609	1.165377	0.151768	5.637860	1013610	1165377	1089493
Bin1398	11	1.165378	1.267066	0.101688	5.877669	1165379	1267066	1216222
Bin1399	11	1.267067	1.656583	0.389516	13.494705	1267068	1656583	1461825
Bin1400	11	1.656584	1.911479	0.254895	13.734513	1656585	1911479	1784032
Bin1401	11	1.911480	1.927671	0.016191	14.217609	1911481	1927671	1919576
Bin1402	11	1.927672	2.373764	0.446092	15.972175	1927673	2373764	2150718
Bin1403	11	2.373765	2.425606	0.051841	16.952599	2373766	2425606	2399686
Bin1404	11	2.425607	2.469672	0.044065	17.192407	2425608	2469672	2447640
Bin1405	11	2.469673	2.660934	0.191261	17.922347	2469674	2660934	2565303
Bin1406	11	2.660935	2.685232	0.024297	18.162156	2660936	2685232	2673083
Bin1407	11	2.685233	2.815512	0.130279	19.916722	2685234	2815512	2750372
Bin1408	11	2.815513	2.922905	0.107392	21.151352	2815514	2922905	2869209
Bin1409	11	2.922906	2.949205	0.026299	21.391161	2922907	2949205	2936056
Bin1410	11	2.949206	3.015480	0.066274	21.630970	2949207	3015480	2982343
Bin1411	11	3.015481	3.102421	0.086940	21.870778	3015482	3102421	3058951
Bin1412	11	3.102422	3.172709	0.070287	22.110587	3102423	3172709	3137566
Bin1413	11	3.172710	3.578219	0.405509	23.091010	3172711	3578219	3375464
Bin1414	11	3.578220	3.613444	0.035224	25.655675	3578221	3613444	3595832
Bin1415	11	3.613445	3.759704	0.146259	25.895484	3613446	3759704	3686574
Bin1416	11	3.759705	3.856825	0.097120	26.135292	3759706	3856825	3808265
Bin1417	11	3.856826	3.911149	0.054323	27.115716	3856827	3911149	3883988
Bin1418	11	3.911150	4.290167	0.379017	27.355524	3911151	4290167	4100658
Bin1419	11	4.290168	4.324240	0.034072	30.481542	4290169	4324240	4307204
Bin1420	11	4.324241	4.339337	0.015096	30.964638	4324242	4339337	4331789
Bin1421	11	4.339338	4.422185	0.082847	31.204447	4339339	4422185	4380762
Bin1422	11	4.422186	4.692399	0.270213	31.687542	4422187	4692399	4557292
Bin1423	11	4.692400	5.015543	0.323143	31.927351	4692401	5015543	4853972
Bin1424	11	5.015544	5.443247	0.427703	32.657291	5015545	5443247	5229396
Bin1425	11	5.443248	5.562749	0.119501	37.579294	5443249	5562749	5502998
Bin1426	11	5.562750	5.747290	0.184540	37.819103	5562751	5747290	5655020
Bin1427	11	5.747291	5.832414	0.085123	38.058911	5747292	5832414	5789852
Bin1428	11	5.832415	5.843791	0.011376	38.298720	5832416	5843791	5838103
Bin1429	11	5.843792	6.655479	0.811687	40.319197	5843793	6655479	6249636
Bin1430	11	6.655480	7.034140	0.378660	45.558145	6655481	7034140	6844810
Bin1431	11	7.034141	7.109920	0.075779	45.797953	7034142	7109920	7072030
Bin1432	11	7.109921	7.498303	0.388382	46.037762	7109922	7498303	7304112
Bin1433	11	7.498304	7.580538	0.082234	46.277570	7498305	7580538	7539421
Bin1434	11	7.580539	7.663754	0.083215	46.517379	7580540	7663754	7622146
Bin1435	11	7.663755	7.815690	0.151935	49.360522	7663756	7815690	7739722
Bin1436	11	7.815691	7.851976	0.036285	50.340946	7815692	7851976	7833834
Bin1437	11	7.851977	7.948516	0.096539	50.580754	7851978	7948516	7900246
Bin1438	11	7.948517	8.858158	0.909641	52.073402	7948518	8858158	8403338
Bin1439	11	8.858159	9.001361	0.143202	52.313211	8858160	9001361	8929760
Bin1440	11	9.001362	9.030601	0.029239	52.796307	9001363	9030601	9015982
Bin1441	11	9.030602	9.294371	0.263769	53.036115	9030603	9294371	9162486
Bin1442	11	9.294372	9.441048	0.146676	53.275924	9294373	9441048	9367710
Bin1443	11	9.441049	9.586426	0.145377	53.515732	9441050	9586426	9513738
Bin1444	11	9.586427	9.729335	0.142908	53.998828	9586428	9729335	9657881
Bin1445	11	9.729336	9.766623	0.037287	54.979252	9729337	9766623	9747980
Bin1446	11	9.766624	10.088513	0.321889	56.471900	9766625	10088513	9927568
Bin1447	11	10.088514	10.620512	0.531998	56.711708	10088515	10620512	10354513
Bin1448	11	10.620513	10.681259	0.060746	57.194804	10620514	10681259	10650886
Bin1449	11	10.681260	10.940655	0.259395	57.434613	10681261	10940655	10810958
Bin1450	11	10.940656	11.660346	0.719690	57.674421	10940657	11660346	11300501
Bin1451	11	11.660347	11.912059	0.251712	57.914230	11660348	11912059	11786203
Bin1452	11	11.912060	13.800798	1.888738	58.154038	11912061	13800798	12856429
Bin1453	11	13.800799	14.230754	0.429955	58.393847	13800800	14230754	14015776
Bin1454	11	14.230755	15.387126	1.156371	58.633656	14230756	15387126	14808940
Bin1455	11	15.387127	15.744728	0.357601	58.873464	15387128	15744728	15565928
Bin1456	11	15.744729	15.888484	0.143755	59.113273	15744730	15888484	15816606
Bin1457	11	15.888485	16.313221	0.424736	59.843213	15888486	16313221	16100853
Bin1458	11	16.313222	16.460070	0.146848	60.083021	16313223	16460070	16386646
Bin1459	11	16.460071	16.548559	0.088488	60.322830	16460072	16548559	16504315
Bin1460	11	16.548560	17.048450	0.499890	61.557461	16548561	17048450	16798505
Bin1461	11	17.048451	17.157288	0.108837	62.287401	17048452	17157288	17102870
Bin1462	11	17.157289	17.337084	0.179795	62.527209	17157290	17337084	17247186
Bin1463	11	17.337085	17.806012	0.468927	65.091874	17337086	17806012	17571548
Bin1464	11	17.806013	17.859475	0.053462	65.331683	17806014	17859475	17832744
Bin1465	11	17.859476	17.894398	0.034922	65.571491	17859477	17894398	17876937
Bin1466	11	17.894399	17.965016	0.070617	66.551915	17894400	17965016	17929708
Bin1467	11	17.965017	18.198598	0.233581	67.532338	17965018	18198598	18081808
Bin1468	11	18.198599	18.316344	0.117745	68.512762	18198600	18316344	18257472
Bin1469	11	18.316345	18.481191	0.164846	69.242702	18316346	18481191	18398768
Bin1470	11	18.481192	18.779254	0.298062	69.482510	18481193	18779254	18630223
Bin1471	11	18.779255	18.811211	0.031956	70.462934	18779256	18811211	18795233
Bin1472	11	18.811212	18.852360	0.041148	70.702743	18811213	18852360	18831786
Bin1473	11	18.852361	18.881686	0.029325	71.432683	18852362	18881686	18867024
Bin1474	11	18.881687	19.061831	0.180144	71.672491	18881688	19061831	18971759
Bin1475	11	19.061832	19.090636	0.028804	71.912300	19061833	19090636	19076234
Bin1476	11	19.090637	19.137077	0.046440	73.146930	19090638	19137077	19113857
Bin1477	11	19.137078	19.230493	0.093415	75.437407	19137079	19230493	19183786
Bin1478	11	19.230494	19.425653	0.195159	76.417831	19230495	19425653	19328074
Bin1479	11	19.425654	19.468084	0.042430	77.910479	19425655	19468084	19446869
Bin1480	11	19.468085	19.528257	0.060172	78.150288	19468086	19528257	19498171
Bin1481	11	19.528258	19.637166	0.108908	78.390096	19528259	19637166	19582712
Bin1482	11	19.637167	20.091134	0.453967	78.629905	19637168	20091134	19864150
Bin1483	11	20.091135	20.177232	0.086097	79.113000	20091136	20177232	20134184
Bin1484	11	20.177233	20.337723	0.160490	79.352809	20177234	20337723	20257478
Bin1485	11	20.337724	20.588262	0.250538	80.587440	20337725	20588262	20462993
Bin1486	11	20.588263	20.766827	0.178564	80.827248	20588264	20766827	20677545
Bin1487	11	20.766828	20.787605	0.020777	81.310344	20766829	20787605	20777216
Bin1488	11	20.787606	21.256423	0.468817	82.544974	20787607	21256423	21022014
Bin1489	11	21.256424	21.289933	0.033509	83.028070	21256425	21289933	21273178
Bin1490	11	21.289934	21.503575	0.213641	83.267879	21289935	21503575	21396754
Bin1491	11	21.503576	21.583192	0.079616	83.997819	21503577	21583192	21543384
Bin1492	11	21.583193	21.786155	0.202962	84.480914	21583194	21786155	21684674
Bin1493	11	21.786156	22.041696	0.255540	84.964010	21786157	22041696	21913926
Bin1494	11	22.041697	22.140498	0.098801	85.447105	22041698	22140498	22091098
Bin1495	11	22.140499	22.547097	0.406598	91.669814	22140500	22547097	22343798
Bin1496	11	22.547098	22.585752	0.038654	92.152909	22547099	22585752	22566425
Bin1497	11	22.585753	22.607768	0.022015	92.392718	22585754	22607768	22596761
Bin1498	11	22.607769	22.765907	0.158138	92.632527	22607770	22765907	22686838
Bin1499	11	22.765908	22.800150	0.034242	92.872335	22765909	22800150	22783029
Bin1500	11	22.800151	22.895139	0.094988	93.602275	22800152	22895139	22847645
Bin1501	11	22.895140	22.935382	0.040242	93.842084	22895141	22935382	22915261
Bin1502	11	22.935383	23.041476	0.106093	94.081892	22935384	23041476	22988430
Bin1503	11	23.041477	23.264796	0.223319	94.321701	23041478	23264796	23153137
Bin1504	11	23.264797	23.653820	0.389023	94.804797	23264798	23653820	23459308
Bin1505	11	23.653821	23.822977	0.169156	95.785220	23653822	23822977	23738399
Bin1506	11	23.822978	23.983457	0.160479	96.268316	23822979	23983457	23903218
Bin1507	11	23.983458	24.248930	0.265472	100.572046	23983459	24248930	24116194
Bin1508	11	24.248931	24.374913	0.125982	101.552470	24248932	24374913	24311922
Bin1509	11	24.374914	24.442249	0.067335	101.792278	24374915	24442249	24408582
Bin1510	11	24.442250	24.547190	0.104940	102.032087	24442251	24547190	24494720
Bin1511	11	24.547191	24.658363	0.111172	102.762027	24547192	24658363	24602777
Bin1512	11	24.658364	24.679204	0.020840	103.491967	24658365	24679204	24668784
Bin1513	11	24.679205	24.702686	0.023481	103.731776	24679206	24702686	24690945
Bin1514	11	24.702687	24.742810	0.040123	103.971584	24702688	24742810	24722748
Bin1515	11	24.742811	24.759604	0.016793	104.211393	24742812	24759604	24751208
Bin1516	11	24.759605	24.795189	0.035584	106.776057	24759606	24795189	24777397
Bin1517	11	24.795190	24.977519	0.182329	107.015866	24795191	24977519	24886355
Bin1518	11	24.977520	25.155711	0.178191	107.255675	24977521	25155711	25066615
Bin1519	11	25.155712	25.793426	0.637714	107.738770	25155713	25793426	25474569
Bin1520	11	25.793427	25.910573	0.117146	107.978579	25793428	25910573	25852000
Bin1521	11	25.910574	25.957355	0.046781	108.218387	25910575	25957355	25933964
Bin1522	11	25.957356	25.991432	0.034076	108.458196	25957357	25991432	25974394
Bin1523	11	25.991433	26.031810	0.040377	108.698005	25991434	26031810	26011622
Bin1524	11	26.031811	26.135886	0.104075	109.181100	26031812	26135886	26083849
Bin1525	11	26.135887	26.511195	0.375308	109.420909	26135888	26511195	26323541
Bin1526	11	26.511196	26.552609	0.041413	109.904004	26511197	26552609	26531902
Bin1527	11	26.552610	26.644828	0.092218	111.396653	26552611	26644828	26598719
Bin1528	11	26.644829	26.708676	0.063847	111.636461	26644830	26708676	26676752
Bin1529	11	26.708677	26.749998	0.041321	111.876270	26708678	26749998	26729338
Bin1530	11	26.749999	26.779868	0.029869	112.606210	26750000	26779868	26764933
Bin1531	11	26.779869	26.819647	0.039778	112.846018	26779870	26819647	26799758
Bin1532	11	26.819648	26.860066	0.040418	113.329114	26819649	26860066	26839857
Bin1533	11	26.860067	26.882681	0.022614	113.568923	26860068	26882681	26871374
Bin1534	11	26.882682	27.366868	0.484186	114.052018	26882683	27366868	27124775
Bin1535	11	27.366869	27.379702	0.012833	114.291827	27366870	27379702	27373286
Bin1536	11	27.379703	27.958298	0.578595	115.272250	27379704	27958298	27669000
Bin1537	11	27.958299	28.249689	0.291390	115.512059	27958300	28249689	28103994
Bin1538	11	28.249690	28.291316	0.041626	116.241999	28249691	28291316	28270503
Bin1539	11	28.291317	28.344427	0.053110	116.481807	28291318	28344427	28317872
Bin1540	11	28.344428	28.512666	0.168238	116.721616	28344429	28512666	28428547
Bin1541	12	0.000000	0.724487	0.724487	0.000000	1	724487	362244
Bin1542	12	0.724488	1.164681	0.440193	1.234631	724489	1164681	944584
Bin1543	12	1.164682	1.191083	0.026401	1.474439	1164683	1191083	1177882
Bin1544	12	1.191084	3.009260	1.818176	13.064520	1191085	3009260	2100172
Bin1545	12	3.009261	3.055555	0.046294	14.044944	3009262	3055555	3032408
Bin1546	12	3.055556	3.133802	0.078246	14.284752	3055557	3133802	3094679
Bin1547	12	3.133803	3.841836	0.708033	16.039318	3133804	3841836	3487819
Bin1548	12	3.841837	4.747938	0.906101	31.437655	3841838	4747938	4294888
Bin1549	12	4.747939	5.378274	0.630335	37.999765	4747940	5378274	5063106
Bin1550	12	5.378275	7.199927	1.821652	39.754331	5378276	7199927	6289101
Bin1551	12	7.199928	7.392068	0.192140	40.237426	7199929	7392068	7295998
Bin1552	12	7.392069	7.407690	0.015621	40.477235	7392070	7407690	7399880
Bin1553	12	7.407691	7.651011	0.243320	40.717044	7407692	7651011	7529351
Bin1554	12	7.651012	7.924362	0.273350	42.471610	7651013	7924362	7787687
Bin1555	12	7.924363	8.858744	0.934381	42.711418	7924364	8858744	8391554
Bin1556	12	8.858745	9.801089	0.942344	42.951227	8858746	9801089	9329917
Bin1557	12	9.801090	10.738394	0.937304	43.191035	9801091	10738394	10269742
Bin1558	12	10.738395	10.758231	0.019836	43.430844	10738396	10758231	10748313
Bin1559	12	10.758232	10.770713	0.012481	43.670653	10758233	10770713	10764472
Bin1560	12	10.770714	10.798575	0.027861	43.910461	10770715	10798575	10784644
Bin1561	12	10.798576	11.775679	0.977103	44.150270	10798577	11775679	11287128
Bin1562	12	11.775680	12.061770	0.286090	44.633365	11775681	12061770	11918725
Bin1563	12	12.061771	14.545701	2.483930	45.116461	12061772	14545701	13303736
Bin1564	12	14.545702	14.674353	0.128651	45.356270	14545703	14674353	14610028
Bin1565	12	14.674354	16.255447	1.581093	45.596078	14674355	16255447	15464900
Bin1566	12	16.255448	16.363843	0.108395	46.079174	16255449	16363843	16309646
Bin1567	12	16.363844	16.461232	0.097388	46.562269	16363845	16461232	16412538
Bin1568	12	16.461233	17.398341	0.937108	47.045365	16461234	17398341	16929787
Bin1569	12	17.398342	17.608219	0.209877	47.775305	17398343	17608219	17503280
Bin1570	12	17.608220	17.634907	0.026687	48.015113	17608221	17634907	17621564
Bin1571	12	17.634908	17.955105	0.320197	48.745053	17634909	17955105	17795006
Bin1572	12	17.955106	18.243326	0.288220	49.228149	17955107	18243326	18099216
Bin1573	12	18.243327	18.299733	0.056406	50.208572	18243328	18299733	18271530
Bin1574	12	18.299734	18.361219	0.061485	50.448381	18299735	18361219	18330476
Bin1575	12	18.361220	18.591749	0.230529	50.688190	18361221	18591749	18476484
Bin1576	12	18.591750	19.087218	0.495468	54.393588	18591751	19087218	18839484
Bin1577	12	19.087219	19.159779	0.072560	55.123528	19087220	19159779	19123499
Bin1578	12	19.159780	19.447998	0.288218	55.853468	19159781	19447998	19303889
Bin1579	12	19.447999	19.533698	0.085699	56.336564	19448000	19533698	19490848
Bin1580	12	19.533699	19.677062	0.143363	56.576372	19533700	19677062	19605380
Bin1581	12	19.677063	19.819577	0.142514	59.419515	19677064	19819577	19748320
Bin1582	12	19.819578	19.883929	0.064351	59.659324	19819579	19883929	19851754
Bin1583	12	19.883930	20.022299	0.138369	60.142420	19883931	20022299	19953114
Bin1584	12	20.022300	21.145075	1.122775	62.162897	20022301	21145075	20583688
Bin1585	12	21.145076	21.329181	0.184105	62.892836	21145077	21329181	21237128
Bin1586	12	21.329182	21.590372	0.261190	68.131784	21329183	21590372	21459777
Bin1587	12	21.590373	21.727609	0.137236	68.371593	21590374	21727609	21658991
Bin1588	12	21.727610	22.017753	0.290143	68.854688	21727611	22017753	21872682
Bin1589	12	22.017754	22.447782	0.430028	69.094497	22017755	22447782	22232768
Bin1590	12	22.447783	22.563440	0.115657	76.353597	22447784	22563440	22505612
Bin1591	12	22.563441	22.936367	0.372926	77.334021	22563442	22936367	22749904
Bin1592	12	22.936368	23.051817	0.115449	77.573830	22936369	23051817	22994092
Bin1593	12	23.051818	23.393877	0.342059	77.813638	23051819	23393877	23222848
Bin1594	12	23.393878	23.479468	0.085590	81.519037	23393879	23479468	23436673
Bin1595	12	23.479469	23.580571	0.101102	83.011685	23479470	23580571	23530020
Bin1596	12	23.580572	23.886496	0.305924	83.494780	23580573	23886496	23733534
Bin1597	12	23.886497	23.900206	0.013709	83.977876	23886498	23900206	23893352
Bin1598	12	23.900207	23.966364	0.066157	84.460972	23900208	23966364	23933286
Bin1599	12	23.966365	24.075887	0.109522	84.944067	23966366	24075887	24021126
Bin1600	12	24.075888	24.122206	0.046318	86.698633	24075889	24122206	24099047
Bin1601	12	24.122207	24.440155	0.317948	87.181729	24122208	24440155	24281181
Bin1602	12	24.440156	24.520895	0.080739	87.421537	24440157	24520895	24480526
Bin1603	12	24.520896	24.567072	0.046176	87.661346	24520897	24567072	24543984
Bin1604	12	24.567073	24.707331	0.140258	87.901154	24567074	24707331	24637202
Bin1605	12	24.707332	24.855862	0.148530	91.903290	24707333	24855862	24781597
Bin1606	12	24.855863	25.247885	0.392022	92.143098	24855864	25247885	25051874
Bin1607	12	25.247886	25.277446	0.029560	93.123522	25247887	25277446	25262666
Bin1608	12	25.277447	25.309654	0.032207	93.363331	25277448	25309654	25293550
Bin1609	12	25.309655	25.351164	0.041509	94.093271	25309656	25351164	25330410
Bin1610	12	25.351165	25.603259	0.252094	96.113748	25351166	25603259	25477212
Bin1611	12	25.603260	25.641417	0.038157	96.843687	25603261	25641417	25622338
Bin1612	12	25.641418	25.801197	0.159779	97.083496	25641419	25801197	25721308
Bin1613	12	25.801198	26.077657	0.276459	104.342597	25801199	26077657	25939428
Bin1614	12	26.077658	26.321664	0.244006	104.825692	26077659	26321664	26199661
Bin1615	12	26.321665	26.395161	0.073496	105.065501	26321666	26395161	26358413
Bin1616	12	26.395162	26.521489	0.126327	106.045924	26395163	26521489	26458326
Bin1617	12	26.521490	26.663504	0.142014	106.285733	26521491	26663504	26592497
Bin1618	12	26.663505	27.015878	0.352373	106.768828	26663506	27015878	26839692
Bin1619	12	27.015879	27.497214	0.481335	109.333493	27015880	27497214	27256546
