chr	pos	cM
1	37410	0.0
1	43988	0.01
1	111468	0.04
1	189070	0.09
1	194512	0.09
1	201828	0.1
1	208171	0.12
1	246832	0.13
1	315532	0.14
1	319771	0.15
1	326102	0.16
1	328306	0.17
1	557800	0.18
1	680379	0.2
1	693986	0.2
1	1008713	0.4
1	1019495	0.41
1	1024507	0.42
1	1026616	0.43
1	1219946	0.48
1	1224674	0.5
1	1503528	0.55
1	1601778	0.56
1	1707288	0.57
1	1808437	0.58
1	1833496	0.59
1	1929740	0.6
1	1929838	0.6
1	1933130	0.6
1	2011336	0.6
1	2021292	0.61
1	2096492	0.63
1	2154900	1.0
1	2228302	1.38
1	2277878	1.4
1	2291329	1.41
1	2377861	1.42
1	2518254	1.44
1	2554960	1.46
1	2623622	1.65
1	2738780	1.68
1	2768388	1.7
1	2772866	1.73
1	2802005	1.76
1	2813880	1.8
1	2819497	1.95
1	2872029	2.12
1	2879102	2.14
1	2887326	2.18
1	2925661	2.2
1	2956926	2.22
1	2977936	2.4
1	3025475	2.5
1	3043388	2.6
1	3086468	2.63
1	3104604	2.7
1	3121182	2.72
1	3165594	3.0
1	3218446	4.0
1	3271384	4.08
1	3284500	4.2
1	3364027	4.24
1	3368903	4.26
1	3373932	4.35
1	3476009	5.5
1	3481852	5.51
1	3487104	5.52
1	3537936	5.53
1	3565266	5.55
1	3647097	5.6
1	3734197	5.62
1	3767714	5.7
1	3790082	5.72
1	3797510	6.48
1	3799500	6.5
1	3835436	6.54
1	3838146	6.56
1	3906074	7.96
1	3953742	8.0
1	3970309	8.01
1	3984551	8.03
1	4081208	8.04
1	4085218	8.05
1	4088534	8.06
1	4092922	8.08
1	4103312	8.09
1	4115109	8.1
1	4211481	8.2
1	4272053	8.22
1	4298903	9.0
1	4356305	9.02
1	4358851	10.08
1	4374658	10.1
1	4450190	10.14
1	4490494	11.0
1	4615200	11.0
1	4673912	11.02
1	4684102	11.3
1	4788857	12.0
1	4846244	12.18
1	4855396	12.2
1	4864094	12.21
1	4903946	12.24
1	4940294	13.0
1	5050239	13.3
1	5061051	13.5
1	5067294	13.57
1	5078800	14.0
1	5158994	14.45
1	5283219	14.47
1	5366314	14.7
1	5386442	14.88
1	5388078	14.88
1	5418752	14.89
1	5427547	14.9
1	5437676	14.91
1	5446654	14.91
1	5451978	14.91
1	5476058	14.92
1	5486618	14.92
1	5543534	14.92
1	5557134	14.94
1	5565983	14.98
1	5615730	15.0
1	5656218	15.48
1	5662660	15.5
1	5754954	15.8
1	5772201	16.0
1	5775544	16.73
1	5839136	16.75
1	5853422	16.8
1	5898974	16.86
1	5975316	16.88
1	5989606	16.9
1	6068246	16.92
1	6202364	17.02
1	6226004	17.03
1	6245886	17.05
1	6251900	17.06
1	6262326	17.07
1	6265418	17.08
1	6277288	17.3
1	6361593	17.5
1	6382262	17.52
1	6480026	17.55
1	6494482	17.6
1	6512497	17.61
1	6515624	17.62
1	6524684	17.65
1	6725618	17.67
1	6751180	17.7
1	6863044	17.78
1	6869960	17.8
1	6984300	20.7
1	7019090	20.71
1	7030178	20.72
1	7098654	20.76
1	7103547	20.8
1	7133518	20.82
1	7191303	20.85
1	7241846	20.89
1	7285574	20.91
1	7299980	20.93
1	7339858	20.95
1	7346515	20.96
1	7401184	20.97
1	7431636	20.99
1	7433868	21.0
1	7503987	21.03
1	7508224	21.04
1	7510438	21.06
1	7542850	21.1
1	7645898	21.14
1	7780586	21.2
1	7814538	21.3
1	7818136	21.4
1	7821457	21.4
1	7921280	21.5
1	7954116	21.58
1	7982254	21.59
1	7989684	21.59
1	8056604	21.6
1	8064906	21.6
1	8093680	22.0
1	8170960	22.04
1	8182130	22.06
1	8218340	22.08
1	8224536	22.1
1	8240822	22.12
1	8302746	22.3
1	8308974	22.5
1	8310110	22.51
1	8423007	22.6
1	8433065	22.7
1	8490166	22.86
1	8508698	22.91
1	8511056	22.93
1	8533576	23.0
1	8599068	23.1
1	8605007	23.11
1	8614788	23.15
1	8639622	23.18
1	8710482	23.2
1	8786435	23.25
1	8852469	23.27
1	8856324	23.3
1	8916192	23.32
1	8946702	23.38
1	8951804	23.4
1	9049945	23.5
1	9056844	23.6
1	9097682	23.63
1	9166713	23.65
1	9192860	23.8
1	9278914	23.86
1	9285842	24.05
1	9388231	24.07
1	9415856	24.08
1	9425982	24.1
1	9524736	25.0
1	9573481	25.06
1	9771944	25.1
1	9817870	25.12
1	9927413	25.14
1	9964982	25.18
1	9999019	25.2
1	10043328	25.22
1	10087606	25.27
1	10193897	25.7
1	10199362	25.72
1	10289444	25.74
1	10467764	25.78
1	10511761	25.8
1	10554037	25.81
1	10619473	25.83
1	10624012	25.84
1	10673418	25.86
1	10676825	25.88
1	10680560	25.89
1	10777034	25.89
1	10797096	25.89
1	10907889	25.9
1	10913872	25.92
1	10933903	25.95
1	10985681	25.97
1	10987458	25.97
1	11049111	25.98
1	11057281	25.98
1	11064957	25.99
1	11076225	25.99
1	11081928	26.0
1	11196688	26.2
1	11199919	26.22
1	11257446	26.38
1	11305255	26.4
1	11330678	26.44
1	11387310	26.48
1	11389481	26.5
1	11482369	26.54
1	11488629	26.56
1	11561140	26.58
1	11570184	26.6
1	11612262	26.62
1	11617940	26.64
1	11779840	27.08
1	11864294	27.09
1	11938786	27.11
1	12016870	27.44
1	12034911	27.47
1	12039426	27.48
1	12068980	27.5
1	12074936	27.54
1	12181818	27.63
1	12188318	27.64
1	12226910	27.68
1	12233948	27.7
1	12236793	27.71
1	12252830	27.73
1	12265172	27.74
1	12271948	27.76
1	12296246	28.0
1	12338856	28.5
1	12340896	28.5
1	12344409	28.51
1	12402226	28.52
1	12444960	28.53
1	12518643	28.55
1	12554575	28.56
1	12574360	28.57
1	12588915	28.58
1	12618918	28.58
1	12622899	28.59
1	12756228	28.6
1	12918690	28.61
1	12947993	28.62
1	13033189	28.64
1	13063766	28.7
1	13075114	28.7
1	13232048	28.7
1	13478544	28.71
1	13564671	28.71
1	13655458	28.71
1	13706130	28.72
1	13716130	28.72
1	13760004	28.72
1	13803185	28.75
1	13862172	28.77
1	13916452	28.78
1	13977329	29.94
1	14103550	29.98
1	14143812	30.0
1	14215022	30.8
1	14217106	30.82
1	14220480	30.88
1	14226688	30.9
1	14343142	31.0
1	14490272	31.4
1	14547886	31.5
1	14564480	31.54
1	14586771	31.56
1	14598328	31.83
1	14600914	31.83
1	14650492	31.85
1	14734004	32.0
1	14908290	32.94
1	14911188	32.94
1	14956498	32.96
1	14965028	32.97
1	15018156	32.98
1	15071668	33.0
1	15089657	33.4
1	15199145	33.51
1	15261248	34.0
1	15296687	34.18
1	15395790	34.2
1	15479122	34.22
1	15648684	34.4
1	15861344	35.0
1	15901368	35.39
1	15903672	35.4
1	15935287	35.45
1	16036052	35.46
1	16125940	35.48
1	16179749	35.5
1	16253434	35.6
1	16309932	35.7
1	16336925	35.72
1	16457437	35.88
1	16609668	35.89
1	16621715	35.9
1	16640758	35.91
1	16645692	35.92
1	16705578	35.98
1	16846972	36.0
1	16873777	36.03
1	17036456	36.4
1	17042700	36.45
1	17051742	36.5
1	17083454	36.73
1	17264362	36.81
1	17438538	36.85
1	17511594	36.91
1	17515197	36.93
1	17598344	37.0
1	17671768	37.1
1	17703006	37.2
1	17728688	37.3
1	17735432	37.4
1	17825205	37.92
1	17848823	37.94
1	17864363	37.95
1	17869793	37.96
1	17875500	37.97
1	17896730	37.99
1	17900912	38.0
1	17915583	38.06
1	17938373	38.08
1	17945662	38.1
1	17982191	38.13
1	18028638	38.14
1	18043210	38.15
1	18055790	38.17
1	18083031	38.18
1	18146820	38.19
1	18186730	38.2
1	18202274	38.25
1	18330938	38.3
1	18337704	38.31
1	18388913	38.32
1	18400287	38.33
1	18483686	38.34
1	18641438	38.35
1	18785218	38.36
1	18793806	38.37
1	18831918	38.38
1	18900631	38.4
1	19044984	38.42
1	19105661	38.44
1	19192744	38.48
1	19200292	38.49
1	19310513	38.5
1	19461894	38.7
1	19536852	38.78
1	19577392	38.8
1	19642378	38.96
1	19736416	39.0
1	19756162	39.28
1	19810951	39.28
1	19873349	39.29
1	19967337	39.4
1	19983682	39.41
1	20074074	39.42
1	20114618	39.43
1	20150715	39.47
1	20155926	39.47
1	20260032	39.48
1	20279385	39.49
1	20385114	39.49
1	20458518	39.5
1	20590498	39.5
1	20685856	39.53
1	20699222	39.55
1	20785876	39.56
1	20858080	39.57
1	21044692	39.58
1	21140402	39.59
1	21146218	39.6
1	21403539	39.7
1	21534356	39.77
1	21615210	39.8
1	21623022	40.0
1	21626310	40.04
1	21650592	40.11
1	21702369	40.13
1	21734909	40.15
1	21758742	40.2
1	21763024	40.48
1	21787310	40.5
1	21792413	40.54
1	21827333	40.6
1	21831538	40.62
1	21834830	40.65
1	21849759	40.7
1	21868150	41.0
1	21912664	41.45
1	22119793	41.46
1	22438562	41.47
1	22472927	41.48
1	22560800	41.48
1	22568264	41.48
1	22650576	41.48
1	22693400	41.48
1	22700728	41.48
1	22773863	41.49
1	22814161	41.49
1	22824288	41.49
1	22828528	41.49
1	22832410	41.49
1	22919932	41.49
1	22957022	41.5
1	23075280	41.5
1	23078792	41.6
1	23131398	41.62
1	23305856	41.8
1	23410819	41.88
1	23416028	41.9
1	23434338	42.0
1	23439094	42.02
1	23621232	42.3
1	23769829	42.5
1	23788886	42.5
1	23805595	42.5
1	23814890	42.5
1	23822218	42.51
1	24079282	42.51
1	24112758	42.52
1	24199304	42.52
1	24354342	42.78
1	24373560	42.8
1	24455060	42.82
1	24557052	43.0
1	24730954	45.0
1	24747594	45.1
1	24892646	45.2
1	24940064	45.26
1	24956263	45.28
1	24960646	45.3
1	25093326	45.32
1	25265580	45.34
1	25274146	45.36
1	25319968	46.0
1	25337190	46.0
1	25398756	46.3
1	25480254	46.32
1	25486550	46.34
1	25493084	46.4
1	25504192	46.45
1	25508081	46.47
1	25521618	46.5
1	25527748	46.51
1	25536006	46.54
1	25562622	46.56
1	25682106	46.71
1	25688016	46.71
1	25693084	46.72
1	25769530	46.75
1	25807762	46.8
1	25948762	47.0
1	26105041	47.23
1	26195737	47.25
1	26283735	47.27
1	26376946	47.4
1	26643068	47.5
1	26657758	47.8
1	26670182	47.81
1	26809546	47.81
1	26814600	47.82
1	27034964	47.83
1	27041755	47.83
1	27063010	47.84
1	27169347	47.84
1	27254467	47.85
1	27327236	47.86
1	27343972	47.86
1	27454405	47.87
1	27572217	47.89
1	27586738	47.89
1	27720791	47.9
1	27745741	47.91
1	27808756	47.92
1	27847123	47.96
1	27923268	48.0
1	27983272	48.5
1	28151710	48.52
1	28326133	49.02
1	28364636	49.04
1	28368988	49.06
1	28393510	49.1
1	28471370	49.4
1	28556137	49.45
1	28580978	49.46
1	28862634	49.5
1	28911810	49.52
1	28971842	49.53
1	28975974	49.54
1	29174550	49.56
1	29238349	49.6
1	29396254	49.62
1	29509362	49.64
1	29553406	49.66
1	29681698	49.7
1	29813764	49.71
1	29972406	49.73
1	30065472	49.75
1	30079174	49.77
1	30242054	49.8
1	30519220	49.84
1	30635450	49.85
1	30740548	49.86
1	30749115	49.87
1	30793159	49.91
1	30797905	49.92
1	31046382	50.0
1	31060574	50.02
1	31206991	50.22
1	31242700	50.24
1	31249462	50.25
1	31378500	50.26
1	31440565	50.28
1	31493294	50.3
1	31738852	50.38
1	31743661	50.6
1	31762852	51.2
1	31840739	51.21
1	31940108	51.22
1	31988184	51.22
1	32018654	51.24
1	32050134	51.24
1	32122615	51.25
1	32130567	51.25
1	32167624	51.26
1	32195524	51.28
1	32371188	51.5
1	32498152	51.73
1	32510980	51.75
1	32552192	51.77
1	32633732	51.9
1	32809001	52.12
1	32841526	52.13
1	32862382	52.21
1	32985306	52.61
1	33105795	52.63
1	33114562	52.65
1	33260196	52.68
1	33310876	52.7
1	33400428	52.72
1	33427537	52.74
1	33451089	52.75
1	33463544	52.76
1	33513155	52.77
1	33771922	52.8
1	33853602	52.88
1	33860392	52.9
1	33970655	52.91
1	34135582	52.92
1	34166817	52.93
1	34217635	52.95
1	34277856	52.96
1	34284687	52.97
1	34323551	52.98
1	34337166	52.98
1	34525874	53.0
1	34552166	53.02
1	34588978	53.03
1	34594016	53.04
1	34600979	53.05
1	34744270	53.12
1	34759256	53.16
1	34830794	54.6
1	34873828	54.7
1	34889737	54.75
1	34903824	54.76
1	34978728	54.78
1	35066341	54.8
1	35176922	54.84
1	35405450	54.86
1	35442893	54.92
1	35512824	54.96
1	35688818	55.0
1	35694334	55.02
1	35722784	55.08
1	35879934	55.2
1	35913512	55.22
1	36021951	55.25
1	36145398	55.28
1	36152886	55.3
1	36186176	55.32
1	36357437	55.42
1	36437568	55.76
1	36499362	55.78
1	36744964	55.8
1	36862465	56.0
1	36921138	56.05
1	37055488	56.07
1	37078864	56.08
1	37164358	56.09
1	37257336	56.1
1	37342600	56.13
1	37420801	56.15
1	37499023	56.25
1	37623894	56.25
1	37657903	56.25
1	37765982	56.26
1	37815710	56.27
1	37975670	56.27
1	37983152	56.27
1	38030520	56.28
1	38100744	56.29
1	38170042	56.3
1	38218130	56.31
1	38223179	56.32
1	38256924	56.32
1	38264612	56.32
1	38271024	56.32
1	38312312	56.33
1	38493944	56.35
1	38556708	56.36
1	38562472	56.37
1	38575212	56.38
1	38662922	56.4
1	38736708	56.43
1	38791864	56.46
1	38793697	56.46
1	38815203	56.47
1	38965569	56.5
1	38975136	56.52
1	38982896	56.54
1	38991003	56.58
1	38998128	56.59
1	39040020	56.6
1	39068341	57.0
1	39143756	57.4
1	39254868	57.43
1	39320331	57.45
1	39328650	57.47
1	39535356	57.52
1	39614767	57.52
1	39672272	57.52
1	39677156	57.52
1	39686101	57.52
1	39743404	57.53
1	39822600	57.53
1	39834664	57.53
1	39862990	57.53
1	39966396	57.53
1	40007462	57.54
1	40091756	57.54
1	40142010	57.54
1	40293399	57.54
1	40366608	57.54
1	40465042	57.54
1	40521492	57.54
1	40597177	57.55
1	40738164	57.55
1	40743304	57.59
1	40847760	57.6
1	41029987	57.6
1	41032933	57.61
1	41139208	57.63
1	41146294	57.64
1	41167182	57.66
1	41272674	57.68
1	41300494	57.72
1	41376799	57.76
1	41410910	57.78
1	41421712	57.79
1	41474772	57.8
1	41628472	57.82
1	41697360	57.98
1	41810203	58.0
1	41858584	58.02
1	41968190	59.0
1	42012534	60.0
1	42022619	60.02
1	42031771	60.08
1	42037256	60.1
1	42148310	60.12
1	42335252	60.14
1	42361068	60.16
1	42365700	60.18
1	42707194	61.56
1	42709624	61.58
1	42783719	61.59
1	42907104	61.6
1	42953124	64.1
1	42957336	64.2
1	42967606	64.3
1	42973567	64.32
1	42981116	64.35
1	43066740	64.4
1	43269720	64.44
1	43342184	64.46
1	43350012	64.5
1	43455817	64.67
1	43526287	64.81
1	43529860	64.81
1	43533425	64.82
1	43626395	64.87
1	43634722	64.89
1	43638742	64.9
1	43794164	64.92
1	43869459	65.03
1	43964840	65.05
1	44001474	65.1
1	44150312	65.11
1	44158043	65.12
1	44175086	65.13
1	44181085	65.13
1	44342450	65.15
1	44350525	65.16
1	44599182	65.18
1	44732407	66.3
1	44797999	66.4
1	44898748	66.48
1	44910826	66.5
1	45133042	66.78
1	45161410	66.8
1	45195820	66.82
1	45220152	66.86
1	45307343	66.98
1	45313341	67.0
1	45452221	67.04
1	45468819	67.06
1	45514544	67.19
1	45566004	67.46
1	45567956	67.48
1	45594889	67.5
1	45749260	67.6
1	45759142	67.62
1	45771387	67.64
1	45776938	67.65
1	45782574	67.66
1	45786891	67.66
1	45903876	67.67
1	45961862	67.69
1	45966161	67.7
1	45968644	67.72
1	45977502	67.8
1	46072168	67.84
1	46247280	67.9
1	46290070	67.94
1	46512479	68.0
1	46521260	68.01
1	46570250	68.02
1	46690821	68.42
1	46697841	68.43
1	46962160	68.49
1	46984924	68.5
1	46990812	68.52
1	47122238	69.0
1	47123316	69.0
1	47138754	69.16
1	47275104	69.52
1	47333359	69.58
1	47340852	69.6
1	47421446	69.8
1	47535118	69.83
1	47780780	69.89
1	47834436	69.96
1	47926396	70.0
1	47938530	70.04
1	47951499	70.06
1	47964312	70.08
1	47977316	70.09
1	47989967	70.09
1	48002445	70.1
1	48028912	70.1
1	48370186	70.15
1	48498240	70.2
1	48526427	70.21
1	48612714	70.23
1	48715756	70.25
1	48728834	70.26
1	48831598	70.27
1	48932998	70.3
1	48971418	70.31
1	49034872	70.32
1	49098301	70.33
1	49168692	70.35
1	49254911	70.4
1	49426070	70.42
1	49431346	70.5
1	49465818	70.51
1	49652554	70.55
1	49885822	70.68
1	49943276	70.69
1	49955824	70.7
1	50508362	70.75
1	50573619	70.76
1	50587071	70.78
1	50820734	70.8
1	50921664	71.0
1	50926406	71.1
1	50952782	71.2
1	51181454	71.4
1	51185516	71.48
1	51188158	71.5
1	51217938	71.55
1	51277662	71.88
1	51299058	71.9
1	51437250	72.0
1	51623538	72.61
1	51629208	72.62
1	51769155	72.63
1	51963084	72.65
1	51980265	72.66
1	52044102	72.67
1	52105647	73.0
1	52134794	73.05
1	52208048	73.1
1	52297524	73.12
1	52400668	73.98
1	52490078	74.0
1	52602380	74.2
1	52644400	74.22
1	52649182	74.23
1	52690674	74.23
1	52755380	74.24
1	52768251	74.25
1	52827440	74.3
1	52853596	74.4
1	52912004	74.42
1	52991454	78.0
1	53040132	78.5
1	53208108	78.52
1	53232982	79.0
1	53330052	79.02
1	53480691	79.1
1	53697780	79.3
1	53709985	79.4
1	53911576	79.5
1	54024544	79.54
1	54077227	79.56
1	54200672	79.75
1	54269926	79.77
1	54376528	79.78
1	54487682	79.9
1	54502499	80.0
1	54557576	80.05
1	54625636	80.06
1	54689168	80.1
1	54691994	80.12
1	54914304	80.16
1	55143426	80.19
1	55148389	80.2
1	55158046	80.21
1	55228344	80.23
1	55377678	80.5
1	55487782	80.76
1	55545177	80.78
1	55552389	80.79
1	55555596	80.8
1	55591144	81.0
1	56191148	82.0
1	56282048	82.1
1	56282944	82.13
1	56341226	82.2
1	56347304	82.21
1	56426578	82.22
1	56562434	82.24
1	56679700	82.27
1	56685053	82.28
1	56690947	82.29
1	56695696	82.29
1	56823336	83.0
1	56888112	83.0
1	56890729	83.0
1	56910144	83.01
1	56916602	83.01
1	57022376	83.75
1	57389976	83.9
1	57412178	83.9
1	57447011	83.9
1	57456604	83.9
1	57572386	83.9
1	57599650	83.91
1	57675410	83.91
1	57766508	83.91
1	57839964	83.91
1	57932454	83.91
1	57937356	83.92
1	58148054	83.93
1	58349449	83.94
1	58422175	83.94
1	58425450	83.95
1	58429286	83.95
1	58533750	83.96
1	58636908	83.97
1	58797895	83.98
1	59156967	83.99
1	59333662	84.0
1	59569405	84.08
1	59572887	84.1
1	59611394	84.13
1	59708360	84.15
1	59813031	84.2
1	59906168	84.25
1	60002380	84.26
1	60005239	84.27
1	60118918	84.28
1	60171358	84.3
1	60225346	84.33
1	60230886	84.34
1	60236120	84.34
1	60243908	84.36
1	60292818	84.38
1	60310206	84.39
1	60358554	84.39
1	60365179	84.4
1	60404002	84.4
1	60584633	84.4
1	60831733	85.1
1	60855591	85.12
1	60928858	85.14
1	61027179	85.17
1	61091916	85.17
1	61140765	85.18
1	61152096	85.19
1	61260054	85.21
1	61268188	85.44
1	61389654	85.48
1	61427976	85.49
1	61579308	87.5
1	61750412	87.58
1	61755044	87.58
1	61760810	87.58
1	61801876	87.59
1	61838272	87.6
1	62071465	87.63
1	62085516	87.65
1	62276962	87.66
1	62466667	87.67
1	62482598	87.67
1	62561848	87.68
1	62652698	87.68
1	62658986	87.68
1	62664059	87.69
1	62697538	87.69
1	62803566	87.7
1	62898893	87.71
1	63023092	87.72
1	63060970	87.75
1	63140928	87.77
1	63153882	87.78
1	63174140	87.78
1	63178518	87.78
1	63182403	87.78
1	63356463	87.79
1	63505924	87.79
1	63699072	87.8
1	63716086	87.8
1	63771766	87.81
1	63808584	87.82
1	63841945	87.84
1	63910408	87.86
1	63979652	87.88
1	64025392	87.9
1	64137798	87.95
1	64147706	88.0
1	64180056	88.01
1	64283139	88.01
1	64372060	88.02
1	64572046	88.02
1	64697198	88.02
1	64758208	88.03
1	64809486	88.03
1	64874012	88.03
1	64879649	88.04
1	65030840	88.04
1	65115108	88.04
1	65202382	88.05
1	65251214	88.05
1	65512784	88.05
1	65587252	88.06
1	65645681	88.06
1	65830592	88.06
1	65852840	88.07
1	65895769	88.07
1	65901822	88.07
1	66111668	88.08
1	66125472	88.09
1	66198716	88.09
1	66375906	88.1
1	66493138	88.2
1	66576051	88.3
1	66859752	88.4
1	66870088	88.42
1	67191574	88.6
1	67226868	88.68
1	67234112	88.7
1	67356622	88.8
1	67482856	89.9
1	67510834	89.91
1	67657678	89.91
1	67797766	89.92
1	67813411	89.92
1	67830240	89.92
1	67852120	89.92
1	67935568	89.92
1	67944462	89.93
1	68070392	89.93
1	68073642	89.96
1	68199478	90.0
1	68279994	90.23
1	68433290	90.24
1	68561012	90.24
1	68566194	90.24
1	68693489	90.25
1	68771131	90.25
1	68872450	90.25
1	68885837	90.26
1	68890217	90.26
1	68997221	90.26
1	69009244	90.27
1	69015414	90.27
1	69113622	90.28
1	69329998	90.3
1	69562128	95.5
1	69708930	95.6
1	69766037	95.62
1	69883980	95.7
1	70048871	95.74
1	70087580	95.76
1	70419880	95.78
1	70426729	95.8
1	70696629	95.9
1	70937043	96.0
1	71084492	96.08
1	71095788	96.1
1	71248424	96.13
1	71294619	96.15
1	71561019	96.19
1	71566618	96.2
1	71689200	96.5
1	71864084	96.58
1	72141376	96.8
1	72144028	96.8
1	72162196	96.82
1	72507730	96.84
1	72634518	96.86
1	72708172	96.86
1	72839133	96.89
1	72969592	96.9
1	73235286	97.0
1	73362984	97.02
1	73424032	97.09
1	73512969	97.16
1	73774519	97.18
1	73896012	97.2
1	74023899	97.51
1	74028804	97.52
1	74158592	97.7
1	74337108	97.74
1	74617908	97.95
1	74872876	97.97
1	74888848	97.98
1	74931172	98.01
1	75027690	98.03
1	75030035	98.03
1	75123706	98.04
1	75265084	98.05
1	75283933	98.05
1	75372730	98.05
1	75392224	98.05
1	75423231	98.06
1	75431752	98.06
1	75748834	98.06
1	75801153	98.07
1	75827806	98.08
1	75871198	98.08
1	76074674	98.09
1	76279743	98.1
1	76384142	98.11
1	76612146	98.12
1	77052428	98.13
1	77164551	98.14
1	77322404	98.15
1	77452683	98.2
1	77562454	98.21
1	77597587	98.21
1	77867906	98.22
1	77970893	98.22
1	77984149	98.22
1	78077227	98.23
1	78117740	98.23
1	78122823	98.23
1	78217992	98.23
1	78319123	98.23
1	79116911	98.23
1	79161587	98.24
1	79197770	98.24
1	79388499	98.24
1	79455102	98.24
1	79809740	98.25
1	79873848	98.25
1	79881102	98.25
1	79971979	98.3
1	80067157	98.4
1	80154388	98.45
1	80517996	99.0
1	80525026	99.1
1	80537812	99.12
1	80568099	99.16
1	80665490	99.48
1	80823670	99.5
1	80882948	99.53
1	80898570	99.54
1	81003508	99.55
1	81007021	99.6
1	81013962	99.61
1	81104040	99.62
1	81291562	99.64
1	81425432	99.65
1	81464944	99.66
1	81571224	99.69
1	81663676	99.7
1	81757359	99.79
1	81761866	99.8
1	81901364	99.82
1	82006801	99.84
1	82103084	99.9
1	82236744	99.95
1	82297720	100.0
1	82311091	100.1
1	82345036	100.11
1	82370075	100.11
1	82376524	100.12
1	82383274	100.12
1	82405192	100.13
1	82442412	100.15
1	82588982	100.18
1	82723812	100.2
1	82829571	100.3
1	82838388	100.32
1	82969974	100.33
1	83001658	100.35
1	83213769	100.37
1	83216456	100.38
1	83319317	100.4
1	83403866	101.25
1	83511128	101.25
1	83535297	101.25
1	83762146	101.26
1	84028014	101.27
1	84247859	101.28
1	84276620	101.28
1	84351316	101.29
1	84498915	101.3
1	84646606	101.32
1	84653429	101.33
1	84685606	101.34
1	85182078	101.5
1	85241684	101.58
1	85310304	101.6
1	85314990	101.6
1	85330042	101.61
1	85442082	101.62
1	85532099	101.66
1	85659128	101.69
1	85708268	101.7
1	85817003	101.72
1	85951705	101.8
1	86493874	101.9
1	86666468	102.0
1	86777000	102.1
1	86934710	102.36
1	87024481	102.4
1	87207155	102.5
1	87216660	102.51
1	87385809	102.53
1	87639556	102.56
1	87654203	102.57
1	87990057	102.62
1	88195712	102.64
1	88348452	102.65
1	88547643	102.65
1	88752898	102.66
1	88832414	102.7
1	88937351	102.71
1	89049757	102.73
1	89114834	102.74
1	89121020	102.75
1	89137964	102.75
1	89148072	102.76
1	89504852	102.78
1	89611148	102.8
1	89667815	102.82
1	89987010	102.96
1	90030538	102.96
1	90100024	102.96
1	90133970	102.97
1	90305108	102.97
1	90311582	102.97
1	90581684	102.98
1	91149894	103.0
1	91377306	103.1
1	91382308	103.12
1	91489465	103.15
1	91717724	103.2
1	91944165	103.25
1	92057006	103.3
1	92295426	104.23
1	92353462	104.25
1	92449662	104.27
1	92566347	104.31
1	92661648	104.5
1	92888056	104.98
1	92988754	105.0
1	93478472	106.0
1	93618724	106.03
1	93791020	106.06
1	94081800	106.08
1	94152112	106.1
1	94359648	106.2
1	94788099	106.21
1	94909465	106.22
1	95103488	106.22
1	95698416	106.23
1	95826835	106.24
1	96028962	106.25
1	96169638	106.3
1	96222930	106.32
1	96229478	106.33
1	96239226	106.35
1	96336495	106.4
1	96439185	106.42
1	96459198	106.43
1	96542762	106.43
1	96829973	106.43
1	97452896	106.44
1	97503915	106.44
1	97511888	106.44
1	97632332	106.45
1	97712796	106.46
1	98082496	106.5
1	98536623	106.75
1	98887256	106.77
1	99052748	106.97
1	99056345	106.99
1	99062002	107.0
1	99202138	107.3
1	99501116	107.65
1	99568867	107.67
1	99728525	107.68
1	99765886	107.7
1	99952596	107.71
1	100059898	107.71
1	100184048	107.72
1	100398432	107.73
1	100476964	107.74
1	100562822	107.74
1	100606670	107.75
1	100989340	107.76
1	101153126	107.77
1	101310124	107.77
1	101452326	107.77
1	102058756	107.78
1	102374612	107.8
1	102727634	107.9
1	103210328	107.98
1	103211244	107.99
1	103264192	108.0
1	103508601	108.01
1	103931644	108.03
1	104118988	108.03
1	104264604	108.05
1	104633082	108.08
1	104946307	108.1
1	105023624	108.12
1	105264480	108.2
1	105458708	108.22
1	105461910	108.3
1	105905662	108.32
1	106130545	108.4
1	106173324	108.45
1	106263728	108.5
1	106765064	108.6
1	106845504	108.61
1	107276627	108.62
1	107285568	108.63
1	107366994	108.63
1	107499551	108.68
1	107565052	108.7
1	107674745	108.74
1	107803051	108.78
1	108036560	108.8
1	108129682	108.82
1	108493434	108.87
1	108501546	108.88
1	108551231	108.89
1	108553178	108.89
1	108799280	108.9
1	108824926	108.9
1	108992606	109.0
1	109086186	109.0
1	109093552	109.0
1	109426961	109.0
1	109464959	109.0
1	109748676	109.0
1	109867520	109.0
1	110210871	109.01
1	111256844	109.01
1	111712480	109.02
1	112108961	109.02
1	112253045	109.04
1	112402840	109.06
1	112530827	109.1
1	112608286	109.11
1	112894910	109.12
1	113215020	109.14
1	113621243	109.16
1	114025180	109.22
1	114201604	109.24
1	114250879	109.26
1	114277708	109.28
1	114355885	109.3
1	114413276	109.31
1	114436465	109.31
1	114984263	109.32
1	115181365	109.32
1	115384507	109.32
1	116568306	109.33
1	116838626	109.33
1	117067238	109.33
1	117279588	109.46
1	117308874	109.5
1	117432984	109.52
1	117720406	109.53
1	118175382	109.54
1	118860374	109.56
1	120274156	109.58
1	120807462	109.59
1	121180560	109.6
1	121219799	109.63
1	121467772	109.7
1	121828738	109.72
1	122027396	109.75
1	122091101	109.75
1	122208606	109.75
1	122704692	109.75
1	123405062	109.76
1	123690486	109.76
1	123912976	109.76
1	124030048	109.77
1	124321024	109.77
1	124385924	109.77
1	125221569	109.77
1	125649152	109.77
1	126017091	109.78
1	126362508	109.79
1	126521363	109.79
1	126917096	109.8
1	127130433	109.8
1	127450232	109.8
1	129100336	109.8
1	130239918	109.81
1	131138189	109.81
1	131163285	109.81
1	134351238	109.81
1	134767648	109.81
1	135025014	109.81
1	136405222	109.81
1	139260656	109.81
1	140970428	109.81
1	141370341	109.81
1	141485528	109.81
1	141556130	109.81
1	141686870	109.81
1	141996342	109.81
1	142166650	109.81
1	142197408	109.81
1	143024461	109.81
1	143156238	109.81
1	143348512	109.81
1	143511214	109.81
1	143584007	109.81
1	143802850	109.81
1	143863391	109.81
1	144256704	109.81
1	144451302	109.81
1	144518103	109.81
1	144570864	109.81
1	144606726	109.81
1	144790186	109.82
1	144937286	109.82
1	145038056	109.82
1	145266678	109.82
1	145425980	109.82
1	146797367	109.82
1	147075372	110.0
1	147326973	110.01
1	147512000	110.01
1	148235253	110.01
1	148531482	110.01
1	149991784	110.02
1	150518084	110.03
1	150574071	110.04
1	150691266	110.07
1	150719506	110.08
1	150858098	110.1
1	151128218	110.2
1	151404235	110.3
1	151495214	111.38
1	151576752	111.4
1	151722196	111.42
1	152013070	111.49
1	152016260	111.5
1	152176188	112.0
1	152248792	112.3
1	152368768	112.7
1	152858382	112.9
1	153054834	113.0
1	153299976	113.02
1	153711000	113.04
1	153983258	113.05
1	154444723	113.08
1	154477309	113.1
1	154533680	113.11
1	154700702	113.13
1	154768892	113.14
1	154772424	113.14
1	154802346	113.14
1	155034280	113.14
1	155167086	113.14
1	155554842	113.15
1	155558222	113.15
1	155900060	113.19
1	155954130	113.2
1	156652424	113.26
1	156995818	113.3
1	157397324	113.34
1	157758282	114.0
1	157845600	114.0
1	158006712	114.0
1	158212460	114.2
1	158674566	114.25
1	158757611	115.0
1	158901256	115.03
1	159093258	115.11
1	159346188	115.15
1	159870938	115.18
1	160142704	115.18
1	160186763	115.19
1	160193770	115.19
1	160696168	115.2
1	160708243	115.2
1	160778766	115.3
1	160819319	115.32
1	160871187	115.34
1	162004074	115.4
1	162313820	115.41
1	162372074	115.46
1	162619626	115.5
1	164021530	115.7
1	164296694	115.8
1	165031736	115.89
1	165141911	115.93
1	165221570	115.95
1	165413980	115.97
1	165419186	115.98
1	165503026	116.08
1	165571520	116.1
1	165789842	116.2
1	165901976	116.22
1	165960654	116.24
1	166140982	116.56
1	166286990	116.6
1	166299214	116.7
1	166464310	116.75
1	166618040	116.77
1	167326998	116.8
1	167989514	116.9
1	168257344	117.0
1	168377085	117.02
1	168391284	117.73
1	168442163	117.93
1	168514207	117.95
1	168525696	117.96
1	168956464	118.0
1	168975332	118.2
1	169118224	118.4
1	169300578	118.42
1	169304339	118.43
1	169898392	118.44
1	169976736	118.44
1	170615422	118.45
1	170669335	118.45
1	170703745	118.45
1	170709860	118.46
1	170763618	118.46
1	170829832	118.47
1	170852438	118.47
1	170860606	118.47
1	170917997	118.47
1	170954830	118.5
1	171133366	118.6
1	171252346	118.88
1	171446150	118.92
1	171540862	118.94
1	171824388	118.98
1	171854392	119.0
1	172383840	120.5
1	172398494	121.0
1	172662506	121.04
1	173778061	121.11
1	174240266	121.14
1	174526522	121.18
1	174586456	121.19
1	174626654	121.2
1	174735150	121.23
1	174782502	121.25
1	174879336	121.27
1	174894422	121.3
1	175111672	121.38
1	175289377	121.39
1	175329190	121.4
1	175551046	121.4
1	175594994	121.4
1	175815838	121.4
1	176071462	121.41
1	176177149	121.43
1	176181764	121.43
1	176245854	121.44
1	176262842	121.44
1	176876305	121.45
1	176884026	121.45
1	176945176	121.46
1	176967332	121.46
1	177007123	121.47
1	177284496	121.48
1	177291924	121.48
1	177299928	121.48
1	177305826	121.48
1	177398378	121.49
1	177507848	121.5
1	177941480	121.52
1	178103224	121.98
1	178115298	122.0
1	178123512	122.02
1	178143295	122.28
1	178327310	122.3
1	178336233	122.32
1	178398074	122.34
1	178430698	122.4
1	178488514	122.44
1	178639970	122.7
1	178750782	122.72
1	178761540	122.9
1	179006824	123.0
1	179122334	123.48
1	179294502	123.5
1	179366754	123.52
1	179369232	123.54
1	179373232	124.0
1	179714765	124.15
1	179959571	124.4
1	180039094	124.44
1	180114122	124.5
1	180119705	124.51
1	180157203	124.52
1	180480978	124.53
1	180486215	124.54
1	180584212	124.55
1	180909986	124.6
1	180914162	124.62
1	181031919	124.86
1	181104519	124.88
1	181109212	124.9
1	181116367	125.0
1	181121596	125.01
1	181709452	125.4
1	181883610	125.7
1	181927167	125.77
1	181997522	125.81
1	182075955	125.83
1	182316604	125.85
1	182402888	125.88
1	182479751	125.89
1	182510572	125.9
1	182521871	125.95
1	182556886	126.0
1	182852210	126.06
1	183421584	126.4
1	183425330	126.5
1	183675990	126.6
1	183686384	126.61
1	183730168	126.62
1	183809157	126.62
1	183814146	126.62
1	183935078	126.65
1	183973134	126.68
1	184009846	126.72
1	184068332	126.74
1	184077643	126.79
1	184079394	126.8
1	184103046	127.0
1	184218316	127.0
1	184392532	127.01
1	184433639	127.01
1	184480310	127.02
1	184484882	127.06
1	184587062	127.1
1	184678681	127.21
1	184695006	127.23
1	184758054	127.25
1	184763462	127.5
1	184803449	127.7
1	184815673	127.72
1	184905108	127.9
1	184920598	127.95
1	185032704	128.0
1	185335176	128.25
1	185553836	128.27
1	185947278	128.3
1	186173582	128.46
1	186175646	128.47
1	186290940	128.51
1	186294658	128.52
1	186344146	128.53
1	186351890	128.58
1	186421508	128.6
1	186459834	128.64
1	186490962	128.65
1	186608176	128.67
1	186611770	128.68
1	186694785	129.1
1	186703123	129.12
1	186878925	129.2
1	186915631	129.22
1	186920852	129.25
1	186960098	129.25
1	187078039	129.33
1	187182754	129.47
1	187386620	129.49
1	187395239	129.5
1	187536860	129.52
1	187538812	129.53
1	187595916	129.55
1	187707734	129.6
1	187885767	129.73
1	187890554	129.98
1	187894350	130.0
1	187896148	130.0
1	187917934	130.08
1	187924330	130.1
1	187928852	130.2
1	187957374	130.22
1	187963348	130.24
1	188006850	130.46
1	188098192	130.5
1	188103504	130.52
1	188113898	130.55
1	188241894	130.6
1	188404580	130.7
1	188448733	130.72
1	188760419	130.83
1	188863011	131.6
1	188999687	131.65
1	189053923	131.72
1	189072942	131.74
1	189274663	131.75
1	189467825	131.78
1	189543195	131.79
1	189636464	131.8
1	189644834	131.84
1	189733011	131.86
1	189910920	131.9
1	189943573	131.96
1	190816967	132.01
1	190860272	132.02
1	191199670	132.06
1	191199828	132.06
1	191253120	132.06
1	191257414	132.06
1	191290594	132.1
1	191317168	132.13
1	191344068	132.14
1	191357955	132.16
1	191439150	132.17
1	191511220	132.18
1	191512566	132.2
1	191575026	132.24
1	191583222	132.25
1	191590912	132.25
1	191778061	132.6
1	191808346	132.65
1	191856482	132.68
1	191859664	133.0
1	191863592	133.04
1	191872448	133.06
1	192079780	133.3
1	192176379	133.49
1	192180033	133.5
1	192215876	133.78
1	192232516	133.8
1	192273928	133.9
1	192286596	133.92
1	192317604	133.95
1	192370390	133.99
1	192383548	134.0
1	192550380	134.4
1	192650368	134.5
1	192976078	135.0
1	193062094	135.04
1	193112528	135.1
1	193198960	135.16
1	193295169	135.18
1	193301744	135.2
1	193359261	135.24
1	193403324	135.27
1	193547601	135.33
1	193551974	135.35
1	193612729	135.4
1	193616348	135.45
1	193671648	135.5
1	193782070	136.0
1	193790558	136.05
1	193834280	136.06
1	193922122	136.06
1	193998784	136.07
1	194015640	136.08
1	194056354	136.09
1	194117277	136.18
1	194146151	136.2
1	194295762	136.5
1	194470392	136.7
1	194608266	136.96
1	194740388	137.0
1	194786143	137.02
1	194884989	137.04
1	194940042	137.05
1	194952222	137.06
1	194980333	137.08
1	195239250	137.09
1	195303246	137.09
1	195331290	137.1
1	195440036	137.12
1	195681323	137.5
1	195685844	137.52
1	195745606	137.7
1	195767562	137.8
1	195820854	137.85
1	195825280	137.9
1	195840913	137.95
1	195859888	138.0
1	195911190	138.2
1	196090035	138.34
1	196102127	138.38
1	196107265	138.4
1	196249201	139.0
1	196321542	139.0
1	196350397	139.0
1	196538518	139.05
1	196587226	139.08
1	196670128	139.1
1	196745925	139.18
1	196759817	139.2
1	197073100	139.3
1	197273354	139.34
1	197373317	139.36
1	197380058	139.37
1	197504450	139.42
1	197590284	139.43
1	197594786	139.44
1	197601270	139.45
1	197658240	139.5
1	197792522	139.55
1	197821612	139.57
1	197848362	139.6
1	197928664	139.65
1	198132518	139.7
1	198206900	139.73
1	198215058	139.75
1	198357001	139.76
1	198560134	139.83
1	198789630	139.9
1	198847259	140.0
1	198869824	140.04
1	198915710	140.9
1	198926418	140.91
1	199014338	140.97
1	199017866	140.98
1	199032153	141.0
1	199074299	143.4
1	199076514	143.5
1	199080750	143.6
1	199104602	143.64
1	199277438	143.68
1	199319940	143.7
1	199361573	143.8
1	199464118	143.9
1	199514416	143.98
1	199663389	146.9
1	199734594	147.0
1	199811889	147.04
1	199886397	147.05
1	200046628	147.2
1	200082392	147.4
1	200092005	147.5
1	200106680	147.68
1	200200171	147.7
1	200210272	147.72
1	200238571	147.8
1	200369728	147.9
1	200449523	148.0
1	200529492	148.05
1	200566231	148.09
1	200572609	148.1
1	200584809	148.12
1	200624326	148.17
1	200664015	148.19
1	200691287	148.2
1	200763367	148.24
1	200886640	148.28
1	200932663	148.3
1	200939998	148.31
1	200991718	148.32
1	201044700	148.32
1	201127943	148.34
1	201166358	148.35
1	201331319	148.37
1	201419247	148.4
1	201437051	148.5
1	201546620	149.0
1	201603204	149.38
1	201611241	149.4
1	201615164	149.42
1	201722496	149.45
1	201808712	149.47
1	201919699	149.55
1	201947237	149.56
1	202092724	149.6
1	202155087	149.62
1	202198629	150.0
1	202207910	150.04
1	202317928	150.06
1	202469080	150.08
1	202542794	150.7
1	202571293	150.95
1	202582245	151.2
1	202632887	151.3
1	202840483	151.34
1	203003314	151.5
1	203091430	151.7
1	203210002	151.83
1	203410913	151.87
1	203416584	151.88
1	203473844	151.9
1	203622577	151.92
1	203689612	151.95
1	203759479	152.8
1	203838576	153.0
1	203983202	153.4
1	203992674	153.8
1	204063109	153.88
1	204067348	153.9
1	204104612	154.0
1	204186166	154.06
1	204220030	154.08
1	204249422	154.1
1	204347570	154.12
1	204354802	154.14
1	204443716	154.2
1	204521958	154.24
1	204557730	154.26
1	204577032	154.28
1	204777790	154.34
1	204864268	154.4
1	204872372	154.44
1	204888654	154.46
1	205001098	154.57
1	205011932	154.59
1	205101444	154.63
1	205233350	154.7
1	205575529	154.74
1	205859880	155.46
1	205869102	155.48
1	205873142	155.5
1	206011438	155.52
1	206018919	155.56
1	206025748	156.0
1	206117801	156.4
1	206120048	156.42
1	206227402	156.56
1	206314756	156.58
1	206337609	156.6
1	206548076	156.64
1	206557048	156.66
1	206620405	156.68
1	206630610	157.65
1	206805149	157.67
1	206929596	158.0
1	207079242	158.84
1	207088460	158.86
1	207170186	158.94
1	207273552	158.96
1	207281172	158.98
1	207456694	159.0
1	207532534	159.02
1	207646862	159.04
1	207744352	160.0
1	207810634	160.58
1	207966946	160.78
1	207973434	160.8
1	208078170	160.88
1	208202014	160.9
1	208223974	160.94
1	208285171	161.0
1	208351860	161.25
1	208458140	161.27
1	208523601	161.29
1	208541328	161.31
1	208563246	161.4
1	208668118	161.5
1	208733240	161.52
1	208736158	161.54
1	208751104	161.6
1	208801588	161.61
1	208895108	161.61
1	208920296	161.62
1	209096854	161.63
1	209100594	161.63
1	209295100	161.67
1	209334322	161.7
1	209342304	161.72
1	209407683	161.8
1	209455934	161.82
1	209511568	161.85
1	209516546	161.86
1	209608728	161.87
1	209670738	161.88
1	209736784	161.9
1	209759869	161.95
1	209815718	162.2
1	209821040	162.24
1	209854847	162.3
1	209878746	162.32
1	210022970	162.33
1	210045034	162.34
1	210056704	162.36
1	210145374	162.37
1	210161459	162.37
1	210193004	162.37
1	210203930	162.37
1	210315208	162.38
1	210471857	162.4
1	210761230	162.6
1	210798598	162.65
1	210839728	162.7
1	210907705	162.78
1	210911314	162.8
1	210981252	162.9
1	211104410	163.0
1	211153624	163.1
1	211198329	163.11
1	211213077	163.12
1	211335834	163.12
1	211389234	163.26
1	211436967	163.3
1	211535599	163.35
1	211581132	163.35
1	211684372	163.36
1	211759254	163.37
1	211763190	163.37
1	211799984	163.38
1	211808865	163.38
1	211903282	163.42
1	211952186	163.44
1	212021268	164.0
1	212160182	164.18
1	212262614	164.24
1	212365364	164.3
1	212525276	164.35
1	212553514	164.37
1	212565234	164.5
1	212638768	164.51
1	212928721	164.55
1	213005368	164.6
1	213045263	164.61
1	213062316	164.62
1	213202458	164.65
1	213512537	164.66
1	213552782	164.66
1	213601928	164.66
1	213747650	164.66
1	213907314	164.66
1	213913754	164.66
1	214009574	164.67
1	214043007	164.67
1	214051282	164.67
1	214117184	164.67
1	214167810	164.67
1	214354828	164.68
1	214403086	164.68
1	214613342	164.68
1	214633525	164.68
1	214916747	164.69
1	214919693	164.69
1	214927914	164.69
1	215035208	164.69
1	215041351	164.69
1	215218502	164.7
1	215280600	164.7
1	215300094	164.7
1	215409754	164.7
1	215459865	164.7
1	215480615	164.7
1	215549044	164.71
1	215594371	164.71
1	215668391	164.72
1	215674728	164.72
1	216087692	164.73
1	216096936	164.73
1	216149393	164.73
1	216156800	164.74
1	216263472	164.75
1	216346240	164.77
1	216361689	164.79
1	216443718	164.8
1	216447608	164.8
1	216492786	165.4
1	216500440	165.5
1	216754650	166.0
1	216883077	166.4
1	216890969	166.42
1	217182710	166.6
1	217324052	166.94
1	217368682	167.0
1	217467644	167.48
1	217667733	167.5
1	217728046	167.51
1	217780512	167.53
1	217782693	167.54
1	217815625	167.55
1	217934006	167.55
1	217939122	167.55
1	217941768	167.57
1	218053218	167.58
1	218414954	167.6
1	218541956	167.73
1	218547797	167.75
1	218783748	167.8
1	218913336	167.85
1	218921078	167.87
1	218995516	167.95
1	219034786	168.0
1	219083036	168.1
1	219195329	168.2
1	219314454	168.26
1	219347001	168.28
1	219548327	168.3
1	219563962	168.32
1	219729684	168.4
1	219774788	168.5
1	219786232	168.52
1	219811838	168.54
1	220089101	168.8
1	220205840	168.9
1	220216234	168.92
1	220318386	168.94
1	220497814	169.1
1	220652332	169.12
1	220934332	170.1
1	221044563	170.2
1	221188552	170.22
1	221329254	170.5
1	221365430	170.52
1	221468700	171.0
1	221473224	171.02
1	221530448	171.04
1	221560096	171.06
1	221571861	171.1
1	221580346	171.12
1	221654912	171.2
1	221827614	171.3
1	222075346	171.4
1	222106318	171.42
1	222168381	171.48
1	222174216	171.5
1	222215024	171.52
1	222346510	171.7
1	222422134	171.75
1	222481902	172.0
1	222563444	172.02
1	222677300	172.2
1	222788908	172.22
1	222829350	172.24
1	223002600	172.5
1	223100801	172.52
1	223188327	172.55
1	223321544	172.57
1	223523376	172.6
1	223581570	172.61
1	223633482	172.61
1	223715553	172.62
1	223793302	172.62
1	223954258	172.63
1	224263301	172.64
1	224272998	172.65
1	224373741	172.71
1	224465303	172.72
1	224470280	172.73
1	224666479	172.78
1	224704146	172.8
1	224906557	172.9
1	224957530	172.91
1	224998264	172.93
1	225018920	172.94
1	225110178	172.98
1	225229414	173.0
1	225274424	173.0
1	225408408	173.01
1	225418950	173.01
1	225497662	173.01
1	225640194	173.02
1	225692776	173.03
1	225743058	173.04
1	225783875	173.05
1	225828022	173.05
1	225918636	173.06
1	226123577	173.06
1	226174644	173.06
1	226239132	173.07
1	226355280	173.07
1	226424578	173.08
1	226511836	173.08
1	226578946	173.1
1	226684906	173.3
1	226730529	173.31
1	227210516	173.32
1	227214164	173.33
1	227414892	173.36
1	227434930	173.38
1	227504152	173.39
1	227583092	173.39
1	227685886	173.4
1	227734488	173.41
1	227829939	173.44
1	227834618	173.45
1	227877962	173.48
1	227887650	173.5
1	227911828	173.98
1	228004350	174.0
1	228072546	175.0
1	228121442	175.01
1	228227790	175.02
1	228277075	175.03
1	228327260	175.04
1	228335100	175.04
1	228475274	175.06
1	228494340	175.07
1	228598918	175.09
1	228617076	175.1
1	228643072	175.11
1	228780598	175.12
1	229067429	175.13
1	229194680	175.2
1	229297724	175.64
1	229338890	175.66
1	229342763	175.68
1	229360680	175.7
1	229456492	175.86
1	229491410	175.88
1	229559194	175.9
1	229591883	176.5
1	229613246	176.6
1	229766864	176.62
1	229782322	177.88
1	229899906	177.9
1	229945959	177.94
1	229973074	177.98
1	230052786	178.3
1	230314032	178.4
1	230348590	178.5
1	230460929	178.54
1	230591808	178.58
1	230667241	178.6
1	230687172	178.8
1	230825343	178.82
1	230911636	178.82
1	230927680	178.82
1	231047856	178.83
1	231057266	178.83
1	231059884	178.84
1	231143838	178.84
1	231228388	178.86
1	231418794	178.89
1	231426096	178.9
1	231486396	178.92
1	231545466	178.95
1	231720218	178.98
1	231723609	178.99
1	231746895	179.0
1	231757650	179.02
1	231775315	179.04
1	231818587	179.08
1	231902286	179.12
1	231948480	179.38
1	232046082	179.44
1	232052065	179.45
1	232112486	179.5
1	232118722	179.52
1	232150614	179.54
1	232284748	179.61
1	232293052	179.63
1	232349467	179.64
1	232353926	179.65
1	232471856	179.66
1	232574188	179.67
1	232632310	179.68
1	232763299	179.69
1	232774372	179.69
1	232871092	179.7
1	232889254	179.72
1	232949922	179.8
1	233014506	179.86
1	233042321	179.9
1	233092200	179.91
1	233100658	179.92
1	233252820	179.94
1	233291840	180.0
1	233344827	180.0
1	233448720	180.01
1	233522271	180.02
1	233535656	180.04
1	233568196	180.05
1	233710123	180.06
1	233754720	180.07
1	233825226	180.6
1	233908929	180.63
1	234065864	180.64
1	234071468	180.65
1	234075864	180.65
1	234150108	180.7
1	234173590	180.71
1	234273206	180.72
1	234435691	180.76
1	234635348	180.8
1	234742667	180.86
1	234754004	180.88
1	234825538	181.0
1	235126246	181.06
1	235190399	181.1
1	235231168	181.12
1	235268228	181.2
1	235270683	181.21
1	235368629	181.28
1	235406560	181.3
1	235473174	181.4
1	235561038	181.48
1	235562152	181.5
1	235670406	181.53
1	235778120	181.6
1	235831380	181.62
1	235839182	181.64
1	235859976	181.68
1	235869080	181.7
1	236024480	183.88
1	236192960	183.9
1	236389745	184.0
1	236553658	184.8
1	236559653	185.0
1	236596442	185.01
1	236630521	185.04
1	236964736	185.08
1	237026100	186.15
1	237104234	186.16
1	237210902	186.18
1	237421262	186.4
1	237438034	186.5
1	237757006	186.54
1	237764044	186.98
1	237877487	187.0
1	238101986	187.4
1	238213814	187.46
1	238350704	187.6
1	238444654	187.7
1	238612400	188.0
1	238690796	188.04
1	238928398	188.5
1	238994810	188.7
1	239098968	189.1
1	239104578	189.12
1	239149919	189.13
1	239158952	189.13
1	239269472	189.16
1	239541410	189.2
1	239607716	189.21
1	239610810	189.22
1	239723908	189.23
1	239777760	189.23
1	239977022	189.25
1	239982600	189.26
1	240033476	189.44
1	240136064	189.5
1	240225448	189.52
1	240251714	189.6
1	240285234	189.62
1	240291910	190.0
1	240310953	190.02
1	240418146	190.3
1	240706933	190.4
1	240992418	190.6
1	241031742	190.81
1	241117466	190.84
1	241210256	191.15
1	241247136	191.26
1	241255129	191.3
1	241258101	191.3
1	241264279	191.4
1	241303106	191.42
1	241350516	192.56
1	241460638	192.6
1	241462825	192.62
1	241536744	192.63
1	241650421	192.67
1	241687250	192.69
1	241711274	192.7
1	241974272	192.94
1	242289712	193.0
1	242319446	193.04
1	242409955	193.06
1	242520614	193.5
1	242651475	193.54
1	242932862	193.58
1	242949329	193.59
1	242985960	193.6
1	242994636	193.61
1	243129172	193.63
1	243270520	193.65
1	243390871	193.7
1	243449432	193.76
1	243530979	193.83
1	243564573	193.84
1	243574124	193.9
1	243851156	193.98
1	243950835	194.0
1	244048096	194.1
1	244085682	194.12
1	244190206	194.28
1	244238542	194.3
1	244446234	194.5
1	244450674	194.52
1	244455612	194.54
1	244704736	194.6
1	244749548	194.65
1	244751327	194.7
1	244842354	194.71
1	245074530	194.75
1	245085893	194.77
1	245165590	194.78
1	245249590	194.8
1	245256356	194.9
1	245465582	194.97
1	245578004	195.0
1	245659879	195.1
1	245696950	195.12
1	245928909	195.15
1	246133856	195.2
1	246245758	195.3
1	246315771	195.31
1	246378368	195.33
1	246419294	195.35
1	246429508	195.38
1	246448184	195.4
1	246527584	195.6
1	246581914	195.65
1	246652335	195.8
1	246766086	195.82
1	246899882	196.33
1	246924976	196.35
1	246974333	196.36
1	247032902	196.38
1	247050648	196.4
1	247079970	196.42
1	247089942	196.48
1	247150934	196.5
1	247183772	197.0
1	247197818	197.02
1	247473280	197.12
1	247799643	198.27
1	247825774	198.29
1	247883600	198.33
1	247898728	198.35
1	248069805	198.37
1	248109874	198.4
1	248392804	198.5
1	248600296	198.54
1	248713429	198.66
1	248820708	198.68
1	248828524	198.7
1	248908974	198.8
1	249107602	198.86
1	249357746	199.0
1	249483854	199.02
1	249521341	199.04
1	250250572	199.2
1	250314720	199.24
1	250454928	199.3
1	250484527	199.38
1	250496752	199.4
1	250546044	199.48
1	250553144	199.5
1	250771882	199.7
1	250779216	199.72
1	250823640	199.78
1	250828964	199.8
1	250926856	199.84
1	251124848	199.98
1	251159944	200.0
1	251232488	200.03
1	251335436	200.08
1	251366992	200.1
1	251407112	200.13
1	251428367	200.15
1	251520395	200.17
1	251612306	200.18
1	251679751	200.19
1	251909422	200.2
1	252003507	200.2
1	252057428	200.21
1	252114447	200.22
1	252121275	200.22
1	252128790	200.22
1	252135986	200.23
1	252196226	200.24
1	252198512	200.24
1	252313198	200.25
1	252336594	200.25
1	252358112	200.26
1	252368472	200.26
1	252453212	200.26
1	252458362	200.26
1	252464376	200.26
1	252775174	200.46
1	253071038	200.58
1	253091514	200.62
1	253179557	200.66
1	253506118	200.96
1	253641580	201.0
1	253715934	201.31
1	253803444	201.33
1	253819728	201.4
1	253910390	201.5
1	253987666	201.52
1	254169118	201.56
1	254173976	201.6
1	254185227	201.62
1	254198762	201.65
1	254205428	201.67
1	254315552	201.7
1	254434088	201.72
1	254504348	201.73
1	254589030	201.73
1	254612114	201.73
1	254681222	201.75
1	254728748	201.75
1	254735222	201.76
1	254745374	201.76
1	254845293	201.76
1	254853586	201.77
1	254859600	201.77
1	255225764	202.4
1	255234163	202.45
1	255331540	202.5
1	255335696	202.6
1	255338711	202.62
1	255347450	202.7
1	255415582	202.71
1	255420866	202.71
1	255453106	202.71
1	255492286	202.71
1	255493668	202.72
1	255508652	202.73
1	255621246	202.74
1	255822147	202.78
1	256220526	203.06
1	256230184	203.07
1	256233981	203.07
1	256246990	203.08
1	256250292	203.08
1	256349488	203.09
1	256455960	203.1
1	256473204	203.2
1	256484269	203.22
1	256590376	203.28
1	256717119	203.3
1	257036118	204.38
1	257065326	204.4
1	257214944	204.41
1	257250468	204.41
1	257266916	204.42
1	257311160	204.42
1	257316338	204.42
1	257321634	204.42
1	257331898	204.43
1	257337420	204.43
1	257555712	204.44
1	257610444	204.45
1	257796457	204.48
1	257910378	204.49
1	258039076	204.49
1	258148820	204.5
1	258323442	204.7
1	258433266	204.9
1	258510368	205.0
1	258565552	205.05
1	258572792	205.1
1	259003046	205.2
1	259132482	205.28
1	259228112	205.3
1	259311268	205.31
1	259336733	205.31
1	259623936	205.32
1	259638332	205.32
1	259739902	205.32
1	259744934	205.32
1	259771900	205.32
1	259783677	205.32
1	259850583	205.32
1	259962041	205.33
1	259966700	205.34
1	260068721	205.39
1	260105064	205.4
1	260175532	205.42
1	260224250	205.58
1	260245197	205.59
1	260249014	205.6
1	260351342	206.0
1	260526002	206.01
1	260549820	206.02
1	260700708	206.04
1	260845108	206.05
1	260877324	206.1
1	260885072	206.2
1	260940968	206.22
1	261000792	206.3
1	261028862	206.32
1	261091266	206.34
1	261128804	206.36
1	261176338	206.37
1	261289311	206.38
1	261293960	206.39
1	261389861	206.42
1	261455972	206.44
1	261462380	206.45
1	261542855	206.7
1	261614390	206.8
1	261724859	206.9
1	261784158	206.98
1	261791168	207.0
1	261883961	207.04
1	262007738	207.5
1	262076940	207.56
1	262174218	207.6
1	262293722	207.61
1	262303260	207.62
1	262332818	207.63
1	262495389	207.67
1	262595636	207.71
1	262809141	208.1
1	262827952	208.14
1	262907303	208.2
1	262964305	208.21
1	262997138	208.22
1	263005216	208.23
1	263033194	208.24
1	263091264	208.26
1	263190800	208.27
1	263225546	208.28
1	263319718	208.3
1	263402258	208.32
1	263480199	208.34
1	263655468	208.37
1	263732080	208.42
1	263755252	208.44
1	263864624	208.5
1	263999866	208.6
1	264031031	208.7
1	264090670	208.74
1	264176568	208.75
1	264280570	208.77
1	264335362	208.8
1	264356358	209.0
1	264505219	209.06
1	264509768	209.08
1	264535137	209.5
1	264598979	209.6
1	264653950	209.66
1	264887776	209.8
1	264904222	209.83
1	264912663	209.85
1	264924992	210.58
1	264982686	210.59
1	264987990	210.59
1	265078118	210.6
1	265180981	211.53
1	265198041	211.55
1	265219849	211.55
1	265323044	211.55
1	265327207	211.56
1	265332112	211.56
1	265334903	211.57
1	265400618	211.58
1	265407475	211.58
1	265410219	211.58
1	265447986	211.59
1	265481282	211.59
1	265485336	211.6
1	265540070	211.63
1	265710066	211.67
1	265714286	211.68
1	265740151	211.7
1	265744792	211.71
1	265804944	211.77
1	265841686	211.83
1	265845560	211.84
1	265912740	211.85
1	266071455	211.86
1	266087442	211.86
1	266255825	211.87
1	266318510	211.88
1	266322304	211.9
1	266365872	211.91
1	266490222	211.95
1	266551167	211.97
1	266557095	211.99
1	266728511	212.0
1	267073772	212.1
1	267108720	212.11
1	267138202	212.12
1	267321874	212.16
1	267364601	212.2
1	267409518	212.22
1	267599932	212.3
1	267641322	212.32
1	267658804	212.34
1	267793254	212.36
1	268110116	212.88
1	268188162	212.9
1	268271614	213.0
1	268388142	213.2
1	268390826	213.2
1	268604062	213.4
1	268794044	213.8
1	268823756	213.85
1	268832476	213.9
1	268857134	213.92
1	268880948	213.94
1	268945799	213.96
1	268961070	213.97
1	269046336	213.98
1	269121422	213.99
1	269163516	213.99
1	269202490	214.0
1	269273186	214.5
1	269383257	215.0
1	269476680	215.5
1	269553792	215.53
1	269602077	215.55
1	269699905	216.0
1	269781041	216.05
1	269793716	216.06
1	269799951	216.07
1	269845181	216.08
1	269849989	216.09
1	269853064	216.09
1	269869152	216.1
1	270033774	216.12
1	270088894	216.2
1	270220372	216.25
1	270273307	216.25
1	270353472	216.27
1	270363156	216.27
1	270372995	216.27
1	270579476	216.28
1	270662068	216.28
1	270782898	216.28
1	270786725	216.28
1	270790753	216.28
1	270794410	216.28
1	270827536	216.28
1	270841554	216.28
1	270894118	216.28
1	271092412	216.29
1	271101438	216.29
1	271117024	216.29
1	271174888	216.3
1	271213790	216.31
1	271306634	216.32
1	271337450	216.35
1	271394239	216.37
1	271448022	216.38
1	271455489	216.39
1	271463396	216.39
1	271546980	216.4
1	271564652	216.41
1	271609743	216.45
1	271759247	216.49
1	271765240	216.5
1	271768350	216.52
1	271896940	216.54
1	272034878	217.06
1	272169648	217.08
1	272331606	220.68
1	272500342	220.72
1	272635575	220.74
1	272696458	220.76
1	272754713	220.78
1	272768974	220.8
1	272908710	220.82
1	273066500	220.83
1	273093429	220.83
1	273203405	220.84
1	273337238	220.86
1	273486342	220.9
1	273523786	220.95
1	273585290	221.0
1	273594406	221.1
1	273599093	221.11
1	273720894	221.53
1	273727057	221.54
1	273902322	221.58
1	273909613	221.59
1	273969482	221.6
1	273996340	221.6
1	274116026	221.6
1	274139251	221.61
1	274141799	221.61
1	274144929	221.62
1	274152672	221.66
1	274192420	221.68
1	274371537	221.72
1	274396520	221.73
1	274447308	221.73
1	274456995	221.75
1	274479000	221.8
1	274484236	221.85
1	274496072	221.86
1	274553268	221.86
1	274683343	221.87
1	274691714	221.87
1	274695733	221.88
1	274779238	221.89
1	274858287	221.95
1	274878992	221.99
1	275073698	222.07
1	275240536	222.44
1	275385945	222.48
1	275434678	222.49
1	275450722	222.49
1	275532066	222.49
1	275576512	222.49
1	275606362	222.49
1	275612313	222.49
1	275619168	222.5
1	275819503	222.5
1	275835132	222.5
1	275857942	222.5
1	275888934	222.5
1	276012882	222.5
1	276170672	222.5
1	276447568	222.51
1	276493699	222.51
1	276575616	222.51
1	276585891	222.51
1	276657152	222.52
1	276790278	222.53
1	276928507	222.54
1	276961350	222.55
1	277029479	222.55
1	277130390	222.57
1	277187854	222.6
1	277195056	222.61
1	277233316	222.61
1	277376652	222.7
1	277452791	222.73
1	277471577	222.8
1	277519974	222.86
1	277611332	222.93
1	277625448	222.97
1	277685680	223.0
1	277814482	223.05
1	277827592	223.07
1	277845208	223.5
1	278123198	224.0
1	278288648	224.5
1	278574881	224.55
1	278581685	224.57
1	278748782	224.57
1	278756295	224.57
1	278792802	224.57
1	278826606	224.58
1	278900888	224.58
1	278983893	224.58
1	278989126	224.58
1	279109918	224.59
1	279215488	224.59
1	279354935	224.6
1	279390445	224.6
1	279395207	224.6
1	279398944	224.6
1	279407396	224.6
1	279497024	224.6
1	279593834	224.65
1	279655950	224.66
1	279868121	224.67
1	279905690	224.68
1	280061068	224.8
1	280175752	224.87
1	280279862	224.9
1	280300328	224.94
1	280384110	225.2
1	280476030	225.5
1	280492432	225.5
1	280508128	225.5
1	280592190	225.53
1	280669350	225.6
1	280673847	225.75
1	280861774	225.77
1	280895584	225.78
1	280900070	225.79
1	281045744	225.83
1	281052424	225.84
1	281119660	225.9
1	281125548	225.92
1	281141348	225.97
1	281156368	226.0
1	281335234	226.77
1	281345234	226.81
1	281349980	227.98
1	281359507	228.0
1	281519874	228.1
1	281584407	228.15
1	281621788	228.2
1	281642241	228.27
1	281665838	228.3
1	281682582	228.32
1	281718678	228.39
1	281721915	228.4
1	281725768	228.42
1	281777201	228.44
1	281861746	228.6
1	281895172	228.62
1	282025896	228.8
1	282029470	228.9
1	282111198	230.0
1	282219536	230.02
1	282286393	230.06
1	282295800	230.08
1	282331722	230.5
1	282348100	230.55
1	282429332	230.7
1	282510559	230.96
1	282541883	230.98
1	282636754	231.0
1	282731138	232.98
1	282767252	233.0
1	282773528	233.02
1	282863307	233.3
1	282906321	233.34
1	282961856	233.6
1	282980212	233.62
1	283000652	233.63
1	283083716	233.68
1	283088773	233.7
1	283187139	233.72
1	283194352	233.8
1	283330635	233.9
1	283341702	233.94
1	283348430	234.0
1	283354644	234.0
1	283470483	234.0
1	283475909	234.0
1	283679418	234.0
1	283689576	234.0
1	283694860	234.0
1	283864380	234.0
1	284021658	234.08
1	284105924	234.1
1	284111032	234.2
1	284217585	234.4
1	284307122	234.45
1	284316396	234.5
1	284367898	234.52
1	284462110	234.6
1	284566270	234.7
1	284572046	234.72
1	284756164	234.75
1	284765734	234.76
1	284775898	234.78
1	284780703	234.79
1	284861848	234.8
1	284895049	234.82
1	284924776	234.84
1	284994154	234.86
1	285091767	234.93
1	285123652	234.94
1	285252786	234.96
1	285337258	235.0
1	285340274	235.0
1	285381656	235.7
1	285401543	235.72
1	285453030	235.74
1	285581959	235.8
1	285646159	235.9
1	285653805	236.0
1	285675800	236.02
1	285747702	236.06
1	285815626	236.08
1	285865364	236.56
1	285922312	236.58
1	285930432	236.6
1	286129714	236.64
1	286229541	236.69
1	286235940	237.0
1	286290698	237.02
1	286373981	237.28
1	286381448	237.3
1	286548062	237.42
1	286557413	237.44
1	286697207	237.5
1	286711994	237.58
1	286720934	237.58
1	286896930	237.59
1	287007543	237.59
1	287023668	237.59
1	287109098	237.6
1	287158467	237.62
1	287303988	237.63
1	287395733	237.65
1	287503228	237.73
1	287555457	237.75
1	287634830	237.8
1	287644428	237.82
1	287765905	237.85
1	287769700	237.87
1	287897466	237.9
1	287953540	237.92
1	287957186	237.93
1	287997051	237.95
1	288113268	238.0
1	288415702	238.2
1	288427632	238.22
1	288507970	238.26
1	288546964	238.3
1	288579350	238.34
1	288664826	238.36
1	288685819	238.38
1	288752980	238.5
1	289222558	238.68
1	289280750	238.7
1	289343474	238.72
1	289353150	238.76
1	289364704	238.8
1	289493052	238.82
1	289610874	239.0
1	289688240	239.5
1	289710526	240.0
1	289719606	240.4
1	289860092	240.5
1	289865438	240.52
1	289967225	240.9
1	290039834	240.93
1	290043638	240.94
1	290145094	240.98
1	290179646	241.0
1	290260152	241.04
1	290410428	241.5
1	290652410	241.7
1	290802412	241.8
1	290807730	241.82
1	290856988	241.86
1	291012290	241.9
1	291862107	241.93
1	291902498	241.94
1	291918799	241.96
1	291925955	241.98
1	291930548	242.0
1	291937992	242.0
1	291997877	242.0
1	292015962	242.0
1	292099641	242.0
1	292131226	242.02
1	292321192	242.08
1	292328644	242.09
1	292335011	242.1
1	292446940	242.12
1	292566770	242.68
1	292576356	242.7
1	292604414	243.2
1	292716714	243.25
1	292721665	243.25
1	292729265	243.25
1	292760919	243.29
1	292769031	243.36
1	292773268	243.4
1	292933345	243.6
1	293008734	243.8
1	293017826	243.82
1	293062599	243.9
1	293136552	244.0
1	293152542	244.2
1	293174670	244.3
1	293214236	244.5
1	293268465	244.7
1	293325624	245.0
1	293345304	245.02
1	293493138	246.08
1	293524631	246.1
1	293657319	246.12
1	293663928	246.2
1	293668350	246.3
1	293675986	246.31
1	293788734	246.4
1	293798406	246.5
1	293872694	246.8
1	293920699	246.83
1	293956164	248.0
1	294001486	248.02
1	294015120	250.0
1	294088438	250.1
1	294101397	250.2
1	294112688	250.22
1	294146360	251.58
1	294239134	251.6
1	294252622	251.64
1	294389711	251.68
1	294401486	251.7
1	294526566	251.95
1	294719662	252.55
1	294843384	252.66
1	294921136	252.7
1	294998334	252.74
1	295017348	252.76
1	295040042	252.78
1	295093836	253.73
1	295098848	253.73
1	295154522	253.74
1	295158230	253.75
1	295344432	254.78
1	295424778	255.0
1	295435720	255.02
1	295606762	255.5
1	295712788	255.6
1	295718940	255.65
1	295841938	255.7
1	295845672	255.72
1	295852459	255.74
1	295909532	255.76
1	296096236	255.98
1	296194234	256.0
1	296226617	256.03
1	296273256	256.1
1	296323916	256.13
1	296330538	256.14
1	296336315	256.15
1	296466046	256.18
1	296518426	256.2
1	296555578	256.43
1	296578056	256.6
1	296596016	256.65
1	296824492	257.6
1	296860967	257.61
1	296875812	257.63
1	297027330	257.65
1	297127006	257.66
1	297146898	257.7
1	297158414	257.73
1	297173692	257.75
1	297176844	257.95
1	297224703	257.96
1	297247808	257.97
1	297294494	257.98
1	297319428	258.0
1	297392584	258.2
1	297415822	258.24
1	297447202	258.28
1	297455006	258.32
1	297462617	258.36
1	297487075	258.38
1	297536584	258.4
1	297580404	258.45
1	297607218	258.47
1	297614025	258.51
1	297695878	258.52
1	297834620	258.54
1	297955472	258.58
1	297960294	258.59
1	297977314	259.0
1	298003768	259.46
1	298007064	259.48
1	298115142	259.5
1	298120157	259.52
1	298269696	259.55
1	298550631	259.59
1	298566960	259.6
1	298669284	259.64
1	298733114	259.7
1	298801404	259.9
1	298873828	259.93
1	298886720	259.95
1	298907612	260.0
1	298910913	260.02
1	298936720	260.1
1	298963320	260.12
1	299084360	260.88
1	299092300	260.9
1	299096822	261.0
1	299110722	261.0
1	299144384	261.0
1	299154198	261.02
1	299250806	261.08
1	299291152	261.36
1	299338626	261.38
1	299359462	261.44
1	299369600	261.5
1	299414998	261.6
1	299549936	261.7
1	299814547	262.78
1	299899676	262.8
1	299914620	262.9
1	300021331	262.97
1	300063842	262.98
1	300071360	263.0
1	300168630	263.55
1	300177771	263.57
1	300186678	263.6
1	300190370	263.61
1	300194516	263.61
1	300196479	263.62
1	300252844	263.64
1	300346948	263.65
1	300439352	263.67
1	300486516	263.68
1	300548169	263.73
1	300602428	263.8
1	300680906	263.9
1	300684539	263.98
1	300694735	264.3
1	300799531	264.4
1	300802393	264.42
1	300812634	264.5
1	300933262	264.56
1	300994790	264.8
1	300995394	264.8
1	301041206	264.84
1	301095623	264.86
1	301111316	265.0
1	301161658	265.3
1	301326612	265.31
1	301357568	265.31
1	301398507	265.37
1	301416404	265.38
1	301433057	265.4
1	301449686	265.42
1	301509672	265.44
1	301518089	265.91
1	301544750	265.92
1	301604384	265.93
1	301655570	265.94
1	301701984	265.95
1	301724538	265.96
1	301803698	265.97
1	301806298	265.97
1	301882766	265.98
1	301964156	265.99
1	301982895	265.99
1	301985047	266.0
1	302011975	266.02
1	302066790	266.98
1	302072219	266.99
1	302075678	267.0
1	302191875	268.0
1	302238081	268.4
1	302254711	268.42
1	302267791	268.44
1	302272580	268.46
1	302311344	268.48
1	302386967	268.5
1	302405804	268.55
1	302415448	269.0
1	302441158	270.0
1	302451334	270.05
1	302496994	270.07
1	302550758	270.1
1	302591734	270.8
1	302647017	271.0
1	302688108	272.0
1	302709152	272.4
1	302751000	272.42
1	302755260	272.98
1	302759608	273.0
1	302829370	273.1
1	302933558	273.28
1	302936620	273.3
1	302947880	273.31
1	302953894	273.33
1	302961302	273.37
1	302968036	273.4
1	302973074	273.5
1	303106514	273.52
1	303121326	274.09
1	303133405	274.13
1	303136710	274.15
1	303183772	274.2
1	303190167	274.21
1	303193996	274.21
1	303273300	274.8
1	303393846	274.82
1	303415888	275.0
1	303503259	275.6
1	303553964	275.62
1	303593486	275.64
1	303600583	275.73
1	303645082	275.75
1	303704794	275.9
1	303705928	275.95
1	303713852	275.97
1	303783282	275.97
1	303815538	275.99
1	303827323	275.99
1	303831626	276.0
1	303836240	276.04
1	303845294	276.1
1	303890450	277.0
1	303983742	277.1
1	303989922	277.11
1	303993388	277.12
1	304249130	277.3
1	304322366	277.34
1	304325167	277.35
1	304553092	277.38
1	304696766	277.4
1	304739360	277.42
1	304814667	277.43
1	304910658	277.55
1	304913398	277.57
1	304921049	277.78
1	305030169	277.8
1	305083681	277.81
1	305112715	277.85
1	305223144	277.89
1	305265476	278.0
1	305268893	278.01
1	305274198	278.01
1	305282562	278.2
1	305361348	279.0
1	305378141	279.1
1	305388036	279.2
1	305449842	279.7
1	305524378	279.8
1	305653447	279.9
1	305655930	279.92
1	305702900	280.08
1	305706935	280.1
1	305757792	282.0
1	305826402	284.4
1	305879575	284.45
1	305960336	284.46
1	305962364	284.47
1	305965470	284.48
1	305985562	284.49
1	306042812	284.51
1	306092274	284.52
1	306114332	284.53
1	306119773	284.53
1	306123295	284.53
1	306172990	284.54
1	306177652	284.55
1	306270250	284.6
1	306398035	284.8
1	306408203	284.82
1	306410780	284.83
1	306416070	284.84
1	306467768	285.0
1	306472573	285.05
1	306530518	285.1
1	306565768	285.11
1	306611422	285.11
1	306650042	285.12
1	306782899	285.15
1	306920478	285.16
1	306937574	285.17
1	307022434	285.18
1	307027236	285.18
1	307036762	285.18
1	307074170	285.2
1	307115163	285.29
1	307135876	285.3
1	307271765	285.36
1	307325231	285.4
1	307492630	285.41
1	307511990	285.42
1	307516480	285.43
1	307579662	285.43
1	307768948	285.44
1	307772356	285.44
1	307773422	285.45
1	307829288	285.46
1	307894628	285.47
1	307907803	285.49
1	307967589	285.5
1	308029056	285.6
1	308182124	285.62
1	308322690	285.8
2	98554	0.0
2	249980	0.0
2	343730	0.02
2	766116	0.1
2	837335	0.2
2	998451	0.38
2	1003706	0.4
2	1122088	0.5
2	1126356	0.52
2	1218842	0.55
2	1232482	0.6
2	1246732	0.78
2	1311978	0.9
2	1315404	0.9
2	1359734	1.8
2	1376170	1.81
2	1458150	1.84
2	1524701	1.9
2	1541706	1.9
2	1546600	2.08
2	1581566	2.1
2	1618663	2.5
2	1691802	2.9
2	1694620	2.92
2	1706914	2.94
2	1713510	2.98
2	1717424	3.0
2	1804798	3.05
2	1809696	3.07
2	1819424	3.1
2	1835205	3.14
2	1896227	3.2
2	1900300	3.23
2	1912882	3.25
2	1924216	3.28
2	1948152	3.3
2	1955422	3.4
2	1981925	3.42
2	1986740	3.45
2	1988532	3.46
2	1992587	3.47
2	2046605	3.48
2	2084856	3.5
2	2101922	3.6
2	2188171	3.7
2	2195976	3.72
2	2199152	3.74
2	2223610	3.8
2	2241399	3.82
2	2292861	3.84
2	2317520	3.87
2	2348645	3.9
2	2356400	4.0
2	2500211	4.5
2	2529082	5.0
2	2588581	5.5
2	2623940	6.0
2	2629024	6.02
2	2770917	6.6
2	2782338	6.9
2	2788937	7.03
2	2835250	7.03
2	2839280	7.25
2	2843212	7.27
2	2888545	7.3
2	2925018	7.32
2	2966416	7.34
2	2973696	7.34
2	3043602	7.38
2	3063756	7.4
2	3068806	7.45
2	3076014	7.5
2	3172886	7.6
2	3255720	7.7
2	3286776	7.72
2	3324727	7.72
2	3336035	7.73
2	3342719	7.73
2	3350422	7.74
2	3355200	7.74
2	3357540	7.75
2	3361941	7.75
2	3378136	7.76
2	3384486	7.76
2	3456570	7.77
2	3465632	7.78
2	3504354	7.8
2	3508656	7.81
2	3633617	7.9
2	3662514	7.92
2	3680232	8.0
2	3683132	8.1
2	3685638	8.2
2	3692576	8.3
2	3704073	8.32
2	3728924	8.34
2	3809570	8.78
2	3822414	8.8
2	3829923	8.82
2	3851138	9.0
2	3853098	9.02
2	3863282	9.04
2	3872720	11.5
2	3876946	11.52
2	3992830	11.68
2	4023298	11.7
2	4035273	11.72
2	4073741	11.8
2	4141112	11.81
2	4154538	11.82
2	4216031	11.83
2	4223128	11.84
2	4265508	11.85
2	4323178	11.95
2	4337260	12.48
2	4386312	12.5
2	4402980	12.68
2	4415000	12.7
2	4432864	12.7
2	4441208	12.71
2	4495429	12.72
2	4543652	12.75
2	4563728	12.78
2	4587520	13.0
2	4593665	13.1
2	4602759	13.12
2	4648844	13.48
2	4649962	13.48
2	4658922	13.5
2	4668084	13.54
2	4743146	13.6
2	4802036	13.8
2	4812520	13.9
2	4852492	14.0
2	4862380	14.02
2	4895008	14.4
2	4905160	14.44
2	4921680	14.55
2	4927164	14.58
2	4930815	14.6
2	5066192	14.69
2	5085074	16.4
2	5126444	16.43
2	5130594	16.45
2	5183282	16.53
2	5278001	16.94
2	5282422	16.96
2	5296833	16.98
2	5300560	17.0
2	5303164	17.02
2	5305406	17.04
2	5308168	17.06
2	5325620	17.72
2	5441290	17.76
2	5456432	17.8
2	5497815	18.0
2	5530700	19.0
2	5579806	19.2
2	5627200	19.24
2	5671918	19.26
2	5676336	19.28
2	5708001	19.3
2	5711199	19.41
2	5720865	19.43
2	5768136	20.0
2	5773894	20.02
2	5897399	20.22
2	6029613	20.3
2	6035976	20.32
2	6041964	20.34
2	6047526	20.4
2	6056594	20.42
2	6073612	20.48
2	6112160	20.5
2	6133410	20.53
2	6135608	20.56
2	6138568	20.58
2	6227246	20.7
2	6233460	20.72
2	6237657	20.73
2	6248344	20.75
2	6258837	20.76
2	6263778	20.77
2	6362520	20.78
2	6391846	20.78
2	6408284	20.79
2	6415892	20.8
2	6533309	20.9
2	6559445	21.0
2	6674100	21.94
2	6679872	21.95
2	6714926	21.96
2	6760556	21.97
2	6771932	21.97
2	6814022	21.99
2	6832142	21.99
2	6902759	22.0
2	6919205	22.1
2	7007535	22.12
2	7038160	22.16
2	7079696	22.2
2	7089328	22.22
2	7134876	22.4
2	7139172	22.45
2	7142762	22.5
2	7147346	22.52
2	7150030	22.54
2	7152424	22.6
2	7225110	22.7
2	7325286	22.76
2	7353654	22.8
2	7360197	22.82
2	7380153	22.9
2	7507610	22.98
2	7529746	23.0
2	7547838	23.01
2	7553880	23.02
2	7565621	23.03
2	7664664	23.07
2	7805444	23.1
2	7811284	23.14
2	7875376	23.25
2	7915324	23.27
2	7920646	23.27
2	7997392	23.27
2	8098996	23.28
2	8295655	23.28
2	8391940	23.28
2	8409056	23.3
2	8571612	23.31
2	8590860	23.32
2	8729396	23.33
2	8990673	23.4
2	9020314	23.42
2	9169444	23.5
2	9226938	23.53
2	9247120	23.54
2	9251317	23.55
2	9323191	23.58
2	9336796	23.6
2	9345276	23.7
2	9349570	23.71
2	9353996	23.72
2	9358836	23.73
2	9392912	23.73
2	9432391	23.75
2	9438054	23.76
2	9443872	23.77
2	9446678	23.78
2	9456226	23.8
2	9538870	24.0
2	9572178	26.0
2	9584135	26.04
2	9692995	26.06
2	9761580	26.1
2	9807792	26.12
2	9812352	26.15
2	9853042	26.17
2	9879579	26.19
2	9882834	26.2
2	9927734	26.22
2	9936736	26.6
2	9987910	26.62
2	9990740	27.0
2	10054058	27.1
2	10064793	27.3
2	10280040	27.5
2	10384177	27.56
2	10412050	27.58
2	10417763	27.6
2	10423542	27.62
2	10437762	28.0
2	10446582	28.01
2	10451922	28.02
2	10490082	29.8
2	10608716	30.0
2	10766118	30.18
2	10770212	30.19
2	10779760	30.2
2	10809104	30.24
2	10872605	30.33
2	10876772	30.44
2	10883886	30.46
2	10890454	30.48
2	10908099	30.5
2	10910925	30.51
2	10913059	30.52
2	10927247	30.54
2	10933618	30.55
2	10948655	30.56
2	10952742	30.56
2	10964210	30.57
2	10996205	30.6
2	11020809	30.63
2	11046560	30.64
2	11059406	30.65
2	11066874	30.8
2	11114934	30.82
2	11176188	30.84
2	11182856	31.0
2	11243508	31.3
2	11324668	31.32
2	11411468	31.5
2	11424518	31.52
2	11566168	31.7
2	11569428	31.72
2	11615879	31.76
2	11671644	31.8
2	11719167	31.83
2	11875933	31.89
2	11883014	31.9
2	11890446	32.0
2	11925080	32.1
2	12057406	32.12
2	12112950	32.4
2	12172720	32.45
2	12217284	32.47
2	12268240	33.0
2	12334681	33.28
2	12338354	33.3
2	12343196	33.32
2	12397852	33.34
2	12451342	33.36
2	12497642	33.88
2	12507946	33.9
2	12523164	33.92
2	12526781	33.94
2	12537764	33.98
2	12581262	34.0
2	12610360	35.0
2	12613589	35.01
2	12617260	35.02
2	12621079	35.04
2	12629590	35.2
2	12702584	35.4
2	12761743	35.96
2	12774806	36.8
2	12806009	36.82
2	12847588	36.88
2	12853679	36.89
2	12857406	36.9
2	12862934	36.92
2	12960720	36.94
2	13087722	36.96
2	13123206	36.98
2	13150042	36.99
2	13161092	37.01
2	13200952	37.02
2	13207160	37.02
2	13317708	37.03
2	13435613	37.1
2	13442276	37.13
2	13457989	37.15
2	13537994	37.17
2	13553223	37.18
2	13640401	37.18
2	13775838	37.19
2	13818900	37.19
2	13839280	37.2
2	13846472	37.23
2	13852892	37.25
2	13883692	37.3
2	13923650	38.5
2	13931761	38.52
2	13945714	38.55
2	14098692	38.65
2	14147662	39.0
2	14168873	39.01
2	14258960	39.04
2	14263400	39.06
2	14329174	39.08
2	14340880	39.1
2	14377991	39.15
2	14411107	39.17
2	14545754	39.27
2	14661578	39.29
2	14693704	39.34
2	14767860	39.36
2	14823513	39.4
2	14909574	39.41
2	14925602	39.41
2	14933102	39.42
2	14936848	39.43
2	14973064	39.44
2	15000847	39.45
2	15038490	39.46
2	15106264	39.49
2	15141722	39.5
2	15149730	39.51
2	15168148	39.53
2	15172986	39.55
2	15232070	39.94
2	15239834	39.98
2	15244322	40.0
2	15251270	40.23
2	15310608	40.25
2	15316137	40.27
2	15343231	40.48
2	15377530	40.5
2	15383404	40.58
2	15426400	40.6
2	15456400	40.62
2	15462155	40.64
2	15520884	40.88
2	15552658	40.94
2	15554267	40.95
2	15685108	41.0
2	15775593	41.06
2	15779481	41.06
2	15817070	41.07
2	15825407	41.08
2	15878516	41.09
2	15903885	41.16
2	15974879	41.2
2	16118282	41.21
2	16166308	41.23
2	16210664	41.25
2	16231928	41.29
2	16495409	42.0
2	16519606	42.01
2	16525312	42.02
2	16560196	42.04
2	16598795	42.05
2	16616257	42.06
2	16624852	42.07
2	16657266	42.3
2	16668995	42.5
2	16746700	42.58
2	16759938	42.6
2	16850746	42.61
2	16916305	42.65
2	16927066	42.7
2	16971791	42.73
2	16980206	42.74
2	17090250	42.78
2	17166994	42.8
2	17180793	42.84
2	17190926	42.86
2	17265837	42.9
2	17286598	42.96
2	17358464	42.98
2	17399248	43.0
2	17545562	43.04
2	17762164	43.06
2	17953336	43.36
2	18108873	43.38
2	18214350	43.4
2	18300775	44.0
2	18384274	45.0
2	18522968	46.0
2	18673483	47.94
2	18775164	48.0
2	18856638	48.4
2	18902191	48.8
2	18970474	48.84
2	19039460	48.86
2	19115345	48.87
2	19139070	48.87
2	19219742	48.88
2	19223885	48.88
2	19283788	48.89
2	19293000	48.9
2	19408780	48.94
2	19417144	48.96
2	19420487	48.98
2	19490708	48.99
2	19532679	48.99
2	19550307	49.0
2	19627408	49.06
2	19657978	49.1
2	19661744	49.22
2	19709398	49.24
2	19718135	49.26
2	19825065	49.3
2	19867022	49.4
2	20017737	50.0
2	20023970	50.0
2	20058334	50.05
2	20121528	50.1
2	20221528	50.14
2	20225570	50.15
2	20455774	50.19
2	20563291	50.21
2	20574793	50.3
2	20629074	50.34
2	20681900	50.5
2	20694830	50.52
2	20709704	50.54
2	20745780	50.65
2	20785037	50.78
2	20865512	50.84
2	20876242	50.86
2	20879194	50.88
2	20886583	50.9
2	21075656	50.92
2	21259065	50.94
2	21264964	50.98
2	21350501	51.58
2	21354504	51.6
2	21469452	51.9
2	21534853	52.0
2	21540676	52.04
2	21561324	52.1
2	21642232	52.2
2	21844972	52.5
2	21852401	52.52
2	21971560	52.65
2	21978032	52.67
2	22004504	52.7
2	22047966	52.8
2	22118043	53.0
2	22219770	54.13
2	22277196	54.15
2	22316530	54.16
2	22361550	54.17
2	22443968	54.2
2	22472991	54.3
2	22713776	54.38
2	22721507	54.39
2	22728602	54.4
2	22733394	54.4
2	22738306	54.41
2	22777978	54.43
2	22854104	54.48
2	22934332	54.49
2	22965330	54.5
2	22978268	54.54
2	23082190	54.56
2	23091174	54.57
2	23120792	54.6
2	23232704	54.65
2	23261475	54.66
2	23320716	54.68
2	23347264	54.7
2	23475310	54.9
2	23511232	55.0
2	23547164	55.1
2	23631764	55.2
2	23675334	55.33
2	23708845	55.35
2	23730534	55.36
2	23921108	55.37
2	24038476	55.37
2	24070462	55.38
2	24084458	55.38
2	24152090	55.38
2	24209329	55.39
2	24295914	55.4
2	24392254	55.4
2	24398948	55.4
2	24410098	55.41
2	24417690	55.41
2	24436807	55.41
2	24442794	55.41
2	24582757	55.41
2	24626265	55.41
2	24809400	55.41
2	24811974	55.42
2	24918204	55.42
2	24922291	55.42
2	24983762	55.43
2	24987182	55.43
2	24990616	55.43
2	25109286	55.43
2	25150141	55.43
2	25178510	55.44
2	25210647	55.45
2	25326357	55.47
2	25379922	55.48
2	25394416	55.48
2	25415636	55.48
2	25468766	55.48
2	25688054	55.49
2	25696737	55.5
2	25731305	55.51
2	25827401	55.52
2	26065887	55.53
2	26095042	55.53
2	26268220	55.54
2	26273028	55.55
2	26276676	55.55
2	26293700	55.56
2	26332334	55.57
2	26349804	55.58
2	26441269	55.6
2	26480272	55.62
2	26483578	55.7
2	26558814	55.72
2	26810358	55.77
2	26844488	55.78
2	26882290	55.79
2	26936976	55.8
2	27258931	56.38
2	27268282	56.4
2	27443176	56.44
2	27555500	56.6
2	27575884	56.62
2	27652492	56.63
2	27763646	56.64
2	27767134	56.65
2	27772539	56.67
2	27908242	56.68
2	27911422	56.68
2	27953854	56.7
2	27958212	56.72
2	28040220	56.74
2	28064928	56.75
2	28069272	56.76
2	28117264	56.77
2	28284200	56.84
2	28286891	56.86
2	28353780	56.9
2	28380450	56.91
2	28388436	56.91
2	28394348	56.92
2	28442452	56.97
2	28483668	57.0
2	28506040	57.0
2	28557820	57.01
2	28628038	57.02
2	28759218	57.04
2	28875820	57.06
2	28998100	57.1
2	29047690	57.12
2	29064062	57.2
2	29087640	57.22
2	29137644	57.44
2	29273452	57.5
2	29320277	57.54
2	29373719	58.0
2	29386862	58.02
2	29457496	58.28
2	29481488	58.3
2	29505647	58.32
2	29547312	58.5
2	29565895	58.7
2	29636594	58.75
2	29654210	58.76
2	29660649	58.77
2	29709126	58.78
2	29747900	58.79
2	29788206	58.79
2	29814374	58.8
2	29828304	59.0
2	29904039	59.1
2	30072149	61.06
2	30131386	61.7
2	30137011	61.8
2	30139888	61.81
2	30225628	61.88
2	30289198	61.92
2	30356976	61.94
2	30385401	61.95
2	30420652	61.95
2	30615563	62.53
2	30750890	62.56
2	30789458	62.6
2	30794136	62.62
2	31037941	62.78
2	31058263	62.79
2	31106276	62.8
2	31180675	62.83
2	31184034	62.83
2	31192960	62.84
2	31196482	62.84
2	31352984	62.84
2	31443664	62.85
2	31461510	62.86
2	31592912	62.86
2	31778092	62.87
2	31820408	62.87
2	31877248	62.87
2	31941983	62.87
2	32155737	62.87
2	32159383	62.87
2	32380516	62.88
2	32499481	62.88
2	32536776	63.0
2	32607056	63.02
2	32718636	63.2
2	32733388	63.22
2	32778676	63.24
2	32841082	63.26
2	32918751	63.32
2	33153114	63.98
2	33159943	64.0
2	33208606	64.02
2	33382950	64.2
2	33486188	65.2
2	33488490	65.21
2	33494694	65.21
2	33509463	65.22
2	33601206	65.26
2	33819770	65.28
2	33833369	65.4
2	34010397	65.65
2	34035852	66.7
2	34060183	67.1
2	34133710	67.2
2	34183738	67.25
2	34315591	67.26
2	34394257	67.28
2	34500747	67.29
2	34534700	67.3
2	34640532	67.3
2	34743264	67.35
2	34903858	67.4
2	34989916	67.45
2	35010770	67.46
2	35014184	67.46
2	35058122	67.5
2	35085275	67.52
2	35091606	67.54
2	35264201	67.58
2	35325437	67.8
2	35332120	67.82
2	35383766	67.83
2	35440482	67.85
2	35549046	67.86
2	35801853	67.87
2	35935598	67.88
2	36017212	67.89
2	36058803	67.89
2	36123373	67.9
2	36154632	67.9
2	36263841	67.9
2	36715877	67.96
2	36800344	68.0
2	36807530	68.01
2	36847991	68.01
2	36880918	68.02
2	37454320	68.03
2	37591790	68.03
2	37647341	68.04
2	37828069	68.05
2	37834782	68.06
2	37868980	68.07
2	37958792	68.1
2	37963330	68.12
2	37971898	68.2
2	38103843	68.23
2	38111388	68.25
2	38123158	68.25
2	38274758	68.26
2	38432596	68.27
2	38449326	68.27
2	38571940	68.28
2	38575320	68.28
2	38591435	68.28
2	38650078	68.28
2	38680150	68.28
2	38757581	68.29
2	38764840	68.29
2	38822681	68.29
2	38825956	68.29
2	38967777	68.3
2	38998410	68.31
2	39110230	68.32
2	39388742	68.4
2	39401978	68.41
2	39508334	68.42
2	39655228	68.42
2	39672718	68.42
2	39708128	68.42
2	39713111	68.43
2	39763750	68.48
2	39867542	68.5
2	39897805	68.54
2	39900364	68.55
2	39909540	68.56
2	39917362	68.57
2	40125762	68.58
2	40137348	68.6
2	40141349	68.62
2	40149044	68.65
2	40271280	68.73
2	40279406	68.73
2	40375530	68.74
2	40577602	68.75
2	40883056	68.75
2	40898785	68.75
2	40935432	68.75
2	41035806	68.78
2	41041054	68.79
2	41281902	68.8
2	41376011	68.82
2	41427044	68.83
2	41432626	68.84
2	41473324	68.86
2	41529931	68.88
2	41641454	70.2
2	41646742	70.22
2	41701596	70.29
2	41785600	70.33
2	41986750	70.39
2	42055936	70.41
2	42083440	70.45
2	42142938	70.47
2	42152204	71.0
2	42236024	71.18
2	42240584	71.2
2	42345624	71.3
2	42623315	71.47
2	42773724	71.49
2	42780888	71.51
2	42792440	71.53
2	42798190	71.55
2	42806967	71.57
2	43008458	73.1
2	43078627	73.13
2	43270796	73.2
2	43543991	73.4
2	43566646	73.42
2	43569659	73.5
2	43680760	73.52
2	43693999	73.52
2	43750920	73.53
2	43755675	73.53
2	43810920	73.58
2	43874822	73.6
2	43941016	73.62
2	43953414	73.65
2	43959222	73.66
2	44062776	73.68
2	44076009	73.7
2	44174642	73.72
2	44180812	73.8
2	44236986	73.83
2	44290710	73.84
2	44434397	73.86
2	44595794	73.94
2	44610944	73.94
2	44764361	73.94
2	44928684	73.95
2	44994480	73.95
2	45003527	73.95
2	45012221	73.96
2	45164916	73.97
2	45194908	73.97
2	45199346	73.97
2	45242682	73.98
2	45250217	73.99
2	45300214	73.99
2	45380987	74.0
2	45387100	74.0
2	45507374	74.1
2	45702612	74.14
2	45830906	74.5
2	45970698	74.8
2	45990936	74.81
2	45996039	74.82
2	45996586	74.9
2	46001259	74.91
2	46003782	74.93
2	46064166	74.93
2	46066618	74.94
2	46104406	74.94
2	46190154	74.95
2	46236666	74.97
2	46239104	74.99
2	46246091	75.0
2	46274719	75.01
2	46333455	75.04
2	46550212	75.2
2	46556815	75.22
2	46604424	75.24
2	46661080	75.25
2	46751697	75.26
2	46788151	75.27
2	47032764	75.3
2	47574493	75.3
2	47590422	75.32
2	47596307	75.34
2	47702416	75.36
2	47772094	75.4
2	47778746	75.42
2	47800494	75.44
2	47807426	75.46
2	47989748	75.7
2	48129491	75.74
2	48200209	75.76
2	48305122	75.8
2	48381600	75.82
2	48382535	75.9
2	48395844	75.91
2	48622538	75.93
2	48924505	76.0
2	48966108	76.0
2	48988794	76.06
2	48992148	76.08
2	49037986	76.1
2	49139110	76.14
2	49158568	76.54
2	49246260	76.56
2	49305171	76.58
2	49391075	77.0
2	49437792	77.02
2	49505330	77.04
2	49566314	77.06
2	49789514	77.12
2	50025037	77.14
2	50042798	77.16
2	50388230	77.28
2	50393988	77.3
2	50610622	77.87
2	50616128	77.89
2	50663324	77.89
2	50787866	77.9
2	51021014	78.0
2	51078930	78.01
2	51125035	78.02
2	51216178	78.06
2	51253201	78.08
2	51457394	78.16
2	51644910	78.2
2	51857414	78.38
2	51866076	78.38
2	51919044	78.38
2	51923652	78.38
2	51927864	78.38
2	52408600	78.39
2	52565344	78.4
2	52736916	78.44
2	52741298	78.45
2	52886348	78.46
2	52887732	78.46
2	53038659	78.47
2	53042560	78.47
2	53119387	78.48
2	53167214	78.49
2	53174522	78.49
2	53181901	78.49
2	53273036	78.5
2	53381372	78.5
2	53385950	78.5
2	53565900	78.5
2	53751592	78.8
2	53757633	78.81
2	53764127	78.82
2	53860926	78.82
2	54104285	78.83
2	54418324	78.85
2	55136643	78.87
2	55570968	78.96
2	55634730	79.0
2	55760362	79.02
2	55806191	79.18
2	56052719	79.25
2	56056667	79.26
2	56330470	79.27
2	56451116	79.28
2	56455116	79.29
2	56546692	79.3
2	56557228	79.31
2	56594096	79.31
2	56709206	79.34
2	56907232	79.36
2	56976450	79.4
2	57014592	79.42
2	57190576	79.46
2	57361792	79.5
2	57367448	79.51
2	57495906	79.53
2	57616076	79.54
2	57622028	79.55
2	57629992	79.6
2	57693783	79.7
2	57743571	79.8
2	58063010	80.0
2	58108397	80.04
2	58493256	80.1
2	58741194	80.17
2	58816670	80.18
2	58865702	80.2
2	58993346	80.23
2	59031314	80.25
2	59079419	80.32
2	59310112	80.33
2	59575656	80.84
2	59647624	80.88
2	59679668	80.9
2	59686876	80.94
2	59778918	81.0
2	59926855	81.02
2	59956204	81.1
2	60380308	81.14
2	60493069	82.0
2	60609361	82.03
2	60769782	82.1
2	61056026	82.12
2	61386758	82.15
2	61524453	82.16
2	61650350	82.16
2	61765382	82.17
2	61798486	82.18
2	61840194	82.19
2	62111827	82.2
2	62316602	82.21
2	62468751	82.22
2	62684534	82.23
2	62709981	82.23
2	62715764	82.23
2	62820034	82.24
2	62910416	82.25
2	63267794	82.26
2	63353998	82.26
2	63398226	82.27
2	63531372	82.28
2	63911437	82.3
2	63929945	82.4
2	64197094	82.66
2	64368878	82.68
2	64455818	82.7
2	64540824	82.72
2	64585240	82.75
2	64707860	82.8
2	65006974	82.82
2	65008876	82.82
2	65070171	82.83
2	65076272	82.83
2	65504178	82.85
2	65940354	82.87
2	66221234	82.9
2	66230422	82.92
2	66684345	82.96
2	66967599	83.0
2	67014973	83.02
2	67192933	83.05
2	67299460	83.1
2	67447829	83.3
2	68684024	83.36
2	68915716	83.38
2	68994076	83.4
2	69031236	83.41
2	69438444	83.42
2	70204754	83.46
2	70450948	83.47
2	70556444	83.48
2	70877381	83.49
2	70980446	83.5
2	71027247	83.6
2	71454024	84.76
2	71569362	84.78
2	72012031	84.83
2	72018485	84.84
2	72216346	84.92
2	72643822	85.0
2	72856974	85.3
2	73101068	85.45
2	73377617	85.47
2	73416494	85.6
2	73867541	85.62
2	73925770	85.62
2	73933198	85.63
2	74476610	85.66
2	74798214	85.67
2	75370518	85.68
2	75434765	85.68
2	75462880	85.68
2	75546167	85.69
2	75838656	85.7
2	76161668	85.71
2	76210989	85.72
2	76452301	85.74
2	76496849	85.75
2	76501383	85.75
2	76741564	85.75
2	76996842	85.75
2	77871392	85.75
2	78873916	85.76
2	78932766	85.76
2	79045841	85.76
2	79320596	85.76
2	79365260	85.76
2	79889412	85.76
2	80003482	85.76
2	80188299	85.76
2	80304278	85.76
2	80426102	85.77
2	80621304	85.77
2	80881565	85.77
2	81126976	85.78
2	81713446	85.78
2	81748273	85.78
2	81940014	85.79
2	82319416	85.79
2	82767510	85.8
2	82878631	85.8
2	83163719	85.84
2	83348498	85.85
2	83600730	85.87
2	84093104	85.9
2	84262597	85.93
2	84409914	85.95
2	84675619	85.96
2	84825933	86.0
2	85051418	86.0
2	85689166	86.01
2	85773746	86.01
2	86022616	86.03
2	86059954	86.04
2	86116570	86.05
2	86418498	86.1
2	88042258	86.12
2	88821822	86.14
2	88825346	86.15
2	88926006	86.16
2	89437660	86.17
2	90269256	86.2
2	90412472	86.2
2	90837680	86.2
2	91264004	86.3
2	91415052	86.31
2	91425296	86.31
2	91880689	86.32
2	91918074	86.34
2	93026998	86.37
2	94225264	86.4
2	94232115	86.41
2	94390456	86.42
2	94911382	86.43
2	95556560	86.43
2	95655818	86.44
2	95947728	86.44
2	96873442	86.44
2	97846560	86.46
2	98499906	86.46
2	99775990	86.5
2	99984364	86.51
2	100168994	86.52
2	100370180	86.53
2	101182793	86.55
2	101688554	86.57
2	101800896	86.58
2	102231790	86.6
2	102310684	86.61
2	102353732	86.62
2	102436442	86.63
2	103206228	86.7
2	103566206	86.72
2	104742074	86.73
2	104933796	86.74
2	105231012	86.75
2	105373898	86.75
2	105445335	86.75
2	105890847	86.76
2	106128977	86.76
2	106148620	86.76
2	106255012	86.8
2	106463222	86.82
2	106663936	86.83
2	106788245	86.83
2	106801926	86.84
2	106945964	86.84
2	107077188	86.85
2	107218130	86.86
2	107640554	86.87
2	107869998	86.87
2	107881012	86.87
2	108290796	86.87
2	108655590	86.87
2	109449252	86.88
2	110309442	86.88
2	110407008	86.88
2	110443628	86.89
2	110492010	86.89
2	110898064	86.89
2	110987582	86.89
2	110999648	86.9
2	111598419	86.9
2	111818518	86.9
2	112169642	86.91
2	112276468	86.92
2	112285043	86.92
2	112762424	86.93
2	113301430	86.94
2	113304037	86.94
2	113358403	86.95
2	113600492	86.96
2	113707009	87.0
2	113765340	87.0
2	114055536	87.22
2	114128508	87.23
2	114365347	87.25
2	114438977	87.27
2	114560176	87.3
2	114561896	87.31
2	114600835	87.32
2	114666329	87.34
2	114837158	87.38
2	115353610	87.39
2	115901070	87.4
2	115953930	87.45
2	115962402	87.46
2	116177412	87.49
2	116516240	87.5
2	116608793	87.52
2	116694937	87.53
2	116842619	87.56
2	116907984	87.58
2	117157213	87.6
2	117264298	87.61
2	117322314	87.62
2	117459794	87.64
2	117561448	87.66
2	117798739	87.68
2	118194936	87.7
2	118207970	87.72
2	118402512	87.77
2	118691440	87.78
2	119294052	87.79
2	119548282	87.79
2	120081542	87.8
2	120682660	87.81
2	121370266	87.81
2	121540212	87.81
2	121664731	87.81
2	121702728	87.81
2	122453186	87.82
2	122479304	87.82
2	122495122	87.83
2	122651494	87.84
2	123616652	87.85
2	124192043	87.85
2	124304335	87.85
2	124639863	87.85
2	126240216	87.86
2	126614188	87.86
2	126959855	87.87
2	127622670	87.87
2	129795343	87.89
2	130004283	87.9
2	130850754	87.98
2	131170264	88.0
2	131686608	88.01
2	131842563	88.02
2	132047679	88.03
2	132257800	88.03
2	132274878	88.03
2	132358645	88.03
2	133364160	88.04
2	133489009	88.04
2	133707914	88.04
2	133978592	88.04
2	134045196	88.04
2	134346092	88.05
2	134361056	88.05
2	134816510	88.06
2	135016485	88.07
2	135410857	88.08
2	136158916	88.08
2	136315346	88.08
2	136643990	88.08
2	137220486	88.08
2	137259110	88.08
2	137748054	88.09
2	138057979	88.09
2	138537379	88.1
2	138776486	88.12
2	138989516	88.2
2	139482440	88.3
2	139692234	88.4
2	140095404	88.5
2	140159990	88.6
2	140328380	88.7
2	140545422	88.74
2	142424616	88.83
2	142425758	88.84
2	142429370	88.84
2	143205026	89.0
2	143559920	89.0
2	143874974	89.0
2	144237278	89.01
2	144433705	89.04
2	144465793	89.05
2	144784538	89.06
2	144788398	89.06
2	145016610	89.06
2	145537482	89.07
2	145710421	89.08
2	146775882	89.1
2	146857852	89.14
2	147041378	89.2
2	147668022	89.26
2	147736456	89.3
2	147913160	89.34
2	148313880	89.4
2	148462536	89.45
2	148763063	89.49
2	148921864	89.5
2	149004674	89.56
2	149012250	89.6
2	149090123	89.62
2	149285054	89.65
2	149289380	89.66
2	149349540	89.67
2	150356152	89.7
2	150391026	89.71
2	150529852	89.72
2	150537054	89.72
2	150739416	89.76
2	151042770	89.78
2	151136510	89.78
2	151642544	89.79
2	151663986	89.8
2	151675452	89.8
2	152062135	89.85
2	152405500	89.88
2	152843042	89.9
2	152848768	90.0
2	152903714	90.1
2	152997968	90.3
2	153006681	90.32
2	153054614	90.33
2	153058901	90.35
2	153204031	90.36
2	153206890	90.36
2	153257402	90.37
2	153665254	90.4
2	153841024	90.41
2	153851262	90.41
2	153857281	90.42
2	154122148	90.44
2	154361694	90.46
2	154372190	90.47
2	154486787	90.5
2	154684529	90.56
2	154782980	90.57
2	155045654	90.59
2	155091716	90.6
2	156036436	90.66
2	156073516	90.7
2	156121078	90.75
2	156170152	90.8
2	156612638	90.81
2	156657388	90.82
2	156677274	90.83
2	156949435	92.54
2	156953768	92.55
2	157286460	92.6
2	157556874	92.6
2	157562489	92.6
2	157678502	92.61
2	157729680	92.61
2	158078852	92.62
2	158085912	92.62
2	158094252	92.62
2	158217695	92.64
2	158355269	92.67
2	158424190	92.68
2	158510072	93.0
2	158522784	93.04
2	159003094	93.06
2	159651895	93.1
2	160347075	93.2
2	160437974	93.22
2	160673948	93.25
2	160906746	93.3
2	160979730	93.32
2	161028166	93.33
2	161229152	93.38
2	161540474	93.38
2	161725926	93.38
2	161756620	93.38
2	161758782	93.38
2	161801614	93.39
2	161981417	93.39
2	162041753	93.41
2	162068075	93.42
2	162149065	93.43
2	162273568	93.44
2	162461296	93.44
2	162577761	93.45
2	162729671	93.46
2	162785881	93.47
2	162879408	93.48
2	162891595	93.49
2	162912866	93.5
2	162953874	93.5
2	162971550	93.51
2	163177848	93.51
2	163306816	93.51
2	163361850	93.51
2	163463168	93.52
2	163842776	93.53
2	164438226	93.54
2	164588228	93.55
2	164605028	93.57
2	165162468	93.6
2	165216906	93.62
2	165345876	93.62
2	165402881	93.62
2	165458276	93.63
2	165515352	93.64
2	165608501	93.65
2	165762746	93.66
2	165813492	93.7
2	165850934	93.7
2	166030656	93.71
2	166039784	93.72
2	166182622	93.72
2	166280869	93.73
2	166378876	93.73
2	166661424	93.74
2	166903484	93.74
2	167022296	93.74
2	167395108	93.74
2	167468916	93.75
2	167754036	93.75
2	167888178	93.8
2	168007932	93.83
2	168222693	93.86
2	168275731	93.9
2	168533572	93.9
2	168712146	93.91
2	168771812	93.91
2	168842445	93.92
2	168929700	93.92
2	169116144	93.93
2	169187030	93.94
2	169209168	93.94
2	169325782	93.94
2	169349810	93.94
2	169356868	93.94
2	169443348	93.95
2	169454354	93.95
2	169534606	93.96
2	169576188	93.97
2	169858222	93.98
2	169910835	93.99
2	170087387	94.0
2	170094180	94.0
2	170140702	94.01
2	170314193	94.01
2	170349237	94.01
2	170582510	94.01
2	170978882	94.02
2	171037747	94.02
2	171041738	94.02
2	171086192	94.02
2	171207060	94.02
2	171402752	94.02
2	171739296	94.02
2	171771815	94.02
2	171863190	94.02
2	171906506	94.03
2	171948298	94.04
2	171960010	94.05
2	172510670	94.07
2	172799492	94.08
2	173066002	94.1
2	173206708	94.12
2	173408505	94.14
2	173874902	94.2
2	174024272	94.21
2	174052626	94.22
2	174075344	94.24
2	174254099	94.3
2	174277694	94.3
2	174337250	94.3
2	174512401	94.31
2	174553422	94.31
2	174624652	94.32
2	174629740	94.32
2	174669284	94.33
2	174701653	94.34
2	174842183	94.35
2	174850236	94.35
2	175018828	94.36
2	175036100	94.36
2	175078630	94.36
2	175189424	94.36
2	175257444	94.37
2	175262492	94.37
2	175277676	94.37
2	175282642	94.37
2	175290806	94.37
2	175297008	94.38
2	175479484	94.38
2	175505869	94.39
2	175649459	94.4
2	175654743	94.41
2	175683557	94.42
2	175871122	94.44
2	175876746	94.53
2	175980046	94.55
2	176201624	94.57
2	176208584	94.59
2	176212551	94.68
2	176290452	94.69
2	176299234	94.69
2	176623303	94.7
2	176737970	94.7
2	176744856	94.7
2	176891275	94.7
2	176975216	94.71
2	177109626	94.71
2	177194485	94.71
2	177337334	94.71
2	177733255	94.72
2	177769973	94.72
2	177872624	94.73
2	177937580	94.74
2	177973183	94.75
2	178281676	94.76
2	178334914	94.77
2	178437744	94.78
2	178597328	94.79
2	178943444	94.98
2	178987392	95.0
2	178996976	95.1
2	179085561	95.12
2	179128168	95.15
2	179193542	95.16
2	179199185	95.17
2	179461959	95.18
2	179636935	95.2
2	179747723	95.21
2	179853917	95.21
2	180061758	95.22
2	180176818	95.23
2	180275318	95.24
2	180297890	95.26
2	180361583	95.28
2	180464636	95.29
2	180592456	95.3
2	180671360	95.32
2	180795536	95.35
2	180860371	95.37
2	181088638	95.45
2	181230422	95.46
2	181318470	95.48
2	181335740	95.49
2	181423334	95.49
2	181478134	95.5
2	181505684	95.51
2	181512752	95.52
2	181592743	95.6
2	181738386	95.61
2	181784440	95.61
2	181883490	95.62
2	181981838	95.62
2	182102182	95.63
2	182135736	95.64
2	182195448	95.66
2	182260998	95.67
2	182329312	95.69
2	182430180	95.7
2	182493730	95.71
2	182638963	95.72
2	182747872	95.72
2	182768676	95.72
2	182939959	95.73
2	183072042	95.73
2	183087036	95.73
2	183129399	95.73
2	183218736	95.74
2	183222732	95.74
2	183260490	95.74
2	183356950	95.74
2	183377644	95.75
2	183516074	95.75
2	183661528	95.75
2	183882023	95.75
2	184002308	95.75
2	184009874	95.75
2	184037635	95.75
2	184393100	95.75
2	184604454	95.75
2	184719714	95.75
2	184783157	95.76
2	184951746	95.76
2	185105890	95.76
2	185113894	95.76
2	185476085	95.76
2	185570006	95.76
2	185610268	95.76
2	185721048	95.77
2	186092764	95.77
2	186153432	95.77
2	186384644	95.77
2	186510120	95.78
2	186650332	95.78
2	186703074	95.79
2	186818636	95.79
2	186949726	95.83
2	187221941	95.84
2	187370840	95.85
2	187556626	95.86
2	187562162	95.86
2	187664676	95.87
2	187675832	95.87
2	187699557	95.88
2	187759282	95.9
2	188244223	95.92
2	188343372	95.96
2	188377326	95.98
2	188382496	96.0
2	188435097	96.2
2	188447927	96.22
2	188557847	96.3
2	188661982	96.32
2	188744752	96.33
2	188803060	96.35
2	188975188	96.4
2	188986846	96.45
2	188994952	96.47
2	189040298	96.5
2	189056976	96.52
2	189108631	96.58
2	189168735	96.6
2	189197526	98.0
2	189238607	99.0
2	189243557	100.0
2	189331964	100.01
2	189404519	100.01
2	189526178	100.02
2	189554252	100.03
2	189763348	100.04
2	189821018	100.05
2	189880420	100.07
2	189886110	100.08
2	190089812	100.1
2	190129395	100.11
2	190139248	100.11
2	190298210	100.12
2	190500426	100.13
2	190505414	100.14
2	190509736	100.15
2	190556372	100.16
2	190695293	100.16
2	190699748	100.17
2	190715594	100.17
2	190721317	100.17
2	190756670	100.18
2	190814040	100.18
2	190995132	100.19
2	191082254	100.19
2	191258222	100.2
2	191289736	100.2
2	191314222	100.22
2	191327048	100.24
2	191386396	100.27
2	191431793	100.3
2	191465093	100.31
2	191559352	100.32
2	191583193	100.35
2	191652444	100.38
2	191745244	100.4
2	191752558	100.41
2	191787070	100.43
2	191802188	100.44
2	191940004	100.51
2	191982649	100.52
2	191984396	100.52
2	192014012	100.53
2	192067234	100.53
2	192070570	100.54
2	192223388	100.57
2	192295317	100.6
2	192298032	100.61
2	192454357	100.62
2	192527921	100.63
2	192544256	100.64
2	192626222	100.64
2	192788552	100.65
2	192794186	100.66
2	192799662	100.66
2	192845992	100.67
2	192943392	100.69
2	192974742	100.7
2	192980877	100.72
2	193036195	101.48
2	193117160	101.49
2	193252918	101.5
2	193262502	101.52
2	193350671	101.6
2	193355868	101.62
2	193553804	102.0
2	193592605	102.2
2	193644398	103.46
2	193790216	103.5
2	193795820	103.52
2	193843852	103.53
2	194018882	103.56
2	194051026	103.58
2	194077546	103.6
2	194128228	103.63
2	194333130	103.67
2	194429606	103.7
2	194441706	103.8
2	194445996	103.81
2	194467198	103.82
2	194469845	103.84
2	194545988	104.0
2	194578572	104.02
2	194677834	104.06
2	194715550	104.08
2	194726310	104.1
2	194735556	104.15
2	194795686	104.23
2	194804232	104.25
2	194923646	104.3
2	195051066	104.4
2	195066583	104.43
2	195165240	104.44
2	195196477	104.45
2	195307156	104.47
2	195379772	104.55
2	195407806	104.57
2	195629020	104.6
2	195639182	104.64
2	195693456	104.68
2	195877064	105.0
2	196772480	105.05
2	196796412	105.1
2	196876874	105.16
2	196908886	105.18
2	196912264	105.2
2	197015428	105.22
2	197092292	105.25
2	197101939	105.26
2	197250860	105.28
2	197317942	105.29
2	197345902	105.3
2	197410538	105.32
2	197626188	105.34
2	197761308	105.38
2	197790250	105.4
2	197817526	105.42
2	197964326	105.43
2	198058780	105.44
2	198114694	105.45
2	198182856	105.46
2	198342451	105.46
2	198371868	105.47
2	198376124	105.48
2	198382408	105.48
2	198391760	105.49
2	198412586	105.49
2	198531338	105.5
2	198553282	105.52
2	198729421	105.6
2	198835221	105.62
2	199019960	105.7
2	199214900	106.0
2	199243616	106.08
2	199360222	106.09
2	199390096	106.1
2	199470300	106.11
2	199477422	106.12
2	199552150	106.14
2	199705626	106.3
2	199734342	106.35
2	199792750	106.36
2	199881173	106.38
2	199902551	106.39
2	199910500	106.4
2	199965528	106.5
2	200047916	106.6
2	200121544	106.62
2	200126115	106.64
2	200229564	106.8
2	200262994	106.82
2	200267709	106.83
2	200449988	106.84
2	200453906	106.85
2	200481346	106.86
2	200539000	106.87
2	200577627	106.88
2	200582846	106.9
2	200600090	106.91
2	200708124	106.91
2	200919767	106.93
2	201070692	106.94
2	201095724	106.95
2	201154474	106.97
2	201177756	106.99
2	201302404	107.0
2	201435832	107.0
2	201448500	107.0
2	201455114	107.0
2	201458299	107.01
2	201512018	107.02
2	201575808	107.03
2	201686122	107.05
2	201851038	107.07
2	201953376	107.11
2	201966118	107.13
2	202065760	107.15
2	202066525	107.17
2	202075632	107.5
2	202087616	107.51
2	202092046	107.51
2	202139178	107.52
2	202149354	107.54
2	202179392	107.56
2	202189106	107.58
2	202261825	107.68
2	202268853	107.7
2	202343670	107.72
2	202354825	107.8
2	202363976	107.81
2	202368946	107.82
2	202532452	107.84
2	202576039	107.86
2	202578143	107.87
2	202583016	107.9
2	202589065	107.95
2	202661497	108.0
2	202731496	109.0
2	202737539	109.01
2	202740618	109.02
2	202769838	109.1
2	202798690	109.24
2	202817804	109.26
2	202825722	109.3
2	202989928	109.4
2	202996881	109.42
2	203001391	109.43
2	203011172	109.44
2	203052245	109.48
2	203054975	109.5
2	203064360	109.51
2	203171736	109.53
2	203301236	109.57
2	203312797	109.59
2	203397154	111.64
2	203406814	111.68
2	203435358	111.7
2	203513408	111.73
2	203516152	111.74
2	203519221	111.75
2	203521070	111.76
2	203522838	111.76
2	203605154	111.76
2	203607090	111.78
2	203608548	111.8
2	203671682	111.82
2	203753699	111.83
2	203761060	111.83
2	203767080	111.84
2	203979501	111.88
2	204053683	111.9
2	204120441	112.0
2	204129085	112.02
2	204158274	112.1
2	204182122	112.12
2	204196360	112.18
2	204238278	112.2
2	204284392	112.22
2	204347006	112.56
2	204370026	112.6
2	204377022	112.61
2	204381822	112.63
2	204385254	112.63
2	204433034	112.64
2	204560296	112.65
2	204642582	112.67
2	204721050	112.68
2	204732978	112.7
2	204757538	112.72
2	204936296	112.76
2	205007014	112.8
2	205019988	112.85
2	205059450	112.89
2	205064100	112.9
2	205075093	112.91
2	205086640	112.92
2	205135360	113.45
2	205186135	113.47
2	205191948	113.48
2	205196434	113.49
2	205203136	113.5
2	205280070	113.52
2	205339932	113.54
2	205344346	113.68
2	205348682	113.7
2	205429128	113.98
2	205490634	114.0
2	205525847	114.02
2	205531588	114.4
2	205760813	114.6
2	205777918	114.65
2	205787653	114.7
2	205820061	114.82
2	205823816	114.84
2	205957182	114.98
2	205990313	115.0
2	206049598	115.5
2	206059108	115.6
2	206083928	116.0
2	206094028	116.05
2	206148089	116.1
2	206154940	116.2
2	206175976	116.28
2	206277408	116.3
2	206454756	116.4
2	206483246	116.42
2	206675500	116.62
2	206697490	116.96
2	207017799	117.0
2	207027068	117.4
2	207368089	117.64
2	207421823	117.7
2	207519796	117.72
2	207528846	117.74
2	207546323	117.9
2	207811932	118.1
2	208068330	118.56
2	208255762	118.6
2	208312207	118.68
2	208319620	118.69
2	208440026	118.7
2	208529867	118.7
2	208611386	118.72
2	208613124	118.73
2	208617262	118.74
2	208781814	118.76
2	208822567	118.77
2	208844891	118.77
2	208960876	118.78
2	208965253	118.79
2	209066904	118.8
2	209071793	118.82
2	209183902	118.9
2	209283406	119.0
2	209288580	119.1
2	209392736	119.2
2	209398342	119.22
2	209564719	119.3
2	209609566	119.32
2	209615110	119.34
2	209694832	119.5
2	209738230	119.51
2	209811070	119.51
2	209873069	119.52
2	209878004	119.53
2	209889772	119.54
2	210080330	119.57
2	210146686	119.57
2	210210610	119.58
2	210216790	119.58
2	210224660	119.58
2	210246946	119.59
2	210251902	119.59
2	210256804	119.59
2	210339164	119.6
2	210399486	119.61
2	210450024	119.62
2	210544846	119.63
2	210674373	119.64
2	210677504	119.65
2	210716754	119.66
2	210747245	119.67
2	210754630	119.67
2	210756813	119.67
2	210825016	119.67
2	210827681	119.68
2	210832012	119.69
2	210872522	119.7
2	210917001	119.8
2	210965376	120.18
2	211010202	120.22
2	211046528	120.29
2	211051850	120.3
2	211065711	120.56
2	211232221	120.65
2	211282022	120.67
2	211385192	120.68
2	211396996	120.7
2	211485160	120.75
2	211639550	120.8
2	211713800	120.8
2	211784709	120.81
2	211805588	120.81
2	211816418	120.81
2	211832186	120.81
2	211874484	120.81
2	211909026	120.81
2	212326746	120.82
2	212482290	120.85
2	212547620	120.86
2	212554710	120.87
2	212635453	120.9
2	212678089	120.92
2	212686990	120.94
2	212746997	121.0
2	212765340	121.1
2	212770462	121.2
2	212786149	121.22
2	212876060	121.52
2	212886422	121.54
2	212951967	121.6
2	212957285	121.62
2	213057074	121.63
2	213093141	121.65
2	213101138	121.66
2	213269020	121.96
2	213304774	122.0
2	213338416	122.04
2	213343298	122.06
2	213345923	122.07
2	213433930	122.38
2	213474119	122.4
2	213546521	122.5
2	213596807	122.52
2	213705441	122.7
2	213744522	122.72
2	213750940	122.8
2	213807286	122.9
2	213884637	122.96
2	213891382	122.98
2	213897172	123.0
2	213899720	123.01
2	214015760	124.0
2	214081362	124.01
2	214086230	124.02
2	214096786	124.04
2	214127440	124.08
2	214232264	124.12
2	214237762	124.16
2	214253294	124.18
2	214430179	124.7
2	214452828	124.71
2	214479270	124.74
2	214502624	124.76
2	214515883	124.77
2	214654915	124.8
2	214663194	124.83
2	214668014	124.84
2	214767062	124.85
2	214778576	124.86
2	214872454	124.87
2	214995690	124.88
2	215005726	124.91
2	215035244	124.94
2	215232704	125.0
2	215347320	125.04
2	215391444	125.1
2	215432045	125.2
2	215579672	125.36
2	215617873	125.38
2	215624324	125.4
2	215702404	125.7
2	215757037	125.72
2	215831900	125.77
2	215845706	125.8
2	215938012	125.9
2	215946146	125.92
2	215952918	125.93
2	216035500	125.97
2	216074416	125.98
2	216098216	125.99
2	216108536	126.0
2	216119435	126.04
2	216166600	126.1
2	216177644	126.14
2	216316064	126.28
2	216332057	126.3
2	216344980	127.4
2	216421802	127.96
2	216435328	128.0
2	216441056	128.02
2	216477354	128.1
2	216659934	128.94
2	216668090	128.95
2	216739198	129.5
2	216746034	129.7
2	216865910	129.8
2	216871480	129.82
2	216884057	129.83
2	216929812	129.9
2	217160136	129.96
2	217181261	130.0
2	217183970	130.0
2	217237186	130.09
2	217245442	130.13
2	217263632	130.15
2	217321344	130.2
2	217439720	130.25
2	217572460	130.28
2	217577838	130.3
2	217624233	130.32
2	217644409	130.34
2	217664003	130.35
2	217744888	130.37
2	217754290	130.38
2	217770874	130.4
2	217812191	130.45
2	217818064	130.46
2	217959165	130.52
2	217994472	130.78
2	217999682	130.8
2	218061628	130.84
2	218072740	130.86
2	218138858	130.88
2	218188944	130.9
2	218290558	130.98
2	218297008	131.62
2	218304138	131.64
2	218310012	131.66
2	218325564	131.67
2	218383086	131.67
2	218443124	131.68
2	218453531	131.68
2	218458490	131.69
2	218507364	131.69
2	218513634	131.7
2	218520682	131.7
2	218557364	131.8
2	218579496	131.82
2	218922696	131.96
2	218925169	132.0
2	219149823	132.25
2	219162867	132.3
2	219275021	132.8
2	219282471	132.84
2	219322080	132.98
2	219330628	133.0
2	219338327	133.02
2	219429906	133.1
2	219437330	133.12
2	219521066	133.16
2	219582710	133.19
2	219586689	133.2
2	219632130	133.24
2	219690888	133.28
2	219712171	133.32
2	219852419	133.35
2	219864582	133.35
2	219872630	133.37
2	219941865	133.4
2	219946160	133.42
2	219947327	133.98
2	219953340	134.0
2	219970517	134.0
2	219981877	134.01
2	220116403	134.02
2	220191192	134.06
2	220322933	134.11
2	220356689	134.12
2	220365680	134.13
2	220388118	134.13
2	220420536	134.26
2	220424427	134.28
2	220474124	134.6
2	220566121	134.62
2	220597542	134.67
2	220624246	134.7
2	220631570	134.72
2	220716980	134.75
2	220778153	134.78
2	220782552	134.8
2	220815460	134.81
2	220844244	134.82
2	220849137	134.83
2	220863952	134.84
2	220948737	134.85
2	220950588	134.85
2	220958367	134.86
2	220986656	134.87
2	221067530	134.9
2	221288980	135.0
2	221294760	135.1
2	221346376	135.6
2	221434340	136.0
2	221437151	136.1
2	221648448	137.03
2	221729057	137.13
2	221729928	137.15
2	221747425	137.2
2	221755599	137.22
2	221822431	137.26
2	221887813	137.98
2	221891661	138.0
2	221923854	138.01
2	222056499	138.02
2	222059700	138.04
2	222088581	138.18
2	222207391	140.0
2	222208536	140.02
2	222214114	140.1
2	222280884	140.59
2	222316914	140.61
2	222321972	140.63
2	222351246	140.65
2	222353108	140.66
2	222358758	140.68
2	222451842	140.69
2	222458720	140.69
2	222494045	140.7
2	222622018	140.72
2	222683649	140.8
2	222752568	140.84
2	222777062	140.87
2	222928574	140.9
2	223025186	140.92
2	223156436	140.98
2	223232648	141.02
2	223261569	141.46
2	223278820	141.48
2	223282218	141.48
2	223287078	141.48
2	223295926	141.49
2	223326350	141.49
2	223331768	141.49
2	223339228	141.49
2	223341969	141.49
2	223406740	141.51
2	223424720	141.51
2	223540872	141.52
2	223576206	141.52
2	223596113	141.52
2	223609399	141.53
2	223642423	141.53
2	223688633	141.55
2	223778190	141.59
2	223789674	141.6
2	223804104	143.0
2	223855340	143.02
2	223900158	143.04
2	223982650	143.05
2	224038310	143.06
2	224082479	143.08
2	224088620	143.09
2	224095708	143.1
2	224101269	143.12
2	224222466	143.16
2	224401424	143.17
2	224408094	143.18
2	224416490	143.2
2	224425886	143.25
2	224456198	143.3
2	224461112	143.31
2	224466608	143.32
2	224605033	143.34
2	224630086	143.36
2	224642336	143.38
2	224729760	143.39
2	224732332	143.39
2	224789382	143.43
2	224863107	143.44
2	224874234	143.45
2	225108810	143.46
2	225182008	143.46
2	225184796	143.48
2	225233980	143.49
2	225308999	143.5
2	225311875	143.51
2	225374345	143.53
2	225479326	143.63
2	225583951	144.0
2	225663148	144.2
2	225746977	144.38
2	225847786	144.4
2	225883238	144.42
2	226022323	144.47
2	226055878	144.49
2	226116244	144.51
2	226204308	144.55
2	226277440	145.5
2	226319111	145.52
2	226439949	145.54
2	226547122	145.6
2	226612096	145.63
2	226666942	145.65
2	226755143	145.7
2	226775084	145.78
2	226787828	145.8
2	226816971	145.8
2	226852930	145.81
2	226895302	145.82
2	226954835	145.84
2	226970634	145.9
2	227204862	145.94
2	227255587	146.0
2	227291400	146.02
2	227380018	146.1
2	227411685	146.18
2	227430612	146.2
2	227487521	146.22
2	227605346	146.28
2	227696818	146.3
2	227777818	146.5
2	227826368	146.52
2	227975866	146.55
2	228222098	146.98
2	228236580	147.0
2	228385858	147.02
2	228696252	147.02
2	228759682	147.03
2	228984168	147.03
2	229104974	147.03
2	229183604	147.03
2	229214062	147.09
2	229240338	147.1
2	229260378	147.11
2	229342876	147.12
2	229350262	147.12
2	229400338	147.13
2	229537729	147.16
2	229707756	147.18
2	229711638	147.19
2	229790434	147.2
2	229824754	147.2
2	229841053	147.27
2	229926558	147.29
2	229933362	147.3
2	229936660	147.3
2	229949490	147.32
2	230177192	147.4
2	230255444	147.41
2	230318530	147.45
2	230332364	147.46
2	230440324	147.5
2	230474910	147.54
2	230528774	148.02
2	230615294	148.06
2	230664470	149.6
2	230697042	149.7
2	230787406	149.73
2	230872132	149.75
2	230918968	149.77
2	230936737	150.0
2	231021802	150.15
2	231084595	150.17
2	231104067	150.21
2	231112390	150.23
2	231147466	150.25
2	231261058	150.26
2	231383037	150.28
2	231387797	150.29
2	231392198	150.3
2	231453338	150.31
2	231462018	150.31
2	231477408	150.33
2	231495582	150.33
2	231536126	150.35
2	231631194	150.4
2	231635250	150.4
2	231705500	150.4
2	231727941	150.48
2	231731328	150.5
2	231785246	150.55
2	231972787	150.58
2	232094528	150.6
2	232126224	150.6
2	232150349	150.62
2	232267294	150.66
2	232307964	150.7
2	232691841	150.8
2	232714170	150.82
2	232721388	150.83
2	232791582	150.85
2	232805465	150.88
2	232836756	150.9
2	232843902	150.92
2	232861654	150.92
2	232916448	150.93
2	232920421	150.93
2	233014224	150.94
2	233098642	150.95
2	233166230	150.97
2	233415251	151.0
2	233435463	151.08
2	233495135	151.1
2	233610139	151.18
2	233619795	151.2
2	233695548	151.3
2	233976790	152.81
2	233981220	152.82
2	234095162	152.85
2	234099780	152.87
2	234329008	152.9
2	234335950	152.91
2	234359160	152.93
2	234391051	152.94
2	234401586	152.95
2	234449212	152.96
2	234480802	152.98
2	234487265	153.0
2	234493080	153.02
2	234526966	154.91
2	234535531	154.93
2	234553007	155.0
2	234884373	155.08
2	235051189	155.54
2	235135118	155.6
2	235142637	155.62
2	235188348	155.69
2	235233433	156.0
2	235242023	156.01
2	235318904	156.1
2	235332172	156.12
2	235337627	156.13
2	235454882	156.16
2	235466325	156.17
2	235469949	156.19
2	235602584	156.21
2	235608023	156.22
2	235624978	156.23
2	235819704	156.24
2	235964646	156.3
2	236031958	156.4
2	236069872	156.44
2	236082144	156.45
2	236178416	156.49
2	236210240	156.5
2	236257372	156.9
2	236333829	157.0
2	236349054	157.08
2	236457942	157.22
2	236582979	158.24
2	236622933	158.27
2	236671462	158.28
2	236684092	158.3
2	236765712	158.69
2	236785055	158.73
2	236793732	158.75
2	236901208	158.8
2	236996011	158.81
2	237020253	158.82
2	237234818	158.84
2	237242670	158.84
2	237249172	158.85
2	237254363	158.85
2	237262266	158.86
2	237293206	158.87
2	237307042	158.88
2	237316864	159.0
2	237370848	162.0
2	237428896	162.02
2	237457068	162.04
2	237501050	162.2
2	237552873	162.22
2	237559416	162.24
2	237576872	162.28
2	237594454	162.3
2	237937424	162.5
2	238222148	162.52
2	238230126	162.52
2	238237674	162.52
2	238399640	162.52
2	238412090	162.53
2	238496111	162.53
2	238577694	162.53
2	238591153	162.6
2	238596634	162.62
2	238604032	162.63
2	238613718	162.65
2	238623408	162.67
2	238631112	162.68
2	238704242	163.44
2	238713452	163.46
2	238719743	163.5
2	238740210	163.7
2	238757729	164.87
2	238830583	164.98
2	238877840	165.0
2	238953366	165.2
2	238972880	165.22
2	239106676	165.26
2	239194776	165.7
2	239201077	165.8
2	239241309	165.84
2	239322732	165.86
2	239332123	165.9
2	239345744	165.92
2	239400600	166.0
2	239529118	166.04
2	239648068	166.4
2	239656792	166.45
2	239705799	166.5
2	239760254	175.2
2	239811324	175.23
2	239845656	175.25
2	239900330	175.29
2	239908584	175.3
2	239951478	175.32
2	239957036	175.33
2	239959806	175.34
2	239964041	175.35
2	239971704	175.37
2	239978398	175.38
2	240008256	175.39
2	240123658	175.44
2	240127252	175.45
2	240259704	175.46
2	240316362	175.47
2	240329082	175.49
2	240330608	175.5
2	240416086	175.5
2	240433604	175.5
2	240442394	175.6
2	240449454	175.64
2	240453854	175.7
2	240459208	175.7
2	240483445	175.7
2	240489740	175.7
2	240634962	175.71
2	240656450	175.73
2	240658850	175.73
2	240796622	175.75
2	240941326	175.8
2	240944402	175.8
2	240990970	175.81
2	241016811	175.82
2	241074576	175.83
2	241080066	175.83
2	241211664	175.84
2	241296928	175.85
2	241317002	175.86
2	241362336	175.86
2	241395242	175.87
2	241447026	175.87
2	241453134	175.88
2	241496362	175.9
2	241510765	175.9
2	241647995	176.91
2	241657415	176.92
2	241707337	176.94
2	241768276	176.99
2	241774833	177.0
2	241826888	178.3
2	241831446	178.32
2	241835545	178.34
2	241862896	178.36
2	241871196	178.4
2	241881010	178.47
2	241930390	178.68
2	242073378	178.82
2	242202564	179.3
2	242233969	179.31
2	242282127	179.45
2	242327148	179.59
2	242423650	179.66
2	242645966	180.02
2	242662389	180.06
2	242702130	180.08
2	242711362	180.1
2	242753113	180.29
2	242760518	180.36
2	242787582	180.4
2	243011475	180.99
2	243068370	181.06
2	243121244	181.2
2	243211025	181.55
2	243310160	181.74
2	243312536	181.76
2	243484148	181.8
3	253579	0.05
3	428252	0.07
3	723132	0.08
3	1220464	0.1
3	1231251	0.12
3	1312675	0.15
3	1395114	0.18
3	1399708	0.19
3	1401776	0.2
3	1406490	0.21
3	1429166	0.23
3	1536848	0.3
3	1540088	0.32
3	1589573	0.5
3	1600992	0.5
3	1604909	0.51
3	1661212	0.51
3	1667954	0.7
3	1677412	1.0
3	1725464	1.06
3	1736242	1.1
3	1736652	1.2
3	1754838	1.3
3	1757583	1.88
3	1803000	2.3
3	1810744	2.34
3	1816063	2.36
3	1837958	2.38
3	1848785	2.39
3	1853106	2.4
3	1896792	2.42
3	1974098	2.48
3	1980157	2.5
3	2020328	2.6
3	2097898	2.64
3	2132727	2.78
3	2194806	2.8
3	2201293	2.8
3	2205728	2.8
3	2212510	3.0
3	2234184	3.2
3	2249445	3.3
3	2254806	3.32
3	2260420	3.36
3	2270562	3.4
3	2276588	3.5
3	2285583	4.0
3	2344242	4.02
3	2509038	5.45
3	2647283	5.83
3	2683131	5.85
3	2758038	5.89
3	2762226	5.9
3	2803452	7.1
3	2822066	7.12
3	2857900	7.4
3	2859880	7.4
3	2922166	7.4
3	2999106	7.45
3	3002267	7.46
3	3008497	7.5
3	3076910	7.52
3	3158102	7.63
3	3167661	7.8
3	3252806	7.95
3	3257982	7.97
3	3369221	8.13
3	3396716	8.15
3	3431296	8.2
3	3454537	8.5
3	3482554	8.88
3	3486240	8.9
3	3508281	9.28
3	3514566	9.3
3	3532186	9.68
3	3569599	10.18
3	3579006	10.2
3	3604608	10.61
3	3612611	10.65
3	3749096	10.68
3	3762712	10.7
3	3898746	13.58
3	3908460	14.84
3	3922560	14.9
3	3964266	15.0
3	3992221	15.16
3	4000576	15.18
3	4071510	15.2
3	4133544	15.25
3	4262094	16.3
3	4406221	16.31
3	4412210	16.32
3	4415274	16.33
3	4421552	16.33
3	4508706	16.4
3	4609656	16.42
3	4614738	16.44
3	4703784	16.46
3	4730702	16.5
3	4742863	16.8
3	4773634	16.82
3	4778707	16.86
3	4788220	16.9
3	4829458	16.94
3	4834314	16.96
3	4919166	16.99
3	4941602	17.0
3	4964672	17.98
3	5113806	18.0
3	5237111	18.2
3	5260906	18.22
3	5276290	18.26
3	5376268	18.4
3	5382906	18.5
3	5514054	19.5
3	5519080	19.52
3	5527322	19.63
3	5536429	19.66
3	5614054	19.96
3	5618620	20.0
3	5709985	20.04
3	5720255	21.0
3	5802536	21.1
3	5836916	21.12
3	5897521	21.15
3	5926612	21.2
3	5930869	21.2
3	5937552	21.21
3	6061916	21.22
3	6066148	21.23
3	6108974	21.3
3	6257529	21.4
3	6387461	21.5
3	6469519	21.52
3	6528544	21.6
3	6572218	21.62
3	6576192	21.7
3	6611362	21.72
3	6675644	21.8
3	6764718	22.2
3	6773602	22.22
3	6858858	22.58
3	6872414	22.6
3	6901681	22.8
3	7011919	23.0
3	7050337	23.1
3	7187308	23.5
3	7319532	23.85
3	7327357	23.87
3	7531578	24.4
3	7537028	24.42
3	7595266	24.44
3	7887299	24.48
3	8059730	25.7
3	8141792	25.8
3	8157190	25.83
3	8162544	26.0
3	8209894	26.04
3	8243588	26.1
3	8308124	26.32
3	8498688	27.19
3	8559470	27.25
3	8566570	27.26
3	8580548	27.32
3	8663586	27.34
3	8777430	27.4
3	8820372	27.5
3	8828976	27.52
3	8894492	27.55
3	8917784	27.58
3	8920746	27.6
3	8969719	27.98
3	8975582	28.0
3	8999668	28.02
3	9003646	28.3
3	9171579	29.0
3	9239604	31.4
3	9260549	31.46
3	9367702	31.5
3	9382402	31.52
3	9436936	31.53
3	9473448	31.53
3	9545180	31.54
3	9550786	31.55
3	9698033	31.56
3	9761568	31.6
3	9780800	31.75
3	9785643	31.77
3	9830148	31.95
3	9840844	31.96
3	10063907	31.97
3	10074548	31.97
3	10267792	32.1
3	10309118	32.12
3	10314290	32.14
3	10442166	32.35
3	10508209	32.39
3	10515882	32.4
3	10571056	32.41
3	10674116	32.43
3	10682726	32.43
3	10831948	32.43
3	10955737	32.45
3	11214636	32.48
3	11426918	32.5
3	11447838	32.6
3	11537242	32.7
3	11607639	32.8
3	11621709	33.0
3	11627750	33.02
3	11873126	33.7
3	12013736	33.8
3	12116056	33.82
3	12117700	33.84
3	12145352	33.86
3	12175436	36.0
3	12244450	36.04
3	12249234	36.06
3	12371798	36.1
3	12441828	36.12
3	12453104	36.14
3	12484258	36.18
3	12518547	36.33
3	12524160	36.34
3	12559634	36.36
3	12593620	36.6
3	12742256	36.9
3	12831410	37.0
3	12952332	37.02
3	13019224	38.0
3	13052072	38.18
3	13133998	38.19
3	13177468	38.2
3	13271678	38.22
3	13349048	38.23
3	13421625	38.24
3	13433682	38.28
3	13497689	38.52
3	13647858	38.54
3	13652106	38.55
3	13730060	39.0
3	13884510	39.02
3	14128075	39.14
3	14324784	39.2
3	14366729	39.25
3	14446776	39.33
3	14797950	39.7
3	14817081	39.74
3	14893388	39.75
3	14906524	39.77
3	14932849	39.79
3	14998586	40.0
3	15009174	40.2
3	15015578	40.22
3	15149696	40.28
3	15188468	40.69
3	15192490	40.7
3	15205756	40.72
3	15276885	40.77
3	15288251	40.79
3	15290523	40.8
3	15414319	40.8
3	15420455	40.8
3	15424031	40.8
3	15426702	40.81
3	15564977	40.81
3	15695644	40.82
3	15727608	40.83
3	15842090	40.83
3	15888222	40.83
3	16022309	40.83
3	16098042	40.83
3	16264674	40.83
3	16319494	40.83
3	16440260	40.83
3	16484817	40.83
3	16582896	40.83
3	16585447	40.83
3	16593146	40.84
3	16633441	40.84
3	16665508	40.84
3	16876894	40.85
3	16961892	40.86
3	17040908	41.0
3	17142453	41.4
3	17208073	41.88
3	17209742	41.9
3	17286980	42.0
3	17310886	42.0
3	17461554	42.0
3	17468280	42.0
3	17628512	42.01
3	17641834	42.01
3	17827070	42.02
3	17931502	42.05
3	17953028	42.1
3	18042260	42.14
3	18044995	42.15
3	18195292	42.2
3	18244210	42.24
3	18253480	42.26
3	18343338	42.3
3	18642552	42.34
3	18835164	42.98
3	19025314	43.0
3	19283204	43.05
3	19290776	43.06
3	19488290	43.07
3	19550096	43.07
3	19704322	43.08
3	19788104	43.08
3	19802055	43.08
3	19824488	43.1
3	19860352	43.11
3	19959165	43.12
3	19975040	43.17
3	19979553	43.17
3	20005394	43.17
3	20099032	43.18
3	20148774	43.18
3	20220855	43.19
3	20263908	43.2
3	20348707	43.22
3	20441232	44.2
3	20468034	44.24
3	20490800	44.26
3	20588156	44.3
3	20636716	44.31
3	20689594	44.32
3	20790502	44.34
3	20987450	44.36
3	21192362	44.38
3	21212763	44.4
3	21311302	45.0
3	21378735	45.02
3	21437152	45.2
3	21509744	45.22
3	21620706	45.43
3	21689557	45.45
3	21728779	45.48
3	21785194	45.5
3	21912272	45.52
3	21920300	45.6
3	21922748	45.61
3	22413442	45.63
3	22455452	45.65
3	22856927	45.72
3	23053288	45.96
3	23122030	45.98
3	23141502	46.0
3	23358193	46.3
3	23435476	46.32
3	23441914	46.34
3	23688108	47.0
3	23829872	47.02
3	23889272	47.1
3	23948482	47.25
3	23956062	47.26
3	24165012	47.27
3	24419518	47.3
3	24514742	47.4
3	24593086	47.44
3	24811308	47.46
3	24926665	47.5
3	25196588	47.55
3	25303802	47.56
3	25966468	47.6
3	26361750	47.68
3	26404676	47.7
3	26508679	47.71
3	26870962	47.71
3	27472478	47.71
3	27682186	47.72
3	27879088	47.72
3	28346019	47.73
3	28354092	47.73
3	28457060	47.73
3	28460104	47.74
3	28473698	47.74
3	28521539	47.75
3	28732882	47.77
3	28738118	47.9
3	28742392	47.92
3	28952246	47.96
3	29039502	48.0
3	29043087	48.02
3	29128104	48.1
3	29214864	48.2
3	29349998	48.3
3	29555938	48.36
3	29595824	49.0
3	29695455	49.58
3	29734412	49.6
3	29776944	49.8
3	29819783	49.83
3	29943376	49.84
3	30090400	49.86
3	30176276	49.9
3	30352152	50.0
3	30358687	50.1
3	30609286	50.2
3	30953560	50.35
3	31048086	50.7
3	31096065	51.0
3	31191357	51.1
3	31480228	51.18
3	31547672	51.2
3	31552161	51.22
3	31904294	51.3
3	32013557	51.32
3	32124496	51.37
3	32131172	51.38
3	32139013	51.39
3	32204725	51.4
3	32223625	51.48
3	32334496	51.5
3	32339891	51.51
3	32346680	51.52
3	32514852	51.53
3	32652591	51.65
3	32892174	51.69
3	33068671	51.73
3	33175556	51.77
3	33179254	51.78
3	33645624	51.98
3	33697030	52.0
3	33707200	52.1
3	33759030	52.12
3	33882368	52.14
3	33885052	52.15
3	33915185	52.17
3	33936250	52.18
3	33993484	52.2
3	34244639	52.22
3	34303859	52.23
3	34593572	52.24
3	34616174	52.25
3	34674094	52.25
3	34731988	52.26
3	34857076	52.28
3	35127261	52.31
3	35532112	52.34
3	35594322	52.34
3	35672344	52.35
3	35677854	52.36
3	35718269	52.4
3	35827287	52.54
3	35830820	52.56
3	35922716	52.58
3	35928389	52.59
3	35933784	52.6
3	35989352	52.7
3	36166308	52.8
3	36198858	53.0
3	36495104	53.02
3	36502406	53.03
3	36671197	53.04
3	36794232	53.06
3	37034672	53.08
3	37146318	53.1
3	37366856	53.12
3	37479542	53.13
3	37882250	53.16
3	37980235	53.18
3	38076044	53.24
3	38261524	53.28
3	38268522	53.3
3	38386006	53.32
3	38460422	53.4
3	38651447	53.44
3	38660196	53.5
3	38833729	53.56
3	38976856	53.6
3	39238672	53.64
3	39319890	53.65
3	39491458	53.66
3	39774829	53.68
3	39850672	53.69
3	40103948	53.69
3	40302842	53.69
3	40367126	53.69
3	40538946	53.7
3	40546195	53.71
3	40548258	53.73
3	40659479	53.74
3	40996154	53.75
3	41323488	53.82
3	41364464	54.0
3	41572004	54.04
3	41666579	54.2
3	41771356	54.25
3	42174434	54.58
3	42184164	54.6
3	42811998	54.88
3	43121475	54.89
3	43263997	54.9
3	43313490	54.92
3	43511896	54.98
3	43555035	55.0
3	43770776	55.3
3	43898078	55.34
3	43950951	55.36
3	44132275	55.8
3	44244070	55.82
3	44578706	55.88
3	45008610	55.92
3	45016632	55.93
3	45016638	55.94
3	45172834	55.96
3	45239418	55.97
3	45372647	55.99
3	45414891	56.01
3	45427380	56.48
3	45554914	56.5
3	45689432	56.52
3	46125136	56.52
3	46171384	56.52
3	46468754	56.53
3	46555270	56.54
3	46590238	56.54
3	46844106	56.56
3	47109906	56.57
3	47408830	56.58
3	47450407	56.59
3	47641212	56.6
3	47929670	56.74
3	47978760	56.76
3	48017275	56.78
3	48157907	56.8
3	48371120	56.81
3	48516130	56.81
3	48923566	56.82
3	49230668	56.83
3	49237254	56.83
3	49355844	56.83
3	49363249	56.84
3	49413364	56.85
3	49580326	56.91
3	49967170	56.92
3	50054213	56.94
3	50287170	56.95
3	50429902	56.95
3	50521786	56.96
3	51085214	56.97
3	51390338	56.98
3	51618290	57.08
3	51792003	57.1
3	51963272	57.12
3	52177942	57.14
3	52213002	57.18
3	52364564	57.23
3	52516472	57.25
3	52749953	57.29
3	52802714	57.33
3	52948859	57.43
3	53137259	57.45
3	53883975	57.61
3	54038040	57.65
3	54313200	57.72
3	54372070	57.73
3	54596464	57.75
3	54663126	57.76
3	54963200	57.77
3	55305406	57.83
3	55536667	57.91
3	55669152	57.94
3	55676468	57.95
3	55952862	57.98
3	55983069	58.0
3	56178727	58.12
3	56318098	58.14
3	56528421	58.17
3	56812798	58.24
3	56852339	58.25
3	57003422	58.29
3	57339306	58.37
3	57413356	58.38
3	57423466	58.38
3	57517268	58.41
3	57617554	58.44
3	57678770	58.46
3	57759516	58.48
3	57926214	58.5
3	58183983	58.58
3	58201958	58.65
3	58512996	58.67
3	58596464	58.69
3	58632070	58.7
3	58671880	58.71
3	58822184	58.75
3	59007021	58.8
3	59243842	58.86
3	59411042	58.9
3	59445264	58.91
3	59592893	58.95
3	59885628	58.97
3	60389572	59.14
3	60579586	59.16
3	60811122	59.25
3	60815436	59.27
3	60867146	59.3
3	61092633	59.32
3	61136484	59.34
3	61205775	59.35
3	61255631	59.36
3	61345080	59.38
3	61481438	59.42
3	61804083	59.9
3	61903862	59.92
3	64105564	60.07
3	64277156	60.1
3	64336094	60.14
3	64878433	60.3
3	65057753	60.32
3	65124162	60.33
3	65146512	60.34
3	65239608	60.36
3	65321483	60.38
3	65438390	60.41
3	65907034	60.45
3	66350525	60.64
3	66354018	60.65
3	66371732	60.65
3	66470030	60.67
3	66506024	60.68
3	66783830	60.7
3	66856554	60.78
3	66958624	60.8
3	67287696	60.84
3	67401944	60.89
3	67440442	60.91
3	67547922	60.95
3	67633722	60.97
3	67863713	61.03
3	68385186	61.18
3	68750560	61.27
3	68759218	61.28
3	68999854	61.3
3	69311576	61.64
3	69462744	61.66
3	69923586	61.68
3	70098542	61.7
3	70590062	62.0
3	71362980	62.02
3	72012559	62.04
3	73646654	62.14
3	74606925	62.2
3	75770983	62.3
3	77667993	62.33
3	78884033	62.34
3	78985533	62.35
3	79619159	62.37
3	80796464	62.4
3	81201486	62.41
3	81742337	62.42
3	82079166	62.43
3	82769334	62.44
3	83428164	62.45
3	83827362	62.46
3	85665682	62.47
3	88412063	62.48
3	89038504	62.49
3	89779444	62.5
3	90445588	62.58
3	91032980	62.7
3	91053120	62.76
3	93332958	62.82
3	93580732	62.82
3	93952832	62.83
3	93955406	62.83
3	94804824	63.0
3	95596632	63.01
3	95887664	63.02
3	96031836	63.04
3	96355723	63.07
3	97319768	63.1
3	97389906	63.11
3	97411548	63.12
3	97412470	63.12
3	97616664	63.13
3	97670511	63.14
3	97845132	63.15
3	98243629	63.2
3	98523741	63.22
3	98741695	63.26
3	99027136	63.3
3	99219764	63.4
3	99376449	63.42
3	99953609	63.45
3	100259542	63.47
3	100745314	63.5
3	101017646	63.5
3	101436320	63.5
3	101536419	63.52
3	101765188	63.53
3	101817494	63.55
3	102064941	63.6
3	102252619	63.6
3	102476671	63.61
3	102952924	63.61
3	103240732	63.61
3	104024490	63.63
3	104151367	63.64
3	104407408	63.64
3	105019877	63.65
3	105504829	63.68
3	106194230	63.69
3	106334558	63.69
3	106506962	63.7
3	106509634	63.71
3	106873800	63.9
3	107104780	64.0
3	107116338	64.1
3	107227914	64.3
3	107321051	64.32
3	107861958	64.6
3	107867226	64.61
3	108067967	64.62
3	108898370	64.63
3	108968831	64.7
3	109184256	64.72
3	109664094	64.8
3	110264754	64.88
3	110292475	64.89
3	110297980	64.9
3	110389068	65.0
3	110901670	65.4
3	111302920	65.42
3	111516590	65.46
3	111786016	65.5
3	111928560	65.6
3	112531802	65.68
3	112550215	65.7
3	112552236	65.72
3	112862690	65.98
3	113016703	66.0
3	113443186	67.1
3	113449665	67.12
3	113460080	67.14
3	113467197	67.2
3	113495590	67.3
3	113507662	67.32
3	113524942	67.34
3	113528881	67.35
3	113590358	67.4
3	113653688	67.6
3	114265084	68.14
3	114689474	68.16
3	114824303	68.2
3	114960444	68.22
3	115004784	68.4
3	115011510	68.5
3	115015441	68.52
3	115104261	68.54
3	115345112	68.75
3	115464264	68.78
3	115532834	68.9
3	115809812	69.09
3	115885070	69.1
3	115893121	69.15
3	116230604	69.21
3	116435440	69.5
3	116503151	69.54
3	116722956	69.56
3	116798986	69.6
3	117164504	69.61
3	117428240	69.62
3	117929998	69.64
3	118295497	69.65
3	118296736	69.67
3	118391868	69.67
3	118486906	69.67
3	119021624	69.68
3	119121930	69.69
3	119200794	69.7
3	119329205	69.72
3	119458960	69.83
3	119563614	69.85
3	119691873	69.89
3	120119828	69.9
3	120297614	70.0
3	120489098	70.02
3	120633076	70.03
3	120917639	70.1
3	120933738	70.2
3	121274480	70.4
3	121287047	70.41
3	121296427	70.42
3	121645322	70.44
3	122383464	71.0
3	122388414	71.02
3	122465671	71.04
3	122551512	71.1
3	122916214	71.14
3	122985165	71.16
3	123447707	71.8
3	123478430	71.82
3	123493914	71.96
3	123757157	71.98
3	124276066	71.99
3	124568536	72.0
3	124688390	72.0
3	124841718	72.04
3	124995802	72.08
3	125209304	72.1
3	125305664	72.2
3	125448451	73.0
3	125623639	73.22
3	126076692	73.3
3	126083292	73.31
3	126176635	73.4
3	127149638	73.5
3	127172886	73.63
3	127199008	74.0
3	127563889	74.2
3	127622103	74.28
3	127707782	74.3
3	127905082	74.6
3	127967446	74.8
3	128158355	74.84
3	128473263	75.12
3	128500496	75.16
3	128592577	75.2
3	128714172	75.3
3	128797600	75.38
3	129041008	75.5
3	129137789	75.8
3	129226792	75.85
3	129375857	75.93
3	129458946	75.94
3	129520036	75.95
3	129616032	75.95
3	129750866	75.96
3	130031180	75.97
3	130145462	75.97
3	130170692	75.97
3	130303332	75.98
3	130339546	75.98
3	130387846	75.99
3	130414034	76.0
3	130442514	76.0
3	130555176	76.02
3	130558866	76.03
3	130588882	76.04
3	130594110	76.04
3	130596474	76.05
3	130656282	76.06
3	130711276	76.06
3	130731130	76.07
3	130817522	76.08
3	130939022	76.09
3	131014553	76.09
3	131481682	76.09
3	131609637	76.1
3	131895654	76.1
3	132057926	76.12
3	132359934	76.15
3	132610432	76.16
3	132844948	76.18
3	133143488	76.26
3	133152012	76.28
3	133237922	76.3
3	133496015	76.4
3	133551717	76.45
3	133726060	76.7
3	133824870	76.75
3	133837588	76.77
3	133899650	76.81
3	133967359	76.9
3	134034064	76.9
3	134106278	76.91
3	134231884	76.92
3	134437466	76.93
3	134444654	76.94
3	134652756	76.95
3	134792086	76.95
3	134799048	76.96
3	134804940	76.96
3	134827258	76.97
3	134903813	76.97
3	135036258	76.98
3	135067308	76.98
3	135085626	76.98
3	135317097	76.98
3	135386268	76.99
3	135487082	77.0
3	135574164	77.0
3	135621636	77.0
3	135625386	77.01
3	135703246	77.01
3	135857704	77.02
3	135895530	77.03
3	136226826	77.05
3	136294924	77.06
3	136534080	77.1
3	136566004	77.12
3	136571038	77.14
3	136617136	77.16
3	136791674	77.31
3	136843676	77.6
3	136915460	77.7
3	137063826	77.78
3	137069490	77.8
3	137074962	77.81
3	137224143	77.82
3	137389544	77.83
3	137535993	77.85
3	137937040	77.9
3	137954504	77.92
3	137998558	77.95
3	138032512	77.97
3	138187392	78.0
3	138202688	78.02
3	138400112	78.04
3	138524498	78.35
3	138841134	78.7
3	138905070	78.74
3	138961204	78.76
3	139023900	78.78
3	139032018	78.85
3	139154086	78.86
3	139160004	78.87
3	139193384	78.87
3	139336954	78.88
3	139755988	78.89
3	139994050	78.9
3	140029716	78.9
3	140059384	78.93
3	140246471	79.0
3	140266748	79.02
3	140362880	79.04
3	140397536	79.06
3	140404146	79.2
3	140519054	79.3
3	140682981	79.31
3	140824450	79.31
3	140831064	79.32
3	140939214	79.33
3	141163092	79.34
3	141301730	79.34
3	141366266	79.35
3	141442392	79.36
3	141759510	79.37
3	142056201	79.37
3	142124616	79.37
3	142277541	79.38
3	142493057	79.39
3	142516408	79.4
3	142627642	79.42
3	143050082	79.49
3	143117045	79.5
3	143162778	79.5
3	143245682	79.5
3	143253764	79.5
3	143455323	79.5
3	143481614	79.5
3	144027309	79.51
3	144201558	79.51
3	144492700	79.57
3	144512597	79.58
3	144518884	79.59
3	144669372	79.59
3	144776656	79.6
3	144783354	79.61
3	144812170	79.61
3	144988636	79.62
3	145208158	79.68
3	145530728	79.75
3	145580712	79.77
3	145620525	79.81
3	145821421	79.81
3	145825664	79.82
3	146087843	79.85
3	146424952	79.87
3	146428777	79.88
3	146485178	79.9
3	146671697	79.91
3	146722524	79.92
3	146726264	79.93
3	146729716	79.94
3	146732846	79.95
3	146740938	79.95
3	146831234	79.95
3	147104156	79.96
3	147109780	79.96
3	147366316	79.96
3	147369999	79.97
3	147413257	80.0
3	147420665	80.02
3	147534684	80.04
3	147672070	81.0
3	147680122	81.02
3	147692972	81.04
3	147709924	81.06
3	147752499	81.1
3	147829093	81.27
3	147970774	81.27
3	147976385	81.27
3	148183482	81.28
3	148314515	81.28
3	148323760	81.28
3	148332398	81.28
3	148427936	81.29
3	148432260	81.29
3	148503890	81.29
3	148514858	81.3
3	148554358	81.3
3	148633222	81.3
3	148697838	81.3
3	148813694	81.31
3	148917784	81.31
3	148924341	81.32
3	149115354	81.33
3	149212803	81.35
3	149218046	81.4
3	149295348	81.51
3	149356364	81.53
3	149474432	81.55
3	149480352	81.58
3	149486577	81.6
3	149663804	81.7
3	149687520	81.71
3	149742757	81.73
3	149824707	81.74
3	149883934	81.75
3	150048768	81.8
3	150111651	82.0
3	150298258	82.58
3	150318848	82.6
3	150466401	82.65
3	150488466	82.67
3	150666472	82.83
3	150871368	82.85
3	150922160	82.85
3	151045950	82.87
3	151053390	82.88
3	151343004	82.9
3	151343282	82.9
3	151430438	82.91
3	151448387	82.92
3	151461912	82.93
3	151478478	82.93
3	151517012	82.94
3	151611754	83.65
3	151623106	83.65
3	152088092	83.66
3	152234581	83.67
3	152331592	83.67
3	152464916	83.67
3	152660084	83.67
3	152896078	83.67
3	152950516	83.68
3	152997235	83.68
3	153167604	83.69
3	153425780	83.69
3	153464877	83.7
3	153480918	83.7
3	153819436	83.7
3	153939304	83.72
3	154069790	83.73
3	154096432	83.76
3	154100076	83.77
3	154281308	83.9
3	154306074	84.0
3	154617797	84.1
3	154703468	84.16
3	154941080	84.38
3	155787612	84.8
3	155908992	84.96
3	155916095	84.98
3	155930608	85.0
3	156066880	85.08
3	156070837	85.09
3	156075993	85.11
3	156160862	85.15
3	156213442	85.16
3	156271390	85.19
3	156275644	85.2
3	156573408	85.5
3	156579890	85.51
3	156762386	85.53
3	156797076	85.64
3	156820120	85.7
3	156835068	85.72
3	157001222	85.8
3	157019888	85.82
3	157121612	85.9
3	157125406	85.91
3	157225468	86.2
3	157505420	86.25
3	157661146	86.4
3	157719908	86.42
3	157826482	86.43
3	158002092	86.44
3	158074670	86.45
3	158130775	86.48
3	158143557	86.5
3	158248504	86.51
3	158251314	86.52
3	158565276	86.55
3	158662611	86.56
3	158786173	86.58
3	158939530	86.6
3	159091660	86.63
3	159097876	86.63
3	159101552	86.64
3	159109793	86.65
3	159201924	86.66
3	159229636	86.66
3	159281552	86.66
3	159286509	86.67
3	159303627	86.67
3	159316076	86.67
3	159350874	86.67
3	159357645	86.68
3	159460077	86.68
3	159658312	86.69
3	159748415	86.7
3	159821450	86.71
3	159883878	86.72
3	159985388	86.72
3	160002784	86.72
3	160191569	86.72
3	160341370	86.73
3	160581176	86.73
3	160672682	86.73
3	160682798	86.74
3	160740551	86.74
3	160751332	86.75
3	160879531	86.75
3	161085040	86.76
3	161091658	86.77
3	161168912	86.78
3	161185978	86.8
3	161581414	87.3
3	161790670	87.4
3	161794857	87.42
3	162004645	87.58
3	162063390	87.6
3	162128872	87.65
3	162585742	88.44
3	162685752	88.5
3	162818306	89.0
3	162921377	89.4
3	162943696	89.42
3	163068562	89.43
3	163104494	89.45
3	163422874	89.58
3	163554048	89.7
3	163753550	90.0
3	163776344	91.0
3	163839568	91.2
3	163843558	91.22
3	163928192	91.3
3	164039771	91.4
3	164144002	91.88
3	164251454	91.9
3	164500910	91.98
3	164559705	92.04
3	164784304	92.08
3	164885978	92.09
3	164890852	92.1
3	164945994	92.2
3	164995464	92.3
3	165009232	92.32
3	165021692	92.34
3	167837105	92.36
3	168355522	92.38
3	168483491	92.4
3	168708030	92.45
3	168711786	92.46
3	168990964	92.48
3	169095382	92.5
3	169104340	92.56
3	169204908	92.58
3	169229124	92.6
3	169281444	92.62
3	169577758	92.7
3	169653342	92.74
3	169661502	92.75
3	169700383	92.76
3	169870044	92.77
3	170125464	92.78
3	170125591	92.78
3	170134442	92.78
3	170140282	92.78
3	170302186	92.79
3	170388930	92.79
3	170391448	92.79
3	170524342	92.8
3	170526343	92.81
3	170566596	92.82
3	170677380	92.83
3	170690822	92.84
3	170746202	92.85
3	170816988	93.0
3	170872947	93.02
3	170922108	93.2
3	171048704	94.48
3	171053657	95.0
3	171058488	95.02
3	171104458	95.04
3	171120404	96.23
3	171287218	96.24
3	171355207	96.24
3	171379908	96.25
3	171483325	96.32
3	171502323	96.33
3	171698998	96.35
3	171738765	96.36
3	171762792	96.37
3	172062944	96.38
3	172126252	96.39
3	172136247	96.4
3	172168978	96.6
3	172178364	97.01
3	172303408	97.03
3	172307704	97.04
3	172627114	97.2
3	172841712	97.4
3	172898374	97.41
3	172973850	97.53
3	173080284	97.55
3	173089827	97.58
3	173099665	97.58
3	173298480	97.7
3	173442624	97.93
3	173535348	97.94
3	173539971	97.95
3	173575564	97.95
3	173579584	97.96
3	173687707	97.97
3	173694508	97.98
3	173730084	97.99
3	173841202	98.0
3	174204654	98.3
3	174250369	98.4
3	174502383	98.5
3	174645434	98.56
3	174734068	98.58
3	174742803	98.6
3	174747758	98.61
3	174857752	98.68
3	174884680	98.7
3	175002192	98.8
3	175058560	99.0
3	175078114	99.05
3	175099050	99.07
3	175129426	99.1
3	175137480	99.12
3	175359220	99.26
3	175411834	99.28
3	175450098	99.3
3	175550913	99.4
3	175676984	99.5
3	176076084	99.6
3	176083749	99.61
3	176088640	99.63
3	176093305	99.64
3	176399260	99.7
3	176613822	99.8
3	176717156	99.9
3	176804053	99.92
3	176862294	100.3
3	176997188	100.33
3	177037488	100.35
3	177042312	100.37
3	177114371	100.39
3	177131022	100.4
3	177297120	100.96
3	177346756	100.98
3	177477097	101.0
3	177484424	101.02
3	177562986	101.42
3	177691480	101.46
3	177694414	101.48
3	177706060	101.5
3	177893910	101.66
3	177968002	101.7
3	178064874	101.78
3	178077764	101.8
3	178167378	101.82
3	178171480	102.0
3	178217966	102.3
3	178410159	102.38
3	178522126	102.56
3	178763640	102.6
3	178989962	102.62
3	179001956	102.65
3	179050438	102.67
3	179074778	102.68
3	179081781	102.7
3	179172790	102.78
3	179423997	102.79
3	179496482	102.8
3	179504398	102.8
3	179565678	102.9
3	179571108	102.92
3	179855990	102.93
3	180128764	102.96
3	180289252	102.98
3	180312116	103.0
3	180333593	103.0
3	180342840	103.01
3	180350950	103.02
3	180363294	103.04
3	180413868	103.1
3	180458287	103.18
3	180463703	103.2
3	180473244	103.22
3	180477626	103.28
3	180480846	103.3
3	180561078	103.5
3	180652377	103.6
3	180681486	103.7
3	180713340	104.26
3	180719716	104.28
3	180754509	104.3
3	180765710	104.32
3	180776696	104.34
3	180788119	104.4
3	180819978	104.42
3	180825027	104.44
3	181056678	104.48
3	181086944	104.5
3	181096454	104.54
3	181126210	105.0
3	181148936	105.1
3	181220803	105.74
3	181228012	105.78
3	181250560	105.8
3	181374280	105.91
3	181401441	105.91
3	181403761	105.91
3	181489878	105.91
3	181492382	105.91
3	181617240	105.92
3	181626302	105.93
3	181672993	105.94
3	181676711	105.95
3	181689505	105.98
3	181763478	106.34
3	181992294	106.36
3	182123157	106.4
3	182230160	106.42
3	182487779	108.1
3	182532964	108.12
3	182674234	108.2
3	182787666	108.4
3	183010782	108.45
3	183021352	108.5
3	183112569	108.53
3	183163835	108.55
3	183180652	108.56
3	183208798	108.58
3	183242282	108.6
3	183348940	108.64
3	183438250	108.65
3	183480873	108.66
3	183585853	108.66
3	183635898	108.7
3	183751591	108.72
3	183847966	108.9
3	183903139	108.92
3	184021480	108.95
3	184029150	109.0
3	184110023	109.98
3	184157646	110.0
3	184163970	110.1
3	184259258	110.5
3	184273753	110.53
3	184420480	110.56
3	184481700	110.6
3	184485356	110.61
3	184580366	110.7
3	184696348	111.0
3	184699486	111.02
3	184705783	111.04
3	184754686	111.06
3	184784536	111.13
3	184788363	111.15
3	184794438	111.17
3	184846218	111.25
3	184853048	111.25
3	185043594	112.85
3	185050076	112.85
3	185094935	112.87
3	185312094	112.9
3	185581064	112.96
3	185594471	113.0
3	185643161	113.15
3	185698361	113.2
3	185763915	113.28
3	185774212	113.3
3	185838141	113.4
3	185865320	113.42
3	185870226	113.43
3	185911866	113.45
3	186010316	113.48
3	186060659	113.5
3	186068510	113.6
3	186113226	113.62
3	186159261	113.8
3	186189948	113.82
3	186200675	114.0
3	186366226	114.5
3	186614342	114.96
3	186676360	115.18
3	186681783	115.19
3	186721228	115.21
3	186757434	115.22
3	186788564	115.22
3	186807410	115.23
3	186858966	115.24
3	186879420	115.24
3	186908544	115.28
3	186935367	115.4
3	186944512	115.5
3	187023344	115.74
3	187155156	115.78
3	187161493	115.8
3	187200288	115.82
3	187279636	115.9
3	187399990	115.93
3	187530765	115.95
3	187687892	115.97
3	187707924	115.97
3	187783668	115.98
3	187788408	115.98
3	187824251	115.99
3	187847265	115.99
3	187949098	116.04
3	187975368	116.06
3	188038795	116.48
3	188190682	116.5
3	188229728	116.6
3	188367506	116.62
3	188416486	116.7
3	188498150	117.0
3	188554762	117.05
3	188598925	117.07
3	188667026	117.09
3	188671414	117.1
3	188751610	117.24
3	188760550	117.3
3	188957775	117.32
3	188997676	118.28
3	189077964	118.3
3	189250846	119.0
3	189326237	119.36
3	189347555	119.38
3	189351516	119.39
3	189400786	119.4
3	189411122	119.4
3	189444745	119.42
3	189489488	119.43
3	189510554	119.43
3	189566028	119.44
3	189592838	119.46
3	189745200	119.5
3	189798658	119.52
3	189824618	119.7
3	189970946	119.75
3	189975838	119.8
3	190005686	119.9
3	190094058	119.98
3	190201290	120.6
3	190396876	120.62
3	190424590	120.64
3	190463680	120.8
3	190470376	120.84
3	190532430	120.86
3	190592415	120.9
3	190769378	120.98
3	190839816	120.99
3	190845007	121.0
3	190927429	121.02
3	191055720	121.2
3	191060812	121.25
3	191129502	121.3
3	191151669	121.34
3	191286139	121.5
3	191290788	121.5
3	191298068	121.51
3	191302192	121.51
3	191321732	121.53
3	191359488	121.57
3	191479208	121.8
3	191485214	121.9
3	191522443	122.0
3	191574750	122.1
3	191663876	122.3
3	191738940	122.4
3	191851272	122.5
3	191895376	122.5
3	191930743	122.51
3	192025422	122.51
3	192030186	122.51
3	192104235	122.51
3	192123636	122.51
3	192130966	122.52
3	192146060	122.54
3	192151580	122.55
3	192185928	122.56
3	192196596	122.56
3	192263044	122.57
3	192267042	122.57
3	192270978	122.58
3	192309258	122.59
3	192320545	122.74
3	192357994	122.76
3	192368110	122.78
3	192377806	122.78
3	192423381	122.79
3	192518424	122.85
3	192527956	122.87
3	192531078	122.88
3	192545750	122.89
3	192560316	122.9
3	192564010	122.9
3	192569396	122.91
3	192617374	122.92
3	192618896	122.92
3	192688271	122.95
3	192695494	122.97
3	192788088	122.99
3	192792688	123.0
3	192819147	123.1
3	192864236	123.2
3	192945775	123.24
3	192971432	123.4
3	193029491	123.43
3	193357196	123.45
3	193378312	123.47
3	193386212	123.48
3	193392241	123.5
3	193595329	123.6
3	193633023	123.8
3	193741538	124.0
3	193953184	124.84
3	193978184	124.9
3	194293128	124.98
3	194407104	125.0
3	194525194	125.2
3	194528314	125.22
3	194552795	125.24
3	194593180	125.26
3	194595480	125.38
3	194661638	125.4
3	194714200	125.47
3	194753716	125.5
3	194838417	125.54
3	194883856	125.58
3	194892457	125.6
3	194914298	125.68
3	194961609	125.7
3	194999698	125.8
3	195048575	125.98
3	195127771	126.0
3	195165542	126.2
3	195296514	126.22
3	195391085	126.27
3	195398170	126.6
3	195517916	126.78
3	195530723	126.8
3	195626516	126.98
3	195639552	127.0
3	195815896	127.2
3	195841286	127.3
3	195851509	127.4
3	195957414	127.45
3	195993032	127.46
3	196009866	127.46
3	196071492	127.47
3	196116531	127.5
3	196214514	127.51
3	196250714	127.52
3	196360684	127.53
3	196443748	127.56
3	196481831	127.57
3	196555691	127.58
3	196597185	127.6
3	196696096	127.67
3	196786600	127.69
3	196847964	127.7
3	196854782	127.72
3	196935280	127.74
3	197017492	127.88
3	197029502	127.9
3	197098364	127.91
3	197118363	127.93
3	197211044	127.94
3	197317096	127.95
3	197323852	127.95
3	197568624	127.95
3	197866297	127.96
3	197873340	127.96
3	197981910	127.96
3	198188609	127.97
3	198235824	127.97
3	198369059	127.97
3	198569513	127.98
3	198665972	127.98
3	198689891	128.0
3	198724865	128.18
3	198824188	128.28
3	198832006	128.3
3	198960206	128.32
3	199107411	129.0
3	199130450	132.35
3	199134085	132.36
3	199144685	132.4
3	199272606	134.0
3	199454646	134.18
3	199531078	134.2
3	199637389	134.29
3	199645134	134.3
3	199726402	134.31
3	199733594	134.31
3	199775299	134.32
3	199827052	134.33
3	199904467	134.35
3	199975954	134.36
3	200024654	134.4
3	200151358	134.43
3	200194100	134.44
3	200204415	134.45
3	200337217	134.48
3	200356734	134.49
3	200405376	134.5
3	200468932	134.5
3	200489848	134.51
3	200511928	134.51
3	200613362	134.53
3	200707808	134.55
3	200747721	134.6
3	200754818	134.62
3	200770430	134.64
3	200797664	134.66
3	200884890	134.68
3	200990308	134.7
3	201026676	135.0
3	201031659	135.01
3	201037376	135.01
3	201042042	135.02
3	201064686	135.05
3	201098046	135.07
3	201115203	135.08
3	201125894	135.09
3	201139794	135.1
3	201172500	135.13
3	201222038	135.16
3	201231694	135.2
3	201283348	135.24
3	201404326	135.3
3	201601124	135.38
3	201605572	135.4
3	201648530	135.42
3	201724190	135.5
3	201734129	135.51
3	201865890	136.0
3	202033760	136.0
3	202180428	136.0
3	202421026	136.01
3	202473458	136.05
3	202500406	136.05
3	202504416	136.06
3	202543236	136.06
3	202561440	136.06
3	202577319	136.07
3	202615046	136.08
3	202697642	136.08
3	202795830	136.09
3	202892862	136.1
3	202894492	136.1
3	202898589	136.1
3	203072674	136.12
3	203167059	136.12
3	203216068	136.13
3	203325336	136.14
3	203397954	136.14
3	203532704	136.15
3	203539073	136.15
3	203548837	136.16
3	203555754	136.16
3	203693682	136.17
3	203708425	136.17
3	203734774	136.18
3	203746498	136.18
3	203763080	136.19
3	203768490	136.19
3	203840996	136.19
3	203937839	136.2
3	203971003	136.2
3	204068868	136.2
3	204166917	136.2
3	204190054	136.2
3	204197388	136.2
3	204268528	136.2
3	204409582	136.21
3	204416170	136.21
3	204420386	136.22
3	204439413	136.22
3	204445239	136.22
3	204472883	136.23
3	204476404	136.23
3	204504674	136.23
3	204578800	136.23
3	204735078	136.24
3	204799986	136.24
3	204802899	136.24
3	204834652	136.24
3	204842054	136.24
3	204960328	136.24
3	205011190	136.24
3	205034870	136.24
3	205139496	136.24
3	205216448	136.24
3	205219832	136.25
3	205271688	136.26
3	205300280	136.27
3	205355946	136.28
3	205418555	136.29
3	205422439	136.29
3	205439304	136.29
3	205531998	136.3
3	205656468	136.38
3	205663207	136.4
3	205888868	136.88
3	205893870	136.9
3	206007570	136.95
3	206121412	136.96
3	206246833	136.98
3	206260078	137.0
3	206307698	138.0
3	206340141	138.04
3	206426918	139.0
3	206439214	140.0
3	206477504	140.02
3	206498216	141.6
3	206549302	141.63
3	206574863	141.64
3	206654072	141.65
3	206788228	141.66
3	206898656	141.67
3	206948832	141.68
3	207061510	141.7
3	207165474	141.85
3	207176443	141.86
3	207198734	141.87
3	207214598	141.89
3	207256482	141.9
3	207304733	141.98
3	207336288	142.0
3	207420945	142.06
3	207428073	142.08
3	207448666	142.09
3	207531174	142.18
3	207636908	142.2
3	207706978	142.24
3	207817004	142.28
3	208045029	142.54
3	208093940	142.56
3	208124924	142.6
3	208157348	142.62
3	208173503	142.7
3	208249928	142.8
3	208259702	142.82
3	208272386	142.88
3	208413852	142.9
3	208491009	142.91
3	208607965	142.91
3	208802665	142.91
3	209053562	142.94
3	209060306	142.95
3	209195556	142.98
3	209283194	143.0
3	209394202	143.05
3	209459649	143.1
3	209589366	143.14
3	209594807	143.15
3	209601088	143.16
3	209611696	143.17
3	209673531	143.18
3	209804833	143.22
3	209921886	143.74
3	209929438	143.8
3	209932668	143.82
3	209968058	143.86
3	209972217	143.9
3	209988515	144.0
3	210006768	144.05
3	210033206	144.1
3	210037244	144.14
3	210341691	144.56
3	210347418	144.58
3	210353752	144.59
3	210367835	144.6
3	210460894	144.7
3	210501120	145.0
3	210631550	145.6
3	210645166	145.62
3	210649650	145.64
3	210734694	145.78
3	210740166	145.8
3	210748266	145.89
3	210780224	146.38
3	210833202	146.38
3	210850178	146.38
3	210859451	146.38
3	210896569	146.38
3	211134392	146.39
3	211160186	146.39
3	211278486	146.39
3	211323274	146.39
3	211350605	146.39
3	211481074	146.4
3	211544916	146.4
3	211674578	146.4
3	211847157	146.9
3	211996679	148.0
3	212040028	149.0
3	212047940	149.51
3	212067406	149.51
3	212116443	149.51
3	212193404	149.52
3	212228390	149.53
3	212280236	149.54
3	212298028	149.55
3	212364902	149.55
3	212411244	149.56
3	212414830	149.56
3	212428934	149.56
3	212469806	149.57
3	212502094	149.57
3	212626507	149.58
3	212811011	149.6
3	212982757	149.61
3	213060862	149.62
3	213068973	149.62
3	213114436	149.62
3	213189821	149.63
3	213302022	149.63
3	213341514	149.64
3	213472629	149.64
3	213492866	149.65
3	213624036	149.66
3	213638833	149.67
3	213676559	149.67
3	213912635	149.68
3	213980598	149.68
3	214043248	149.68
3	214112885	149.69
3	214118366	149.69
3	214190334	149.69
3	214295585	149.7
3	214357566	149.7
3	214458372	149.7
3	214474962	149.71
3	214521706	149.75
3	214624684	149.85
3	214686442	149.9
3	214694440	150.0
3	214726899	150.02
3	214807859	150.09
3	214935134	150.15
3	215087421	150.19
3	215142988	150.21
3	215228502	152.3
3	215243012	152.32
3	215310212	152.55
3	215324052	152.6
3	215427570	152.7
3	215441696	152.71
3	215559658	152.8
3	215640448	152.85
3	215653825	152.86
3	215655088	152.87
3	215732286	152.9
3	215823970	153.0
3	215860122	153.2
3	215948768	153.3
3	215972634	153.32
3	216021470	153.7
3	216094896	153.9
3	216110268	153.96
3	216123913	153.98
3	216172506	154.0
3	216265310	154.02
3	216291024	154.5
3	216306951	154.53
3	216344510	154.56
3	216352874	154.6
3	216381627	154.6
3	216427488	154.6
3	216573490	154.61
3	216619457	154.61
3	216724164	154.61
3	216739444	154.61
3	216801060	154.61
3	217123402	154.62
3	217304260	154.68
3	217344610	154.68
3	217352618	154.68
3	217354964	154.68
3	217490686	154.69
3	217578535	154.69
3	217594912	154.69
3	217608760	154.7
3	217636388	154.76
3	217648193	154.76
3	217654851	154.76
3	217789692	154.76
3	217815780	154.77
3	218066082	154.78
3	218139776	154.8
3	218364820	155.0
3	218459537	156.0
3	218603548	156.78
3	218638682	156.8
3	218793910	156.81
3	218843676	157.82
3	218885338	157.84
3	218975510	158.0
3	219123228	158.45
3	219137766	158.5
3	219182961	158.58
3	219196330	158.6
3	219210508	158.62
3	219213198	158.64
3	219246504	158.66
3	219365572	158.7
3	219377880	158.8
3	219391334	163.8
3	219489786	164.0
3	219530912	164.3
3	219593444	164.5
3	219596003	164.52
3	219653248	165.0
3	219713324	165.42
3	219764890	165.44
3	219790730	165.46
3	219801769	165.48
3	219842886	165.5
3	219959764	165.6
3	219981686	165.61
3	220056609	165.62
3	220147796	165.62
3	220153015	165.62
3	220173004	165.62
3	220182674	165.63
3	220200794	165.64
3	220300298	167.0
3	220305850	167.0
3	220358138	167.05
3	220365745	167.07
3	220395569	167.1
3	220437915	167.2
3	220554755	167.24
3	220706457	169.96
3	220746873	170.0
3	220893046	170.02
3	220949891	170.11
3	220991306	170.14
3	221000208	170.18
3	221272123	170.24
3	221305723	170.3
3	221365842	170.4
3	221455316	170.44
3	221471867	170.46
3	221607416	170.68
3	221709489	170.7
3	221734504	170.7
3	221746940	170.88
3	221780690	170.9
3	221794802	171.0
3	221830011	171.5
3	221897599	172.0
3	221941898	172.8
3	221957490	172.82
3	221961812	172.84
3	221967884	172.86
3	221971646	172.87
3	222013352	174.0
3	222080445	175.08
3	222133536	175.2
3	222247970	175.55
3	222252880	175.57
3	222338440	175.59
3	222392820	175.61
3	222399572	175.63
3	222491362	176.0
3	222505222	176.1
3	222597192	176.14
3	222668098	177.0
3	222743792	177.16
3	222802027	177.2
3	222882986	177.5
3	222947664	177.66
3	222987866	177.8
3	222992398	177.81
3	223081358	177.83
3	223089840	177.88
3	223111530	177.89
3	223157884	177.9
3	223188962	177.9
3	223197073	177.9
3	223221093	177.92
3	223229166	177.94
3	223324080	177.94
3	223352854	177.96
3	223361646	177.96
3	223466460	177.98
3	223539669	178.0
3	223547863	178.4
3	223557895	178.5
3	223649121	178.52
3	223713620	178.54
3	223726740	178.8
3	223838552	178.88
3	223861458	178.9
3	223887982	178.92
3	224010818	179.0
3	224021375	179.02
3	224039024	179.04
3	224083783	180.0
3	224280680	180.7
3	224335342	180.85
3	224380716	181.0
3	224435938	181.36
3	224439002	181.38
3	224444714	181.4
3	224725272	183.0
3	224737020	183.02
3	224802078	183.5
3	224845536	183.98
3	224878774	184.0
3	224925064	184.02
3	224939388	184.05
3	224964918	184.1
3	224977640	184.12
3	225026543	184.2
3	225041179	184.3
3	225121622	184.68
3	225253578	184.8
3	225262509	184.82
3	225308277	184.88
3	225342600	184.9
3	225399898	185.0
3	225436405	185.02
3	225703134	185.8
3	225743196	186.0
3	225866048	187.11
3	226026432	187.13
3	226085887	187.2
3	226100390	187.23
3	226226496	187.3
3	226237705	187.34
3	226261837	187.36
3	226278640	187.38
3	226285625	187.42
3	226457948	187.5
3	226503496	189.0
3	226759795	189.1
3	226819921	189.15
3	226824049	189.16
3	226839516	189.18
3	226887766	189.2
3	226899217	189.21
3	226918423	189.21
3	226964226	189.21
3	227050180	189.22
3	227111415	189.23
3	227155954	189.24
3	227182216	189.24
3	227188274	189.25
3	227196848	189.25
3	227230157	189.3
3	227237180	189.31
3	227253604	189.32
3	227259656	189.35
3	227308324	189.48
3	227322453	189.49
3	227512444	189.51
3	227547546	189.53
3	227583800	189.53
3	228163284	189.55
3	228172854	189.55
3	228180916	189.56
3	228194126	189.57
3	228205650	189.59
3	228232216	189.6
3	228346399	189.66
3	228411170	189.7
3	228583638	189.74
3	228601610	189.76
3	228637856	189.78
3	228700731	189.8
3	228706780	189.82
3	228713894	189.86
3	228818142	189.88
3	228921345	189.9
3	228924744	189.91
3	228968978	189.92
3	229021480	189.95
3	229059904	189.95
3	229148372	189.96
3	229190267	189.97
3	229302408	189.98
3	229314020	190.1
3	229360557	190.12
3	229362682	193.0
3	229366066	193.0
3	229369832	193.0
3	229373800	193.0
3	229385350	193.0
3	229441523	194.0
3	229582342	195.21
3	229611096	195.27
3	229618612	195.28
3	229634513	195.3
3	229745905	196.0
3	229780754	196.02
3	229895154	196.04
3	230081188	196.8
3	230087115	196.85
3	230107792	196.9
3	230163839	197.0
3	230305880	197.1
3	230553879	197.16
3	230559814	197.18
3	230577140	197.2
3	230676148	197.6
3	230730262	197.66
3	230740832	197.7
3	230771162	197.72
3	230871492	198.0
3	230955216	198.3
3	230962469	198.33
3	230995375	198.5
3	231111704	200.0
3	231241929	200.08
3	231260025	200.1
3	231445484	200.2
3	231527370	200.3
3	231544031	200.31
3	231597748	200.32
3	231864944	200.34
3	231897108	200.36
3	232034880	200.4
3	232119813	200.46
3	232256058	200.5
3	232286154	200.51
3	232353575	200.53
3	232440558	200.55
3	232547688	200.8
3	232594294	200.84
3	232606378	200.86
3	232658234	201.5
3	232738538	201.6
3	232829871	201.73
3	232865416	201.73
3	232972187	201.74
3	233139752	201.75
3	233180630	201.75
3	233199745	201.75
3	233210568	201.77
3	233220707	201.78
3	233263232	201.8
3	233365803	201.83
3	233411140	201.85
3	233487818	201.86
3	233549261	201.87
3	233562403	201.87
3	233568348	201.88
3	233614097	201.89
3	233977229	201.9
3	234045818	201.9
3	234167166	201.9
3	234245858	201.93
3	234430144	201.94
3	234507246	201.95
3	234773296	201.97
3	234785564	201.97
3	234873098	201.98
3	234877338	201.98
3	234921022	202.0
3	234962036	202.2
3	235021630	202.24
3	235034589	202.26
3	235089450	202.84
3	235162346	202.86
3	235182208	202.9
3	235199974	203.0
3	235318138	203.02
3	235329919	203.1
3	235342865	203.12
3	235355273	203.16
3	235370286	203.4
3	235374550	203.42
3	235458221	203.5
3	235471966	203.5
3	235487772	203.5
3	235521337	203.51
3	235659562	203.53
3	235666533	203.53
3	235711374	203.54
3	235777347	203.98
3	235782792	204.0
3	235791455	204.23
3	235905536	204.24
3	235925260	204.5
3	235931024	204.51
3	236078654	204.64
3	236138440	204.98
3	236143568	205.0
3	236192532	205.62
3	236264196	205.65
3	236277244	205.7
3	236284192	205.72
3	236288492	205.73
3	236338958	205.75
3	236395116	205.8
3	236416272	205.82
3	236471984	205.85
3	236475848	205.86
3	236497195	205.88
3	236523671	205.88
3	236637576	205.92
3	236672024	205.94
3	236708496	207.21
3	236714214	207.23
3	236777372	207.27
3	236822434	207.29
3	236910721	207.4
3	236914870	207.42
3	236950116	207.44
3	236955604	207.54
3	237067572	207.6
3	237101706	207.62
3	237132866	207.72
3	237156164	207.74
3	237282658	207.8
3	237287819	207.8
3	237366391	208.0
3	237369400	208.0
3	237434676	208.1
3	237761286	208.4
4	139714	0.02
4	559274	0.03
4	562506	0.05
4	639134	0.08
4	1034836	0.12
4	1140612	0.14
4	1144016	0.15
4	1224199	2.47
4	1226780	2.48
4	1284924	2.49
4	1288074	2.49
4	1327470	2.5
4	1347442	2.51
4	1350327	2.52
4	1353235	2.53
4	1356592	2.54
4	1361564	2.6
4	1431640	2.9
4	1564770	2.92
4	1582884	3.0
4	1588098	3.05
4	1594784	3.06
4	1599378	3.08
4	1611748	3.1
4	1673936	3.12
4	1698799	3.14
4	1779667	3.41
4	1827158	3.43
4	1832987	3.44
4	1838486	3.45
4	1867962	3.48
4	2019522	3.48
4	2044924	3.48
4	2051585	3.49
4	2072608	3.49
4	2152102	3.5
4	2170336	3.6
4	2306468	3.62
4	2723984	3.76
4	2732610	3.78
4	2843362	3.8
4	2853206	3.84
4	2889618	3.86
4	2906852	3.9
4	2912076	3.91
4	2917768	3.92
4	2976350	3.95
4	3130107	5.0
4	3158490	5.04
4	3184100	5.1
4	3244978	5.12
4	3284848	5.5
4	3334843	5.54
4	3364352	5.73
4	3368514	5.9
4	3373944	6.0
4	3474633	7.2
4	3480044	7.2
4	3503597	7.4
4	3510309	7.42
4	3531757	7.48
4	3543451	7.5
4	3616022	7.52
4	3625924	7.54
4	3686937	7.56
4	3692631	7.6
4	3707306	7.62
4	3717962	7.64
4	3741860	7.8
4	3786836	7.84
4	3851445	9.0
4	3891632	9.38
4	3949016	9.51
4	4061856	11.0
4	4107622	11.9
4	4112466	11.9
4	4117661	11.92
4	4391657	12.01
4	4420885	12.03
4	4424792	12.04
4	4432044	12.05
4	4453562	12.08
4	4456984	12.08
4	4460472	12.1
4	4494755	12.14
4	4534900	12.26
4	4575624	14.3
4	4577206	14.32
4	4581818	14.34
4	4723848	14.38
4	4729277	14.4
4	4865830	14.44
4	5031882	16.96
4	5053081	17.0
4	5075078	17.04
4	5080532	17.06
4	5117581	17.8
4	5244548	17.9
4	5270975	19.98
4	5278927	20.0
4	5336806	20.01
4	5387654	20.06
4	5467142	20.1
4	5504219	20.11
4	5529492	20.11
4	5574346	20.11
4	5625957	20.11
4	5655240	20.11
4	5722466	20.12
4	5724915	20.12
4	5733456	20.12
4	5754716	20.12
4	5770094	20.13
4	5782581	20.14
4	5820122	20.16
4	5879893	20.2
4	5886972	20.22
4	5895150	20.25
4	5937693	20.8
4	5992032	20.86
4	6003938	20.9
4	6011214	20.91
4	6039554	20.93
4	6077176	20.94
4	6091396	20.94
4	6129272	20.95
4	6142881	20.96
4	6154214	20.97
4	6157677	20.98
4	6163063	20.98
4	6172250	20.99
4	6184872	21.0
4	6189000	21.02
4	6215275	21.04
4	6255806	21.96
4	6261368	21.98
4	6270230	22.0
4	6331680	24.0
4	6372766	24.02
4	6381499	25.0
4	6385186	25.1
4	6392082	25.12
4	6418764	25.2
4	6450626	25.24
4	6469233	25.28
4	6478642	25.28
4	6537891	25.3
4	6588782	25.4
4	6603557	26.02
4	6693264	26.1
4	6727064	26.12
4	6871908	26.22
4	6912184	26.24
4	6991118	26.3
4	7006654	26.32
4	7056664	26.5
4	7101258	26.54
4	7136596	26.56
4	7271509	26.94
4	7404298	26.98
4	7421381	27.0
4	7440594	27.45
4	7446160	27.47
4	7451118	27.5
4	7472790	28.0
4	7565566	28.04
4	7631916	28.1
4	7639132	28.11
4	7658262	28.25
4	7875280	28.38
4	8027829	28.4
4	8036718	28.5
4	8199446	28.6
4	8313986	28.62
4	8322970	28.63
4	8334333	28.64
4	8457222	28.65
4	9801640	28.9
4	10563344	28.95
4	10629982	28.97
4	10696517	29.01
4	10715868	29.01
4	10719268	29.01
4	10736843	29.01
4	10787927	29.01
4	10802800	29.01
4	10855029	29.02
4	10901384	29.02
4	10940016	29.02
4	11066632	30.0
4	11081612	30.96
4	11272121	30.98
4	11283510	31.0
4	11301456	31.2
4	11402294	31.24
4	11512710	31.4
4	11543732	31.42
4	11606734	31.46
4	11720070	31.52
4	11760540	31.58
4	11863416	31.94
4	11873316	31.98
4	11965041	32.0
4	12092899	32.1
4	12102062	32.15
4	12194011	32.22
4	12318976	32.4
4	12461517	33.0
4	12503152	33.53
4	12568938	33.55
4	12657000	33.6
4	12767703	33.66
4	12920410	33.8
4	12981072	33.9
4	13010402	34.0
4	13141588	35.4
4	13185306	35.42
4	13315190	35.5
4	13377508	35.58
4	13660950	35.6
4	13838794	35.7
4	13879138	35.74
4	14002048	35.81
4	14038592	35.85
4	14042082	35.86
4	14196182	35.94
4	14227869	35.96
4	14292896	36.0
4	14488299	36.78
4	14596625	36.8
4	14646762	36.84
4	14781488	36.84
4	14915498	36.84
4	14998770	36.84
4	15163606	36.85
4	15176762	36.85
4	15300578	36.85
4	15354520	36.85
4	15572934	36.86
4	15669928	36.86
4	15758315	36.9
4	15854651	36.93
4	15909173	36.95
4	15967273	36.96
4	16023107	36.96
4	16068753	37.0
4	16155044	37.9
4	16196399	38.0
4	16278166	38.04
4	16342204	38.06
4	16351687	38.1
4	16604047	38.23
4	16626514	38.23
4	16652616	38.23
4	16911748	38.3
4	16935503	38.32
4	16940788	38.4
4	17187288	38.6
4	17277701	38.7
4	17368139	38.8
4	17833720	39.0
4	17863653	39.1
4	18128409	39.3
4	18212672	39.5
4	18445634	39.6
4	18537672	39.62
4	18674554	39.64
4	18780570	39.64
4	18923110	39.65
4	19017808	40.98
4	19024398	41.0
4	19115844	42.0
4	19193892	43.65
4	19557726	47.0
4	19687398	47.28
4	19727668	48.0
4	19929399	49.1
4	20076388	49.2
4	20155731	49.22
4	20261226	50.08
4	20266222	50.1
4	20277532	50.2
4	20366184	50.3
4	20377149	50.35
4	20499816	50.37
4	20599600	50.5
4	20805712	50.6
4	21276698	50.7
4	21293382	50.71
4	21520928	50.73
4	21548333	50.74
4	21558114	50.76
4	21621938	50.8
4	21650016	50.83
4	21684468	50.85
4	21759375	50.87
4	21808194	50.93
4	21899015	50.95
4	22112885	51.0
4	22153338	51.02
4	22251529	51.3
4	22446855	51.4
4	22449948	51.42
4	22483662	51.5
4	22637772	51.7
4	22832223	52.0
4	23018432	52.0
4	23026490	52.8
4	23289117	52.85
4	23372587	52.9
4	23394764	52.9
4	23610908	52.91
4	23618426	52.92
4	23855397	52.94
4	23917148	52.95
4	23932154	52.95
4	23988236	52.96
4	24073490	52.96
4	24237432	52.96
4	24266650	52.96
4	24333550	52.96
4	24440424	52.96
4	24726190	52.96
4	24819550	52.96
4	24839900	52.96
4	24862862	52.96
4	24964204	52.96
4	25082408	52.97
4	25087385	52.97
4	25337210	52.99
4	25423398	53.0
4	25598842	53.04
4	25788092	53.08
4	25860069	53.1
4	26412351	53.78
4	26604220	53.9
4	26606234	54.0
4	26759154	54.3
4	26821684	54.32
4	26902879	54.34
4	27078697	54.5
4	27260388	54.61
4	27340220	54.63
4	27474900	54.7
4	27564499	54.72
4	27643574	54.78
4	27666586	56.0
4	27739952	56.04
4	27793688	56.07
4	27988537	56.08
4	27995680	56.09
4	28135502	56.1
4	28232932	56.12
4	28301020	56.13
4	28310481	56.15
4	28338180	56.17
4	28346088	56.18
4	28365082	56.2
4	28367010	56.21
4	28434462	56.23
4	28436936	56.25
4	28568697	56.3
4	28569432	56.3
4	28631056	56.35
4	28777154	56.37
4	28841672	56.38
4	28961798	56.39
4	29021606	56.4
4	29181676	56.41
4	29350136	56.41
4	29675924	56.43
4	29682231	56.43
4	29928441	56.66
4	29949924	56.7
4	29994771	56.72
4	29997186	56.74
4	30043084	57.0
4	30249404	57.04
4	30269718	57.83
4	30275950	57.84
4	30293672	57.85
4	30326630	57.86
4	30345721	57.86
4	30355930	57.86
4	30388822	57.87
4	30409796	57.87
4	30416180	57.87
4	30455794	57.88
4	30461124	57.88
4	30510768	57.89
4	30514451	57.89
4	30547542	57.89
4	30566902	57.89
4	30581867	57.89
4	30628281	57.9
4	30636800	57.9
4	30643526	57.9
4	30751178	57.9
4	30755702	57.92
4	30861546	57.93
4	30913513	57.94
4	31054892	58.01
4	31107410	58.02
4	31139482	58.02
4	31291645	58.03
4	31718863	58.03
4	31771145	58.04
4	31837344	58.04
4	31843182	58.05
4	31856800	58.05
4	31868436	58.05
4	31877088	58.05
4	31980306	58.06
4	32122549	58.06
4	32129891	58.06
4	32364920	58.07
4	32417034	58.07
4	32603237	58.08
4	32765485	58.09
4	32777844	59.1
4	32787782	59.12
4	32963906	59.2
4	33022882	59.2
4	33026946	59.3
4	33077254	59.37
4	33210039	59.4
4	33272730	59.45
4	33346219	59.8
4	33512108	61.0
4	33568582	61.4
4	34193702	62.13
4	34199947	62.15
4	34468848	62.5
4	34588938	62.51
4	34645865	62.53
4	34748740	62.54
4	34758087	62.55
4	34764042	62.57
4	35078610	62.6
4	35083586	62.62
4	35395963	62.63
4	35640958	62.64
4	35665053	62.66
4	35783676	62.66
4	35983730	62.67
4	35990122	62.67
4	36249557	62.68
4	36259941	62.69
4	36302942	62.69
4	36427084	62.7
4	36497665	62.71
4	36632432	62.72
4	36790662	62.72
4	36916534	62.73
4	36986808	62.73
4	37123230	62.74
4	37165192	62.74
4	37194448	62.75
4	37200450	62.76
4	37203604	62.76
4	37214051	62.77
4	37273118	62.77
4	37551233	62.77
4	37555930	62.78
4	37585850	62.79
4	37785820	62.8
4	37936694	62.82
4	38001532	62.85
4	38002525	62.87
4	38064634	62.9
4	38146388	63.73
4	38229274	63.8
4	38329818	64.0
4	38337908	64.05
4	38428160	64.07
4	38434498	64.1
4	38532730	64.2
4	38758806	64.26
4	38910694	64.5
4	38914146	64.6
4	38933124	64.62
4	38964214	64.76
4	39069022	64.8
4	39120601	64.85
4	39124172	64.86
4	39129536	64.9
4	39248633	64.99
4	39252923	65.0
4	39330258	65.2
4	39362382	65.22
4	39433147	65.38
4	39436144	65.4
4	39607346	65.48
4	39630684	65.5
4	39784438	65.54
4	39911497	65.55
4	39982842	65.55
4	39985194	65.55
4	40074146	65.56
4	40227218	65.57
4	40278657	65.57
4	40315526	65.58
4	40322222	65.59
4	40593020	65.6
4	40790326	65.63
4	40792444	65.66
4	40855240	65.66
4	40868974	65.66
4	40975719	65.67
4	41127470	65.68
4	41284991	65.68
4	41299452	65.68
4	41377508	65.68
4	41591465	65.68
4	41646578	65.69
4	41780559	65.69
4	41794883	65.69
4	41809024	65.7
4	41823259	65.71
4	41852776	65.73
4	41855576	65.74
4	41862471	65.75
4	41872614	65.76
4	42051781	65.8
4	42087548	65.82
4	42235268	65.85
4	42417686	65.89
4	42427233	65.9
4	42460534	65.92
4	42610016	65.93
4	43099650	65.96
4	43434380	66.0
4	43710234	66.2
4	43718610	66.25
4	43861728	66.3
4	43913413	66.32
4	44168647	67.5
4	44209128	67.58
4	44216590	67.59
4	44322273	67.59
4	44335399	67.59
4	44355970	67.6
4	44438956	67.6
4	44522434	67.65
4	44545380	67.7
4	44958572	67.76
4	45166431	67.9
4	45274539	67.91
4	45294254	67.92
4	45370245	67.95
4	45786875	67.97
4	46200362	68.0
4	46590119	68.18
4	46650414	68.2
4	46908239	68.28
4	46920971	68.3
4	47003758	68.34
4	47112788	68.39
4	47116634	68.4
4	47293234	68.43
4	47400132	68.45
4	47579014	68.47
4	47603602	68.47
4	47691068	68.48
4	48130061	68.54
4	48470854	68.6
4	48967606	68.68
4	48972526	68.78
4	49284092	68.8
4	49312488	68.82
4	49563110	68.84
4	50010124	69.0
4	50129662	69.42
4	50161191	69.44
4	50596324	69.47
4	50771968	69.48
4	50998040	69.5
4	51083773	69.55
4	51769473	69.58
4	51918753	69.59
4	52382155	69.59
4	52558202	69.59
4	52773446	69.59
4	53338394	69.6
4	53716320	69.6
4	53926776	69.64
4	54176559	69.66
4	54359267	69.7
4	54761536	69.71
4	54868286	69.72
4	55037389	69.73
4	55394466	69.74
4	55440012	69.75
4	55572406	69.78
4	55688422	69.79
4	55756128	69.8
4	55944795	69.82
4	56173928	69.83
4	56407055	69.84
4	56462135	69.84
4	56602878	69.85
4	56628523	69.85
4	57052872	69.86
4	57356856	69.87
4	57676023	69.88
4	58334459	69.9
4	58439998	69.96
4	58908250	69.98
4	59089316	69.98
4	59562629	69.99
4	59942640	69.99
4	60277432	70.0
4	60414448	70.1
4	60547586	70.2
4	60958102	70.23
4	60968806	70.24
4	61239119	70.3
4	61581750	70.33
4	61965695	70.4
4	62274872	70.42
4	62920470	70.6
4	63029305	70.64
4	63036813	70.65
4	63485080	70.68
4	63702006	70.7
4	64092630	71.0
4	64407852	71.1
4	64982968	71.26
4	65099461	71.3
4	65334538	71.36
4	65460987	71.37
4	65559078	71.38
4	65565264	71.39
4	65633688	71.4
4	65639078	71.44
4	65785843	71.46
4	65827704	71.49
4	65867965	71.51
4	66064670	71.51
4	66221899	71.51
4	66338078	71.51
4	66497202	71.52
4	66584708	71.53
4	67230188	71.6
4	67985917	71.74
4	68304998	71.8
4	68400228	71.81
4	68459091	71.82
4	68487944	71.83
4	68654034	71.9
4	68669077	72.0
4	69312051	72.9
4	69340780	72.92
4	69592910	73.1
4	69661804	73.1
4	69682233	73.11
4	69904074	73.12
4	69933444	73.12
4	69948648	73.13
4	70418754	73.14
4	70452274	73.15
4	70459878	73.16
4	70759807	73.17
4	71065642	73.17
4	71266448	73.18
4	71330854	73.18
4	71711488	73.19
4	71738368	73.2
4	72293748	73.23
4	72338334	73.23
4	72779394	73.23
4	72860596	73.24
4	73079364	73.24
4	73309486	73.25
4	73538486	73.25
4	73620384	73.26
4	73623346	73.28
4	73776719	73.3
4	73992132	73.33
4	74116698	73.34
4	74446852	73.39
4	74543889	73.4
4	74823591	73.42
4	74872376	73.43
4	74965390	73.45
4	75310962	73.47
4	75501592	73.48
4	75743626	73.49
4	75774676	73.49
4	75876114	73.5
4	76031342	73.51
4	76343219	73.52
4	76352260	73.52
4	76727728	73.52
4	76831260	73.52
4	77185564	73.53
4	77297222	73.53
4	77438827	73.53
4	77610609	73.54
4	77668588	73.54
4	77995214	73.56
4	78467756	73.58
4	78640704	73.59
4	78664552	73.6
4	78991552	73.6
4	79359574	73.6
4	79409903	73.6
4	79790440	73.6
4	79991100	73.6
4	80473136	73.61
4	80600562	73.61
4	80794134	73.61
4	81011388	73.61
4	81326939	73.61
4	81556490	73.62
4	81625616	73.62
4	81786925	73.63
4	82042407	73.63
4	82098206	73.64
4	82122754	73.65
4	82173390	73.65
4	82468959	73.67
4	82720693	73.68
4	82789386	73.69
4	83101922	73.7
4	83190949	73.72
4	83937852	73.75
4	84398734	73.8
4	84749874	73.82
4	84864626	73.85
4	84992408	73.9
4	85167284	73.96
4	85169856	73.97
4	85521347	73.98
4	85807498	74.0
4	86107650	74.1
4	86404495	74.15
4	86717313	74.18
4	86781603	74.2
4	87115560	74.23
4	87322043	74.36
4	87421325	74.4
4	88267701	74.4
4	88732550	74.4
4	89119330	74.41
4	89175828	74.42
4	89741441	74.43
4	89887683	74.43
4	89988220	74.43
4	90699338	74.43
4	91158794	74.43
4	91181712	74.43
4	92676979	74.44
4	92866842	74.44
4	93047632	74.44
4	93389141	74.44
4	93397328	74.45
4	93559768	74.45
4	94940287	74.46
4	94948426	74.46
4	95602536	74.47
4	96810845	74.49
4	97414655	74.5
4	97640829	74.51
4	97848614	74.52
4	97967960	74.53
4	97990104	74.53
4	98271920	74.53
4	98437188	74.53
4	98459186	74.53
4	99022616	74.54
4	99102943	74.54
4	99140016	74.54
4	99226940	74.54
4	99859042	74.55
4	100093368	74.55
4	100247812	74.55
4	100359785	74.55
4	100952628	74.55
4	102006557	74.56
4	102019602	74.56
4	102526136	74.56
4	103973969	74.56
4	104295004	74.56
4	104509338	74.56
4	104724158	74.57
4	105430796	74.57
4	105764450	74.57
4	106648798	74.57
4	107761274	74.57
4	108944414	74.57
4	109029841	74.58
4	109794620	74.58
4	110341458	74.59
4	111284258	74.6
4	113210036	74.6
4	113607804	74.61
4	113648748	74.62
4	114083530	74.62
4	114203638	74.64
4	114752566	74.64
4	115889828	74.64
4	116641545	74.65
4	117586470	74.65
4	117778940	74.66
4	118701227	74.67
4	119019094	74.67
4	119432638	74.68
4	119768238	74.68
4	119902699	74.69
4	120030934	74.7
4	120188928	74.7
4	120891270	74.7
4	121188816	74.7
4	122026010	74.71
4	122131390	74.71
4	122164838	74.71
4	122837675	74.72
4	123533596	74.72
4	123571667	74.73
4	123880262	74.73
4	124259168	74.73
4	124468169	74.74
4	124632408	74.74
4	124740546	74.75
4	124940953	74.76
4	125210200	74.76
4	125410569	74.77
4	125441308	74.78
4	125734157	74.79
4	125743496	74.79
4	125840640	74.79
4	126442322	74.8
4	127089588	74.81
4	127231612	74.81
4	127600691	74.82
4	127787213	74.82
4	128097827	74.82
4	128249800	74.82
4	128874822	74.84
4	129152502	74.89
4	129212722	74.9
4	129292808	74.94
4	129350803	74.95
4	129513539	74.96
4	129660270	74.97
4	129830718	74.98
4	129968999	74.99
4	129984167	74.99
4	130197818	75.0
4	130380778	75.0
4	130413411	75.01
4	130693408	75.02
4	130905660	75.06
4	130979922	75.06
4	131268478	75.06
4	131389851	75.06
4	131882076	75.07
4	132142016	75.07
4	132646184	75.08
4	132793848	75.08
4	133179223	75.09
4	133259672	75.09
4	133567202	75.1
4	133974612	75.12
4	134520351	75.13
4	134724461	75.15
4	134803858	75.16
4	135008318	75.18
4	135054062	75.2
4	135179287	75.22
4	135231536	75.26
4	135506254	75.3
4	135950250	75.35
4	135983677	75.36
4	136139880	75.37
4	136335555	75.4
4	136659252	75.41
4	136728038	75.42
4	137183836	75.45
4	137755036	75.5
4	138104218	75.51
4	138464922	75.52
4	138682122	75.53
4	138960430	75.55
4	139057808	75.57
4	139328728	75.58
4	139759898	75.6
4	140065022	75.61
4	140141432	75.61
4	140235200	75.62
4	140388678	75.63
4	140571358	75.7
4	140634578	75.73
4	140762090	75.8
4	141129126	76.04
4	141147292	76.06
4	141153052	76.08
4	141170686	76.09
4	141797319	76.12
4	142027086	76.13
4	142050902	76.14
4	142054874	76.14
4	142061412	76.14
4	142503468	76.14
4	142586178	76.14
4	142678676	76.14
4	143091225	76.15
4	143271259	76.15
4	143301930	76.15
4	143752555	76.16
4	144095118	76.16
4	144586550	76.16
4	144628070	76.16
4	145143912	76.17
4	145157298	76.18
4	145507380	76.19
4	145829348	76.2
4	145999096	76.22
4	146403382	76.24
4	146433978	76.24
4	146646982	76.25
4	146705454	76.25
4	146927322	76.26
4	147314612	76.28
4	147321884	76.28
4	147389056	76.29
4	147393032	76.3
4	147415995	76.31
4	147492529	76.4
4	147805034	77.0
4	148103968	78.0
4	148246967	78.3
4	148253506	78.4
4	148553849	78.5
4	148641470	78.6
4	148687094	78.7
4	148954431	78.8
4	149015382	79.0
4	149181562	79.2
4	149287312	79.38
4	149444106	79.4
4	149647271	79.42
4	149666800	79.46
4	149868979	80.08
4	149983906	80.1
4	150429225	81.5
4	150541016	81.6
4	150757542	82.0
4	150806330	82.1
4	150815310	82.12
4	150898767	82.13
4	150926710	82.14
4	151065280	82.2
4	151116759	82.22
4	151255052	82.25
4	151491543	82.3
4	152035036	82.43
4	152149162	82.45
4	152219472	82.7
4	152337176	82.8
4	152406052	82.84
4	152675252	83.04
4	152797624	83.1
4	152864927	83.2
4	152925339	83.22
4	153014918	83.24
4	153134392	83.3
4	153145939	83.32
4	153244885	83.34
4	153659031	83.36
4	153720148	83.36
4	153832625	83.37
4	154053760	83.38
4	154283844	83.39
4	154395341	83.4
4	154490828	83.4
4	154503720	83.4
4	154511144	83.42
4	154781092	83.5
4	155024276	83.54
4	155197665	83.6
4	155751638	83.8
4	156134508	83.9
4	156401898	84.0
4	156736254	84.66
4	156855930	84.7
4	156986742	84.74
4	157046332	84.85
4	157072403	84.89
4	157076329	84.91
4	157101222	85.0
4	157412622	85.4
4	157525835	85.5
4	157787762	86.0
4	157842110	86.06
4	157940850	86.1
4	158094893	86.23
4	158168434	86.25
4	158220276	86.3
4	158324872	86.36
4	158351596	86.38
4	158574702	86.5
4	158651520	86.51
4	158701378	86.51
4	158779846	86.51
4	158789264	86.51
4	158856070	86.52
4	158890748	86.52
4	158909039	86.52
4	158922668	86.52
4	159007234	86.53
4	159014486	86.54
4	159137742	86.54
4	159411242	86.55
4	159414400	86.56
4	159630208	86.57
4	159678150	86.58
4	159825602	86.6
4	159869758	86.98
4	159996062	87.0
4	160183134	87.26
4	160340688	87.4
4	160538956	87.41
4	160614602	87.42
4	160761272	87.43
4	160838044	87.45
4	160917132	87.5
4	161058192	87.58
4	161116927	87.6
4	161138482	87.7
4	161143315	87.8
4	161147070	87.8
4	161219778	87.82
4	161222574	87.83
4	161336690	87.84
4	161400692	87.9
4	161507582	87.93
4	161658790	87.94
4	161712300	87.95
4	161801976	87.98
4	161830538	87.99
4	161835462	88.0
4	162040546	88.02
4	162042614	88.04
4	162122612	88.7
4	162169496	88.83
4	162232136	88.85
4	162255972	88.87
4	162269941	90.5
4	162295598	90.52
4	162353819	90.53
4	162362161	90.54
4	162422369	90.55
4	162466302	90.56
4	162719605	90.57
4	162735496	90.58
4	162758526	90.59
4	162807600	90.6
4	162866416	90.6
4	162884383	90.62
4	162987660	91.8
4	163120687	91.86
4	163211920	91.88
4	163296631	91.9
4	163361884	91.92
4	163366883	91.93
4	163370482	91.93
4	163531348	91.94
4	163790216	91.94
4	163831092	91.95
4	163838922	91.95
4	163932718	91.95
4	164082032	91.96
4	164218102	91.96
4	164298548	91.97
4	164400862	91.97
4	164422294	91.98
4	164435135	91.98
4	164693143	91.99
4	164697079	91.99
4	164797671	92.0
4	164880219	92.5
4	164901598	92.52
4	164911132	93.0
4	164944405	93.1
4	165017560	93.12
4	165036696	93.15
4	165119514	93.2
4	165134921	93.2
4	165286584	93.22
4	165428900	93.23
4	165439031	93.24
4	165510502	93.27
4	165627026	93.3
4	165728720	93.31
4	165732494	93.33
4	166046830	93.4
4	166117998	93.5
4	166193116	93.54
4	166205722	93.56
4	166222148	93.58
4	166238536	93.6
4	166354511	93.62
4	166538292	93.67
4	166606298	93.68
4	166663050	93.7
4	166668781	93.74
4	166724226	93.8
4	167062892	93.83
4	167072572	93.84
4	167080460	93.85
4	167177978	93.87
4	167185022	93.9
4	167207460	93.92
4	167249856	94.0
4	167389100	94.02
4	167403534	94.16
4	167410280	94.18
4	167487381	94.2
4	167727062	94.3
4	167837635	94.36
4	167984937	94.4
4	168033321	94.42
4	168165404	94.48
4	168350151	94.6
4	168385643	94.62
4	168465062	94.68
4	168521014	94.7
4	168551183	94.74
4	168707250	94.76
4	168726614	94.8
4	168846294	94.83
4	168856571	94.84
4	168924626	94.85
4	168933832	94.86
4	169045222	94.87
4	169183530	94.88
4	169258980	94.89
4	169263430	94.9
4	169357310	95.0
4	169360850	95.02
4	169366424	95.04
4	170474458	95.14
4	170715888	95.2
4	170728834	95.22
4	170754594	95.3
4	170764968	95.32
4	170775870	95.34
4	170912588	95.4
4	171053802	95.6
4	171092935	95.7
4	171126680	95.71
4	171152070	95.73
4	171157218	95.74
4	171160074	95.74
4	171579262	95.78
4	171861073	95.8
4	171918438	95.85
4	171953389	95.87
4	171964736	95.98
4	171999764	96.0
4	172012313	96.06
4	172064642	96.88
4	172068459	96.9
4	172122726	96.91
4	172164286	96.94
4	172165974	96.95
4	172168116	96.99
4	172174369	97.0
4	172274392	97.04
4	172277356	97.98
4	172281616	98.0
4	172461054	98.01
4	172470784	98.02
4	172480428	98.02
4	172884044	98.03
4	173207955	98.04
4	173618662	98.04
4	173621617	98.04
4	173632816	98.04
4	173810237	98.05
4	173812389	98.05
4	173817209	98.05
4	174076056	98.06
4	174097868	98.06
4	174100470	98.06
4	174229412	98.06
4	174235208	98.06
4	174314154	98.08
4	174326121	98.09
4	174593632	98.1
4	174660318	98.12
4	174666015	98.13
4	174730832	98.14
4	174848562	98.15
4	174857726	98.15
4	174897330	98.16
4	174901917	98.16
4	175082878	98.17
4	175085524	98.18
4	175099568	98.2
4	175150854	98.27
4	175333709	98.36
4	175339488	98.38
4	175372620	98.4
4	175516563	98.45
4	175533877	98.47
4	175589606	98.5
4	175645388	98.6
4	175790447	98.61
4	175934982	98.72
4	175953132	98.8
4	175997042	98.84
4	175999658	98.96
4	176030391	98.98
4	176061696	99.0
4	176119934	99.4
4	176125476	99.44
4	176207666	99.5
4	176366596	99.52
4	176413368	99.98
4	176417230	100.0
4	176525972	101.0
4	176529838	101.01
4	176601014	101.48
4	176697742	101.5
4	176711778	101.51
4	176734888	101.51
4	176787555	101.52
4	176798844	101.52
4	176828692	101.53
4	176832476	101.53
4	176844996	101.54
4	176848072	101.54
4	176887670	101.55
4	176927921	101.56
4	176941081	101.57
4	177064630	101.59
4	177074996	101.6
4	177235112	101.7
4	177344408	101.8
4	177478968	101.85
4	177579795	101.9
4	177591316	101.93
4	177769635	102.1
4	177800347	102.18
4	177903353	102.83
4	177976468	102.9
4	178070928	102.94
4	178108614	103.0
4	178255150	103.02
4	178292408	103.1
4	178377267	103.4
4	178404090	103.5
4	178454403	103.51
4	178457614	103.52
4	178639680	103.56
4	178674204	103.56
4	178694502	103.56
4	178782446	103.56
4	178787680	103.56
4	178880414	103.57
4	178891096	103.57
4	178989288	103.58
4	179011400	103.58
4	179069949	103.58
4	179075509	103.58
4	179082325	103.58
4	179091674	103.58
4	179119665	103.58
4	179137656	103.58
4	179673998	103.59
4	179861278	103.63
4	179869692	103.65
4	179994448	103.9
4	180000720	103.92
4	180057221	104.0
4	180207611	104.18
4	180211634	104.2
4	180291922	104.25
4	180295913	104.27
4	180337229	104.29
4	180342500	104.3
4	180395939	104.32
4	180401772	104.5
4	180443472	104.52
4	180556836	104.56
4	180642458	104.66
4	180656006	104.68
4	180703634	104.7
4	180787887	104.74
4	180794042	104.76
4	180798331	104.78
4	180802502	104.79
4	180810580	104.8
4	180978228	105.0
4	181031622	105.04
4	181091448	106.2
4	181398132	106.24
4	181403988	106.26
4	181513970	106.68
4	181536166	106.7
4	181557817	106.9
4	181585179	107.0
4	181700382	107.2
4	181704550	107.22
4	181855522	107.38
4	181909504	107.4
4	181933541	107.5
4	182097116	107.52
4	182168740	107.55
4	182189742	107.57
4	182322545	107.66
4	182340878	107.7
4	182386320	107.78
4	182581010	108.0
4	182602576	108.98
4	182625948	109.0
4	182640501	109.02
4	182646778	109.08
4	182654362	109.1
4	183050353	109.17
4	183067946	109.19
4	183221764	109.2
4	183373622	109.3
4	183482462	109.35
4	183568617	109.39
4	183574310	109.4
4	183580864	109.42
4	183587592	109.43
4	183681923	109.44
4	183689962	109.44
4	183736660	109.45
4	183746170	109.46
4	183748410	109.47
4	183880548	109.5
4	184577076	110.8
4	184659660	110.86
4	184739336	110.98
4	184748384	111.0
4	184768733	111.2
4	185010676	111.5
4	185142300	111.55
4	185150226	111.6
4	185171342	111.61
4	185185596	111.64
4	185195476	111.65
4	185225201	111.67
4	185324470	111.69
4	185375782	111.71
4	185379570	111.73
4	185384283	111.85
4	185445272	111.9
4	185489243	111.95
4	185524154	112.0
4	185578114	112.02
4	185595761	112.04
4	185604932	112.06
4	185719466	112.1
4	185829909	112.35
4	185992830	112.5
4	186113217	112.6
4	186150756	113.0
4	186154066	113.23
4	186158294	113.24
4	186181848	113.26
4	186341968	113.98
4	186362205	113.98
4	186367060	113.98
4	186370119	113.98
4	186462407	113.98
4	186664570	113.99
4	186719292	113.99
4	186734938	114.0
4	186791179	114.0
4	186806787	114.0
4	186817414	114.0
4	186917818	115.0
4	187012596	115.04
4	187162962	115.36
4	187218386	115.4
4	187237770	115.53
4	187295472	115.83
4	187360204	115.9
4	187514008	116.0
4	187627496	116.02
4	187927058	116.06
4	187953241	116.07
4	187977916	116.08
4	188074586	116.09
4	188079699	116.1
4	188131060	116.14
4	188300140	116.3
4	188384254	116.3
4	188391687	116.3
4	188397182	116.3
4	188473182	116.31
4	188478606	116.32
4	188568484	116.33
4	188694091	116.34
4	188738282	116.34
4	188802186	116.35
4	188950015	116.37
4	188968414	116.4
4	188984394	116.41
4	189065202	116.42
4	189073240	116.43
4	189099034	116.45
4	189298635	116.47
4	189301613	116.48
4	189304512	116.49
4	189311865	116.5
4	189321500	116.51
4	189334364	116.52
4	189374868	116.52
4	189549288	116.53
4	189561940	116.54
4	189935504	117.36
4	189940762	117.38
4	189991220	117.4
4	190052844	117.44
4	190071088	117.46
4	190175789	117.48
4	190247264	117.52
4	190252640	117.56
4	190256018	117.58
4	190285804	117.62
4	190339460	117.7
4	190432314	117.76
4	190473538	117.8
4	190494522	117.84
4	190573234	117.86
4	190578288	117.88
4	190696044	117.9
4	190722044	117.94
4	190768864	117.98
4	190775408	118.0
4	190836806	118.02
4	190913390	118.12
4	190921214	118.14
4	190931044	119.0
4	190936666	119.02
4	190978758	119.04
4	191042496	120.0
4	191052090	120.1
4	191097580	120.14
4	191119624	120.18
4	191131134	120.2
4	191134492	121.93
4	191139068	122.0
4	191170454	122.1
4	191262804	122.16
4	191402344	122.17
4	191403990	122.18
4	191435381	122.19
4	191438538	122.2
4	191557338	122.28
4	191603708	122.3
4	191680770	122.4
4	191684396	122.41
4	191774343	122.43
4	191775590	122.5
4	191816763	122.9
4	191822480	123.0
4	191930888	124.0
4	192013408	124.01
4	192016638	124.02
4	192024979	127.03
4	192067545	127.05
4	192081924	127.07
4	192245350	127.09
4	192249331	127.1
4	192254464	127.11
4	192264634	127.12
4	192281494	127.12
4	192355458	127.12
4	192448302	127.13
4	192450844	127.2
4	192543337	127.24
4	192688514	127.28
4	192731083	127.3
4	192737464	127.32
4	192787234	127.34
4	192839712	127.38
4	192842313	127.4
4	192850298	127.42
4	192906134	127.44
4	192998546	128.5
4	193102977	128.52
4	193108504	128.54
4	193169452	128.6
4	193262213	128.68
4	193273736	128.73
4	193574900	128.83
4	193825906	129.05
4	193854624	129.07
4	193857742	129.09
4	193877218	129.13
4	193888888	129.15
4	193903532	129.17
4	194001166	129.2
4	194138256	129.23
4	194241386	129.24
4	194313310	129.24
4	194472794	129.25
4	194497206	129.27
4	194576621	129.28
4	194579506	129.3
4	194607843	129.31
4	194788206	129.34
4	194800062	129.35
4	194831448	129.36
4	194958734	129.38
4	195122748	129.4
4	195128122	129.41
4	195193811	129.8
4	195250036	129.82
4	195284002	129.84
4	195392218	130.0
4	195485502	130.02
4	195530489	130.03
4	195684882	130.05
4	195731485	130.07
4	195825082	130.16
4	195900054	130.2
4	196133376	130.51
4	196177755	130.53
4	196233950	130.6
4	196424747	131.0
4	196463674	131.1
4	196467944	131.12
4	196533382	131.45
4	196756904	131.45
4	196939757	131.46
4	196974159	131.46
4	196984469	131.47
4	196990048	131.48
4	197080156	131.5
4	197167684	131.58
4	197236901	131.6
4	197357544	131.66
4	197678654	132.0
4	197698172	132.1
4	197891936	132.2
4	197903060	132.21
4	197907454	132.22
4	197911994	132.24
4	198091272	132.3
4	198176318	132.86
4	198258300	132.88
4	198357969	132.9
4	198374064	132.91
4	198416370	132.93
4	198744156	133.01
4	198813516	133.04
4	198817685	133.04
4	198829765	133.05
4	198898690	133.07
4	198961002	133.1
4	198986637	133.11
4	199087912	133.12
4	199193032	133.12
4	199303422	133.12
4	199387083	133.12
4	199504131	133.12
4	199511276	133.13
4	199516345	133.13
4	199680465	133.13
4	199731918	133.14
4	200034272	133.16
4	200151459	133.18
4	200254336	133.18
4	200366496	133.19
4	200421405	133.2
4	200468886	133.21
4	200470922	133.21
4	200532003	133.23
4	200637877	133.24
4	200883320	133.3
4	200967323	133.35
4	201031018	133.4
4	201058032	133.42
4	201126949	133.8
4	201141882	133.82
4	201187276	134.19
4	201190990	134.2
4	201251279	134.22
4	201326794	134.75
4	201348937	134.8
4	201459412	134.9
4	201512402	135.0
4	201516082	135.01
4	201653576	135.1
4	201744194	135.11
4	201805147	135.12
4	201805204	135.13
4	201810512	135.13
4	201840302	135.14
4	201887092	135.14
4	201891252	135.14
4	201901664	135.15
4	202203098	135.16
4	202239130	135.16
4	202384264	135.17
4	202391296	135.17
4	202486164	135.17
4	202577802	135.17
4	202581088	135.18
4	202582848	135.2
4	202628246	135.22
4	202975448	135.26
4	203025912	135.28
4	203051684	135.3
4	203131674	135.32
4	203141895	135.35
4	203145624	135.35
4	203218316	135.36
4	203227892	135.38
4	203237623	135.39
4	203243709	135.4
4	203253554	135.42
4	203321018	135.49
4	203324019	135.5
4	203486897	135.6
4	203508803	135.9
4	203612286	135.94
4	203623694	135.96
4	203627884	136.0
4	203764831	136.04
4	203810160	136.06
4	203845735	136.2
4	203870848	136.22
4	203876759	136.24
4	203931134	136.5
4	204010666	136.58
4	204052766	136.6
4	204110054	136.7
4	204190931	136.78
4	204195714	136.8
4	204198256	136.84
4	204228360	136.88
4	204234892	136.89
4	204249578	137.0
4	204267760	137.2
4	204432140	137.66
4	204439446	137.7
4	204476294	137.73
4	204481487	137.75
4	204552084	137.77
4	204672265	137.79
4	204676091	137.8
4	204893723	137.85
4	204934384	137.9
4	204935366	137.91
4	205039365	137.95
4	205129042	137.97
4	205209514	138.0
4	205305785	138.05
4	205348426	138.1
4	205416517	138.2
4	205875656	138.3
4	206010264	138.43
4	206044490	138.53
4	206062562	139.0
4	206253402	139.02
4	206281200	139.03
4	206285856	139.04
4	206366346	139.05
4	206497875	139.05
4	206508646	139.05
4	206712784	139.06
4	206721602	139.07
4	206812700	139.07
4	206814695	139.07
4	206917121	139.07
4	207006358	139.08
4	207017638	139.09
4	207022374	139.09
4	207031374	139.1
4	207048543	139.1
4	207052858	139.11
4	207058496	139.12
4	207143133	139.13
4	207252882	139.14
4	207348886	139.18
4	207490616	139.19
4	207523293	139.2
4	207596677	139.24
4	207676851	139.3
4	207768536	139.34
4	207898058	139.38
4	208039812	139.4
4	208086264	139.41
4	208132276	139.43
4	208193232	139.44
4	208316254	139.45
4	208375296	139.46
4	208529052	139.47
4	208627948	139.48
4	208809170	139.5
4	209447078	139.52
4	209500696	139.53
4	209628908	139.54
4	209697089	139.56
4	209771552	139.57
4	210056660	139.57
4	210334678	139.58
4	210399328	139.6
4	210541875	139.61
4	210569350	139.61
4	210612695	139.61
4	210619764	139.61
4	210876784	139.62
4	210944756	139.65
4	210993424	139.7
4	211248907	139.75
4	211556744	139.8
4	211681678	139.81
4	211806169	139.81
4	212373548	139.85
4	212804400	139.9
4	212969418	139.92
4	213192768	140.0
4	213410121	140.04
4	213506088	140.06
4	213590483	140.5
4	213742348	140.51
4	213999060	140.52
4	214166870	140.52
4	214324478	140.53
4	214607728	140.54
4	214769828	140.54
4	214971889	140.54
4	215198126	140.55
4	215221264	140.55
4	215225940	140.55
4	215500696	140.57
4	215599830	140.57
4	215628904	140.57
4	215929040	140.58
4	216196918	140.58
4	216205038	140.6
4	216238652	140.64
4	216481436	140.76
4	216527960	140.8
4	216723359	140.85
4	216899071	140.87
4	216954498	140.88
4	217085198	140.9
4	217153054	140.95
4	217212500	141.0
4	217494632	141.02
4	217616772	141.04
4	217714917	141.05
4	218576608	141.05
4	218577890	141.05
4	218923406	141.06
4	218971331	141.07
4	219072182	141.08
4	219148448	141.6
4	219246462	141.62
4	219251956	142.0
4	219678468	142.4
4	219876161	142.7
4	220022530	142.74
4	220327260	143.0
4	220361322	143.1
4	220668960	143.16
4	220679836	143.18
4	220754450	143.66
4	220762640	143.68
4	220951180	143.7
4	220994444	143.72
4	221223728	143.76
4	221273518	143.8
4	221355522	143.9
4	221892838	144.06
4	221907316	144.1
4	222114107	144.2
4	222245232	144.22
4	222281770	144.3
4	222413812	144.4
4	222598512	144.42
4	222641985	144.44
4	222802728	144.56
4	223001850	144.6
4	223203604	144.8
4	223250810	144.82
4	223330048	144.84
4	223531299	144.88
4	223627794	144.9
4	223702976	144.92
4	223752935	144.93
4	223764504	144.93
4	223783420	144.94
4	223807952	144.94
4	224122054	144.96
4	224464764	144.97
4	224486654	144.98
4	224567554	145.0
4	224640578	145.01
4	225142948	145.02
4	225219822	145.02
4	225665927	145.08
4	225777218	145.1
4	225953172	145.2
4	226103651	145.26
4	226223471	145.3
4	226697565	145.38
4	226790166	145.4
4	226808948	145.4
4	226938828	145.4
4	227210486	145.41
4	227273022	145.41
4	227518064	145.42
4	227688252	145.43
4	227795465	145.44
4	227842928	145.45
4	227927920	145.6
4	227937436	145.62
4	228170826	145.7
4	228522628	145.8
4	228754926	145.87
4	228872074	145.89
4	229002156	145.91
4	229307810	146.0
4	229470369	146.02
4	229481556	146.04
4	229579101	146.08
4	229723723	146.26
4	229974778	146.27
4	230053416	146.3
4	230075044	146.4
4	230223636	146.46
4	230378196	146.6
4	230493326	146.61
4	230654292	146.7
4	230707906	146.8
4	230874836	146.84
4	230994826	146.86
4	231102019	146.87
4	231162656	146.88
4	231259692	146.89
4	231270995	146.9
4	231292090	146.92
4	231392006	146.94
4	231849288	147.0
4	231953879	147.04
4	232037897	147.14
4	232067976	147.16
4	232112522	147.18
4	232175410	147.2
4	232226449	147.22
4	233653488	147.25
4	233816778	147.27
4	233836998	147.28
4	233918502	147.28
4	234260308	147.3
4	234378076	147.32
4	234428245	147.33
4	234647936	147.35
4	234665118	147.36
4	234722215	147.37
4	234759864	147.38
4	234802712	147.4
4	234903860	147.45
4	235037010	147.5
4	235355756	147.8
4	235455452	147.84
4	235525896	147.86
4	235633130	147.9
4	235703552	148.0
4	236015900	148.17
4	236083163	148.17
4	236153191	148.17
4	236309693	148.18
4	236444968	148.19
4	236706782	148.2
4	236819490	148.23
4	236982597	148.26
4	237051938	148.26
4	237058482	148.27
4	237073894	148.27
4	237094462	148.27
4	237251058	148.28
4	237291474	148.28
4	237345239	148.28
4	237465558	148.28
4	237614828	148.29
4	237749504	148.29
4	237776509	148.29
4	237842830	148.3
4	237926014	148.3
4	237959098	148.31
4	238159214	148.31
4	238263282	148.32
4	238322322	148.34
4	238391866	148.36
4	238522928	148.4
4	238531218	148.5
4	238625540	148.6
4	238633616	148.65
4	238776480	148.7
4	238825134	148.72
4	238914227	148.76
4	238990072	148.96
4	239159938	149.0
4	239185532	149.5
4	239231942	150.0
4	239315653	150.5
4	239363498	150.6
4	239518261	150.83
4	239709112	151.32
4	239881266	151.38
4	239891030	151.4
4	239951139	151.8
4	239981485	152.0
4	240172730	152.23
4	240215819	153.25
4	240383160	154.53
4	240435612	154.6
4	240464059	154.7
4	240489954	154.8
4	240600315	154.9
4	240616990	154.92
4	240782829	155.0
4	240788338	155.01
4	240990036	155.03
4	241286752	155.07
4	241402642	155.1
4	241428868	155.12
4	241438194	155.14
4	241492667	155.14
4	241560412	155.15
4	241577078	155.15
4	241579169	155.16
4	241595187	155.17
4	241674874	155.18
4	241699584	155.25
4	241703954	155.25
4	241715534	155.26
4	241717610	155.27
4	241789156	155.28
4	241834594	155.29
4	241948536	155.3
4	241956620	155.31
4	242047002	155.5
4	242143226	155.7
4	242280434	155.72
4	242319456	155.75
4	242345154	155.8
4	242367031	155.84
4	242374858	155.86
4	242527294	156.98
4	242648240	157.0
4	242730926	158.0
4	242868244	158.02
4	242890800	158.22
4	242933356	158.26
4	242940540	158.3
4	242958792	158.4
4	242982212	158.5
4	243001982	158.52
4	243034772	158.53
4	243103978	158.57
4	243123975	158.6
4	243150210	158.8
4	243160282	158.82
4	243187678	158.85
4	243217474	158.88
4	243223730	158.89
4	243251542	158.9
4	243262413	158.9
4	243340376	158.93
4	243361926	158.94
4	243447896	158.95
4	243456036	158.97
4	243497651	159.0
4	243660537	159.36
4	243667635	159.38
4	243723457	159.4
4	243751952	160.0
4	243784102	160.98
4	243832596	161.0
4	243856855	161.07
4	243861060	161.08
4	243987938	161.92
4	243995315	161.94
4	244036262	162.0
4	244044518	162.02
4	244135774	162.34
4	244171127	162.4
4	244201863	162.5
4	244277227	162.9
4	244318614	162.93
4	244328664	163.1
4	244334819	163.12
4	244351372	163.2
4	244354712	163.3
4	244396490	163.32
4	244463358	163.42
4	244495160	163.45
4	244596952	163.5
4	244678748	163.58
4	244682742	163.6
4	244739484	163.62
4	244778924	163.72
4	244791228	163.74
4	244795358	163.75
4	244935370	164.0
4	244946264	164.02
4	244952964	164.03
4	244982516	164.09
4	245049386	165.0
4	245286237	167.45
4	245318764	167.48
4	245454056	167.54
4	245477072	167.58
4	245482566	167.6
4	245493818	167.62
4	245507558	167.65
4	245543952	167.68
4	245546798	167.7
4	245551260	168.1
4	245620682	168.15
4	245632016	168.18
4	245730082	168.2
4	245740557	168.22
4	245853752	168.23
4	245859159	168.24
4	245861285	168.26
4	245895390	168.28
4	245958214	168.48
4	245973676	168.5
4	245982976	168.52
4	246031718	168.54
4	246040545	168.56
4	246110187	168.65
4	246116762	168.67
4	246125122	168.69
4	246129616	168.7
4	246208914	168.9
4	246286992	168.91
4	246290979	168.91
4	246295295	168.92
4	246301802	168.93
4	246313892	168.94
4	246319388	168.95
4	246382283	169.0
4	246388928	169.02
4	246558885	169.04
4	246569254	169.2
4	246683206	170.0
4	246688356	170.2
4	246694003	170.22
4	246714490	170.26
4	246760022	171.95
4	246803548	171.97
4	246863794	172.18
4	246943221	172.98
4	246950851	173.0
4	246957184	173.01
4	246965248	173.02
4	246973090	173.03
4	246978438	173.04
4	246994634	173.06
4	247005759	173.08
4	247008494	173.2
4	247012022	173.22
4	247023433	173.3
4	247031942	173.32
4	247072678	173.4
4	247079920	173.5
4	247085076	173.58
4	247193339	173.7
4	247202760	173.88
4	247221752	173.91
4	247223880	173.92
4	247287683	173.95
4	247364782	173.99
4	247463124	174.44
4	247468250	174.46
4	247474428	174.48
4	247488842	174.55
4	247529306	174.73
4	247598014	174.8
4	247651916	174.9
4	247671434	175.0
4	247682168	176.0
4	247704601	176.97
4	247707538	176.99
4	247711582	177.0
4	247717602	177.02
4	247794076	177.06
4	247807160	177.1
4	247845848	177.12
4	247851207	177.12
4	247854641	177.12
4	247865057	177.13
4	247870094	177.15
4	247878978	177.17
4	247887230	177.2
4	247906015	177.5
4	247987138	178.0
4	248055656	180.0
4	248107813	180.98
4	248113432	180.99
4	248121065	181.0
4	248127454	182.13
4	248173232	182.17
4	248181805	182.98
4	248190668	183.0
4	248199482	183.02
4	248210362	183.04
4	248332759	183.06
4	248346954	184.0
4	248389236	184.1
4	248403573	184.18
4	248460026	184.2
4	248482666	184.22
4	248486475	184.23
4	248500285	184.25
4	248643878	184.28
4	248646537	184.3
4	248752596	184.4
4	248759800	184.42
4	248762658	184.43
4	248767346	184.45
4	248820810	186.03
4	248831692	186.06
4	248935190	186.1
4	248946349	186.2
4	248952687	186.22
4	249093964	186.3
4	249102815	186.4
4	249154164	186.42
4	249166980	186.45
4	249253534	186.5
4	249265360	186.53
4	249270712	186.55
4	249333112	186.7
4	249422818	187.0
4	249427304	187.02
4	249429161	187.08
4	249523557	187.09
4	249551298	187.1
4	249556200	187.12
4	249621778	187.18
4	249651157	187.2
4	249655442	187.21
4	249729150	187.21
4	249813442	187.22
4	249888268	187.23
4	250055310	187.25
4	250060058	187.27
5	287408	0.1
5	339810	0.34
5	520838	0.4
5	845993	0.6
5	958665	1.0
5	964186	1.04
5	970190	1.42
5	1054460	1.48
5	1064306	1.5
5	1110662	1.7
5	1117995	2.0
5	1119138	2.02
5	1122906	2.5
5	1174053	5.67
5	1194454	5.68
5	1200014	5.7
5	1201816	5.71
5	1205060	5.72
5	1207992	5.73
5	1223547	5.75
5	1227000	5.75
5	1229888	5.76
5	1235096	5.8
5	1248004	5.81
5	1254356	5.81
5	1335653	5.82
5	1341412	5.82
5	1346220	5.82
5	1351062	5.83
5	1356540	5.84
5	1358624	5.85
5	1372955	5.89
5	1393783	5.95
5	1436879	5.97
5	1447415	6.0
5	1563902	6.07
5	1626014	6.1
5	1643403	6.13
5	1655929	6.15
5	1667552	6.16
5	1775130	6.24
5	1805936	6.26
5	1839954	6.28
5	1848993	7.48
5	1858292	7.5
5	1879155	7.7
5	1883724	7.72
5	1888936	7.74
5	1892306	7.76
5	1900877	7.78
5	1920923	8.0
5	1932947	8.2
5	1936722	8.22
5	1994406	9.0
5	2038208	9.2
5	2041492	9.21
5	2050064	9.35
5	2083638	9.5
5	2128122	10.0
5	2143320	10.16
5	2158619	10.2
5	2182560	10.22
5	2208604	10.7
5	2232966	10.8
5	2253373	10.84
5	2411434	10.88
5	2414858	10.9
5	2417654	10.92
5	2422776	11.0
5	2432107	11.2
5	2445448	11.4
5	2452552	11.7
5	2473384	11.72
5	2475910	13.08
5	2479897	13.1
5	2565499	13.18
5	2576200	13.2
5	2581584	13.22
5	2584058	13.23
5	2590992	13.3
5	2601747	13.4
5	2631698	13.65
5	2651820	13.8
5	2659082	13.8
5	2678712	13.81
5	2681248	13.81
5	2694064	13.81
5	2708866	13.81
5	2720074	13.81
5	2799520	13.82
5	2817522	13.82
5	2898048	13.84
5	2902226	13.85
5	2908276	13.87
5	2914016	13.88
5	2920682	13.88
5	3007818	13.89
5	3010293	13.89
5	3084061	13.91
5	3096983	13.93
5	3106848	13.94
5	3111221	13.95
5	3119314	15.0
5	3129812	15.96
5	3165794	16.0
5	3200962	16.1
5	3218947	16.12
5	3222454	16.2
5	3337347	16.22
5	3347285	17.03
5	3358843	17.05
5	3361232	17.06
5	3396509	17.08
5	3406899	17.1
5	3428784	17.13
5	3484122	17.2
5	3568662	17.26
5	3604668	17.38
5	3619392	17.42
5	3631758	17.56
5	3655998	17.58
5	3661116	17.6
5	3666358	17.66
5	3671024	17.72
5	3687125	17.8
5	3689544	17.9
5	3692298	17.92
5	3735472	17.94
5	3777984	17.98
5	3800233	17.99
5	3807547	18.01
5	3812587	18.01
5	3824210	18.02
5	3881278	18.04
5	3931320	18.26
5	3953198	18.28
5	3962475	18.3
5	4018982	18.33
5	4037509	18.35
5	4060518	18.37
5	4068740	18.38
5	4072354	18.4
5	4077307	18.42
5	4105868	18.44
5	4125508	18.45
5	4136454	18.46
5	4153644	18.5
5	4233884	18.52
5	4241232	18.53
5	4289963	18.54
5	4324257	18.56
5	4386674	18.58
5	4445330	18.7
5	4487632	18.75
5	4491193	18.77
5	4508048	18.8
5	4541040	19.0
5	4549557	19.25
5	4557996	19.5
5	4601129	19.8
5	4609350	19.82
5	4622550	20.0
5	4633518	22.49
5	4645431	22.51
5	4656780	22.52
5	4710236	22.55
5	4712282	22.56
5	4713998	22.56
5	4716832	22.56
5	4757611	22.57
5	4765856	22.57
5	4784410	22.58
5	4859170	22.6
5	4863208	22.61
5	4870239	22.62
5	4878492	22.62
5	4898683	22.67
5	4945465	22.7
5	4959058	22.71
5	4964108	22.72
5	4978584	22.73
5	5054504	22.74
5	5058689	22.74
5	5060888	22.74
5	5074075	22.74
5	5169220	22.74
5	5170112	22.74
5	5230338	22.75
5	5257170	22.75
5	5292670	22.75
5	5333806	22.76
5	5337324	22.76
5	5365646	22.77
5	5410968	22.77
5	5495692	22.78
5	5508099	22.8
5	5512553	22.8
5	5519790	22.81
5	5555801	22.83
5	5558060	22.83
5	5596198	22.84
5	5629294	22.84
5	5631819	22.84
5	5635196	22.85
5	5687724	22.88
5	5736155	22.98
5	5742930	23.0
5	5803242	23.02
5	5823364	23.04
5	5856668	23.5
5	5909558	23.52
5	5912350	23.54
5	5982298	24.0
5	5992844	24.5
5	6117213	24.58
5	6141593	24.6
5	6159906	24.62
5	6163388	24.66
5	6282584	25.0
5	6291270	25.06
5	6357283	25.7
5	6374234	25.72
5	6519462	25.96
5	6530484	26.0
5	6581124	26.3
5	6587332	26.4
5	6608200	26.5
5	6745532	26.52
5	6769425	26.54
5	6782466	28.0
5	6807540	28.04
5	6830682	28.92
5	6835211	28.94
5	6886414	28.96
5	6893480	28.98
5	6897369	29.0
5	6900286	29.02
5	6905432	29.04
5	6934146	29.06
5	6946312	29.08
5	6954765	29.48
5	6963894	29.5
5	6979896	29.52
5	6985302	29.98
5	7020710	30.0
5	7038052	30.7
5	7050442	30.8
5	7117674	30.9
5	7122412	30.91
5	7127727	30.92
5	7133194	30.93
5	7245458	30.94
5	7272781	30.95
5	7302508	30.99
5	7316025	31.0
5	7323515	31.02
5	7336819	31.03
5	7357370	31.04
5	7364256	31.04
5	7369734	31.05
5	7377677	31.05
5	7431094	31.18
5	7549183	31.19
5	7556005	31.2
5	7560934	31.2
5	7569742	31.21
5	7575198	31.21
5	7582519	31.22
5	7677129	31.26
5	7687872	31.27
5	7702011	31.28
5	7706722	32.0
5	7711026	32.02
5	7795548	33.4
5	7801597	33.42
5	7879715	33.44
5	7888212	33.8
5	7991991	34.0
5	7994967	34.02
5	8080880	34.04
5	8094776	34.06
5	8172538	34.49
5	8177658	34.5
5	8198962	34.56
5	8251614	34.64
5	8346482	34.8
5	8456304	34.86
5	8460398	34.87
5	8518034	34.89
5	8534882	34.9
5	8664735	34.92
5	8693476	34.92
5	8783094	34.92
5	8790976	34.92
5	8846694	34.93
5	8851601	34.94
5	8857944	34.95
5	8970042	35.0
5	9014806	35.1
5	9065736	35.34
5	9132577	35.4
5	9221708	36.0
5	9351404	36.2
5	9627238	36.4
5	9693669	37.45
5	9700185	37.47
5	9704690	37.48
5	9854856	37.6
5	9902428	37.7
5	9955056	37.72
5	10000960	37.8
5	10132304	37.82
5	10137620	38.0
5	10143362	38.02
5	10157592	38.1
5	10186530	38.16
5	10335736	38.5
5	10437714	39.0
5	10470161	39.02
5	10489090	39.04
5	10514202	39.14
5	10666164	39.3
5	10705975	39.6
5	10717614	39.64
5	10769401	39.68
5	10881294	39.78
5	10928860	39.8
5	10988554	39.82
5	11040997	39.83
5	11217176	39.9
5	11289168	39.92
5	11296248	39.95
5	11307936	39.96
5	11362990	40.0
5	11379520	40.01
5	11402752	40.02
5	11437605	40.05
5	11457098	40.07
5	11478346	40.08
5	11860292	40.13
5	11876536	40.15
5	11908264	40.18
5	11916286	40.2
5	11993003	40.25
5	12033722	40.28
5	12119550	40.3
5	12125605	40.32
5	12132318	40.4
5	12220150	40.48
5	12223234	40.5
5	12276652	43.36
5	12285640	43.38
5	12393818	44.0
5	12433554	44.1
5	12458076	44.2
5	12492955	44.22
5	12517057	44.45
5	12562431	44.6
5	12644346	44.7
5	12759016	44.94
5	12783785	44.96
5	12806168	44.98
5	12813134	45.0
5	12817870	45.01
5	12823760	45.01
5	12862176	45.02
5	12868056	45.08
5	12882802	45.1
5	12936939	45.14
5	12946698	45.16
5	12952776	45.2
5	13077047	45.36
5	13090690	45.38
5	13097850	45.39
5	13110056	45.4
5	13126254	45.43
5	13249102	45.47
5	13520903	45.56
5	13571628	45.58
5	13580945	45.6
5	13678034	46.0
5	13710801	46.3
5	13775810	47.0
5	13795372	47.05
5	13825682	47.1
5	13831287	47.12
5	13914942	47.15
5	13936305	47.17
5	14021520	47.19
5	14100296	47.26
5	14120270	47.3
5	14127438	47.32
5	14175731	47.33
5	14194626	47.34
5	14203586	47.34
5	14248046	47.35
5	14250980	47.36
5	14337811	47.38
5	14509741	47.4
5	14512364	47.41
5	14563266	47.42
5	14601160	47.43
5	14614518	47.44
5	14702668	47.45
5	14755306	47.45
5	15013428	47.47
5	15109051	47.5
5	15213502	47.56
5	15254794	47.58
5	15258908	47.6
5	15263528	47.62
5	15278709	47.65
5	15334348	47.73
5	15437300	47.87
5	15479503	47.89
5	15489851	47.9
5	15530000	49.0
5	15730512	49.1
5	15818464	49.23
5	15840146	49.24
5	15894246	49.25
5	15897638	49.25
5	15904700	49.26
5	16028636	49.29
5	16033052	49.3
5	16037904	49.31
5	16135318	49.33
5	16140872	49.34
5	16163808	49.36
5	16211638	49.37
5	16265058	49.39
5	16267979	49.4
5	16271170	49.4
5	16295358	49.43
5	16326758	49.45
5	16371538	49.7
5	16417567	49.72
5	16435876	49.74
5	16490531	49.76
5	16517941	49.8
5	16522269	49.81
5	16687443	49.9
5	16720468	50.0
5	16816692	50.3
5	16932798	50.5
5	17040451	50.8
5	17051874	51.03
5	17149738	51.1
5	17200614	51.2
5	17361188	51.31
5	17437414	51.35
5	17602830	51.48
5	17614974	51.5
5	17817928	51.92
5	17864254	52.0
5	18008208	52.2
5	18094248	52.38
5	18636350	52.54
5	18664684	52.58
5	18672666	52.59
5	18697052	52.6
5	18701208	52.6
5	18745025	52.62
5	18754732	52.64
5	18782419	52.86
5	18868370	52.88
5	18889988	52.9
5	18907396	52.94
5	18954042	52.95
5	19019860	53.0
5	19069106	53.05
5	19094092	53.18
5	19108364	53.19
5	19158668	53.23
5	19211751	53.25
5	19277503	53.28
5	19310850	53.3
5	19316893	53.36
5	19376243	53.5
5	19380459	53.51
5	19467264	53.53
5	19473145	53.59
5	19551655	53.61
5	19558869	53.63
5	19629314	54.08
5	19634581	54.08
5	19694584	54.09
5	19793916	54.09
5	19814184	54.09
5	19981708	54.1
5	20065520	54.1
5	20091428	54.1
5	20118510	54.1
5	20178962	54.18
5	20186046	54.2
5	20192922	54.22
5	20339695	54.23
5	20382620	54.24
5	20384654	54.25
5	20398272	54.26
5	20404940	54.27
5	20407734	54.28
5	20494618	54.3
5	20612731	54.45
5	20618672	54.46
5	20621060	54.47
5	20652873	54.52
5	20722423	54.6
5	20828241	54.68
5	20839594	54.7
5	21008782	54.74
5	21068032	54.76
5	21130658	54.78
5	21640762	54.9
5	21652416	54.94
5	21778732	55.56
5	21782392	55.58
5	21801434	55.6
5	21884076	55.63
5	21892320	55.69
5	21897658	55.74
5	21944753	55.76
5	21963643	55.8
5	22012342	55.82
5	22290821	55.84
5	22328363	55.88
5	22332560	55.9
5	22350548	55.91
5	22412666	55.92
5	22540245	55.93
5	22646442	55.95
5	22839114	55.96
5	22851796	55.96
5	23054736	56.0
5	23211995	56.4
5	23243306	56.6
5	23307435	57.16
5	23531751	57.2
5	23582848	57.25
5	23625558	57.3
5	23702377	57.31
5	23715436	57.31
5	23757150	57.32
5	23981907	57.33
5	23986899	57.34
5	24203664	57.36
5	24215422	57.37
5	24298670	57.4
5	24415222	57.44
5	24523617	57.6
5	24606540	57.7
5	24706782	57.72
5	24782470	57.74
5	24819232	57.75
5	24838000	57.76
5	24843787	57.76
5	25093388	57.76
5	25123786	57.76
5	25226016	57.77
5	25227902	57.77
5	25260312	57.77
5	25353986	57.77
5	25416686	57.78
5	25521565	57.78
5	25595874	57.78
5	25639757	57.79
5	25646570	57.79
5	25842393	57.79
5	25948772	57.79
5	25955932	57.79
5	26042566	57.8
5	26242320	57.8
5	26483401	57.84
5	26496282	57.86
5	26527618	57.9
5	26728863	57.92
5	26807194	57.93
5	26936199	57.95
5	27343259	58.0
5	27466509	58.01
5	27691560	58.02
5	28045657	58.03
5	28061650	58.04
5	28123998	58.05
5	28453881	58.07
5	28641480	58.08
5	28843522	58.09
5	28914063	58.09
5	29002834	58.1
5	29166560	58.15
5	29258411	58.17
5	29272570	58.2
5	29456482	58.22
5	29694552	58.23
5	29749295	58.25
5	30164078	58.5
5	30324186	58.54
5	30629706	58.9
5	30677621	58.92
5	30762520	58.93
5	30899842	58.95
5	31188396	58.98
5	31203132	58.98
5	31279956	58.99
5	31420348	59.0
5	31513938	59.01
5	31595952	59.01
5	31602298	59.02
5	31806432	59.07
5	31913134	59.1
5	31916331	59.12
5	32064534	59.15
5	32073482	59.17
5	32090603	59.2
5	32094868	59.21
5	32274053	59.22
5	32315430	59.23
5	32326466	59.24
5	32330930	59.25
5	32460350	59.28
5	32558756	59.3
5	32716938	60.46
5	32831470	60.5
5	33035880	60.65
5	33210400	60.8
5	33244642	60.9
5	33267664	60.92
5	33268640	60.92
5	33290841	60.94
5	33308320	60.95
5	33368058	60.96
5	33466845	60.97
5	33504939	60.98
5	33657770	60.99
5	33677600	60.99
5	33860530	61.0
5	33897156	61.05
5	33933202	61.07
5	34009424	61.1
5	34101616	61.12
5	34283865	61.16
5	34312370	61.28
5	34380612	61.28
5	34381824	61.28
5	34490984	61.29
5	34500468	61.29
5	34518508	61.29
5	34581562	61.29
5	34734426	61.3
5	34742352	61.3
5	34865926	61.3
5	34895863	61.3
5	34992723	61.3
5	35019769	61.3
5	35094830	61.32
5	35207550	61.9
5	35229035	61.92
5	35230714	61.93
5	35243265	62.0
5	35318232	62.1
5	35391780	62.15
5	35522742	62.2
5	35733898	62.24
5	35748238	62.3
5	35851214	62.32
5	36013168	62.5
5	36230538	62.52
5	36350222	62.54
5	36423947	62.55
5	36454610	62.57
5	36465428	62.6
5	36718502	62.8
5	36724910	62.82
5	37092329	63.7
5	37145150	63.72
5	37147484	63.74
5	37500764	63.82
5	37974286	63.92
5	38021294	63.94
5	38193048	64.0
5	38261657	64.1
5	38383902	64.15
5	38516644	64.17
5	38656018	64.25
5	38661464	64.25
5	38739580	64.34
5	38795774	64.34
5	39127659	64.4
5	39259327	64.45
5	39582597	64.45
5	39636614	64.46
5	39699678	64.46
5	39906451	64.47
5	39916827	64.47
5	40071154	64.48
5	40304044	64.48
5	40356352	64.49
5	40425616	64.49
5	40623131	64.5
5	40672974	64.52
5	40760437	64.54
5	40896228	64.59
5	40906694	64.6
5	40908646	64.6
5	41027023	64.61
5	41163496	64.61
5	41316478	64.62
5	41377554	64.63
5	41386992	64.63
5	41578492	64.64
5	42049846	64.66
5	42243580	64.66
5	42319317	64.67
5	42422286	64.68
5	42666383	64.69
5	42666397	64.69
5	42841811	64.7
5	42890922	64.72
5	43156280	65.0
5	43297400	65.02
5	43407119	65.02
5	43591425	65.03
5	43793064	65.05
5	43950782	65.07
5	44150698	65.15
5	44652271	66.0
5	44659515	66.02
5	44680518	66.08
5	44888798	66.1
5	45324957	66.2
5	45439808	66.21
5	45441095	66.21
5	45675546	66.25
5	45972476	66.26
5	46145446	66.3
5	46228932	66.4
5	46529922	66.45
5	46870684	66.49
5	47076368	66.5
5	47287500	66.51
5	47563794	66.52
5	47755070	66.53
5	48095197	66.55
5	48196296	66.56
5	48202708	66.56
5	48427542	66.57
5	48494884	66.6
5	48605032	66.62
5	48606774	66.63
5	49271300	66.64
5	49365454	66.64
5	49403810	66.64
5	49537059	66.64
5	49778960	66.64
5	49867152	66.65
5	49979284	66.65
5	50053196	66.65
5	50137658	66.65
5	50141298	66.65
5	50201768	66.66
5	50539352	66.7
5	50580818	66.72
5	50595479	66.8
5	50937497	66.85
5	51204984	66.86
5	51232373	66.87
5	51390118	66.88
5	51404100	66.88
5	51498435	66.88
5	51565451	66.88
5	51710690	66.88
5	51765532	66.89
5	52011385	66.89
5	52123642	66.89
5	52477684	66.89
5	52552149	66.89
5	52904435	66.89
5	53125022	66.9
5	53370456	66.9
5	53395301	66.9
5	53566471	66.9
5	53695778	66.9
5	53797208	66.91
5	53843716	66.91
5	54039089	66.96
5	54052942	66.98
5	54160016	67.0
5	54509936	67.59
5	54515657	67.61
5	54522670	67.63
5	54649682	67.63
5	54758504	67.64
5	54763638	67.64
5	54823612	67.64
5	54829775	67.64
5	54928288	67.65
5	54947710	67.65
5	54992841	67.66
5	55132032	67.68
5	55195983	67.7
5	55378826	67.74
5	55689659	67.8
5	55774653	67.81
5	55917156	67.81
5	56155488	67.82
5	56315302	67.82
5	56503396	67.83
5	56596886	67.84
5	56671766	67.86
5	56674182	67.87
5	56797858	67.87
5	56977605	67.88
5	57357703	67.88
5	57376730	67.91
5	57606964	67.92
5	57613968	67.93
5	57769362	67.95
5	57789750	67.97
5	57859283	67.98
5	57902872	67.99
5	58059991	67.99
5	58206084	68.0
5	58210856	68.01
5	58220466	68.04
5	58272434	68.05
5	58637756	68.1
5	58647366	68.12
5	58704648	68.15
5	58762352	68.2
5	58805108	68.24
5	59065270	68.27
5	59105235	68.28
5	59240196	68.29
5	59298573	68.3
5	59320454	68.34
5	59760246	68.36
5	59817402	68.37
5	59869237	68.38
5	59949708	68.39
5	59955496	68.39
5	60014026	68.4
5	60016254	68.4
5	60019182	68.4
5	60154146	68.8
5	60166963	68.82
5	60343706	68.9
5	60348624	68.91
5	60408621	68.93
5	60412794	68.94
5	60561378	68.97
5	60609163	68.98
5	60641480	70.0
5	60877539	70.01
5	60887447	70.02
5	60892726	70.02
5	60986762	70.03
5	61109107	70.03
5	61111402	70.04
5	61139184	70.05
5	61145966	70.06
5	61150191	70.06
5	61191506	70.07
5	61273129	70.08
5	61318106	70.09
5	61448363	70.09
5	61579750	70.1
5	61586346	70.1
5	61669838	70.11
5	61834666	70.12
5	61839504	70.12
5	61860808	70.12
5	61892600	70.13
5	61997764	70.13
5	62142208	70.14
5	62315224	70.14
5	62405662	70.14
5	62534608	70.15
5	62642869	70.15
5	62648316	70.16
5	62674528	70.17
5	62797032	70.19
5	62864692	70.2
5	62871792	70.21
5	62949928	70.23
5	62981225	70.25
5	63049638	70.26
5	63376461	70.27
5	63382304	70.28
5	63490390	70.3
5	63494472	70.3
5	63516764	70.6
5	63619796	70.61
5	63657406	70.62
5	63767904	70.63
5	63999605	70.64
5	64098622	70.65
5	64448715	70.72
5	64560391	70.73
5	64792222	70.74
5	65072780	70.75
5	65159734	70.8
5	65160626	70.81
5	65203074	70.82
5	65258065	70.84
5	65473050	70.9
5	65492914	70.92
5	65604214	71.0
5	65695885	71.0
5	66033662	71.38
5	66040564	71.4
5	66211413	71.41
5	66259076	71.42
5	66548549	71.43
5	66600534	71.44
5	66605376	71.45
5	66708082	71.5
5	66713700	71.52
5	66719274	71.57
5	66751827	71.6
5	66789240	71.61
5	67088851	71.63
5	67091412	71.63
5	67100809	71.63
5	67173779	71.63
5	67192098	71.64
5	67198040	71.64
5	67386274	71.65
5	67408712	71.65
5	67426657	71.65
5	67501676	71.65
5	67743791	71.65
5	67921370	71.66
5	67935218	71.66
5	68005126	71.67
5	68017028	71.68
5	68087476	71.68
5	68312306	71.7
5	68407102	71.71
5	68409310	71.72
5	68415902	71.72
5	68796852	71.74
5	68800742	71.75
5	68805072	71.76
5	68806850	71.77
5	68964286	71.78
5	68984584	71.8
5	69008869	71.82
5	69156366	71.9
5	69372548	71.98
5	69378401	72.0
5	69448788	72.01
5	69454552	72.01
5	69484834	72.01
5	69644598	72.02
5	69647536	72.03
5	69699379	72.04
5	69902539	72.05
5	70374978	72.1
5	70379747	72.11
5	70402306	72.13
5	70405798	72.13
5	70475878	72.14
5	70629245	72.15
5	70655881	72.15
5	70871039	72.2
5	70877558	72.21
5	71097988	72.22
5	71114736	72.22
5	71121220	72.22
5	71296120	72.23
5	71300796	72.23
5	71320062	72.23
5	71428332	72.23
5	71444026	72.24
5	71452235	72.24
5	71540568	72.25
5	72034099	72.28
5	72044082	72.29
5	72051012	72.29
5	72055368	72.3
5	72099422	72.32
5	72640421	72.7
5	72665477	72.71
5	72694261	72.74
5	72699668	72.75
5	72788364	72.8
5	72792346	72.86
5	72859754	72.9
5	72872466	73.0
5	72915496	73.01
5	73126503	73.07
5	73129926	73.08
5	73157822	73.1
5	73371112	73.2
5	73695332	73.23
5	73699708	73.24
5	73703443	73.25
5	73849060	73.26
5	73852762	73.27
5	73908006	73.28
5	74691710	73.3
5	74702889	73.34
5	74827498	73.36
5	75071179	73.38
5	75078497	73.39
5	75143720	73.4
5	75186706	73.42
5	75191322	73.43
5	75247102	73.44
5	75252406	73.45
5	75255090	73.47
5	75321726	73.48
5	75516267	73.49
5	76063381	73.49
5	76178870	73.5
5	76324265	73.52
5	76450475	73.54
5	76453010	73.54
5	76463686	73.56
5	76496507	73.57
5	76554232	73.6
5	76663343	73.65
5	76668130	73.66
5	76672741	73.67
5	76697074	73.68
5	76710295	73.7
5	76973746	73.75
5	77161156	73.76
5	77975566	73.77
5	78016878	73.78
5	78190416	73.78
5	78195327	73.78
5	78296815	73.78
5	78301615	73.78
5	78468502	73.78
5	78471820	73.78
5	78520471	73.79
5	78717856	73.79
5	78775463	73.8
5	78780126	73.82
5	79036891	73.96
5	79049506	73.98
5	79186416	74.0
5	79299349	74.0
5	79342566	74.03
5	79347843	74.05
5	79357824	74.06
5	79665527	74.07
5	79749332	74.08
5	79787930	74.08
5	79815531	74.08
5	79840115	74.08
5	79862426	74.08
5	79867412	74.08
5	80006830	74.09
5	80030779	74.09
5	80079363	74.09
5	80261851	74.1
5	80386520	74.1
5	80474868	74.1
5	80909778	74.12
5	81002380	74.13
5	81157697	74.14
5	81553014	74.17
5	81760416	74.2
5	81914379	74.28
5	81919826	74.3
5	82138321	74.33
5	82177114	74.34
5	82222292	74.36
5	82334418	74.37
5	82385916	74.38
5	82650896	75.1
5	82738260	75.12
5	82745790	75.4
5	82769767	75.41
5	82861812	75.41
5	83098902	75.42
5	83702500	75.45
5	83734189	75.45
5	83736698	75.45
5	83794532	75.46
5	83798320	75.46
5	83888537	75.47
5	84041668	75.48
5	84194826	75.48
5	84382409	75.5
5	84386280	75.5
5	84476226	75.52
5	84482748	75.54
5	85228709	75.7
5	85385282	75.78
5	85715967	75.96
5	85855354	76.0
5	86057334	76.2
5	86097282	76.3
5	86246776	76.4
5	86249848	76.41
5	86800448	76.74
5	86823276	76.77
5	86839008	76.77
5	86942360	76.78
5	86948210	76.79
5	87157076	76.8
5	87278788	76.84
5	87413912	76.88
5	87589396	76.92
5	87906684	76.96
5	88065881	77.1
5	88133050	77.14
5	88209098	77.18
5	88261717	77.2
5	88322496	77.24
5	88810283	77.55
5	88861114	77.6
5	88887091	77.64
5	88960168	77.66
5	89057801	77.68
5	89136778	77.7
5	89339686	77.73
5	89428218	77.77
5	89434746	77.78
5	89438764	77.8
5	89683812	77.9
5	89823280	77.91
5	90249046	77.92
5	90255154	77.93
5	90286649	77.93
5	90678518	77.94
5	90724764	77.95
5	90866894	78.0
5	91222710	78.1
5	91350934	78.15
5	91378136	78.17
5	91496022	78.21
5	91733111	78.3
5	91738508	78.31
5	92224965	78.51
5	92433904	78.53
5	92661674	78.55
5	92857863	78.57
5	92948427	78.58
5	93361242	78.6
5	93539789	78.62
5	93697430	78.62
5	93917092	78.63
5	94283392	78.64
5	94295716	78.65
5	94465577	78.66
5	94479807	78.66
5	94907862	78.68
5	95341138	78.7
5	95346892	78.71
5	95727640	78.73
5	96362164	78.76
5	96647650	78.78
5	97134772	78.79
5	97163737	78.79
5	97403985	78.79
5	98123493	78.8
5	98129122	78.8
5	98552416	78.8
5	98591762	78.8
5	98753710	78.8
5	98788912	78.8
5	99420050	78.81
5	99845051	78.81
5	99936738	78.81
5	99955403	78.81
5	100461182	78.81
5	100667971	78.81
5	100731423	78.81
5	100857275	78.81
5	100866274	78.81
5	101209538	78.82
5	101619114	78.82
5	101716842	78.82
5	101718006	78.82
5	102057525	78.82
5	102146023	78.82
5	102273412	78.83
5	102501298	78.83
5	102911804	78.83
5	102920121	78.83
5	102954119	78.83
5	103404993	78.83
5	103529353	78.83
5	103819734	78.83
5	103825283	78.83
5	103867496	78.83
5	104765850	78.84
5	107955064	78.84
5	108424509	78.84
5	108557785	78.84
5	110110726	78.84
5	112891658	78.84
5	113632270	78.85
5	113724970	78.85
5	113763074	78.85
5	114384933	78.86
5	115031182	78.9
5	115313528	79.0
5	115908716	79.0
5	116160428	79.0
5	116508274	79.0
5	116511752	79.0
5	117173970	79.0
5	117783739	79.01
5	117987174	79.01
5	118137780	79.01
5	118376029	79.01
5	118732561	79.01
5	119240514	79.01
5	119270583	79.01
5	120666592	79.01
5	121824454	79.01
5	122881294	79.02
5	122974010	79.02
5	123148908	79.02
5	123194232	79.02
5	123414825	79.03
5	123446858	79.03
5	123748684	79.04
5	123845178	79.04
5	123847846	79.05
5	124007688	79.05
5	124080541	79.06
5	124471958	79.07
5	125170368	79.07
5	125298454	79.08
5	125313002	79.08
5	125643355	79.09
5	125790146	79.09
5	125888009	79.1
5	125937423	79.11
5	126329946	79.12
5	126379468	79.12
5	126528498	79.12
5	126594777	79.13
5	126924184	79.13
5	128519790	79.16
5	129117276	79.17
5	129180623	79.18
5	129418738	79.18
5	129484655	79.19
5	129543094	79.19
5	130302870	79.2
5	130442925	79.22
5	130789214	79.23
5	130964606	79.24
5	132088712	79.25
5	132120182	79.25
5	132226358	79.26
5	132911550	79.27
5	133281242	79.27
5	133458946	79.28
5	133625350	79.28
5	133747757	79.28
5	133907350	79.29
5	133914880	79.29
5	133996526	79.29
5	134133996	79.29
5	134527232	79.29
5	135296198	79.29
5	135303650	79.29
5	135423829	79.29
5	136076120	79.3
5	136238800	79.3
5	136346906	79.31
5	136510162	79.32
5	136938508	79.33
5	137216715	79.34
5	137233575	79.34
5	137549664	79.34
5	137900738	79.35
5	138001125	79.35
5	138169720	79.36
5	138341322	79.36
5	138614598	79.37
5	138934478	79.37
5	139124333	79.38
5	139162232	79.4
5	140126544	79.5
5	140181026	79.51
5	140913776	79.52
5	141092028	79.54
5	141177844	79.6
5	141558040	79.7
5	141982363	79.73
5	142117244	79.8
5	142383840	79.8
5	142506274	79.81
5	142594776	79.81
5	142851492	79.82
5	142862466	79.87
5	143034534	79.88
5	143088842	79.88
5	143744699	79.89
5	143901819	79.89
5	143942845	79.89
5	144026909	79.9
5	144031522	79.9
5	144204150	79.9
5	144349620	79.92
5	144923924	79.95
5	145133017	79.96
5	145156500	79.96
5	145204659	79.97
5	145214838	79.98
5	145442788	80.0
5	145590434	80.02
5	145756368	80.04
5	145811112	80.06
5	145894206	80.08
5	145922710	80.1
5	146417959	80.21
5	146634760	80.23
5	146732976	80.25
5	146878032	80.27
5	147073700	80.3
5	147341502	80.46
5	147468664	80.48
5	147575572	80.5
5	147652644	80.52
5	147888330	80.6
5	148001935	80.6
5	148106636	80.6
5	148287736	80.6
5	148304241	80.61
5	148320052	80.61
5	148670140	80.61
5	148762837	80.61
5	149660709	80.62
5	149666718	80.62
5	149986039	80.62
5	150274979	80.62
5	150315078	80.63
5	150357637	80.63
5	150451985	80.63
5	150528438	80.63
5	150706542	80.63
5	151058133	80.64
5	151069406	80.65
5	151137426	80.65
5	151549674	80.66
5	151582646	80.66
5	151755678	80.69
5	152489810	80.7
5	153032694	80.72
5	153126664	80.72
5	153227212	80.73
5	153399747	80.74
5	153562138	80.77
5	153689672	80.78
5	154037861	80.9
5	154441228	80.93
5	154598239	82.0
5	154800224	82.1
5	154882512	82.12
5	154886372	82.13
5	155389950	82.2
5	155573353	82.4
5	155604748	82.42
5	155738615	82.44
5	155921792	82.47
5	156099914	82.7
5	156366694	82.72
5	156569057	82.74
5	157164540	82.76
5	157577206	82.78
5	158035968	82.8
5	158221050	82.85
5	158270396	82.87
5	158330408	82.9
5	158381369	82.92
5	158479608	82.95
5	158660072	82.97
5	158765530	82.98
5	158766849	82.99
5	158774280	83.0
5	159059931	83.02
5	159164624	83.04
5	159399899	83.1
5	159519395	83.14
5	159627724	83.2
5	160001872	83.24
5	160181712	83.26
5	160516259	83.28
5	160750970	83.3
5	160755694	83.31
5	161030700	83.32
5	161032333	83.33
5	161198128	83.35
5	161215488	83.36
5	161403068	83.36
5	161482856	83.37
5	161484749	83.37
5	161732424	83.38
5	161803586	83.4
5	161867918	83.42
5	161980607	83.43
5	161988650	83.45
5	162041340	83.5
5	162291416	83.55
5	162390888	83.6
5	162420213	83.7
5	162472199	83.72
5	162515822	83.74
5	162524837	83.74
5	162644207	83.75
5	162735222	83.76
5	162861883	83.77
5	162873528	83.77
5	162988068	83.78
5	163099380	83.78
5	163146108	83.79
5	163238420	83.8
5	163355072	83.9
5	163644344	83.96
5	163893744	84.13
5	163909494	84.13
5	163941004	84.14
5	163944550	84.14
5	163986826	84.16
5	164017602	84.2
5	164182579	84.26
5	164383928	84.3
5	164454906	84.31
5	164682852	84.34
5	164769683	84.36
5	164821438	84.36
5	164888390	84.37
5	165140949	84.38
5	165257350	84.39
5	165321156	84.4
5	165476651	84.42
5	165504924	84.42
5	165899016	84.43
5	165902777	84.44
5	165940170	84.45
5	165959701	84.45
5	166020692	84.45
5	166096280	84.46
5	166101667	84.46
5	166107481	84.47
5	166158290	84.48
5	166384481	84.5
5	166388202	84.51
5	166486211	84.55
5	166504098	84.56
5	166567554	84.57
5	166682576	84.6
5	166900251	84.64
5	167026096	85.0
5	167163839	85.89
5	167192268	85.91
5	167242244	85.95
5	167286165	86.0
5	167426354	86.03
5	167514802	86.04
5	167646004	86.06
5	167665897	86.07
5	167769659	86.08
5	167950266	86.1
5	168021596	86.2
5	168141100	86.3
5	168175362	86.31
5	168291221	86.32
5	168377588	86.33
5	168897020	86.34
5	169110983	86.36
5	169123674	86.36
5	169306744	86.36
5	169568635	86.38
5	169585666	86.4
5	169686045	86.42
5	169695987	86.44
5	169763776	86.46
5	169802066	86.5
5	169862949	86.63
5	170114578	86.67
5	170188220	86.68
5	170511708	86.7
5	170698322	86.73
5	170904904	86.74
5	170956966	86.75
5	171050842	86.77
5	171085524	86.77
5	171104600	86.77
5	171245578	86.78
5	171251506	86.78
5	171253983	86.82
5	171522010	87.0
5	171555634	87.02
5	171730437	87.7
5	171761533	87.8
5	171830943	87.82
5	171841982	87.84
5	171984672	92.8
5	172177100	92.9
5	172199251	93.0
5	172212602	93.01
5	172482105	93.02
5	172536633	93.1
5	172539934	93.11
5	172546014	93.13
5	172766272	94.1
5	172885399	94.12
5	172975458	94.13
5	172982742	94.14
5	173106707	94.16
5	173138660	95.64
5	173153073	95.65
5	173155318	95.65
5	173167402	95.66
5	173170990	95.67
5	173176425	95.67
5	173209560	95.67
5	173362875	95.68
5	173404878	95.68
5	173409859	95.68
5	173501820	95.68
5	173704160	95.69
5	173753522	95.7
5	173759784	95.7
5	173886920	95.72
5	174193333	95.8
5	174351762	95.9
5	174357705	95.95
5	174500600	96.0
5	174545868	96.02
5	174557536	96.04
5	174659398	96.75
5	174746082	96.76
5	174874678	96.78
5	174877463	96.8
5	175071287	97.0
5	175090688	97.2
5	175276466	97.35
5	175348524	97.4
5	175353960	97.42
5	175411642	97.44
5	175420202	97.45
5	175487566	97.47
5	175493758	97.48
5	175700842	98.0
5	175802468	98.1
5	175885272	98.2
5	175985374	98.21
5	176025060	98.22
5	176159756	98.23
5	176232344	98.25
5	176236811	98.26
5	176345554	98.4
5	176360266	98.42
5	176576898	98.58
5	176590744	98.6
5	176854563	98.8
5	177077776	98.82
5	177123315	98.85
5	177130638	98.86
5	177187302	99.0
5	177374408	99.05
5	177401056	99.06
5	177515323	99.07
5	177541940	99.07
5	177552318	99.07
5	177562006	99.08
5	177615211	99.08
5	177687062	99.08
5	177695377	99.09
5	177706293	99.09
5	177722018	99.09
5	177751745	99.1
5	177811168	99.12
5	177816092	99.13
5	177937596	99.15
5	177943326	99.18
5	177948404	99.2
5	178003092	99.22
5	178271475	100.1
5	178402754	100.2
5	178547366	100.28
5	178549966	100.29
5	178738501	100.38
5	178745107	100.4
5	178751266	100.42
5	178757160	100.44
5	178761656	100.46
5	178886508	100.47
5	178889384	100.48
5	178895802	100.5
5	178903274	100.52
5	178912692	100.55
5	178919268	100.57
5	178946358	100.6
5	178955446	100.62
5	178959738	100.64
5	178991720	100.8
5	179016864	101.1
5	179034803	101.2
5	179042004	101.23
5	179167625	101.24
5	179325609	101.25
5	179370974	101.38
5	179420954	101.4
5	179430952	101.42
5	179528183	101.45
5	179661492	101.49
5	179700784	101.5
5	179752188	101.54
5	179902133	101.56
5	179923090	101.56
5	180048585	101.57
5	180215044	101.58
5	180245433	101.6
5	180301070	101.7
5	180455281	101.73
5	180542292	101.75
5	180555970	101.77
5	180980778	101.8
5	180985416	101.82
5	181064542	101.9
5	181142937	101.96
5	181159451	102.0
5	181310678	102.02
5	181374470	102.02
5	181452646	102.1
5	181585631	102.13
5	181663491	102.13
5	181850828	102.14
5	181923737	102.15
5	181964154	102.15
5	182066008	102.15
5	182156082	102.15
5	182265326	102.15
5	182353044	102.16
5	182415656	102.16
5	182420258	102.17
5	182448034	102.2
5	182535566	102.25
5	182676754	102.26
5	182725246	102.3
5	182953300	102.36
5	183094174	102.4
5	183231260	102.44
5	183347518	102.47
5	183442963	102.48
5	183503426	102.5
5	183510214	102.54
5	183587304	102.57
5	183589978	102.59
5	183596810	102.6
5	183700048	102.65
5	183852852	102.7
5	184049324	102.8
5	184084086	102.81
5	184111772	102.83
5	184246039	102.84
5	184256136	102.85
5	184433304	102.9
5	184439150	102.91
5	184530919	102.93
5	184611950	102.94
5	184616242	102.94
5	184719691	102.95
5	184912768	103.0
5	184917915	103.2
5	184924564	103.25
5	184932342	103.3
5	185117718	103.4
5	185122686	103.42
5	185127658	103.45
5	185249636	103.51
5	185310586	103.66
5	185316621	103.68
5	185364704	103.7
5	185526222	103.72
5	185553682	104.0
5	185612000	104.2
5	185615151	104.21
5	185659785	105.0
5	185748433	105.02
5	185797407	105.18
5	185843307	105.2
5	185906744	105.25
5	185962278	105.3
5	185967577	105.31
5	186158965	105.8
5	186181088	105.84
5	186238648	106.0
5	186257015	106.04
5	186297404	106.06
5	186323235	106.1
5	186681350	109.09
5	186880610	109.1
5	186903652	109.12
5	186908818	109.15
5	186954049	109.2
5	187069700	109.23
5	187130068	109.25
5	187184856	109.27
5	187239455	109.3
5	187255902	109.34
5	187365204	109.38
5	187372036	109.4
5	187691396	109.42
5	187756504	109.45
5	187773910	109.49
5	187876332	109.58
5	187950358	109.6
5	188012268	110.0
5	188060404	110.01
5	188073754	110.04
5	188134864	110.06
5	188174598	110.08
5	188236028	110.1
5	188442749	110.22
5	189012913	110.7
5	189050510	110.76
5	189083474	110.79
5	189091587	110.8
5	189097695	110.9
5	189182714	111.0
5	189354125	111.6
5	189393407	111.7
5	189478292	111.71
5	189774564	111.77
5	190040547	111.82
5	190173982	111.88
5	190266387	111.9
5	190279978	111.92
5	190442313	112.0
5	190491396	112.02
5	190497652	112.04
5	190562019	112.06
5	190602752	112.08
5	190632364	112.1
5	190642066	112.18
5	190713968	112.2
5	190721804	112.3
5	190772194	112.58
5	190828120	112.6
5	190987260	112.66
5	191013066	113.0
5	191015230	113.0
5	191018247	113.01
5	191260370	113.2
5	191399103	113.36
5	191520479	113.4
5	191709630	113.6
5	191715488	113.62
5	191859966	113.68
5	191899124	113.7
5	192010992	113.98
5	192157690	114.0
5	192186980	114.1
5	192225896	114.16
5	192494184	114.3
5	192497123	114.31
5	192515112	114.32
5	192524628	114.35
5	192640899	114.7
5	192707196	115.0
5	192740754	115.06
5	192792312	115.28
5	192799320	115.3
5	192875494	115.48
5	192889876	115.5
5	192896513	115.52
5	192901024	115.7
5	192939722	115.8
5	192961398	116.0
5	193011473	116.2
5	193083768	116.25
5	193096471	116.27
5	193317028	116.76
5	193381068	116.76
5	193461798	116.78
5	193686815	116.78
5	193859042	116.79
5	193898830	116.8
5	193914898	116.82
5	193961617	116.83
5	193978223	116.85
5	194079114	116.9
5	194171294	116.91
5	194334585	116.92
5	194361909	116.92
5	194374432	116.92
5	194584454	116.93
5	194617806	116.94
5	194624249	116.95
5	194703738	116.96
5	194746593	116.97
5	194814978	117.0
5	194826618	117.2
5	194841794	117.22
5	194993572	117.4
5	195068231	117.53
5	195078968	117.6
5	195085298	117.75
5	195249946	117.81
5	195295984	117.98
5	195413075	118.0
5	195429940	118.03
5	195454272	118.05
5	195461640	118.06
5	195467756	118.09
5	195551604	118.1
5	195705884	118.2
5	195714202	118.22
5	195720196	118.24
5	195921872	118.3
5	195958598	118.31
5	196104268	118.38
5	196109430	118.4
5	196185404	118.58
5	196213577	118.6
5	196243112	118.7
5	196340246	118.77
5	196395392	118.8
5	196484464	118.86
5	196494698	118.88
5	196502395	118.9
5	196603070	119.07
5	196607904	119.11
5	196613150	119.13
5	196688226	119.15
5	196694955	119.2
5	196780027	119.3
5	196841134	119.4
5	196873808	119.42
5	196958111	119.92
5	197046488	119.98
5	197207404	120.0
5	197236884	120.3
5	197453436	120.34
5	197488978	120.36
5	197544508	120.36
5	197663594	120.37
5	197670600	120.37
5	197675888	120.38
5	197828824	120.39
5	197834136	120.39
5	197885024	120.4
5	197912649	120.4
5	198021261	120.4
5	198023910	120.4
5	198102791	120.43
5	198105936	120.44
5	198233689	120.46
5	198283842	120.47
5	198311674	120.48
5	198355680	120.49
5	198432882	120.5
5	198480977	120.6
5	198498848	120.68
5	198579680	120.7
5	198647339	120.8
5	198725985	120.86
5	198795606	120.87
5	198801310	120.88
5	198843130	120.89
5	198917110	120.9
5	199012391	120.96
5	199098498	120.98
5	199122072	121.0
5	203421318	122.1
5	203536774	122.13
5	203588310	122.15
5	203738447	122.3
5	203926302	122.4
5	203936240	122.42
5	203940863	122.43
5	204024832	122.44
5	204041232	122.5
5	204044500	122.51
5	204075832	122.53
5	204146690	122.6
5	204162426	122.62
5	204171442	122.8
5	204305218	122.85
5	204453941	122.87
5	204509767	122.9
5	204514900	123.0
5	204584756	123.1
5	204703808	123.14
5	204707247	123.16
5	205495890	123.44
5	205529671	123.46
5	205537632	123.47
5	205613317	123.49
5	205632164	123.51
5	205638510	123.55
5	205646296	123.57
5	205703770	123.58
5	205710710	123.6
5	205795308	123.62
5	205953506	123.63
5	205960142	123.63
5	205968526	123.64
5	205986870	123.65
5	206119479	124.0
5	206235880	124.06
5	206246810	124.08
5	206461531	124.1
5	206514211	124.12
5	206653252	124.14
5	206752237	124.15
5	206826810	124.16
5	206933763	124.17
5	206943414	124.17
5	206970198	124.18
5	207079906	124.18
5	207088188	124.19
5	207105652	124.2
5	207118777	124.21
5	207170206	124.24
5	207189216	124.25
5	207264477	124.3
5	207316535	124.32
5	207321322	124.34
5	207379576	124.38
5	207383786	124.39
5	207529430	124.4
5	207586110	124.5
5	207662506	125.18
5	207676996	125.18
5	207702371	125.19
5	207707972	125.19
5	207724562	125.2
5	207803235	125.22
5	207908599	125.3
5	207920172	125.4
5	207923646	125.5
5	207992656	125.52
5	208082813	125.6
5	208149542	125.68
5	208153350	125.7
5	208353834	125.76
5	208429722	125.8
5	208455228	125.82
5	208494949	125.9
5	208496644	125.91
5	208501582	125.92
5	208550206	125.95
5	208608182	125.97
5	208741790	126.0
5	208807724	126.3
5	208905304	126.37
5	208909611	126.38
5	208952288	126.4
5	208959406	126.42
5	208990215	126.45
5	209020558	126.49
5	209023270	126.5
5	209078282	126.52
5	209157324	126.57
5	209205474	126.6
5	209301822	126.62
5	209309284	126.64
5	209335455	126.66
5	209358279	126.69
5	209362562	126.7
5	209486254	127.0
5	209506554	127.04
5	209560512	127.06
5	209567073	127.81
5	209574952	127.83
5	209615586	128.0
5	209690190	128.0
5	209728447	128.07
5	209753788	128.1
5	209908094	129.5
5	209911648	129.55
5	209978818	129.6
5	210025499	129.62
5	210094942	129.65
5	210122972	129.66
5	210127999	129.67
5	210133970	129.68
5	210262870	129.7
5	210352587	129.71
5	210361007	129.72
5	210471394	129.74
5	210564954	129.78
5	210668990	129.8
5	210866084	129.82
5	210869762	129.83
5	210874379	129.84
5	211064026	129.86
5	211141356	129.87
5	211179004	129.88
5	211179921	129.88
5	211242709	129.89
5	211249016	129.89
5	211269704	129.9
5	211344896	129.96
5	211442790	130.0
5	211445039	130.01
5	211587546	130.03
5	211662232	130.05
5	211669290	130.07
5	211677484	130.09
5	211694525	130.1
5	211699704	130.11
5	211727904	130.12
5	211738104	130.14
5	211752311	130.18
5	211760772	130.19
5	211847496	130.2
5	211879075	130.22
5	211958200	130.28
5	211966368	130.3
5	212054868	130.32
5	212101632	130.4
5	212132814	130.5
5	212219229	130.7
5	212237218	130.76
5	212309530	130.92
5	212313482	130.94
5	212326342	131.0
5	212344275	131.02
5	212384696	131.3
5	212479760	131.5
5	212575711	131.7
5	212577884	131.7
5	212606952	132.0
5	212639922	132.04
5	212649166	132.04
5	212655708	132.05
5	212659304	132.06
5	212684175	132.07
5	212712917	132.08
5	212794460	132.1
5	212815642	132.9
5	212861204	133.0
5	212864951	133.02
5	212881631	133.04
5	212985222	134.0
5	212995009	134.01
5	212999361	134.03
5	213009930	134.15
5	213100974	134.2
5	213131195	134.25
5	213137611	134.25
5	213144154	134.25
5	213277653	134.26
5	213380502	134.26
5	213388176	134.27
5	213411292	134.27
5	213459900	134.28
5	213465366	134.29
5	213471355	134.3
5	213510174	134.32
5	213515098	134.34
5	213540936	134.38
5	213559315	134.4
5	213567810	134.42
5	213573942	134.44
5	213598936	134.45
5	213620452	134.47
5	213755352	134.49
5	213768732	134.5
5	213783956	134.52
5	213948120	134.94
5	213967615	134.96
5	213999470	134.98
5	214005859	135.0
5	214010053	135.02
5	214060262	135.06
5	214150318	135.6
5	214234062	135.9
5	214239184	135.92
5	214247034	135.96
5	214255302	135.98
5	214295442	136.0
5	214371600	136.4
5	214539344	136.46
5	214838725	137.0
5	214956430	137.2
5	214973413	137.22
5	214975208	137.24
5	215067692	141.0
5	215073494	141.1
5	215081445	141.2
5	215119858	141.5
5	215122960	141.51
5	215146272	141.52
5	215157076	141.53
5	215208740	141.54
5	215269810	141.55
5	215293766	141.55
5	215367602	141.56
5	215738216	141.6
5	215855050	142.0
5	216005556	142.6
5	216011286	142.62
5	216055076	142.98
5	216069492	143.0
5	216247202	143.16
5	216253122	143.19
5	216255576	143.2
5	216258848	143.21
5	216312298	143.23
5	216319369	143.24
5	216328030	143.24
5	216335012	143.24
5	216370100	143.25
5	216373854	143.25
5	216378178	143.26
5	216383356	143.27
5	216399377	143.28
5	216471429	143.3
5	216480900	143.4
5	216489246	143.42
5	216522611	143.5
5	216544648	143.52
5	216548208	143.54
5	216600142	143.98
5	216602460	144.0
5	216606764	144.02
5	216678772	144.09
5	216686383	144.1
5	216708108	144.15
5	216716978	144.2
5	216729754	144.3
5	216769413	144.34
5	216902311	144.38
5	216984546	144.4
5	216987932	144.43
5	217021626	144.44
5	217113362	144.51
5	217241428	145.0
5	217267975	145.98
5	217275671	146.0
5	217300101	146.05
5	217328283	146.1
5	217351523	146.2
5	217493096	146.3
5	217588658	146.4
5	217597499	146.5
5	217622389	146.52
5	217891354	147.44
5	218046432	147.46
5	218052826	147.48
5	218058163	147.49
5	218076050	147.5
5	218089838	147.5
5	218125582	147.5
5	218232188	147.51
5	218240746	147.51
5	218263174	147.55
5	218266204	147.55
5	218275088	147.56
5	218341088	147.59
5	218409784	147.6
5	218417100	148.0
5	218469378	148.18
5	218476406	148.2
5	218509022	148.22
5	218544548	148.3
5	218663467	148.6
5	218689606	148.68
5	218694904	148.7
5	218864401	149.0
5	218870531	149.62
5	218950384	149.63
5	218984860	149.64
5	218989343	149.65
5	219068751	149.84
5	219087180	149.86
5	219122119	149.88
5	219128437	149.9
5	219139766	149.95
5	219146502	150.0
5	219149107	150.01
5	219172508	150.01
5	219290132	150.04
5	219304708	150.1
5	219311610	150.2
5	219381278	150.23
5	219419437	150.25
5	219507531	150.3
5	219569616	150.33
5	219600978	150.35
5	219603660	150.37
5	219674676	150.38
5	219751184	150.43
5	219822084	150.44
5	219825303	150.46
5	219832973	150.5
5	219899826	150.52
5	219927944	150.92
5	219970972	150.94
5	219991886	151.0
5	220015962	151.1
5	220069997	152.33
5	220077743	152.34
5	220083934	152.35
5	220117518	152.4
5	220289458	153.43
5	220309978	153.44
5	220350757	153.48
5	220360301	154.0
5	220365356	154.01
5	220377318	154.08
5	220408634	154.1
5	220541216	154.43
5	220573470	154.5
5	220627256	154.58
5	220633567	154.6
5	220750936	155.8
5	220776597	156.0
5	220920057	156.28
5	220970491	156.3
5	220976086	156.32
5	220987912	156.45
5	220992416	156.47
5	220993530	156.49
5	221029317	157.0
5	221052864	157.7
5	221056786	157.72
5	221062740	157.74
5	221126805	157.8
5	221133209	158.0
5	221159040	158.15
5	221194758	158.17
5	221251144	158.2
5	221263409	158.22
5	221374152	158.78
5	221399870	158.8
5	221426648	159.0
5	221447064	159.02
5	221476742	159.04
5	221544869	160.14
5	221552262	160.16
5	221671087	160.2
5	221677867	160.35
5	221693595	160.37
5	221696082	160.4
5	221700002	160.42
5	221709834	160.44
5	221748664	160.5
5	221751618	160.52
5	221775942	160.56
5	221811984	160.57
5	221952242	160.6
5	221958807	160.62
5	221977870	160.66
5	222009302	160.8
5	222122602	160.87
5	222137354	160.89
5	222149442	160.9
5	222252578	161.1
5	222312633	161.2
5	222322240	161.22
5	222351794	161.25
5	222466168	161.3
5	222479086	161.31
5	222499708	162.0
5	222520900	162.6
5	222537569	163.0
5	222580112	163.98
5	222693744	164.0
5	222742436	164.18
5	222784372	164.18
5	222787124	164.18
5	222793927	164.19
5	222807004	164.19
5	222820343	164.2
5	222833776	164.26
5	222837744	164.27
5	222911312	164.3
5	222919148	164.36
5	222936946	164.4
5	223038958	164.5
5	223117188	165.03
5	223124599	165.1
5	223171296	165.48
5	223259582	165.5
5	223320143	165.6
5	223365177	165.7
5	223423492	166.08
5	223434621	166.2
5	223441032	166.22
5	223468674	166.24
5	223479772	166.26
5	223492894	166.3
5	223658851	166.98
5	223685152	167.0
5	223692880	167.1
5	223701146	167.14
5	223712634	167.16
5	223737930	167.3
5	223750311	167.33
5	223764491	167.34
5	223866376	167.35
5	223883128	167.38
5	223886971	167.4
5	223894142	167.44
5	223900204	167.46
5	223952396	167.82
5	223959146	167.84
5	224046478	167.88
5	224052124	167.9
5	224057447	167.91
5	224098028	168.0
5	224168227	168.01
5	224204946	168.04
5	224211121	168.05
5	224220486	168.1
5	224226058	168.13
5	224229326	168.14
5	224233470	168.14
5	224235612	168.15
5	224310983	168.28
5	224319816	168.3
5	224331407	168.34
5	224340394	168.35
5	224383312	168.37
5	224395415	168.39
5	224398540	168.4
5	224489814	168.5
5	224574640	168.6
5	224624088	168.66
5	224633946	168.68
5	224662762	168.7
5	224805480	168.74
5	224859847	168.79
5	224863072	168.8
5	224932004	168.85
5	224969718	168.86
5	224983290	168.87
5	224988542	168.88
5	225019898	168.9
5	225033015	168.92
5	225037158	168.93
5	225048820	168.95
5	225076904	169.01
5	225081017	169.03
5	225127038	169.05
5	225128610	169.07
5	225133506	169.09
5	225174134	169.18
5	225198115	169.4
5	225284103	169.44
5	225319456	169.45
5	225472700	169.46
5	225788634	169.48
5	225819948	169.49
5	225957896	169.5
5	226025824	170.0
5	226247164	171.0
6	5533063	0.5
6	5536624	0.52
6	5631447	1.0
6	5721640	1.2
6	5880689	1.98
6	5905038	2.0
6	5911178	2.02
6	5955745	2.1
6	6040384	2.4
6	6083259	2.6
6	6535696	2.8
6	6550550	2.85
6	6552862	2.87
6	6556880	2.9
6	6639623	2.96
6	6642116	2.98
6	6643736	3.0
6	6647588	3.1
6	6676778	3.2
6	6826476	3.22
6	6842880	3.5
6	7060886	3.54
6	7080946	3.56
6	7086725	3.58
6	7185462	3.62
6	7220792	3.88
6	7231114	3.9
6	7280492	3.98
6	7363096	4.0
6	7638476	4.28
6	7646788	4.3
6	7691540	4.32
6	7696398	4.34
6	7704796	4.36
6	8157696	4.4
6	8166900	4.42
6	8179967	4.44
6	8288191	4.45
6	8320228	4.46
6	8461160	4.48
6	8513828	4.5
6	8521374	4.52
6	8567476	4.54
6	8594062	5.4
6	8711622	5.62
6	8870274	5.66
6	8890096	5.68
6	8941156	5.7
6	8975769	5.96
6	9072345	5.98
6	9171399	6.0
6	9264848	7.2
6	9279996	7.21
6	9295039	7.22
6	9431161	7.24
6	9587548	7.6
6	9728738	7.7
6	9881776	8.0
6	9972136	8.18
6	10092900	8.2
6	10134326	8.4
6	10182691	8.5
6	10426542	8.54
6	10719547	8.79
6	11011755	9.13
6	11146884	9.15
6	11371630	9.21
6	11504906	10.0
6	11509304	10.02
6	11747330	11.0
6	11749896	11.0
6	11824835	11.02
6	11828392	11.06
6	11838961	12.0
6	11892746	12.5
6	12249791	13.0
6	12329896	13.4
6	12394954	14.16
6	12441082	14.18
6	12449594	14.2
6	12596830	14.38
6	12604401	14.4
6	12613908	14.42
6	12681202	14.44
6	12685661	14.46
6	12690844	14.48
6	12715736	14.53
6	12720326	14.55
6	12812093	14.59
6	12981138	14.8
6	13239106	14.84
6	13592119	14.86
6	13717469	15.0
6	13734552	15.1
6	13766228	15.18
6	13771870	15.2
6	13899486	15.24
6	14305054	15.9
6	14749628	16.68
6	14792814	16.69
6	14801970	16.7
6	14805198	16.7
6	15093138	17.2
6	15095886	17.28
6	15100503	17.3
6	15230184	17.32
6	15263084	17.34
6	18324496	17.4
6	19111211	17.5
6	19279056	17.51
6	19398856	17.51
6	19410746	17.51
6	19426526	17.51
6	19447729	17.51
6	19582264	17.51
6	19612329	17.51
6	19766382	17.51
6	19968916	17.52
6	20089634	17.52
6	20179742	17.52
6	20184637	17.52
6	20194571	17.52
6	20201822	17.52
6	20940550	17.52
6	22894296	17.53
6	24254529	17.54
6	24868076	17.54
6	25180088	17.54
6	25234574	17.54
6	25414790	17.54
6	25977694	17.55
6	26103470	17.56
6	26162956	17.56
6	26745982	17.59
6	27068900	17.6
6	27479972	17.61
6	27981274	17.62
6	28083160	17.62
6	28297520	17.63
6	28662089	17.63
6	28743864	17.63
6	28897107	17.64
6	29036899	17.64
6	29133878	17.64
6	29461672	17.65
6	29503960	17.65
6	29559492	17.66
6	29591828	17.66
6	29770407	17.66
6	30315276	17.67
6	30544917	17.68
6	30552804	17.69
6	30800947	17.69
6	31019656	17.7
6	31198759	17.71
6	31420420	17.71
6	31936600	17.8
6	32025311	17.86
6	32061062	17.86
6	32063588	17.86
6	32300797	17.86
6	32356957	17.88
6	32559449	17.91
6	33081288	17.93
6	33468478	18.0
6	33966206	18.1
6	34322183	18.18
6	34405829	18.19
6	34621607	18.25
6	34715413	18.3
6	34861017	18.32
6	34864649	18.33
6	34870472	18.36
6	35114217	18.37
6	35240862	18.39
6	35275219	18.43
6	35307098	19.0
6	35702810	19.2
6	35893350	19.28
6	35905892	19.3
6	35944228	19.34
6	36000422	19.36
6	36046437	19.4
6	36050146	19.42
6	36273284	19.45
6	36822106	19.5
6	37089886	19.52
6	37099416	19.53
6	37147612	19.54
6	37456413	19.56
6	37802757	19.57
6	37926782	19.58
6	37936550	19.6
6	37947664	19.62
6	39242336	19.7
6	39246210	19.72
6	39250316	19.74
6	39372984	19.76
6	39374875	19.77
6	39433982	19.8
6	39594372	19.9
6	40413587	20.12
6	40765216	20.18
6	40846273	20.19
6	41031112	20.2
6	41049615	20.25
6	41238160	20.27
6	41484406	20.3
6	41488386	20.31
6	41738132	20.34
6	41741856	20.35
6	41978602	20.36
6	42075286	20.38
6	42307930	20.4
6	42315756	20.41
6	42325152	20.42
6	42413278	20.44
6	42455214	20.45
6	42656570	20.46
6	42759073	20.47
6	42934774	20.48
6	43544875	20.5
6	43645237	20.51
6	43776926	20.52
6	43779054	20.53
6	44073876	20.6
6	44127146	20.64
6	44382574	20.74
6	44624402	21.2
6	44953850	21.38
6	45190537	21.38
6	45931009	21.38
6	46103224	21.39
6	46114816	21.39
6	46146569	21.39
6	46298589	21.39
6	46436390	21.4
6	46440228	21.4
6	46452200	21.41
6	47115240	21.42
6	47122658	21.42
6	47126836	21.42
6	47245905	21.42
6	47334541	21.43
6	47351183	21.43
6	47399384	21.43
6	47732979	21.44
6	47749115	21.44
6	47933102	21.45
6	47956036	21.45
6	47959458	21.46
6	48038970	21.48
6	48187925	21.48
6	48593020	21.49
6	48948984	21.49
6	49175818	21.49
6	49178660	21.49
6	49291690	21.49
6	49524554	21.49
6	49715249	21.49
6	50072650	21.49
6	50582132	21.5
6	50594209	21.5
6	50711806	21.5
6	51077091	21.5
6	51612630	21.55
6	51644256	21.6
6	51906438	21.6
6	51978938	21.61
6	52387826	21.63
6	52390180	21.63
6	52422442	21.63
6	52599694	21.64
6	52605832	21.68
6	52827100	21.7
6	53567709	21.78
6	53666229	21.79
6	53873864	21.8
6	54282420	22.0
6	54725839	22.02
6	55206925	22.03
6	55495664	22.05
6	56359377	22.1
6	56822192	22.13
6	57017434	22.15
6	57936275	22.2
6	58512892	22.23
6	59899820	22.25
6	60926364	22.3
6	61450466	22.5
6	61993979	22.6
6	62969786	22.72
6	63491252	22.8
6	64062438	22.9
6	64174988	22.92
6	64574726	22.97
6	64690734	23.0
6	64901544	23.04
6	64943048	23.1
6	64954496	23.12
6	64976440	23.16
6	65156350	23.18
6	65183906	23.2
6	65406920	23.28
6	65528512	23.3
6	65751308	23.5
6	66103457	23.6
6	66421438	23.9
6	66679704	23.98
6	66685179	24.0
6	66820678	24.01
6	66860908	24.08
6	66880089	24.1
6	67036508	24.4
6	67040758	24.41
6	67582732	24.45
6	67741886	24.6
6	67751733	24.6
6	67855209	24.62
6	68157868	24.63
6	68176936	24.63
6	68696684	24.64
6	69192812	24.65
6	69491385	24.98
6	69498952	25.0
6	69503336	25.02
6	70267894	25.2
6	70299654	25.22
6	70457340	25.4
6	70875257	25.6
6	71365452	25.8
6	71513360	25.9
6	71638463	25.94
6	71698175	26.12
6	71847362	26.2
6	71852722	26.21
6	71855522	26.21
6	71863308	26.22
6	72049189	26.22
6	72054694	26.22
6	72904456	26.22
6	73124147	26.23
6	73283608	26.23
6	73296092	26.23
6	73885892	26.24
6	73975314	26.25
6	74057382	26.25
6	74947408	26.25
6	75481807	26.26
6	75553168	26.26
6	75661450	26.27
6	75889662	26.28
6	76939354	26.29
6	77441024	26.29
6	77509717	26.29
6	77558284	26.29
6	77646212	26.3
6	77665044	26.3
6	78209586	26.31
6	78257220	26.31
6	79141272	26.31
6	79435760	26.32
6	79727834	26.33
6	79881956	26.34
6	79958050	26.35
6	80204530	26.35
6	80262055	26.36
6	80332460	26.36
6	80348264	26.37
6	80619078	26.38
6	80869958	26.39
6	80906258	26.39
6	81028994	26.4
6	81139238	26.44
6	81427646	26.48
6	81600240	26.48
6	81618648	26.49
6	81913810	26.49
6	82194697	26.5
6	82207552	26.51
6	82234888	26.54
6	82526872	26.55
6	83210177	26.6
6	83400356	26.62
6	83491454	26.64
6	83564497	26.64
6	83665869	26.65
6	83749364	26.66
6	83805416	26.67
6	83993584	26.7
6	84066417	26.74
6	84444312	26.77
6	84736192	27.0
6	84742000	27.0
6	84857966	27.2
6	84930574	27.22
6	84942622	27.39
6	84945250	27.41
6	85100184	27.45
6	85105375	27.47
6	85660279	27.5
6	85880238	27.52
6	85966720	27.54
6	86281900	27.57
6	86335256	27.6
6	86426477	28.0
6	86459892	28.04
6	86952939	28.32
6	87660320	28.38
6	87669242	28.4
6	88113304	28.56
6	88155230	28.58
6	88163621	28.59
6	88366168	28.6
6	88380276	28.62
6	88749153	29.0
6	89024266	29.02
6	89059122	29.03
6	89118415	29.04
6	89415948	29.05
6	90260859	29.14
6	90268158	29.16
6	90567106	29.18
6	90583862	29.2
6	90693900	29.24
6	91058449	29.26
6	91321008	29.34
6	91336997	29.36
6	91346634	29.38
6	91354656	29.4
6	91359438	29.5
6	91546792	29.52
6	91644920	30.13
6	91652432	30.14
6	91956626	30.2
6	92125145	30.24
6	92190652	30.27
6	92283109	30.28
6	92287888	30.28
6	92307311	30.29
6	92378933	30.3
6	92426671	30.35
6	92475484	30.4
6	92578902	30.42
6	92876842	30.44
6	93231294	30.5
6	93303551	30.52
6	93312964	30.54
6	93401759	30.6
6	93479486	30.7
6	93750540	30.78
6	94003002	30.88
6	94058260	30.9
6	94202217	30.95
6	94206163	30.96
6	94460412	31.0
6	94714348	31.01
6	94725820	31.03
6	94829148	31.04
6	94898456	31.05
6	94918684	31.05
6	94930610	31.06
6	95009589	31.06
6	95121146	31.07
6	95205548	31.1
6	95209880	31.1
6	95269368	31.1
6	95359249	31.1
6	95378511	31.11
6	95447403	31.11
6	95495802	31.11
6	95582616	31.12
6	95608544	31.12
6	95636604	31.12
6	95850700	31.13
6	95863480	31.15
6	95929687	31.16
6	96096828	31.18
6	96426356	31.2
6	96702416	31.21
6	96708276	31.21
6	96715262	31.21
6	96839504	31.21
6	96911665	31.22
6	96996445	31.22
6	97034043	31.22
6	97118088	31.22
6	97124918	31.22
6	97412924	31.23
6	97455624	31.23
6	97486978	31.24
6	97491798	31.24
6	98266828	31.25
6	98279136	31.25
6	98304844	31.3
6	98396217	31.42
6	98410984	31.53
6	98422012	31.55
6	98447079	31.58
6	98453035	31.6
6	98460351	31.7
6	98462900	31.72
6	98544948	31.74
6	98584087	31.75
6	98623385	31.76
6	98629215	31.77
6	98636571	31.78
6	98643978	31.8
6	98704102	31.84
6	98710842	31.86
6	98777233	31.87
6	98833660	31.88
6	98852100	31.89
6	98958265	32.0
6	99117064	32.02
6	99124308	33.0
6	99398891	33.5
6	99545692	34.0
6	99605593	34.02
6	99765963	34.04
6	99907299	34.06
6	99983884	34.08
6	100169617	35.0
6	100182591	35.02
6	100378632	36.12
6	100579508	36.2
6	101008830	36.3
6	101016848	36.32
6	101279204	36.4
6	101311212	36.42
6	101333286	36.43
6	101920490	36.8
6	102105292	36.89
6	102114578	36.91
6	102141040	36.93
6	102319844	36.95
6	102514586	36.99
6	102684902	37.0
6	102698630	37.02
6	102705162	37.06
6	102807732	37.1
6	102907531	37.16
6	102918368	37.18
6	102939808	37.19
6	103035122	37.2
6	103041067	37.21
6	103050520	37.23
6	103160676	37.25
6	103258166	37.3
6	103265463	37.32
6	103354016	37.5
6	103476882	37.52
6	103501948	37.56
6	103560990	37.6
6	103632357	37.68
6	104197683	37.9
6	104276561	37.96
6	104292180	38.0
6	104430472	38.2
6	104558134	38.39
6	104655972	38.41
6	104778479	38.42
6	104865106	38.43
6	105118311	38.5
6	105123371	38.51
6	105147202	38.54
6	105183001	38.57
6	105258683	38.65
6	105323944	39.66
6	105332254	39.68
6	105425780	39.68
6	105430424	39.68
6	105489126	39.68
6	105497184	39.69
6	105580512	39.7
6	105779570	39.75
6	105782916	39.77
6	105824886	39.8
6	106224688	39.9
6	106231899	39.91
6	106287652	39.92
6	106440128	39.95
6	106458188	39.97
6	106560716	39.99
6	106565360	40.0
6	106579535	40.08
6	106769952	40.12
6	106803122	40.16
6	106813331	40.18
6	106817595	40.2
6	106988056	40.28
6	106999925	40.35
6	107203142	40.49
6	107208676	40.5
6	107244061	40.54
6	107246860	40.56
6	107510980	40.6
6	107520451	40.62
6	107531510	40.63
6	107818806	40.64
6	107845650	40.65
6	107907783	40.65
6	107929408	40.66
6	107983182	40.7
6	108158254	40.78
6	108197973	40.79
6	108218230	40.8
6	108256104	40.82
6	108335728	40.98
6	108340570	41.0
6	108495354	41.01
6	108537283	41.02
6	108678905	41.24
6	108718924	41.26
6	108893492	41.3
6	108906216	41.35
6	108999067	41.36
6	109120024	41.39
6	109217954	41.4
6	109263098	41.5
6	109272732	41.52
6	109311130	41.52
6	109366828	41.53
6	109677325	41.55
6	109813169	41.56
6	109865852	41.57
6	109955884	41.58
6	109976480	41.58
6	109981446	41.59
6	110085411	41.59
6	110146284	41.6
6	110149948	41.6
6	110298342	41.62
6	110333460	41.63
6	110362476	41.64
6	110371315	41.66
6	110408088	41.68
6	110865888	41.75
6	110962960	41.76
6	111420311	41.76
6	112226729	41.77
6	112402050	41.77
6	112411333	41.77
6	112523518	41.78
6	112530354	41.8
6	112570576	41.83
6	112648424	41.88
6	112657555	41.9
6	112667090	41.92
6	112712217	41.94
6	112800186	41.94
6	112846530	41.95
6	112851500	41.95
6	112879627	41.96
6	112939002	41.97
6	112967140	41.97
6	112978623	41.97
6	112996036	41.98
6	113006351	42.0
6	113141297	42.04
6	113203478	42.88
6	113314777	42.96
6	113363394	43.0
6	113377729	43.4
6	113388652	43.42
6	113603638	43.52
6	113655026	43.54
6	113772938	43.6
6	113777748	43.65
6	113833737	43.7
6	113879106	44.0
6	114166238	45.0
6	114257686	46.0
6	114294172	46.02
6	114372249	46.1
6	114412628	46.12
6	114597152	47.38
6	114778656	47.42
6	114826861	47.44
6	114998521	47.49
6	115044516	47.49
6	115082754	47.49
6	115178244	47.49
6	115187128	47.5
6	115287282	47.5
6	115304072	47.51
6	115360674	47.51
6	115418796	47.6
6	115549802	47.65
6	115627530	47.68
6	115665724	47.7
6	115787462	47.82
6	115797884	47.88
6	115875844	47.98
6	115933142	48.0
6	115976430	49.48
6	116097458	49.5
6	116227108	49.52
6	116263720	49.75
6	116410740	49.78
6	116443517	49.8
6	116522052	49.82
6	116538881	50.0
6	116701916	50.02
6	116803697	50.28
6	116814430	50.3
6	117471690	50.8
6	117593056	50.82
6	117642545	51.0
6	117768848	51.04
6	117819807	51.06
6	117848022	51.08
6	117948256	51.1
6	117955579	51.12
6	118025338	51.14
6	118070744	51.18
6	118270168	51.24
6	118304822	51.27
6	118454710	51.3
6	118571545	51.4
6	118607488	51.5
6	118652668	51.54
6	118708434	51.7
6	118713446	51.72
6	118785002	51.98
6	118833268	52.0
6	118972564	52.06
6	118991891	52.1
6	119070913	52.12
6	119239843	52.18
6	119341435	52.2
6	119344088	52.24
6	119433862	52.58
6	119467518	52.6
6	119618068	52.62
6	119628808	52.64
6	119634620	52.66
6	119821343	52.7
6	119881974	52.72
6	119926816	52.86
6	119939732	52.88
6	119945568	52.89
6	119964691	52.9
6	120297477	52.98
6	120335341	53.0
6	120508803	53.01
6	120693384	53.46
6	120707508	53.5
6	120731884	53.54
6	120919976	53.8
6	121035474	54.16
6	121201860	54.2
6	121216013	54.22
6	121272224	54.24
6	121524682	54.28
6	121543902	54.3
6	121690544	54.4
6	121824394	54.88
6	121927138	55.0
6	122151824	55.07
6	122495080	55.14
6	122554103	55.16
6	122689372	55.18
6	122709244	55.2
6	122763399	55.22
6	122796996	55.48
6	122929606	55.5
6	123009868	55.7
6	123066648	55.72
6	123169667	55.73
6	123181582	55.74
6	123248982	55.76
6	123300245	55.78
6	123369758	55.8
6	123493628	55.87
6	123617320	55.89
6	123756258	55.9
6	123837454	55.94
6	123910158	55.97
6	124040917	56.0
6	124080459	56.02
6	124177658	57.08
6	124380744	57.1
6	124404363	57.23
6	124495729	57.25
6	124623973	57.29
6	124706752	57.3
6	124871958	57.34
6	124907810	57.36
6	125017746	57.4
6	125208359	57.42
6	125268603	57.44
6	125312466	57.45
6	125315694	57.45
6	125323398	57.46
6	125793703	57.51
6	125927429	57.55
6	125977173	57.6
6	125978892	57.62
6	126057629	57.8
6	126145192	57.82
6	126224327	57.9
6	126232092	57.92
6	126400680	57.98
6	126407854	58.0
6	126430437	58.02
6	126611752	58.13
6	126752896	58.14
6	126811338	58.14
6	126815508	58.16
6	126960394	58.18
6	127016010	58.22
6	127131503	58.26
6	127198729	58.28
6	127211288	58.29
6	127213563	58.29
6	127342122	58.3
6	127501398	58.34
6	127562484	58.36
6	127641743	58.6
6	127694566	58.64
6	127924124	58.7
6	128029438	58.8
6	128133024	58.82
6	128287555	58.83
6	128370434	58.85
6	128684870	58.9
6	128725326	58.92
6	128840164	58.95
6	128884472	58.96
6	128959586	58.97
6	128971758	58.97
6	129027908	58.98
6	129048304	58.99
6	129176396	59.0
6	129504996	59.1
6	129694292	59.2
6	129735895	59.3
6	129771836	59.35
6	129938030	59.4
6	129982730	59.42
6	130018580	59.44
6	130222586	59.46
6	130685736	59.7
6	130692430	59.8
6	130705830	59.9
6	130832382	59.98
6	130947382	60.0
6	130990825	60.02
6	131136731	60.05
6	131247264	60.08
6	131292078	60.1
6	131378613	60.12
6	131459357	60.18
6	131533600	60.19
6	131690181	60.2
6	131705920	60.2
6	131757985	60.21
6	131792329	60.21
6	131822862	60.22
6	131875032	60.22
6	131918918	60.22
6	131991252	60.4
6	132095034	60.7
6	132150926	61.0
6	132167933	61.03
6	132330418	61.06
6	132509238	61.08
6	132555856	61.08
6	132719796	61.09
6	132736920	61.1
6	132798248	61.1
6	132865771	61.11
6	132879998	61.12
6	133000137	61.12
6	133011958	61.13
6	133166834	61.14
6	133356064	61.15
6	133437280	61.15
6	133481175	61.15
6	133531096	61.16
6	133817780	61.17
6	133976656	61.18
6	134079494	61.21
6	134126886	61.22
6	134138482	61.22
6	134186816	61.22
6	134355136	61.22
6	134497964	61.23
6	134506262	61.23
6	134524727	61.23
6	134533878	61.23
6	134909053	61.24
6	134920371	61.25
6	135014862	61.28
6	135059756	61.3
6	135260416	61.31
6	135275596	61.32
6	135285928	61.34
6	135413286	61.78
6	135478417	61.8
6	135511166	61.82
6	135571715	62.0
6	135632568	62.18
6	135650220	62.2
6	135746464	62.46
6	135797583	62.5
6	135946870	62.7
6	136006150	62.71
6	136034166	62.71
6	136071780	62.72
6	136220596	62.74
6	136342468	62.76
6	136649120	62.8
6	136854718	62.9
6	136912027	62.91
6	136962606	62.93
6	137177825	62.95
6	137356482	63.0
6	137448670	63.02
6	137555298	63.14
6	137600498	63.17
6	137738159	63.22
6	137914628	63.25
6	138000658	63.26
6	138049518	63.26
6	138177419	63.26
6	138181969	63.27
6	138251552	63.27
6	138304018	63.28
6	138392797	63.3
6	138473982	63.4
6	138589760	63.45
6	138707390	63.5
6	138873919	63.64
6	138880829	63.68
6	139025814	63.69
6	139136798	63.7
6	139242114	63.76
6	139287150	63.8
6	139345968	63.83
6	139385328	63.84
6	139403632	63.86
6	139450232	63.9
6	139488628	63.95
6	139544262	64.0
6	139619266	64.06
6	139650152	64.1
6	139858628	64.11
6	139870789	64.14
6	139888614	64.16
6	139959627	64.2
6	140095832	64.25
6	140240994	64.3
6	140317006	64.31
6	140395036	64.38
6	140534467	64.4
6	140573483	64.5
6	140665025	64.79
6	140670824	64.8
6	140783448	64.96
6	140803069	65.0
6	140883552	65.1
6	140909528	65.13
6	141033558	65.28
6	141062084	65.3
6	141132679	65.32
6	141241538	65.5
6	141264206	65.51
6	141312354	65.52
6	141496315	65.53
6	141662371	65.54
6	141744330	65.56
6	141868555	66.0
6	141929848	66.9
6	142037139	66.92
6	142051212	67.0
6	142082137	67.01
6	142223064	67.04
6	142255479	67.05
6	142328010	67.06
6	142339442	67.07
6	142342630	67.08
6	142369056	67.1
6	142379175	67.18
6	142434118	67.2
6	142696478	67.45
6	142758844	67.7
6	142995371	67.88
6	143122454	68.0
6	143155316	68.03
6	143199700	68.1
6	143208694	68.11
6	143336827	68.13
6	143408678	68.4
6	143518190	68.44
6	143596606	68.58
6	143602402	68.6
6	143695478	68.64
6	143726053	68.66
6	143785113	69.28
6	143878582	69.34
6	144098971	69.4
6	144116294	69.42
6	144190624	69.5
6	144216138	69.52
6	144264135	69.6
6	144372364	69.62
6	144531827	70.0
6	144548472	70.1
6	144556101	70.25
6	144696255	70.4
6	144710512	70.46
6	144793213	70.84
6	144923521	70.9
6	144952831	70.92
6	145045912	70.98
6	145078356	71.0
6	145254896	71.1
6	145335126	71.1
6	145408710	71.11
6	145416174	71.11
6	145463656	71.13
6	145521536	71.15
6	145528476	71.17
6	145610910	71.2
6	145801400	72.0
6	145877460	72.65
6	146035928	72.67
6	146097798	72.7
6	146166426	72.71
6	146187836	72.72
6	146430216	72.76
6	146481736	72.8
6	146487940	72.82
6	146508362	72.84
6	146676294	72.9
6	146753059	73.0
6	146847518	73.88
6	146857623	73.9
6	146909194	73.93
6	146934840	73.95
6	146984553	73.97
6	147325520	74.0
6	147366256	74.01
6	147379047	74.01
6	147473472	74.02
6	147577748	74.03
6	147658592	74.03
6	147876334	74.05
6	148013428	74.08
6	148071138	74.09
6	148135219	74.1
6	148259033	74.13
6	148284307	74.14
6	148297414	74.14
6	148344911	74.15
6	148361401	74.16
6	148464258	74.19
6	148480082	74.2
6	148551036	74.23
6	148587098	74.24
6	148645002	74.24
6	148686474	74.24
6	148721612	74.25
6	148867710	74.25
6	148890228	74.25
6	149112829	74.26
6	149412910	74.27
6	149490176	74.28
6	149623114	74.3
6	149646626	74.32
6	149716548	74.5
6	149783469	74.6
6	149957265	74.7
6	150039734	74.8
6	150348718	74.9
6	150492270	75.1
6	150536608	75.11
6	150586326	75.12
6	150681266	75.15
6	150692146	75.16
6	150694752	75.17
6	150950731	75.2
6	150977034	75.21
6	150988510	75.22
6	150995218	75.24
6	151007609	75.25
6	151297921	75.28
6	151439888	75.3
6	151446312	75.32
6	151473674	75.34
6	151482023	75.35
6	151542666	75.36
6	151636830	75.37
6	151705614	75.4
6	151785771	75.42
6	151816990	75.45
6	151835935	75.46
6	151853216	75.48
6	151868358	75.5
6	151921465	75.52
6	152006617	75.54
6	152055839	75.56
6	152148942	75.6
6	152199372	75.8
6	152244348	75.82
6	152309330	75.82
6	152438872	75.82
6	152447240	75.83
6	152468056	75.83
6	152581327	75.84
6	152638018	76.0
6	152679954	76.03
6	152682766	76.03
6	152836847	76.23
6	152990248	76.24
6	153077654	76.26
6	153149320	76.28
6	153339802	76.29
6	153389134	76.3
6	153454255	76.4
6	153486882	76.46
6	153524522	76.5
6	153580850	76.6
6	153606938	76.8
6	153615954	76.82
6	153621105	77.0
6	153671287	77.02
6	153677936	77.03
6	153732636	77.04
6	153777436	77.04
6	153782220	77.05
6	153791462	77.06
6	153902417	77.07
6	153965754	77.08
6	153982448	77.09
6	154038342	77.11
6	154083335	77.15
6	154168460	77.2
6	154177722	77.24
6	154269176	77.28
6	154280111	77.3
6	154433458	77.4
6	154493635	77.5
6	154540244	77.52
6	154652864	77.54
6	154814829	77.68
6	155002144	78.08
6	155100264	78.1
6	155140769	78.14
6	155268488	78.18
6	155274294	78.2
6	155308442	78.24
6	155437442	78.4
6	155492834	78.7
6	155655232	78.96
6	155660695	78.98
6	155666003	79.0
6	155794339	79.02
6	155862406	79.06
6	155909326	79.09
6	155983050	79.1
6	155986000	79.12
6	155997184	79.2
6	156029397	79.22
6	156220819	79.34
6	156238882	79.36
6	156256101	79.38
6	156304575	79.4
6	156316596	79.42
6	156403624	79.48
6	156451638	79.5
6	156465294	79.6
6	156769606	79.98
6	156778302	80.0
6	156909556	80.4
6	157081696	80.6
6	157125030	80.64
6	157212102	80.73
6	157311696	80.78
6	157321486	80.8
6	157472180	81.0
6	157558918	81.32
6	157568366	81.34
6	157590880	81.37
6	157597210	81.4
6	157654757	81.46
6	157754161	81.48
6	157783880	81.54
6	157855983	81.56
6	157897249	81.68
6	157901140	81.7
6	157958688	81.76
6	157978867	81.82
6	158058599	81.86
6	158106300	81.9
6	158144502	81.92
6	158216370	82.0
6	158224388	82.2
6	158293606	82.26
6	158306453	82.28
6	158317802	82.3
6	158406768	82.33
6	158426116	82.35
6	158473277	82.4
6	158485529	82.41
6	158531191	82.42
6	158583004	82.44
6	158607212	82.6
6	158744548	82.68
6	158755492	82.7
6	158785338	82.75
6	158788716	82.77
6	158843928	82.8
6	158866500	82.82
6	158876976	82.84
6	158882053	82.86
6	158981381	82.88
6	158991138	82.91
6	158997686	82.93
6	159015185	82.95
6	159022750	82.97
6	159027066	82.98
6	159035516	83.0
6	159082922	83.01
6	159087850	83.02
6	159101418	83.14
6	159183416	83.16
6	159221082	83.18
6	159242826	83.2
6	159271428	83.28
6	159352454	83.3
6	159410116	83.34
6	159463236	83.4
6	159528558	83.8
6	159532973	83.9
6	159647472	84.6
6	159736094	84.91
6	159804600	84.96
6	159821303	84.97
6	159910293	85.0
6	159939789	85.26
6	159976287	85.28
6	159998198	85.3
6	160078964	85.38
6	160092923	85.4
6	160208454	85.44
6	160247438	85.5
6	160326673	85.6
6	160377825	85.7
6	160477254	85.8
6	160521630	85.9
6	160598390	86.0
6	160604007	86.2
6	160658164	86.8
6	160694990	86.82
6	160799854	86.9
6	160847336	86.92
6	160971752	86.96
6	160983588	87.0
6	161092198	88.04
6	161156678	88.06
6	161207808	88.08
6	161215698	89.0
6	161358711	89.9
6	161383950	89.95
6	161422176	90.0
6	161432693	90.02
6	161600034	90.3
6	161653578	90.33
6	161669780	90.34
6	161752354	90.36
6	161760440	90.37
6	161822000	90.38
6	161829649	90.39
6	161845752	90.39
6	161850374	90.4
6	161896350	90.44
6	161902701	90.48
6	161911999	90.5
6	161932476	90.52
6	161962102	90.58
6	161993987	90.59
6	162048348	90.6
6	162051248	90.6
6	162212219	90.8
6	162314280	91.0
6	162319482	91.02
6	162417452	91.2
6	162622384	91.6
6	162630878	91.77
6	162634533	91.78
6	162643482	91.8
6	162659158	91.81
6	162665729	91.82
6	162703367	91.85
6	162723953	92.0
6	162733802	92.04
6	162739728	92.04
6	162798866	92.2
6	162865713	92.3
6	162933428	93.45
6	162947802	93.47
6	162952810	93.49
6	162955058	93.5
6	162980914	93.7
6	163129770	93.8
6	163233134	93.93
6	163278814	93.95
6	163320144	93.97
6	163330380	93.98
6	163339883	93.99
6	163342668	94.0
6	163363568	94.04
6	163430132	94.1
6	163481951	94.14
6	163632208	94.18
6	163638426	94.2
6	163661799	94.25
6	163682230	94.3
6	163976682	94.35
6	164094073	94.51
6	164167598	94.6
6	164264656	94.68
6	164275291	94.69
6	164319464	94.7
6	164424448	94.77
6	164426348	94.78
6	164435322	94.84
6	164445648	94.86
6	164449356	94.86
6	164457633	95.0
6	164534142	95.12
6	164538808	96.0
6	164607104	96.04
6	164666568	96.2
6	164696004	96.3
6	164813841	96.32
6	164821448	96.34
6	164941403	96.4
6	164955962	96.45
6	164982408	96.49
6	165082568	96.6
6	165278480	96.8
6	165330760	97.0
6	165346947	97.1
6	165364444	97.18
6	165374788	97.22
6	165502246	97.28
6	165515680	97.32
6	165517646	97.34
6	165520230	97.36
6	165525324	97.83
6	165536144	97.85
6	165543752	97.87
6	165548174	97.91
6	165694175	97.92
6	165825058	97.95
6	166107594	97.95
6	166118304	97.95
6	166146015	97.96
6	166223380	97.97
6	166231316	97.99
6	166282236	98.0
6	166329793	98.04
6	166419516	98.28
6	166428146	98.3
6	166438756	98.32
6	166457392	98.4
6	166516256	98.42
6	166590608	98.48
6	166630587	98.88
6	166635460	98.9
6	166672286	99.0
6	166683713	99.06
6	166696684	99.07
6	166701711	99.08
6	166707360	99.08
6	166805882	99.1
6	166854312	99.18
6	166859940	99.2
6	166865816	99.22
6	166916418	99.4
6	166932940	99.42
6	166975296	99.58
6	166977260	99.6
6	166983117	99.61
6	167055871	99.61
6	167063370	99.62
6	167079080	99.62
6	167083880	99.62
6	167090358	99.63
6	167094246	99.63
6	167104202	99.63
6	167111472	99.65
6	167121588	99.69
6	167124910	99.7
6	167214326	99.8
6	167232953	99.82
6	167440323	99.96
6	167491349	100.0
6	167710030	100.08
6	167725531	100.1
6	167824624	100.16
6	167832348	100.18
6	167842784	100.2
6	167854774	100.4
6	167869262	100.44
6	167978932	100.9
6	167982450	100.92
6	167993240	101.1
6	168009355	101.12
6	168050719	102.0
6	168154030	102.04
6	168200816	102.06
6	168205676	102.08
6	168209507	102.28
6	168212768	102.3
6	168223615	102.54
6	168300452	102.58
6	168308128	102.6
6	168330727	102.62
6	168373444	102.69
6	168379206	102.7
6	168433402	102.8
6	168477074	103.0
6	168627883	103.08
6	168716051	103.14
6	168830138	103.38
6	168862792	103.4
6	168941639	103.45
6	168952251	103.48
6	168958136	103.5
6	169016712	103.6
6	169029379	103.62
6	169035663	103.64
6	169123776	103.66
6	169206293	104.0
6	169241172	104.02
6	169260618	104.98
6	169281754	105.0
6	169287554	105.02
6	169329308	105.06
6	169439375	105.76
6	169515919	105.8
6	169519110	105.81
6	169583456	105.82
6	169596280	105.83
6	169667052	105.84
6	169679987	105.84
6	169695032	105.86
6	169701948	105.86
6	169749336	105.88
6	169755306	106.0
6	169763281	106.02
6	169769870	106.38
6	169841477	106.4
6	169878162	106.42
6	169886862	106.6
6	169908524	106.64
6	169916327	106.7
6	169920438	106.8
6	169932096	106.83
6	169938908	106.86
6	169946388	106.88
6	169969944	106.9
6	170100119	106.91
6	170119034	106.91
6	170128288	106.91
6	170165780	106.92
6	170172417	106.92
6	170228712	106.92
6	170312615	106.92
6	170391104	106.93
6	170403248	106.93
6	170420926	106.94
6	170536404	106.94
6	170542244	106.95
6	170593444	106.96
6	170637796	106.97
6	170642118	106.97
6	170648728	106.98
6	170679520	106.99
6	170681330	107.0
6	170687584	107.02
6	170728748	107.5
6	170738210	107.7
6	170850260	107.94
6	170854322	107.96
6	170857404	107.98
6	170873104	108.0
6	170904538	108.02
6	170964780	108.25
6	170970934	108.27
6	171083750	108.5
6	171100570	108.6
6	171107879	108.62
6	171114594	108.7
6	171166494	108.76
6	171171400	108.78
6	171200772	108.8
6	171209670	108.84
6	171214844	108.86
6	171268516	108.94
6	171309010	109.0
6	171334708	109.4
6	171342837	109.52
6	171372508	109.54
6	171374378	109.56
6	171476242	109.6
6	171482192	109.62
6	171499086	109.66
6	171516744	109.68
6	171522729	109.7
6	171530129	109.71
6	171599790	109.73
6	171611217	109.75
6	171628048	109.78
6	171641094	109.8
6	171646426	109.82
6	171683488	109.86
6	171695164	109.9
6	171700309	109.98
6	171705062	110.0
6	171806962	110.0
6	171897798	110.1
6	171965740	110.12
6	172048084	110.2
6	172102772	110.23
6	172108314	110.25
6	172122800	110.3
6	172181606	110.38
6	172203954	110.4
6	172218438	110.48
6	172225535	110.5
6	172285400	111.0
6	172355582	111.0
6	172489019	111.01
6	172508286	111.02
6	172531966	111.02
6	172588866	111.03
6	172602972	111.05
6	172685106	111.16
6	172690570	111.18
6	172700563	111.2
6	172783090	111.28
6	172841242	111.3
6	172903363	111.38
6	172908226	111.4
6	172938679	111.5
6	172942634	111.5
6	172948427	111.5
6	172968596	111.7
6	173045106	112.0
6	173055216	112.02
6	173151983	112.04
6	173156522	112.05
6	173203962	112.07
6	173208510	112.08
6	173217219	112.12
6	173223209	112.13
6	173258921	112.15
6	173332988	112.66
6	173341221	112.68
6	173371382	112.68
6	173385144	112.69
6	173401896	112.7
6	173402200	112.72
6	173416791	112.8
6	173466348	113.0
6	173473552	113.18
6	173491625	113.2
6	173520320	113.96
6	173526093	113.98
6	173528114	114.0
6	173532014	114.5
6	173615836	115.0
6	173619990	115.02
6	173632840	116.0
6	173640286	116.2
6	173648240	116.21
6	173662330	116.23
6	173693737	116.63
6	173695936	116.64
6	173700481	116.65
6	173796694	116.66
6	173817032	116.66
6	173847572	116.7
6	173895944	116.74
6	173984385	116.8
6	174064474	116.86
6	174068772	116.88
6	174075482	116.89
6	174079358	116.9
6	174090003	117.0
6	174116954	117.02
6	174166144	117.96
6	174168808	117.98
6	174185608	118.0
6	174190578	118.08
6	174197845	118.1
6	174209166	118.15
6	174215244	118.2
6	174267348	119.0
6	174296934	120.0
6	174424278	120.5
6	174461370	120.7
6	174469570	120.9
6	174476182	120.92
6	174483745	121.0
6	174532284	122.0
6	174549986	122.18
6	174556188	122.2
6	174637694	123.98
6	174642286	124.0
6	174720195	124.12
6	174766340	124.2
6	174892393	124.3
6	174945498	124.5
6	174952815	124.52
6	175020072	124.6
6	175153442	124.8
6	175185342	124.82
6	175191390	124.84
6	175255510	124.88
6	175303886	124.9
6	175312324	125.26
6	175324459	125.3
6	175334144	125.3
6	175345992	125.32
6	175358906	125.38
6	175419537	125.71
6	175511145	125.72
6	175519587	125.73
6	175525058	125.75
6	175615455	125.77
6	175618847	125.78
6	175624566	125.8
6	175662864	125.85
6	175677058	125.87
6	175738866	125.88
6	175764627	125.9
6	175825588	126.18
6	175830264	126.2
6	175834582	126.22
6	175844215	126.25
6	175933075	126.4
6	175954445	126.5
6	175959194	126.53
6	175978542	126.57
6	175990344	126.6
6	176008068	126.7
6	176014047	126.74
6	176030758	126.8
6	176037473	126.9
6	176041987	127.0
6	176086836	128.0
6	176137352	128.43
6	176141410	128.45
6	176150786	128.47
6	176240119	128.48
6	176264248	128.5
6	176319823	128.7
6	176325893	128.72
6	176339186	128.8
6	176345660	128.85
6	176348927	128.9
6	176451861	129.0
6	176467787	129.02
6	176480286	129.7
6	176486021	130.0
6	176563996	130.2
6	176565786	130.21
6	176614122	130.23
6	176620462	130.25
6	176641087	130.28
6	176649890	130.3
6	176713958	130.36
6	176757609	130.38
6	176774812	130.4
6	176782712	130.42
6	176811174	130.48
6	176816626	130.6
6	176858250	131.2
6	176865647	131.22
6	176942082	131.24
6	176944329	131.3
6	177004600	131.48
6	177007522	131.5
6	177012744	131.55
6	177029666	131.6
6	177030688	131.62
6	177053558	131.65
6	177094841	131.67
6	177102366	131.7
6	177183648	131.88
6	177273666	131.9
6	177342404	132.0
6	177421156	132.02
6	177424567	132.76
6	177428812	132.78
6	177435886	132.8
6	177447326	132.9
6	177468596	132.95
6	177542662	133.0
6	177567085	133.2
6	177658610	133.5
6	177668714	133.6
6	177674408	133.7
6	177713286	133.77
6	177728028	133.78
6	177932032	133.8
6	178026739	133.82
6	178054966	134.1
6	178090018	135.0
6	178108484	135.02
6	178268816	135.04
6	178280186	135.05
6	178290662	135.06
6	178296354	135.07
6	178354186	135.09
6	178363136	135.1
6	178480939	135.2
6	178498074	135.28
6	178500482	135.28
6	178559168	135.3
6	178604635	135.4
6	178735724	135.5
6	178867964	135.6
6	178896168	135.7
6	178934434	135.72
6	178980339	135.74
6	178982256	135.76
6	179096964	136.13
6	179103972	136.3
6	179144650	136.33
6	179199032	136.35
6	179211213	136.36
6	179355925	136.4
6	179361690	136.42
6	179411240	136.43
6	179467160	136.45
6	179471402	136.46
6	179507156	136.48
6	179519690	136.5
6	179529596	136.6
6	179560847	136.7
6	179564614	136.72
6	179641448	136.9
6	179644630	137.0
6	179745943	137.18
6	179759525	137.2
6	179828448	137.5
6	179906134	137.55
6	179920542	137.6
6	179925212	137.62
6	179989910	137.69
6	179993386	137.7
6	180200806	137.71
6	180241484	137.72
6	180356632	137.73
6	180382462	137.74
6	180388696	137.74
6	180479449	137.76
6	180481657	137.77
6	180533993	137.77
6	181183029	137.82
7	182044	0.01
7	293074	0.02
7	414468	0.03
7	475442	0.04
7	562921	0.04
7	842296	0.05
7	846121	0.06
7	874770	0.06
7	879345	0.07
7	910878	0.07
7	1025404	0.08
7	1057440	0.08
7	1105324	0.1
7	1149484	0.12
7	1164095	0.14
7	1177023	0.16
7	1226920	0.18
7	1247695	0.28
7	1251000	0.3
7	1302786	0.32
7	1332234	0.34
7	1337976	0.5
7	1373525	0.52
7	1374206	0.66
7	1390251	0.68
7	1390362	0.7
7	1393792	0.72
7	1403064	1.2
7	1412362	1.28
7	1417262	1.3
7	1464360	1.37
7	1468366	1.4
7	1622223	1.8
7	1662755	1.82
7	1881466	1.88
7	1884968	1.9
7	2015958	2.0
7	2030426	2.08
7	2045361	2.1
7	2050918	2.12
7	2070694	2.5
7	2162367	3.4
7	2214574	3.41
7	2219416	3.45
7	2341584	3.48
7	2370442	3.49
7	2479368	3.5
7	2492071	3.5
7	2636934	3.51
7	2640328	3.51
7	2645258	3.53
7	2652866	3.9
7	2659874	4.0
7	2684771	4.04
7	2716052	5.0
7	2717956	5.02
7	2720052	6.0
7	2800436	6.02
7	2812369	6.08
7	2960744	9.58
7	3028474	9.64
7	3085888	10.95
7	3092226	10.97
7	3105976	11.25
7	3148728	11.4
7	3257434	11.95
7	3285830	12.0
7	3294010	12.01
7	3302732	12.03
7	3351630	12.07
7	3487478	13.24
7	3606796	13.26
7	3614850	13.28
7	3784780	13.4
7	3911226	13.7
7	4015474	13.72
7	4035240	13.74
7	4132932	13.75
7	4185288	13.76
7	4223388	13.81
7	4235574	13.83
7	4341662	14.5
7	4635159	14.7
7	4637482	14.72
7	4707042	14.76
7	4714298	14.78
7	4748398	15.0
7	4852236	15.3
7	4893352	15.33
7	4960366	16.86
7	5027224	17.1
7	5105217	17.11
7	5106485	17.11
7	5121716	17.13
7	5133783	17.17
7	5208586	17.2
7	5240022	17.22
7	5264433	17.26
7	5283968	17.29
7	5295056	17.29
7	5296163	17.3
7	5314142	17.4
7	5567324	17.5
7	5575172	17.52
7	5648798	18.55
7	5655890	18.57
7	5739659	18.78
7	5747004	18.8
7	5750016	18.81
7	5825498	18.83
7	6008028	18.87
7	6154854	18.88
7	6246654	18.9
7	6337254	18.95
7	6339194	18.96
7	6398199	18.98
7	6410424	19.0
7	6488623	19.06
7	6490969	19.46
7	6580035	19.48
7	6596624	19.5
7	6636017	20.0
7	6698129	20.68
7	6711035	20.7
7	6830554	21.4
7	6868816	21.57
7	6874712	21.58
7	7016340	22.0
7	7130828	22.3
7	7197162	22.4
7	7276120	22.46
7	7299115	22.48
7	7357080	22.5
7	7373556	22.52
7	7405572	22.58
7	7446745	22.6
7	7545790	22.63
7	7553364	22.65
7	7563984	22.75
7	7730264	22.79
7	7738132	22.8
7	7749036	22.81
7	7753575	22.82
7	7791426	22.85
7	7801390	22.85
7	8087530	22.86
7	8093154	22.86
7	8224500	22.86
7	8231334	22.87
7	8239578	22.9
7	8357728	22.92
7	8368214	22.94
7	8441160	22.98
7	8487856	23.0
7	8643072	24.81
7	8681385	24.83
7	8845391	25.92
7	8855990	25.94
7	8870440	25.98
7	9009523	26.0
7	9026740	26.02
7	9076324	26.04
7	9281449	26.08
7	9323466	26.1
7	9369219	26.4
7	9375592	26.42
7	9379828	26.5
7	9431324	26.55
7	9502500	26.6
7	9513854	26.61
7	9537719	26.63
7	9543468	26.65
7	9702304	26.9
7	9753465	26.94
7	9862372	27.0
7	9866134	27.02
7	9869869	28.0
7	9957586	28.03
7	10066602	28.1
7	10280934	28.18
7	10334646	28.2
7	10346744	28.24
7	10452114	28.29
7	10525975	28.31
7	10673548	28.35
7	10715788	28.5
7	10734316	28.9
7	10810912	29.0
7	10855018	29.5
7	10935579	30.5
7	10948336	30.58
7	10953222	30.6
7	11125178	30.7
7	11301344	30.76
7	11335719	30.78
7	11350736	30.8
7	11455248	30.82
7	11633158	31.3
7	11641580	31.32
7	11681922	31.33
7	11727564	31.34
7	11901388	31.4
7	12030936	31.41
7	12038766	31.42
7	12133000	31.43
7	12152526	31.44
7	12509311	31.5
7	12575404	31.55
7	12580902	31.56
7	12755956	31.58
7	12948029	31.72
7	12967873	31.73
7	13030719	31.77
7	13393380	31.85
7	13500749	31.87
7	13581284	31.88
7	13588582	31.88
7	13682141	31.89
7	13732117	31.89
7	13738880	31.9
7	13945854	31.96
7	13959094	32.0
7	14190614	32.34
7	14202883	32.4
7	14269616	33.0
7	14392104	34.0
7	14635830	35.48
7	14779472	35.5
7	14849760	35.52
7	14901620	36.5
7	14918040	36.51
7	15393000	36.92
7	15453214	36.96
7	15658368	37.1
7	15708262	37.12
7	15724244	37.16
7	15816892	37.2
7	15832708	37.22
7	16079038	37.3
7	16280024	37.5
7	16549271	37.52
7	16642077	37.7
7	16725554	37.74
7	16799737	38.0
7	16808432	38.01
7	17122209	38.01
7	17137695	38.05
7	17628138	38.2
7	17663146	38.28
7	17758428	38.3
7	17800472	38.33
7	17965274	38.34
7	18009860	38.35
7	18196864	38.37
7	18577630	38.38
7	18652982	38.4
7	18731404	38.43
7	18737064	38.44
7	18953032	38.46
7	18999130	38.48
7	19040164	38.5
7	19137864	38.55
7	19270969	38.59
7	19304890	38.63
7	19387577	38.66
7	19438837	38.68
7	19469497	38.68
7	19582324	38.68
7	19616572	38.7
7	19799822	38.7
7	19926658	38.95
7	19937984	39.0
7	19962496	39.05
7	20175452	39.07
7	20283316	39.08
7	20292218	39.08
7	20298232	39.08
7	20333850	39.08
7	20407136	39.08
7	20412667	39.08
7	20529932	39.09
7	20664004	39.09
7	20681948	39.1
7	20969984	39.13
7	21758268	39.23
7	21933835	39.3
7	21944888	39.32
7	21960420	39.5
7	22066063	39.6
7	22145165	39.7
7	22148902	39.71
7	22391032	40.58
7	22429126	40.6
7	22515448	40.62
7	22519676	40.64
7	22664385	41.0
7	22877938	41.2
7	23034296	41.4
7	23142788	41.5
7	23153912	41.51
7	23392939	41.54
7	23409586	41.55
7	23521089	41.58
7	23584176	41.6
7	23737066	41.64
7	23802176	41.7
7	23853738	41.72
7	23918643	41.85
7	24029954	42.0
7	24155880	42.38
7	24182082	42.4
7	24343196	42.62
7	24475214	42.63
7	24589980	42.64
7	24635287	42.66
7	24844563	42.67
7	24904290	42.67
7	24982924	42.67
7	25038703	42.68
7	25047200	42.68
7	25114775	42.69
7	25309077	42.7
7	25313538	42.7
7	25723780	42.72
7	25747964	42.73
7	26030292	42.74
7	26264192	42.74
7	26428680	42.74
7	26749595	42.75
7	26802064	42.75
7	27054752	42.76
7	27381892	42.77
7	27753849	42.78
7	27798540	42.78
7	27900036	42.78
7	27934548	42.8
7	28125774	42.81
7	28210844	42.81
7	28216506	42.81
7	28311109	42.85
7	28551580	42.9
7	28581212	42.95
7	28657056	42.96
7	28701004	42.98
7	29155235	42.99
7	29160044	42.99
7	29225390	43.0
7	29254176	43.01
7	29385488	43.02
7	29648302	43.03
7	29673096	43.03
7	29769971	43.04
7	30369060	43.05
7	30507270	43.07
7	31040384	43.08
7	31051890	43.09
7	31746960	43.1
7	31825503	43.12
7	31966386	43.14
7	32195028	43.15
7	32201604	43.16
7	32337326	43.17
7	32406730	43.18
7	32409090	43.18
7	32437784	43.19
7	32562192	43.2
7	32720210	43.75
7	32856611	43.8
7	33036460	44.0
7	33042548	44.0
7	33205608	44.01
7	33591392	44.02
7	33697328	44.02
7	33993682	44.03
7	34017612	44.03
7	34058125	44.03
7	34064422	44.03
7	34093754	44.03
7	34199296	44.03
7	34247540	44.03
7	34349024	44.03
7	34421378	44.03
7	34499401	44.03
7	34995573	44.04
7	34998092	44.04
7	35169322	44.05
7	35219593	44.06
7	35363973	44.07
7	35444604	44.08
7	35629704	44.08
7	35674475	44.09
7	35891257	44.1
7	35940918	44.15
7	36025153	44.2
7	36097654	44.27
7	36359288	44.33
7	36377156	44.39
7	37520778	44.88
7	37629131	44.96
7	37736764	44.97
7	37860498	44.98
7	38021839	45.0
7	38165380	45.02
7	38707523	45.04
7	39033508	45.07
7	39227058	45.07
7	39656324	45.1
7	39948673	45.1
7	40258970	45.12
7	40265738	45.14
7	40336376	45.14
7	40661850	45.18
7	40722906	45.19
7	41472952	45.21
7	41541118	45.21
7	41575956	45.21
7	41732330	45.22
7	41823256	45.22
7	42251038	45.23
7	42532161	45.24
7	42616044	45.25
7	42735314	45.26
7	42971394	45.28
7	43420040	45.3
7	43677892	45.4
7	44315902	45.5
7	44317248	45.51
7	44870206	45.71
7	45172248	45.72
7	45318804	45.73
7	45441126	45.74
7	45604088	45.74
7	45921834	45.74
7	45962816	45.74
7	46001284	45.74
7	46211134	45.75
7	46233964	45.75
7	46482726	45.75
7	46507440	45.76
7	46665362	45.77
7	47335359	45.79
7	47442218	45.8
7	47472518	45.8
7	47479374	45.8
7	47594815	45.81
7	47945288	45.82
7	48563290	45.82
7	48895809	45.83
7	49111182	45.84
7	49228441	45.84
7	49782056	45.85
7	50244286	45.85
7	50735364	45.86
7	50885482	45.86
7	51279476	45.87
7	51315570	45.88
7	51702883	45.9
7	51792149	45.9
7	52217068	45.91
7	52721276	45.92
7	52964022	45.93
7	53119107	45.94
7	53583454	45.95
7	53980244	45.95
7	54059111	45.95
7	54858810	45.96
7	54873010	45.96
7	55719852	45.97
7	55755204	45.97
7	58451702	45.98
7	58616888	45.99
7	63859006	46.0
7	63944182	46.0
7	67480462	46.01
7	67550378	46.01
7	68119422	46.01
7	69476816	46.01
7	69885308	46.01
7	70154038	46.01
7	71239438	46.02
7	72645142	46.02
7	72726902	46.02
7	74455588	46.03
7	75268781	46.04
7	75977561	46.04
7	76224452	46.07
7	76924052	46.07
7	77025144	46.07
7	78108346	46.08
7	78245720	46.08
7	78252482	46.08
7	78375686	46.08
7	78904192	46.08
7	79172902	46.08
7	81697333	46.09
7	82503330	46.09
7	82937053	46.1
7	82952848	46.1
7	83364484	46.2
7	84304694	46.22
7	84467795	46.23
7	84614865	46.24
7	84876246	46.26
7	85613749	46.29
7	86264710	46.3
7	86335894	46.37
7	86465106	46.4
7	86645614	46.42
7	86653820	46.45
7	86892679	46.6
7	86978370	46.7
7	87053200	46.77
7	87297228	46.79
7	87305096	46.81
7	87488294	47.03
7	87613460	47.1
7	87807960	47.14
7	88112563	47.3
7	88723666	47.32
7	88843526	47.35
7	89086004	47.37
7	89221221	47.4
7	89394721	47.6
7	89899809	47.63
7	89973396	47.65
7	90143088	47.7
7	90318188	47.72
7	90708092	47.76
7	90731370	47.76
7	91161436	47.77
7	91522420	47.78
7	91836654	47.79
7	92097487	47.8
7	92457917	47.8
7	93422144	47.9
7	93536041	48.0
7	93807439	48.01
7	93813342	48.01
7	94242832	48.01
7	94708351	48.01
7	94889872	48.01
7	95139036	48.01
7	95535030	48.02
7	95721432	48.02
7	96055737	48.02
7	96462781	48.03
7	96760974	48.03
7	96857722	48.03
7	96944876	48.04
7	97088388	48.05
7	97307060	48.06
7	97386652	48.06
7	97627802	48.06
7	97713299	48.06
7	97885911	48.07
7	98034250	48.1
7	98158822	48.12
7	98548790	48.2
7	98758730	48.23
7	99052502	48.24
7	99189822	48.25
7	99329948	48.3
7	99576027	48.4
7	99588644	48.42
7	99930665	48.44
7	100039752	48.8
7	100283712	48.82
7	100332918	48.83
7	100375524	48.84
7	100503024	49.0
7	100645534	49.04
7	101205256	49.1
7	101687274	49.12
7	101832138	49.18
7	102144632	50.0
7	102151664	50.1
7	102627850	50.9
7	102670242	50.98
7	102784597	51.0
7	102966165	51.02
7	102979490	51.04
7	103136283	51.98
7	103409826	52.0
7	103415095	52.02
7	103887034	53.5
7	103975189	53.52
7	104134626	53.7
7	104249631	53.72
7	104477312	54.5
7	104859034	54.6
7	104978530	55.0
7	105177958	55.2
7	105452224	55.22
7	105457274	55.24
7	105461020	55.26
7	105516404	55.28
7	105520770	55.3
7	105763756	55.5
7	105908957	55.58
7	106211363	55.6
7	106217417	55.62
7	106243098	55.63
7	106496564	55.65
7	106539083	55.66
7	107046542	55.69
7	107057266	55.7
7	108175236	55.8
7	108232910	55.82
7	108556812	55.9
7	108625710	55.92
7	108941230	55.94
7	109080456	55.95
7	109302770	55.96
7	109419879	55.98
7	109545762	56.0
7	109733616	57.0
7	109860752	57.26
7	109895882	57.28
7	110042426	57.3
7	110056476	57.32
7	110304909	60.89
7	110566074	61.93
7	110918952	61.96
7	111009831	61.98
7	111163882	62.0
7	111271923	62.02
7	111335662	62.08
7	111436971	62.1
7	111470862	62.12
7	111576205	62.16
7	111657773	62.18
7	111915328	62.2
7	112323909	62.24
7	112408814	62.26
7	112565678	62.27
7	112629426	62.3
7	112725318	62.49
7	112818118	62.53
7	112849052	62.55
7	112936250	62.6
7	113207022	62.7
7	113346028	62.8
7	113401906	63.0
7	113719466	63.02
7	113935120	63.03
7	114101956	63.04
7	114292253	63.05
7	114609708	63.08
7	114616056	63.1
7	114649124	63.11
7	114712514	63.12
7	114878549	63.13
7	114959020	63.15
7	115395122	63.16
7	115526530	63.16
7	115537126	63.16
7	116029266	63.17
7	116277728	63.17
7	116285184	63.17
7	116357128	63.18
7	116653154	63.18
7	117112332	63.19
7	117273706	63.2
7	117519922	63.21
7	117622462	63.21
7	117811584	63.22
7	118278383	63.23
7	119084526	63.23
7	119378847	63.23
7	119750240	63.24
7	119859178	63.24
7	119944020	63.24
7	120010924	63.24
7	120043970	63.24
7	120286476	63.25
7	120435322	63.25
7	120463716	63.25
7	120767612	63.25
7	120818529	63.25
7	121020195	63.26
7	121029192	63.26
7	121108112	63.27
7	122011323	63.46
7	122390431	63.53
7	122403946	63.54
7	122411650	63.55
7	122519144	63.57
7	122678512	63.8
7	122706796	63.86
7	122831726	63.88
7	122851292	63.98
7	122859997	64.0
7	122939226	64.02
7	123015258	64.05
7	123170190	64.06
7	123184258	64.08
7	123208496	64.09
7	123473395	64.1
7	123589880	64.1
7	123677173	64.12
7	123688850	64.14
7	123853217	64.17
7	124063103	64.19
7	124076914	64.2
7	124194260	64.22
7	125010149	64.44
7	125110482	64.5
7	125150138	64.52
7	125158574	64.52
7	125176252	64.54
7	125264816	64.55
7	125331825	64.56
7	125400880	64.58
7	125428808	64.59
7	125434954	64.59
7	125578700	64.6
7	125669756	64.64
7	125778594	64.64
7	125928702	64.65
7	126074380	64.66
7	126378049	64.67
7	126545539	64.68
7	126581073	64.69
7	126611109	64.7
7	126655062	64.75
7	126670864	64.75
7	126707608	64.78
7	126768476	64.8
7	126934072	64.95
7	126957618	64.96
7	127042696	65.0
7	127106621	65.1
7	127286652	65.3
7	127367469	65.36
7	127374324	65.38
7	127638363	65.4
7	127852976	65.5
7	128038684	65.58
7	128349554	65.7
7	128670038	65.92
7	128710558	66.0
7	128829116	66.15
7	128857377	66.2
7	129058819	67.0
7	129242056	67.2
7	129574940	67.26
7	129696654	67.5
7	129806158	68.0
7	129825748	68.2
7	130000696	68.46
7	130130134	68.48
7	130158096	68.5
7	130174990	68.6
7	130185924	68.7
7	130310477	68.8
7	130369462	70.0
7	130395162	70.01
7	130548281	70.02
7	130564124	70.02
7	130729138	70.03
7	130843152	70.04
7	130881904	70.05
7	130884849	70.05
7	131086308	70.06
7	131150577	70.06
7	131155106	70.06
7	131181066	70.06
7	131299683	70.08
7	131433540	70.09
7	131487808	70.09
7	131539432	70.09
7	131668218	70.1
7	131679292	70.1
7	131733209	70.2
7	131845838	70.3
7	131849214	70.31
7	131863952	70.32
7	132071778	70.35
7	132127650	70.4
7	132150598	70.42
7	132223132	70.48
7	132296180	70.54
7	132400636	72.55
7	132459372	72.6
7	132567272	72.64
7	132913950	72.68
7	132920910	72.7
7	132923955	73.0
7	132929525	73.1
7	133053067	73.18
7	133190364	74.0
7	133220283	74.26
7	133397934	74.48
7	133465778	74.5
7	133483461	74.51
7	133812026	74.52
7	133814621	74.52
7	133819037	74.52
7	133858928	74.52
7	133878088	74.52
7	134012545	74.53
7	134094706	74.53
7	134097625	74.53
7	134159222	74.53
7	134193284	74.54
7	134311406	74.54
7	134337542	74.54
7	134538350	74.54
7	134548452	74.55
7	134722481	74.57
7	134816112	74.58
7	134829148	74.59
7	134912729	74.59
7	135217530	74.6
7	135250056	74.62
7	135308276	75.0
7	135313902	75.02
7	135425565	75.3
7	135565548	75.4
7	135572789	75.5
7	135662374	75.52
7	135702190	75.54
7	135755614	75.56
7	135786082	75.56
7	135790649	75.56
7	135968024	75.57
7	136036374	75.57
7	136091435	75.57
7	136206417	75.58
7	136212948	75.59
7	136227020	75.6
7	136266436	75.62
7	136377870	75.64
7	136450301	75.65
7	136453157	75.65
7	136467063	75.66
7	136526750	75.68
7	136531036	76.0
7	136534264	76.02
7	136535823	76.04
7	136577456	76.5
7	136629390	77.0
7	136781284	77.06
7	136786832	77.07
7	136995060	77.49
7	137156012	77.5
7	137203406	78.0
7	137407235	78.63
7	137416010	78.65
7	137428526	78.66
7	137508504	78.67
7	137533028	78.67
7	137543618	78.68
7	137877612	79.3
7	137953557	79.4
7	137993240	79.5
7	138090712	79.52
7	138168439	79.8
7	138176310	79.9
7	138181722	79.92
7	138255096	80.0
7	138395812	80.06
7	138419860	80.08
7	138505192	80.68
7	138530386	80.75
7	138542404	80.78
7	138644574	80.88
7	138743308	80.9
7	138751123	81.0
7	138759650	82.0
7	138771669	82.3
7	138870812	82.65
7	138893471	82.7
7	138938424	82.71
7	138941336	82.71
7	138979404	82.72
7	139007016	82.73
7	139203910	82.73
7	139258112	82.73
7	139273518	82.73
7	139326435	82.74
7	139386870	82.75
7	139472494	82.77
7	139476720	82.78
7	139487722	82.79
7	139495661	82.8
7	139519361	82.87
7	139526175	82.9
7	139532588	83.0
7	139675816	83.06
7	139962870	83.46
7	139967199	83.48
7	140101340	83.5
7	140288846	83.52
7	140342952	83.6
7	140601850	83.63
7	140636044	83.64
7	140987360	83.66
7	141035991	83.67
7	141092015	83.67
7	141157786	83.67
7	141358548	83.67
7	141448998	83.67
7	141755792	83.68
7	141771010	83.68
7	141774750	83.69
7	141801628	83.7
7	141828636	83.72
7	141832230	83.73
7	141952368	83.74
7	142015780	83.75
7	142052085	83.77
7	142058588	83.78
7	142214596	83.8
7	142227081	83.8
7	142306946	83.81
7	142424774	83.82
7	142553126	83.83
7	142666364	83.84
7	142849972	83.85
7	142910702	83.87
7	142969406	83.88
7	143067508	83.9
7	143099142	83.95
7	143104783	83.96
7	143197610	83.98
7	143204676	83.98
7	143328638	83.99
7	143382786	84.0
7	143392983	84.02
7	143411058	84.06
7	143680198	84.3
7	143700028	84.38
7	143735753	84.4
7	143778198	84.5
7	143799481	84.52
7	143848759	84.54
7	143909131	84.58
7	143972932	84.6
7	144364723	84.64
7	144583350	84.68
7	144650922	84.69
7	144668281	84.7
7	144694577	84.72
7	144858473	85.0
7	144878266	85.1
7	145093702	85.28
7	145114708	85.3
7	145179662	85.4
7	145327700	85.5
7	145335376	85.52
7	145340632	85.52
7	145485445	85.57
7	145515270	85.59
7	145570906	86.0
7	145692576	86.1
7	145753767	86.2
7	145922404	86.23
7	146014158	86.24
7	146097680	86.25
7	146194482	86.35
7	146260172	86.35
7	146361844	86.5
7	146377642	86.52
7	146531302	86.8
7	146638040	86.82
7	146650532	87.0
7	146670067	87.04
7	146672210	87.05
7	146788090	87.07
7	146873640	87.08
7	146990019	87.09
7	147052134	87.1
7	147245334	87.16
7	147250202	87.18
7	147258210	87.2
7	147262341	87.21
7	147566582	87.8
7	147651224	87.8
7	147667566	87.81
7	147685491	87.81
7	147716562	87.82
7	147732616	87.82
7	147776092	87.84
7	147780368	87.85
7	147785542	87.86
7	147844107	87.94
7	147884752	88.0
7	147890521	88.02
7	147978284	88.16
7	148002598	88.2
7	148031337	88.6
7	148044777	88.7
7	148081645	88.7
7	148311566	88.71
7	148330059	88.71
7	148374336	88.71
7	148537032	88.72
7	148545931	88.72
7	148567521	88.72
7	148677514	88.72
7	148745216	88.72
7	148845080	88.73
7	148936553	88.74
7	148943760	88.76
7	149015665	88.79
7	149015790	88.8
7	149064244	88.9
7	149173027	88.96
7	149182002	88.98
7	149210539	88.99
7	149271889	89.0
7	149278765	89.02
7	149343611	89.09
7	149370088	89.3
7	149389230	89.32
7	149400802	89.48
7	149434511	89.5
7	149437884	89.52
7	149479286	90.0
7	149560802	90.48
7	149573792	90.52
7	149665138	90.58
7	149673216	90.6
7	149908966	90.68
7	150017596	91.6
7	150155024	91.62
7	150235964	91.73
7	150272666	91.8
7	150336030	91.82
7	150383396	91.83
7	150436826	91.85
7	150459628	91.87
7	150536460	91.9
7	150670002	91.92
7	150735634	91.93
7	150740312	91.93
7	150796032	91.94
7	150895594	91.95
7	150905006	91.96
7	151014198	91.98
7	151123036	92.0
7	151292533	93.0
7	151323038	93.1
7	151358446	93.3
7	151373416	93.34
7	151458916	93.4
7	151761636	93.44
7	151787929	93.44
7	151840188	93.45
7	151859959	93.48
7	151865817	93.5
7	151874537	93.51
7	151901586	93.51
7	151908364	93.51
7	152124634	93.52
7	152401166	93.52
7	152671003	93.54
7	152699522	93.56
7	152703328	93.58
7	152707178	93.58
7	152727032	93.59
7	152737308	93.59
7	152742418	93.59
7	152794156	93.59
7	152897400	93.6
7	152976486	93.62
7	152979060	93.64
7	152984548	93.65
7	152993726	93.67
7	153168659	94.5
7	153284826	95.0
7	153465530	95.02
7	153472042	95.1
7	153509110	95.12
7	153526934	95.13
7	153538366	95.14
7	153547250	95.14
7	153565074	95.15
7	153571242	95.17
7	153634818	95.23
7	153740736	95.32
7	153776712	95.34
7	153779785	95.36
7	153812515	95.37
7	153815210	95.38
7	153819588	95.38
7	153913278	95.38
7	153920897	95.39
7	153965274	95.4
7	153973210	95.42
7	154194565	95.49
7	154248686	95.5
7	154358350	95.5
7	154506338	95.5
7	154532216	95.5
7	154603028	95.51
7	154610230	95.51
7	154726602	95.51
7	154873834	95.51
7	154883476	95.52
7	154907866	95.52
7	155029102	95.53
7	155151260	95.54
7	155262318	95.54
7	155289852	95.55
7	155296227	95.55
7	155355341	95.55
7	155432442	95.55
7	155587768	95.55
7	155592261	95.55
7	155653034	95.56
7	155761330	95.56
7	155853906	95.56
7	156017638	95.57
7	156065064	95.57
7	156182035	95.58
7	156216014	95.58
7	156220664	95.59
7	156318360	95.6
7	156378578	95.65
7	156484060	95.91
7	156487656	95.93
7	156504678	95.95
7	156553113	95.95
7	156626281	95.96
7	159198940	95.97
7	159218613	95.99
7	159347006	96.0
7	159438184	96.01
7	159478008	96.01
7	159591168	96.03
7	159741845	96.04
7	159802914	96.04
7	159912442	96.05
7	159921942	96.05
7	159993276	96.05
7	160105132	96.05
7	160110014	96.06
7	160195460	96.07
7	160218136	96.08
7	160221428	96.08
7	160247792	96.09
7	160278172	96.1
7	160432948	96.11
7	160439228	96.12
7	160462480	96.13
7	160534065	96.14
7	160545396	96.16
7	160758297	96.18
7	160985086	96.2
7	161091362	96.24
7	161186822	96.28
7	161241156	96.3
7	161257818	96.48
7	161353974	96.5
7	161397640	96.54
7	161442670	96.6
7	161470326	96.62
7	161588184	96.67
7	161686026	96.69
7	161726900	96.84
7	161766892	96.88
7	161771216	97.0
7	161811400	97.05
7	161837160	97.2
7	161849034	97.22
7	161960557	97.63
7	161975496	97.65
7	162110676	97.69
7	162185459	97.73
7	162223457	97.9
7	162261471	97.94
7	162294542	97.95
7	162303488	97.97
7	162409466	97.98
7	162418650	98.0
7	162601484	98.03
7	162708310	98.4
7	162722566	98.42
7	162765938	98.98
7	162809763	99.0
7	162814194	99.1
7	163037657	99.48
7	163076998	99.5
7	163142522	99.7
7	163146324	99.8
7	163213934	99.82
7	163226498	99.83
7	163243354	100.0
7	163344408	101.0
7	163354833	101.02
7	163429900	101.04
7	163436355	101.1
7	163445194	101.12
7	163482056	101.13
7	163701230	101.19
7	163719772	101.23
7	163728030	101.24
7	163886539	101.27
7	164027155	101.31
7	164217160	101.35
7	164245628	101.36
7	164250989	101.38
7	164358894	101.39
7	164374157	101.4
7	164381194	101.41
7	164514904	101.49
7	164529725	101.6
7	164598096	101.7
7	164727516	101.8
7	164822217	102.0
7	164931268	102.02
7	164936903	102.02
7	164991465	102.03
7	165003287	102.05
7	165088033	102.09
7	165094420	102.13
7	165155046	102.5
7	165177806	102.54
7	165194635	102.55
7	165346776	102.58
7	165447522	102.6
7	165474429	102.63
7	165570875	102.63
7	165644150	102.64
7	165667296	102.64
7	165744930	102.65
7	165768812	102.69
7	165933144	102.74
7	166035528	102.76
7	166183430	102.8
7	166220630	102.85
7	166292346	103.0
7	166296132	103.03
7	166416176	103.22
7	166418934	103.24
7	166436230	103.26
7	166502459	103.3
7	166521226	103.34
7	166566724	104.38
7	166624966	104.4
7	166630977	104.42
7	166650162	104.46
7	166655894	104.47
7	166676872	104.49
7	166729426	104.5
7	166735813	104.52
7	166953344	105.22
7	166958248	105.26
7	167106198	105.36
7	167188464	105.4
7	167206508	105.5
7	167220424	105.6
7	167308970	105.7
7	167334282	105.72
7	167372400	105.9
7	167433756	105.98
7	167441330	106.0
7	167538858	106.88
7	167674018	107.0
7	167755526	107.3
7	167769658	107.32
7	167818848	107.4
7	167825306	107.5
7	167967734	107.52
7	167972599	107.63
7	167985600	107.68
7	167989916	107.7
7	168014287	107.75
7	168055590	107.82
7	168170985	108.0
7	168266294	108.3
7	168461859	108.48
7	168503792	108.5
7	168577544	108.6
7	168637432	108.7
7	168867286	108.9
7	168880936	108.92
7	168913397	108.94
7	168921642	108.95
7	168930900	108.96
7	168952998	109.0
7	168954486	109.02
7	168972732	109.04
7	169094236	109.4
7	169116100	109.5
7	169124690	109.7
7	169146761	109.98
7	169150322	109.99
7	169163542	109.99
7	169209344	110.0
7	169219942	110.2
7	169287180	110.4
7	169293851	110.41
7	169306096	110.43
7	169328521	110.48
7	169357792	110.5
7	169383283	110.51
7	169387664	110.52
7	169397282	110.54
7	169451860	110.55
7	169457018	110.55
7	169548944	110.56
7	169584784	110.58
7	169604576	110.6
7	169632697	110.65
7	169667600	110.67
7	169676810	110.69
7	169772375	110.8
7	169968556	110.88
7	170139726	110.92
7	170195622	110.94
7	170357504	111.0
7	170364928	111.02
7	170427748	111.18
7	170506074	111.2
7	170516578	111.22
7	170638918	113.6
7	170680074	114.0
7	170708480	114.1
7	170717821	114.5
7	170791110	115.0
7	170798794	115.02
7	170807344	115.04
7	170814324	115.06
7	170821906	115.11
7	170865062	115.16
7	170960676	115.2
7	170978816	115.22
7	171014371	115.24
7	171021922	115.26
7	171067870	115.28
7	171101644	115.3
7	171107258	115.32
7	171123082	115.45
7	171134226	115.47
7	171141511	115.48
7	171147023	115.5
7	171212038	115.54
7	171217134	115.56
7	171252388	116.08
7	171295795	116.1
7	171355022	116.13
7	171492146	116.14
7	171627415	116.15
7	171732805	116.16
7	171797736	116.2
7	171804138	116.3
7	171808380	116.32
7	171845266	116.5
7	171891440	117.0
7	171903533	117.1
7	171923226	117.18
7	171944128	117.19
7	171973496	117.19
7	172065096	117.2
7	172109114	117.3
7	172118108	117.32
7	172176904	117.34
7	172282752	118.23
7	172426810	118.25
7	172446874	118.27
7	172613770	118.29
7	172664906	120.27
7	172698370	120.28
7	172706918	120.29
7	172757346	120.31
7	172761854	120.4
7	172768666	120.42
7	172772272	120.43
7	172775534	120.45
7	172858896	120.47
7	172862548	120.5
7	172868310	120.6
7	173002908	120.8
7	173011125	120.85
7	173084281	121.0
7	173180388	121.4
7	173186782	121.42
7	173192079	121.5
7	173291684	121.52
7	173294206	121.54
7	173298296	121.56
7	173327962	121.58
7	173333780	121.6
7	173409478	121.7
7	173570570	121.74
7	173577512	122.0
7	173580834	122.02
7	173668698	122.06
7	173809348	122.2
7	173901754	122.28
7	173936470	122.3
7	173940940	122.4
7	174075667	122.6
7	174114254	122.63
7	174123120	122.65
7	174133379	122.67
7	174136809	122.8
7	174144742	122.81
7	174153514	122.84
7	174220828	123.0
7	174276566	123.3
7	174321917	123.32
7	174367729	123.5
7	174373320	123.52
7	174464972	123.7
7	174468341	123.74
7	174506682	123.8
7	174582404	124.0
7	174591791	124.4
7	174629858	124.45
7	174661639	124.45
7	174715652	124.47
7	174788434	124.5
7	174857484	125.0
7	174894442	125.1
7	174913386	125.26
7	174926106	125.28
7	174933818	125.66
7	174970568	125.68
7	174977356	125.7
7	174987150	125.72
7	175007060	125.74
7	175020503	125.75
7	175026962	125.76
7	175038992	125.8
7	175092142	125.98
7	175236328	126.0
7	175258076	126.2
7	175268334	126.22
7	175278761	126.24
7	175484526	126.8
7	175494953	127.0
7	175575017	127.02
7	175665522	127.1
7	175676162	127.2
7	175684668	127.22
7	175804235	127.92
7	175822284	127.92
7	175840452	127.93
7	175871800	127.94
7	175973190	127.95
7	175984952	128.0
7	176126904	128.04
7	176206694	128.2
7	176212790	128.22
7	176256200	129.0
7	176260950	129.0
7	176333510	129.06
7	176344700	129.1
7	176401754	129.16
7	176430022	129.2
7	176479510	129.24
7	176579205	129.3
7	176582280	129.31
7	176584188	129.32
7	176589414	129.34
7	176664902	129.38
7	176691562	129.54
7	176695610	129.56
7	176767216	129.58
7	176777663	129.6
7	176875729	129.96
7	176878422	130.0
7	176891880	130.02
7	176897067	130.03
7	176913792	130.06
7	176967616	130.08
7	176992278	130.09
7	176997568	130.09
7	177044072	130.1
7	177061238	130.1
7	177116876	130.12
7	177130107	130.2
7	177158428	131.0
7	177212512	131.2
7	177252228	131.3
7	177308157	131.5
7	177350164	132.0
7	177454882	132.48
7	177457796	132.5
7	177493764	132.54
7	177513228	132.56
7	177522898	132.58
7	177588080	132.6
7	177641092	133.0
7	177707656	133.02
7	177747532	133.04
7	177835196	133.98
7	177841518	134.0
7	177856910	134.1
7	177863158	134.12
7	177870900	134.13
7	177920572	134.15
7	177953114	134.16
7	177962401	134.18
7	178057816	134.18
7	178095364	134.19
7	178100732	134.19
7	178196990	134.2
7	178259032	134.3
7	178293634	134.66
7	178328442	134.68
7	178342054	135.2
7	178344374	135.24
7	178473069	135.4
7	178510316	135.42
7	178520054	135.58
7	178604199	135.6
7	178829906	135.65
7	178951552	135.66
7	179004695	135.67
7	179017569	135.68
7	179052170	135.7
7	179109188	135.8
7	179191844	135.9
7	179205886	136.0
7	179333228	136.01
7	179462135	136.05
7	179547342	136.1
7	179556628	136.2
7	179559601	136.21
7	179583620	136.22
7	179602032	136.24
7	179651246	136.3
7	179664394	136.3
7	179676439	136.32
7	179677958	136.38
7	179729974	136.4
7	179752506	136.42
7	179757786	136.44
7	179766218	136.95
7	179927920	136.97
7	180023906	136.99
7	180087569	137.04
7	180106790	137.1
7	180162650	137.2
7	180166171	137.22
7	180291327	137.26
7	180311422	137.35
7	180329585	137.37
7	180469396	137.42
7	180616602	137.68
7	180620000	137.7
7	180707535	137.8
7	180769414	137.83
7	180831238	138.03
7	180874592	138.41
7	180880824	138.43
7	180890536	138.53
7	180916069	138.63
7	180993778	138.83
7	181045312	138.93
7	181203988	139.73
7	181209058	139.74
7	181264976	139.75
7	181275442	139.77
7	181333989	140.23
7	181345021	140.25
7	181368793	140.53
7	181466170	140.91
7	181484184	140.93
7	181543799	140.99
7	181605863	141.12
7	181614645	141.13
7	181621873	141.41
7	181687158	141.43
7	181721494	141.93
7	181737910	142.33
7	181774531	142.35
7	181793080	142.63
7	181800106	143.03
7	181805896	143.31
7	181815988	143.33
7	181832273	143.43
7	181843286	143.53
7	181889194	143.59
7	181940700	143.61
7	181982248	143.83
7	181995880	143.93
7	182033281	144.28
7	182039657	144.38
7	182138496	144.66
7	182193068	144.68
7	182220776	144.78
7	182228820	144.88
7	182243934	144.98
7	182257440	145.0
7	182292820	145.06
7	182303730	146.0
7	182358380	146.08
7	182456854	146.1
7	182470296	146.48
7	182478960	146.5
7	182489461	147.08
7	182530851	147.1
7	182566210	147.48
7	182615914	148.08
7	182651966	148.09
7	182705420	148.09
7	182735778	148.1
7	182742282	148.12
7	182795178	148.35
7	182800925	149.7
7	182811555	149.73
7	182823316	149.77
7	182873694	149.81
7	182933276	150.0
7	182943920	150.04
7	183007381	150.62
7	183121498	150.64
7	183128224	150.66
7	183141779	150.68
7	183191964	150.7
7	183199612	150.73
7	183220980	150.75
7	183225149	150.76
7	183230138	150.78
7	183233220	150.8
7	183235124	150.82
7	183252529	151.0
7	183324261	151.01
7	183327936	151.02
7	183361864	152.05
7	183401604	152.05
7	183496898	152.06
7	183509310	152.1
7	183512944	152.62
7	183530656	152.66
7	183536659	152.7
7	183567900	152.88
7	183584044	152.89
7	183714966	152.9
7	183742304	152.98
7	183747280	152.99
7	183755658	152.99
7	183761114	152.99
7	183773844	153.0
7	183779730	153.02
7	183787676	153.04
7	183798972	153.05
7	183836790	153.06
7	183872802	153.07
7	183877857	153.08
7	183963854	153.09
7	183987369	153.09
7	183991182	153.1
7	184154404	153.1
7	184163999	153.1
7	184187537	153.18
7	184268492	153.2
7	184290352	153.24
7	184445655	153.9
7	184496152	153.95
7	184528838	154.0
7	184549920	154.2
7	184554328	154.3
7	184617720	154.34
7	184624226	154.48
7	184653812	154.5
7	184728372	154.6
7	184830224	154.7
7	184926060	154.72
7	185036532	154.73
7	185146308	154.75
7	185151444	154.8
7	185226133	155.0
7	185402110	155.1
7	185582128	156.0
7	185796199	156.02
8	265045	0.01
8	364284	0.01
8	443761	0.01
8	518128	0.01
8	620604	0.02
8	746708	0.02
8	825372	0.03
8	869830	0.03
8	925810	0.03
8	952772	0.04
8	1136432	0.06
8	1146358	0.07
8	1164702	0.08
8	1197252	0.09
8	1252662	1.1
8	1282624	1.11
8	1413562	1.13
8	1471100	1.16
8	1618819	1.18
8	1626800	1.2
8	1684682	1.3
8	1752214	1.36
8	1821664	1.4
8	1828198	1.41
8	1831044	1.41
8	1953818	1.42
8	2054761	1.43
8	2135626	1.44
8	2140862	1.45
8	2147644	1.46
8	2198932	1.48
8	2230910	1.5
8	2273925	1.66
8	2366616	1.68
8	2390045	1.7
8	2422700	2.6
8	2597092	2.78
8	2620340	2.8
8	2656222	3.0
8	2835252	4.0
8	3093556	5.0
8	3247702	6.5
8	3339670	6.7
8	3466053	6.78
8	3474199	6.8
8	3549992	6.86
8	3641624	7.0
8	3660906	7.91
8	3739818	7.95
8	3798016	7.99
8	3823088	8.05
8	3887962	8.07
8	3973948	8.1
8	4101092	8.2
8	4103917	8.22
8	4192894	8.3
8	4229243	8.34
8	4235244	8.36
8	4288320	8.38
8	4424828	9.96
8	4490298	10.0
8	4561452	10.02
8	4610650	10.88
8	4664756	11.0
8	4678594	11.1
8	4689450	11.12
8	4823776	12.0
8	4853943	12.35
8	4903266	12.37
8	4946506	12.4
8	4966031	12.44
8	5052386	12.46
8	5056786	12.48
8	5216150	12.58
8	5267542	12.6
8	5304718	12.8
8	5316473	13.2
8	5357542	13.21
8	5367296	13.22
8	5488848	13.24
8	5533176	13.26
8	5581638	13.3
8	5635758	13.32
8	5669932	13.4
8	5838886	13.5
8	5949128	13.57
8	6031882	13.62
8	6071463	13.65
8	6172713	13.66
8	6248143	13.68
8	6260857	13.7
8	6267026	13.71
8	6391430	13.72
8	6603795	13.73
8	6606796	13.73
8	6634501	13.74
8	6707687	13.75
8	6791689	13.76
8	6797236	13.77
8	6858876	13.78
8	6895780	13.79
8	6913594	13.79
8	6923520	13.8
8	7006370	13.8
8	7115016	13.82
8	7215331	13.84
8	7251723	13.86
8	7257870	13.98
8	7263462	14.0
8	7265746	14.02
8	7323492	14.06
8	7342316	14.08
8	7441100	15.0
8	7710692	16.0
8	7836222	16.02
8	7840317	16.98
8	7924320	17.0
8	8105706	17.06
8	8139438	20.0
8	8152932	20.02
8	8180314	23.92
8	8351185	23.98
8	8392110	24.0
8	8411728	24.02
8	8430208	24.86
8	8512314	24.9
8	8521052	24.92
8	8540853	25.0
8	8699773	25.4
8	8705922	25.5
8	8718111	25.54
8	8722836	25.56
8	8835246	26.35
8	8892132	26.5
8	8895987	26.52
8	8926216	26.7
8	9013447	26.83
8	9251616	26.88
8	9279658	26.9
8	9691823	27.0
8	9879121	27.19
8	10063659	27.2
8	10265618	27.22
8	10354955	27.24
8	10432574	27.26
8	10443590	27.28
8	10503906	28.0
8	10511803	28.04
8	10519995	28.06
8	10546994	28.2
8	10718108	28.28
8	10814351	28.3
8	11259237	28.74
8	11311212	28.83
8	11325537	28.87
8	11360110	28.89
8	11719758	29.42
8	11747558	29.44
8	11933406	29.5
8	11958512	29.52
8	12023050	29.7
8	12261375	29.74
8	12367034	29.84
8	12549846	29.88
8	12562772	30.0
8	12721158	31.0
8	12731737	31.02
8	13015438	32.15
8	13081984	32.15
8	13184363	32.31
8	13189734	32.31
8	13198786	32.32
8	13302844	32.36
8	13387615	32.37
8	13446588	32.39
8	13509367	32.4
8	13603550	32.46
8	13666378	32.94
8	13689756	33.0
8	13730684	33.04
8	13737694	33.06
8	13769804	33.08
8	13825507	33.09
8	13829026	33.1
8	13943754	33.12
8	14005760	33.16
8	14185362	33.28
8	14194270	33.3
8	14204588	33.31
8	14323491	33.35
8	14487376	33.5
8	14506193	33.52
8	14513822	33.54
8	14522092	33.57
8	14718700	33.66
8	14819883	33.7
8	14984704	33.72
8	15034624	34.2
8	15043182	34.22
8	15135406	34.28
8	15186291	34.3
8	15239277	34.36
8	15292392	34.91
8	15297492	34.93
8	15385624	34.95
8	15387349	34.97
8	15554432	35.48
8	15558388	35.5
8	15560616	35.6
8	15659705	35.64
8	15728584	35.7
8	15883514	35.94
8	15932732	35.98
8	15998644	36.0
8	16422590	36.8
8	16436531	36.82
8	16438944	36.84
8	16444552	36.86
8	16510426	36.88
8	16572238	36.91
8	16731604	36.96
8	16868476	36.98
8	16965142	37.16
8	16981944	37.2
8	17228569	37.25
8	17287307	37.5
8	17291837	37.52
8	17315245	37.6
8	17393237	38.0
8	17444608	38.04
8	17458550	38.33
8	17548519	38.4
8	17570602	38.46
8	17614024	38.5
8	17622442	38.52
8	17739363	38.58
8	17793298	38.6
8	17938318	38.8
8	17971347	38.81
8	18169830	38.82
8	18244993	38.84
8	18253042	39.0
8	18455676	39.3
8	18464762	39.32
8	18524502	39.48
8	18547697	39.5
8	18808024	39.6
8	18822767	39.7
8	18835054	39.72
8	18853414	39.74
8	18929633	39.75
8	18960511	39.77
8	18978868	39.8
8	19053344	39.96
8	19060203	40.0
8	19214624	40.1
8	19219453	40.2
8	19401838	40.28
8	19470818	40.3
8	19501564	40.36
8	19515450	40.4
8	19599974	40.43
8	19650210	40.44
8	19776540	40.48
8	19883740	40.5
8	20120400	40.54
8	20290018	40.8
8	20448269	41.0
8	20465546	41.2
8	20580301	41.22
8	20584043	41.24
8	20694080	41.46
8	20700770	41.48
8	20785710	41.5
8	20915376	41.88
8	20925240	41.9
8	21158857	42.0
8	21279680	43.0
8	21296970	43.24
8	21304404	43.29
8	21309640	43.3
8	21432196	43.8
8	21558914	43.9
8	21571849	43.98
8	21699376	44.01
8	21744691	44.15
8	21894411	44.17
8	21987399	44.19
8	22215652	44.5
8	22298768	44.52
8	22370318	44.56
8	22372092	44.6
8	22405030	44.68
8	22413301	44.7
8	22453861	44.71
8	22463658	44.71
8	22497578	44.72
8	22647875	44.75
8	22690678	44.77
8	22775772	44.79
8	22844678	44.88
8	22991137	44.9
8	23220956	44.92
8	23255336	44.92
8	23269542	44.93
8	23283769	44.94
8	23437145	44.95
8	23442466	44.96
8	23459653	44.97
8	23551650	45.0
8	23600711	45.02
8	23704930	45.04
8	23980240	45.8
8	24004798	46.0
8	24043671	46.02
8	24046174	46.04
8	24048635	46.5
8	24269733	47.44
8	24314322	47.46
8	24405800	47.5
8	24409300	47.62
8	24435755	47.75
8	24591596	47.8
8	24717925	48.0
8	24995991	48.1
8	25116009	48.5
8	25170536	48.52
8	25296990	48.57
8	25376600	49.0
8	25669050	49.28
8	25675514	49.31
8	25772310	49.34
8	25991948	49.4
8	26000254	49.42
8	26018593	49.48
8	26588143	49.5
8	26726116	49.5
8	26730340	49.5
8	26751879	49.51
8	27045414	49.52
8	27273050	49.53
8	27438041	49.54
8	27450460	49.55
8	27573133	49.58
8	27613171	49.6
8	27619234	49.61
8	27827619	49.62
8	27936025	49.66
8	28405946	49.73
8	28412870	49.75
8	28460044	49.76
8	28566446	49.76
8	28890840	49.76
8	29073497	49.77
8	29327447	49.77
8	29492278	49.77
8	29557434	49.77
8	29627760	49.78
8	29948680	49.9
8	29952988	49.91
8	30009098	49.92
8	30081338	49.97
8	30183737	49.99
8	30415200	50.01
8	30417750	50.01
8	30518799	50.01
8	30632298	50.01
8	30833144	50.01
8	30952990	50.01
8	31015481	50.01
8	33481926	50.01
8	33654608	50.01
8	33873224	50.01
8	33981982	50.01
8	33999710	50.02
8	34046208	50.02
8	34280666	50.03
8	34797015	50.04
8	35512032	50.05
8	35598293	50.05
8	35611646	50.06
8	35953928	50.06
8	36525490	50.07
8	36608744	50.07
8	36978435	50.07
8	37115756	50.08
8	37490699	50.09
8	37492782	50.09
8	37535232	50.09
8	37688502	50.09
8	38239892	50.1
8	38419514	50.1
8	38486892	50.1
8	38641426	50.12
8	38653429	50.13
8	38660171	50.13
8	38799585	50.14
8	38862952	50.15
8	39497619	50.15
8	39606216	50.16
8	39791696	50.16
8	39874120	50.17
8	40088778	50.17
8	40195312	50.18
8	40295526	50.2
8	40554549	50.21
8	40669094	50.21
8	41011843	50.22
8	41234796	50.23
8	41339496	50.24
8	41472298	50.24
8	41648058	50.25
8	41937352	50.26
8	42052098	50.27
8	42057214	50.28
8	42175842	50.3
8	42408174	50.33
8	43132851	50.36
8	43405827	50.4
8	44195056	50.45
8	44357816	50.47
8	44428758	50.48
8	45188457	50.6
8	45541698	50.61
8	45703488	50.62
8	46440885	50.62
8	46705796	50.62
8	46999661	50.62
8	47063608	50.62
8	48586734	50.63
8	49427954	50.63
8	49960424	50.63
8	51222196	50.63
8	52109031	50.63
8	52425000	50.64
8	53010546	50.64
8	53083234	50.64
8	53179603	50.65
8	53226210	50.65
8	54296878	50.66
8	54529312	50.66
8	54830124	50.66
8	55432954	50.66
8	56886734	50.67
8	56920864	50.67
8	57222254	50.67
8	57478399	50.67
8	57719941	50.67
8	58168250	50.67
8	58237518	50.67
8	58430034	50.67
8	58571835	50.67
8	59602646	50.67
8	59679671	50.67
8	60216488	50.68
8	60366876	50.68
8	61007297	50.68
8	61063497	50.68
8	61360976	50.69
8	61666317	50.69
8	61928382	50.7
8	62470409	50.71
8	62711384	50.72
8	62863143	50.72
8	63102424	50.73
8	63196146	50.73
8	63567520	50.74
8	63621431	50.74
8	63722249	50.74
8	63729408	50.74
8	63731888	50.74
8	63896532	50.74
8	64006920	50.75
8	64050972	50.77
8	64065593	50.79
8	64328688	51.0
8	64384999	51.02
8	64628436	51.29
8	64633678	51.3
8	64785636	51.31
8	64799238	51.31
8	65002871	51.32
8	65075740	51.32
8	65090656	51.32
8	65093157	51.32
8	65906676	51.33
8	65926759	51.33
8	65962133	51.35
8	66147492	51.35
8	66311068	51.36
8	66324127	51.36
8	66367498	51.37
8	66507505	51.38
8	67005028	51.4
8	67213124	51.41
8	67224315	51.42
8	67355512	51.42
8	67366306	51.43
8	67403601	51.43
8	67549644	51.43
8	67934225	51.44
8	68443826	51.45
8	68606736	51.45
8	68635376	51.45
8	68745736	51.46
8	68750024	51.46
8	68992030	51.46
8	69003764	51.46
8	69353586	51.46
8	69578622	51.46
8	69620746	51.46
8	69944802	51.47
8	69947666	51.47
8	70195050	51.47
8	70198480	51.47
8	70200974	51.47
8	70205212	51.47
8	70208718	51.47
8	70238769	51.47
8	70386886	51.47
8	70709870	51.47
8	70851542	51.47
8	71022554	51.48
8	71408594	51.5
8	71469364	51.52
8	71650436	51.54
8	71728832	51.6
8	71792459	51.62
8	71807353	51.64
8	71812094	51.66
8	71883492	51.7
8	72073296	51.74
8	72078984	51.76
8	72241165	51.82
8	72280416	51.86
8	72351670	51.88
8	72572282	51.9
8	72584108	52.0
8	72681994	52.75
8	72946068	52.77
8	72965868	52.8
8	73026636	52.82
8	73114009	52.9
8	73456026	53.0
8	73509426	53.04
8	73629936	53.1
8	73726148	53.2
8	73727670	53.24
8	73763654	53.4
8	73967839	53.5
8	73997690	53.52
8	74091323	53.6
8	74142317	53.64
8	74153518	53.9
8	74209748	53.92
8	74323180	53.95
8	74367962	54.0
8	74478394	54.0
8	74847582	54.1
8	75115038	54.9
8	75121310	54.92
8	75269594	54.96
8	75273000	54.98
8	75290474	55.0
8	75299004	55.01
8	75531473	55.03
8	75536472	55.1
8	75560252	55.12
8	75658392	55.14
8	75932934	55.5
8	76029195	55.52
8	76375066	55.68
8	76470322	55.7
8	76505281	55.8
8	77165290	56.0
8	77446264	56.37
8	77539518	56.38
8	77542770	56.4
8	77676244	56.48
8	77872198	56.76
8	78057041	56.8
8	78073229	56.84
8	78087708	56.86
8	78200119	57.0
8	78664156	57.1
8	78815916	57.2
8	79016485	57.22
8	79018602	57.24
8	79171580	57.3
8	79337722	57.4
8	79570925	57.5
8	79801308	57.54
8	79884003	57.6
8	79929602	57.8
8	79979352	57.86
8	80210574	57.9
8	80218140	57.94
8	80227778	58.0
8	80455004	58.05
8	80503592	58.06
8	80574944	58.08
8	80644182	58.09
8	80647526	58.1
8	80736924	58.1
8	80755652	58.1
8	80786954	58.11
8	80870365	58.11
8	80985554	58.12
8	81523956	58.2
8	81889545	58.23
8	81957644	58.24
8	82051034	58.26
8	82166551	58.3
8	82224098	58.51
8	82354240	58.55
8	82410334	58.59
8	82476614	58.63
8	82733319	58.7
8	82819975	58.72
8	83510914	58.98
8	84028916	59.0
8	84209112	59.64
8	84500496	59.7
8	84800344	59.75
8	84917827	59.8
8	85078370	60.0
8	85135074	60.17
8	85189384	60.17
8	85442432	60.18
8	85500313	60.18
8	85629650	60.19
8	85850540	60.2
8	86054219	60.27
8	86305140	60.27
8	86484202	60.28
8	86643178	60.28
8	86798796	60.28
8	86821728	60.28
8	86841902	60.28
8	87508931	60.29
8	87512376	60.29
8	88232482	60.3
8	88307778	60.3
8	88407331	60.3
8	88566129	60.6
8	88686432	60.62
8	88844593	60.98
8	88849839	61.0
8	89048918	61.04
8	89137412	61.06
8	89304022	61.06
8	89373988	61.06
8	89498404	61.06
8	89837516	61.07
8	90218063	61.07
8	90449336	61.08
8	90582876	61.1
8	90683960	61.15
8	90762552	61.2
8	91068694	61.24
8	91797854	61.28
8	91931340	61.3
8	92062054	61.3
8	92209563	61.31
8	92415088	61.31
8	92620526	61.32
8	92789280	61.33
8	92846038	61.35
8	93000940	61.37
8	93139659	61.38
8	93209938	61.4
8	93221095	61.4
8	93314386	61.41
8	93452592	61.41
8	93525938	61.41
8	93586586	61.41
8	93635304	61.42
8	93756403	61.43
8	93852689	61.5
8	93972616	62.0
8	94250298	62.3
8	94637042	62.92
8	94796389	62.94
8	94897062	62.96
8	94940466	63.0
8	94959028	63.1
8	95195217	63.16
8	95229978	63.18
8	95439478	63.5
8	95558278	63.7
8	95690068	63.73
8	96178952	63.78
8	96180372	63.78
8	96313434	63.78
8	96346516	63.79
8	96406532	63.79
8	96443055	63.79
8	96498253	63.79
8	96615399	63.79
8	96770368	63.8
8	96776901	63.82
8	96883434	63.83
8	97307380	63.84
8	97311822	63.85
8	97368486	63.87
8	97381862	63.89
8	97454208	63.9
8	97510381	63.92
8	97795000	63.94
8	97976947	63.94
8	97992344	63.96
8	98363650	63.98
8	98424198	64.0
8	98429478	64.02
8	98553977	64.04
8	98665070	64.5
8	98800424	65.0
8	99035212	65.98
8	99044824	66.0
8	99113617	66.06
8	99129076	66.07
8	99136063	66.08
8	99144554	66.09
8	99204444	66.11
8	99714322	66.7
8	99897717	66.74
8	99900064	67.0
8	100474993	68.0
8	100629719	68.04
8	100648916	68.06
8	100883622	68.08
8	100889862	68.1
8	101176762	68.72
8	101562854	68.73
8	101871832	68.73
8	102127063	68.74
8	102334652	68.74
8	102413978	68.75
8	102553692	68.76
8	102655576	68.76
8	102699680	68.77
8	102788831	68.77
8	102793076	68.88
8	102891624	69.0
8	102970200	70.0
8	102978470	70.02
8	103144822	70.3
8	103177498	70.32
8	103207129	70.34
8	103235116	70.38
8	103356447	70.64
8	103381713	70.68
8	103386390	70.68
8	103388322	70.68
8	103397607	70.69
8	103431392	70.7
8	103636230	70.71
8	103805290	70.72
8	103824458	70.74
8	103925872	71.04
8	104083216	71.1
8	104115333	71.15
8	104146248	71.16
8	104333524	71.17
8	104398090	71.18
8	104483457	71.18
8	104546292	71.19
8	104689290	71.2
8	104791607	71.22
8	104801730	71.23
8	105083876	71.25
8	105126994	71.27
8	105129548	71.29
8	105288220	71.31
8	105414066	71.38
8	105463900	71.4
8	105573243	71.42
8	105579506	71.42
8	105777657	71.43
8	105804326	71.43
8	106011062	71.43
8	106117202	71.44
8	106294875	71.45
8	106407821	71.45
8	106420186	71.46
8	106561544	71.46
8	106612646	71.47
8	106616976	71.48
8	106781948	71.49
8	106821210	71.5
8	106911842	72.1
8	107043312	72.2
8	107069942	72.24
8	107130424	72.26
8	107255486	72.28
8	107476470	72.45
8	107746206	72.5
8	108426945	72.61
8	108468122	72.63
8	108810530	73.0
8	108932182	73.2
8	109138352	73.5
8	109145282	73.52
8	109319446	73.7
8	109398574	73.72
8	109534467	73.74
8	109604309	73.75
8	109809483	73.76
8	110108444	73.78
8	110291312	73.78
8	110352576	73.79
8	110483854	73.79
8	110534093	73.79
8	110562476	73.8
8	110650206	73.8
8	110808733	73.8
8	110880614	73.8
8	111126563	73.81
8	111296986	73.82
8	111326316	73.82
8	111492514	73.83
8	111718477	73.87
8	112066979	73.9
8	112360696	73.96
8	112431988	73.98
8	112468311	73.99
8	112666328	74.0
8	112736458	75.0
8	112910721	75.02
8	112914712	75.03
8	113018367	75.04
8	113026086	75.04
8	113058698	75.05
8	113222335	75.07
8	113246586	76.01
8	113347837	76.05
8	113474528	76.09
8	113728980	76.3
8	113829662	76.34
8	114172797	76.36
8	114251551	77.0
8	114278247	77.03
8	114351320	77.08
8	114374571	77.1
8	114407280	77.12
8	114684892	77.44
8	114851532	77.5
8	115074972	77.55
8	115164323	77.58
8	115217426	77.6
8	115268000	78.2
8	115325258	78.21
8	115561172	78.22
8	115750173	78.3
8	115882583	78.32
8	115896826	78.32
8	116082850	78.34
8	116151879	78.35
8	116254861	78.37
8	116928396	78.4
8	116974032	78.42
8	116993688	78.42
8	117158250	78.43
8	117291141	78.43
8	117316998	78.44
8	117560991	78.46
8	117591408	78.46
8	117706468	78.47
8	117929058	78.47
8	117966734	78.47
8	118053901	78.47
8	118065440	78.47
8	118374462	78.47
8	118392326	78.48
8	118516606	78.48
8	118628548	78.48
8	118779077	78.48
8	118849168	78.48
8	118907264	78.49
8	118947619	78.49
8	119060286	78.49
8	119123828	78.49
8	119133016	78.49
8	119216900	78.5
8	119220521	78.5
8	119368052	78.51
8	119463844	78.52
8	119468806	78.53
8	119473713	78.53
8	119479588	78.54
8	119551656	78.55
8	120250578	78.67
8	120441250	78.7
8	120490226	78.75
8	120508674	78.76
8	120548438	78.79
8	120607154	78.82
8	120670225	78.85
8	120778207	78.88
8	120799132	78.9
8	120892072	79.0
8	120910964	79.02
8	121000010	79.06
8	121004536	79.08
8	121266998	79.58
8	121271804	79.6
8	121491891	79.66
8	121562904	79.67
8	121576736	79.72
8	121584033	79.75
8	121595916	79.77
8	121713369	79.8
8	121777715	80.14
8	121782564	80.15
8	121904852	80.2
8	121981808	80.3
8	122018138	80.34
8	122122028	80.5
8	122125736	80.54
8	122370708	80.7
8	122484168	80.76
8	122507992	80.78
8	122531182	80.79
8	122567429	80.79
8	122570398	80.79
8	122593333	80.8
8	122661804	80.92
8	122665592	80.94
8	122774441	81.02
8	122822590	81.06
8	122901708	81.24
8	122905779	81.3
8	122929731	81.35
8	122982456	81.4
8	123360397	81.43
8	123506432	81.5
8	123527566	81.53
8	123534248	81.54
8	123663528	81.59
8	123667233	81.6
8	123730476	81.7
8	123944604	81.8
8	124108735	81.82
8	124292265	81.84
8	124308733	81.86
8	124358212	81.87
8	124548589	81.88
8	124677690	81.9
8	124767362	82.0
8	124775544	82.04
8	124785018	82.06
8	124944414	82.1
8	125050608	82.38
8	125158472	82.42
8	125280849	82.45
8	125329688	82.47
8	125380126	82.5
8	125673092	82.51
8	125689419	82.52
8	125753628	82.53
8	125848950	83.96
8	125875172	84.0
8	126036939	84.2
8	126063687	84.22
8	126082032	84.24
8	126084842	84.25
8	126177448	84.26
8	126239604	84.26
8	126299985	84.26
8	126305902	84.26
8	126501055	84.26
8	126648462	84.27
8	126679578	84.28
8	126685629	84.28
8	126772204	84.29
8	126973104	84.3
8	126986162	84.32
8	127043183	84.34
8	127108452	84.36
8	127387420	84.74
8	127463056	84.78
8	127536032	84.8
8	127638830	84.85
8	127664196	84.87
8	127774354	84.9
8	127816412	84.95
8	127824648	85.0
8	127898860	85.1
8	127977149	85.3
8	127985566	85.32
8	128004240	85.43
8	128039200	85.45
8	128113447	85.46
8	128124424	85.5
8	128133378	85.52
8	128300073	85.56
8	128381832	85.58
8	128397114	85.66
8	128450366	85.7
8	128510916	85.8
8	128591912	85.82
8	128667072	85.9
8	128873316	85.94
8	128949830	85.96
8	129052972	85.99
8	129104664	86.0
8	129126814	86.02
8	129311510	86.9
8	129513576	87.05
8	129695038	87.1
8	130079836	87.24
8	130129960	87.28
8	130177572	87.3
8	130236108	87.31
8	130339350	87.35
8	130365780	87.36
8	130492188	87.4
8	130506096	87.45
8	130581151	87.5
8	130669013	87.8
8	130892160	88.05
8	131042898	88.2
8	131133276	88.22
8	131272664	88.3
8	131342935	88.36
8	131393570	88.38
8	131529378	88.48
8	131695684	88.5
8	131821176	88.51
8	132006496	88.52
8	132132116	88.54
8	132291569	88.56
8	132664750	88.8
8	132722876	89.1
8	132885659	89.23
8	132935555	89.25
8	132991687	89.3
8	132996443	89.32
8	133079525	89.7
8	133143454	89.71
8	133177177	89.71
8	133271495	89.71
8	133334845	89.72
8	133367799	89.72
8	133426273	89.72
8	133509050	89.73
8	133539279	89.75
8	133733105	89.8
8	133807506	89.82
8	134013154	89.84
8	134100794	89.86
8	134114596	89.87
8	134324407	89.88
8	134452414	90.0
8	134525244	90.01
8	134550178	90.01
8	134589962	90.02
8	134627336	90.02
8	134711864	90.03
8	134933050	90.05
8	134951940	90.06
8	134997407	90.07
8	135119012	90.07
8	135124471	90.08
8	135129773	90.09
8	135180514	90.1
8	135286740	90.11
8	135297994	90.11
8	135388184	90.12
8	135574330	90.14
8	135581510	90.15
8	135655840	90.2
8	135786290	90.85
8	135822904	90.86
8	135947806	90.88
8	135994784	90.9
8	136147679	90.93
8	136155348	90.94
8	136342436	90.99
8	136503592	91.0
8	136799802	91.59
8	136803318	91.6
8	136805792	91.61
8	136810870	91.62
8	136889462	91.64
8	136985982	91.68
8	137054112	91.7
8	137061540	91.72
8	137270282	91.74
8	137383830	91.75
8	137511832	91.77
8	137518220	91.79
8	137524869	91.88
8	137584978	91.9
8	137591160	91.92
8	137644533	92.0
8	137647108	92.02
8	137660726	92.88
8	137660911	92.9
8	137751386	92.93
8	137949488	92.96
8	138037340	93.0
8	138039758	93.1
8	138058116	93.1
8	138093697	93.12
8	138180650	93.13
8	138270727	93.14
8	138286912	93.15
8	138397676	93.5
8	138400008	93.52
8	138434674	93.63
8	138441018	94.0
8	138446071	94.02
8	138637799	94.2
8	138645522	94.22
8	138651296	94.23
8	138672911	94.25
8	138704496	94.27
8	138775998	94.3
8	138925549	94.31
8	138927518	94.32
8	138993243	94.33
8	139030198	94.34
8	139032576	94.34
8	139035513	94.35
8	139190994	94.37
8	139297619	94.37
8	139360529	94.38
8	139542954	94.39
8	139618681	94.4
8	139631472	94.42
8	139638908	94.43
8	139644586	94.43
8	139684105	94.43
8	139737385	94.44
8	139742670	94.44
8	139880983	94.44
8	140022859	94.46
8	140203564	94.47
8	140276875	94.48
8	140324058	94.48
8	140446266	94.49
8	140531254	94.5
8	140589658	94.52
8	140711184	94.56
8	140728304	94.68
8	140773990	94.75
8	140959611	94.78
8	140982706	94.79
8	141067310	94.79
8	141094943	94.8
8	141160476	94.8
8	141384836	94.9
8	141413142	94.91
8	141785235	94.93
8	141853504	94.94
8	141906991	94.95
8	142038328	95.0
8	142162461	95.16
8	142171918	95.16
8	142214886	95.2
8	142302622	95.22
8	142313577	95.24
8	142409216	95.41
8	142491249	95.43
8	142566800	95.44
8	142589539	95.5
8	142593183	95.5
8	142645504	95.6
8	142822054	95.64
8	142857904	95.69
8	143002682	95.7
8	143052812	95.71
8	143244839	95.73
8	143302064	95.74
8	143433436	95.74
8	143674041	95.75
8	143696931	95.75
8	143709238	95.75
8	143753758	95.75
8	143839524	95.75
8	143842070	95.76
8	143930702	95.77
8	143937788	95.77
8	144140086	95.77
8	144218746	95.78
8	144225000	95.8
8	144319796	95.87
8	144504828	95.88
8	144928684	95.9
8	145006357	95.92
8	145061430	95.96
8	145090692	95.98
8	145103383	96.0
8	145106722	96.02
8	145144202	96.34
8	145229288	96.36
8	145306942	96.38
8	145320467	96.38
8	145362538	96.39
8	145507782	96.4
8	145513656	96.4
8	145620148	96.4
8	145655464	96.41
8	145702001	96.41
8	145732922	96.42
8	145845431	96.42
8	145884684	96.42
8	146017368	96.43
8	146042210	96.43
8	146146640	96.43
8	146196022	96.43
8	146391136	96.43
8	146485012	96.44
8	146583424	96.44
8	146674667	96.44
8	146727658	96.44
8	146754396	96.44
8	146848596	96.44
8	146917142	96.44
8	147332290	96.45
8	147403543	96.45
8	147481957	96.46
8	147707096	96.46
8	147939152	96.47
8	147993038	96.48
8	148018195	96.5
8	148119576	96.51
8	148217452	96.52
8	148246914	96.52
8	148278430	96.52
8	148331128	96.54
8	148443762	96.57
8	148590050	96.58
8	148641956	96.58
8	148646908	96.58
8	148758990	96.59
8	148849584	96.59
8	148878104	96.6
8	148884447	96.6
8	148940906	96.61
8	148950470	96.62
8	148963925	96.63
8	148976959	96.64
8	148997673	96.66
8	149020280	96.68
8	149029008	96.7
8	149157240	96.8
8	149268248	96.9
8	149285291	96.91
8	149290470	96.91
8	149335077	96.92
8	149409700	96.94
8	149423425	96.95
8	149470366	96.97
8	149521127	96.97
8	149589568	96.98
8	149684350	96.99
8	149688826	96.99
8	149734102	97.0
8	149790298	97.01
8	149799099	97.01
8	149892306	97.01
8	149935848	97.02
8	149972198	97.04
8	149976592	97.04
8	150006558	97.05
8	150011969	97.05
8	150017199	97.05
8	150294428	97.06
8	150302035	97.06
8	150383264	97.07
8	150388447	97.07
8	150439130	97.07
8	150663944	97.08
8	150720026	97.1
8	150758338	97.12
8	150810249	97.15
8	150949554	97.2
8	151034122	97.21
8	151083736	97.22
8	151127545	97.24
8	151144784	97.25
8	151321190	97.28
8	151514288	97.3
8	151554784	97.35
8	151606522	97.36
8	151780256	97.38
8	151859008	97.39
8	151947988	97.4
8	151991178	97.45
8	152055937	97.48
8	152122084	97.5
8	152342016	97.52
8	152352948	97.52
8	152364261	97.53
8	152519165	97.55
8	152572646	97.55
8	152686454	97.55
8	152793397	97.55
8	152928518	97.56
8	152936312	97.56
8	152976174	97.56
8	153108222	97.57
8	153126766	97.57
8	153164076	97.57
8	153208220	97.57
8	153345280	97.58
8	153511388	97.58
8	153566830	97.59
8	153716155	97.59
8	153719066	97.59
8	153738006	97.6
8	153819938	97.62
8	153821118	97.62
8	153843166	97.62
8	153860044	97.63
8	153920242	97.64
8	153938746	97.64
8	153982298	97.65
8	154069600	97.65
8	154075381	97.65
8	154100740	97.67
8	154203616	97.69
8	154219768	97.7
8	154303061	97.8
8	154496570	98.0
8	154504798	98.04
8	154508745	98.05
8	154726019	98.07
8	154804982	98.08
8	154809075	98.1
8	154841882	98.12
8	154954788	98.14
8	154995137	98.15
8	155026331	98.15
8	155029696	98.15
8	155146461	98.16
8	155196060	98.18
8	155256888	98.19
8	155284123	98.2
8	155374248	98.21
8	155531566	98.22
8	155581927	98.23
8	155676680	98.23
8	155743030	98.23
8	155847814	98.24
8	155979566	98.24
8	156057762	98.24
8	156076506	98.25
8	156083563	98.25
8	156199854	98.26
8	156248586	98.26
8	156425922	98.26
8	156553406	98.27
8	156558020	98.27
8	156667266	98.28
8	156677918	98.28
8	156716910	98.28
8	156733562	98.29
8	156737616	98.29
8	156854456	98.3
8	156926554	98.3
8	156939700	98.3
8	156983004	98.31
8	156996296	98.32
8	157055718	98.35
8	157106255	98.36
8	157372833	98.4
8	157405140	98.4
8	157456708	98.41
8	157561414	98.42
8	157619098	98.43
8	157706022	98.43
8	157815432	98.43
8	157925829	98.44
8	158033198	98.45
8	158060890	98.45
8	158081328	98.46
8	158196630	98.5
8	158301742	98.52
8	158436724	98.55
8	158510267	98.6
8	158570536	98.62
8	158641022	98.64
8	158698838	98.66
8	158729074	98.66
8	159041220	98.68
8	159078336	98.7
8	159139310	98.72
8	159327062	98.78
8	159331551	98.8
8	159459940	99.0
8	159473999	99.02
8	159516747	99.05
8	159627917	99.18
8	159671616	99.2
8	159681505	99.22
8	159862572	99.24
8	159867804	99.25
8	159912620	99.26
8	159946990	99.3
8	159984668	99.32
8	159992514	99.36
8	160036182	100.96
8	160060096	100.98
8	160066006	101.0
8	162030684	101.2
8	162286962	101.22
8	162293147	101.26
8	162419828	102.6
8	162523298	102.62
8	162544203	102.64
8	162597802	102.65
8	162611375	102.68
8	162636572	102.7
8	162642425	102.71
8	162650354	102.73
8	162760245	102.75
8	162808403	102.75
8	162820968	102.75
8	162823758	102.75
8	162893166	102.77
8	162896872	102.77
8	162901560	102.77
8	162969780	102.78
8	162971997	102.78
8	163006128	102.79
8	163067826	102.8
8	163108454	102.8
8	163118874	102.81
8	163184614	102.81
8	163278878	102.82
8	163350628	102.83
8	163353988	102.84
8	163401137	102.86
8	163482064	102.86
8	163553452	102.87
8	163557959	102.87
8	163568622	102.87
8	163582884	102.88
8	163594471	102.88
8	163632864	102.88
8	163856052	102.89
8	163906629	102.89
8	163930840	102.89
8	164020414	102.9
8	164144588	102.92
8	164152292	102.93
8	164166850	102.93
8	164171951	102.93
8	164286150	102.94
8	164478770	102.94
8	164793448	102.95
8	164968798	102.97
8	165114959	102.97
8	165191335	102.98
8	165222227	102.99
8	165229815	103.0
8	165290496	103.02
8	165302962	103.15
8	165399232	103.24
8	165400547	103.25
8	165463656	103.25
8	165584500	103.26
8	165594504	103.27
8	165601486	103.27
8	165609818	103.28
8	165656398	103.28
8	165669082	103.28
8	165718530	103.28
8	165785093	103.29
8	165896297	103.29
8	165901218	103.3
8	165945182	103.31
8	165950738	103.31
8	165955541	103.31
8	166030980	103.32
8	166034918	103.32
8	166125184	103.33
8	166136240	103.33
8	166192981	103.35
8	166331250	103.36
8	166460698	103.4
8	166470546	103.42
8	166527461	103.48
8	166565281	103.48
8	166605046	103.49
8	166609995	103.49
8	166617638	103.49
8	166630941	103.5
8	166632858	103.5
8	166644270	103.5
8	166664674	103.52
8	166751514	103.6
8	166805710	103.62
8	166821392	103.7
8	166864065	103.76
8	166890354	103.89
8	166895342	103.91
8	167066247	103.93
8	167206642	103.96
8	167259986	104.0
8	167343194	105.0
8	167358516	105.02
8	167413708	105.6
8	167426398	105.62
8	167520683	106.0
8	167689905	106.1
8	167765608	106.14
8	167834020	106.8
8	167853147	106.81
8	167874270	106.81
8	167939372	106.82
8	168029655	106.83
8	168045394	106.86
8	168068511	106.86
8	168080752	106.87
8	168100192	106.88
8	168158586	106.9
8	168222798	106.98
8	168238228	107.0
8	168246135	107.02
8	168344956	107.1
8	168396843	107.2
8	168488483	107.22
8	168498106	107.23
8	168512791	107.24
8	168536239	107.25
8	168551047	107.3
8	168821450	107.84
8	168840938	107.86
8	168845776	107.88
8	168867478	107.9
8	168887774	108.0
8	169059304	108.05
8	169061816	108.06
8	169065727	108.06
8	169098074	108.07
8	169105890	108.07
8	169141158	108.07
8	169150118	108.09
8	169160910	108.1
8	169270691	108.12
8	169299948	108.14
8	169407191	108.2
8	169508134	108.26
8	169519042	108.32
8	169571656	108.38
8	169578242	108.4
8	169596952	108.5
8	169659944	108.51
8	169738326	108.52
8	169744696	108.52
8	169795464	108.53
8	169801782	108.53
8	169865992	108.54
8	169909238	108.54
8	169932392	108.55
8	169940902	108.55
8	169961326	108.55
8	170004768	108.56
8	170010774	108.56
8	170025836	108.56
8	170153841	108.7
8	170165492	108.72
8	170178244	108.73
8	170185150	108.74
8	170287393	108.75
8	170308504	108.76
8	170337641	108.78
8	170360626	108.8
8	170461930	109.9
8	170471128	109.92
8	170477550	110.0
8	170655894	110.3
8	170677064	110.4
8	170723604	110.48
8	170736002	110.5
8	170813132	110.7
8	170842476	110.72
8	170852556	110.8
8	170868196	110.82
8	170912820	111.0
8	171154576	111.74
8	171208412	111.78
8	171214765	111.9
8	171219075	112.0
8	171300376	112.06
8	171304952	112.08
8	171327271	112.8
8	171335502	112.83
8	171366492	112.85
8	171376586	112.89
8	171405348	112.9
8	171409873	113.0
8	171455101	113.04
8	171633814	113.07
8	171640494	113.1
8	171658166	113.2
8	171676004	113.22
8	171712587	113.3
8	171744044	113.76
8	171751056	113.78
8	171759866	113.81
8	171824082	113.83
8	171877020	113.86
8	171883306	113.88
8	172023352	113.92
8	172035700	113.98
8	172061484	114.0
8	172073900	114.04
8	172165518	114.08
8	172199974	114.1
8	172217178	114.86
8	172252258	114.9
8	172318364	114.96
8	172368172	115.0
8	172503298	115.04
8	172517142	115.06
8	172603018	116.0
8	172627356	116.02
8	172706013	116.2
8	172760308	116.25
8	172905082	116.31
8	172972477	116.8
8	173001662	116.85
8	173019812	116.87
8	173058815	117.0
8	173087883	117.14
8	173107183	117.16
8	173119260	117.17
8	173126374	117.18
8	173147054	117.19
8	173154228	117.2
8	173313972	117.98
8	173322712	118.0
8	173329699	118.01
8	173336914	118.02
8	173424795	118.34
8	173447198	118.4
8	173540216	118.78
8	173613960	118.8
8	173685302	118.98
8	173688404	119.0
8	173749204	119.5
8	173814974	120.0
8	173909572	120.28
8	173938460	120.3
8	173982375	120.38
8	173984301	120.4
8	173994435	120.42
8	174002009	120.44
8	174065919	120.5
8	174092410	120.6
8	174093552	120.62
8	174197112	120.7
8	174202650	120.72
8	174211856	120.74
8	174271172	120.77
8	174305499	120.8
8	174314939	120.82
8	174331956	120.84
8	174359088	120.88
8	174396093	120.9
8	174410898	120.91
8	174430658	120.92
8	174482850	120.95
8	174500746	120.97
8	174516722	120.98
8	174522809	121.0
8	174532008	121.02
8	174554322	121.06
8	174582946	121.1
8	174660686	121.4
8	174703460	121.6
8	174719322	121.62
8	174805107	122.0
8	174807409	122.43
8	174812508	122.44
8	174867670	122.47
8	174964910	122.5
8	175001474	122.6
8	175185868	122.76
8	175247440	122.8
8	175255607	122.82
8	175322638	123.0
8	175407854	123.04
8	175421354	123.42
8	175425374	123.44
8	175431294	123.48
8	175436534	123.5
8	175488115	123.6
8	175548948	123.68
8	175553672	123.7
8	175615628	124.0
8	175630862	124.04
8	175632649	124.06
8	175724458	126.44
8	175741442	126.5
8	175848942	126.6
8	175868244	126.66
8	175873524	126.68
8	175888572	126.7
8	175977079	126.84
8	176037306	127.0
8	176042622	127.02
8	176090884	127.28
8	176107306	127.3
8	176132404	127.33
8	176137976	127.35
8	176223228	127.4
8	176227476	127.45
8	176299119	127.6
8	176328955	127.63
8	176436291	127.7
8	176522941	128.0
8	176524872	128.02
8	176550791	128.55
8	176584734	128.7
8	176596184	128.72
8	176615349	128.75
8	176650277	128.79
8	176699844	128.83
8	176713270	129.9
8	176764958	130.0
8	176783357	130.38
8	176819356	130.4
8	176829690	130.6
8	176832802	130.62
8	176850536	131.4
8	176878916	131.5
8	176950556	131.67
8	177111531	131.8
8	177129190	131.83
8	177156404	131.88
8	177188248	131.9
8	177227414	131.92
8	177261774	132.0
8	177278113	132.02
8	177302876	132.04
8	177316715	132.06
8	177336957	132.08
8	177359939	132.1
8	177362348	132.12
8	177376292	132.14
8	177450538	132.16
8	177514458	132.4
8	177631202	132.94
8	177643186	132.96
8	177677700	133.0
8	177729998	133.96
8	177748448	134.05
8	177772693	134.1
8	177835136	134.16
8	177894597	134.2
8	177905335	134.3
8	177911403	134.35
8	177937788	134.4
8	178026237	134.53
8	178032542	134.55
8	178063958	135.02
8	178067815	135.03
8	178072224	135.04
8	178079929	135.06
8	178090728	135.07
8	178097171	135.08
8	178104766	135.08
8	178127588	135.09
8	178138876	135.09
8	178148238	135.1
8	178206150	136.18
8	178279476	136.5
8	178292255	136.73
8	178296875	137.56
8	178300674	137.58
8	178309778	137.6
8	178317466	137.61
8	178330428	137.62
8	178342774	137.62
8	178349783	137.64
8	178387852	137.7
8	178401620	137.7
8	178414824	137.71
8	178423240	137.73
8	178428994	137.74
8	178482959	137.74
8	178501682	137.74
8	178522608	137.75
8	178545653	137.75
8	178548816	137.75
8	178558702	137.76
8	178658714	137.78
8	178665560	137.79
8	178673044	137.79
8	178771950	137.8
8	178779422	137.82
8	178911871	137.96
8	178930430	138.0
8	178961195	138.4
8	178977791	138.44
8	179053918	139.0
8	179057988	139.04
8	179270136	141.04
8	179315198	141.06
8	179335126	141.08
8	179366898	141.12
8	179441298	141.14
8	179500840	141.2
8	179534436	141.29
8	179538792	141.3
8	179545414	141.4
8	179550472	141.42
8	179561950	141.5
8	179576174	141.52
8	179590972	141.54
8	179618419	141.6
8	179657289	142.25
8	179666838	142.88
8	179704512	143.5
8	179754472	144.0
8	179780393	144.96
8	179858192	144.98
8	179870892	144.99
8	179892282	145.0
8	179896746	145.02
8	179901722	145.58
8	179945994	145.6
8	179955878	149.1
8	179958686	149.12
8	179986096	150.0
8	179993338	150.02
8	180034536	150.04
8	180045335	150.06
8	180080752	150.08
8	180127601	150.96
8	180195094	150.98
8	180206178	151.0
8	180288534	152.0
8	180298678	152.28
8	180305404	152.3
8	180328460	152.4
8	180341486	152.5
8	180354168	152.52
8	180365211	153.5
8	180375907	153.52
8	180419832	155.0
8	180427526	155.02
8	180429942	155.04
8	180468628	155.4
8	180555130	155.4
8	180670080	155.41
8	180711173	155.41
8	180744098	155.42
8	180765905	155.43
8	180786118	155.43
8	180799695	155.43
8	180818491	155.43
8	180822588	155.43
8	180874717	155.44
8	180921132	155.45
8	180926238	155.51
8	181003447	155.55
8	181118014	155.76
8	181274406	155.8
8	181471676	156.0
8	181575512	156.02
8	181583248	156.03
8	181605466	156.04
8	181677585	156.06
8	181727716	158.1
8	181858974	158.2
8	181878544	158.28
8	181901943	158.3
8	182033566	158.36
8	182065669	158.38
8	182118650	158.4
8	182155498	158.44
8	182223106	158.8
8	182260656	159.0
9	1797399	0.0
9	2066196	0.04
9	2328793	0.1
9	2382250	0.13
9	2404312	0.14
9	2479338	0.14
9	2617038	0.14
9	2742358	0.14
9	2755048	0.15
9	2826030	0.15
9	2843855	0.2
9	2947068	0.21
9	2962978	0.22
9	3048141	0.23
9	3152460	0.25
9	3304110	0.29
9	3415605	0.6
9	3480543	0.62
9	3540948	0.64
9	3563339	0.66
9	3634466	0.7
9	3679293	0.78
9	3695818	0.8
9	3768928	0.82
9	3821892	0.83
9	3900947	0.84
9	3912110	0.84
9	4040391	0.88
9	4109488	0.9
9	4481932	1.0
9	4619632	1.23
9	4642713	1.25
9	4994104	1.26
9	5146642	1.6
9	5192538	1.62
9	5221324	1.8
9	5299122	2.0
9	5577132	3.0
9	5584686	3.01
9	5597278	3.03
9	5622676	3.06
9	5694220	4.3
9	5794894	4.43
9	5954672	5.25
9	6034856	5.27
9	6140428	5.29
9	6147894	5.33
9	6307012	5.86
9	6310077	5.88
9	6312798	5.9
9	6387970	5.98
9	6393767	6.0
9	6639750	6.4
9	6731580	6.7
9	6774994	6.9
9	6792086	7.0
9	6982596	7.2
9	7222529	7.5
9	7531757	7.88
9	7619948	7.96
9	7686582	8.0
9	7776700	8.4
9	7800073	8.42
9	7987568	8.48
9	8038130	8.5
9	8275182	8.98
9	8355038	9.0
9	8365356	9.5
9	8429310	9.52
9	8448234	9.6
9	8516422	9.62
9	8518125	9.64
9	8536958	10.88
9	8557720	10.9
9	8592047	11.0
9	8842376	12.0
9	8912568	12.1
9	8917959	12.11
9	8960884	12.15
9	9019034	12.2
9	9117491	12.3
9	9278831	12.5
9	9426386	12.6
9	9478616	13.0
9	9614346	13.14
9	9670140	13.18
9	9752613	15.76
9	9801305	15.8
9	9807392	15.81
9	9992039	15.83
9	10090707	15.86
9	10129618	15.89
9	10298480	15.9
9	10321378	15.94
9	10768505	16.02
9	10778908	16.04
9	10895554	16.06
9	10991490	16.12
9	10999972	16.14
9	11097601	16.16
9	11117722	16.18
9	11189976	16.3
9	11279424	16.32
9	11295688	16.34
9	11326805	16.36
9	11369023	16.38
9	11460964	17.1
9	11617510	17.14
9	11660442	17.16
9	11673535	17.18
9	11948168	17.26
9	12137504	18.16
9	12170986	18.2
9	12396464	18.7
9	12411606	19.0
9	12454272	19.0
9	12552770	19.1
9	12564584	19.2
9	12568754	19.22
9	12665410	19.26
9	12764454	19.28
9	12794838	20.06
9	12841004	20.08
9	12846884	20.3
9	12874622	20.58
9	12905898	21.0
9	12971190	21.04
9	13049034	21.06
9	13076012	21.08
9	13085642	21.8
9	13091728	21.83
9	13121235	22.53
9	13124762	22.55
9	13249337	22.58
9	13254216	22.6
9	13374401	22.66
9	13459987	23.0
9	13650314	23.46
9	13654685	23.48
9	13685045	23.5
9	13690372	23.6
9	13693481	23.89
9	13699496	23.93
9	13715610	23.95
9	13786017	23.97
9	13973202	23.99
9	13993819	23.99
9	14092539	24.0
9	14150610	24.94
9	14154415	24.96
9	14276000	24.98
9	14285082	25.0
9	14301216	25.02
9	14393780	25.2
9	14399591	25.22
9	14589893	25.28
9	14772886	25.48
9	14782804	25.5
9	14785350	25.6
9	15002856	26.4
9	15034738	26.45
9	15295768	27.05
9	15314432	27.1
9	15330135	27.12
9	15471764	27.16
9	15483354	27.18
9	15498836	27.2
9	15567052	27.26
9	15587830	27.3
9	15723134	27.48
9	15727610	27.5
9	15773367	27.52
9	15883454	27.54
9	15894008	28.0
9	16105682	29.0
9	16108338	29.02
9	16137118	29.18
9	16189282	29.2
9	16423134	29.46
9	16444152	29.5
9	16506910	29.9
9	16509955	30.0
9	16516544	30.02
9	16662877	30.9
9	16775802	31.0
9	16920472	31.1
9	17018557	31.44
9	17206049	31.44
9	17233586	31.45
9	17534989	31.49
9	17607648	31.52
9	17621196	31.54
9	17624238	31.6
9	17666401	31.62
9	17740438	31.64
9	17876377	32.0
9	17878826	32.1
9	17929148	32.6
9	17959603	32.78
9	17964095	32.79
9	17968353	32.8
9	18071936	32.82
9	18119526	32.83
9	18128040	32.85
9	18135459	32.87
9	18297324	32.89
9	18321396	32.98
9	18353494	33.0
9	18361869	33.4
9	18373962	33.42
9	18409555	33.44
9	18437792	33.45
9	18469680	33.96
9	18494838	34.0
9	18541459	34.02
9	18639446	34.2
9	18652728	34.23
9	18654110	34.23
9	18662630	34.27
9	18887720	34.84
9	18965149	34.86
9	19061292	34.9
9	19117466	34.94
9	19315078	35.0
9	19325174	35.1
9	19341229	35.2
9	19345632	35.22
9	19403588	35.28
9	19425423	35.3
9	19521138	35.44
9	19597446	35.5
9	19646899	35.6
9	19650008	35.62
9	19834998	35.88
9	19840660	35.9
9	19917854	35.92
9	19950112	35.93
9	19978831	35.93
9	19992827	35.94
9	20060638	35.96
9	20068741	36.0
9	20080581	36.04
9	20240730	36.4
9	20305182	36.44
9	20433602	36.8
9	20445128	36.98
9	20448032	37.0
9	20583798	38.25
9	20688851	38.3
9	20702866	38.98
9	20708646	39.0
9	20830489	41.0
9	20834510	41.0
9	20842545	41.01
9	20848588	41.02
9	20857205	41.04
9	20966587	41.18
9	20971482	41.2
9	21042906	41.21
9	21051061	41.21
9	21096730	41.22
9	21101170	41.23
9	21120946	41.24
9	21126232	41.26
9	21129364	41.27
9	21162334	41.3
9	21190440	41.41
9	21196890	41.42
9	21430375	41.48
9	21438303	41.5
9	21497486	41.54
9	21774147	41.86
9	21779104	41.88
9	21784366	41.9
9	21936786	41.92
9	21995942	41.93
9	22076855	41.94
9	22142392	41.95
9	22152250	41.95
9	22183475	41.95
9	22284336	41.97
9	22303772	41.99
9	22314576	42.0
9	22318406	42.02
9	22325825	42.4
9	22451628	42.5
9	22468191	42.55
9	22474417	42.57
9	22518516	42.59
9	22552232	42.6
9	22601834	42.78
9	22605185	42.8
9	22680662	42.98
9	22686726	43.0
9	22732775	43.4
9	22989224	43.45
9	23444740	44.5
9	23541338	44.7
9	23600436	45.0
9	23663958	45.04
9	23718064	45.98
9	23817895	46.0
9	23910323	46.3
9	23956776	46.4
9	24018810	46.44
9	24098022	46.7
9	24350424	46.84
9	24555642	46.98
9	24560080	47.0
9	24662556	47.02
9	25038290	47.83
9	25128746	47.93
9	25174830	47.97
9	25342947	48.3
9	25418542	48.93
9	25635454	48.98
9	25651256	49.0
9	25654230	49.01
9	25715716	49.1
9	25866567	49.5
9	25967850	49.52
9	25979046	49.9
9	26081826	49.9
9	26089150	49.9
9	26283922	49.9
9	26288384	49.91
9	26395512	49.91
9	26403008	49.91
9	26411096	49.91
9	26419886	49.91
9	26485206	49.91
9	26587802	49.91
9	26644494	49.92
9	26944550	49.92
9	27017662	49.92
9	27050090	49.92
9	27056188	49.92
9	27073786	49.93
9	27232984	49.93
9	27238958	49.93
9	27243220	49.94
9	27247184	49.94
9	27256610	49.95
9	27306522	49.95
9	27535986	49.97
9	27589124	49.98
9	27728481	50.49
9	27738173	50.5
9	27831342	50.58
9	27835531	50.59
9	27838041	50.6
9	27841288	50.62
9	27879502	50.65
9	27941202	50.66
9	28191024	50.67
9	28308802	50.68
9	28487758	50.7
9	28493600	50.72
9	28592680	50.8
9	28604942	50.9
9	28614992	51.1
9	28630749	51.5
9	28653679	51.6
9	28780533	52.0
9	28850549	52.07
9	28852700	52.07
9	28963574	52.24
9	28974494	52.26
9	28977648	52.27
9	29034958	52.3
9	29136558	52.36
9	29141330	52.41
9	29218452	52.43
9	29223834	52.45
9	29288798	52.5
9	29381101	52.88
9	29498876	52.9
9	29989580	53.89
9	30041084	53.95
9	30082804	54.01
9	30386560	54.85
9	30417747	54.87
9	30499086	55.03
9	30610400	55.1
9	30616411	55.11
9	30840560	55.12
9	30850756	55.13
9	30852910	55.14
9	30978162	55.14
9	31219672	55.16
9	31476098	55.16
9	32144308	55.17
9	32173560	55.17
9	32287626	55.17
9	32447882	55.17
9	32756338	55.18
9	32763962	55.18
9	32948204	55.19
9	33050482	55.19
9	33198038	55.19
9	33586530	55.2
9	34001889	55.2
9	34081284	55.2
9	34233746	55.2
9	34485717	55.2
9	34630182	55.21
9	34685372	55.21
9	34741580	55.21
9	35153152	55.22
9	35692326	55.3
9	35696346	55.31
9	35942344	55.42
9	36447616	55.44
9	36542056	55.44
9	36594342	55.44
9	36683903	55.44
9	36760361	55.44
9	36875362	55.45
9	36991944	55.45
9	37032358	55.46
9	37053132	55.48
9	37128106	55.5
9	37169682	55.52
9	37503796	55.8
9	37569426	55.81
9	37955900	56.0
9	38084796	56.01
9	38203410	56.02
9	38292723	56.03
9	38312842	56.03
9	38350364	56.03
9	38819066	56.04
9	39162756	56.05
9	39803648	56.06
9	39964798	56.06
9	39973160	56.07
9	40129622	56.07
9	40283570	56.07
9	40698070	56.08
9	40719301	56.09
9	40831954	56.1
9	40966563	56.1
9	41152828	56.11
9	41287058	56.12
9	41828182	56.13
9	41990836	56.13
9	42822401	56.14
9	43136789	56.14
9	43683024	56.15
9	44054863	56.16
9	44486592	56.17
9	44583628	56.18
9	44800648	56.19
9	44804278	56.19
9	45274120	56.2
9	45281499	56.21
9	45341109	56.23
9	45350954	56.24
9	46145887	56.3
9	46178006	56.32
9	46392008	56.38
9	46395156	56.4
9	46833185	56.48
9	46931183	56.5
9	47092022	56.5
9	47148262	56.5
9	47332845	56.51
9	47338104	56.51
9	47591428	56.52
9	47805706	56.53
9	47972656	56.54
9	47977498	56.56
9	47978668	56.56
9	48011130	56.58
9	48190074	56.58
9	48859388	56.58
9	49097180	56.59
9	49286302	56.59
9	49343836	56.59
9	49398129	56.59
9	49601780	56.6
9	49771538	56.6
9	49812553	56.6
9	50126100	56.61
9	50237119	56.61
9	50384292	56.62
9	50835774	56.62
9	50994766	56.63
9	51592700	56.63
9	52193256	56.63
9	52242416	56.63
9	52485524	56.63
9	52670076	56.64
9	52819198	56.64
9	52871016	56.64
9	52937868	56.64
9	52987160	56.64
9	53083298	56.64
9	54604169	56.65
9	54870876	56.65
9	54897692	56.65
9	54903146	56.65
9	55168506	56.65
9	55255624	56.65
9	55554526	56.66
9	56351923	56.66
9	56917126	56.66
9	57436019	56.66
9	58112084	56.67
9	59389933	56.67
9	60209192	56.67
9	61768621	56.67
9	62431662	56.67
9	62549724	56.67
9	62606308	56.67
9	63703744	56.68
9	63713366	56.68
9	64526204	56.69
9	64752784	56.69
9	64976169	56.7
9	65179610	56.7
9	65337409	56.7
9	65579244	56.71
9	65946664	56.71
9	66113020	56.71
9	67063644	56.72
9	67138832	56.72
9	67143416	56.72
9	67453996	56.73
9	67813811	56.73
9	67934610	56.73
9	68212601	56.74
9	68439850	56.74
9	68982610	56.75
9	69024604	56.75
9	69129196	56.75
9	69230052	56.75
9	69380668	56.76
9	69947498	56.77
9	70377069	56.77
9	70445403	56.78
9	70877820	56.78
9	70894662	56.79
9	70929766	56.8
9	71238528	56.81
9	71279581	56.82
9	71500064	56.82
9	71797286	56.82
9	72216678	56.83
9	72301256	56.83
9	72395855	56.84
9	72406905	56.84
9	72648002	56.84
9	73820228	56.84
9	74023140	56.85
9	74126698	56.86
9	74301566	56.86
9	74926885	56.87
9	75108140	56.87
9	75237528	56.89
9	75670224	56.92
9	75843896	56.93
9	76409240	56.94
9	76764803	56.95
9	76926729	56.95
9	77814246	56.95
9	78462126	56.96
9	79149749	56.97
9	79305990	56.98
9	79406954	56.98
9	79513765	56.99
9	80427589	57.0
9	80578740	57.0
9	80658476	57.0
9	80949971	57.04
9	81246462	57.1
9	81481178	57.2
9	81494848	57.21
9	81614976	57.22
9	81656410	57.24
9	81965396	57.28
9	82195326	57.28
9	82308120	57.28
9	82469020	57.28
9	82703774	57.29
9	82882434	57.29
9	83314634	57.29
9	83397498	57.29
9	83535957	57.3
9	83817988	57.31
9	84055728	57.34
9	84314112	57.36
9	84614002	57.38
9	84922714	57.39
9	85426596	57.42
9	85690660	57.45
9	85830215	57.47
9	86248909	57.51
9	86522828	57.51
9	86841468	57.51
9	86850451	57.51
9	87202930	57.52
9	87354262	57.54
9	87623884	57.54
9	88029508	57.55
9	88650441	57.58
9	89295198	57.59
9	89411468	57.6
9	89470046	57.62
9	89579910	57.63
9	90228882	57.68
9	90594146	57.69
9	90931828	57.7
9	91329074	57.71
9	91623804	57.72
9	91726818	57.75
9	91986112	57.95
9	92189054	58.0
9	92394345	58.1
9	92464522	58.9
9	92591326	59.0
9	92693872	59.01
9	92801566	59.02
9	92898673	59.1
9	93337994	59.16
9	93435556	59.18
9	93506176	59.2
9	93573195	59.21
9	93779881	59.23
9	93855020	59.24
9	93978608	59.27
9	94035098	59.28
9	94039865	59.28
9	94128235	59.3
9	94267006	59.35
9	94321362	59.4
9	94353246	59.42
9	94537276	59.46
9	94726246	59.48
9	94825082	59.5
9	94935045	59.8
9	95040378	60.1
9	95137526	60.11
9	95148726	60.13
9	95303219	60.14
9	95363748	60.15
9	95377493	60.15
9	95416348	60.16
9	95459836	60.17
9	95695026	60.18
9	95710474	60.18
9	96169228	60.19
9	96171941	60.19
9	96311362	60.2
9	96317390	60.2
9	96579597	60.22
9	96748320	60.23
9	97095084	60.24
9	97345287	60.26
9	97648238	60.27
9	97676714	60.28
9	97680396	60.28
9	97752748	60.3
9	97811714	60.31
9	97816241	60.32
9	97883028	60.34
9	97888928	60.35
9	98007850	60.36
9	98192978	60.4
9	98244047	60.42
9	98476312	60.44
9	98700676	60.45
9	98791742	60.47
9	99143296	60.5
9	99332494	60.53
9	99363865	60.55
9	99509138	60.7
9	99583706	60.75
9	99677232	60.8
9	99810287	60.9
9	99908792	61.0
9	100364956	61.01
9	100748350	61.02
9	101045924	61.03
9	101305514	61.1
9	101493162	61.14
9	101500360	61.16
9	101549432	61.2
9	101556364	61.2
9	101708082	61.5
9	102021859	61.98
9	102025446	62.0
9	102337154	62.06
9	102352155	62.7
9	102553192	62.74
9	102590746	62.75
9	102709612	62.75
9	102712462	62.75
9	102747514	62.75
9	102853690	62.76
9	102917980	62.77
9	103051992	62.78
9	103067422	63.0
9	103293278	63.01
9	103796168	63.03
9	103811452	63.03
9	103983422	63.04
9	103986888	63.04
9	103991050	63.04
9	104083862	63.05
9	104192179	63.06
9	104215212	63.07
9	104320572	63.08
9	104335892	63.1
9	104389592	63.14
9	104595662	63.16
9	104685550	63.38
9	104733566	63.4
9	104759904	63.42
9	104900876	63.5
9	104953509	63.51
9	104988914	63.52
9	104999768	63.52
9	105146290	63.53
9	105203643	63.55
9	105458414	63.57
9	105514890	63.57
9	105634664	63.59
9	105640593	63.59
9	105848248	63.6
9	105942946	63.7
9	106010658	63.78
9	106017026	63.8
9	106076020	63.81
9	106123218	63.81
9	106209298	63.82
9	106218876	63.82
9	106255454	63.83
9	106321730	63.84
9	106425494	63.85
9	106551764	63.85
9	106617718	63.86
9	106680704	63.86
9	106740462	63.87
9	106787170	63.89
9	106833719	63.91
9	107048517	63.93
9	107051094	63.94
9	107133994	63.95
9	107453756	63.98
9	107555972	64.0
9	107718983	64.01
9	107779747	64.02
9	107818846	64.02
9	108062075	64.03
9	108065934	64.03
9	108134080	64.03
9	108137623	64.03
9	108323564	64.12
9	108345734	64.14
9	108441568	64.15
9	108582678	64.28
9	108640198	64.3
9	108652990	64.32
9	108720742	64.33
9	108725394	64.34
9	108908058	64.34
9	109227223	64.35
9	109388560	64.37
9	109601210	64.38
9	109815496	64.4
9	110113774	64.46
9	110184248	64.5
9	110227109	64.52
9	110303681	64.55
9	110307452	64.57
9	110315696	64.59
9	110336680	64.59
9	110339222	64.59
9	110423954	64.6
9	110483419	64.62
9	110498597	64.64
9	110546116	64.7
9	110648380	64.78
9	110652657	64.8
9	110656559	64.82
9	110753446	64.9
9	110920729	65.0
9	111196572	66.28
9	111322176	66.3
9	111343771	66.4
9	111750620	66.48
9	111775910	66.5
9	111885768	66.65
9	111901096	66.66
9	112082733	66.7
9	112157928	66.72
9	112215737	67.08
9	112266098	67.1
9	112545999	67.12
9	112743366	67.54
9	112797384	67.6
9	112886188	67.7
9	112919010	67.73
9	113015516	67.8
9	113328213	68.1
9	113517718	68.2
9	113593019	68.2
9	113778540	68.21
9	113786410	68.25
9	114031198	68.28
9	114093890	68.3
9	114213750	68.37
9	114581520	69.4
9	114858638	69.7
9	114924469	69.8
9	115058194	69.93
9	115061726	69.94
9	115242277	69.97
9	115322712	69.99
9	115335856	69.99
9	115414787	70.0
9	115464179	70.1
9	115471454	70.12
9	115599737	70.2
9	115609332	70.24
9	115791764	70.6
9	115964346	71.0
9	116108079	71.22
9	116150454	71.41
9	116158154	71.43
9	116219959	71.45
9	116331630	71.5
9	116382646	71.51
9	116556352	71.52
9	117053126	71.7
9	117219064	71.71
9	117233320	71.72
9	117247139	71.73
9	117335456	71.74
9	117454510	71.74
9	117520476	71.75
9	117633062	71.76
9	117791660	71.76
9	118103740	71.77
9	118239625	71.78
9	118245638	71.78
9	118408872	71.79
9	118436496	71.82
9	118458665	71.84
9	118567448	71.88
9	118618780	71.9
9	118666138	72.0
9	118855997	72.76
9	118925216	72.8
9	118930274	72.82
9	118935164	72.84
9	119067072	72.98
9	119202928	73.0
9	119314558	73.01
9	119320656	73.01
9	119340379	73.02
9	119444328	73.02
9	119602409	73.03
9	119702548	73.1
9	119707900	73.11
9	119904481	73.12
9	120002964	73.13
9	120137329	73.15
9	120179622	73.16
9	120535534	73.17
9	120541312	73.17
9	120582456	73.18
9	120603516	73.18
9	120611738	73.19
9	120694810	73.2
9	120700624	73.22
9	120765040	73.28
9	120795530	73.3
9	120875176	73.38
9	120961884	73.45
9	121169424	73.5
9	121196286	73.52
9	121457867	74.5
9	121484590	74.52
9	121578186	74.53
9	121732275	74.56
9	121917578	74.6
9	121985965	74.64
9	122334406	74.8
9	122437444	74.9
9	122464186	74.92
9	122661890	75.0
9	122673087	75.01
9	122784886	75.04
9	122807698	75.05
9	122830088	75.1
9	122889539	75.14
9	122992334	76.0
9	123432317	76.03
9	123474390	76.04
9	123498980	76.06
9	123522246	76.08
9	123737924	76.11
9	123741894	76.12
9	123853913	76.14
9	123919956	76.2
9	124150706	76.22
9	124349869	76.25
9	124625990	76.28
9	124657182	76.29
9	124750998	76.32
9	124756994	76.36
9	124767243	76.38
9	124773493	76.4
9	124880640	76.44
9	124938998	76.55
9	124986626	76.7
9	124992642	76.72
9	125080488	76.98
9	125133950	77.0
9	125251331	77.02
9	125318804	77.03
9	125354852	77.05
9	125393772	77.2
9	125522274	77.24
9	125578771	77.27
9	125648657	77.28
9	125669155	77.29
9	125788184	77.3
9	125794433	77.31
9	125843084	77.32
9	125945464	77.33
9	126077656	77.33
9	126176430	77.34
9	126217621	77.37
9	126299845	77.38
9	126320198	77.4
9	126374060	77.4
9	126434886	77.42
9	127063880	77.44
9	127170605	77.48
9	127188762	77.5
9	127299136	77.56
9	127304116	77.58
9	127312794	77.6
9	127399826	77.62
9	127653709	77.78
9	127676688	77.8
9	127717882	77.84
9	127788638	77.86
9	127812033	77.88
9	128111230	78.0
9	128149102	78.02
9	128190336	78.2
9	128425264	78.28
9	128431310	78.3
9	128441572	78.31
9	128524004	78.33
9	128560186	78.36
9	128637671	78.37
9	128679056	78.39
9	128905376	78.4
9	128932800	78.4
9	128995255	78.41
9	129095939	78.42
9	129104962	78.43
9	129326424	78.44
9	129341032	78.45
9	129429938	78.45
9	129480792	78.46
9	129730632	78.5
9	129860621	78.53
9	129872987	78.54
9	129939676	78.56
9	129946016	78.56
9	130026034	78.58
9	130272442	78.58
9	130385364	78.7
9	130480166	78.76
9	130487258	78.78
9	130631604	78.8
9	130640878	78.82
9	130680434	78.96
9	130686922	79.0
9	130846652	79.1
9	130891152	79.2
9	130997609	79.21
9	131017164	79.21
9	131091742	79.22
9	131152846	79.23
9	131281693	79.24
9	131546837	79.24
9	131602630	79.25
9	131613780	79.26
9	131684516	79.26
9	131722086	79.26
9	131930081	79.27
9	132027701	79.33
9	132136823	79.4
9	132226366	79.6
9	132291454	79.68
9	132323408	79.7
9	132403879	79.77
9	132447292	80.0
9	132451170	80.05
9	132597431	80.1
9	132690268	80.15
9	132696706	80.15
9	132715584	80.16
9	132780586	80.16
9	132992408	80.17
9	133073639	80.18
9	133096601	80.19
9	133096745	80.19
9	133132749	80.2
9	133161020	80.22
9	133207716	80.24
9	133221100	80.28
9	133257311	80.5
9	133309975	81.48
9	133318834	81.5
9	133328366	81.52
9	133464716	81.54
9	133506393	81.55
9	133513638	81.56
9	133680855	81.57
9	133787422	81.6
9	133910634	81.62
9	133914796	81.65
9	133921500	81.67
9	133945434	81.69
9	133994748	81.7
9	134230858	81.8
9	134277734	81.84
9	134356456	81.88
9	134472681	82.31
9	134477474	82.33
9	134481700	82.35
9	134536441	82.4
9	134592840	82.9
9	134762807	82.93
9	134773548	82.95
9	134821372	82.96
9	134827775	82.96
9	135001869	82.98
9	135074191	83.0
9	135514914	83.2
9	135564707	83.3
9	135822204	83.7
9	135930311	83.9
9	135941608	83.9
9	136082572	84.36
9	136217192	84.4
9	136292632	84.42
9	136305210	84.46
9	136315449	84.48
9	136331845	84.51
9	136464730	84.54
9	136586060	84.56
9	136653775	84.6
9	136695386	84.62
9	136740726	84.7
9	136748504	84.72
9	136916014	84.9
9	136969204	84.92
9	137000757	85.0
9	137063092	85.02
9	137107282	85.04
9	137503790	85.14
9	137552142	85.2
9	137555666	85.21
9	137561278	85.22
9	137569526	85.23
9	137622353	85.24
9	137679482	85.25
9	137793067	85.27
9	137825468	85.28
9	137905378	85.3
9	137992887	85.35
9	138179724	85.4
9	138243550	85.44
9	138502743	85.5
9	138663292	85.6
9	138761546	85.7
9	139002348	85.76
9	139047890	86.3
9	139154898	87.1
9	139163408	87.2
9	139337674	87.36
9	139365319	87.38
9	139417528	87.4
9	139491706	88.0
9	139639539	90.0
9	139734796	90.1
9	139876506	90.26
9	139899872	90.3
9	139913368	90.32
9	139931948	90.34
9	139938678	90.34
9	140027972	90.4
9	140078146	90.6
9	140105606	90.61
9	140147438	90.72
9	140214011	90.74
9	140224312	90.78
9	140274752	90.8
9	140278300	90.81
9	140284924	90.83
9	140346504	90.87
9	140348783	91.0
9	140501482	91.95
9	140507618	91.96
9	140536692	92.0
9	140560412	92.28
9	140603298	92.3
9	140634197	92.33
9	141025306	92.5
9	141128396	92.52
9	141193966	93.4
9	141200094	93.45
9	141325436	93.5
9	141339106	93.58
9	141355744	93.6
9	141363036	93.61
9	141366314	93.63
9	141406107	93.7
9	141448528	93.8
9	141515488	93.86
9	141537608	93.98
9	141594838	93.99
9	141596745	94.0
9	141675754	94.02
9	141788020	94.1
9	141802188	94.18
9	141865428	94.2
9	141869798	94.22
9	141923071	94.24
9	142048644	94.32
9	142055376	94.34
9	142159886	94.6
9	142169554	94.69
9	142264720	94.71
9	142269790	94.73
9	142383954	94.76
9	142556290	94.8
9	142598750	94.85
9	142638862	95.68
9	142703072	95.96
9	142811182	96.0
9	142861578	96.03
9	142895884	96.04
9	142900423	96.04
9	142917788	96.04
9	142961202	96.05
9	142982202	96.07
9	143002792	96.1
9	143012008	96.12
9	143018832	96.2
9	143121124	96.2
9	143158294	96.2
9	143177902	96.2
9	143231922	96.21
9	143238105	96.21
9	143243610	96.21
9	143328800	96.21
9	143365655	96.22
9	143413444	96.23
9	143419492	96.23
9	143432712	96.24
9	143488457	96.24
9	143500985	96.24
9	143546772	96.25
9	143550344	96.25
9	143669360	96.25
9	143807443	96.25
9	143810312	96.26
9	143821452	96.26
9	143837952	96.26
9	143926854	96.26
9	143935629	96.27
9	144071698	96.29
9	144192310	98.0
9	144224336	99.0
9	144312702	99.02
9	144388702	100.0
9	144400316	100.01
9	144409163	100.02
9	144509535	100.08
9	144515084	101.0
9	144631398	101.05
9	144685627	101.06
9	144695939	101.08
9	144756562	101.1
9	144832190	101.14
9	144840264	101.18
9	144853086	101.5
9	144861712	101.52
9	144964324	101.62
9	144966898	101.64
9	144971790	101.68
9	144980500	101.7
9	145058630	101.76
9	145273283	102.0
9	145277250	102.01
9	145280950	102.02
9	145302796	102.03
9	145382690	102.04
9	145458501	102.04
9	145468304	102.04
9	145493021	102.05
9	145592606	102.06
9	145597676	102.07
9	145630034	102.07
9	145645594	102.08
9	145665128	102.08
9	145691010	102.08
9	145737130	102.09
9	145774960	102.09
9	145782230	102.1
9	145821362	102.1
9	145937154	102.2
9	146064476	102.28
9	146074689	102.3
9	146132942	102.4
9	146238255	102.6
9	146279262	102.64
9	146334212	102.7
9	146338724	102.72
9	146473386	103.5
9	146477370	105.0
9	146583033	105.04
9	146646136	105.06
9	146665700	105.12
9	146719626	105.14
9	146910513	105.28
9	146917016	105.3
9	146964335	105.38
9	146975762	105.39
9	146982976	105.4
9	147023984	105.44
9	147081791	105.48
9	147086218	105.51
9	147110914	105.53
9	147285456	105.64
9	147312485	105.66
9	147473996	105.7
9	147483414	105.72
9	147540134	105.8
9	147555390	106.0
9	147579588	106.04
9	147588196	106.06
9	147642694	106.2
9	147784394	106.32
9	147879736	106.34
9	147914693	106.36
9	147967202	106.4
9	148073293	106.46
9	148079028	106.48
9	148126090	106.5
9	148199810	107.0
9	148335160	107.43
9	148343348	107.45
9	148412468	107.6
9	148419979	107.94
9	148454461	107.96
9	148533486	107.98
9	148538652	108.08
9	148542110	108.1
9	148553679	108.14
9	148770964	109.0
9	148874541	109.98
9	148887836	110.0
9	148943526	110.1
9	149073802	110.2
9	149081664	110.3
9	149100584	110.33
9	149142996	110.37
9	149314976	110.98
9	149323270	111.0
9	149368334	111.5
9	149387194	111.92
9	149484554	111.94
9	149520954	112.0
9	149528888	112.01
9	149539422	112.04
9	149597535	112.46
9	149712182	112.5
9	149772323	112.7
9	149949762	113.0
9	149955203	113.02
9	150021506	113.06
9	150090566	113.12
9	150243852	113.3
9	150288562	113.32
9	150364058	113.33
9	150525335	113.35
9	150531726	113.37
9	150539929	113.39
9	150562212	113.41
9	150720712	113.47
9	150738098	113.49
9	150750093	113.53
9	150804688	113.55
9	150819251	113.57
9	150833302	114.0
9	150854474	114.02
9	151012372	114.2
9	151021282	114.22
9	151031462	114.25
9	151106562	114.3
9	151208355	115.98
9	151280148	116.04
9	151503690	117.76
9	151555748	117.8
9	151563524	118.0
9	151586241	118.04
9	151594936	121.0
9	151722145	121.04
9	151981798	121.16
9	151990380	121.2
9	152060658	121.24
9	152064964	121.26
9	152098444	121.5
9	152236280	121.58
9	152284454	121.6
9	152302953	121.63
9	152439342	122.48
9	152467510	122.5
9	152473144	122.51
9	152487318	122.6
9	152723116	125.01
9	152765982	125.03
9	152779176	125.5
9	152788823	125.54
9	152829097	125.98
9	152836410	126.0
9	152981424	126.15
9	152995190	126.2
9	153008148	126.24
9	153165988	130.98
9	153201060	131.0
9	153267594	131.02
9	153279660	131.51
9	153287050	131.52
9	153294463	131.6
9	153330615	131.65
9	153344758	131.65
9	153359236	131.66
9	153447478	131.66
9	153469119	131.67
9	153524365	131.67
9	153532818	131.68
9	153546210	131.69
9	153582220	131.7
9	153660064	131.74
9	153714832	131.77
9	153728963	131.8
9	153757744	131.83
9	153766620	131.94
9	153779272	131.96
9	153789967	132.0
9	153853144	132.18
9	153857980	132.2
9	153868445	132.22
9	153873327	132.23
9	153878812	132.24
9	153890834	132.24
9	153925706	132.6
9	153960362	132.62
9	154000738	132.64
9	154038559	132.8
9	154045783	132.82
9	154099902	132.96
9	154173390	133.0
9	154183530	133.02
9	154191356	133.38
9	154220727	133.4
9	154268579	133.44
9	154344968	133.5
9	154355941	133.51
9	154366740	133.53
9	154435400	133.7
9	154478506	133.71
9	154584232	134.0
9	154601588	134.03
9	154608739	134.04
9	154615839	134.06
9	154737524	134.1
9	154743161	134.11
9	154749020	134.12
9	154851652	134.14
9	154893428	134.2
9	155056642	134.23
9	155145762	134.25
9	155150801	134.28
9	155330434	134.32
9	155366945	134.4
9	155461270	134.42
9	155492240	134.58
9	155497188	134.6
9	155511066	134.61
9	155618166	134.63
9	155694940	135.3
9	155699840	135.32
9	155703098	135.35
9	155729460	135.37
9	155759500	135.39
9	155841556	135.9
9	155888452	135.96
9	155905260	136.0
9	155976268	136.36
9	155986102	136.37
9	156003992	136.4
9	156007220	136.5
9	156100722	137.0
9	156111768	137.1
9	156186100	137.12
9	156199990	137.76
9	156281726	137.83
9	156352674	138.2
9	156441712	138.6
9	156443500	138.61
9	156455708	138.63
9	156545484	139.0
9	156581652	139.02
9	156664404	140.0
9	156684844	140.42
9	156711674	140.48
9	156715858	140.5
9	156779234	140.68
9	156902680	140.74
9	157116483	140.76
9	157180514	140.79
9	157188734	140.8
9	157197584	140.81
9	157241302	140.85
9	157268808	140.9
9	157276011	141.0
9	157283813	141.02
9	157328264	141.5
9	157366166	141.6
9	157404229	141.65
9	157436386	141.7
9	157514201	141.75
9	157562837	141.79
9	157575846	141.83
9	157596537	142.0
9	157695481	144.65
9	157706320	144.7
9	157720148	144.71
9	157731876	144.72
9	157737322	144.72
9	157752264	144.73
9	157754036	144.73
9	157763886	144.73
9	157773254	144.74
9	157811202	144.74
9	157846688	144.74
9	157918620	144.74
9	157922600	144.74
9	158010088	144.75
9	158048070	144.75
9	158058778	144.75
9	158069970	144.75
9	158076189	144.75
9	158078758	144.76
9	158116480	144.77
9	158126461	144.8
9	158138503	144.86
9	158168387	144.98
9	158173412	145.0
9	158231518	145.02
9	158235650	145.04
9	158363280	146.6
9	158368330	146.62
9	158379845	146.9
9	158450332	146.95
9	158459155	146.95
9	158468284	146.95
9	158486798	146.96
9	158493416	146.96
9	158538764	146.97
9	158541624	146.97
9	158547816	146.98
9	158587066	147.0
9	158649324	147.16
9	158655948	147.18
9	158665662	147.2
9	158706512	147.22
9	158833129	147.26
9	158840377	148.08
9	158877733	148.1
9	158882900	148.12
9	158889192	148.18
9	158927120	148.2
9	158953006	148.4
9	159040890	148.5
9	159048684	148.52
9	159073118	148.6
9	159077302	148.6
9	159143487	148.61
9	159152358	148.61
9	159155855	148.61
9	159213778	148.62
9	159242789	148.62
9	159247679	148.66
9	159351786	148.7
9	159421280	149.9
9	159426615	149.92
9	159537384	149.94
9	159579169	150.0
9	159584732	150.02
9	159661134	150.86
9	159702504	150.88
9	159715943	150.89
9	159727608	150.9
9	159813542	150.91
9	159815868	150.92
9	159820122	150.93
9	159838804	150.94
9	159851542	150.95
9	159857246	150.95
9	159885800	150.96
9	159891250	150.96
9	159911142	150.97
9	159916482	150.97
9	159920412	150.98
9	159932272	150.99
9	159946770	151.0
9	159948650	151.0
9	159961578	151.02
9	160000348	151.03
9	160014512	151.06
9	160091678	151.1
9	160128105	151.15
9	160132232	155.4
9	160160538	155.68
9	160167976	155.7
9	160210459	155.75
9	160232196	155.8
9	160236214	155.82
9	160242454	155.84
9	160310843	155.95
9	160319582	155.97
9	160330182	155.98
9	160354520	156.0
9	160405878	156.46
9	160411914	156.48
9	160479437	156.5
9	160485910	156.52
9	160665044	156.56
9	160697618	156.8
9	160705954	157.0
9	160727556	157.29
9	160732346	157.3
9	160735158	157.31
9	160785619	157.62
9	160809688	157.64
9	160835172	157.68
9	160853584	157.7
9	160857051	157.75
9	160870295	157.8
9	160941379	158.0
9	160977518	158.06
9	161008218	158.5
9	161041275	158.52
9	161045964	158.55
9	161167194	158.59
9	161172848	158.61
9	161190601	158.7
9	161273936	158.75
9	161323841	158.77
9	161333520	158.78
9	161341408	158.79
9	161346606	158.79
9	161406645	158.8
9	161496720	158.82
9	161601097	158.86
9	161661304	158.88
9	161744995	158.88
9	161759772	158.89
9	161761969	159.0
9	161771962	159.02
9	161848513	159.06
9	161893952	159.25
9	161903293	159.29
9	161905300	159.3
9	161910183	159.32
9	161971074	159.34
9	162036989	159.38
9	162068110	159.4
9	162175366	159.46
9	162279496	159.5
9	162505158	159.52
9	162564340	160.0
9	162724752	160.15
9	162885841	160.17
10	132371	0.1
10	398769	0.38
10	576530	0.4
10	579290	0.41
10	662424	0.44
10	670632	0.48
10	785594	0.5
10	788944	0.52
10	823646	0.56
10	858550	0.58
10	921412	0.6
10	1059736	0.65
10	1073054	0.67
10	1203631	0.7
10	1245692	0.72
10	1254567	0.74
10	1259374	0.76
10	1407580	0.8
10	1414992	1.0
10	1418188	1.5
10	1423523	1.52
10	1436478	1.58
10	1439777	1.6
10	1453192	1.98
10	1461534	2.0
10	1466236	2.02
10	1471776	2.1
10	1537960	2.25
10	1595601	2.48
10	1634333	2.54
10	1645268	2.58
10	1659442	2.6
10	1745462	2.98
10	1748491	4.0
10	1767854	4.15
10	1774050	4.18
10	1933438	4.2
10	1976578	4.78
10	1990828	4.98
10	1995578	5.0
10	2003156	5.58
10	2009648	6.0
10	2023370	6.02
10	2171638	7.69
10	2174580	7.71
10	2177634	7.73
10	2180928	7.75
10	2190641	8.69
10	2191733	8.7
10	2195994	8.7
10	2202656	8.71
10	2224474	8.71
10	2239382	8.96
10	2306417	8.98
10	2315086	9.0
10	2331208	10.0
10	2600550	11.98
10	2603520	12.0
10	2710140	13.0
10	2737274	13.25
10	2818282	13.26
10	2825032	13.27
10	2838607	13.27
10	3072286	13.27
10	3235416	13.27
10	3250650	13.27
10	3334826	13.27
10	3401966	13.29
10	3533944	13.98
10	3538716	14.0
10	3549248	14.2
10	3569920	14.26
10	3593662	14.26
10	3604516	14.27
10	3609181	14.27
10	3735544	14.33
10	3753282	14.35
10	3759631	15.0
10	3789040	15.1
10	3812219	15.16
10	3843930	15.2
10	3930499	15.46
10	3993147	15.5
10	4005948	15.52
10	4060651	15.7
10	4063462	15.72
10	4126530	15.9
10	4146412	16.0
10	4184476	16.03
10	4199486	17.0
10	4207946	18.0
10	4225113	19.03
10	4230107	19.05
10	4270262	19.7
10	4282384	20.28
10	4309364	20.3
10	4409308	21.0
10	4437742	22.0
10	4590909	22.75
10	4601522	22.85
10	4607198	22.88
10	4657936	22.9
10	4659864	22.92
10	4664681	22.98
10	4673479	23.0
10	4772786	23.5
10	4951792	23.7
10	4956724	23.8
10	4970338	23.82
10	5018420	23.88
10	5020420	23.9
10	5031441	23.98
10	5032097	24.0
10	5036613	24.04
10	5113632	25.0
10	5169524	26.0
10	5220832	26.2
10	5327462	26.33
10	5335476	26.34
10	5343996	26.36
10	5351962	26.38
10	5361708	27.0
10	5368226	27.02
10	5522925	28.5
10	5550614	28.52
10	5570388	29.0
10	5669177	29.7
10	5674479	29.72
10	5811628	29.96
10	5946808	29.99
10	5955620	30.01
10	5976033	30.03
10	6006541	30.05
10	6010694	30.06
10	6257698	30.1
10	6341204	30.2
10	6358132	30.3
10	6543624	30.34
10	6550031	30.36
10	6736445	30.38
10	6828216	30.42
10	6837046	30.44
10	6898400	30.5
10	6925082	30.52
10	6967100	30.54
10	7010268	31.7
10	7053417	31.72
10	7067876	31.74
10	7116905	31.78
10	7138265	31.8
10	7160901	31.82
10	7188665	31.84
10	7228850	32.98
10	7239391	33.0
10	7457296	33.48
10	7534193	33.5
10	7690344	33.52
10	7743062	33.54
10	7909605	33.54
10	8171216	33.55
10	8249942	33.56
10	8429152	33.8
10	8480660	33.82
10	8531356	33.84
10	8599621	35.5
10	8607374	35.6
10	8613577	35.62
10	8667009	35.88
10	8673246	35.88
10	8967142	35.89
10	9040990	35.9
10	9050476	36.0
10	9198264	36.11
10	9219196	36.2
10	9234088	36.3
10	9307042	36.4
10	9361958	36.5
10	9369273	37.0
10	9416248	37.02
10	9620995	37.04
10	9752314	37.09
10	9992676	37.2
10	9997288	37.22
10	10047881	37.3
10	10052052	37.32
10	10096006	37.34
10	10099578	37.94
10	10137448	37.98
10	10145226	38.0
10	10309422	38.01
10	10337276	38.02
10	10386300	38.03
10	10396241	38.04
10	10412836	38.06
10	10452518	38.07
10	10481976	38.08
10	10486951	38.1
10	10596373	38.3
10	10662488	38.4
10	10680054	38.42
10	10690658	38.45
10	10753278	38.47
10	10956076	38.49
10	11068464	38.5
10	11188517	38.51
10	11326330	38.53
10	11510710	38.54
10	11626379	38.55
10	11676884	38.57
10	11819202	38.59
10	12019838	38.6
10	12083363	38.66
10	12452082	38.73
10	12528918	38.74
10	12659751	38.76
10	12692979	38.78
10	12864205	38.8
10	12947112	38.9
10	13105616	38.94
10	13121036	38.96
10	13299934	39.0
10	13415304	39.02
10	13439158	39.5
10	13446550	39.52
10	13496776	39.8
10	13502272	40.0
10	13555366	40.05
10	13577890	40.07
10	13581060	40.08
10	13590628	40.1
10	13677006	40.2
10	14140618	40.44
10	14247602	40.48
10	14392774	40.5
10	14594148	40.7
10	14829030	40.9
10	14894395	40.94
10	15007690	41.0
10	15103638	41.38
10	15128842	41.4
10	15322591	41.5
10	15642246	41.8
10	15646094	41.82
10	15769378	42.04
10	15846984	42.05
10	15953119	42.09
10	16131718	42.13
10	16169416	43.0
10	16174610	43.02
10	16327856	43.08
10	16400342	43.1
10	16492094	43.15
10	16632564	43.17
10	17117090	43.18
10	17519012	43.19
10	17619524	43.2
10	17686953	43.21
10	17800224	43.22
10	17848169	43.23
10	17857020	43.24
10	17955704	43.3
10	18386252	43.32
10	18753612	43.35
10	18761314	43.38
10	18826148	43.42
10	18844132	43.52
10	18957620	43.8
10	19121567	43.82
10	19126857	43.84
10	19227114	44.0
10	19270554	44.02
10	19273333	44.04
10	19681840	44.08
10	19720286	44.1
10	19787230	44.13
10	20066728	44.2
10	20628176	44.27
10	20967520	44.3
10	21669062	44.32
10	21795222	44.33
10	21822717	44.34
10	21963704	44.36
10	22007984	44.38
10	22064810	44.42
10	22422725	44.48
10	22557240	44.5
10	22621086	44.53
10	22701222	44.55
10	23089818	44.6
10	23347844	44.61
10	23451288	44.61
10	23492836	44.62
10	23652577	44.64
10	23664186	44.65
10	23683080	44.67
10	24026152	44.69
10	24048976	44.7
10	24796284	45.1
10	24926322	45.15
10	24959124	45.18
10	24998026	45.2
10	25060224	45.26
10	25298476	45.26
10	25373890	45.27
10	25427704	45.27
10	25519413	45.27
10	25584490	45.27
10	25651661	45.28
10	25787678	45.29
10	25917284	45.3
10	26019014	45.3
10	26126970	45.4
10	26130590	45.42
10	26256847	45.5
10	26433178	45.52
10	26881832	45.6
10	26964270	45.64
10	27012336	45.68
10	27110836	45.75
10	27217874	45.8
10	27361268	45.84
10	27598110	45.86
10	27697932	45.87
10	27798570	45.88
10	27928738	45.9
10	27956442	45.91
10	28101076	45.94
10	28131806	45.94
10	28405610	45.95
10	28850796	45.96
10	29060560	45.97
10	29670852	45.98
10	29674458	45.98
10	29757540	45.98
10	29990409	45.99
10	30078126	45.99
10	30652994	46.0
10	30857854	46.0
10	31133727	46.01
10	31346056	46.02
10	31762468	46.03
10	31995806	46.03
10	32236414	46.04
10	32487136	46.04
10	33052970	46.05
10	33377929	46.05
10	33582981	46.05
10	33939296	46.08
10	34118538	46.09
10	34333139	46.09
10	34813834	46.1
10	35313669	46.12
10	35479442	46.13
10	35495819	46.14
10	35560806	46.14
10	36017019	46.15
10	36168482	46.15
10	36511350	46.15
10	36527171	46.15
10	36726754	46.15
10	36948860	46.16
10	37084190	46.16
10	37516442	46.16
10	37864621	46.17
10	38401827	46.17
10	38460936	46.17
10	38708808	46.17
10	39333314	46.17
10	40331785	46.18
10	41071972	46.18
10	41691568	46.18
10	42807784	46.18
10	43669442	46.18
10	44608668	46.19
10	44919309	46.19
10	46510626	46.19
10	46865296	46.19
10	47775082	46.19
10	49167188	46.2
10	49842260	46.2
10	50594840	46.21
10	50704022	46.21
10	50789044	46.21
10	51367850	46.22
10	51793316	46.22
10	52135057	46.22
10	52685580	46.23
10	53162126	46.23
10	53393833	46.23
10	53595118	46.23
10	54422706	46.25
10	55397813	46.25
10	55424264	46.25
10	55886790	46.26
10	56105409	46.26
10	56566560	46.27
10	56656290	46.27
10	56732170	46.27
10	56845869	46.27
10	56952357	46.27
10	57115632	46.27
10	57754614	46.27
10	58113518	46.28
10	58525944	46.28
10	58529955	46.28
10	58630824	46.28
10	58755697	46.28
10	58987162	46.3
10	59273388	46.4
10	59364318	46.42
10	59435502	46.44
10	59563279	46.46
10	59593293	46.48
10	59999324	46.49
10	60004418	46.49
10	60122720	46.5
10	60161848	46.51
10	60256144	46.52
10	60461638	46.54
10	60536027	46.57
10	60685114	46.6
10	60897305	47.0
10	61128142	47.1
10	61135105	47.12
10	61161328	47.3
10	61337554	48.0
10	61534382	48.04
10	61695159	48.29
10	61807268	48.35
10	62121315	48.4
10	62634622	48.58
10	62810276	48.6
10	62928763	48.7
10	63080058	48.74
10	63383010	48.85
10	63606822	49.0
10	64162957	49.04
10	64544741	49.16
10	64691118	49.2
10	64757583	49.22
10	64761262	49.3
10	64762408	49.35
10	64912596	49.37
10	64955089	49.4
10	65334877	49.5
10	65433812	49.52
10	65554025	49.6
10	65887173	49.8
10	66031550	49.86
10	66154018	49.88
10	66252892	49.9
10	66493262	49.95
10	66501172	49.98
10	66557386	49.99
10	66728283	49.99
10	67101288	50.0
10	67268854	50.0
10	67403459	50.01
10	67410956	50.02
10	67664498	50.04
10	67763736	50.07
10	67852449	50.13
10	67861086	50.15
10	67927366	50.2
10	67998973	50.24
10	68003866	50.25
10	68352056	50.26
10	68654872	50.27
10	69050321	50.28
10	69478992	50.28
10	69538005	50.28
10	69844682	50.29
10	69935747	50.3
10	70045510	50.3
10	70151842	50.31
10	70189250	50.31
10	70205562	50.31
10	70250362	50.32
10	70358536	50.48
10	70470021	50.5
10	70611964	50.6
10	70624301	50.62
10	71082416	50.77
10	71249408	50.78
10	71364756	50.8
10	71371339	50.82
10	71559136	50.9
10	71594228	50.94
10	71651374	50.96
10	72068504	51.0
10	72160721	51.0
10	72286858	51.01
10	72297461	51.01
10	72374704	51.02
10	72459234	51.02
10	72464614	51.02
10	72608747	51.03
10	72670895	51.03
10	72757852	51.03
10	73091016	51.03
10	73325690	51.04
10	73565500	51.04
10	73632551	51.05
10	73642434	51.06
10	73845478	51.07
10	74009863	51.08
10	74108668	51.08
10	74177604	51.09
10	74229914	51.09
10	74742760	51.1
10	74854468	51.1
10	75017939	51.15
10	75176240	51.16
10	75177861	51.17
10	75322664	51.2
10	75589398	52.0
10	75604012	52.05
10	75719672	52.1
10	75851674	52.1
10	75974889	52.1
10	76035022	52.11
10	76277116	52.11
10	76280046	52.11
10	76713220	52.12
10	76835596	52.13
10	76951090	52.4
10	77326762	52.6
10	77410836	52.7
10	77461657	52.8
10	77640553	53.25
10	77644536	53.26
10	77652468	53.26
10	77745880	53.27
10	77823584	53.28
10	77877226	53.29
10	78117536	53.3
10	78184709	53.3
10	78341865	53.31
10	78345808	53.31
10	78350978	53.31
10	78421512	53.32
10	78510640	53.33
10	78611066	53.41
10	78722240	53.42
10	78746257	53.42
10	78955822	53.43
10	79025994	53.44
10	79410518	53.46
10	79426984	53.48
10	79580754	53.5
10	79959124	53.51
10	80066775	53.52
10	80098260	53.52
10	80213704	53.52
10	80277163	53.52
10	80421692	53.52
10	80427660	53.52
10	80576964	53.53
10	80584719	53.53
10	80678819	53.53
10	80716278	53.53
10	81345266	53.55
10	81460196	53.56
10	81642292	53.56
10	81694378	53.57
10	81771514	53.58
10	81855216	53.58
10	81999448	53.59
10	82018181	53.6
10	82020675	53.61
10	82115030	53.68
10	82130918	53.7
10	82424182	53.76
10	82632523	53.77
10	82728016	53.78
10	82876194	53.79
10	82997098	53.8
10	83169731	53.9
10	83191266	53.9
10	83205540	53.91
10	83209316	53.92
10	83213063	53.93
10	83315868	53.94
10	83319858	53.94
10	83747784	53.95
10	83848888	53.96
10	83877208	53.96
10	83970310	53.97
10	84046052	53.97
10	84319140	53.98
10	84342186	54.0
10	84486116	54.08
10	84497290	54.1
10	84695502	54.16
10	84749512	54.18
10	84950726	54.3
10	85077970	54.39
10	85110285	54.4
10	85116116	54.42
10	85193814	54.44
10	85202710	54.45
10	85247279	54.47
10	85719914	54.5
10	85757265	54.51
10	85815528	55.28
10	85893987	55.3
10	85899117	55.4
10	85906466	55.45
10	86200764	55.46
10	86310965	55.47
10	86317830	55.48
10	86324570	55.5
10	86471239	55.51
10	86885847	56.53
10	86890610	56.6
10	87038534	56.65
10	87046112	56.7
10	87120801	56.8
10	87270319	56.81
10	87298982	56.82
10	87350774	56.83
10	87382872	56.85
10	87456781	56.86
10	87495009	56.86
10	87548472	56.87
10	87635072	56.88
10	87668674	56.9
10	87729947	56.92
10	87822556	56.96
10	88073351	57.0
10	88212516	57.04
10	88219464	57.05
10	88224108	57.06
10	88322424	57.08
10	88490054	57.09
10	88767292	57.1
10	88791334	57.1
10	88876498	57.11
10	88889692	57.11
10	88955954	57.12
10	88965891	57.12
10	88994198	57.12
10	89026652	57.12
10	89065550	57.12
10	89203120	57.12
10	89525064	57.13
10	89625402	57.13
10	90014738	57.14
10	90023297	57.14
10	90089050	57.14
10	90107592	57.14
10	90110266	57.16
10	90211650	57.17
10	90369006	57.2
10	90402222	57.22
10	90490048	57.5
10	90496153	57.55
10	90504238	57.6
10	90538965	57.7
10	90887556	58.98
10	90925960	59.0
10	90961106	60.2
10	91049508	60.4
10	91200160	60.68
10	91247280	60.7
10	91260238	60.72
10	91755340	60.77
10	91769725	60.78
10	91828016	60.79
10	92017013	60.8
10	92088826	60.82
10	92268072	60.83
10	92296708	60.85
10	92309064	60.86
10	92606356	60.9
10	92659094	60.96
10	92775228	61.0
10	93010037	61.08
10	93207004	61.1
10	93343258	61.12
10	93403679	61.24
10	94076706	61.26
10	94507529	61.3
10	94761280	61.4
10	94801359	61.42
10	94885049	61.44
10	95118410	61.48
10	95356285	61.49
10	95377544	61.49
10	95614540	61.49
10	95654698	61.49
10	95926295	61.49
10	95978193	61.49
10	96023146	61.5
10	96177216	61.5
10	96182640	61.5
10	96547244	61.5
10	96651430	61.5
10	96658060	61.5
10	96662112	61.5
10	96693256	61.5
10	96892395	61.5
10	96942250	61.51
10	97055938	61.51
10	97203974	61.51
10	97330960	61.53
10	97407630	61.56
10	97540100	61.58
10	97596786	61.58
10	97674911	61.58
10	97822528	61.59
10	97909763	61.59
10	98131489	61.6
10	98308246	61.64
10	98384447	61.8
10	98395546	61.9
10	98449570	61.94
10	98673458	61.95
10	98686105	61.96
10	98741242	61.97
10	98749719	61.98
10	98762076	61.99
10	98770187	62.0
10	98906410	62.01
10	98964344	62.02
10	98980834	62.02
10	99138911	62.02
10	99381752	62.02
10	99466754	62.03
10	99806716	62.03
10	99864068	62.04
10	100085626	62.05
10	100252550	62.1
10	100470630	62.18
10	100820025	62.2
10	100918422	62.24
10	101130552	62.3
10	101239452	62.35
10	101337419	62.41
10	101351399	62.43
10	101509540	62.45
10	101523086	62.48
10	101618308	62.52
10	101674998	62.53
10	101695708	62.54
10	101705466	62.56
10	101753160	62.58
10	101757970	62.6
10	101980187	62.62
10	102194977	62.65
10	102225830	62.66
10	102280762	62.68
10	102339845	62.68
10	102436492	62.68
10	102461120	62.68
10	102643449	62.68
10	102678321	62.68
10	102882782	62.69
10	102897894	62.69
10	103214182	62.69
10	103259197	62.7
10	103368091	62.7
10	103427907	62.72
10	103493754	62.73
10	103495366	62.74
10	103575792	62.75
10	103714746	62.76
10	103742742	62.77
10	103879969	62.78
10	103943930	62.8
10	104093026	62.88
10	104116182	62.9
10	104241095	62.91
10	104459960	62.92
10	104544246	62.93
10	104593767	62.94
10	104719085	63.0
10	105401116	63.05
10	105571674	63.07
10	105845074	63.1
10	106166812	63.11
10	106198587	63.12
10	106407710	63.12
10	106492741	63.13
10	106887128	63.14
10	107299170	63.14
10	107308930	63.15
10	107329428	63.17
10	107370438	63.19
10	107532042	63.24
10	107606936	63.26
10	107880268	63.35
10	107938684	63.36
10	108047612	63.37
10	108193664	63.38
10	108325362	63.39
10	108414583	63.4
10	108525468	63.42
10	108589628	63.42
10	108703590	63.43
10	109016049	63.45
10	109062550	63.47
10	109208108	63.6
10	109544495	63.7
10	109673776	63.72
10	109861930	63.75
10	110157224	63.85
10	110325166	63.87
10	110384170	63.98
10	110391450	64.0
10	110490724	64.02
10	110665465	64.1
10	110683506	64.2
10	111354658	64.25
10	111720291	64.5
10	111757132	64.52
10	111761938	64.6
10	111961500	64.62
10	112091130	64.64
10	112097215	64.66
10	112108394	64.68
10	112184638	64.7
10	112279339	64.72
10	112581466	64.9
10	112675093	64.92
10	112929208	64.94
10	112982311	65.0
10	113016741	65.0
10	113142935	65.0
10	113263624	65.02
10	113350942	65.04
10	113394146	65.05
10	113644951	65.07
10	113691264	65.08
10	113702939	65.09
10	113827940	65.1
10	114031822	65.11
10	114185736	65.12
10	114252308	65.13
10	114270535	65.15
10	114271338	65.16
10	114476810	65.18
10	114532002	65.2
10	114749572	65.25
10	114781367	65.26
10	114819424	65.27
10	114992776	65.3
10	114996592	65.31
10	115006960	65.32
10	115362303	65.36
10	115579010	66.0
10	115762312	66.04
10	115874762	66.49
10	115876436	66.5
10	115973361	66.52
10	116053842	66.56
10	116136184	66.58
10	116210762	67.0
10	116330501	67.83
10	116429796	67.9
10	116536798	68.0
10	116631479	68.01
10	116704746	68.03
10	116756572	68.04
10	116809446	68.05
10	117019946	68.14
10	117037654	68.16
10	117179845	68.18
10	117220736	68.2
10	117378762	68.3
10	117433196	68.3
10	117496042	68.31
10	117671361	68.31
10	117911778	68.32
10	117983724	68.32
10	118010263	68.32
10	118061318	68.32
10	118117638	68.32
10	118132578	68.32
10	118154005	68.36
10	118237596	68.46
10	118265612	68.5
10	118295888	68.58
10	118301136	68.59
10	118321862	68.6
10	118421966	68.6
10	118507166	68.62
10	118635118	68.7
10	118763273	68.72
10	119192727	68.8
10	119256312	68.9
10	119377347	69.0
10	119436866	69.1
10	119471562	69.11
10	119477234	69.13
10	119604012	69.18
10	119640400	69.2
10	119792551	69.3
10	119802346	69.3
10	119907242	69.31
10	119914218	69.31
10	120161894	69.32
10	120171622	69.35
10	120174974	69.37
10	120178078	69.4
10	120241268	69.41
10	120405932	69.48
10	120415690	69.49
10	120450624	69.49
10	120525056	69.5
10	120615841	69.5
10	120763252	69.54
10	120768154	69.55
10	120784154	69.57
10	121009775	69.6
10	121413442	69.8
10	121483040	69.88
10	121486295	69.9
10	121561951	70.0
10	121603644	70.02
10	121628780	70.2
10	121680509	70.32
10	121719977	70.4
10	121782533	70.41
10	121861908	70.41
10	122017742	70.42
10	122078228	70.42
10	122317317	70.44
10	122365704	70.44
10	122372136	70.45
10	122438474	70.45
10	122519476	70.46
10	122531788	70.46
10	122565133	70.47
10	122591731	70.48
10	122732212	70.49
10	122832656	70.5
10	122923512	70.6
10	123072900	70.62
10	123119754	70.78
10	123160137	70.8
10	123313066	70.88
10	123399314	70.9
10	123475966	70.96
10	123490440	70.98
10	123574176	71.0
10	123856526	71.04
10	123863798	71.05
10	123926274	71.06
10	123957908	71.06
10	124029026	71.07
10	124159532	71.09
10	124191467	71.1
10	124195176	71.12
10	124269007	71.16
10	124345190	71.28
10	124379226	71.3
10	124387578	71.4
10	124406130	71.41
10	124410076	71.42
10	124470000	71.44
10	124595698	71.46
10	124754491	71.47
10	124832358	71.49
10	124836818	71.5
10	124842704	71.55
10	124860668	71.56
10	124912650	71.57
10	124985526	71.6
10	125131794	71.64
10	125136838	71.7
10	125226774	71.78
10	125249092	71.8
10	125275896	71.82
10	125374445	71.96
10	125409406	71.98
10	125416969	71.98
10	125424042	71.99
10	125550840	72.08
10	125659073	72.1
10	125664466	72.12
10	125740738	72.2
10	125757702	72.24
10	125780378	72.28
10	125843656	72.4
10	125893884	72.42
10	125920246	72.48
10	125924338	72.5
10	126027408	72.7
10	126142580	72.8
10	126165950	72.8
10	126273885	72.85
10	126373026	72.89
10	126380892	72.9
10	126416220	72.91
10	126528822	72.92
10	126618902	72.94
10	126624785	72.95
10	126661276	72.96
10	126725328	72.98
10	126770464	72.99
10	126790934	72.99
10	126856110	73.0
10	126877557	73.01
10	126880627	73.01
10	126882934	73.02
10	126888500	73.1
10	127002210	73.3
10	127086310	73.35
10	127268964	73.4
10	127326712	73.42
10	127498264	73.44
10	127509821	73.45
10	127535780	73.46
10	127622910	73.47
10	127697484	73.5
10	127708960	73.52
10	127718960	73.54
10	127802842	73.6
10	127831773	73.62
10	127933004	73.63
10	128039154	73.63
10	128302825	73.64
10	128378452	73.66
10	128396440	73.7
10	128415720	73.72
10	128667982	73.8
10	128673598	73.81
10	128780532	73.83
10	128803426	73.85
10	129001041	73.9
10	129003163	73.91
10	129044626	73.93
10	129064446	73.95
10	129093382	73.98
10	129155145	74.2
10	129418848	75.0
10	129437064	75.0
10	129508317	75.04
10	129568940	75.06
10	129751048	77.13
10	129755472	77.14
10	129758075	77.15
10	129761254	77.16
10	129768196	77.17
10	129858446	77.8
10	129877630	77.83
10	129885228	77.85
10	130060458	77.89
10	130091238	77.9
10	130130254	77.92
10	130134076	77.93
10	130345706	78.08
10	130347828	78.1
10	130399553	78.12
10	130457958	78.2
10	130474328	78.22
10	130526168	78.24
10	130539601	78.25
10	130643791	78.26
10	130816047	78.3
10	130865066	78.32
10	130906105	78.36
10	130908580	78.38
10	130924905	78.4
10	131199286	79.0
10	131261582	79.03
10	131270744	79.05
10	131407176	79.07
10	131648540	79.13
10	131810461	79.15
10	132016392	79.16
10	132016446	79.16
10	132056856	79.17
10	132131446	79.2
10	132600818	80.0
10	132636207	80.2
10	132696278	80.22
10	132764936	80.22
10	132822082	80.24
10	132836588	80.24
10	132841390	80.24
10	132844432	80.3
10	132860556	80.3
10	132866930	80.3
10	132874414	80.3
10	132918640	80.31
10	132946546	80.31
10	133005086	80.32
10	133060476	80.33
10	133166260	80.4
10	133171492	80.42
10	133283878	80.5
10	133368294	80.8
10	133464200	80.96
10	133469756	81.0
10	133470299	81.0
10	133562904	81.78
10	133613226	81.82
10	133666814	83.0
10	133833320	83.02
10	134231299	84.0
10	134376454	84.08
10	134434321	84.08
10	134444869	84.09
10	134449008	84.1
10	134454116	84.12
10	134569442	85.0
10	134581805	85.01
10	134594791	85.03
10	134666042	85.04
10	134768311	85.05
10	134771410	85.05
10	134797364	85.06
10	134908578	85.07
10	135012190	85.08
10	135083594	85.09
10	135100348	85.09
10	135107296	85.1
10	135111942	85.11
10	135117978	85.11
10	135120914	85.11
10	135134631	85.12
10	135187228	85.15
10	135194588	85.17
10	135248736	85.2
10	135327318	85.24
10	135373648	85.25
10	135439298	85.26
10	135504856	85.28
10	135511714	85.3
10	135523238	85.34
10	135641748	85.36
10	135703540	86.0
10	135816324	86.2
10	135865396	86.21
10	135870144	86.21
10	135897607	86.21
10	135905686	86.22
10	135921596	86.25
10	135934053	86.27
10	135963182	86.3
10	136090918	86.4
10	136126251	86.5
10	136168108	86.52
10	136269880	86.54
10	136307504	86.8
10	136326652	87.0
10	136416762	87.1
10	136479129	87.16
10	136638472	88.0
10	136642952	88.02
10	136654226	88.05
10	136695796	88.1
10	136959149	88.14
10	137058164	88.16
10	137068360	88.18
10	137128394	88.18
10	137198215	88.19
10	137216112	88.19
10	137231616	88.19
10	137265054	88.19
10	137288006	88.2
10	137349433	88.2
10	137426510	88.23
10	137432961	88.25
10	137455042	88.4
10	137456338	88.4
10	137547837	88.5
10	137600121	88.52
10	137616782	88.53
10	137627248	88.55
10	137636332	88.55
10	137678800	88.56
10	137735658	88.56
10	137740247	88.56
10	137770767	88.57
10	137945398	88.57
10	137949580	88.57
10	137991970	88.58
10	138100229	88.58
10	138106609	88.58
10	138124949	88.58
10	138314812	88.6
10	138321878	88.7
10	138436668	88.9
10	138536243	88.92
10	138643286	88.94
10	138654074	89.0
10	138688969	91.0
10	138727493	91.5
10	138736778	91.56
10	138765176	91.58
10	138821012	91.6
10	138885795	91.62
10	138915284	91.68
10	138939989	91.7
10	139090227	91.74
10	139267194	91.81
10	139507249	92.0
10	139563434	92.2
10	139570734	92.21
10	139591556	92.23
10	139741549	92.4
10	139786668	92.5
10	139832992	92.52
10	139928671	92.96
10	139938482	92.98
10	139957309	93.0
10	140007438	93.03
10	140115582	93.05
10	140140267	93.2
10	140158868	93.5
10	140291951	93.64
10	140306396	93.7
10	140321640	93.72
10	140332554	93.88
10	140402704	93.9
10	140411378	93.92
10	140489474	94.08
10	140629671	94.23
10	140720650	94.3
10	140725447	94.36
10	140745918	94.38
10	140750030	94.4
10	140774314	94.42
10	140797468	94.44
10	140925995	95.0
10	140930015	95.02
10	140975934	95.04
10	141013598	95.18
10	141076812	95.2
10	141191932	95.24
10	141211762	95.26
10	141225328	95.27
10	141333451	95.28
10	141363631	95.29
10	141419915	95.3
10	141523098	95.4
10	141575950	97.04
10	141602878	98.0
10	141624986	98.02
10	141711966	98.03
10	141719433	98.04
10	141720790	98.04
10	141738906	98.05
10	141791888	98.1
10	141829574	98.11
10	141834307	98.12
10	141835842	98.13
10	141970067	98.15
10	141986632	98.17
10	141999590	98.2
10	142014704	98.24
10	142020106	98.53
10	142076400	98.55
10	142135900	98.58
10	142214966	99.0
10	142323305	99.16
10	142326741	99.18
10	142329425	99.2
10	142404426	99.25
10	142493141	99.3
10	142501326	99.32
10	142642118	99.4
10	142824285	99.8
10	142894346	99.84
10	142908104	99.88
10	142929841	99.95
10	143019770	100.0
10	143129011	100.02
10	143140292	100.04
10	143164270	100.05
10	143172965	100.07
10	143183580	100.08
10	143185846	100.08
10	143200062	100.09
10	143248079	100.12
10	143354788	100.44
10	143450688	100.46
10	143473238	100.48
10	143509688	100.5
10	143525096	100.52
10	143591396	100.54
10	143615913	101.8
10	143722768	101.82
10	143750099	101.86
10	143795901	101.9
10	143809218	101.96
10	143820610	101.98
10	143834522	102.0
10	143855878	102.02
10	143863303	102.18
10	143910602	102.2
10	144067738	102.4
10	144076681	102.7
10	144175016	102.73
10	144209900	102.74
10	144219312	102.75
10	144320980	103.0
10	144324868	103.08
10	144345162	103.2
10	144415054	103.22
10	144432132	103.28
10	144539428	103.32
10	144589233	103.36
10	144614946	103.38
10	144625278	106.23
10	144656224	106.25
10	144667166	106.27
10	144691410	106.28
10	144723728	106.3
10	144733278	106.31
10	144761604	106.32
10	144765502	106.34
10	144775147	106.38
10	144818703	106.4
10	144823203	106.42
10	144949760	106.9
10	145017068	106.96
10	145026406	106.98
10	145030570	107.0
10	145067972	107.02
10	145094036	108.0
10	145104696	108.02
10	145110882	108.02
10	145204413	108.4
10	145213544	108.41
10	145246988	108.42
10	145335506	108.43
10	145340686	108.43
10	145347804	108.44
10	145415036	108.45
10	145426432	108.5
10	145547942	109.0
10	145557582	109.4
10	145623670	109.5
10	145647687	109.52
10	145667926	109.58
10	145691468	111.43
10	145831448	111.5
10	145874022	111.55
10	145877954	111.6
10	145880828	111.62
10	145900768	111.64
10	145908734	111.66
10	145914473	111.68
10	146094186	111.78
10	146234193	112.36
10	146268977	112.4
10	146276080	112.42
10	146281414	112.42
10	146313858	112.44
10	146397344	112.48
10	146449026	112.5
10	146454513	112.52
10	146590769	112.54
10	146600610	112.68
10	146611450	112.7
10	146670592	112.71
10	146716851	112.72
10	146763080	113.0
10	146772438	113.1
10	146854795	113.9
10	146911906	113.94
10	146928816	114.0
10	147014955	114.1
10	147093598	114.14
10	147172105	115.88
10	147177124	115.9
10	147189951	115.92
10	147213912	115.94
10	147253541	115.96
10	147345495	115.99
10	147355018	116.0
10	147360702	116.04
10	147429420	116.6
10	147439412	116.8
10	147516316	117.0
10	147550829	117.08
10	147555654	117.1
10	147567596	117.12
10	147573171	117.13
10	147681820	117.4
10	147699491	117.43
10	147703776	117.44
10	147715099	117.45
10	147785962	117.5
10	147895798	117.54
10	147963348	117.56
10	147974134	117.58
10	147976226	117.6
10	147988300	117.62
10	148020634	117.64
10	148121185	117.68
10	148163480	117.7
10	148166312	117.71
10	148172230	117.73
10	148177395	117.8
10	148261798	118.0
10	148328934	118.98
10	148332172	118.99
10	148343326	119.0
10	148350576	119.2
10	148355118	119.5
10	148394872	119.55
10	148401528	120.0
10	148413258	120.9
10	148509408	120.93
10	148571756	120.95
10	148651911	120.98
10	148698679	121.0
10	148703174	121.02
10	148820642	121.5
10	148834816	121.6
10	148887318	121.62
10	148890294	121.64
10	148895106	121.98
10	148914258	122.0
10	148921779	122.02
10	148927594	122.04
10	148931630	122.2
10	148940532	122.22
10	149074198	122.24
10	149077385	122.24
10	149198076	122.86
10	149226315	122.9
10	149255862	123.0
10	149270543	123.96
10	149301965	123.98
10	149310942	124.0
10	149377196	124.1
10	149393648	124.12
10	149398804	124.15
10	149408608	124.2
10	149436531	124.25
10	149451085	124.27
10	149484004	124.28
10	149497543	124.29
10	149568546	124.29
10	149610146	124.3
10	149642466	124.36
10	149645288	124.36
10	149659610	124.5
10	149706328	124.52
10	149717486	124.6
10	149723764	124.64
10	149832605	124.9
10	149838506	125.0
10	149844570	125.02
10	149852664	125.1
10	149861834	125.5
10	149981026	126.0
10	150080502	126.38
10	150099972	126.4
10	150123575	126.51
10	150126938	126.53
10	150133952	126.55
10	150164604	126.98
10	150169344	127.0
10	150176346	127.2
10	150181028	127.22
10	150197263	127.26
10	150208723	127.78
10	150214238	127.8
10	150261038	128.1
10	150350444	128.12
10	150355866	128.18
10	150359955	128.2
10	150367068	128.25
10	150369828	128.27
10	150373618	128.3
10	150382087	128.32
10	150451026	128.34
10	150500038	128.4
10	150504617	128.42
10	150542108	128.46
10	150630935	128.56
10	150646332	128.58
10	150652800	129.6
10	150701435	130.0
10	150710610	133.06
10	150723144	133.1
10	150728898	133.29
10	150732602	133.3
10	150786585	133.34
10	150803057	133.35
10	150819500	133.37
10	150836306	133.4
10	150842346	133.42
10	150845476	133.44
10	150849360	133.45
10	150926242	133.48
10	150951510	133.5
10	151041741	133.8
10	151046004	133.9
10	151057568	134.0
10	151062926	134.04
10	151090684	134.5
10	151107486	134.52
10	151151309	134.54
10	151156924	134.59
10	151161502	134.6
10	151165730	134.6
10	151200751	135.0
10	151203466	135.2
10	151208098	135.22
10	151216052	135.24
10	151222428	135.26
10	151227815	135.28
10	151306348	135.46
10	151311597	135.48
10	151313432	135.5
10	151403448	135.55
10	151475298	135.58
10	151504340	135.6
10	151509674	135.62
10	151585886	135.75
10	151642164	135.77
10	151738154	135.78
10	151766787	135.8
10	151808143	135.85
10	151943220	135.87
10	151945884	135.88
10	151947727	135.91
10	151949142	135.93
10	152014358	135.98
10	152281433	135.99
10	152286072	135.99
