marker_id	marker_id_norm	old_seqid	old_start	old_end	old_midpoint	old_midpoint_0based	old_source	marker_type	old_strand	genetic_chr	cM	attributes	n_liftover_candidates	target_seqid	target_chr	target_type	target_pos	paf_strand	paf_qstart	paf_qend	paf_tstart	paf_tend	mapq	n_match	aln_len	paf_identity	paf_query_span	same_chr	cigar_status	cigar_map_ok	liftover_status	chr	pos	marker_id_norm_for_join	direct_chr	direct_pos	liftover_chr	liftover_pos	same_chr_direct	delta_pos	abs_delta_pos
solcap_stsnp_c1_6704	solcap_snp_c1_6704	ST4.03ch01	2957398	2957398	2957398	2957397	dundee	SNP	.	1	8.698	ID=solcap_stsnp_c1_6704;Note=type: New OPA;Name=solcap_stsnp_c1_6704; Note=Genetic position = Chr01 8.698 cM	1	chr01	1	chromosome	2967161	+	2905052	2998462	2916171	3007581	60	90861	92118	0.9863544584120367	93410	1	cigar_aligned_base	1	lifted_chr_agree	1	2967161	solcap_snp_c1_6704	1	2967161	1	2967161	True	0	0
solcap_stsnp_c1_6708	solcap_snp_c1_6708	ST4.03ch01	3224553	3224553	3224553	3224552	dundee	SNP	.	1	11.907	ID=solcap_stsnp_c1_6708;Note=type: New OPA;Name=solcap_stsnp_c1_6708; Note=Genetic position = Chr01 11.907 cM	1	chr01	1	chromosome	3231168	+	3222141	3246737	3228756	3251370	60	22538	22652	0.9949673318029313	24596	1	cigar_aligned_base	1	lifted_chr_agree	1	3231168	solcap_snp_c1_6708	1	3231168	1	3231168	True	0	0
solcap_stsnp_c1_6110	solcap_snp_c1_6110	ST4.03ch01	3713077	3713077	3713077	3713076	dundee	SNP	.	1	15.768	ID=solcap_stsnp_c1_6110;Note=type: New OPA;Name=solcap_stsnp_c1_6110; Note=Genetic position = Chr01 15.768 cM	1	chr01	1	chromosome	3694828	+	3681892	3746244	3665660	3727690	60	61791	63203	0.9776592883249213	64352	1	cigar_aligned_base	1	lifted_chr_agree	1	3694828	solcap_snp_c1_6110	1	3694828	1	3694828	True	0	0
solcap_stsnp_c1_15142	solcap_snp_c1_15142	ST4.03ch01	4310143	4310143	4310143	4310142	dundee	SNP	.	1	15.567	ID=solcap_stsnp_c1_15142;Note=type: New OPA;Name=solcap_stsnp_c1_15142; Note=Genetic position = Chr01 15.567 cM	1	chr01	1	chromosome	4644404	+	4256165	4315409	4591137	4649782	60	58522	59358	0.9859159675191213	59244	1	cigar_aligned_base	1	lifted_chr_agree	1	4644404	solcap_snp_c1_15142	1	4644404	1	4644404	True	0	0
solcap_stsnp_c1_15714	solcap_snp_c1_15714	ST4.03ch01	39325733	39325733	39325733	39325732	dundee	SNP	.	1	23.267	ID=solcap_stsnp_c1_15714;Note=type: New OPA;Name=solcap_stsnp_c1_15714; Note=Genetic position = Chr01 23.267 cM	1	chr01	1	chromosome	34774889	+	39299019	39330066	34748914	34779222	60	30250	30391	0.995360468559771	31047	1	cigar_aligned_base	1	lifted_chr_agree	1	34774889	solcap_snp_c1_15714	1	34774889	1	34774889	True	0	0
solcap_stsnp_c1_14565	solcap_snp_c1_14565	ST4.03ch01	44395738	44395738	44395738	44395737	dundee	SNP	.	1	27.244	ID=solcap_stsnp_c1_14565;Note=type: New OPA;Name=solcap_stsnp_c1_14565; Note=Genetic position = Chr01 27.244 cM	1	chr01	1	chromosome	54738957	-	44344556	44407613	54727082	54790202	60	63038	63126	0.998605962677819	63057	1	cigar_aligned_base	1	lifted_chr_agree	1	54738957	solcap_snp_c1_14565	1	54738958	1	54738957	True	-1	1
solcap_stsnp_c1_806	solcap_snp_c1_806	ST4.03ch01	58566960	58566960	58566960	58566959	dundee	SNP	.	1	27.828	ID=solcap_stsnp_c1_806;Note=type: New OPA;Name=solcap_stsnp_c1_806; Note=Genetic position = Chr01 27.828 cM	1	chr01	1	chromosome	60207942	+	58504444	58624565	60145556	60265826	60	119594	120400	0.9933056478405315	120121	1	cigar_aligned_base	1	lifted_chr_agree	1	60207942	solcap_snp_c1_806	1	60207942	1	60207942	True	0	0
solcap_stsnp_c1_12109	solcap_snp_c1_12109	ST4.03ch01	62803084	62803084	62803084	62803083	dundee	SNP	.	1	35.392	ID=solcap_stsnp_c1_12109;Note=type: New OPA;Name=solcap_stsnp_c1_12109; Note=Genetic position = Chr01 35.392 cM	1	chr01	1	chromosome	64336038	+	62787314	62835023	64320268	64367176	60	46903	47709	0.9831059129304743	47709	1	cigar_aligned_base	1	lifted_chr_agree	1	64336038	solcap_snp_c1_12109	1	64336038	1	64336038	True	0	0
solcap_stsnp_c1_13685	solcap_snp_c1_13685	ST4.03ch01	64120558	64120558	64120558	64120557	dundee	SNP	.	1	34.892	ID=solcap_stsnp_c1_13685;Note=type: New OPA;Name=solcap_stsnp_c1_13685; Note=Genetic position = Chr01 34.892 cM	1	chr01	1	chromosome	65627217	+	64099186	64138376	65605845	65644773	60	38892	39158	0.9932070075080444	39190	1	cigar_aligned_base	1	lifted_chr_agree	1	65627217	solcap_snp_c1_13685	1	65627217	1	65627217	True	0	0
solcap_stsnp_c1_14297	solcap_snp_c1_14297	ST4.03ch01	64361950	64361950	64361950	64361949	dundee	SNP	.	1	38.926	ID=solcap_stsnp_c1_14297;Note=type: New OPA;Name=solcap_stsnp_c1_14297; Note=Genetic position = Chr01 38.926 cM	1	chr01	1	chromosome	65854890	+	64293792	64386065	65787200	65878664	60	91245	92042	0.9913409095847547	92273	1	cigar_aligned_base	1	lifted_chr_agree	1	65854890	solcap_snp_c1_14297	1	65854890	1	65854890	True	0	0
solcap_stsnp_c1_4402	solcap_snp_c1_4402	ST4.03ch01	65274601	65274601	65274601	65274600	dundee	SNP	.	1	42.021	ID=solcap_stsnp_c1_4402;Note=type: New OPA;Name=solcap_stsnp_c1_4402; Note=Genetic position = Chr01 42.021 cM	1	chr01	1	chromosome	66757200	+	65252823	65284042	66735421	66766641	60	31218	31221	0.9999039108292496	31219	1	cigar_aligned_base	1	lifted_chr_agree	1	66757200	solcap_snp_c1_4402	1	66757200	1	66757200	True	0	0
solcap_stsnp_c1_4710	solcap_snp_c1_4710	ST4.03ch01	65806975	65806975	65806975	65806974	dundee	SNP	.	1	41.733	ID=solcap_stsnp_c1_4710;Note=type: New OPA;Name=solcap_stsnp_c1_4710; Note=Genetic position = Chr01 41.733 cM	1	chr01	1	chromosome	67271838	+	65793546	65852430	67259463	67317250	60	57774	58887	0.9810993937541392	58884	1	cigar_aligned_base	1	lifted_chr_agree	1	67271838	solcap_snp_c1_4710	1	67271838	1	67271838	True	0	0
solcap_stsnp_c1_4754	solcap_snp_c1_4754	ST4.03ch01	66339796	66339796	66339796	66339795	dundee	SNP	.	1	38.902	ID=solcap_stsnp_c1_4754;Note=type: New OPA;Name=solcap_stsnp_c1_4754; Note=Genetic position = Chr01 38.902 cM	1	chr01	1	chromosome	67733812	+	66259543	66397245	67653942	67789703	60	135534	137016	0.9891837449640918	137702	1	cigar_aligned_base	1	lifted_chr_agree	1	67733812	solcap_snp_c1_4754	1	67733812	1	67733812	True	0	0
solcap_stsnp_c1_4765	solcap_snp_c1_4765	ST4.03ch01	66413929	66413929	66413929	66413928	dundee	SNP	.	1	38.905	ID=solcap_stsnp_c1_4765;Note=type: New OPA;Name=solcap_stsnp_c1_4765; Note=Genetic position = Chr01 38.905 cM	1	chr01	1	chromosome	67805574	+	66400784	66432082	67792626	67823721	60	31090	31299	0.9933224703664654	31298	1	cigar_aligned_base	1	lifted_chr_agree	1	67805574	solcap_snp_c1_4765	1	67805574	1	67805574	True	0	0
solcap_stsnp_c1_11230	solcap_snp_c1_11230	ST4.03ch01	66577014	66577014	66577014	66577013	dundee	SNP	.	1	40.083	ID=solcap_stsnp_c1_11230;Note=type: New OPA;Name=solcap_stsnp_c1_11230; Note=Genetic position = Chr01 40.083 cM	1	chr01	1	chromosome	67932856	+	66532695	66580277	67889242	67936119	60	46759	46834	0.9983985993081949	47582	1	cigar_aligned_base	1	lifted_chr_agree	1	67932856	solcap_snp_c1_11230	1	67932856	1	67932856	True	0	0
solcap_stsnp_c1_5760	solcap_snp_c1_5760	ST4.03ch01	69918875	69918875	69918875	69918874	dundee	SNP	.	1	46.775	ID=solcap_stsnp_c1_5760;Note=type: New OPA;Name=solcap_stsnp_c1_5760; Note=Genetic position = Chr01 46.775 cM	1	chr01	1	chromosome	71116443	+	69877876	70029187	71076640	71224976	60	147970	150260	0.9847597497670704	151311	1	cigar_aligned_base	1	lifted_chr_agree	1	71116443	solcap_snp_c1_5760	1	71116443	1	71116443	True	0	0
solcap_stsnp_c1_3845	solcap_snp_c1_3845	ST4.03ch01	72070782	72070782	72070782	72070781	dundee	SNP	.	1	50.623	ID=solcap_stsnp_c1_3845;Note=type: New OPA;Name=solcap_stsnp_c1_3845; Note=Genetic position = Chr01 50.623 cM	1	chr01	1	chromosome	73171679	+	72035591	72135921	73136488	73237011	60	100160	100669	0.9949438258053621	100330	1	cigar_aligned_base	1	lifted_chr_agree	1	73171679	solcap_snp_c1_3845	1	73171679	1	73171679	True	0	0
solcap_stsnp_c1_6269	solcap_snp_c1_6269	ST4.03ch01	72837041	72837041	72837041	72837040	dundee	SNP	.	1	59.934	ID=solcap_stsnp_c1_6269;Note=type: New OPA;Name=solcap_stsnp_c1_6269; Note=Genetic position = Chr01 59.934 cM	1	chr01	1	chromosome	73928936	+	72825134	72877802	73917028	73969060	60	51990	52676	0.9869769914192421	52668	1	cigar_aligned_base	1	lifted_chr_agree	1	73928936	solcap_snp_c1_6269	1	73928936	1	73928936	True	0	0
solcap_stsnp_c1_6295	solcap_snp_c1_6295	ST4.03ch01	73384602	73384602	73384602	73384601	dundee	SNP	.	1	56.522	ID=solcap_stsnp_c1_6295;Note=type: New OPA;Name=solcap_stsnp_c1_6295; Note=Genetic position = Chr01 56.522 cM	1	chr01	1	chromosome	74448862	+	73365720	73394128	74429983	74458388	60	28403	28408	0.9998239932413404	28408	1	cigar_aligned_base	1	lifted_chr_agree	1	74448862	solcap_snp_c1_6295	1	74448862	1	74448862	True	0	0
solcap_stsnp_c1_14093	solcap_snp_c1_14093	ST4.03ch01	73743526	73743526	73743526	73743525	dundee	SNP	.	1	62.3	ID=solcap_stsnp_c1_14093;Note=type: New OPA;Name=solcap_stsnp_c1_14093; Note=Genetic position = Chr01 62.3 cM	1	chr01	1	chromosome	74794275	+	73713342	73800402	74763978	74844972	60	80546	84566	0.9524631648653124	87060	1	cigar_aligned_base	1	lifted_chr_agree	1	74794275	solcap_snp_c1_14093	1	74794275	1	74794275	True	0	0
solcap_stsnp_c1_15573	solcap_snp_c1_15573	ST4.03ch01	73880230	73880230	73880230	73880229	dundee	SNP	.	1	57.545	ID=solcap_stsnp_c1_15573;Note=type: New OPA;Name=solcap_stsnp_c1_15573; Note=Genetic position = Chr01 57.545 cM	1	chr01	1	chromosome	74921059	+	73869604	73894259	74910407	74935326	60	24613	24927	0.9874032173947928	24655	1	cigar_aligned_base	1	lifted_chr_agree	1	74921059	solcap_snp_c1_15573	1	74921059	1	74921059	True	0	0
solcap_stsnp_c1_4586	solcap_snp_c1_4586	ST4.03ch01	74179524	74179524	74179524	74179523	dundee	SNP	.	1	59.529	ID=solcap_stsnp_c1_4586;Note=type: New OPA;Name=solcap_stsnp_c1_4586; Note=Genetic position = Chr01 59.529 cM	1	chr01	1	chromosome	75121299	+	74145567	74231248	75087793	75171028	60	83185	84783	0.9811518818631093	85681	1	cigar_aligned_base	1	lifted_chr_agree	1	75121299	solcap_snp_c1_4586	1	75121299	1	75121299	True	0	0
solcap_stsnp_c1_4604	solcap_snp_c1_4604	ST4.03ch01	74257861	74257861	74257861	74257860	dundee	SNP	.	1	61.635	ID=solcap_stsnp_c1_4604;Note=type: New OPA;Name=solcap_stsnp_c1_4604; Note=Genetic position = Chr01 61.635 cM	1	chr01	1	chromosome	75196506	+	74245595	74281807	75185057	75220144	60	34742	36110	0.9621157574079202	36212	1	cigar_aligned_base	1	lifted_chr_agree	1	75196506	solcap_snp_c1_4604	1	75196506	1	75196506	True	0	0
solcap_stsnp_c1_4607	solcap_snp_c1_4607	ST4.03ch01	74335053	74335053	74335053	74335052	dundee	SNP	.	1	61.148	ID=solcap_stsnp_c1_4607;Note=type: New OPA;Name=solcap_stsnp_c1_4607; Note=Genetic position = Chr01 61.148 cM	1	chr01	1	chromosome	75266586	+	74312520	74366138	75246038	75297460	60	51379	52130	0.9855937080375983	53618	1	cigar_aligned_base	1	lifted_chr_agree	1	75266586	solcap_snp_c1_4607	1	75266586	1	75266586	True	0	0
solcap_stsnp_c1_15429	solcap_snp_c1_15429	ST4.03ch01	76207281	76207281	76207281	76207280	dundee	SNP	.	1	63.763	ID=solcap_stsnp_c1_15429;Note=type: New OPA;Name=solcap_stsnp_c1_15429; Note=Genetic position = Chr01 63.763 cM	1	chr01	1	chromosome	77039028	+	76205458	76217192	77037251	77048939	60	11684	11734	0.9957388784728141	11734	1	cigar_aligned_base	1	lifted_chr_agree	1	77039028	solcap_snp_c1_15429	1	77039028	1	77039028	True	0	0
solcap_stsnp_c1_2501	solcap_snp_c1_2501	ST4.03ch01	79276534	79276534	79276534	79276533	dundee	SNP	.	1	75.174	ID=solcap_stsnp_c1_2501;Note=type: New OPA;Name=solcap_stsnp_c1_2501; Note=Genetic position = Chr01 75.174 cM	1	chr01	1	chromosome	79880009	+	79257816	79334646	79861291	79937312	60	76004	76101	0.9987253781159249	76830	1	cigar_aligned_base	1	lifted_chr_agree	1	79880009	solcap_snp_c1_2501	1	79880009	1	79880009	True	0	0
solcap_stsnp_c1_2517	solcap_snp_c1_2517	ST4.03ch01	79481643	79481643	79481643	79481642	dundee	SNP	.	1	76.519	ID=solcap_stsnp_c1_2517;Note=type: New OPA;Name=solcap_stsnp_c1_2517; Note=Genetic position = Chr01 76.519 cM	1	chr01	1	chromosome	80095734	+	79445420	79491994	80059721	80105570	60	45713	46431	0.9845361934914174	46574	1	cigar_aligned_base	1	lifted_chr_agree	1	80095734	solcap_snp_c1_2517	1	80095734	1	80095734	True	0	0
solcap_stsnp_c1_3297	solcap_snp_c1_3297	ST4.03ch01	80945395	80945395	80945395	80945394	dundee	SNP	.	1	81.408	ID=solcap_stsnp_c1_3297;Note=type: New OPA;Name=solcap_stsnp_c1_3297; Note=Genetic position = Chr01 81.408 cM	1	chr01	1	chromosome	81517833	+	80815619	80969172	81389886	81539134	60	148615	149554	0.9937213314254383	153553	1	cigar_aligned_base	1	lifted_chr_agree	1	81517833	solcap_snp_c1_3297	1	81517833	1	81517833	True	0	0
solcap_stsnp_c1_3281	solcap_snp_c1_3281	ST4.03ch01	81598650	81598650	81598650	81598649	dundee	SNP	.	1	78.463	ID=solcap_stsnp_c1_3281;Note=type: New OPA;Name=solcap_stsnp_c1_3281; Note=Genetic position = Chr01 78.463 cM	1	chr01	1	chromosome	82100630	+	81554776	81682621	82062415	82173021	60	110314	112972	0.9764720461707326	127845	1	cigar_aligned_base	1	lifted_chr_agree	1	82100630	solcap_snp_c1_3281	1	82100630	1	82100630	True	0	0
solcap_stsnp_c1_1652	solcap_snp_c1_1652	ST4.03ch01	83457092	83457092	83457092	83457091	dundee	SNP	.	1	81.476	ID=solcap_stsnp_c1_1652;Note=type: New OPA;Name=solcap_stsnp_c1_1652; Note=Genetic position = Chr01 81.476 cM	1	chr01	1	chromosome	83852715	+	83450088	83556634	83846149	83949849	60	103082	103834	0.9927576708977791	106546	1	cigar_aligned_base	1	lifted_chr_agree	1	83852715	solcap_snp_c1_1652	1	83451642	1	83852715	True	401073	401073
solcap_stsnp_c1_1724	solcap_snp_c1_1724	ST4.03ch01	83502074	83502074	83502074	83502073	dundee	SNP	.	1	81.579	ID=solcap_stsnp_c1_1724;Note=type: New OPA;Name=solcap_stsnp_c1_1724; Note=Genetic position = Chr01 81.579 cM	1	chr01	1	chromosome	83896183	+	83450088	83556634	83846149	83949849	60	103082	103834	0.9927576708977791	106546	1	cigar_aligned_base	1	lifted_chr_agree	1	83896183	solcap_snp_c1_1724	1	83896183	1	83896183	True	0	0
solcap_stsnp_c1_1731	solcap_snp_c1_1731	ST4.03ch01	83593936	83593936	83593936	83593935	dundee	SNP	.	1	82.021	ID=solcap_stsnp_c1_1731;Note=type: New OPA;Name=solcap_stsnp_c1_1731; Note=Genetic position = Chr01 82.021 cM	1	chr01	1	chromosome	83987313	+	83556823	83617494	83950200	84010170	60	59925	60005	0.9986667777685193	60671	1	cigar_aligned_base	1	lifted_chr_agree	1	83987313	solcap_snp_c1_1731	1	83987313	1	83987313	True	0	0
solcap_stsnp_c1_1748	solcap_snp_c1_1748	ST4.03ch01	83705685	83705685	83705685	83705684	dundee	SNP	.	1	82.017	ID=solcap_stsnp_c1_1748;Note=type: New OPA;Name=solcap_stsnp_c1_1748; Note=Genetic position = Chr01 82.017 cM	1	chr01	1	chromosome	84095795	+	83646846	83754626	84037942	84142257	60	104004	105522	0.9856143742537101	107780	1	cigar_aligned_base	1	lifted_chr_agree	1	84095795	solcap_snp_c1_1748	1	84095795	1	84095795	True	0	0
solcap_stsnp_c1_1577	solcap_snp_c1_1577	ST4.03ch01	83756771	83756771	83756771	83756770	dundee	SNP	.	1	82.023	ID=solcap_stsnp_c1_1577;Note=type: New OPA;Name=solcap_stsnp_c1_1577; Note=Genetic position = Chr01 82.023 cM	1	chr01	1	chromosome	84144580	+	83755388	83775845	84143197	84162729	60	19526	20463	0.9542100376288911	20457	1	cigar_aligned_base	1	lifted_chr_agree	1	84144580	solcap_snp_c1_1577	1	84144580	1	84144580	True	0	0
solcap_stsnp_c1_10893	solcap_snp_c1_10893	ST4.03ch01	84487050	84487050	84487050	84487049	dundee	SNP	.	1	83.125	ID=solcap_stsnp_c1_10893;Note=type: New OPA;Name=solcap_stsnp_c1_10893; Note=Genetic position = Chr01 83.125 cM	1	chr01	1	chromosome	84845644	+	84466473	84512514	84825309	84871264	60	45783	46208	0.9908024584487535	46041	1	cigar_aligned_base	1	lifted_chr_agree	1	84845644	solcap_snp_c1_10893	1	84845644	1	84845644	True	0	0
solcap_stsnp_c1_23	solcap_snp_c1_23	ST4.03ch01	85244059	85244059	85244059	85244058	dundee	SNP	.	1	83.267	ID=solcap_stsnp_c1_23;Note=type: New OPA;Name=solcap_stsnp_c1_23; Note=Genetic position = Chr01 83.267 cM	1	chr01	1	chromosome	85589930	+	85195786	85270726	85541975	85615507	60	73484	74300	0.9890174966352624	74940	1	cigar_aligned_base	1	lifted_chr_agree	1	85589930	solcap_snp_c1_23	1	85589930	1	85589930	True	0	0
solcap_stsnp_c1_14689	solcap_snp_c1_14689	ST4.03ch01	86161359	86161359	86161359	86161358	dundee	SNP	.	1	83.709	ID=solcap_stsnp_c1_14689;Note=type: New OPA;Name=solcap_stsnp_c1_14689; Note=Genetic position = Chr01 83.709 cM	1	chr01	1	chromosome	86449536	+	86125269	86176093	86408509	86464712	60	50228	56664	0.8864181843851475	50824	1	cigar_aligned_base	1	lifted_chr_agree	1	86449536	solcap_snp_c1_14689	1	86449536	1	86449536	True	0	0
solcap_stsnp_c1_5228	solcap_snp_c1_5228	ST4.03ch02	14350758	14350758	14350758	14350757	dundee	SNP	.	2	14.037	ID=solcap_stsnp_c1_5228;Note=type: New OPA;Name=solcap_stsnp_c1_5228; Note=Genetic position = Chr02 14.037 cM	1	chr02	2	chromosome	13854680	+	14293842	14419365	13799030	13920503	60	121177	121806	0.9948360507692561	125523	1	cigar_aligned_base	1	lifted_chr_agree	2	13854680	solcap_snp_c1_5228	2	13854680	2	13854680	True	0	0
solcap_stsnp_c1_9122	solcap_snp_c1_9122	ST4.03ch02	19199038	19199038	19199038	19199037	dundee	SNP	.	2	17.27	ID=solcap_stsnp_c1_9122;Note=type: New OPA;Name=solcap_stsnp_c1_9122; Note=Genetic position = Chr02 17.27 cM	1	chr02	2	chromosome	18485069	+	19184020	19207656	18470040	18493299	60	23227	23657	0.9818235617364839	23636	1	cigar_aligned_base	1	lifted_chr_agree	2	18485069	solcap_snp_c1_9122	2	18485069	2	18485069	True	0	0
solcap_stsnp_c1_5749	solcap_snp_c1_5749	ST4.03ch02	20754871	20754871	20754871	20754870	dundee	SNP	.	2	9.702	ID=solcap_stsnp_c1_5749;Note=type: New OPA;Name=solcap_stsnp_c1_5749; Note=Genetic position = Chr02 9.702 cM	1	chr02	2	chromosome	19873304	+	20728239	20909323	19846994	20024449	60	177078	178797	0.9903857447272605	181084	1	cigar_aligned_base	1	lifted_chr_agree	2	19873304	solcap_snp_c1_5749	2	19873304	2	19873304	True	0	0
solcap_stsnp_c1_9725	solcap_snp_c1_9725	ST4.03ch02	22750065	22750065	22750065	22750064	dundee	SNP	.	2	20.452	ID=solcap_stsnp_c1_9725;Note=type: New OPA;Name=solcap_stsnp_c1_9725; Note=Genetic position = Chr02 20.452 cM	1	chr02	2	chromosome	21788784	+	22743576	22769011	21782298	21807730	60	25429	25437	0.9996854975036364	25435	1	cigar_aligned_base	1	lifted_chr_agree	2	21788784	solcap_snp_c1_9725	2	21788784	2	21788784	True	0	0
solcap_stsnp_c1_9732	solcap_snp_c1_9732	ST4.03ch02	22770204	22770204	22770204	22770203	dundee	SNP	.	2	20.269	ID=solcap_stsnp_c1_9732;Note=type: New OPA;Name=solcap_stsnp_c1_9732; Note=Genetic position = Chr02 20.269 cM	1	chr02	2	chromosome	21808866	+	22769104	22792495	21807766	21831287	60	23384	23525	0.9940063761955367	23391	1	cigar_aligned_base	1	lifted_chr_agree	2	21808866	solcap_snp_c1_9732	2	21808866	2	21808866	True	0	0
solcap_stsnp_c1_16347	solcap_snp_c1_16347	ST4.03ch02	22932497	22932497	22932497	22932496	dundee	SNP	.	2	18.876	ID=solcap_stsnp_c1_16347;Note=type: New OPA;Name=solcap_stsnp_c1_16347; Note=Genetic position = Chr02 18.876 cM	1	chr02	2	chromosome	21965487	+	22923101	22935882	21956089	21968877	60	12770	12795	0.9980461117624072	12781	1	cigar_aligned_base	1	lifted_chr_agree	2	21965487	solcap_snp_c1_16347	2	21965487	2	21965487	True	0	0
solcap_stsnp_c1_15404	solcap_snp_c1_15404	ST4.03ch02	24858189	24858189	24858189	24858188	dundee	SNP	.	2	22.668	ID=solcap_stsnp_c1_15404;Note=type: New OPA;Name=solcap_stsnp_c1_15404; Note=Genetic position = Chr02 22.668 cM	1	chr02	2	chromosome	23885399	+	24852342	24868909	23879784	23896134	60	16332	16398	0.9959751189169411	16567	1	cigar_aligned_base	1	lifted_chr_agree	2	23885399	solcap_snp_c1_15404	2	23885399	2	23885399	True	0	0
solcap_stsnp_c1_11486	solcap_snp_c1_11486	ST4.03ch02	26169748	26169748	26169748	26169747	dundee	SNP	.	2	22.273	ID=solcap_stsnp_c1_11486;Note=type: New OPA;Name=solcap_stsnp_c1_11486; Note=Genetic position = Chr02 22.273 cM	1	chr02	2	chromosome	25017414	+	26139077	26221383	24986743	25069030	60	82044	82504	0.9944245127508969	82306	1	cigar_aligned_base	1	lifted_chr_agree	2	25017414	solcap_snp_c1_11486	2	25017414	2	25017414	True	0	0
solcap_stsnp_c1_9302	solcap_snp_c1_9302	ST4.03ch02	26527354	26527354	26527354	26527353	dundee	SNP	.	2	22.448	ID=solcap_stsnp_c1_9302;Note=type: New OPA;Name=solcap_stsnp_c1_9302; Note=Genetic position = Chr02 22.448 cM	1	chr02	2	chromosome	25370147	+	26491471	26534510	25335297	25377303	60	41972	42350	0.9910743801652893	43039	1	cigar_aligned_base	1	lifted_chr_agree	2	25370147	solcap_snp_c1_9302	2	25370147	2	25370147	True	0	0
solcap_stsnp_c1_9369	solcap_snp_c1_9369	ST4.03ch02	26799085	26799085	26799085	26799084	dundee	SNP	.	2	23.334	ID=solcap_stsnp_c1_9369;Note=type: New OPA;Name=solcap_stsnp_c1_9369; Note=Genetic position = Chr02 23.334 cM	1	chr02	2	chromosome	25639644	+	26795361	26807154	25635920	25647712	60	11782	11795	0.9988978380669775	11793	1	cigar_aligned_base	1	lifted_chr_agree	2	25639644	solcap_snp_c1_9369	2	25639644	2	25639644	True	0	0
solcap_stsnp_c1_9376	solcap_snp_c1_9376	ST4.03ch02	26907575	26907575	26907575	26907574	dundee	SNP	.	2	23.433	ID=solcap_stsnp_c1_9376;Note=type: New OPA;Name=solcap_stsnp_c1_9376; Note=Genetic position = Chr02 23.433 cM	1	chr02	2	chromosome	25706037	+	26907198	26915437	25705660	25713898	60	8237	8239	0.9997572520937007	8239	1	cigar_aligned_base	1	lifted_chr_agree	2	25706037	solcap_snp_c1_9376	2	25706037	2	25706037	True	0	0
solcap_stsnp_c1_13468	solcap_snp_c1_13468	ST4.03ch02	27200020	27200020	27200020	27200019	dundee	SNP	.	2	26.967	ID=solcap_stsnp_c1_13468;Note=type: New OPA;Name=solcap_stsnp_c1_13468; Note=Genetic position = Chr02 26.967 cM	1	chr02	2	chromosome	25999493	+	27038115	27210119	25839799	26009654	60	169563	170311	0.9956080347129663	172004	1	cigar_aligned_base	1	lifted_chr_agree	2	25999493	solcap_snp_c1_13468	2	25999493	2	25999493	True	0	0
solcap_stsnp_c1_5078	solcap_snp_c1_5078	ST4.03ch02	28927255	28927255	28927255	28927254	dundee	SNP	.	2	29.406	ID=solcap_stsnp_c1_5078;Note=type: New OPA;Name=solcap_stsnp_c1_5078; Note=Genetic position = Chr02 29.406 cM	1	chr02	2	chromosome	27527543	+	28899182	28932472	27500497	27532760	60	32234	32391	0.9951529745917076	33290	1	cigar_aligned_base	1	lifted_chr_agree	2	27527543	solcap_snp_c1_5078	2	27527543	2	27527543	True	0	0
solcap_stsnp_c1_16340	solcap_snp_c1_16340	ST4.03ch02	29020687	29020687	29020687	29020686	dundee	SNP	.	2	28.867	ID=solcap_stsnp_c1_16340;Note=type: New OPA;Name=solcap_stsnp_c1_16340; Note=Genetic position = Chr02 28.867 cM	1	chr02	2	chromosome	27620643	+	28932697	29026076	27532900	27625991	60	92976	93368	0.9958015594207865	93379	1	cigar_aligned_base	1	lifted_chr_agree	2	27620643	solcap_snp_c1_16340	2	27620643	2	27620643	True	0	0
solcap_stsnp_c1_16341	solcap_snp_c1_16341	ST4.03ch02	29045616	29045616	29045616	29045615	dundee	SNP	.	2	27.157	ID=solcap_stsnp_c1_16341;Note=type: New OPA;Name=solcap_stsnp_c1_16341; Note=Genetic position = Chr02 27.157 cM	1	chr02	2	chromosome	27646352	+	29038497	29049752	27639233	27650488	60	11255	11255	1.0	11255	1	cigar_aligned_base	1	lifted_chr_agree	2	27646352	solcap_snp_c1_16341	2	27646352	2	27646352	True	0	0
solcap_stsnp_c1_13929	solcap_snp_c1_13929	ST4.03ch02	29929027	29929027	29929027	29929026	dundee	SNP	.	2	30.435	ID=solcap_stsnp_c1_13929;Note=type: New OPA;Name=solcap_stsnp_c1_13929; Note=Genetic position = Chr02 30.435 cM	1	chr02	2	chromosome	28460955	+	29920112	29957807	28452040	28489692	60	37636	37698	0.9983553504164677	37695	1	cigar_aligned_base	1	lifted_chr_agree	2	28460955	solcap_snp_c1_13929	2	28460955	2	28460955	True	0	0
solcap_stsnp_c1_13914	solcap_snp_c1_13914	ST4.03ch02	30053177	30053177	30053177	30053176	dundee	SNP	.	2	30.371	ID=solcap_stsnp_c1_13914;Note=type: New OPA;Name=solcap_stsnp_c1_13914; Note=Genetic position = Chr02 30.371 cM	1	chr02	2	chromosome	28582692	+	30020684	30080867	28552951	28610330	60	57247	58242	0.982916108650115	60183	1	cigar_aligned_base	1	lifted_chr_agree	2	28582692	solcap_snp_c1_13914	2	28582692	2	28582692	True	0	0
solcap_stsnp_c1_16350	solcap_snp_c1_16350	ST4.03ch02	30217175	30217175	30217175	30217174	dundee	SNP	.	2	31.795	ID=solcap_stsnp_c1_16350;Note=type: New OPA;Name=solcap_stsnp_c1_16350; Note=Genetic position = Chr02 31.795 cM	1	chr02	2	chromosome	28703842	+	30204905	30246595	28691733	28733356	60	41337	41810	0.988686917005501	41690	1	cigar_aligned_base	1	lifted_chr_agree	2	28703842	solcap_snp_c1_16350	2	28703842	2	28703842	True	0	0
solcap_stsnp_c1_13234	solcap_snp_c1_13234	ST4.03ch02	31663570	31663570	31663570	31663569	dundee	SNP	.	2	35.092	ID=solcap_stsnp_c1_13234;Note=type: New OPA;Name=solcap_stsnp_c1_13234; Note=Genetic position = Chr02 35.092 cM	1	chr02	2	chromosome	30080945	+	31650468	31683407	30067802	30099801	60	31942	31992	0.9984371092773193	32939	1	cigar_aligned_base	1	lifted_chr_agree	2	30080945	solcap_snp_c1_13234	2	30080945	2	30080945	True	0	0
solcap_stsnp_c1_11588	solcap_snp_c1_11588	ST4.03ch02	32077377	32077377	32077377	32077376	dundee	SNP	.	2	35.561	ID=solcap_stsnp_c1_11588;Note=type: New OPA;Name=solcap_stsnp_c1_11588; Note=Genetic position = Chr02 35.561 cM	1	chr02	2	chromosome	30450017	+	32077023	32113147	30449663	30485514	60	35828	36147	0.9911749246133842	36124	1	cigar_aligned_base	1	lifted_chr_agree	2	30450017	solcap_snp_c1_11588	2	30450017	2	30450017	True	0	0
solcap_stsnp_c1_14822	solcap_snp_c1_14822	ST4.03ch02	35677298	35677298	35677298	35677297	dundee	SNP	.	2	43.862	ID=solcap_stsnp_c1_14822;Note=type: New OPA;Name=solcap_stsnp_c1_14822; Note=Genetic position = Chr02 43.862 cM	1	chr02	2	chromosome	33716215	+	35653519	35691642	33692597	33730557	60	37938	38131	0.994938501481734	38123	1	cigar_aligned_base	1	lifted_chr_agree	2	33716215	solcap_snp_c1_14822	2	33716215	2	33716215	True	0	0
solcap_stsnp_c1_5877	solcap_snp_c1_5877	ST4.03ch02	36198536	36198536	36198536	36198535	dundee	SNP	.	2	45.178	ID=solcap_stsnp_c1_5877;Note=type: New OPA;Name=solcap_stsnp_c1_5877; Note=Genetic position = Chr02 45.178 cM	1	chr02	2	chromosome	34203746	+	36179569	36225143	34184775	34230056	60	45037	45806	0.9832118063135834	45574	1	cigar_aligned_base	1	lifted_chr_agree	2	34203746	solcap_snp_c1_5877	2	34203746	2	34203746	True	0	0
solcap_stsnp_c1_5850	solcap_snp_c1_5850	ST4.03ch02	36660072	36660072	36660072	36660071	dundee	SNP	.	2	49.569	ID=solcap_stsnp_c1_5850;Note=type: New OPA;Name=solcap_stsnp_c1_5850; Note=Genetic position = Chr02 49.569 cM	1	chr02	2	chromosome	34661319	+	36588641	36667829	34592311	34668633	60	76159	76753	0.9922608888251925	79188	1	cigar_aligned_base	1	lifted_chr_agree	2	34661319	solcap_snp_c1_5850	2	34661319	2	34661319	True	0	0
solcap_stsnp_c1_12377	solcap_snp_c1_12377	ST4.03ch02	37341815	37341815	37341815	37341814	dundee	SNP	.	2	47.129	ID=solcap_stsnp_c1_12377;Note=type: New OPA;Name=solcap_stsnp_c1_12377; Note=Genetic position = Chr02 47.129 cM	1	chr02	2	chromosome	35334126	+	37320250	37345315	35313986	35337626	60	23624	25068	0.9423966810276049	25065	1	cigar_aligned_base	1	lifted_chr_agree	2	35334126	solcap_snp_c1_12377	2	35334126	2	35334126	True	0	0
solcap_stsnp_c1_16172	solcap_snp_c1_16172	ST4.03ch02	37475092	37475092	37475092	37475091	dundee	SNP	.	2	46.584	ID=solcap_stsnp_c1_16172;Note=type: New OPA;Name=solcap_stsnp_c1_16172; Note=Genetic position = Chr02 46.584 cM	1	chr02	2	chromosome	35468438	+	37468174	37495088	35461402	35488435	60	26897	27035	0.9948955058257813	26914	1	cigar_aligned_base	1	lifted_chr_agree	2	35468438	solcap_snp_c1_16172	2	35468438	2	35468438	True	0	0
solcap_stsnp_c1_7931	solcap_snp_c1_7931	ST4.03ch02	41432006	41432006	41432006	41432005	dundee	SNP	.	2	59.058	ID=solcap_stsnp_c1_7931;Note=type: New OPA;Name=solcap_stsnp_c1_7931; Note=Genetic position = Chr02 59.058 cM	1	chr02	2	chromosome	39157665	+	41429402	41458030	39155062	39183692	60	28626	28631	0.9998253641158186	28628	1	cigar_aligned_base	1	lifted_chr_agree	2	39157665	solcap_snp_c1_7931	2	38479345	2	39157665	True	678320	678320
solcap_stsnp_c1_7346	solcap_snp_c1_7346	ST4.03ch02	42597150	42597150	42597150	42597149	dundee	SNP	.	2	63.435	ID=solcap_stsnp_c1_7346;Note=type: New OPA;Name=solcap_stsnp_c1_7346; Note=Genetic position = Chr02 63.435 cM	1	chr02	2	chromosome	40296554	+	42544887	42619013	40247051	40317614	60	70518	71193	0.9905187307740929	74126	1	cigar_aligned_base	1	lifted_chr_agree	2	40296554	solcap_snp_c1_7346	2	40296554	2	40296554	True	0	0
solcap_stsnp_c1_8429	solcap_snp_c1_8429	ST4.03ch02	43675446	43675446	43675446	43675445	dundee	SNP	.	2	64.916	ID=solcap_stsnp_c1_8429;Note=type: New OPA;Name=solcap_stsnp_c1_8429; Note=Genetic position = Chr02 64.916 cM	1	chr02	2	chromosome	41240921	+	43669573	43682413	41235005	41247889	60	12836	12887	0.9960425234732676	12840	1	cigar_aligned_base	1	lifted_chr_agree	2	41240921	solcap_snp_c1_8429	2	41240921	2	41240921	True	0	0
solcap_stsnp_c1_8464	solcap_snp_c1_8464	ST4.03ch02	44331700	44331700	44331700	44331699	dundee	SNP	.	2	66.529	ID=solcap_stsnp_c1_8464;Note=type: New OPA;Name=solcap_stsnp_c1_8464; Note=Genetic position = Chr02 66.529 cM	1	chr02	2	chromosome	41878492	+	44301793	44363183	41848541	41909367	60	60769	61272	0.9917907037472254	61390	1	cigar_aligned_base	1	lifted_chr_agree	2	41878492	solcap_snp_c1_8464	2	41878492	2	41878492	True	0	0
solcap_stsnp_c1_8485	solcap_snp_c1_8485	ST4.03ch02	44590397	44590397	44590397	44590396	dundee	SNP	.	2	65.395	ID=solcap_stsnp_c1_8485;Note=type: New OPA;Name=solcap_stsnp_c1_8485; Note=Genetic position = Chr02 65.395 cM	1	chr02	2	chromosome	42131765	+	44544416	44691012	42085598	42228798	60	142643	145941	0.9774018267656107	146596	1	cigar_aligned_base	1	lifted_chr_agree	2	42131765	solcap_snp_c1_8485	2	42131765	2	42131765	True	0	0
solcap_stsnp_c1_12534	solcap_snp_c1_12534	ST4.03ch02	45033905	45033905	45033905	45033904	dundee	SNP	.	2	67.77	ID=solcap_stsnp_c1_12534;Note=type: New OPA;Name=solcap_stsnp_c1_12534; Note=Genetic position = Chr02 67.77 cM	1	chr02	2	chromosome	42567199	+	44861633	45040437	42396005	42573731	60	177358	178162	0.9954872531740775	178804	1	cigar_aligned_base	1	lifted_chr_agree	2	42567199	solcap_snp_c1_12534	2	42567199	2	42567199	True	0	0
solcap_stsnp_c1_7864	solcap_snp_c1_7864	ST4.03ch02	46684930	46684930	46684930	46684929	dundee	SNP	.	2	71.022	ID=solcap_stsnp_c1_7864;Note=type: New OPA;Name=solcap_stsnp_c1_7864; Note=Genetic position = Chr02 71.022 cM	1	chr02	2	chromosome	44199967	+	46542985	46736035	44060617	44249952	60	188594	190908	0.9878789783560668	193050	1	cigar_aligned_base	1	lifted_chr_agree	2	44199967	solcap_snp_c1_7864	2	44199967	2	44199967	True	0	0
solcap_stsnp_c1_14740	solcap_snp_c1_14740	ST4.03ch02	46757863	46757863	46757863	46757862	dundee	SNP	.	2	71.402	ID=solcap_stsnp_c1_14740;Note=type: New OPA;Name=solcap_stsnp_c1_14740; Note=Genetic position = Chr02 71.402 cM	1	chr02	2	chromosome	44271733	+	46755855	46791503	44269725	44305372	60	35644	35648	0.9998877917414721	35648	1	cigar_aligned_base	1	lifted_chr_agree	2	44271733	solcap_snp_c1_14740	2	44271733	2	44271733	True	0	0
solcap_stsnp_c1_10633	solcap_snp_c1_10633	ST4.03ch02	47547061	47547061	47547061	47547060	dundee	SNP	.	2	73.462	ID=solcap_stsnp_c1_10633;Note=type: New OPA;Name=solcap_stsnp_c1_10633; Note=Genetic position = Chr02 73.462 cM	1	chr02	2	chromosome	45046071	+	47471863	47585885	44971965	45084900	60	112872	114083	0.9893849215045186	114022	1	cigar_aligned_base	1	lifted_chr_agree	2	45046071	solcap_snp_c1_10633	2	45046071	2	45046071	True	0	0
solcap_stsnp_c1_14813	solcap_snp_c1_14813	ST4.03ch03	2565354	2565354	2565354	2565353	dundee	SNP	.	3	5.423	ID=solcap_stsnp_c1_14813;Note=type: New OPA;Name=solcap_stsnp_c1_14813; Note=Genetic position = Chr03 5.423 cM	1	chr03	3	chromosome	2647267	+	2530713	2580140	2613481	2661762	60	48173	48530	0.9926437255305997	49427	1	cigar_aligned_base	1	lifted_chr_agree	3	2647267	solcap_snp_c1_14813	3	2647267	3	2647267	True	0	0
solcap_stsnp_c1_13889	solcap_snp_c1_13889	ST4.03ch03	2764068	2764068	2764068	2764067	dundee	SNP	.	3	5.21	ID=solcap_stsnp_c1_13889;Note=type: New OPA;Name=solcap_stsnp_c1_13889; Note=Genetic position = Chr03 5.21 cM	1	chr03	3	chromosome	2851481	+	2731198	2822803	2820621	2907634	60	86689	90122	0.9619071924724263	91605	1	cigar_aligned_base	1	lifted_chr_agree	3	2851481	solcap_snp_c1_13889	3	2851481	3	2851481	True	0	0
solcap_stsnp_c1_10555	solcap_snp_c1_10555	ST4.03ch03	13393873	13393873	13393873	13393872	dundee	SNP	.	3	13.38	ID=solcap_stsnp_c1_10555;Note=type: New OPA;Name=solcap_stsnp_c1_10555; Note=Genetic position = Chr03 13.38 cM	1	chr03	3	chromosome	28208377	+	13388707	13397990	28203266	28212494	60	9227	9284	0.9938604049978458	9283	1	cigar_aligned_base	1	lifted_chr_agree	3	28208377	solcap_snp_c1_10555	3	28208377	3	28208377	True	0	0
solcap_stsnp_c1_10746	solcap_snp_c1_10746	ST4.03ch03	17038501	17038501	17038501	17038500	dundee	SNP	.	3	16.443	ID=solcap_stsnp_c1_10746;Note=type: New OPA;Name=solcap_stsnp_c1_10746; Note=Genetic position = Chr03 16.443 cM	1	chr03	3	chromosome	31640737	+	17031726	17048180	31633961	31650419	60	16453	16458	0.9996961963786608	16454	1	cigar_aligned_base	1	lifted_chr_agree	3	31640737	solcap_snp_c1_10746	3	31640737	3	31640737	True	0	0
solcap_stsnp_c1_11338	solcap_snp_c1_11338	ST4.03ch03	40332683	40332683	40332683	40332682	dundee	SNP	.	3	27.871	ID=solcap_stsnp_c1_11338;Note=type: New OPA;Name=solcap_stsnp_c1_11338; Note=Genetic position = Chr03 27.871 cM	1	chr03	3	chromosome	39577744	+	40316744	40382509	39561812	39625893	60	64024	64719	0.9892612679429534	65765	1	cigar_aligned_base	1	lifted_chr_agree	3	39577744	solcap_snp_c1_11338	3	39577744	3	39577744	True	0	0
solcap_stsnp_c1_6856	solcap_snp_c1_6856	ST4.03ch03	42234330	42234330	42234330	42234329	dundee	SNP	.	3	35.853	ID=solcap_stsnp_c1_6856;Note=type: New OPA;Name=solcap_stsnp_c1_6856; Note=Genetic position = Chr03 35.853 cM	1	chr03	3	chromosome	41247283	+	42210112	42243985	41222992	41256938	60	33642	33983	0.9899655710208045	33873	1	cigar_aligned_base	1	lifted_chr_agree	3	41247283	solcap_snp_c1_6856	3	41247283	3	41247283	True	0	0
solcap_stsnp_c1_6307	solcap_snp_c1_6307	ST4.03ch03	48741845	48741845	48741845	48741844	dundee	SNP	.	3	40.788	ID=solcap_stsnp_c1_6307;Note=type: New OPA;Name=solcap_stsnp_c1_6307; Note=Genetic position = Chr03 40.788 cM	1	chr03	3	chromosome	44060272	-	48737126	48812794	43990411	44064448	60	73815	75085	0.9830858360524739	75668	1	cigar_aligned_base	1	lifted_chr_agree	3	44060272	solcap_snp_c1_6307	3	44060650	3	44060272	True	-378	378
solcap_stsnp_c1_4565	solcap_snp_c1_4565	ST4.03ch03	53963674	53963674	53963674	53963673	dundee	SNP	.	3	49.929	ID=solcap_stsnp_c1_4565;Note=type: New OPA;Name=solcap_stsnp_c1_4565; Note=Genetic position = Chr03 49.929 cM	1	chr03	3	chromosome	52548334	+	53949314	53965160	52535072	52549820	60	14717	14819	0.9931169444631891	15846	1	cigar_aligned_base	1	lifted_chr_agree	3	52548334	solcap_snp_c1_4565	3	51716524	3	52548334	True	831810	831810
solcap_stsnp_c1_14158	solcap_snp_c1_14158	ST4.03ch03	53993257	53993257	53993257	53993256	dundee	SNP	.	3	61.505	ID=solcap_stsnp_c1_14158;Note=type: New OPA;Name=solcap_stsnp_c1_14158; Note=Genetic position = Chr03 61.505 cM	1	chr03	3	chromosome	52594978	+	53966269	54013455	52568531	52615180	60	46631	47192	0.9881123919308358	47186	1	cigar_aligned_base	1	lifted_chr_agree	3	52594978	solcap_snp_c1_14158	3	52594978	3	52594978	True	0	0
solcap_stsnp_c1_14161	solcap_snp_c1_14161	ST4.03ch03	54112707	54112707	54112707	54112706	dundee	SNP	.	3	60.839	ID=solcap_stsnp_c1_14161;Note=type: New OPA;Name=solcap_stsnp_c1_14161; Note=Genetic position = Chr03 60.839 cM	1	chr03	3	chromosome	52713842	+	54099073	54152074	52700327	52752804	60	52258	52575	0.9939705183071802	53001	1	cigar_aligned_base	1	lifted_chr_agree	3	52713842	solcap_snp_c1_14161	3	52713842	3	52713842	True	0	0
solcap_stsnp_c1_7093	solcap_snp_c1_7093	ST4.03ch03	54469120	54469120	54469120	54469119	dundee	SNP	.	3	62.36	ID=solcap_stsnp_c1_7093;Note=type: New OPA;Name=solcap_stsnp_c1_7093; Note=Genetic position = Chr03 62.36 cM	1	chr03	3	chromosome	53054120	+	54430643	54504526	53025818	53089546	60	63657	64586	0.9856160777877558	73883	1	cigar_aligned_base	1	lifted_chr_agree	3	53054120	solcap_snp_c1_7093	3	53054120	3	53054120	True	0	0
solcap_stsnp_c1_86	solcap_snp_c1_86	ST4.03ch03	57978544	57978544	57978544	57978543	dundee	SNP	.	3	69.398	ID=solcap_stsnp_c1_86;Note=type: New OPA;Name=solcap_stsnp_c1_86; Note=Genetic position = Chr03 69.398 cM	1	chr03	3	chromosome	56427199	+	57961255	57988579	56410638	56437234	60	26592	26622	0.9988731124633762	27324	1	cigar_aligned_base	1	lifted_chr_agree	3	56427199	solcap_snp_c1_86	3	56427199	3	56427199	True	0	0
solcap_stsnp_c1_59	solcap_snp_c1_59	ST4.03ch03	58440752	58440752	58440752	58440751	dundee	SNP	.	3	71.847	ID=solcap_stsnp_c1_59;Note=type: New OPA;Name=solcap_stsnp_c1_59; Note=Genetic position = Chr03 71.847 cM	1	chr03	3	chromosome	56912914	+	58357107	58478206	56830890	56950195	60	118882	120143	0.9895041741924206	121099	1	cigar_aligned_base	1	lifted_chr_agree	3	56912914	solcap_snp_c1_59	3	56912914	3	56912914	True	0	0
solcap_stsnp_c1_27	solcap_snp_c1_27	ST4.03ch03	58654343	58654343	58654343	58654342	dundee	SNP	.	3	71.2	ID=solcap_stsnp_c1_27;Note=type: New OPA;Name=solcap_stsnp_c1_27; Note=Genetic position = Chr03 71.2 cM	1	chr03	3	chromosome	57127483	+	58643261	58660851	57116387	57134138	60	17590	17751	0.9909300884457214	17590	1	cigar_aligned_base	1	lifted_chr_agree	3	57127483	solcap_snp_c1_27	3	57127483	3	57127483	True	0	0
solcap_stsnp_c1_155	solcap_snp_c1_155	ST4.03ch03	58855738	58855738	58855738	58855737	dundee	SNP	.	3	71.514	ID=solcap_stsnp_c1_155;Note=type: New OPA;Name=solcap_stsnp_c1_155; Note=Genetic position = Chr03 71.514 cM	1	chr03	3	chromosome	57326019	+	58776985	58902937	57248846	57372918	60	124041	125119	0.991384202239468	125952	1	cigar_aligned_base	1	lifted_chr_agree	3	57326019	solcap_snp_c1_155	3	57326019	3	57326019	True	0	0
solcap_stsnp_c1_152	solcap_snp_c1_152	ST4.03ch03	58940134	58940134	58940134	58940133	dundee	SNP	.	3	71.008	ID=solcap_stsnp_c1_152;Note=type: New OPA;Name=solcap_stsnp_c1_152; Note=Genetic position = Chr03 71.008 cM	1	chr03	3	chromosome	57408932	+	58918729	59012288	57387797	57480265	60	92241	92546	0.9967043416247056	93559	1	cigar_aligned_base	1	lifted_chr_agree	3	57408932	solcap_snp_c1_152	3	57408932	3	57408932	True	0	0
solcap_stsnp_c1_137	solcap_snp_c1_137	ST4.03ch03	59094965	59094965	59094965	59094964	dundee	SNP	.	3	71.278	ID=solcap_stsnp_c1_137;Note=type: New OPA;Name=solcap_stsnp_c1_137; Note=Genetic position = Chr03 71.278 cM	1	chr03	3	chromosome	57560149	+	59069354	59138588	57534573	57603467	60	68877	69239	0.994771732694002	69234	1	cigar_aligned_base	1	lifted_chr_agree	3	57560149	solcap_snp_c1_137	3	57560149	3	57560149	True	0	0
solcap_stsnp_c1_3745	solcap_snp_c1_3745	ST4.03ch04	6166320	6166320	6166320	6166319	dundee	SNP	.	4	19.481	ID=solcap_stsnp_c1_3745;Note=type: New OPA;Name=solcap_stsnp_c1_3745; Note=Genetic position = Chr04 19.481 cM	1	chr04	4	chromosome	7094613	+	6164132	6277015	7092422	7194621	60	101974	102549	0.9943929243581118	112883	1	cigar_aligned_base	1	lifted_chr_agree	4	7094613	solcap_snp_c1_3745	4	7094613	4	7094613	True	0	0
solcap_stsnp_c1_3731	solcap_snp_c1_3731	ST4.03ch04	6198955	6198955	6198955	6198954	dundee	SNP	.	4	19.381	ID=solcap_stsnp_c1_3731;Note=type: New OPA;Name=solcap_stsnp_c1_3731; Note=Genetic position = Chr04 19.381 cM	1	chr04	4	chromosome	7127130	+	6164132	6277015	7092422	7194621	60	101974	102549	0.9943929243581118	112883	1	cigar_aligned_base	1	lifted_chr_agree	4	7127130	solcap_snp_c1_3731	4	7127130	4	7127130	True	0	0
solcap_stsnp_c1_3704	solcap_snp_c1_3704	ST4.03ch04	7036157	7036157	7036157	7036156	dundee	SNP	.	4	28.251	ID=solcap_stsnp_c1_3704;Note=type: New OPA;Name=solcap_stsnp_c1_3704; Note=Genetic position = Chr04 28.251 cM	1	chr04	4	chromosome	7824438	+	6936288	7053765	7725695	7842192	60	116328	117171	0.9928053869984894	117477	1	cigar_aligned_base	1	lifted_chr_agree	4	7824438	solcap_snp_c1_3704	4	7824438	4	7824438	True	0	0
solcap_stsnp_c1_14449	solcap_snp_c1_14449	ST4.03ch04	7473690	7473690	7473690	7473689	dundee	SNP	.	4	20.794	ID=solcap_stsnp_c1_14449;Note=type: New OPA;Name=solcap_stsnp_c1_14449; Note=Genetic position = Chr04 20.794 cM	1	chr04	4	chromosome	8195239	+	7444046	7481267	8166082	8202816	60	36725	37229	0.9864621665905611	37221	1	cigar_aligned_base	1	lifted_chr_agree	4	8195239	solcap_snp_c1_14449	4	8195239	4	8195239	True	0	0
solcap_stsnp_c1_11722	solcap_snp_c1_11722	ST4.03ch04	7966312	7966312	7966312	7966311	dundee	SNP	.	4	22.411	ID=solcap_stsnp_c1_11722;Note=type: New OPA;Name=solcap_stsnp_c1_11722; Note=Genetic position = Chr04 22.411 cM	1	chr04	4	chromosome	8703882	+	7958902	7974999	8696463	8712569	60	16094	16107	0.9991928974979822	16097	1	cigar_aligned_base	1	lifted_chr_agree	4	8703882	solcap_snp_c1_11722	4	8703882	4	8703882	True	0	0
solcap_stsnp_c1_8343	solcap_snp_c1_8343	ST4.03ch04	9315476	9315476	9315476	9315475	dundee	SNP	.	4	26.401	ID=solcap_stsnp_c1_8343;Note=type: New OPA;Name=solcap_stsnp_c1_8343; Note=Genetic position = Chr04 26.401 cM	1	chr04	4	chromosome	10586974	+	9255969	9327377	10529788	10598621	60	68418	69719	0.9813393766405141	71408	1	cigar_aligned_base	1	lifted_chr_agree	4	10586974	solcap_snp_c1_8343	4	10586974	4	10586974	True	0	0
solcap_stsnp_c1_11133	solcap_snp_c1_11133	ST4.03ch04	11053641	11053641	11053641	11053640	dundee	SNP	.	4	30.875	ID=solcap_stsnp_c1_11133;Note=type: New OPA;Name=solcap_stsnp_c1_11133; Note=Genetic position = Chr04 30.875 cM	1	chr04	4	chromosome	12347963	+	11013273	11054366	12308079	12348688	60	40586	41109	0.9872777250723686	41093	1	cigar_aligned_base	1	lifted_chr_agree	4	12347963	solcap_snp_c1_11133	4	12347963	4	12347963	True	0	0
solcap_stsnp_c1_11135	solcap_snp_c1_11135	ST4.03ch04	11350257	11350257	11350257	11350256	dundee	SNP	.	4	38.503	ID=solcap_stsnp_c1_11135;Note=type: New OPA;Name=solcap_stsnp_c1_11135; Note=Genetic position = Chr04 38.503 cM	1	chr04	4	chromosome	12644502	+	11332217	11357281	12627406	12651526	60	24119	25064	0.9622965209064794	25064	1	cigar_aligned_base	1	lifted_chr_agree	4	12644502	solcap_snp_c1_11135	4	12644502	4	12644502	True	0	0
solcap_stsnp_c1_12827	solcap_snp_c1_12827	ST4.03ch04	18481454	18481454	18481454	18481453	dundee	SNP	.	4	36.725	ID=solcap_stsnp_c1_12827;Note=type: New OPA;Name=solcap_stsnp_c1_12827; Note=Genetic position = Chr04 36.725 cM	1	chr04	4	chromosome	19302965	-	18475792	18525087	19259334	19308626	60	49289	49297	0.9998377183195732	49295	1	cigar_aligned_base	1	lifted_chr_agree	4	19302965	solcap_snp_c1_12827	4	19302965	4	19302965	True	0	0
solcap_stsnp_c1_14569	solcap_snp_c1_14569	ST4.03ch04	34965195	34965195	34965195	34965194	dundee	SNP	.	4	40.2	ID=solcap_stsnp_c1_14569;Note=type: New OPA;Name=solcap_stsnp_c1_14569; Note=Genetic position = Chr04 40.2 cM	1	chr04	4	chromosome	23917036	+	34962102	34983628	23913943	23935469	60	21525	21526	0.9999535445507758	21526	1	cigar_aligned_base	1	lifted_chr_agree	4	23917036	solcap_snp_c1_14569	4	43525521	4	23917036	True	-19608485	19608485
solcap_stsnp_c1_5418	solcap_snp_c1_5418	ST4.03ch04	48929200	48929200	48929200	48929199	dundee	SNP	.	4	40.831	ID=solcap_stsnp_c1_5418;Note=type: New OPA;Name=solcap_stsnp_c1_5418; Note=Genetic position = Chr04 40.831 cM	1	chr04	4	chromosome	47269331	+	48860486	48994313	47200236	47334386	60	133639	134191	0.9958864603438382	133827	1	cigar_aligned_base	1	lifted_chr_agree	4	47269331	solcap_snp_c1_5418	4	47269331	4	47269331	True	0	0
solcap_stsnp_c1_15760	solcap_snp_c1_15760	ST4.03ch04	52037629	52037629	52037629	52037628	dundee	SNP	.	4	43.118	ID=solcap_stsnp_c1_15760;Note=type: New OPA;Name=solcap_stsnp_c1_15760; Note=Genetic position = Chr04 43.118 cM	1	chr04	4	chromosome	50227241	+	52026116	52047829	50215725	50237442	60	21709	21721	0.9994475392477327	21713	1	cigar_aligned_base	1	lifted_chr_agree	4	50227241	solcap_snp_c1_15760	4	50227241	4	50227241	True	0	0
solcap_stsnp_c1_16295	solcap_snp_c1_16295	ST4.03ch04	52463994	52463994	52463994	52463993	dundee	SNP	.	4	45.15	ID=solcap_stsnp_c1_16295;Note=type: New OPA;Name=solcap_stsnp_c1_16295; Note=Genetic position = Chr04 45.15 cM	1	chr04	4	chromosome	50674993	+	52414439	52470171	50626316	50680451	60	54017	54884	0.9842030464251876	55732	1	cigar_aligned_base	1	lifted_chr_agree	4	50674993	solcap_snp_c1_16295	4	50674993	4	50674993	True	0	0
solcap_stsnp_c1_15986	solcap_snp_c1_15986	ST4.03ch04	54393863	54393863	54393863	54393862	dundee	SNP	.	4	49.216	ID=solcap_stsnp_c1_15986;Note=type: New OPA;Name=solcap_stsnp_c1_15986; Note=Genetic position = Chr04 49.216 cM	1	chr04	4	chromosome	52541427	+	54380852	54405420	52529192	52552984	60	23750	23760	0.9995791245791246	24568	1	cigar_aligned_base	1	lifted_chr_agree	4	52541427	solcap_snp_c1_15986	4	52541427	4	52541427	True	0	0
solcap_stsnp_c1_15877	solcap_snp_c1_15877	ST4.03ch04	54673969	54673969	54673969	54673968	dundee	SNP	.	4	49.975	ID=solcap_stsnp_c1_15877;Note=type: New OPA;Name=solcap_stsnp_c1_15877; Note=Genetic position = Chr04 49.975 cM	1	chr04	4	chromosome	52773387	+	54664496	54689821	52763915	52789243	60	25304	25332	0.9988946786672983	25325	1	cigar_aligned_base	1	lifted_chr_agree	4	52773387	solcap_snp_c1_15877	4	52773387	4	52773387	True	0	0
solcap_stsnp_c1_10454	solcap_snp_c1_10454	ST4.03ch04	58068136	58068136	58068136	58068135	dundee	SNP	.	4	53.409	ID=solcap_stsnp_c1_10454;Note=type: New OPA;Name=solcap_stsnp_c1_10454; Note=Genetic position = Chr04 53.409 cM	1	chr04	4	chromosome	55814875	+	58042442	58086427	55789232	55833308	60	43890	44138	0.9943812587792832	43985	1	cigar_aligned_base	1	lifted_chr_agree	4	55814875	solcap_snp_c1_10454	4	55814875	4	55814875	True	0	0
solcap_stsnp_c1_10441	solcap_snp_c1_10441	ST4.03ch04	58117285	58117285	58117285	58117284	dundee	SNP	.	4	53.406	ID=solcap_stsnp_c1_10441;Note=type: New OPA;Name=solcap_stsnp_c1_10441; Note=Genetic position = Chr04 53.406 cM	1	chr04	4	chromosome	55864113	+	58086892	58124868	55833767	55871694	60	37617	37830	0.9943695479777954	37976	1	cigar_aligned_base	1	lifted_chr_agree	4	55864113	solcap_snp_c1_10441	4	55864113	4	55864113	True	0	0
solcap_stsnp_c1_10453	solcap_snp_c1_10453	ST4.03ch04	58453468	58453468	58453468	58453467	dundee	SNP	.	4	55.627	ID=solcap_stsnp_c1_10453;Note=type: New OPA;Name=solcap_stsnp_c1_10453; Note=Genetic position = Chr04 55.627 cM	1	chr04	4	chromosome	56199106	+	58419508	58458902	56165260	56204543	60	39269	39401	0.9966498312225578	39394	1	cigar_aligned_base	1	lifted_chr_agree	4	56199106	solcap_snp_c1_10453	4	56199106	4	56199106	True	0	0
solcap_stsnp_c1_11352	solcap_snp_c1_11352	ST4.03ch04	61194011	61194011	61194011	61194010	dundee	SNP	.	4	58.849	ID=solcap_stsnp_c1_11352;Note=type: New OPA;Name=solcap_stsnp_c1_11352; Note=Genetic position = Chr04 58.849 cM	1	chr04	4	chromosome	58823229	+	61189597	61239835	58818798	58869042	60	50197	50275	0.9984485330681253	50238	1	cigar_aligned_base	1	lifted_chr_agree	4	58823229	solcap_snp_c1_11352	4	58823229	4	58823229	True	0	0
solcap_stsnp_c1_9742	solcap_snp_c1_9742	ST4.03ch04	62775677	62775677	62775677	62775676	dundee	SNP	.	4	64.567	ID=solcap_stsnp_c1_9742;Note=type: New OPA;Name=solcap_stsnp_c1_9742; Note=Genetic position = Chr04 64.567 cM	1	chr04	4	chromosome	60379241	+	62753835	62801566	60357665	60404841	60	47166	47495	0.9930729550478998	47731	1	cigar_aligned_base	1	lifted_chr_agree	4	60379241	solcap_snp_c1_9742	4	60379241	4	60379241	True	0	0
solcap_stsnp_c1_11669	solcap_snp_c1_11669	ST4.03ch04	63462226	63462226	63462226	63462225	dundee	SNP	.	4	62.407	ID=solcap_stsnp_c1_11669;Note=type: New OPA;Name=solcap_stsnp_c1_11669; Note=Genetic position = Chr04 62.407 cM	1	chr04	4	chromosome	61042106	+	63386530	63492606	60966372	61072355	60	104905	107134	0.979194280060485	106076	1	cigar_aligned_base	1	lifted_chr_agree	4	61042106	solcap_snp_c1_11669	4	61042106	4	61042106	True	0	0
solcap_stsnp_c1_11679	solcap_snp_c1_11679	ST4.03ch04	63668872	63668872	63668872	63668871	dundee	SNP	.	4	62.959	ID=solcap_stsnp_c1_11679;Note=type: New OPA;Name=solcap_stsnp_c1_11679; Note=Genetic position = Chr04 62.959 cM	1	chr04	4	chromosome	61195999	+	63645856	63678418	61173766	61205545	60	31731	31733	0.9999369741278795	32562	1	cigar_aligned_base	1	lifted_chr_agree	4	61195999	solcap_snp_c1_11679	4	61195999	4	61195999	True	0	0
solcap_stsnp_c1_8332	solcap_snp_c1_8332	ST4.03ch04	66149485	66149485	66149485	66149484	dundee	SNP	.	4	75.44	ID=solcap_stsnp_c1_8332;Note=type: New OPA;Name=solcap_stsnp_c1_8332; Note=Genetic position = Chr04 75.44 cM	1	chr04	4	chromosome	63428072	+	66124339	66194470	63403263	63472537	60	68861	69798	0.9865755465772659	70131	1	cigar_aligned_base	1	lifted_chr_agree	4	63428072	solcap_snp_c1_8332	4	63428072	4	63428072	True	0	0
solcap_stsnp_c1_13165	solcap_snp_c1_13165	ST4.03ch04	66778241	66778241	66778241	66778240	dundee	SNP	.	4	75.766	ID=solcap_stsnp_c1_13165;Note=type: New OPA;Name=solcap_stsnp_c1_13165; Note=Genetic position = Chr04 75.766 cM	1	chr04	4	chromosome	64032193	+	66678065	66797956	63937991	64051876	60	113782	116743	0.9746365949136137	119891	1	cigar_aligned_base	1	lifted_chr_agree	4	64032193	solcap_snp_c1_13165	4	64032193	4	64032193	True	0	0
solcap_stsnp_c1_9618	solcap_snp_c1_9618	ST4.03ch04	67293626	67293626	67293626	67293625	dundee	SNP	.	4	78.714	ID=solcap_stsnp_c1_9618;Note=type: New OPA;Name=solcap_stsnp_c1_9618; Note=Genetic position = Chr04 78.714 cM	1	chr04	4	chromosome	64477959	+	67291168	67333285	64475501	64516808	60	41305	41399	0.9977294137539554	42117	1	cigar_aligned_base	1	lifted_chr_agree	4	64477959	solcap_snp_c1_9618	4	64477959	4	64477959	True	0	0
solcap_stsnp_c1_15844	solcap_snp_c1_15844	ST4.03ch04	67420038	67420038	67420038	67420037	dundee	SNP	.	4	79.5	ID=solcap_stsnp_c1_15844;Note=type: New OPA;Name=solcap_stsnp_c1_15844; Note=Genetic position = Chr04 79.5 cM	1	chr04	4	chromosome	64598435	+	67414675	67473177	64593079	64651717	60	57987	59119	0.9808521795023597	58502	1	cigar_aligned_base	1	lifted_chr_agree	4	64598435	solcap_snp_c1_15844	4	64598435	4	64598435	True	0	0
solcap_stsnp_c1_16389	solcap_snp_c1_16389	ST4.03ch04	67754403	67754403	67754403	67754402	dundee	SNP	.	4	79.5	ID=solcap_stsnp_c1_16389;Note=type: New OPA;Name=solcap_stsnp_c1_16389; Note=Genetic position = Chr04 79.5 cM	1	chr04	4	chromosome	64846870	+	67744039	67799861	64837135	64891953	60	54795	55830	0.9814615797958087	55822	1	cigar_aligned_base	1	lifted_chr_agree	4	64846870	solcap_snp_c1_16389	4	64846870	4	64846870	True	0	0
solcap_stsnp_c1_10413	solcap_snp_c1_10413	ST4.03ch04	68094967	68094967	68094967	68094966	dundee	SNP	.	4	83.886	ID=solcap_stsnp_c1_10413;Note=type: New OPA;Name=solcap_stsnp_c1_10413; Note=Genetic position = Chr04 83.886 cM	1	chr04	4	chromosome	65177035	+	68082447	68104361	65164518	65185805	60	21281	21326	0.9978898996530057	21914	1	cigar_aligned_base	1	lifted_chr_agree	4	65177035	solcap_snp_c1_10413	4	65177035	4	65177035	True	0	0
solcap_stsnp_c1_3168	solcap_snp_c1_3168	ST4.03ch04	68440055	68440055	68440055	68440054	dundee	SNP	.	4	84.498	ID=solcap_stsnp_c1_3168;Note=type: New OPA;Name=solcap_stsnp_c1_3168; Note=Genetic position = Chr04 84.498 cM	1	chr04	4	chromosome	65513708	+	68395197	68483513	65469457	65555582	60	85937	88100	0.9754483541430193	88316	1	cigar_aligned_base	1	lifted_chr_agree	4	65513708	solcap_snp_c1_3168	4	65513708	4	65513708	True	0	0
solcap_stsnp_c1_13085	solcap_snp_c1_13085	ST4.03ch04	68734083	68734083	68734083	68734082	dundee	SNP	.	4	82.372	ID=solcap_stsnp_c1_13085;Note=type: New OPA;Name=solcap_stsnp_c1_13085; Note=Genetic position = Chr04 82.372 cM	1	chr04	4	chromosome	65797678	+	68719933	68788097	65783524	65850371	60	66620	68367	0.9744467359983617	68164	1	cigar_aligned_base	1	lifted_chr_agree	4	65797678	solcap_snp_c1_13085	4	65797678	4	65797678	True	0	0
solcap_stsnp_c1_4180	solcap_snp_c1_4180	ST4.03ch04	69079236	69079236	69079236	69079235	dundee	SNP	.	4	83.162	ID=solcap_stsnp_c1_4180;Note=type: New OPA;Name=solcap_stsnp_c1_4180; Note=Genetic position = Chr04 83.162 cM	1	chr04	4	chromosome	66123270	+	69052746	69103606	66097055	66162484	60	49476	66232	0.7470105085155212	50860	1	cigar_aligned_base	1	lifted_chr_agree	4	66123270	solcap_snp_c1_4180	4	66123270	4	66123270	True	0	0
solcap_stsnp_c1_4111	solcap_snp_c1_4111	ST4.03ch04	69829790	69829790	69829790	69829789	dundee	SNP	.	4	88.566	ID=solcap_stsnp_c1_4111;Note=type: New OPA;Name=solcap_stsnp_c1_4111; Note=Genetic position = Chr04 88.566 cM	1	chr04	4	chromosome	66783619	+	69797460	69833151	66751291	66786980	60	35686	35691	0.9998599086604466	35691	1	cigar_aligned_base	1	lifted_chr_agree	4	66783619	solcap_snp_c1_4111	4	66783619	4	66783619	True	0	0
solcap_stsnp_c1_4179	solcap_snp_c1_4179	ST4.03ch04	69865339	69865339	69865339	69865338	dundee	SNP	.	4	87.999	ID=solcap_stsnp_c1_4179;Note=type: New OPA;Name=solcap_stsnp_c1_4179; Note=Genetic position = Chr04 87.999 cM	1	chr04	4	chromosome	66814329	+	69834214	69873311	66787276	66822301	60	34994	35007	0.9996286456994316	39097	1	cigar_aligned_base	1	lifted_chr_agree	4	66814329	solcap_snp_c1_4179	4	66814329	4	66814329	True	0	0
solcap_stsnp_c1_10207	solcap_snp_c1_10207	ST4.03ch04	70032110	70032110	70032110	70032109	dundee	SNP	.	4	88.867	ID=solcap_stsnp_c1_10207;Note=type: New OPA;Name=solcap_stsnp_c1_10207; Note=Genetic position = Chr04 88.867 cM	1	chr04	4	chromosome	66981576	+	70028771	70079469	66978237	67026501	60	48252	49012	0.9844935934056965	50698	1	cigar_aligned_base	1	lifted_chr_agree	4	66981576	solcap_snp_c1_10207	4	66981576	4	66981576	True	0	0
solcap_stsnp_c1_10218	solcap_snp_c1_10218	ST4.03ch04	70090208	70090208	70090208	70090207	dundee	SNP	.	4	88.718	ID=solcap_stsnp_c1_10218;Note=type: New OPA;Name=solcap_stsnp_c1_10218; Note=Genetic position = Chr04 88.718 cM	1	chr04	4	chromosome	67037168	+	70079777	70142399	67026782	67088261	60	61330	62062	0.9882053430440527	62622	1	cigar_aligned_base	1	lifted_chr_agree	4	67037168	solcap_snp_c1_10218	4	67037168	4	67037168	True	0	0
solcap_stsnp_c1_6748	solcap_snp_c1_6748	ST4.03ch04	70441799	70441799	70441799	70441798	dundee	SNP	.	4	69.8	ID=solcap_stsnp_c1_6748;Note=type: New OPA;Name=solcap_stsnp_c1_6748; Note=Genetic position = Chr04 69.8 cM	1	chr04	4	chromosome	67383618	+	70440078	70445943	67381897	67387762	60	5865	5865	1.0	5865	1	cigar_aligned_base	1	lifted_chr_agree	4	67383618	solcap_snp_c1_6748	4	62391020	4	67383618	True	4992598	4992598
solcap_stsnp_c1_13350	solcap_snp_c1_13350	ST4.03ch04	70589264	70589264	70589264	70589263	dundee	SNP	.	4	91.264	ID=solcap_stsnp_c1_13350;Note=type: New OPA;Name=solcap_stsnp_c1_13350; Note=Genetic position = Chr04 91.264 cM	1	chr04	4	chromosome	67527578	+	70496633	70692468	67436225	67629937	60	193612	195164	0.9920477137176938	195835	1	cigar_aligned_base	1	lifted_chr_agree	4	67527578	solcap_snp_c1_13350	4	67527578	4	67527578	True	0	0
solcap_stsnp_c1_10710	solcap_snp_c1_10710	ST4.03ch04	70600509	70600509	70600509	70600508	dundee	SNP	.	4	90.601	ID=solcap_stsnp_c1_10710;Note=type: New OPA;Name=solcap_stsnp_c1_10710; Note=Genetic position = Chr04 90.601 cM	1	chr04	4	chromosome	67538822	+	70496633	70692468	67436225	67629937	60	193612	195164	0.9920477137176938	195835	1	cigar_aligned_base	1	lifted_chr_agree	4	67538822	solcap_snp_c1_10710	4	67538822	4	67538822	True	0	0
solcap_stsnp_c1_10694	solcap_snp_c1_10694	ST4.03ch04	70642454	70642454	70642454	70642453	dundee	SNP	.	4	90.981	ID=solcap_stsnp_c1_10694;Note=type: New OPA;Name=solcap_stsnp_c1_10694; Note=Genetic position = Chr04 90.981 cM	1	chr04	4	chromosome	67580640	+	70496633	70692468	67436225	67629937	60	193612	195164	0.9920477137176938	195835	1	cigar_aligned_base	1	lifted_chr_agree	4	67580640	solcap_snp_c1_10694	4	67580640	4	67580640	True	0	0
solcap_stsnp_c1_10675	solcap_snp_c1_10675	ST4.03ch04	70849404	70849404	70849404	70849403	dundee	SNP	.	4	92.286	ID=solcap_stsnp_c1_10675;Note=type: New OPA;Name=solcap_stsnp_c1_10675; Note=Genetic position = Chr04 92.286 cM	1	chr04	4	chromosome	67782718	+	70840071	70863120	67773385	67795559	60	22173	22211	0.998289136013687	23049	1	cigar_aligned_base	1	lifted_chr_agree	4	67782718	solcap_snp_c1_10675	4	67782718	4	67782718	True	0	0
solcap_stsnp_c1_3567	solcap_snp_c1_3567	ST4.03ch04	71284964	71284964	71284964	71284963	dundee	SNP	.	4	95.613	ID=solcap_stsnp_c1_3567;Note=type: New OPA;Name=solcap_stsnp_c1_3567; Note=Genetic position = Chr04 95.613 cM	1	chr04	4	chromosome	68210423	+	71190003	71299785	68117106	68225039	60	107720	108181	0.995738623233285	109782	1	cigar_aligned_base	1	lifted_chr_agree	4	68210423	solcap_snp_c1_3567	4	68210423	4	68210423	True	0	0
solcap_stsnp_c1_3526	solcap_snp_c1_3526	ST4.03ch04	71589190	71589190	71589190	71589189	dundee	SNP	.	4	96.133	ID=solcap_stsnp_c1_3526;Note=type: New OPA;Name=solcap_stsnp_c1_3526; Note=Genetic position = Chr04 96.133 cM	1	chr04	4	chromosome	68509887	+	71438932	71621818	68362372	68542517	60	180052	182603	0.9860298023581212	182886	1	cigar_aligned_base	1	lifted_chr_agree	4	68509887	solcap_snp_c1_3526	4	68509887	4	68509887	True	0	0
solcap_stsnp_c1_3460	solcap_snp_c1_3460	ST4.03ch04	72029728	72029728	72029728	72029727	dundee	SNP	.	4	99.734	ID=solcap_stsnp_c1_3460;Note=type: New OPA;Name=solcap_stsnp_c1_3460; Note=Genetic position = Chr04 99.734 cM	1	chr04	4	chromosome	68943378	+	71911662	72054366	68826996	68967728	60	140692	141843	0.9918853944149517	142704	1	cigar_aligned_base	1	lifted_chr_agree	4	68943378	solcap_snp_c1_3460	4	68943378	4	68943378	True	0	0
solcap_stsnp_c1_15684	solcap_snp_c1_15684	ST4.03ch05	1041105	1041105	1041105	1041104	dundee	SNP	.	5	0.0	ID=solcap_stsnp_c1_15684;Note=type: New OPA;Name=solcap_stsnp_c1_15684; Note=Genetic position = Chr05 0 cM	1	chr05	5	chromosome	1135681	+	978518	1056940	1045223	1150767	60	76562	105559	0.725300542824392	78422	1	cigar_aligned_base	1	lifted_chr_agree	5	1135681	solcap_snp_c1_15684	5	1135681	5	1135681	True	0	0
solcap_stsnp_c1_7354	solcap_snp_c1_7354	ST4.03ch05	4437785	4437785	4437785	4437784	dundee	SNP	.	5	14.666	ID=solcap_stsnp_c1_7354;Note=type: New OPA;Name=solcap_stsnp_c1_7354; Note=Genetic position = Chr05 14.666 cM	1	chr05	5	chromosome	4389823	+	4397902	4458138	4349939	4410077	60	60116	60240	0.9979415670650731	60236	1	cigar_aligned_base	1	lifted_chr_agree	5	4389823	solcap_snp_c1_7354	5	4389823	5	4389823	True	0	0
solcap_stsnp_c1_15785	solcap_snp_c1_15785	ST4.03ch05	7052194	7052194	7052194	7052193	dundee	SNP	.	5	25.697	ID=solcap_stsnp_c1_15785;Note=type: New OPA;Name=solcap_stsnp_c1_15785; Note=Genetic position = Chr05 25.697 cM	1	chr05	5	chromosome	7316844	+	7040890	7076191	7306077	7340898	60	34750	34889	0.9960159362549801	35301	1	cigar_aligned_base	1	lifted_chr_agree	5	7316844	solcap_snp_c1_15785	5	7316844	5	7316844	True	0	0
solcap_stsnp_c1_11256	solcap_snp_c1_11256	ST4.03ch05	7769482	7769482	7769482	7769481	dundee	SNP	.	5	30.434	ID=solcap_stsnp_c1_11256;Note=type: New OPA;Name=solcap_stsnp_c1_11256; Note=Genetic position = Chr05 30.434 cM	1	chr05	5	chromosome	8024295	+	7704801	7814464	7961283	8063885	60	102415	103741	0.9872181683230352	109663	1	cigar_aligned_base	1	lifted_chr_agree	5	8024295	solcap_snp_c1_11256	5	8024295	5	8024295	True	0	0
solcap_stsnp_c1_11075	solcap_snp_c1_11075	ST4.03ch05	8166560	8166560	8166560	8166559	dundee	SNP	.	5	29.911	ID=solcap_stsnp_c1_11075;Note=type: New OPA;Name=solcap_stsnp_c1_11075; Note=Genetic position = Chr05 29.911 cM	1	chr05	5	chromosome	8385142	+	8157592	8187161	8376399	8404942	60	28281	28637	0.987568530223138	29569	1	cigar_aligned_base	1	lifted_chr_agree	5	8385142	solcap_snp_c1_11075	5	8385142	5	8385142	True	0	0
solcap_stsnp_c1_11072	solcap_snp_c1_11072	ST4.03ch05	8169193	8169193	8169193	8169192	dundee	SNP	.	5	30.081	ID=solcap_stsnp_c1_11072;Note=type: New OPA;Name=solcap_stsnp_c1_11072; Note=Genetic position = Chr05 30.081 cM	1	chr05	5	chromosome	8386983	+	8157592	8187161	8376399	8404942	60	28281	28637	0.987568530223138	29569	1	cigar_aligned_base	1	lifted_chr_agree	5	8386983	solcap_snp_c1_11072	5	8386983	5	8386983	True	0	0
solcap_stsnp_c1_11084	solcap_snp_c1_11084	ST4.03ch05	8384233	8384233	8384233	8384232	dundee	SNP	.	5	30.653	ID=solcap_stsnp_c1_11084;Note=type: New OPA;Name=solcap_stsnp_c1_11084; Note=Genetic position = Chr05 30.653 cM	1	chr05	5	chromosome	8602330	+	8359190	8414480	8577246	8632577	60	55121	55220	0.998207171314741	55290	1	cigar_aligned_base	1	lifted_chr_agree	5	8602330	solcap_snp_c1_11084	5	8602330	5	8602330	True	0	0
solcap_stsnp_c1_6338	solcap_snp_c1_6338	ST4.03ch05	19622602	19622602	19622602	19622601	dundee	SNP	.	5	41.173	ID=solcap_stsnp_c1_6338;Note=type: New OPA;Name=solcap_stsnp_c1_6338; Note=Genetic position = Chr05 41.173 cM	1	chr05	5	chromosome	19583215	+	19549351	19627399	19510354	19588012	60	77634	78056	0.9945936250896792	78048	1	cigar_aligned_base	1	lifted_chr_agree	5	19583215	solcap_snp_c1_6338	5	19583215	5	19583215	True	0	0
solcap_stsnp_c1_3413	solcap_snp_c1_3413	ST4.03ch05	48260244	48260244	48260244	48260243	dundee	SNP	.	5	56.967	ID=solcap_stsnp_c1_3413;Note=type: New OPA;Name=solcap_stsnp_c1_3413; Note=Genetic position = Chr05 56.967 cM	1	chr05	5	chromosome	51470172	+	48178459	48345527	51390216	51553364	60	162787	164075	0.9921499314337955	167068	1	cigar_aligned_base	1	lifted_chr_agree	5	51470172	solcap_snp_c1_3413	5	51470172	5	51470172	True	0	0
solcap_stsnp_c1_12486	solcap_snp_c1_12486	ST4.03ch05	49089754	49089754	49089754	49089753	dundee	SNP	.	5	55.528	ID=solcap_stsnp_c1_12486;Note=type: New OPA;Name=solcap_stsnp_c1_12486; Note=Genetic position = Chr05 55.528 cM	1	chr05	5	chromosome	52206315	+	49064973	49128787	52188035	52244152	60	55793	57071	0.977606840602057	63814	1	cigar_aligned_base	1	lifted_chr_agree	5	52206315	solcap_snp_c1_12486	5	52206315	5	52206315	True	0	0
solcap_stsnp_c1_1199	solcap_snp_c1_1199	ST4.03ch05	52004790	52004790	52004790	52004789	dundee	SNP	.	5	61.677	ID=solcap_stsnp_c1_1199;Note=type: New OPA;Name=solcap_stsnp_c1_1199; Note=Genetic position = Chr05 61.677 cM	1	chr05	5	chromosome	55169241	+	51880267	52017268	55048318	55180502	60	132038	134616	0.9808492304035181	137001	1	cigar_aligned_base	1	lifted_chr_agree	5	55169241	solcap_snp_c1_1199	5	55169241	5	55169241	True	0	0
solcap_stsnp_c1_9246	solcap_snp_c1_9246	ST4.03ch06	619604	619604	619604	619603	dundee	SNP	.	6	1.564	ID=solcap_stsnp_c1_9246;Note=type: New OPA;Name=solcap_stsnp_c1_9246; Note=Genetic position = Chr06 1.564 cM	1	chr06	6	chromosome	952101	+	605716	667476	939085	999428	60	60296	61801	0.9756476432420187	61760	1	cigar_aligned_base	1	lifted_chr_agree	6	952101	solcap_snp_c1_9246	6	952101	6	952101	True	0	0
solcap_stsnp_c1_15546	solcap_snp_c1_15546	ST4.03ch06	1807416	1807416	1807416	1807415	dundee	SNP	.	6	5.93	ID=solcap_stsnp_c1_15546;Note=type: New OPA;Name=solcap_stsnp_c1_15546; Note=Genetic position = Chr06 5.93 cM	1	chr06	6	chromosome	2349513	+	1759067	1848366	2301660	2388879	60	86933	87730	0.9909153083323835	89299	1	cigar_aligned_base	1	lifted_chr_agree	6	2349513	solcap_snp_c1_15546	6	2349513	6	2349513	True	0	0
solcap_stsnp_c1_13631	solcap_snp_c1_13631	ST4.03ch06	1898990	1898990	1898990	1898989	dundee	SNP	.	6	3.779	ID=solcap_stsnp_c1_13631;Note=type: New OPA;Name=solcap_stsnp_c1_13631; Note=Genetic position = Chr06 3.779 cM	1	chr06	6	chromosome	2429309	+	1849934	1913492	2389762	2443811	60	53940	54301	0.9933518719728919	63558	1	cigar_aligned_base	1	lifted_chr_agree	6	2429309	solcap_snp_c1_13631	6	2429309	6	2429309	True	0	0
solcap_stsnp_c1_16621	solcap_snp_c1_16621	ST4.03ch06	21067273	21067273	21067273	21067272	dundee	SNP	.	6	10.048	ID=solcap_stsnp_c1_16621;Note=type: New OPA;Name=solcap_stsnp_c1_16621; Note=Genetic position = Chr06 10.048 cM	1	chr06	6	chromosome	22311521	+	21060539	21072370	22304785	22316451	60	11660	11833	0.9853798698554889	11831	1	cigar_aligned_base	1	lifted_chr_agree	6	22311521	solcap_snp_c1_16621	6	22311521	6	22311521	True	0	0
solcap_stsnp_c1_1574	solcap_snp_c1_1574	ST4.03ch06	25513947	25513947	25513947	25513946	dundee	SNP	.	6	10.048	ID=solcap_stsnp_c1_1574;Note=type: New OPA;Name=solcap_stsnp_c1_1574; Note=Genetic position = Chr06 10.048 cM	1	chr06	6	chromosome	26740064	+	25503245	25533793	26729405	26759915	60	30490	30562	0.9976441332373536	30548	1	cigar_aligned_base	1	lifted_chr_agree	6	26740064	solcap_snp_c1_1574	6	26740064	6	26740064	True	0	0
solcap_stsnp_c1_3690	solcap_snp_c1_3690	ST4.03ch06	30469105	30469105	30469105	30469104	dundee	SNP	.	6	11.745	ID=solcap_stsnp_c1_3690;Note=type: New OPA;Name=solcap_stsnp_c1_3690; Note=Genetic position = Chr06 11.745 cM	1	chr06	6	chromosome	31440571	+	30427188	30515517	31398679	31486836	60	87823	88208	0.9956353165245783	88329	1	cigar_aligned_base	1	lifted_chr_agree	6	31440571	solcap_snp_c1_3690	6	31440571	6	31440571	True	0	0
solcap_stsnp_c1_3692	solcap_snp_c1_3692	ST4.03ch06	30648503	30648503	30648503	30648502	dundee	SNP	.	6	14.191	ID=solcap_stsnp_c1_3692;Note=type: New OPA;Name=solcap_stsnp_c1_3692; Note=Genetic position = Chr06 14.191 cM	1	chr06	6	chromosome	31603941	+	30589278	30693567	31553480	31648945	60	94892	103164	0.9198169904230158	104289	1	cigar_aligned_base	1	lifted_chr_agree	6	31603941	solcap_snp_c1_3692	6	31603941	6	31603941	True	0	0
solcap_stsnp_c1_9854	solcap_snp_c1_9854	ST4.03ch06	31631878	31631878	31631878	31631877	dundee	SNP	.	6	13.254	ID=solcap_stsnp_c1_9854;Note=type: New OPA;Name=solcap_stsnp_c1_9854; Note=Genetic position = Chr06 13.254 cM	1	chr06	6	chromosome	32505188	+	31556372	31636170	32430152	32509478	60	79177	79931	0.9905668639201312	79798	1	cigar_aligned_base	1	lifted_chr_agree	6	32505188	solcap_snp_c1_9854	6	32505188	6	32505188	True	0	0
solcap_stsnp_c1_12691	solcap_snp_c1_12691	ST4.03ch06	37867794	37867794	37867794	37867793	dundee	SNP	.	6	18.79	ID=solcap_stsnp_c1_12691;Note=type: New OPA;Name=solcap_stsnp_c1_12691; Note=Genetic position = Chr06 18.79 cM	1	chr06	6	chromosome	38373978	+	37850217	37904647	38356204	38410567	60	54112	54635	0.9904273817150179	54430	1	cigar_aligned_base	1	lifted_chr_agree	6	38373978	solcap_snp_c1_12691	6	38373978	6	38373978	True	0	0
solcap_stsnp_c1_9977	solcap_snp_c1_9977	ST4.03ch06	39125335	39125335	39125335	39125334	dundee	SNP	.	6	21.601	ID=solcap_stsnp_c1_9977;Note=type: New OPA;Name=solcap_stsnp_c1_9977; Note=Genetic position = Chr06 21.601 cM	1	chr06	6	chromosome	39565020	+	39033600	39149340	39475626	39588274	60	112509	114200	0.9851926444833625	115740	1	cigar_aligned_base	1	lifted_chr_agree	6	39565020	solcap_snp_c1_9977	6	39565020	6	39565020	True	0	0
solcap_stsnp_c1_12700	solcap_snp_c1_12700	ST4.03ch06	42838897	42838897	42838897	42838896	dundee	SNP	.	6	26.692	ID=solcap_stsnp_c1_12700;Note=type: New OPA;Name=solcap_stsnp_c1_12700; Note=Genetic position = Chr06 26.692 cM	1	chr06	6	chromosome	43280390	+	42736794	42863921	43183077	43305416	60	122196	123745	0.9874823225180815	127127	1	cigar_aligned_base	1	lifted_chr_agree	6	43280390	solcap_snp_c1_12700	6	43280390	6	43280390	True	0	0
solcap_stsnp_c1_15368	solcap_snp_c1_15368	ST4.03ch06	48433233	48433233	48433233	48433232	dundee	SNP	.	6	38.833	ID=solcap_stsnp_c1_15368;Note=type: New OPA;Name=solcap_stsnp_c1_15368; Note=Genetic position = Chr06 38.833 cM	1	chr06	6	chromosome	48711146	+	48374783	48448947	48653256	48726852	60	73587	73726	0.9981146406966335	74164	1	cigar_aligned_base	1	lifted_chr_agree	6	48711146	solcap_snp_c1_15368	6	48711146	6	48711146	True	0	0
solcap_stsnp_c1_9450	solcap_snp_c1_9450	ST4.03ch06	48637692	48637692	48637692	48637691	dundee	SNP	.	6	39.705	ID=solcap_stsnp_c1_9450;Note=type: New OPA;Name=solcap_stsnp_c1_9450; Note=Genetic position = Chr06 39.705 cM	1	chr06	6	chromosome	48910377	+	48621789	48680044	48895311	48952861	60	57316	57520	0.9964534075104311	58255	1	cigar_aligned_base	1	lifted_chr_agree	6	48910377	solcap_snp_c1_9450	6	48910377	6	48910377	True	0	0
solcap_stsnp_c1_14891	solcap_snp_c1_14891	ST4.03ch06	48802529	48802529	48802529	48802528	dundee	SNP	.	6	41.998	ID=solcap_stsnp_c1_14891;Note=type: New OPA;Name=solcap_stsnp_c1_14891; Note=Genetic position = Chr06 41.998 cM	1	chr06	6	chromosome	49075146	+	48789925	48825195	49062635	49097854	60	35125	35328	0.9942538496376812	35270	1	cigar_aligned_base	1	lifted_chr_agree	6	49075146	solcap_snp_c1_14891	6	49075146	6	49075146	True	0	0
solcap_stsnp_c1_10650	solcap_snp_c1_10650	ST4.03ch06	49501437	49501437	49501437	49501436	dundee	SNP	.	6	45.148	ID=solcap_stsnp_c1_10650;Note=type: New OPA;Name=solcap_stsnp_c1_10650; Note=Genetic position = Chr06 45.148 cM	1	chr06	6	chromosome	49705566	+	49500284	49535212	49704413	49737889	60	33437	33440	0.9999102870813397	34928	1	cigar_aligned_base	1	lifted_chr_agree	6	49705566	solcap_snp_c1_10650	6	49705566	6	49705566	True	0	0
solcap_stsnp_c1_2059	solcap_snp_c1_2059	ST4.03ch06	50217473	50217473	50217473	50217472	dundee	SNP	.	6	47.03	ID=solcap_stsnp_c1_2059;Note=type: New OPA;Name=solcap_stsnp_c1_2059; Note=Genetic position = Chr06 47.03 cM	1	chr06	6	chromosome	50445762	+	50201886	50265526	50434456	50493692	60	58966	59500	0.9910252100840337	63640	1	cigar_aligned_base	1	lifted_chr_agree	6	50445762	solcap_snp_c1_2059	6	50445762	6	50445762	True	0	0
solcap_stsnp_c1_2104	solcap_snp_c1_2104	ST4.03ch06	50712481	50712481	50712481	50712480	dundee	SNP	.	6	49.367	ID=solcap_stsnp_c1_2104;Note=type: New OPA;Name=solcap_stsnp_c1_2104; Note=Genetic position = Chr06 49.367 cM	1	chr06	6	chromosome	50917006	+	50701069	50743820	50905592	50944212	60	38603	38925	0.9917276814386641	42751	1	cigar_aligned_base	1	lifted_chr_agree	6	50917006	solcap_snp_c1_2104	6	50917006	6	50917006	True	0	0
solcap_stsnp_c1_2967	solcap_snp_c1_2967	ST4.03ch06	52237562	52237562	52237562	52237561	dundee	SNP	.	6	53.795	ID=solcap_stsnp_c1_2967;Note=type: New OPA;Name=solcap_stsnp_c1_2967; Note=Genetic position = Chr06 53.795 cM	1	chr06	6	chromosome	52334463	+	52168541	52252360	52317577	52349259	60	31675	33821	0.9365482983944886	83819	1	cigar_aligned_base	1	lifted_chr_agree	6	52334463	solcap_snp_c1_2967	6	52334463	6	52334463	True	0	0
solcap_stsnp_c1_3007	solcap_snp_c1_3007	ST4.03ch06	52531445	52531445	52531445	52531444	dundee	SNP	.	6	56.733	ID=solcap_stsnp_c1_3007;Note=type: New OPA;Name=solcap_stsnp_c1_3007; Note=Genetic position = Chr06 56.733 cM	1	chr06	6	chromosome	52623052	+	52519249	52557036	52611096	52648697	60	37535	37845	0.9918086933544722	37787	1	cigar_aligned_base	1	lifted_chr_agree	6	52623052	solcap_snp_c1_3007	6	52623052	6	52623052	True	0	0
solcap_stsnp_c1_7681	solcap_snp_c1_7681	ST4.03ch06	54711868	54711868	54711868	54711867	dundee	SNP	.	6	62.481	ID=solcap_stsnp_c1_7681;Note=type: New OPA;Name=solcap_stsnp_c1_7681; Note=Genetic position = Chr06 62.481 cM	1	chr06	6	chromosome	54680829	+	54699310	54788184	54668270	54755235	60	86931	88232	0.9852547828452263	88874	1	cigar_aligned_base	1	lifted_chr_agree	6	54680829	solcap_snp_c1_7681	6	54680829	6	54680829	True	0	0
solcap_stsnp_c1_7690	solcap_snp_c1_7690	ST4.03ch06	54814887	54814887	54814887	54814886	dundee	SNP	.	6	62.205	ID=solcap_stsnp_c1_7690;Note=type: New OPA;Name=solcap_stsnp_c1_7690; Note=Genetic position = Chr06 62.205 cM	1	chr06	6	chromosome	54781274	+	54788525	54816323	54755677	54782712	60	27017	27801	0.9717995755548362	27798	1	cigar_aligned_base	1	lifted_chr_agree	6	54781274	solcap_snp_c1_7690	6	54781274	6	54781274	True	0	0
solcap_stsnp_c1_8659	solcap_snp_c1_8659	ST4.03ch06	56645417	56645417	56645417	56645416	dundee	SNP	.	6	64.186	ID=solcap_stsnp_c1_8659;Note=type: New OPA;Name=solcap_stsnp_c1_8659; Note=Genetic position = Chr06 64.186 cM	1	chr06	6	chromosome	56414140	+	56638588	56650165	56407313	56418888	60	11575	11577	0.9998272436727995	11577	1	cigar_aligned_base	1	lifted_chr_agree	6	56414140	solcap_snp_c1_8659	6	56414140	6	56414140	True	0	0
solcap_stsnp_c1_14917	solcap_snp_c1_14917	ST4.03ch06	56908573	56908573	56908573	56908572	dundee	SNP	.	6	65.315	ID=solcap_stsnp_c1_14917;Note=type: New OPA;Name=solcap_stsnp_c1_14917; Note=Genetic position = Chr06 65.315 cM	1	chr06	6	chromosome	56675891	+	56867114	56948599	56635559	56715192	60	79523	80976	0.9820564117763287	81485	1	cigar_aligned_base	1	lifted_chr_agree	6	56675891	solcap_snp_c1_14917	6	56675891	6	56675891	True	0	0
solcap_stsnp_c1_14920	solcap_snp_c1_14920	ST4.03ch06	56983782	56983782	56983782	56983781	dundee	SNP	.	6	65.401	ID=solcap_stsnp_c1_14920;Note=type: New OPA;Name=solcap_stsnp_c1_14920; Note=Genetic position = Chr06 65.401 cM	1	chr06	6	chromosome	56749446	+	56951690	57003510	56718490	56769175	60	47997	54501	0.8806627401332086	51820	1	cigar_aligned_base	1	lifted_chr_agree	6	56749446	solcap_snp_c1_14920	6	56749446	6	56749446	True	0	0
solcap_stsnp_c1_14796	solcap_snp_c1_14796	ST4.03ch06	57150369	57150369	57150369	57150368	dundee	SNP	.	6	65.312	ID=solcap_stsnp_c1_14796;Note=type: New OPA;Name=solcap_stsnp_c1_14796; Note=Genetic position = Chr06 65.312 cM	1	chr06	6	chromosome	56910485	+	57018090	57174867	56784822	56934615	60	149403	150468	0.9929220831007257	156777	1	cigar_aligned_base	1	lifted_chr_agree	6	56910485	solcap_snp_c1_14796	6	56910485	6	56910485	True	0	0
solcap_stsnp_c1_12101	solcap_snp_c1_12101	ST4.03ch06	57210742	57210742	57210742	57210741	dundee	SNP	.	6	65.335	ID=solcap_stsnp_c1_12101;Note=type: New OPA;Name=solcap_stsnp_c1_12101; Note=Genetic position = Chr06 65.335 cM	1	chr06	6	chromosome	56970498	+	57206543	57262289	56966321	57021767	60	55437	55748	0.9944213245318217	55746	1	cigar_aligned_base	1	lifted_chr_agree	6	56970498	solcap_snp_c1_12101	6	56970498	6	56970498	True	0	0
solcap_stsnp_c1_12088	solcap_snp_c1_12088	ST4.03ch06	57338343	57338343	57338343	57338342	dundee	SNP	.	6	65.327	ID=solcap_stsnp_c1_12088;Note=type: New OPA;Name=solcap_stsnp_c1_12088; Note=Genetic position = Chr06 65.327 cM	1	chr06	6	chromosome	57097701	+	57262567	57387035	57021983	57145528	60	123396	123751	0.9971313363124339	124468	1	cigar_aligned_base	1	lifted_chr_agree	6	57097701	solcap_snp_c1_12088	6	57097701	6	57097701	True	0	0
solcap_stsnp_c1_3074	solcap_snp_c1_3074	ST4.03ch06	57581258	57581258	57581258	57581257	dundee	SNP	.	6	65.943	ID=solcap_stsnp_c1_3074;Note=type: New OPA;Name=solcap_stsnp_c1_3074; Note=Genetic position = Chr06 65.943 cM	1	chr06	6	chromosome	57334590	+	57515449	57690771	57269542	57438225	60	168319	170808	0.9854280829937708	175322	1	cigar_aligned_base	1	lifted_chr_agree	6	57334590	solcap_snp_c1_3074	6	57334590	6	57334590	True	0	0
solcap_stsnp_c1_3130	solcap_snp_c1_3130	ST4.03ch06	57870264	57870264	57870264	57870263	dundee	SNP	.	6	69.041	ID=solcap_stsnp_c1_3130;Note=type: New OPA;Name=solcap_stsnp_c1_3130; Note=Genetic position = Chr06 69.041 cM	1	chr06	6	chromosome	57561751	+	57844861	57881919	57536302	57573575	60	37046	37283	0.9936432154064855	37058	1	cigar_aligned_base	1	lifted_chr_agree	6	57561751	solcap_snp_c1_3130	6	57561751	6	57561751	True	0	0
solcap_stsnp_c1_3091	solcap_snp_c1_3091	ST4.03ch06	58373079	58373079	58373079	58373078	dundee	SNP	.	6	70.516	ID=solcap_stsnp_c1_3091;Note=type: New OPA;Name=solcap_stsnp_c1_3091; Note=Genetic position = Chr06 70.516 cM	1	chr06	6	chromosome	58017580	+	58320102	58381893	57964793	58026437	60	61514	61678	0.9973410292162521	61791	1	cigar_aligned_base	1	lifted_chr_agree	6	58017580	solcap_snp_c1_3091	6	58017580	6	58017580	True	0	0
solcap_stsnp_c1_13671	solcap_snp_c1_13671	ST4.03ch07	568317	568317	568317	568316	dundee	SNP	.	7	2.659	ID=solcap_stsnp_c1_13671;Note=type: New OPA;Name=solcap_stsnp_c1_13671; Note=Genetic position = Chr07 2.659 cM	1	chr07	7	chromosome	687291	+	452679	627236	573737	744713	60	170507	172149	0.9904617511574276	174557	1	cigar_aligned_base	1	lifted_chr_agree	7	687291	solcap_snp_c1_13671	7	687291	7	687291	True	0	0
solcap_stsnp_c1_11523	solcap_snp_c1_11523	ST4.03ch07	588227	588227	588227	588226	dundee	SNP	.	7	0.0	ID=solcap_stsnp_c1_11523;Note=type: New OPA;Name=solcap_stsnp_c1_11523; Note=Genetic position = Chr07 0 cM	1	chr07	7	chromosome	707517	+	452679	627236	573737	744713	60	170507	172149	0.9904617511574276	174557	1	cigar_aligned_base	1	lifted_chr_agree	7	707517	solcap_snp_c1_11523	7	707517	7	707517	True	0	0
solcap_stsnp_c1_13563	solcap_snp_c1_13563	ST4.03ch07	1908011	1908011	1908011	1908010	dundee	SNP	.	7	3.231	ID=solcap_stsnp_c1_13563;Note=type: New OPA;Name=solcap_stsnp_c1_13563; Note=Genetic position = Chr07 3.231 cM	1	chr07	7	chromosome	1964588	+	1880274	1913382	1936801	1969959	60	33023	33221	0.9940399145119051	33108	1	cigar_aligned_base	1	lifted_chr_agree	7	1964588	solcap_snp_c1_13563	7	1964588	7	1964588	True	0	0
solcap_stsnp_c1_8163	solcap_snp_c1_8163	ST4.03ch07	2586450	2586450	2586450	2586449	dundee	SNP	.	7	4.562	ID=solcap_stsnp_c1_8163;Note=type: New OPA;Name=solcap_stsnp_c1_8163; Note=Genetic position = Chr07 4.562 cM	1	chr07	7	chromosome	2550535	+	2554553	2635968	2518988	2598091	60	78916	79323	0.9948690795859965	81415	1	cigar_aligned_base	1	lifted_chr_agree	7	2550535	solcap_snp_c1_8163	7	2550535	7	2550535	True	0	0
solcap_stsnp_c1_10959	solcap_snp_c1_10959	ST4.03ch07	3477893	3477893	3477893	3477892	dundee	SNP	.	7	9.087	ID=solcap_stsnp_c1_10959;Note=type: New OPA;Name=solcap_stsnp_c1_10959; Note=Genetic position = Chr07 9.087 cM	1	chr07	7	chromosome	3303107	+	3464009	3514251	3290079	3339233	60	49081	50309	0.9755908485559244	50242	1	cigar_aligned_base	1	lifted_chr_agree	7	3303107	solcap_snp_c1_10959	7	3303107	7	3303107	True	0	0
solcap_stsnp_c1_10985	solcap_snp_c1_10985	ST4.03ch07	3588118	3588118	3588118	3588117	dundee	SNP	.	7	8.738	ID=solcap_stsnp_c1_10985;Note=type: New OPA;Name=solcap_stsnp_c1_10985; Note=Genetic position = Chr07 8.738 cM	1	chr07	7	chromosome	3407150	+	3585284	3615341	3404316	3434486	60	30055	30171	0.9961552484173544	30057	1	cigar_aligned_base	1	lifted_chr_agree	7	3407150	solcap_snp_c1_10985	7	3407150	7	3407150	True	0	0
solcap_stsnp_c1_13776	solcap_snp_c1_13776	ST4.03ch07	4159979	4159979	4159979	4159978	dundee	SNP	.	7	8.714	ID=solcap_stsnp_c1_13776;Note=type: New OPA;Name=solcap_stsnp_c1_13776; Note=Genetic position = Chr07 8.714 cM	1	chr07	7	chromosome	3960282	+	4153370	4183444	3953671	3983749	60	30074	30078	0.9998670124343374	30074	1	cigar_aligned_base	1	lifted_chr_agree	7	3960282	solcap_snp_c1_13776	7	3960282	7	3960282	True	0	0
solcap_stsnp_c1_11935	solcap_snp_c1_11935	ST4.03ch07	6466545	6466545	6466545	6466544	dundee	SNP	.	7	11.434	ID=solcap_stsnp_c1_11935;Note=type: New OPA;Name=solcap_stsnp_c1_11935; Note=Genetic position = Chr07 11.434 cM	1	chr07	7	chromosome	6096223	+	6361878	6472025	5993143	6101704	60	108131	109824	0.984584425990676	110147	1	cigar_aligned_base	1	lifted_chr_agree	7	6096223	solcap_snp_c1_11935	7	6096223	7	6096223	True	0	0
solcap_stsnp_c1_2672	solcap_snp_c1_2672	ST4.03ch07	34754163	34754163	34754163	34754162	dundee	SNP	.	7	17.964	ID=solcap_stsnp_c1_2672;Note=type: New OPA;Name=solcap_stsnp_c1_2672; Note=Genetic position = Chr07 17.964 cM	1	chr07	7	chromosome	36788141	+	34729513	34762549	36763527	36796412	60	32878	33038	0.9951570918336461	33036	1	cigar_aligned_base	1	lifted_chr_agree	7	36788141	solcap_snp_c1_2672	7	36788141	7	36788141	True	0	0
solcap_stsnp_c1_513	solcap_snp_c1_513	ST4.03ch07	35757925	35757925	35757925	35757924	dundee	SNP	.	7	17.66	ID=solcap_stsnp_c1_513;Note=type: New OPA;Name=solcap_stsnp_c1_513; Note=Genetic position = Chr07 17.66 cM	1	chr07	7	chromosome	37737782	+	35687425	35768127	37659378	37747986	60	75732	92821	0.8158929552579697	80702	1	cigar_aligned_base	1	lifted_chr_agree	7	37737782	solcap_snp_c1_513	7	37737782	7	37737782	True	0	0
solcap_stsnp_c1_480	solcap_snp_c1_480	ST4.03ch07	36868686	36868686	36868686	36868685	dundee	SNP	.	7	17.656	ID=solcap_stsnp_c1_480;Note=type: New OPA;Name=solcap_stsnp_c1_480; Note=Genetic position = Chr07 17.656 cM	1	chr07	7	chromosome	38834428	+	36842549	36883016	38808924	38848758	60	39824	40215	0.9902772597289569	40467	1	cigar_aligned_base	1	lifted_chr_agree	7	38834428	solcap_snp_c1_480	7	38834428	7	38834428	True	0	0
solcap_stsnp_c1_499	solcap_snp_c1_499	ST4.03ch07	37222437	37222437	37222437	37222436	dundee	SNP	.	7	18.719	ID=solcap_stsnp_c1_499;Note=type: New OPA;Name=solcap_stsnp_c1_499; Note=Genetic position = Chr07 18.719 cM	1	chr07	7	chromosome	39206389	+	37216375	37259640	39200270	39243074	60	42536	43244	0.9836277865137361	43265	1	cigar_aligned_base	1	lifted_chr_agree	7	39206389	solcap_snp_c1_499	7	39206389	7	39206389	True	0	0
solcap_stsnp_c1_1547	solcap_snp_c1_1547	ST4.03ch07	38879205	38879205	38879205	38879204	dundee	SNP	.	7	20.081	ID=solcap_stsnp_c1_1547;Note=type: New OPA;Name=solcap_stsnp_c1_1547; Note=Genetic position = Chr07 20.081 cM	1	chr07	7	chromosome	40931544	+	38870986	38943842	40923227	40995947	60	72601	72951	0.9952022590505956	72856	1	cigar_aligned_base	1	lifted_chr_agree	7	40931544	solcap_snp_c1_1547	7	40931544	7	40931544	True	0	0
solcap_stsnp_c1_15703	solcap_snp_c1_15703	ST4.03ch07	40014790	40014790	40014790	40014789	dundee	SNP	.	7	20.061	ID=solcap_stsnp_c1_15703;Note=type: New OPA;Name=solcap_stsnp_c1_15703; Note=Genetic position = Chr07 20.061 cM	1	chr07	7	chromosome	41802263	+	39996619	40062178	41784719	41848104	60	63221	64763	0.9761901085496348	65559	1	cigar_aligned_base	1	lifted_chr_agree	7	41802263	solcap_snp_c1_15703	7	41802263	7	41802263	True	0	0
solcap_stsnp_c1_3157	solcap_snp_c1_3157	ST4.03ch07	41024627	41024627	41024627	41024626	dundee	SNP	.	7	23.718	ID=solcap_stsnp_c1_3157;Note=type: New OPA;Name=solcap_stsnp_c1_3157; Note=Genetic position = Chr07 23.718 cM	1	chr07	7	chromosome	42805703	+	40976397	41037444	42757993	42818537	60	60112	60411	0.995050570260383	61047	1	cigar_aligned_base	1	lifted_chr_agree	7	42805703	solcap_snp_c1_3157	7	42805703	7	42805703	True	0	0
solcap_stsnp_c1_3164	solcap_snp_c1_3164	ST4.03ch07	41144119	41144119	41144119	41144118	dundee	SNP	.	7	24.555	ID=solcap_stsnp_c1_3164;Note=type: New OPA;Name=solcap_stsnp_c1_3164; Note=Genetic position = Chr07 24.555 cM	1	chr07	7	chromosome	42924498	+	41102638	41172777	42882844	42953333	60	70002	70603	0.9914876138407717	70139	1	cigar_aligned_base	1	lifted_chr_agree	7	42924498	solcap_snp_c1_3164	7	42924498	7	42924498	True	0	0
solcap_stsnp_c1_14131	solcap_snp_c1_14131	ST4.03ch07	41535900	41535900	41535900	41535899	dundee	SNP	.	7	25.019	ID=solcap_stsnp_c1_14131;Note=type: New OPA;Name=solcap_stsnp_c1_14131; Note=Genetic position = Chr07 25.019 cM	1	chr07	7	chromosome	43259765	+	41529385	41545522	43253250	43269386	60	16133	16137	0.9997521224515089	16137	1	cigar_aligned_base	1	lifted_chr_agree	7	43259765	solcap_snp_c1_14131	7	43259765	7	43259765	True	0	0
solcap_stsnp_c1_7505	solcap_snp_c1_7505	ST4.03ch07	41886603	41886603	41886603	41886602	dundee	SNP	.	7	26.686	ID=solcap_stsnp_c1_7505;Note=type: New OPA;Name=solcap_stsnp_c1_7505; Note=Genetic position = Chr07 26.686 cM	1	chr07	7	chromosome	43596257	+	41824500	41887552	43533681	43597206	60	62590	63747	0.9818501262804524	63052	1	cigar_aligned_base	1	lifted_chr_agree	7	43596257	solcap_snp_c1_7505	7	43596257	7	43596257	True	0	0
solcap_stsnp_c1_7378	solcap_snp_c1_7378	ST4.03ch07	42672779	42672779	42672779	42672778	dundee	SNP	.	7	26.06	ID=solcap_stsnp_c1_7378;Note=type: New OPA;Name=solcap_stsnp_c1_7378; Note=Genetic position = Chr07 26.06 cM	1	chr07	7	chromosome	44340304	+	42621651	42677813	44290086	44345338	60	55240	55947	0.987363040020019	56162	1	cigar_aligned_base	1	lifted_chr_agree	7	44340304	solcap_snp_c1_7378	7	44340304	7	44340304	True	0	0
solcap_stsnp_c1_11480	solcap_snp_c1_11480	ST4.03ch07	44417406	44417406	44417406	44417405	dundee	SNP	.	7	33.209	ID=solcap_stsnp_c1_11480;Note=type: New OPA;Name=solcap_stsnp_c1_11480; Note=Genetic position = Chr07 33.209 cM	1	chr07	7	chromosome	45917172	+	44370404	44437442	45870612	45937105	60	66343	66876	0.9920300257192416	67038	1	cigar_aligned_base	1	lifted_chr_agree	7	45917172	solcap_snp_c1_11480	7	45917172	7	45917172	True	0	0
solcap_stsnp_c1_7986	solcap_snp_c1_7986	ST4.03ch07	47557387	47557387	47557387	47557386	dundee	SNP	.	7	43.254	ID=solcap_stsnp_c1_7986;Note=type: New OPA;Name=solcap_stsnp_c1_7986; Note=Genetic position = Chr07 43.254 cM	1	chr07	7	chromosome	48814328	+	47533475	47597335	48790967	48853118	60	62070	63932	0.9708753050115748	63860	1	cigar_aligned_base	1	lifted_chr_agree	7	48814328	solcap_snp_c1_7986	7	48814328	7	48814328	True	0	0
solcap_stsnp_c1_10457	solcap_snp_c1_10457	ST4.03ch07	49665986	49665986	49665986	49665985	dundee	SNP	.	7	44.577	ID=solcap_stsnp_c1_10457;Note=type: New OPA;Name=solcap_stsnp_c1_10457; Note=Genetic position = Chr07 44.577 cM	1	chr07	7	chromosome	50710645	+	49623369	49683160	50668623	50727630	60	59002	59429	0.9928149556613775	59791	1	cigar_aligned_base	1	lifted_chr_agree	7	50710645	solcap_snp_c1_10457	7	50710645	7	50710645	True	0	0
solcap_stsnp_c1_9894	solcap_snp_c1_9894	ST4.03ch07	51072311	51072311	51072311	51072310	dundee	SNP	.	7	50.116	ID=solcap_stsnp_c1_9894;Note=type: New OPA;Name=solcap_stsnp_c1_9894; Note=Genetic position = Chr07 50.116 cM	1	chr07	7	chromosome	52098992	+	50981960	51162533	52011572	52188150	60	175999	178807	0.9842959168265224	180573	1	cigar_aligned_base	1	lifted_chr_agree	7	52098992	solcap_snp_c1_9894	7	52098992	7	52098992	True	0	0
solcap_stsnp_c1_8687	solcap_snp_c1_8687	ST4.03ch07	51525589	51525589	51525589	51525588	dundee	SNP	.	7	50.491	ID=solcap_stsnp_c1_8687;Note=type: New OPA;Name=solcap_stsnp_c1_8687; Note=Genetic position = Chr07 50.491 cM	1	chr07	7	chromosome	52498605	+	51501503	51537682	52474521	52510737	60	36158	36225	0.9981504485852312	36179	1	cigar_aligned_base	1	lifted_chr_agree	7	52498605	solcap_snp_c1_8687	7	52498605	7	52498605	True	0	0
solcap_stsnp_c1_8704	solcap_snp_c1_8704	ST4.03ch07	51997428	51997428	51997428	51997427	dundee	SNP	.	7	53.523	ID=solcap_stsnp_c1_8704;Note=type: New OPA;Name=solcap_stsnp_c1_8704; Note=Genetic position = Chr07 53.523 cM	1	chr07	7	chromosome	52974360	+	51968875	52005621	52945807	52982554	60	36742	36751	0.999755108704525	36746	1	cigar_aligned_base	1	lifted_chr_agree	7	52974360	solcap_snp_c1_8704	7	52974360	7	52974360	True	0	0
solcap_stsnp_c1_4045	solcap_snp_c1_4045	ST4.03ch07	52826938	52826938	52826938	52826937	dundee	SNP	.	7	56.745	ID=solcap_stsnp_c1_4045;Note=type: New OPA;Name=solcap_stsnp_c1_4045; Note=Genetic position = Chr07 56.745 cM	1	chr07	7	chromosome	53799659	+	52819900	52847944	53792621	53820551	60	27927	27986	0.9978918030443793	28044	1	cigar_aligned_base	1	lifted_chr_agree	7	53799659	solcap_snp_c1_4045	7	53799659	7	53799659	True	0	0
solcap_stsnp_c1_8815	solcap_snp_c1_8815	ST4.03ch07	55754417	55754417	55754417	55754416	dundee	SNP	.	7	63.806	ID=solcap_stsnp_c1_8815;Note=type: New OPA;Name=solcap_stsnp_c1_8815; Note=Genetic position = Chr07 63.806 cM	1	chr07	7	chromosome	56651862	+	55698514	55899753	56597486	56795526	60	197867	200334	0.9876855651062725	201239	1	cigar_aligned_base	1	lifted_chr_agree	7	56651862	solcap_snp_c1_8815	7	56651862	7	56651862	True	0	0
solcap_stsnp_c1_7740	solcap_snp_c1_7740	ST4.03ch08	3575848	3575848	3575848	3575847	dundee	SNP	.	8	10.679	ID=solcap_stsnp_c1_7740;Note=type: New OPA;Name=solcap_stsnp_c1_7740; Note=Genetic position = Chr08 10.679 cM	1	chr08	8	chromosome	4399786	+	3529703	3578209	4354813	4402144	60	46699	47922	0.9744793622970661	48506	1	cigar_aligned_base	1	lifted_chr_agree	8	4399786	solcap_snp_c1_7740	8	4092287	8	4399786	True	307499	307499
solcap_stsnp_c1_10248	solcap_snp_c1_10248	ST4.03ch08	3773576	3773576	3773576	3773575	dundee	SNP	.	8	12.496	ID=solcap_stsnp_c1_10248;Note=type: New OPA;Name=solcap_stsnp_c1_10248; Note=Genetic position = Chr08 12.496 cM	1	chr08	8	chromosome	4596385	+	3754166	3809360	4576975	4631863	60	54882	55197	0.9942931681069623	55194	1	cigar_aligned_base	1	lifted_chr_agree	8	4596385	solcap_snp_c1_10248	8	4596385	8	4596385	True	0	0
solcap_stsnp_c1_8381	solcap_snp_c1_8381	ST4.03ch08	5482413	5482413	5482413	5482412	dundee	SNP	.	8	15.476	ID=solcap_stsnp_c1_8381;Note=type: New OPA;Name=solcap_stsnp_c1_8381; Note=Genetic position = Chr08 15.476 cM	1	chr08	8	chromosome	6321786	+	5450827	5484448	6291678	6323866	60	31994	32790	0.9757243061909119	33621	1	cigar_aligned_base	1	lifted_chr_agree	8	6321786	solcap_snp_c1_8381	8	6321786	8	6321786	True	0	0
solcap_stsnp_c1_15451	solcap_snp_c1_15451	ST4.03ch08	7440493	7440493	7440493	7440492	dundee	SNP	.	8	16.102	ID=solcap_stsnp_c1_15451;Note=type: New OPA;Name=solcap_stsnp_c1_15451; Note=Genetic position = Chr08 16.102 cM	1	chr08	8	chromosome	8091997	+	7433804	7449920	8085308	8101356	60	16034	16119	0.9947267200198523	16116	1	cigar_aligned_base	1	lifted_chr_agree	8	8091997	solcap_snp_c1_15451	8	8091997	8	8091997	True	0	0
solcap_stsnp_c1_14167	solcap_snp_c1_14167	ST4.03ch08	7796733	7796733	7796733	7796732	dundee	SNP	.	8	17.856	ID=solcap_stsnp_c1_14167;Note=type: New OPA;Name=solcap_stsnp_c1_14167; Note=Genetic position = Chr08 17.856 cM	1	chr08	8	chromosome	8472056	+	7763174	7814652	8438491	8489984	60	51319	51614	0.9942844964544504	51478	1	cigar_aligned_base	1	lifted_chr_agree	8	8472056	solcap_snp_c1_14167	8	8472056	8	8472056	True	0	0
solcap_stsnp_c1_6262	solcap_snp_c1_6262	ST4.03ch08	20584401	20584401	20584401	20584400	dundee	SNP	.	8	19.828	ID=solcap_stsnp_c1_6262;Note=type: New OPA;Name=solcap_stsnp_c1_6262; Note=Genetic position = Chr08 19.828 cM	1	chr08	8	chromosome	30025340	-	20563674	20597765	30012066	30046106	60	33927	34070	0.9958027590255356	34091	1	cigar_aligned_base	1	lifted_chr_agree	8	30025340	solcap_snp_c1_6262	8	30025471	8	30025340	True	-131	131
solcap_stsnp_c1_9824	solcap_snp_c1_9824	ST4.03ch08	34577448	34577448	34577448	34577447	dundee	SNP	.	8	25.092	ID=solcap_stsnp_c1_9824;Note=type: New OPA;Name=solcap_stsnp_c1_9824; Note=Genetic position = Chr08 25.092 cM	1	chr08	8	chromosome	38130833	+	34554857	34606391	38108182	38159776	60	51478	51599	0.9976549933138239	51534	1	cigar_aligned_base	1	lifted_chr_agree	8	38130833	solcap_snp_c1_9824	8	38130833	8	38130833	True	0	0
solcap_stsnp_c1_9821	solcap_snp_c1_9821	ST4.03ch08	34744066	34744066	34744066	34744065	dundee	SNP	.	8	25.921	ID=solcap_stsnp_c1_9821;Note=type: New OPA;Name=solcap_stsnp_c1_9821; Note=Genetic position = Chr08 25.921 cM	1	chr08	8	chromosome	38300248	+	34733785	34777914	38290030	38334096	60	43987	44034	0.9989326429577144	44129	1	cigar_aligned_base	1	lifted_chr_agree	8	38300248	solcap_snp_c1_9821	8	38300248	8	38300248	True	0	0
solcap_stsnp_c1_11720	solcap_snp_c1_11720	ST4.03ch08	35418204	35418204	35418204	35418203	dundee	SNP	.	8	25.817	ID=solcap_stsnp_c1_11720;Note=type: New OPA;Name=solcap_stsnp_c1_11720; Note=Genetic position = Chr08 25.817 cM	1	chr08	8	chromosome	38961474	+	35401707	35432257	38945641	38975530	60	29808	29951	0.9952255350405662	30550	1	cigar_aligned_base	1	lifted_chr_agree	8	38961474	solcap_snp_c1_11720	8	38961474	8	38961474	True	0	0
solcap_stsnp_c1_14109	solcap_snp_c1_14109	ST4.03ch08	40060217	40060217	40060217	40060216	dundee	SNP	.	8	27.618	ID=solcap_stsnp_c1_14109;Note=type: New OPA;Name=solcap_stsnp_c1_14109; Note=Genetic position = Chr08 27.618 cM	1	chr08	8	chromosome	43117840	+	40036641	40075796	43094950	43133418	60	38448	39172	0.9815174103951803	39155	1	cigar_aligned_base	1	lifted_chr_agree	8	43117840	solcap_snp_c1_14109	8	43117840	8	43117840	True	0	0
solcap_stsnp_c1_12166	solcap_snp_c1_12166	ST4.03ch08	41635071	41635071	41635071	41635070	dundee	SNP	.	8	29.081	ID=solcap_stsnp_c1_12166;Note=type: New OPA;Name=solcap_stsnp_c1_12166; Note=Genetic position = Chr08 29.081 cM	1	chr08	8	chromosome	44459370	+	41580795	41647120	44416093	44471462	60	55237	57641	0.95829357575337	66325	1	cigar_aligned_base	1	lifted_chr_agree	8	44459370	solcap_snp_c1_12166	8	44459370	8	44459370	True	0	0
solcap_stsnp_c1_6029	solcap_snp_c1_6029	ST4.03ch08	43364866	43364866	43364866	43364865	dundee	SNP	.	8	37.056	ID=solcap_stsnp_c1_6029;Note=type: New OPA;Name=solcap_stsnp_c1_6029; Note=Genetic position = Chr08 37.056 cM	1	chr08	8	chromosome	45919434	+	43327924	43408502	45882494	45961645	60	79120	80489	0.9829914646721912	80578	1	cigar_aligned_base	1	lifted_chr_agree	8	45919434	solcap_snp_c1_6029	8	45919434	8	45919434	True	0	0
solcap_stsnp_c1_5094	solcap_snp_c1_5094	ST4.03ch08	45264835	45264835	45264835	45264834	dundee	SNP	.	8	38.252	ID=solcap_stsnp_c1_5094;Note=type: New OPA;Name=solcap_stsnp_c1_5094; Note=Genetic position = Chr08 38.252 cM	1	chr08	8	chromosome	47690843	+	45244596	45321500	47670987	47747127	60	75950	76527	0.9924601774537092	76904	1	cigar_aligned_base	1	lifted_chr_agree	8	47690843	solcap_snp_c1_5094	8	47690843	8	47690843	True	0	0
solcap_stsnp_c1_8296	solcap_snp_c1_8296	ST4.03ch08	53823572	53823572	53823572	53823571	dundee	SNP	.	8	59.685	ID=solcap_stsnp_c1_8296;Note=type: New OPA;Name=solcap_stsnp_c1_8296; Note=Genetic position = Chr08 59.685 cM	1	chr08	8	chromosome	56271396	+	53820842	53840755	56268668	56288580	60	19911	19914	0.9998493522145224	19913	1	cigar_aligned_base	1	lifted_chr_agree	8	56271396	solcap_snp_c1_8296	8	56271396	8	56271396	True	0	0
solcap_stsnp_c1_5485	solcap_snp_c1_5485	ST4.03ch08	54751329	54751329	54751329	54751328	dundee	SNP	.	8	62.25	ID=solcap_stsnp_c1_5485;Note=type: New OPA;Name=solcap_stsnp_c1_5485; Note=Genetic position = Chr08 62.25 cM	1	chr08	8	chromosome	57177168	+	54667420	54899259	57095567	57323332	60	227608	229975	0.9897075769105338	231839	1	cigar_aligned_base	1	lifted_chr_agree	8	57177168	solcap_snp_c1_5485	8	57177168	8	57177168	True	0	0
solcap_stsnp_c1_5509	solcap_snp_c1_5509	ST4.03ch08	54850467	54850467	54850467	54850466	dundee	SNP	.	8	62.253	ID=solcap_stsnp_c1_5509;Note=type: New OPA;Name=solcap_stsnp_c1_5509; Note=Genetic position = Chr08 62.253 cM	1	chr08	8	chromosome	57274863	+	54667420	54899259	57095567	57323332	60	227608	229975	0.9897075769105338	231839	1	cigar_aligned_base	1	lifted_chr_agree	8	57274863	solcap_snp_c1_5509	8	57274863	8	57274863	True	0	0
solcap_stsnp_c1_5532	solcap_snp_c1_5532	ST4.03ch08	54936660	54936660	54936660	54936659	dundee	SNP	.	8	63.404	ID=solcap_stsnp_c1_5532;Note=type: New OPA;Name=solcap_stsnp_c1_5532; Note=Genetic position = Chr08 63.404 cM	1	chr08	8	chromosome	57358335	+	54899599	54970789	57323489	57390844	60	67331	68958	0.9764059282461788	71190	1	cigar_aligned_base	1	lifted_chr_agree	8	57358335	solcap_snp_c1_5532	8	57358335	8	57358335	True	0	0
solcap_stsnp_c1_5605	solcap_snp_c1_5605	ST4.03ch08	55277958	55277958	55277958	55277957	dundee	SNP	.	8	64.687	ID=solcap_stsnp_c1_5605;Note=type: New OPA;Name=solcap_stsnp_c1_5605; Note=Genetic position = Chr08 64.687 cM	1	chr08	8	chromosome	57690192	+	55184540	55302577	57600308	57714931	60	114441	116827	0.9795766389618838	118037	1	cigar_aligned_base	1	lifted_chr_agree	8	57690192	solcap_snp_c1_5605	8	57690192	8	57690192	True	0	0
solcap_stsnp_c1_5612	solcap_snp_c1_5612	ST4.03ch08	55365435	55365435	55365435	55365434	dundee	SNP	.	8	64.377	ID=solcap_stsnp_c1_5612;Note=type: New OPA;Name=solcap_stsnp_c1_5612; Note=Genetic position = Chr08 64.377 cM	1	chr08	8	chromosome	57771519	+	55357879	55464597	57763963	57869058	60	104547	106262	0.9838606463270031	106718	1	cigar_aligned_base	1	lifted_chr_agree	8	57771519	solcap_snp_c1_5612	8	57771519	8	57771519	True	0	0
solcap_stsnp_c1_5166	solcap_snp_c1_5166	ST4.03ch08	56026923	56026923	56026923	56026922	dundee	SNP	.	8	65.698	ID=solcap_stsnp_c1_5166;Note=type: New OPA;Name=solcap_stsnp_c1_5166; Note=Genetic position = Chr08 65.698 cM	1	chr08	8	chromosome	58422287	+	55994826	56163163	58390296	58537815	60	147170	158217	0.930178173015542	168337	1	cigar_aligned_base	1	lifted_chr_agree	8	58422287	solcap_snp_c1_5166	8	58422287	8	58422287	True	0	0
solcap_stsnp_c1_14376	solcap_snp_c1_14376	ST4.03ch09	817955	817955	817955	817954	dundee	SNP	.	9	4.927	ID=solcap_stsnp_c1_14376;Note=type: New OPA;Name=solcap_stsnp_c1_14376; Note=Genetic position = Chr09 4.927 cM	1	chr09	9	chromosome	831875	+	743303	825621	758368	839666	60	81161	81545	0.995290943650745	82318	1	cigar_aligned_base	1	lifted_chr_agree	9	831875	solcap_snp_c1_14376	9	831875	9	831875	True	0	0
solcap_stsnp_c1_1426	solcap_snp_c1_1426	ST4.03ch09	4373995	4373995	4373995	4373994	dundee	SNP	.	9	20.566	ID=solcap_stsnp_c1_1426;Note=type: New OPA;Name=solcap_stsnp_c1_1426; Note=Genetic position = Chr09 20.566 cM	1	chr09	9	chromosome	4114138	+	4294964	4377554	4036894	4117697	60	80801	82399	0.9806065607592325	82590	1	cigar_aligned_base	1	lifted_chr_agree	9	4114138	solcap_snp_c1_1426	9	4114138	9	4114138	True	0	0
solcap_stsnp_c1_2319	solcap_snp_c1_2319	ST4.03ch09	39333997	39333997	39333997	39333996	dundee	SNP	.	9	39.625	ID=solcap_stsnp_c1_2319;Note=type: New OPA;Name=solcap_stsnp_c1_2319; Note=Genetic position = Chr09 39.625 cM	1	chr09	9	chromosome	34137870	-	39331652	39360642	34111247	34140213	60	28942	28994	0.998206525488032	28990	1	cigar_aligned_base	1	lifted_chr_agree	9	34137870	solcap_snp_c1_2319	9	34137871	9	34137870	True	-1	1
solcap_stsnp_c1_8209	solcap_snp_c1_8209	ST4.03ch09	21578970	21578970	21578970	21578969	dundee	SNP	.	9	39.514	ID=solcap_stsnp_c1_8209;Note=type: New OPA;Name=solcap_stsnp_c1_8209; Note=Genetic position = Chr09 39.514 cM	1	chr09	9	chromosome	46801847	-	21563813	21585083	46795735	46817110	60	21266	21379	0.9947144394031526	21270	1	cigar_aligned_base	1	lifted_chr_agree	9	46801847	solcap_snp_c1_8209	9	46801848	9	46801847	True	-1	1
solcap_stsnp_c1_12794	solcap_snp_c1_12794	ST4.03ch09	47545577	47545577	47545577	47545576	dundee	SNP	.	9	45.609	ID=solcap_stsnp_c1_12794;Note=type: New OPA;Name=solcap_stsnp_c1_12794; Note=Genetic position = Chr09 45.609 cM	1	chr09	9	chromosome	54181202	+	47535643	47564276	54171831	54199912	60	27924	28582	0.9769785179483591	28633	1	cigar_aligned_base	1	lifted_chr_agree	9	54181202	solcap_snp_c1_12794	9	54181202	9	54181202	True	0	0
solcap_stsnp_c1_12802	solcap_snp_c1_12802	ST4.03ch09	47662364	47662364	47662364	47662363	dundee	SNP	.	9	45.817	ID=solcap_stsnp_c1_12802;Note=type: New OPA;Name=solcap_stsnp_c1_12802; Note=Genetic position = Chr09 45.817 cM	1	chr09	9	chromosome	54297084	+	47634449	47734052	54269162	54368317	60	98545	99554	0.989864796994596	99603	1	cigar_aligned_base	1	lifted_chr_agree	9	54297084	solcap_snp_c1_12802	9	54297084	9	54297084	True	0	0
solcap_stsnp_c1_6181	solcap_snp_c1_6181	ST4.03ch09	48171616	48171616	48171616	48171615	dundee	SNP	.	9	46.593	ID=solcap_stsnp_c1_6181;Note=type: New OPA;Name=solcap_stsnp_c1_6181; Note=Genetic position = Chr09 46.593 cM	1	chr09	9	chromosome	54815626	+	48119328	48183217	54763359	54827075	60	63705	63781	0.9988084225709851	63889	1	cigar_aligned_base	1	lifted_chr_agree	9	54815626	solcap_snp_c1_6181	9	54815626	9	54815626	True	0	0
solcap_stsnp_c1_13514	solcap_snp_c1_13514	ST4.03ch09	48627701	48627701	48627701	48627700	dundee	SNP	.	9	51.48	ID=solcap_stsnp_c1_13514;Note=type: New OPA;Name=solcap_stsnp_c1_13514; Note=Genetic position = Chr09 51.48 cM	1	chr09	9	chromosome	55253949	+	48527745	48661829	55156428	55287753	60	131158	131791	0.9951969406105121	134084	1	cigar_aligned_base	1	lifted_chr_agree	9	55253949	solcap_snp_c1_13514	9	55253949	9	55253949	True	0	0
solcap_stsnp_c1_13519	solcap_snp_c1_13519	ST4.03ch09	48726726	48726726	48726726	48726725	dundee	SNP	.	9	56.142	ID=solcap_stsnp_c1_13519;Note=type: New OPA;Name=solcap_stsnp_c1_13519; Note=Genetic position = Chr09 56.142 cM	1	chr09	9	chromosome	55353103	+	48688980	48743482	55315705	55370001	60	54030	54658	0.988510373595814	54502	1	cigar_aligned_base	1	lifted_chr_agree	9	55353103	solcap_snp_c1_13519	9	55353103	9	55353103	True	0	0
solcap_stsnp_c1_16459	solcap_snp_c1_16459	ST4.03ch09	49537802	49537802	49537802	49537801	dundee	SNP	.	9	50.736	ID=solcap_stsnp_c1_16459;Note=type: New OPA;Name=solcap_stsnp_c1_16459; Note=Genetic position = Chr09 50.736 cM	1	chr09	9	chromosome	56104281	+	49528805	49553972	56095284	56119735	60	24442	24451	0.9996319168950145	25167	1	cigar_aligned_base	1	lifted_chr_agree	9	56104281	solcap_snp_c1_16459	9	56104281	9	56104281	True	0	0
solcap_stsnp_c1_11692	solcap_snp_c1_11692	ST4.03ch09	49981471	49981471	49981471	49981470	dundee	SNP	.	9	54.987	ID=solcap_stsnp_c1_11692;Note=type: New OPA;Name=solcap_stsnp_c1_11692; Note=Genetic position = Chr09 54.987 cM	1	chr09	9	chromosome	56552391	+	49929501	50055461	56503196	56625846	60	122272	124154	0.9848414066401404	125960	1	cigar_aligned_base	1	lifted_chr_agree	9	56552391	solcap_snp_c1_11692	9	56552391	9	56552391	True	0	0
solcap_stsnp_c1_11691	solcap_snp_c1_11691	ST4.03ch09	49984816	49984816	49984816	49984815	dundee	SNP	.	9	55.203	ID=solcap_stsnp_c1_11691;Note=type: New OPA;Name=solcap_stsnp_c1_11691; Note=Genetic position = Chr09 55.203 cM	1	chr09	9	chromosome	56555736	+	49929501	50055461	56503196	56625846	60	122272	124154	0.9848414066401404	125960	1	cigar_aligned_base	1	lifted_chr_agree	9	56555736	solcap_snp_c1_11691	9	56555736	9	56555736	True	0	0
solcap_stsnp_c1_15363	solcap_snp_c1_15363	ST4.03ch09	50471688	50471688	50471688	50471687	dundee	SNP	.	9	55.642	ID=solcap_stsnp_c1_15363;Note=type: New OPA;Name=solcap_stsnp_c1_15363; Note=Genetic position = Chr09 55.642 cM	1	chr09	9	chromosome	56953438	+	50444131	50496884	56927111	56978383	60	51231	52146	0.9824531124151421	52753	1	cigar_aligned_base	1	lifted_chr_agree	9	56953438	solcap_snp_c1_15363	9	56953438	9	56953438	True	0	0
solcap_stsnp_c1_11906	solcap_snp_c1_11906	ST4.03ch09	51184363	51184363	51184363	51184362	dundee	SNP	.	9	58.667	ID=solcap_stsnp_c1_11906;Note=type: New OPA;Name=solcap_stsnp_c1_11906; Note=Genetic position = Chr09 58.667 cM	1	chr09	9	chromosome	57976818	+	51165042	51222465	57957650	58013617	60	55928	57019	0.9808660271137691	57423	1	cigar_aligned_base	1	lifted_chr_agree	9	57976818	solcap_snp_c1_11906	9	57976818	9	57976818	True	0	0
solcap_stsnp_c1_1419	solcap_snp_c1_1419	ST4.03ch09	51583177	51583177	51583177	51583176	dundee	SNP	.	9	61.222	ID=solcap_stsnp_c1_1419;Note=type: New OPA;Name=solcap_stsnp_c1_1419; Note=Genetic position = Chr09 61.222 cM	1	chr09	9	chromosome	58329653	+	51572562	51590959	58319037	58337417	60	18344	18404	0.9967398391653989	18397	1	cigar_aligned_base	1	lifted_chr_agree	9	58329653	solcap_snp_c1_1419	9	58329653	9	58329653	True	0	0
solcap_stsnp_c1_1401	solcap_snp_c1_1401	ST4.03ch09	51667526	51667526	51667526	51667525	dundee	SNP	.	9	61.264	ID=solcap_stsnp_c1_1401;Note=type: New OPA;Name=solcap_stsnp_c1_1401; Note=Genetic position = Chr09 61.264 cM	1	chr09	9	chromosome	58413779	+	51592320	51670925	58339111	58417178	60	76389	79431	0.9617026098122899	78605	1	cigar_aligned_base	1	lifted_chr_agree	9	58413779	solcap_snp_c1_1401	9	58413779	9	58413779	True	0	0
solcap_stsnp_c1_12054	solcap_snp_c1_12054	ST4.03ch09	52192393	52192393	52192393	52192392	dundee	SNP	.	9	60.697	ID=solcap_stsnp_c1_12054;Note=type: New OPA;Name=solcap_stsnp_c1_12054; Note=Genetic position = Chr09 60.697 cM	1	chr09	9	chromosome	58912293	+	52168397	52211703	58888286	58931029	60	42698	42746	0.9988770879146587	43306	1	cigar_aligned_base	1	lifted_chr_agree	9	58912293	solcap_snp_c1_12054	9	58912293	9	58912293	True	0	0
solcap_stsnp_c1_6937	solcap_snp_c1_6937	ST4.03ch09	54320106	54320106	54320106	54320105	dundee	SNP	.	9	65.375	ID=solcap_stsnp_c1_6937;Note=type: New OPA;Name=solcap_stsnp_c1_6937; Note=Genetic position = Chr09 65.375 cM	1	chr09	9	chromosome	60883822	+	54299168	54328473	60863381	60892188	60	28800	29206	0.9860987468328426	29305	1	cigar_aligned_base	1	lifted_chr_agree	9	60883822	solcap_snp_c1_6937	9	60883822	9	60883822	True	0	0
solcap_stsnp_c1_6941	solcap_snp_c1_6941	ST4.03ch09	54464052	54464052	54464052	54464051	dundee	SNP	.	9	65.671	ID=solcap_stsnp_c1_6941;Note=type: New OPA;Name=solcap_stsnp_c1_6941; Note=Genetic position = Chr09 65.671 cM	1	chr09	9	chromosome	61013927	+	54443418	54497817	60993768	61047507	60	53716	54406	0.9873175752674337	54399	1	cigar_aligned_base	1	lifted_chr_agree	9	61013927	solcap_snp_c1_6941	9	61013927	9	61013927	True	0	0
solcap_stsnp_c1_6949	solcap_snp_c1_6949	ST4.03ch09	54546257	54546257	54546257	54546256	dundee	SNP	.	9	66.79	ID=solcap_stsnp_c1_6949;Note=type: New OPA;Name=solcap_stsnp_c1_6949; Note=Genetic position = Chr09 66.79 cM	1	chr09	9	chromosome	61110298	+	54501762	54554424	61066922	61118094	60	50654	51109	0.9910974583732807	52662	1	cigar_aligned_base	1	lifted_chr_agree	9	61110298	solcap_snp_c1_6949	9	61110298	9	61110298	True	0	0
solcap_stsnp_c1_8939	solcap_snp_c1_8939	ST4.03ch09	55239607	55239607	55239607	55239606	dundee	SNP	.	9	66.664	ID=solcap_stsnp_c1_8939;Note=type: New OPA;Name=solcap_stsnp_c1_8939; Note=Genetic position = Chr09 66.664 cM	1	chr09	9	chromosome	61762534	+	55229774	55272309	61753034	61794763	60	41721	42262	0.9871989020869812	42535	1	cigar_aligned_base	1	lifted_chr_agree	9	61762534	solcap_snp_c1_8939	9	61762534	9	61762534	True	0	0
solcap_stsnp_c1_8955	solcap_snp_c1_8955	ST4.03ch09	55561008	55561008	55561008	55561007	dundee	SNP	.	9	70.956	ID=solcap_stsnp_c1_8955;Note=type: New OPA;Name=solcap_stsnp_c1_8955; Note=Genetic position = Chr09 70.956 cM	1	chr09	9	chromosome	62033713	+	55531343	55564744	62006762	62037449	60	30590	30658	0.99778198186444	33401	1	cigar_aligned_base	1	lifted_chr_agree	9	62033713	solcap_snp_c1_8955	9	62033713	9	62033713	True	0	0
solcap_stsnp_c1_6586	solcap_snp_c1_6586	ST4.03ch09	56510511	56510511	56510511	56510510	dundee	SNP	.	9	72.562	ID=solcap_stsnp_c1_6586;Note=type: New OPA;Name=solcap_stsnp_c1_6586; Note=Genetic position = Chr09 72.562 cM	1	chr09	9	chromosome	62885757	+	56494437	56532555	62869762	62907803	60	37993	38145	0.9960152051382881	38118	1	cigar_aligned_base	1	lifted_chr_agree	9	62885757	solcap_snp_c1_6586	9	62885757	9	62885757	True	0	0
solcap_stsnp_c1_12726	solcap_snp_c1_12726	ST4.03ch09	57751201	57751201	57751201	57751200	dundee	SNP	.	9	75.748	ID=solcap_stsnp_c1_12726;Note=type: New OPA;Name=solcap_stsnp_c1_12726; Note=Genetic position = Chr09 75.748 cM	1	chr09	9	chromosome	64007875	+	57708314	57802239	63965829	64057484	60	91518	93753	0.9761607628555886	93925	1	cigar_aligned_base	1	lifted_chr_agree	9	64007875	solcap_snp_c1_12726	9	64007875	9	64007875	True	0	0
solcap_stsnp_c1_913	solcap_snp_c1_913	ST4.03ch09	58290581	58290581	58290581	58290580	dundee	SNP	.	9	76.93	ID=solcap_stsnp_c1_913;Note=type: New OPA;Name=solcap_stsnp_c1_913; Note=Genetic position = Chr09 76.93 cM	1	chr09	9	chromosome	64428872	+	58275753	58335338	64414299	64473614	60	59273	59593	0.9946302418069236	59585	1	cigar_aligned_base	1	lifted_chr_agree	9	64428872	solcap_snp_c1_913	9	64428872	9	64428872	True	0	0
solcap_stsnp_c1_900	solcap_snp_c1_900	ST4.03ch09	58704357	58704357	58704357	58704356	dundee	SNP	.	9	79.161	ID=solcap_stsnp_c1_900;Note=type: New OPA;Name=solcap_stsnp_c1_900; Note=Genetic position = Chr09 79.161 cM	1	chr09	9	chromosome	64828084	+	58681460	58791043	64805700	64913866	60	107906	108915	0.9907358949639627	109583	1	cigar_aligned_base	1	lifted_chr_agree	9	64828084	solcap_snp_c1_900	9	64828084	9	64828084	True	0	0
solcap_stsnp_c1_6619	solcap_snp_c1_6619	ST4.03ch09	60101725	60101725	60101725	60101724	dundee	SNP	.	9	82.423	ID=solcap_stsnp_c1_6619;Note=type: New OPA;Name=solcap_stsnp_c1_6619; Note=Genetic position = Chr09 82.423 cM	1	chr09	9	chromosome	66300693	+	60073572	60168640	66272540	66364765	60	91982	93570	0.9830287485305119	95068	1	cigar_aligned_base	1	lifted_chr_agree	9	66300693	solcap_snp_c1_6619	9	66300693	9	66300693	True	0	0
solcap_stsnp_c1_6621	solcap_snp_c1_6621	ST4.03ch09	60121835	60121835	60121835	60121834	dundee	SNP	.	9	82.536	ID=solcap_stsnp_c1_6621;Note=type: New OPA;Name=solcap_stsnp_c1_6621; Note=Genetic position = Chr09 82.536 cM	1	chr09	9	chromosome	66320339	+	60073572	60168640	66272540	66364765	60	91982	93570	0.9830287485305119	95068	1	cigar_aligned_base	1	lifted_chr_agree	9	66320339	solcap_snp_c1_6621	9	66320339	9	66320339	True	0	0
solcap_stsnp_c1_10580	solcap_snp_c1_10580	ST4.03ch09	60570402	60570402	60570402	60570401	dundee	SNP	.	9	87.866	ID=solcap_stsnp_c1_10580;Note=type: New OPA;Name=solcap_stsnp_c1_10580; Note=Genetic position = Chr09 87.866 cM	1	chr09	9	chromosome	66777078	+	60554166	60579501	66761056	66786177	60	25104	25172	0.9972985857301764	25335	1	cigar_aligned_base	1	lifted_chr_agree	9	66777078	solcap_snp_c1_10580	9	66777078	9	66777078	True	0	0
solcap_stsnp_c1_10582	solcap_snp_c1_10582	ST4.03ch09	60571740	60571740	60571740	60571739	dundee	SNP	.	9	86.542	ID=solcap_stsnp_c1_10582;Note=type: New OPA;Name=solcap_stsnp_c1_10582; Note=Genetic position = Chr09 86.542 cM	1	chr09	9	chromosome	66778416	+	60554166	60579501	66761056	66786177	60	25104	25172	0.9972985857301764	25335	1	cigar_aligned_base	1	lifted_chr_agree	9	66778416	solcap_snp_c1_10582	9	66778416	9	66778416	True	0	0
solcap_stsnp_c1_8547	solcap_snp_c1_8547	ST4.03ch09	61241394	61241394	61241394	61241393	dundee	SNP	.	9	86.621	ID=solcap_stsnp_c1_8547;Note=type: New OPA;Name=solcap_stsnp_c1_8547; Note=Genetic position = Chr09 86.621 cM	1	chr09	9	chromosome	67360701	+	61221569	61318666	67340954	67431817	60	90788	93392	0.9721175261264348	97097	1	cigar_aligned_base	1	lifted_chr_agree	9	67360701	solcap_snp_c1_8547	9	67360701	9	67360701	True	0	0
solcap_stsnp_c1_305	solcap_snp_c1_305	ST4.03ch10	339062	339062	339062	339061	dundee	SNP	.	10	2.595	ID=solcap_stsnp_c1_305;Note=type: New OPA;Name=solcap_stsnp_c1_305; Note=Genetic position = Chr10 2.595 cM	1	chr10	10	chromosome	291396	+	333734	461744	286066	413114	60	126418	127405	0.9922530512931204	128010	1	cigar_aligned_base	1	lifted_chr_agree	10	291396	solcap_snp_c1_305	10	291396	10	291396	True	0	0
solcap_stsnp_c1_261	solcap_snp_c1_261	ST4.03ch10	1699433	1699433	1699433	1699432	dundee	SNP	.	10	6.575	ID=solcap_stsnp_c1_261;Note=type: New OPA;Name=solcap_stsnp_c1_261; Note=Genetic position = Chr10 6.575 cM	1	chr10	10	chromosome	1614384	+	1669749	1795990	1594088	1710013	60	115904	116718	0.9930259257355335	126241	1	cigar_aligned_base	1	lifted_chr_agree	10	1614384	solcap_snp_c1_261	10	1614384	10	1614384	True	0	0
solcap_stsnp_c1_272	solcap_snp_c1_272	ST4.03ch10	1922202	1922202	1922202	1922201	dundee	SNP	.	10	9.56	ID=solcap_stsnp_c1_272;Note=type: New OPA;Name=solcap_stsnp_c1_272; Note=Genetic position = Chr10 9.56 cM	1	chr10	10	chromosome	1826253	+	1858217	1991040	1762066	1894171	60	131637	132054	0.9968422009178064	132823	1	cigar_aligned_base	1	lifted_chr_agree	10	1826253	solcap_snp_c1_272	10	1826253	10	1826253	True	0	0
solcap_stsnp_c1_289	solcap_snp_c1_289	ST4.03ch10	2468562	2468562	2468562	2468561	dundee	SNP	.	10	8.962	ID=solcap_stsnp_c1_289;Note=type: New OPA;Name=solcap_stsnp_c1_289; Note=Genetic position = Chr10 8.962 cM	1	chr10	10	chromosome	2346214	+	2446985	2575323	2324268	2448816	60	123920	125803	0.9850321534462613	128338	1	cigar_aligned_base	1	lifted_chr_agree	10	2346214	solcap_snp_c1_289	10	2346214	10	2346214	True	0	0
solcap_stsnp_c1_14047	solcap_snp_c1_14047	ST4.03ch10	20040041	20040041	20040041	20040040	dundee	SNP	.	10	22.556	ID=solcap_stsnp_c1_14047;Note=type: New OPA;Name=solcap_stsnp_c1_14047; Note=Genetic position = Chr10 22.556 cM	1	chr10	10	chromosome	6642729	+	19989231	20056656	6600493	6659352	60	58580	59346	0.9870926431435986	67425	1	cigar_aligned_base	1	lifted_chr_agree	10	6642729	solcap_snp_c1_14047	10	6642729	10	6642729	True	0	0
solcap_stsnp_c1_1	solcap_snp_c1_1	ST4.03ch10	33993379	33993379	33993379	33993378	dundee	SNP	.	10	20.137	ID=solcap_stsnp_c1_1;Note=type: New OPA;Name=solcap_stsnp_c1_1; Note=Genetic position = Chr10 20.137 cM	1	chr10	10	chromosome	29677960	-	33979065	34020661	29650471	29703171	60	40545	53521	0.7575531099942079	41596	1	cigar_aligned_base	1	lifted_chr_agree	10	29677960	solcap_snp_c1_1	10	29688859	10	29677960	True	-10899	10899
solcap_stsnp_c1_5	solcap_snp_c1_5	ST4.03ch10	32869283	32869283	32869283	32869282	dundee	SNP	.	10	21.352	ID=solcap_stsnp_c1_5;Note=type: New OPA;Name=solcap_stsnp_c1_5; Note=Genetic position = Chr10 21.352 cM	1	chr10	10	chromosome	30749482	-	32858583	32904243	30714507	30760174	60	45584	45701	0.9974398809654056	45660	1	cigar_aligned_base	1	lifted_chr_agree	10	30749482	solcap_snp_c1_5	10	30749475	10	30749482	True	7	7
solcap_stsnp_c1_7	solcap_snp_c1_7	ST4.03ch10	32251718	32251718	32251718	32251717	dundee	SNP	.	10	23.528	ID=solcap_stsnp_c1_7;Note=type: New OPA;Name=solcap_stsnp_c1_7; Note=Genetic position = Chr10 23.528 cM	1	chr10	10	chromosome	31387549	-	32233307	32256148	31383118	31405352	60	22100	22348	0.988902810094863	22841	1	cigar_aligned_base	1	lifted_chr_agree	10	31387549	solcap_snp_c1_7	10	31387549	10	31387549	True	0	0
solcap_stsnp_c1_3057	solcap_snp_c1_3057	ST4.03ch10	28438797	28438797	28438797	28438796	dundee	SNP	.	10	25.672	ID=solcap_stsnp_c1_3057;Note=type: New OPA;Name=solcap_stsnp_c1_3057; Note=Genetic position = Chr10 25.672 cM	1	chr10	10	chromosome	35603439	+	28409208	28485596	35573865	35649540	60	75585	76455	0.9886207573082205	76388	1	cigar_aligned_base	1	lifted_chr_agree	10	35603439	solcap_snp_c1_3057	10	35603439	10	35603439	True	0	0
solcap_stsnp_c1_3055	solcap_snp_c1_3055	ST4.03ch10	29814382	29814382	29814382	29814381	dundee	SNP	.	10	23.048	ID=solcap_stsnp_c1_3055;Note=type: New OPA;Name=solcap_stsnp_c1_3055; Note=Genetic position = Chr10 23.048 cM	1	chr10	10	chromosome	36968160	+	29735208	29837698	36889510	36991550	60	100957	102213	0.9877119348810817	102490	1	cigar_aligned_base	1	lifted_chr_agree	10	36968160	solcap_snp_c1_3055	10	36968160	10	36968160	True	0	0
solcap_stsnp_c1_11408	solcap_snp_c1_11408	ST4.03ch10	43758532	43758532	43758532	43758531	dundee	SNP	.	10	26.728	ID=solcap_stsnp_c1_11408;Note=type: New OPA;Name=solcap_stsnp_c1_11408; Note=Genetic position = Chr10 26.728 cM	1	chr10	10	chromosome	44301243	+	43710202	43804975	44253204	44346225	60	92915	93632	0.9923423615857826	94773	1	cigar_aligned_base	1	lifted_chr_agree	10	44301243	solcap_snp_c1_11408	10	44301243	10	44301243	True	0	0
solcap_stsnp_c1_14465	solcap_snp_c1_14465	ST4.03ch10	45347792	45347792	45347792	45347791	dundee	SNP	.	10	26.604	ID=solcap_stsnp_c1_14465;Note=type: New OPA;Name=solcap_stsnp_c1_14465; Note=Genetic position = Chr10 26.604 cM	1	chr10	10	chromosome	45867762	+	45315121	45351988	45835176	45871958	60	36686	36960	0.9925865800865801	36867	1	cigar_aligned_base	1	lifted_chr_agree	10	45867762	solcap_snp_c1_14465	10	45867762	10	45867762	True	0	0
solcap_stsnp_c1_12035	solcap_snp_c1_12035	ST4.03ch10	45888736	45888736	45888736	45888735	dundee	SNP	.	10	27.672	ID=solcap_stsnp_c1_12035;Note=type: New OPA;Name=solcap_stsnp_c1_12035; Note=Genetic position = Chr10 27.672 cM	1	chr10	10	chromosome	46391532	+	45834692	45907195	46338230	46409450	60	70895	72139	0.9827555136611265	72503	1	cigar_aligned_base	1	lifted_chr_agree	10	46391532	solcap_snp_c1_12035	10	46391532	10	46391532	True	0	0
solcap_stsnp_c1_16004	solcap_snp_c1_16004	ST4.03ch10	47538553	47538553	47538553	47538552	dundee	SNP	.	10	36.298	ID=solcap_stsnp_c1_16004;Note=type: New OPA;Name=solcap_stsnp_c1_16004; Note=Genetic position = Chr10 36.298 cM	1	chr10	10	chromosome	48174762	+	47520595	47552613	48156804	48188826	60	32017	32022	0.9998438573480732	32018	1	cigar_aligned_base	1	lifted_chr_agree	10	48174762	solcap_snp_c1_16004	10	48174762	10	48174762	True	0	0
solcap_stsnp_c1_14606	solcap_snp_c1_14606	ST4.03ch10	48376904	48376904	48376904	48376903	dundee	SNP	.	10	37.794	ID=solcap_stsnp_c1_14606;Note=type: New OPA;Name=solcap_stsnp_c1_14606; Note=Genetic position = Chr10 37.794 cM	1	chr10	10	chromosome	49233562	+	48366583	48382012	49223241	49238670	60	15429	15429	1.0	15429	1	cigar_aligned_base	1	lifted_chr_agree	10	49233562	solcap_snp_c1_14606	10	49233562	10	49233562	True	0	0
solcap_stsnp_c1_9498	solcap_snp_c1_9498	ST4.03ch10	51153536	51153536	51153536	51153535	dundee	SNP	.	10	45.883	ID=solcap_stsnp_c1_9498;Note=type: New OPA;Name=solcap_stsnp_c1_9498; Note=Genetic position = Chr10 45.883 cM	1	chr10	10	chromosome	52087178	+	51105612	51179050	52041563	52111878	60	70144	70743	0.9915327311536124	73438	1	cigar_aligned_base	1	lifted_chr_agree	10	52087178	solcap_snp_c1_9498	10	52087178	10	52087178	True	0	0
solcap_stsnp_c1_15222	solcap_snp_c1_15222	ST4.03ch10	52168250	52168250	52168250	52168249	dundee	SNP	.	10	46.077	ID=solcap_stsnp_c1_15222;Note=type: New OPA;Name=solcap_stsnp_c1_15222; Note=Genetic position = Chr10 46.077 cM	1	chr10	10	chromosome	53051560	+	52153855	52230093	53037720	53110293	60	72548	74726	0.9708535181864412	76238	1	cigar_aligned_base	1	lifted_chr_agree	10	53051560	solcap_snp_c1_15222	10	53051560	10	53051560	True	0	0
solcap_stsnp_c1_15216	solcap_snp_c1_15216	ST4.03ch10	52262080	52262080	52262080	52262079	dundee	SNP	.	10	47.01	ID=solcap_stsnp_c1_15216;Note=type: New OPA;Name=solcap_stsnp_c1_15216; Note=Genetic position = Chr10 47.01 cM	1	chr10	10	chromosome	53142228	+	52230483	52280307	53110767	53159439	60	48250	48757	0.9896014931189367	49824	1	cigar_aligned_base	1	lifted_chr_agree	10	53142228	solcap_snp_c1_15216	10	53142228	10	53142228	True	0	0
solcap_stsnp_c1_10324	solcap_snp_c1_10324	ST4.03ch10	54389816	54389816	54389816	54389815	dundee	SNP	.	10	50.273	ID=solcap_stsnp_c1_10324;Note=type: New OPA;Name=solcap_stsnp_c1_10324; Note=Genetic position = Chr10 50.273 cM	1	chr10	10	chromosome	55254858	+	54374192	54407125	55239228	55272125	60	32885	32943	0.9982393831770027	32933	1	cigar_aligned_base	1	lifted_chr_agree	10	55254858	solcap_snp_c1_10324	10	55254858	10	55254858	True	0	0
solcap_stsnp_c1_9069	solcap_snp_c1_9069	ST4.03ch10	56513750	56513750	56513750	56513749	dundee	SNP	.	10	57.701	ID=solcap_stsnp_c1_9069;Note=type: New OPA;Name=solcap_stsnp_c1_9069; Note=Genetic position = Chr10 57.701 cM	1	chr10	10	chromosome	57342715	+	56508570	56520006	57337744	57348967	60	11220	11436	0.9811122770199371	11436	1	cigar_aligned_base	1	lifted_chr_agree	10	57342715	solcap_snp_c1_9069	10	57342715	10	57342715	True	0	0
solcap_stsnp_c1_12656	solcap_snp_c1_12656	ST4.03ch10	56677034	56677034	56677034	56677033	dundee	SNP	.	10	57.235	ID=solcap_stsnp_c1_12656;Note=type: New OPA;Name=solcap_stsnp_c1_12656; Note=Genetic position = Chr10 57.235 cM	1	chr10	10	chromosome	57502157	+	56668608	56694385	57493733	57519414	60	25562	25588	0.9989838987025168	25777	1	cigar_aligned_base	1	lifted_chr_agree	10	57502157	solcap_snp_c1_12656	10	57502157	10	57502157	True	0	0
solcap_stsnp_c1_12614	solcap_snp_c1_12614	ST4.03ch10	56762745	56762745	56762745	56762744	dundee	SNP	.	10	58.919	ID=solcap_stsnp_c1_12614;Note=type: New OPA;Name=solcap_stsnp_c1_12614; Note=Genetic position = Chr10 58.919 cM	1	chr10	10	chromosome	57586970	+	56739065	56772286	57563465	57596345	60	32876	33076	0.9939533196275245	33221	1	cigar_aligned_base	1	lifted_chr_agree	10	57586970	solcap_snp_c1_12614	10	57586970	10	57586970	True	0	0
solcap_stsnp_c1_7206	solcap_snp_c1_7206	ST4.03ch10	57553566	57553566	57553566	57553565	dundee	SNP	.	10	62.297	ID=solcap_stsnp_c1_7206;Note=type: New OPA;Name=solcap_stsnp_c1_7206; Note=Genetic position = Chr10 62.297 cM	1	chr10	10	chromosome	58324929	+	57456591	57619542	58229521	58388018	60	158367	161054	0.983316154830057	162951	1	cigar_aligned_base	1	lifted_chr_agree	10	58324929	solcap_snp_c1_7206	10	58324929	10	58324929	True	0	0
solcap_stsnp_c1_8814	solcap_snp_c1_8814	ST4.03ch10	58485780	58485780	58485780	58485779	dundee	SNP	.	10	68.865	ID=solcap_stsnp_c1_8814;Note=type: New OPA;Name=solcap_stsnp_c1_8814; Note=Genetic position = Chr10 68.865 cM	1	chr10	10	chromosome	59248708	+	58478806	58537815	59241733	59298053	60	56219	57904	0.9709001105277701	59009	1	cigar_aligned_base	1	lifted_chr_agree	10	59248708	solcap_snp_c1_8814	10	59248708	10	59248708	True	0	0
solcap_stsnp_c1_4358	solcap_snp_c1_4358	ST4.03ch11	389661	389661	389661	389660	dundee	SNP	.	11	7.188	ID=solcap_stsnp_c1_4358;Note=type: New OPA;Name=solcap_stsnp_c1_4358; Note=Genetic position = Chr11 7.188 cM	1	chr11	11	chromosome	675706	+	324809	408195	612456	694240	60	81769	82657	0.9892568082558041	83386	1	cigar_aligned_base	1	lifted_chr_agree	11	675706	solcap_snp_c1_4358	11	675706	11	675706	True	0	0
solcap_stsnp_c1_11111	solcap_snp_c1_11111	ST4.03ch11	1788796	1788796	1788796	1788795	dundee	SNP	.	11	0.759	ID=solcap_stsnp_c1_11111;Note=type: New OPA;Name=solcap_stsnp_c1_11111; Note=Genetic position = Chr11 0.759 cM	1	chr11	11	chromosome	2579325	+	1740391	1911930	2531145	2701491	60	169954	171759	0.989491089258787	171539	1	cigar_aligned_base	1	lifted_chr_agree	11	2579325	solcap_snp_c1_11111	11	2579325	11	2579325	True	0	0
solcap_stsnp_c1_2189	solcap_snp_c1_2189	ST4.03ch11	2511414	2511414	2511414	2511413	dundee	SNP	.	11	3.765	ID=solcap_stsnp_c1_2189;Note=type: New OPA;Name=solcap_stsnp_c1_2189; Note=Genetic position = Chr11 3.765 cM	1	chr11	11	chromosome	3258263	+	2492167	2525956	3239016	3272346	60	33255	33859	0.9821613160459552	33789	1	cigar_aligned_base	1	lifted_chr_agree	11	3258263	solcap_snp_c1_2189	11	3258263	11	3258263	True	0	0
solcap_stsnp_c1_2132	solcap_snp_c1_2132	ST4.03ch11	2848337	2848337	2848337	2848336	dundee	SNP	.	11	12.567	ID=solcap_stsnp_c1_2132;Note=type: New OPA;Name=solcap_stsnp_c1_2132; Note=Genetic position = Chr11 12.567 cM	1	chr11	11	chromosome	3575362	+	2680754	2984946	3418739	3710012	60	290373	295857	0.9814640180898204	304192	1	cigar_aligned_base	1	lifted_chr_agree	11	3575362	solcap_snp_c1_2132	11	3575362	11	3575362	True	0	0
solcap_stsnp_c1_2311	solcap_snp_c1_2311	ST4.03ch11	2969989	2969989	2969989	2969988	dundee	SNP	.	11	4.712	ID=solcap_stsnp_c1_2311;Note=type: New OPA;Name=solcap_stsnp_c1_2311; Note=Genetic position = Chr11 4.712 cM	1	chr11	11	chromosome	3695457	+	2680754	2984946	3418739	3710012	60	290373	295857	0.9814640180898204	304192	1	cigar_aligned_base	1	lifted_chr_agree	11	3695457	solcap_snp_c1_2311	11	3695457	11	3695457	True	0	0
solcap_stsnp_c1_2254	solcap_snp_c1_2254	ST4.03ch11	3288879	3288879	3288879	3288878	dundee	SNP	.	11	15.715	ID=solcap_stsnp_c1_2254;Note=type: New OPA;Name=solcap_stsnp_c1_2254; Note=Genetic position = Chr11 15.715 cM	1	chr11	11	chromosome	4000873	+	3200631	3318515	3912902	4030634	60	117101	117984	0.9925159343639816	117884	1	cigar_aligned_base	1	lifted_chr_agree	11	4000873	solcap_snp_c1_2254	11	4000873	11	4000873	True	0	0
solcap_stsnp_c1_2221	solcap_snp_c1_2221	ST4.03ch11	3582609	3582609	3582609	3582608	dundee	SNP	.	11	5.452	ID=solcap_stsnp_c1_2221;Note=type: New OPA;Name=solcap_stsnp_c1_2221; Note=Genetic position = Chr11 5.452 cM	1	chr11	11	chromosome	4242408	+	3524917	3594048	4185913	4253850	60	67900	68308	0.9940270539321895	69131	1	cigar_aligned_base	1	lifted_chr_agree	11	4242408	solcap_snp_c1_2221	11	4242408	11	4242408	True	0	0
solcap_stsnp_c1_16309	solcap_snp_c1_16309	ST4.03ch11	4666456	4666456	4666456	4666455	dundee	SNP	.	11	17.585	ID=solcap_stsnp_c1_16309;Note=type: New OPA;Name=solcap_stsnp_c1_16309; Note=Genetic position = Chr11 17.585 cM	1	chr11	11	chromosome	5321940	+	4631671	4685175	5288280	5340659	60	52319	53512	0.9777059351173568	53504	1	cigar_aligned_base	1	lifted_chr_agree	11	5321940	solcap_snp_c1_16309	11	5321940	11	5321940	True	0	0
solcap_stsnp_c1_6633	solcap_snp_c1_6633	ST4.03ch11	5263076	5263076	5263076	5263075	dundee	SNP	.	11	8.301	ID=solcap_stsnp_c1_6633;Note=type: New OPA;Name=solcap_stsnp_c1_6633; Note=Genetic position = Chr11 8.301 cM	1	chr11	11	chromosome	6166561	+	5256524	5325166	6160009	6225866	60	65760	68713	0.9570241439029005	68642	1	cigar_aligned_base	1	lifted_chr_agree	11	6166561	solcap_snp_c1_6633	11	6166561	11	6166561	True	0	0
solcap_stsnp_c1_6643	solcap_snp_c1_6643	ST4.03ch11	5515254	5515254	5515254	5515253	dundee	SNP	.	11	9.381	ID=solcap_stsnp_c1_6643;Note=type: New OPA;Name=solcap_stsnp_c1_6643; Note=Genetic position = Chr11 9.381 cM	1	chr11	11	chromosome	6413576	+	5498476	5563126	6397096	6458739	60	61096	62441	0.9784596659246328	64650	1	cigar_aligned_base	1	lifted_chr_agree	11	6413576	solcap_snp_c1_6643	11	6413576	11	6413576	True	0	0
solcap_stsnp_c1_4012	solcap_snp_c1_4012	ST4.03ch11	8059092	8059092	8059092	8059091	dundee	SNP	.	11	26.204	ID=solcap_stsnp_c1_4012;Note=type: New OPA;Name=solcap_stsnp_c1_4012; Note=Genetic position = Chr11 26.204 cM	1	chr11	11	chromosome	8901167	+	8034659	8150152	8876730	8990550	60	113363	114419	0.990770763596955	115493	1	cigar_aligned_base	1	lifted_chr_agree	11	8901167	solcap_snp_c1_4012	11	8901167	11	8901167	True	0	0
solcap_stsnp_c1_4009	solcap_snp_c1_4009	ST4.03ch11	8279431	8279431	8279431	8279430	dundee	SNP	.	11	26.74	ID=solcap_stsnp_c1_4009;Note=type: New OPA;Name=solcap_stsnp_c1_4009; Note=Genetic position = Chr11 26.74 cM	1	chr11	11	chromosome	9118092	+	8250193	8345043	9089746	9181509	60	91589	92667	0.9883669483203298	94850	1	cigar_aligned_base	1	lifted_chr_agree	11	9118092	solcap_snp_c1_4009	11	9118092	11	9118092	True	0	0
solcap_stsnp_c1_3996	solcap_snp_c1_3996	ST4.03ch11	8660284	8660284	8660284	8660283	dundee	SNP	.	11	27.637	ID=solcap_stsnp_c1_3996;Note=type: New OPA;Name=solcap_stsnp_c1_3996; Note=Genetic position = Chr11 27.637 cM	1	chr11	11	chromosome	9491422	+	8649335	8665223	9480471	9496361	60	15883	15892	0.999433677321923	15888	1	cigar_aligned_base	1	lifted_chr_agree	11	9491422	solcap_snp_c1_3996	11	9491422	11	9491422	True	0	0
solcap_stsnp_c1_872	solcap_snp_c1_872	ST4.03ch11	17223119	17223119	17223119	17223118	dundee	SNP	.	11	37.27	ID=solcap_stsnp_c1_872;Note=type: New OPA;Name=solcap_stsnp_c1_872; Note=Genetic position = Chr11 37.27 cM	1	chr11	11	chromosome	17854808	+	17190426	17223228	17822428	17854917	60	32467	32810	0.9895458701615362	32802	1	cigar_aligned_base	1	lifted_chr_agree	11	17854808	solcap_snp_c1_872	11	16224599	11	17854808	True	1630209	1630209
solcap_stsnp_c1_4359	solcap_snp_c1_4359	ST4.03ch11	35737669	35737669	35737669	35737668	dundee	SNP	.	11	36.859	ID=solcap_stsnp_c1_4359;Note=type: New OPA;Name=solcap_stsnp_c1_4359; Note=Genetic position = Chr11 36.859 cM	1	chr11	11	chromosome	37615241	+	35715434	35749694	37592856	37627266	60	34248	34418	0.9950607240397467	34260	1	cigar_aligned_base	1	lifted_chr_agree	11	37615241	solcap_snp_c1_4359	11	37615241	11	37615241	True	0	0
solcap_stsnp_c1_4818	solcap_snp_c1_4818	ST4.03ch11	38528580	38528580	38528580	38528579	dundee	SNP	.	11	44.569	ID=solcap_stsnp_c1_4818;Note=type: New OPA;Name=solcap_stsnp_c1_4818; Note=Genetic position = Chr11 44.569 cM	1	chr11	11	chromosome	40128268	+	38513377	38531815	40113065	40131503	60	18438	18438	1.0	18438	1	cigar_aligned_base	1	lifted_chr_agree	11	40128268	solcap_snp_c1_4818	11	40128268	11	40128268	True	0	0
solcap_stsnp_c1_1300	solcap_snp_c1_1300	ST4.03ch11	39238993	39238993	39238993	39238992	dundee	SNP	.	11	48.053	ID=solcap_stsnp_c1_1300;Note=type: New OPA;Name=solcap_stsnp_c1_1300; Note=Genetic position = Chr11 48.053 cM	1	chr11	11	chromosome	40806074	+	39197545	39299047	40764795	40864333	60	99503	101406	0.9812338520403132	101502	1	cigar_aligned_base	1	lifted_chr_agree	11	40806074	solcap_snp_c1_1300	11	40806074	11	40806074	True	0	0
solcap_stsnp_c1_6959	solcap_snp_c1_6959	ST4.03ch11	40688589	40688589	40688589	40688588	dundee	SNP	.	11	47.372	ID=solcap_stsnp_c1_6959;Note=type: New OPA;Name=solcap_stsnp_c1_6959; Note=Genetic position = Chr11 47.372 cM	1	chr11	11	chromosome	42186332	+	40644179	40705165	42142254	42202907	60	60633	60767	0.997794855760528	60986	1	cigar_aligned_base	1	lifted_chr_agree	11	42186332	solcap_snp_c1_6959	11	42186332	11	42186332	True	0	0
solcap_stsnp_c1_6967	solcap_snp_c1_6967	ST4.03ch11	40777221	40777221	40777221	40777220	dundee	SNP	.	11	50.616	ID=solcap_stsnp_c1_6967;Note=type: New OPA;Name=solcap_stsnp_c1_6967; Note=Genetic position = Chr11 50.616 cM	1	chr11	11	chromosome	42273649	+	40747633	40803968	42245110	42299795	60	54499	55351	0.984607324167585	56335	1	cigar_aligned_base	1	lifted_chr_agree	11	42273649	solcap_snp_c1_6967	11	42273649	11	42273649	True	0	0
solcap_stsnp_c1_6971	solcap_snp_c1_6971	ST4.03ch11	40966771	40966771	40966771	40966770	dundee	SNP	.	11	47.907	ID=solcap_stsnp_c1_6971;Note=type: New OPA;Name=solcap_stsnp_c1_6971; Note=Genetic position = Chr11 47.907 cM	1	chr11	11	chromosome	42408537	+	40934567	41020534	42378379	42461399	60	82940	86046	0.9639030286126026	85967	1	cigar_aligned_base	1	lifted_chr_agree	11	42408537	solcap_snp_c1_6971	11	42408537	11	42408537	True	0	0
solcap_stsnp_c1_4929	solcap_snp_c1_4929	ST4.03ch11	41592085	41592085	41592085	41592084	dundee	SNP	.	11	53.299	ID=solcap_stsnp_c1_4929;Note=type: New OPA;Name=solcap_stsnp_c1_4929; Note=Genetic position = Chr11 53.299 cM	1	chr11	11	chromosome	43021081	+	41486534	41689926	42918467	43116928	60	198213	202563	0.9785251995675419	203392	1	cigar_aligned_base	1	lifted_chr_agree	11	43021081	solcap_snp_c1_4929	11	43021081	11	43021081	True	0	0
solcap_stsnp_c1_4911	solcap_snp_c1_4911	ST4.03ch11	42274809	42274809	42274809	42274808	dundee	SNP	.	11	53.878	ID=solcap_stsnp_c1_4911;Note=type: New OPA;Name=solcap_stsnp_c1_4911; Note=Genetic position = Chr11 53.878 cM	1	chr11	11	chromosome	43727992	+	42211883	42291143	43660421	43743777	60	78614	83953	0.9364048932140603	79260	1	cigar_aligned_base	1	lifted_chr_agree	11	43727992	solcap_snp_c1_4911	11	43727992	11	43727992	True	0	0
solcap_stsnp_c1_4908	solcap_snp_c1_4908	ST4.03ch11	42278644	42278644	42278644	42278643	dundee	SNP	.	11	53.049	ID=solcap_stsnp_c1_4908;Note=type: New OPA;Name=solcap_stsnp_c1_4908; Note=Genetic position = Chr11 53.049 cM	1	chr11	11	chromosome	43731390	+	42211883	42291143	43660421	43743777	60	78614	83953	0.9364048932140603	79260	1	cigar_aligned_base	1	lifted_chr_agree	11	43731390	solcap_snp_c1_4908	11	43731390	11	43731390	True	0	0
solcap_stsnp_c1_15798	solcap_snp_c1_15798	ST4.03ch11	42975265	42975265	42975265	42975264	dundee	SNP	.	11	56.684	ID=solcap_stsnp_c1_15798;Note=type: New OPA;Name=solcap_stsnp_c1_15798; Note=Genetic position = Chr11 56.684 cM	1	chr11	11	chromosome	44454708	+	42943663	42990559	44423905	44470091	60	46045	46382	0.9927342503557415	46896	1	cigar_aligned_base	1	lifted_chr_agree	11	44454708	solcap_snp_c1_15798	11	44454708	11	44454708	True	0	0
solcap_stsnp_c1_11568	solcap_snp_c1_11568	ST4.03ch11	44062079	44062079	44062079	44062078	dundee	SNP	.	11	58.097	ID=solcap_stsnp_c1_11568;Note=type: New OPA;Name=solcap_stsnp_c1_11568; Note=Genetic position = Chr11 58.097 cM	1	chr11	11	chromosome	45525054	+	43912718	44077308	45376963	45540287	60	162702	163706	0.9938670543535362	164590	1	cigar_aligned_base	1	lifted_chr_agree	11	45525054	solcap_snp_c1_11568	11	45525054	11	45525054	True	0	0
solcap_stsnp_c1_12902	solcap_snp_c1_12902	ST4.03ch11	44338817	44338817	44338817	44338816	dundee	SNP	.	11	61.922	ID=solcap_stsnp_c1_12902;Note=type: New OPA;Name=solcap_stsnp_c1_12902; Note=Genetic position = Chr11 61.922 cM	1	chr11	11	chromosome	45740690	+	44275541	44448228	45679087	45848500	60	168859	172186	0.9806778716039631	172687	1	cigar_aligned_base	1	lifted_chr_agree	11	45740690	solcap_snp_c1_12902	11	45740690	11	45740690	True	0	0
solcap_stsnp_c1_16130	solcap_snp_c1_16130	ST4.03ch12	61145303	61145303	61145303	61145302	dundee	SNP	.	12	69.698	ID=solcap_stsnp_c1_16130;Note=type: New OPA;Name=solcap_stsnp_c1_16130; Note=Genetic position = Chr12 69.698 cM	1	chr12	12	chromosome	261556	-	61111229	61152767	254093	294873	60	40779	40826	0.9988487728408367	41538	1	cigar_aligned_base	1	lifted_chr_agree	12	261556	solcap_snp_c1_16130	12	261416	12	261556	True	140	140
solcap_stsnp_c1_1958	solcap_snp_c1_1958	ST4.03ch12	60814894	60814894	60814894	60814893	dundee	SNP	.	12	69.512	ID=solcap_stsnp_c1_1958;Note=type: New OPA;Name=solcap_stsnp_c1_1958; Note=Genetic position = Chr12 69.512 cM	1	chr12	12	chromosome	568082	-	60813641	60837903	545052	569334	60	24250	24287	0.9984765512414049	24262	1	cigar_aligned_base	1	lifted_chr_agree	12	568082	solcap_snp_c1_1958	12	568082	12	568082	True	0	0
solcap_stsnp_c1_1948	solcap_snp_c1_1948	ST4.03ch12	59631381	59631381	59631381	59631380	dundee	SNP	.	12	66.841	ID=solcap_stsnp_c1_1948;Note=type: New OPA;Name=solcap_stsnp_c1_1948; Note=Genetic position = Chr12 66.841 cM	1	chr12	12	chromosome	1781062	-	59623134	59668082	1746252	1789250	60	42869	44086	0.9723948645828607	44948	1	cigar_aligned_base	1	lifted_chr_agree	12	1781062	solcap_snp_c1_1948	12	1781003	12	1781062	True	59	59
solcap_stsnp_c1_2775	solcap_snp_c1_2775	ST4.03ch12	57883176	57883176	57883176	57883175	dundee	SNP	.	12	60.796	ID=solcap_stsnp_c1_2775;Note=type: New OPA;Name=solcap_stsnp_c1_2775; Note=Genetic position = Chr12 60.796 cM	1	chr12	12	chromosome	3428243	-	57670200	57938934	3374588	3638834	60	264138	265647	0.9943195293001615	268734	1	cigar_aligned_base	1	lifted_chr_agree	12	3428243	solcap_snp_c1_2775	12	3430218	12	3428243	True	-1975	1975
solcap_stsnp_c1_2733	solcap_snp_c1_2733	ST4.03ch12	57645115	57645115	57645115	57645114	dundee	SNP	.	12	60.994	ID=solcap_stsnp_c1_2733;Note=type: New OPA;Name=solcap_stsnp_c1_2733; Note=Genetic position = Chr12 60.994 cM	1	chr12	12	chromosome	3663466	-	57535855	57669295	3639675	3768178	60	128287	129646	0.9895176094904586	133440	1	cigar_aligned_base	1	lifted_chr_agree	12	3663466	solcap_snp_c1_2733	12	3663191	12	3663466	True	275	275
solcap_stsnp_c1_2713	solcap_snp_c1_2713	ST4.03ch12	57202531	57202531	57202531	57202530	dundee	SNP	.	12	50.571	ID=solcap_stsnp_c1_2713;Note=type: New OPA;Name=solcap_stsnp_c1_2713; Note=Genetic position = Chr12 50.571 cM	1	chr12	12	chromosome	4100592	-	57152539	57224580	4079055	4147362	60	68153	69458	0.9812116674825074	72041	1	cigar_aligned_base	1	lifted_chr_agree	12	4100592	solcap_snp_c1_2713	12	4098875	12	4100592	True	1717	1717
solcap_stsnp_c1_9741	solcap_snp_c1_9741	ST4.03ch12	55182926	55182926	55182926	55182925	dundee	SNP	.	12	40.012	ID=solcap_stsnp_c1_9741;Note=type: New OPA;Name=solcap_stsnp_c1_9741; Note=Genetic position = Chr12 40.012 cM	1	chr12	12	chromosome	6016931	-	55145503	55206521	5993712	6054048	60	60319	60456	0.997733889109435	61018	1	cigar_aligned_base	1	lifted_chr_agree	12	6016931	solcap_snp_c1_9741	12	6017006	12	6016931	True	-75	75
solcap_stsnp_c1_7491	solcap_snp_c1_7491	ST4.03ch12	53755787	53755787	53755787	53755786	dundee	SNP	.	12	44.555	ID=solcap_stsnp_c1_7491;Note=type: New OPA;Name=solcap_stsnp_c1_7491; Note=Genetic position = Chr12 44.555 cM	1	chr12	12	chromosome	7296871	-	53728108	53775168	7278635	7324454	60	45793	46386	0.9872159703358772	47060	1	cigar_aligned_base	1	lifted_chr_agree	12	7296871	solcap_snp_c1_7491	12	7297924	12	7296871	True	-1053	1053
solcap_stsnp_c1_8495	solcap_snp_c1_8495	ST4.03ch12	10560077	10560077	10560077	10560076	dundee	SNP	.	12	27.502	ID=solcap_stsnp_c1_8495;Note=type: New OPA;Name=solcap_stsnp_c1_8495; Note=Genetic position = Chr12 27.502 cM	1	chr12	12	chromosome	49357723	-	10548687	10565346	49352453	49368820	60	16364	16398	0.9979265764117575	16659	1	cigar_aligned_base	1	lifted_chr_agree	12	49357723	solcap_snp_c1_8495	12	49357724	12	49357723	True	-1	1
solcap_stsnp_c1_14454	solcap_snp_c1_14454	ST4.03ch12	9183274	9183274	9183274	9183273	dundee	SNP	.	12	28.975	ID=solcap_stsnp_c1_14454;Note=type: New OPA;Name=solcap_stsnp_c1_14454; Note=Genetic position = Chr12 28.975 cM	1	chr12	12	chromosome	50680489	-	9170679	9202271	50661992	50692822	60	30745	31430	0.9782055361119949	31592	1	cigar_aligned_base	1	lifted_chr_agree	12	50680489	solcap_snp_c1_14454	12	50680228	12	50680489	True	261	261
