chr	pos	cM	marker_id	marker_id_norm	marker_type	source_mode	evidence	paf_identity	mapq	old_seqid	old_midpoint
1	510709	4.532	pPt-535772	ppt-535772	DArT_marker	cigar_liftover_v403_to_v61	TableS4 marker lifted from PGSC/DM v4.03 to DM v6.1 using minimap2 PAF cg:Z CIGAR	0.9954471544715447	60	ST4.03ch01	253041
1	510709	4.532	pPt-540428	ppt-540428	DArT_marker	cigar_liftover_v403_to_v61	TableS4 marker lifted from PGSC/DM v4.03 to DM v6.1 using minimap2 PAF cg:Z CIGAR	0.9954471544715447	60	ST4.03ch01	253041
1	510709	4.532	pPt-653160	ppt-653160	DArT_marker	cigar_liftover_v403_to_v61	TableS4 marker lifted from PGSC/DM v4.03 to DM v6.1 using minimap2 PAF cg:Z CIGAR	0.9954471544715447	60	ST4.03ch01	253041
1	510709	4.532	pPt-656019	ppt-656019	DArT_marker	cigar_liftover_v403_to_v61	TableS4 marker lifted from PGSC/DM v4.03 to DM v6.1 using minimap2 PAF cg:Z CIGAR	0.9954471544715447	60	ST4.03ch01	253041
1	1469642	6.71	pPt-456694	ppt-456694	DArT_marker	cigar_liftover_v403_to_v61	TableS4 marker lifted from PGSC/DM v4.03 to DM v6.1 using minimap2 PAF cg:Z CIGAR	0.9952126680169396	60	ST4.03ch01	1374747
1	2818203	10.169	PM0117	pm0117	repeat_region	cigar_liftover_v403_to_v61	TableS4 marker lifted from PGSC/DM v4.03 to DM v6.1 using minimap2 PAF cg:Z CIGAR	0.9968999297317406	60	ST4.03ch01	2797373
1	2967161	8.698	solcap_snp_c1_6704	solcap_snp_c1_6704	SNP	direct_spuddb_dm_v6_1	SolCAP SNP exact non-multimap position from SpudDB DM v6.1				
1	3231168	11.907	solcap_snp_c1_6708	solcap_snp_c1_6708	SNP	direct_spuddb_dm_v6_1	SolCAP SNP exact non-multimap position from SpudDB DM v6.1				
1	3694828	15.768	solcap_snp_c1_6110	solcap_snp_c1_6110	SNP	direct_spuddb_dm_v6_1	SolCAP SNP exact non-multimap position from SpudDB DM v6.1				
1	4644404	15.567	solcap_snp_c1_15142	solcap_snp_c1_15142	SNP	direct_spuddb_dm_v6_1	SolCAP SNP exact non-multimap position from SpudDB DM v6.1				
1	5019507	13.291	pPt-470842	ppt-470842	DArT_marker	cigar_liftover_v403_to_v61	TableS4 marker lifted from PGSC/DM v4.03 to DM v6.1 using minimap2 PAF cg:Z CIGAR	0.994879636709066	60	ST4.03ch01	4625933
1	5019507	15.05	pPt-457620	ppt-457620	DArT_marker	cigar_liftover_v403_to_v61	TableS4 marker lifted from PGSC/DM v4.03 to DM v6.1 using minimap2 PAF cg:Z CIGAR	0.994879636709066	60	ST4.03ch01	4625933
1	5019507	15.074	pPt-471169	ppt-471169	DArT_marker	cigar_liftover_v403_to_v61	TableS4 marker lifted from PGSC/DM v4.03 to DM v6.1 using minimap2 PAF cg:Z CIGAR	0.994879636709066	60	ST4.03ch01	4625933
1	7138314	18.576	pPt-456745	ppt-456745	DArT_marker	cigar_liftover_v403_to_v61	TableS4 marker lifted from PGSC/DM v4.03 to DM v6.1 using minimap2 PAF cg:Z CIGAR	0.9799162698355608	60	ST4.03ch01	6352017
1	7138314	18.576	pPt-470725	ppt-470725	DArT_marker	cigar_liftover_v403_to_v61	TableS4 marker lifted from PGSC/DM v4.03 to DM v6.1 using minimap2 PAF cg:Z CIGAR	0.9799162698355608	60	ST4.03ch01	6352017
1	7138314	18.576	pPt-650054	ppt-650054	DArT_marker	cigar_liftover_v403_to_v61	TableS4 marker lifted from PGSC/DM v4.03 to DM v6.1 using minimap2 PAF cg:Z CIGAR	0.9799162698355608	60	ST4.03ch01	6352017
1	7138314	18.576	pPt-651689	ppt-651689	DArT_marker	cigar_liftover_v403_to_v61	TableS4 marker lifted from PGSC/DM v4.03 to DM v6.1 using minimap2 PAF cg:Z CIGAR	0.9799162698355608	60	ST4.03ch01	6352017
1	7138314	18.576	pPt-652449	ppt-652449	DArT_marker	cigar_liftover_v403_to_v61	TableS4 marker lifted from PGSC/DM v4.03 to DM v6.1 using minimap2 PAF cg:Z CIGAR	0.9799162698355608	60	ST4.03ch01	6352017
1	7138314	18.576	pPt-656248	ppt-656248	DArT_marker	cigar_liftover_v403_to_v61	TableS4 marker lifted from PGSC/DM v4.03 to DM v6.1 using minimap2 PAF cg:Z CIGAR	0.9799162698355608	60	ST4.03ch01	6352017
1	14107042	21.125	PM1279	pm1279	repeat_region	cigar_liftover_v403_to_v61	TableS4 marker lifted from PGSC/DM v4.03 to DM v6.1 using minimap2 PAF cg:Z CIGAR	0.9914214226140832	60	ST4.03ch01	52317865
1	14815802	23.548	toPt-440099	topt-440099	DArT_marker	cigar_liftover_v403_to_v61	TableS4 marker lifted from PGSC/DM v4.03 to DM v6.1 using minimap2 PAF cg:Z CIGAR	0.9965216695985928	60	ST4.03ch01	51314124
1	19690776	0.0	PM1119	pm1119	repeat_region	cigar_liftover_v403_to_v61	TableS4 marker lifted from PGSC/DM v4.03 to DM v6.1 using minimap2 PAF cg:Z CIGAR	0.9914212226718108	60	ST4.03ch01	55649405
1	25501380	24.371	PM0212	pm0212	repeat_region	cigar_liftover_v403_to_v61	TableS4 marker lifted from PGSC/DM v4.03 to DM v6.1 using minimap2 PAF cg:Z CIGAR	0.9952547344808248	60	ST4.03ch01	22668894
1	28146217	24.847	pPt-653070	ppt-653070	DArT_marker	cigar_liftover_v403_to_v61	TableS4 marker lifted from PGSC/DM v4.03 to DM v6.1 using minimap2 PAF cg:Z CIGAR	0.9930379259943072	60	ST4.03ch01	14207990
1	30619387	24.797	PM0531	pm0531	repeat_region	cigar_liftover_v403_to_v61	TableS4 marker lifted from PGSC/DM v4.03 to DM v6.1 using minimap2 PAF cg:Z CIGAR	0.9908555441024886	60	ST4.03ch01	16625821
1	30900854	25.789	pPt-533936	ppt-533936	DArT_marker	cigar_liftover_v403_to_v61	TableS4 marker lifted from PGSC/DM v4.03 to DM v6.1 using minimap2 PAF cg:Z CIGAR	0.997754368773477	60	ST4.03ch01	16906594
1	34774889	23.267	solcap_snp_c1_15714	solcap_snp_c1_15714	SNP	direct_spuddb_dm_v6_1	SolCAP SNP exact non-multimap position from SpudDB DM v6.1				
1	54738958	27.244	solcap_snp_c1_14565	solcap_snp_c1_14565	SNP	direct_spuddb_dm_v6_1	SolCAP SNP exact non-multimap position from SpudDB DM v6.1				
1	58507121	31.025	pPt-657377	ppt-657377	DArT_marker	cigar_liftover_v403_to_v61	TableS4 marker lifted from PGSC/DM v4.03 to DM v6.1 using minimap2 PAF cg:Z CIGAR	0.9962699969607384	60	ST4.03ch01	56907748
1	60207942	27.828	solcap_snp_c1_806	solcap_snp_c1_806	SNP	direct_spuddb_dm_v6_1	SolCAP SNP exact non-multimap position from SpudDB DM v6.1				
1	60877545	23.926	pPt-538302	ppt-538302	DArT_marker	cigar_liftover_v403_to_v61	TableS4 marker lifted from PGSC/DM v4.03 to DM v6.1 using minimap2 PAF cg:Z CIGAR	0.9895113496589512	60	ST4.03ch01	59259306
1	60877545	23.926	pPt-654213	ppt-654213	DArT_marker	cigar_liftover_v403_to_v61	TableS4 marker lifted from PGSC/DM v4.03 to DM v6.1 using minimap2 PAF cg:Z CIGAR	0.9895113496589512	60	ST4.03ch01	59259306
1	60877687	23.783	pPt-655709	ppt-655709	DArT_marker	cigar_liftover_v403_to_v61	TableS4 marker lifted from PGSC/DM v4.03 to DM v6.1 using minimap2 PAF cg:Z CIGAR	0.9895113496589512	60	ST4.03ch01	59259448
1	60877687	23.881	pPt-471086	ppt-471086	DArT_marker	cigar_liftover_v403_to_v61	TableS4 marker lifted from PGSC/DM v4.03 to DM v6.1 using minimap2 PAF cg:Z CIGAR	0.9895113496589512	60	ST4.03ch01	59259448
1	60877687	23.886	pPt-652802	ppt-652802	DArT_marker	cigar_liftover_v403_to_v61	TableS4 marker lifted from PGSC/DM v4.03 to DM v6.1 using minimap2 PAF cg:Z CIGAR	0.9895113496589512	60	ST4.03ch01	59259448
1	60877687	23.926	pPt-651539	ppt-651539	DArT_marker	cigar_liftover_v403_to_v61	TableS4 marker lifted from PGSC/DM v4.03 to DM v6.1 using minimap2 PAF cg:Z CIGAR	0.9895113496589512	60	ST4.03ch01	59259448
1	60877687	23.926	pPt-652383	ppt-652383	DArT_marker	cigar_liftover_v403_to_v61	TableS4 marker lifted from PGSC/DM v4.03 to DM v6.1 using minimap2 PAF cg:Z CIGAR	0.9895113496589512	60	ST4.03ch01	59259448
1	61848057	28.945	pPt-458291	ppt-458291	DArT_marker	cigar_liftover_v403_to_v61	TableS4 marker lifted from PGSC/DM v4.03 to DM v6.1 using minimap2 PAF cg:Z CIGAR	0.9663797957049788	60	ST4.03ch01	60203523
1	61848057	28.945	pPt-458363	ppt-458363	DArT_marker	cigar_liftover_v403_to_v61	TableS4 marker lifted from PGSC/DM v4.03 to DM v6.1 using minimap2 PAF cg:Z CIGAR	0.9663797957049788	60	ST4.03ch01	60203523
1	61848057	28.945	pPt-472703	ppt-472703	DArT_marker	cigar_liftover_v403_to_v61	TableS4 marker lifted from PGSC/DM v4.03 to DM v6.1 using minimap2 PAF cg:Z CIGAR	0.9663797957049788	60	ST4.03ch01	60203523
1	61848057	28.945	pPt-473803	ppt-473803	DArT_marker	cigar_liftover_v403_to_v61	TableS4 marker lifted from PGSC/DM v4.03 to DM v6.1 using minimap2 PAF cg:Z CIGAR	0.9663797957049788	60	ST4.03ch01	60203523
1	61848057	28.945	pPt-538424	ppt-538424	DArT_marker	cigar_liftover_v403_to_v61	TableS4 marker lifted from PGSC/DM v4.03 to DM v6.1 using minimap2 PAF cg:Z CIGAR	0.9663797957049788	60	ST4.03ch01	60203523
1	62731262	28.149	solcap_snp_c1_6607	solcap_snp_c1_6607	SNP	direct_spuddb_dm_v6_1	SolCAP SNP exact non-multimap position from SpudDB DM v6.1				
1	64336038	35.392	solcap_snp_c1_12109	solcap_snp_c1_12109	SNP	direct_spuddb_dm_v6_1	SolCAP SNP exact non-multimap position from SpudDB DM v6.1				
1	64684580	35.899	pPt-656959	ppt-656959	DArT_marker	cigar_liftover_v403_to_v61	TableS4 marker lifted from PGSC/DM v4.03 to DM v6.1 using minimap2 PAF cg:Z CIGAR	0.9675654084282004	60	ST4.03ch01	63133762
1	65028487	38.541	pPt-537757	ppt-537757	DArT_marker	cigar_liftover_v403_to_v61	TableS4 marker lifted from PGSC/DM v4.03 to DM v6.1 using minimap2 PAF cg:Z CIGAR	0.998412838374041	60	ST4.03ch01	63471114
1	65028487	38.564	pPt-656762	ppt-656762	DArT_marker	cigar_liftover_v403_to_v61	TableS4 marker lifted from PGSC/DM v4.03 to DM v6.1 using minimap2 PAF cg:Z CIGAR	0.998412838374041	60	ST4.03ch01	63471114
1	65182850	36.587	pPt-653459	ppt-653459	DArT_marker	cigar_liftover_v403_to_v61	TableS4 marker lifted from PGSC/DM v4.03 to DM v6.1 using minimap2 PAF cg:Z CIGAR	0.9923223696165728	60	ST4.03ch01	63879327
1	65627217	34.892	solcap_snp_c1_13685	solcap_snp_c1_13685	SNP	direct_spuddb_dm_v6_1	SolCAP SNP exact non-multimap position from SpudDB DM v6.1				
1	65721796	37.235	pPt-540205	ppt-540205	DArT_marker	cigar_liftover_v403_to_v61	TableS4 marker lifted from PGSC/DM v4.03 to DM v6.1 using minimap2 PAF cg:Z CIGAR	0.9742385648924996	60	ST4.03ch01	64227004
1	65770396	38.253	toPt-438863	topt-438863	DArT_marker	cigar_liftover_v403_to_v61	TableS4 marker lifted from PGSC/DM v4.03 to DM v6.1 using minimap2 PAF cg:Z CIGAR	0.9742385648924996	60	ST4.03ch01	64276170
1	65770400	38.272	pPt-471293	ppt-471293	DArT_marker	cigar_liftover_v403_to_v61	TableS4 marker lifted from PGSC/DM v4.03 to DM v6.1 using minimap2 PAF cg:Z CIGAR	0.9742385648924996	60	ST4.03ch01	64276174
1	65770400	38.272	pPt-473234	ppt-473234	DArT_marker	cigar_liftover_v403_to_v61	TableS4 marker lifted from PGSC/DM v4.03 to DM v6.1 using minimap2 PAF cg:Z CIGAR	0.9742385648924996	60	ST4.03ch01	64276174
1	65770400	38.272	toPt-437797	topt-437797	DArT_marker	cigar_liftover_v403_to_v61	TableS4 marker lifted from PGSC/DM v4.03 to DM v6.1 using minimap2 PAF cg:Z CIGAR	0.9742385648924996	60	ST4.03ch01	64276174
1	65771363	38.325	pPt-538792	ppt-538792	DArT_marker	cigar_liftover_v403_to_v61	TableS4 marker lifted from PGSC/DM v4.03 to DM v6.1 using minimap2 PAF cg:Z CIGAR	0.9742385648924996	60	ST4.03ch01	64277137
1	65771363	38.512	pPt-559008	ppt-559008	DArT_marker	cigar_liftover_v403_to_v61	TableS4 marker lifted from PGSC/DM v4.03 to DM v6.1 using minimap2 PAF cg:Z CIGAR	0.9742385648924996	60	ST4.03ch01	64277137
1	65854890	38.926	solcap_snp_c1_14297	solcap_snp_c1_14297	SNP	direct_spuddb_dm_v6_1	SolCAP SNP exact non-multimap position from SpudDB DM v6.1				
1	66053547	28.479	toPt-441265	topt-441265	DArT_marker	cigar_liftover_v403_to_v61	TableS4 marker lifted from PGSC/DM v4.03 to DM v6.1 using minimap2 PAF cg:Z CIGAR	0.9720907052080736	60	ST4.03ch01	64561913
1	66053672	28.291	pPt-651042	ppt-651042	DArT_marker	cigar_liftover_v403_to_v61	TableS4 marker lifted from PGSC/DM v4.03 to DM v6.1 using minimap2 PAF cg:Z CIGAR	0.9720907052080736	60	ST4.03ch01	64562038
1	66053672	28.454	pPt-474025	ppt-474025	DArT_marker	cigar_liftover_v403_to_v61	TableS4 marker lifted from PGSC/DM v4.03 to DM v6.1 using minimap2 PAF cg:Z CIGAR	0.9720907052080736	60	ST4.03ch01	64562038
1	66053672	28.454	pPt-538504	ppt-538504	DArT_marker	cigar_liftover_v403_to_v61	TableS4 marker lifted from PGSC/DM v4.03 to DM v6.1 using minimap2 PAF cg:Z CIGAR	0.9720907052080736	60	ST4.03ch01	64562038
1	66053672	28.454	pPt-651939	ppt-651939	DArT_marker	cigar_liftover_v403_to_v61	TableS4 marker lifted from PGSC/DM v4.03 to DM v6.1 using minimap2 PAF cg:Z CIGAR	0.9720907052080736	60	ST4.03ch01	64562038
1	66053672	28.454	pPt-652287	ppt-652287	DArT_marker	cigar_liftover_v403_to_v61	TableS4 marker lifted from PGSC/DM v4.03 to DM v6.1 using minimap2 PAF cg:Z CIGAR	0.9720907052080736	60	ST4.03ch01	64562038
1	66053672	28.454	pPt-653798	ppt-653798	DArT_marker	cigar_liftover_v403_to_v61	TableS4 marker lifted from PGSC/DM v4.03 to DM v6.1 using minimap2 PAF cg:Z CIGAR	0.9720907052080736	60	ST4.03ch01	64562038
1	66053672	28.479	pPt-457542	ppt-457542	DArT_marker	cigar_liftover_v403_to_v61	TableS4 marker lifted from PGSC/DM v4.03 to DM v6.1 using minimap2 PAF cg:Z CIGAR	0.9720907052080736	60	ST4.03ch01	64562038
1	66053672	28.626	pPt-470698	ppt-470698	DArT_marker	cigar_liftover_v403_to_v61	TableS4 marker lifted from PGSC/DM v4.03 to DM v6.1 using minimap2 PAF cg:Z CIGAR	0.9720907052080736	60	ST4.03ch01	64562038
1	66053672	28.686	pPt-458288	ppt-458288	DArT_marker	cigar_liftover_v403_to_v61	TableS4 marker lifted from PGSC/DM v4.03 to DM v6.1 using minimap2 PAF cg:Z CIGAR	0.9720907052080736	60	ST4.03ch01	64562038
1	66615373	42.286	pPt-651270	ppt-651270	DArT_marker	cigar_liftover_v403_to_v61	TableS4 marker lifted from PGSC/DM v4.03 to DM v6.1 using minimap2 PAF cg:Z CIGAR	0.9964180631955992	60	ST4.03ch01	65130765
1	66757200	42.021	solcap_snp_c1_4402	solcap_snp_c1_4402	SNP	direct_spuddb_dm_v6_1	SolCAP SNP exact non-multimap position from SpudDB DM v6.1				
1	66897180	37.928	MICRO.8112.C1_325	micro.8112.c1_325	match	cigar_liftover_v403_to_v61	TableS4 marker lifted from PGSC/DM v4.03 to DM v6.1 using minimap2 PAF cg:Z CIGAR	0.9854758067848436	60	ST4.03ch01	65418579
1	67001953	42.933	pPt-472755	ppt-472755	DArT_marker	cigar_liftover_v403_to_v61	TableS4 marker lifted from PGSC/DM v4.03 to DM v6.1 using minimap2 PAF cg:Z CIGAR	0.9843015470526226	60	ST4.03ch01	65525035
1	67271838	41.733	solcap_snp_c1_4710	solcap_snp_c1_4710	SNP	direct_spuddb_dm_v6_1	SolCAP SNP exact non-multimap position from SpudDB DM v6.1				
1	67276340	43.333	pPt-652517	ppt-652517	DArT_marker	cigar_liftover_v403_to_v61	TableS4 marker lifted from PGSC/DM v4.03 to DM v6.1 using minimap2 PAF cg:Z CIGAR	0.9810993937541392	60	ST4.03ch01	65811476
1	67305393	43.294	pPt-654672	ppt-654672	DArT_marker	cigar_liftover_v403_to_v61	TableS4 marker lifted from PGSC/DM v4.03 to DM v6.1 using minimap2 PAF cg:Z CIGAR	0.9810993937541392	60	ST4.03ch01	65840572
1	67733812	38.902	solcap_snp_c1_4754	solcap_snp_c1_4754	SNP	direct_spuddb_dm_v6_1	SolCAP SNP exact non-multimap position from SpudDB DM v6.1				
1	67805574	38.905	solcap_snp_c1_4765	solcap_snp_c1_4765	SNP	direct_spuddb_dm_v6_1	SolCAP SNP exact non-multimap position from SpudDB DM v6.1				
1	67821222	40.067	pPt-534011	ppt-534011	DArT_marker	cigar_liftover_v403_to_v61	TableS4 marker lifted from PGSC/DM v4.03 to DM v6.1 using minimap2 PAF cg:Z CIGAR	0.9933224703664654	60	ST4.03ch01	66429583
1	67821222	40.067	pPt-535700	ppt-535700	DArT_marker	cigar_liftover_v403_to_v61	TableS4 marker lifted from PGSC/DM v4.03 to DM v6.1 using minimap2 PAF cg:Z CIGAR	0.9933224703664654	60	ST4.03ch01	66429583
1	67821222	40.069	pPt-457118	ppt-457118	DArT_marker	cigar_liftover_v403_to_v61	TableS4 marker lifted from PGSC/DM v4.03 to DM v6.1 using minimap2 PAF cg:Z CIGAR	0.9933224703664654	60	ST4.03ch01	66429583
1	67821222	40.069	pPt-472804	ppt-472804	DArT_marker	cigar_liftover_v403_to_v61	TableS4 marker lifted from PGSC/DM v4.03 to DM v6.1 using minimap2 PAF cg:Z CIGAR	0.9933224703664654	60	ST4.03ch01	66429583
1	67821222	40.069	pPt-472805	ppt-472805	DArT_marker	cigar_liftover_v403_to_v61	TableS4 marker lifted from PGSC/DM v4.03 to DM v6.1 using minimap2 PAF cg:Z CIGAR	0.9933224703664654	60	ST4.03ch01	66429583
1	67821222	40.069	pPt-539066	ppt-539066	DArT_marker	cigar_liftover_v403_to_v61	TableS4 marker lifted from PGSC/DM v4.03 to DM v6.1 using minimap2 PAF cg:Z CIGAR	0.9933224703664654	60	ST4.03ch01	66429583
1	67821419	40.067	pPt-459313	ppt-459313	DArT_marker	cigar_liftover_v403_to_v61	TableS4 marker lifted from PGSC/DM v4.03 to DM v6.1 using minimap2 PAF cg:Z CIGAR	0.9933224703664654	60	ST4.03ch01	66429780
1	67821419	40.067	pPt-535430	ppt-535430	DArT_marker	cigar_liftover_v403_to_v61	TableS4 marker lifted from PGSC/DM v4.03 to DM v6.1 using minimap2 PAF cg:Z CIGAR	0.9933224703664654	60	ST4.03ch01	66429780
1	67821419	40.069	pPt-534108	ppt-534108	DArT_marker	cigar_liftover_v403_to_v61	TableS4 marker lifted from PGSC/DM v4.03 to DM v6.1 using minimap2 PAF cg:Z CIGAR	0.9933224703664654	60	ST4.03ch01	66429780
1	67932856	40.083	solcap_snp_c1_11230	solcap_snp_c1_11230	SNP	direct_spuddb_dm_v6_1	SolCAP SNP exact non-multimap position from SpudDB DM v6.1				
1	68306580	40.514	pPt-656549	ppt-656549	DArT_marker	cigar_liftover_v403_to_v61	TableS4 marker lifted from PGSC/DM v4.03 to DM v6.1 using minimap2 PAF cg:Z CIGAR	0.9821341562449244	60	ST4.03ch01	66954464
1	71082823	46.072	capPt-674504	cappt-674504	DArT_marker	cigar_liftover_v403_to_v61	TableS4 marker lifted from PGSC/DM v4.03 to DM v6.1 using minimap2 PAF cg:Z CIGAR	0.9847597497670704	60	ST4.03ch01	69884239
1	71116443	46.775	solcap_snp_c1_5760	solcap_snp_c1_5760	SNP	direct_spuddb_dm_v6_1	SolCAP SNP exact non-multimap position from SpudDB DM v6.1				
1	72006329	50.077	toPt-437056	topt-437056	DArT_marker	cigar_liftover_v403_to_v61	TableS4 marker lifted from PGSC/DM v4.03 to DM v6.1 using minimap2 PAF cg:Z CIGAR	0.9997031906999752	60	ST4.03ch01	70915839
1	72006329	50.123	pPt-533578	ppt-533578	DArT_marker	cigar_liftover_v403_to_v61	TableS4 marker lifted from PGSC/DM v4.03 to DM v6.1 using minimap2 PAF cg:Z CIGAR	0.9997031906999752	60	ST4.03ch01	70915839
1	72006329	50.123	pPt-536820	ppt-536820	DArT_marker	cigar_liftover_v403_to_v61	TableS4 marker lifted from PGSC/DM v4.03 to DM v6.1 using minimap2 PAF cg:Z CIGAR	0.9997031906999752	60	ST4.03ch01	70915839
1	72006329	50.123	pPt-537290	ppt-537290	DArT_marker	cigar_liftover_v403_to_v61	TableS4 marker lifted from PGSC/DM v4.03 to DM v6.1 using minimap2 PAF cg:Z CIGAR	0.9997031906999752	60	ST4.03ch01	70915839
1	72006329	50.123	pPt-656118	ppt-656118	DArT_marker	cigar_liftover_v403_to_v61	TableS4 marker lifted from PGSC/DM v4.03 to DM v6.1 using minimap2 PAF cg:Z CIGAR	0.9997031906999752	60	ST4.03ch01	70915839
1	72006329	50.123	pPt-656245	ppt-656245	DArT_marker	cigar_liftover_v403_to_v61	TableS4 marker lifted from PGSC/DM v4.03 to DM v6.1 using minimap2 PAF cg:Z CIGAR	0.9997031906999752	60	ST4.03ch01	70915839
1	72006329	50.278	pPt-534179	ppt-534179	DArT_marker	cigar_liftover_v403_to_v61	TableS4 marker lifted from PGSC/DM v4.03 to DM v6.1 using minimap2 PAF cg:Z CIGAR	0.9997031906999752	60	ST4.03ch01	70915839
1	72006529	50.123	toPt-440576	topt-440576	DArT_marker	cigar_liftover_v403_to_v61	TableS4 marker lifted from PGSC/DM v4.03 to DM v6.1 using minimap2 PAF cg:Z CIGAR	0.9997031906999752	60	ST4.03ch01	70916039
1	73171679	50.623	solcap_snp_c1_3845	solcap_snp_c1_3845	SNP	direct_spuddb_dm_v6_1	SolCAP SNP exact non-multimap position from SpudDB DM v6.1				
1	73309248	50.784	pPt-471360	ppt-471360	DArT_marker	cigar_liftover_v403_to_v61	TableS4 marker lifted from PGSC/DM v4.03 to DM v6.1 using minimap2 PAF cg:Z CIGAR	0.9968893218500232	60	ST4.03ch01	72208596
1	73309248	50.784	pPt-558990	ppt-558990	DArT_marker	cigar_liftover_v403_to_v61	TableS4 marker lifted from PGSC/DM v4.03 to DM v6.1 using minimap2 PAF cg:Z CIGAR	0.9968893218500232	60	ST4.03ch01	72208596
1	73309248	50.784	pPt-559125	ppt-559125	DArT_marker	cigar_liftover_v403_to_v61	TableS4 marker lifted from PGSC/DM v4.03 to DM v6.1 using minimap2 PAF cg:Z CIGAR	0.9968893218500232	60	ST4.03ch01	72208596
1	73309248	50.784	toPt-439058	topt-439058	DArT_marker	cigar_liftover_v403_to_v61	TableS4 marker lifted from PGSC/DM v4.03 to DM v6.1 using minimap2 PAF cg:Z CIGAR	0.9968893218500232	60	ST4.03ch01	72208596
1	73834956	52.795	st_10066	st_10066	repeat_region	cigar_liftover_v403_to_v61	TableS4 marker lifted from PGSC/DM v4.03 to DM v6.1 using minimap2 PAF cg:Z CIGAR	0.9945232613259294	60	ST4.03ch01	72742770
1	73882634	55.774	pPt-655473	ppt-655473	DArT_marker	cigar_liftover_v403_to_v61	TableS4 marker lifted from PGSC/DM v4.03 to DM v6.1 using minimap2 PAF cg:Z CIGAR	0.9945232613259294	60	ST4.03ch01	72791173
1	73882634	56.708	pPt-457889	ppt-457889	DArT_marker	cigar_liftover_v403_to_v61	TableS4 marker lifted from PGSC/DM v4.03 to DM v6.1 using minimap2 PAF cg:Z CIGAR	0.9945232613259294	60	ST4.03ch01	72791173
1	73882634	58.339	pPt-458782	ppt-458782	DArT_marker	cigar_liftover_v403_to_v61	TableS4 marker lifted from PGSC/DM v4.03 to DM v6.1 using minimap2 PAF cg:Z CIGAR	0.9945232613259294	60	ST4.03ch01	72791173
1	73928936	59.934	solcap_snp_c1_6269	solcap_snp_c1_6269	SNP	direct_spuddb_dm_v6_1	SolCAP SNP exact non-multimap position from SpudDB DM v6.1				
1	74448862	56.522	solcap_snp_c1_6295	solcap_snp_c1_6295	SNP	direct_spuddb_dm_v6_1	SolCAP SNP exact non-multimap position from SpudDB DM v6.1				
1	74794275	62.3	solcap_snp_c1_14093	solcap_snp_c1_14093	SNP	direct_spuddb_dm_v6_1	SolCAP SNP exact non-multimap position from SpudDB DM v6.1				
1	74921059	57.545	solcap_snp_c1_15573	solcap_snp_c1_15573	SNP	direct_spuddb_dm_v6_1	SolCAP SNP exact non-multimap position from SpudDB DM v6.1				
1	75121299	59.529	solcap_snp_c1_4586	solcap_snp_c1_4586	SNP	direct_spuddb_dm_v6_1	SolCAP SNP exact non-multimap position from SpudDB DM v6.1				
1	75196506	61.635	solcap_snp_c1_4604	solcap_snp_c1_4604	SNP	direct_spuddb_dm_v6_1	SolCAP SNP exact non-multimap position from SpudDB DM v6.1				
1	75266586	61.148	solcap_snp_c1_4607	solcap_snp_c1_4607	SNP	direct_spuddb_dm_v6_1	SolCAP SNP exact non-multimap position from SpudDB DM v6.1				
1	75565740	60.081	pPt-650108	ppt-650108	DArT_marker	cigar_liftover_v403_to_v61	TableS4 marker lifted from PGSC/DM v4.03 to DM v6.1 using minimap2 PAF cg:Z CIGAR	0.9994804857458276	60	ST4.03ch01	74637030
1	76781756	62.553	pPt-650006	ppt-650006	DArT_marker	cigar_liftover_v403_to_v61	TableS4 marker lifted from PGSC/DM v4.03 to DM v6.1 using minimap2 PAF cg:Z CIGAR	0.9997063739440756	60	ST4.03ch01	75901796
1	76781756	62.562	pPt-472129	ppt-472129	DArT_marker	cigar_liftover_v403_to_v61	TableS4 marker lifted from PGSC/DM v4.03 to DM v6.1 using minimap2 PAF cg:Z CIGAR	0.9997063739440756	60	ST4.03ch01	75901796
1	77039028	63.763	solcap_snp_c1_15429	solcap_snp_c1_15429	SNP	direct_spuddb_dm_v6_1	SolCAP SNP exact non-multimap position from SpudDB DM v6.1				
1	77072312	63.434	MICRO.10124.C1_261	micro.10124.c1_261	match	cigar_liftover_v403_to_v61	TableS4 marker lifted from PGSC/DM v4.03 to DM v6.1 using minimap2 PAF cg:Z CIGAR	0.9968197430352372	60	ST4.03ch01	76242340
1	79520001	72.646	pPt-472090	ppt-472090	DArT_marker	cigar_liftover_v403_to_v61	TableS4 marker lifted from PGSC/DM v4.03 to DM v6.1 using minimap2 PAF cg:Z CIGAR	0.9957370873401408	60	ST4.03ch01	78904595
1	79520001	72.892	pPt-471438	ppt-471438	DArT_marker	cigar_liftover_v403_to_v61	TableS4 marker lifted from PGSC/DM v4.03 to DM v6.1 using minimap2 PAF cg:Z CIGAR	0.9957370873401408	60	ST4.03ch01	78904595
1	79768729	75.718	pPt-654710	ppt-654710	DArT_marker	cigar_liftover_v403_to_v61	TableS4 marker lifted from PGSC/DM v4.03 to DM v6.1 using minimap2 PAF cg:Z CIGAR	0.9944917251817482	60	ST4.03ch01	79162022
1	79768729	75.842	pPt-654743	ppt-654743	DArT_marker	cigar_liftover_v403_to_v61	TableS4 marker lifted from PGSC/DM v4.03 to DM v6.1 using minimap2 PAF cg:Z CIGAR	0.9944917251817482	60	ST4.03ch01	79162022
1	79880009	75.174	solcap_snp_c1_2501	solcap_snp_c1_2501	SNP	direct_spuddb_dm_v6_1	SolCAP SNP exact non-multimap position from SpudDB DM v6.1				
1	79911287	75.631	pPt-539883	ppt-539883	DArT_marker	cigar_liftover_v403_to_v61	TableS4 marker lifted from PGSC/DM v4.03 to DM v6.1 using minimap2 PAF cg:Z CIGAR	0.9987253781159248	60	ST4.03ch01	79307976
1	79911289	75.631	pPt-533740	ppt-533740	DArT_marker	cigar_liftover_v403_to_v61	TableS4 marker lifted from PGSC/DM v4.03 to DM v6.1 using minimap2 PAF cg:Z CIGAR	0.9987253781159248	60	ST4.03ch01	79307978
1	79911289	75.631	pPt-654187	ppt-654187	DArT_marker	cigar_liftover_v403_to_v61	TableS4 marker lifted from PGSC/DM v4.03 to DM v6.1 using minimap2 PAF cg:Z CIGAR	0.9987253781159248	60	ST4.03ch01	79307978
1	79911289	75.631	pPt-654960	ppt-654960	DArT_marker	cigar_liftover_v403_to_v61	TableS4 marker lifted from PGSC/DM v4.03 to DM v6.1 using minimap2 PAF cg:Z CIGAR	0.9987253781159248	60	ST4.03ch01	79307978
1	79911289	75.631	pPt-656584	ppt-656584	DArT_marker	cigar_liftover_v403_to_v61	TableS4 marker lifted from PGSC/DM v4.03 to DM v6.1 using minimap2 PAF cg:Z CIGAR	0.9987253781159248	60	ST4.03ch01	79307978
1	79911289	75.639	pPt-653975	ppt-653975	DArT_marker	cigar_liftover_v403_to_v61	TableS4 marker lifted from PGSC/DM v4.03 to DM v6.1 using minimap2 PAF cg:Z CIGAR	0.9987253781159248	60	ST4.03ch01	79307978
1	79911289	75.718	pPt-473160	ppt-473160	DArT_marker	cigar_liftover_v403_to_v61	TableS4 marker lifted from PGSC/DM v4.03 to DM v6.1 using minimap2 PAF cg:Z CIGAR	0.9987253781159248	60	ST4.03ch01	79307978
1	79946769	76.723	pPt-538971	ppt-538971	DArT_marker	cigar_liftover_v403_to_v61	TableS4 marker lifted from PGSC/DM v4.03 to DM v6.1 using minimap2 PAF cg:Z CIGAR	0.9974420587551353	60	ST4.03ch01	79344183
1	80095734	76.519	solcap_snp_c1_2517	solcap_snp_c1_2517	SNP	direct_spuddb_dm_v6_1	SolCAP SNP exact non-multimap position from SpudDB DM v6.1				
1	81517833	81.408	solcap_snp_c1_3297	solcap_snp_c1_3297	SNP	direct_spuddb_dm_v6_1	SolCAP SNP exact non-multimap position from SpudDB DM v6.1				
1	81813679	81.493	pPt-459291	ppt-459291	DArT_marker	cigar_liftover_v403_to_v61	TableS4 marker lifted from PGSC/DM v4.03 to DM v6.1 using minimap2 PAF cg:Z CIGAR	0.9995070783548248	60	ST4.03ch01	81251269
1	81813679	81.493	pPt-653453	ppt-653453	DArT_marker	cigar_liftover_v403_to_v61	TableS4 marker lifted from PGSC/DM v4.03 to DM v6.1 using minimap2 PAF cg:Z CIGAR	0.9995070783548248	60	ST4.03ch01	81251269
1	82100630	78.463	solcap_snp_c1_3281	solcap_snp_c1_3281	SNP	direct_spuddb_dm_v6_1	SolCAP SNP exact non-multimap position from SpudDB DM v6.1				
1	82331310	79.247	pPt-552365	ppt-552365	DArT_marker	cigar_liftover_v403_to_v61	TableS4 marker lifted from PGSC/DM v4.03 to DM v6.1 using minimap2 PAF cg:Z CIGAR	0.9953333515268946	60	ST4.03ch01	81832750
1	82331310	79.247	pPt-552401	ppt-552401	DArT_marker	cigar_liftover_v403_to_v61	TableS4 marker lifted from PGSC/DM v4.03 to DM v6.1 using minimap2 PAF cg:Z CIGAR	0.9953333515268946	60	ST4.03ch01	81832750
1	82331310	79.247	pPt-559324	ppt-559324	DArT_marker	cigar_liftover_v403_to_v61	TableS4 marker lifted from PGSC/DM v4.03 to DM v6.1 using minimap2 PAF cg:Z CIGAR	0.9953333515268946	60	ST4.03ch01	81832750
1	82331310	79.25	pPt-471906	ppt-471906	DArT_marker	cigar_liftover_v403_to_v61	TableS4 marker lifted from PGSC/DM v4.03 to DM v6.1 using minimap2 PAF cg:Z CIGAR	0.9953333515268946	60	ST4.03ch01	81832750
1	83144953	80.621	pPt-653927	ppt-653927	DArT_marker	cigar_liftover_v403_to_v61	TableS4 marker lifted from PGSC/DM v4.03 to DM v6.1 using minimap2 PAF cg:Z CIGAR	0.9802275863629164	60	ST4.03ch01	82646156
1	83451642	81.476	solcap_snp_c1_1652	solcap_snp_c1_1652	SNP	direct_spuddb_dm_v6_1	SolCAP SNP exact non-multimap position from SpudDB DM v6.1				
1	83896183	81.579	solcap_snp_c1_1724	solcap_snp_c1_1724	SNP	direct_spuddb_dm_v6_1	SolCAP SNP exact non-multimap position from SpudDB DM v6.1				
1	83987313	82.021	solcap_snp_c1_1731	solcap_snp_c1_1731	SNP	direct_spuddb_dm_v6_1	SolCAP SNP exact non-multimap position from SpudDB DM v6.1				
1	84095795	82.017	solcap_snp_c1_1748	solcap_snp_c1_1748	SNP	direct_spuddb_dm_v6_1	SolCAP SNP exact non-multimap position from SpudDB DM v6.1				
1	84144580	82.023	solcap_snp_c1_1577	solcap_snp_c1_1577	SNP	direct_spuddb_dm_v6_1	SolCAP SNP exact non-multimap position from SpudDB DM v6.1				
1	84651365	82.34	pPt-537760	ppt-537760	DArT_marker	cigar_liftover_v403_to_v61	TableS4 marker lifted from PGSC/DM v4.03 to DM v6.1 using minimap2 PAF cg:Z CIGAR	0.9884508353199288	60	ST4.03ch01	84283227
1	84651365	82.341	pPt-534144	ppt-534144	DArT_marker	cigar_liftover_v403_to_v61	TableS4 marker lifted from PGSC/DM v4.03 to DM v6.1 using minimap2 PAF cg:Z CIGAR	0.9884508353199288	60	ST4.03ch01	84283227
1	84651365	82.341	pPt-535139	ppt-535139	DArT_marker	cigar_liftover_v403_to_v61	TableS4 marker lifted from PGSC/DM v4.03 to DM v6.1 using minimap2 PAF cg:Z CIGAR	0.9884508353199288	60	ST4.03ch01	84283227
1	84651365	82.341	pPt-539598	ppt-539598	DArT_marker	cigar_liftover_v403_to_v61	TableS4 marker lifted from PGSC/DM v4.03 to DM v6.1 using minimap2 PAF cg:Z CIGAR	0.9884508353199288	60	ST4.03ch01	84283227
1	84651365	82.351	pPt-457623	ppt-457623	DArT_marker	cigar_liftover_v403_to_v61	TableS4 marker lifted from PGSC/DM v4.03 to DM v6.1 using minimap2 PAF cg:Z CIGAR	0.9884508353199288	60	ST4.03ch01	84283227
1	84651365	82.355	pPt-534579	ppt-534579	DArT_marker	cigar_liftover_v403_to_v61	TableS4 marker lifted from PGSC/DM v4.03 to DM v6.1 using minimap2 PAF cg:Z CIGAR	0.9884508353199288	60	ST4.03ch01	84283227
1	84755311	81.766	pPt-456654	ppt-456654	DArT_marker	cigar_liftover_v403_to_v61	TableS4 marker lifted from PGSC/DM v4.03 to DM v6.1 using minimap2 PAF cg:Z CIGAR	0.9976079267186648	60	ST4.03ch01	84395686
1	84755311	82.816	pPt-537798	ppt-537798	DArT_marker	cigar_liftover_v403_to_v61	TableS4 marker lifted from PGSC/DM v4.03 to DM v6.1 using minimap2 PAF cg:Z CIGAR	0.9976079267186648	60	ST4.03ch01	84395686
1	84755311	82.915	pPt-653008	ppt-653008	DArT_marker	cigar_liftover_v403_to_v61	TableS4 marker lifted from PGSC/DM v4.03 to DM v6.1 using minimap2 PAF cg:Z CIGAR	0.9976079267186648	60	ST4.03ch01	84395686
1	84812833	82.936	pPt-458339	ppt-458339	DArT_marker	cigar_liftover_v403_to_v61	TableS4 marker lifted from PGSC/DM v4.03 to DM v6.1 using minimap2 PAF cg:Z CIGAR	0.9985595590998289	60	ST4.03ch01	84453966
1	84812833	82.936	pPt-536982	ppt-536982	DArT_marker	cigar_liftover_v403_to_v61	TableS4 marker lifted from PGSC/DM v4.03 to DM v6.1 using minimap2 PAF cg:Z CIGAR	0.9985595590998289	60	ST4.03ch01	84453966
1	84812833	82.936	pPt-654680	ppt-654680	DArT_marker	cigar_liftover_v403_to_v61	TableS4 marker lifted from PGSC/DM v4.03 to DM v6.1 using minimap2 PAF cg:Z CIGAR	0.9985595590998289	60	ST4.03ch01	84453966
1	84845644	83.125	solcap_snp_c1_10893	solcap_snp_c1_10893	SNP	direct_spuddb_dm_v6_1	SolCAP SNP exact non-multimap position from SpudDB DM v6.1				
1	85233404	85.393	STI0009	sti0009	repeat_region	cigar_liftover_v403_to_v61	TableS4 marker lifted from PGSC/DM v4.03 to DM v6.1 using minimap2 PAF cg:Z CIGAR	0.99986839219127	60	ST4.03ch01	84895777
1	85589930	83.267	solcap_snp_c1_23	solcap_snp_c1_23	SNP	direct_spuddb_dm_v6_1	SolCAP SNP exact non-multimap position from SpudDB DM v6.1				
1	85968224	83.891	pPt-457663	ppt-457663	DArT_marker	cigar_liftover_v403_to_v61	TableS4 marker lifted from PGSC/DM v4.03 to DM v6.1 using minimap2 PAF cg:Z CIGAR	0.9862192719084256	60	ST4.03ch01	85670085
1	85968224	83.891	pPt-656956	ppt-656956	DArT_marker	cigar_liftover_v403_to_v61	TableS4 marker lifted from PGSC/DM v4.03 to DM v6.1 using minimap2 PAF cg:Z CIGAR	0.9862192719084256	60	ST4.03ch01	85670085
1	85968224	83.894	pPt-650968	ppt-650968	DArT_marker	cigar_liftover_v403_to_v61	TableS4 marker lifted from PGSC/DM v4.03 to DM v6.1 using minimap2 PAF cg:Z CIGAR	0.9862192719084256	60	ST4.03ch01	85670085
1	85968224	83.894	pPt-656365	ppt-656365	DArT_marker	cigar_liftover_v403_to_v61	TableS4 marker lifted from PGSC/DM v4.03 to DM v6.1 using minimap2 PAF cg:Z CIGAR	0.9862192719084256	60	ST4.03ch01	85670085
1	85968224	83.922	pPt-457687	ppt-457687	DArT_marker	cigar_liftover_v403_to_v61	TableS4 marker lifted from PGSC/DM v4.03 to DM v6.1 using minimap2 PAF cg:Z CIGAR	0.9862192719084256	60	ST4.03ch01	85670085
1	86449536	83.709	solcap_snp_c1_14689	solcap_snp_c1_14689	SNP	direct_spuddb_dm_v6_1	SolCAP SNP exact non-multimap position from SpudDB DM v6.1				
1	87140214	89.665	pPt-651049	ppt-651049	DArT_marker	cigar_liftover_v403_to_v61	TableS4 marker lifted from PGSC/DM v4.03 to DM v6.1 using minimap2 PAF cg:Z CIGAR	0.999337428393954	60	ST4.03ch01	87024071
1	87140660	89.438	pPt-552373	ppt-552373	DArT_marker	cigar_liftover_v403_to_v61	TableS4 marker lifted from PGSC/DM v4.03 to DM v6.1 using minimap2 PAF cg:Z CIGAR	0.999337428393954	60	ST4.03ch01	87024517
1	87140660	90.022	pPt-534481	ppt-534481	DArT_marker	cigar_liftover_v403_to_v61	TableS4 marker lifted from PGSC/DM v4.03 to DM v6.1 using minimap2 PAF cg:Z CIGAR	0.999337428393954	60	ST4.03ch01	87024517
1	87140661	89.553	pPt-537128	ppt-537128	DArT_marker	cigar_liftover_v403_to_v61	TableS4 marker lifted from PGSC/DM v4.03 to DM v6.1 using minimap2 PAF cg:Z CIGAR	0.999337428393954	60	ST4.03ch01	87024518
1	87140661	89.667	pPt-539661	ppt-539661	DArT_marker	cigar_liftover_v403_to_v61	TableS4 marker lifted from PGSC/DM v4.03 to DM v6.1 using minimap2 PAF cg:Z CIGAR	0.999337428393954	60	ST4.03ch01	87024518
1	87140661	89.749	pPt-534826	ppt-534826	DArT_marker	cigar_liftover_v403_to_v61	TableS4 marker lifted from PGSC/DM v4.03 to DM v6.1 using minimap2 PAF cg:Z CIGAR	0.999337428393954	60	ST4.03ch01	87024518
1	87140661	90.914	pPt-538047	ppt-538047	DArT_marker	cigar_liftover_v403_to_v61	TableS4 marker lifted from PGSC/DM v4.03 to DM v6.1 using minimap2 PAF cg:Z CIGAR	0.999337428393954	60	ST4.03ch01	87024518
1	87140661	92.181	pPt-537048	ppt-537048	DArT_marker	cigar_liftover_v403_to_v61	TableS4 marker lifted from PGSC/DM v4.03 to DM v6.1 using minimap2 PAF cg:Z CIGAR	0.999337428393954	60	ST4.03ch01	87024518
1	87140672	89.515	pPt-471907	ppt-471907	DArT_marker	cigar_liftover_v403_to_v61	TableS4 marker lifted from PGSC/DM v4.03 to DM v6.1 using minimap2 PAF cg:Z CIGAR	0.999337428393954	60	ST4.03ch01	87024529
1	87140672	92.982	pPt-650685	ppt-650685	DArT_marker	cigar_liftover_v403_to_v61	TableS4 marker lifted from PGSC/DM v4.03 to DM v6.1 using minimap2 PAF cg:Z CIGAR	0.999337428393954	60	ST4.03ch01	87024529
1	87459417	88.624	pPt-654259	ppt-654259	DArT_marker	cigar_liftover_v403_to_v61	TableS4 marker lifted from PGSC/DM v4.03 to DM v6.1 using minimap2 PAF cg:Z CIGAR	0.9787032177318422	60	ST4.03ch01	87348408
1	87509482	87.967	pPt-457982	ppt-457982	DArT_marker	cigar_liftover_v403_to_v61	TableS4 marker lifted from PGSC/DM v4.03 to DM v6.1 using minimap2 PAF cg:Z CIGAR	0.9785137120470128	60	ST4.03ch01	87400358
1	87509482	88.624	pPt-457198	ppt-457198	DArT_marker	cigar_liftover_v403_to_v61	TableS4 marker lifted from PGSC/DM v4.03 to DM v6.1 using minimap2 PAF cg:Z CIGAR	0.9785137120470128	60	ST4.03ch01	87400358
1	87509482	88.624	pPt-533689	ppt-533689	DArT_marker	cigar_liftover_v403_to_v61	TableS4 marker lifted from PGSC/DM v4.03 to DM v6.1 using minimap2 PAF cg:Z CIGAR	0.9785137120470128	60	ST4.03ch01	87400358
1	87509482	88.624	pPt-534300	ppt-534300	DArT_marker	cigar_liftover_v403_to_v61	TableS4 marker lifted from PGSC/DM v4.03 to DM v6.1 using minimap2 PAF cg:Z CIGAR	0.9785137120470128	60	ST4.03ch01	87400358
1	87509482	88.624	pPt-536888	ppt-536888	DArT_marker	cigar_liftover_v403_to_v61	TableS4 marker lifted from PGSC/DM v4.03 to DM v6.1 using minimap2 PAF cg:Z CIGAR	0.9785137120470128	60	ST4.03ch01	87400358
1	87509482	88.624	pPt-537292	ppt-537292	DArT_marker	cigar_liftover_v403_to_v61	TableS4 marker lifted from PGSC/DM v4.03 to DM v6.1 using minimap2 PAF cg:Z CIGAR	0.9785137120470128	60	ST4.03ch01	87400358
1	87509482	88.624	pPt-537522	ppt-537522	DArT_marker	cigar_liftover_v403_to_v61	TableS4 marker lifted from PGSC/DM v4.03 to DM v6.1 using minimap2 PAF cg:Z CIGAR	0.9785137120470128	60	ST4.03ch01	87400358
1	87509482	88.624	pPt-657049	ppt-657049	DArT_marker	cigar_liftover_v403_to_v61	TableS4 marker lifted from PGSC/DM v4.03 to DM v6.1 using minimap2 PAF cg:Z CIGAR	0.9785137120470128	60	ST4.03ch01	87400358
1	87509482	88.639	pPt-534090	ppt-534090	DArT_marker	cigar_liftover_v403_to_v61	TableS4 marker lifted from PGSC/DM v4.03 to DM v6.1 using minimap2 PAF cg:Z CIGAR	0.9785137120470128	60	ST4.03ch01	87400358
1	87509482	88.752	pPt-473327	ppt-473327	DArT_marker	cigar_liftover_v403_to_v61	TableS4 marker lifted from PGSC/DM v4.03 to DM v6.1 using minimap2 PAF cg:Z CIGAR	0.9785137120470128	60	ST4.03ch01	87400358
1	87509482	88.787	pPt-456626	ppt-456626	DArT_marker	cigar_liftover_v403_to_v61	TableS4 marker lifted from PGSC/DM v4.03 to DM v6.1 using minimap2 PAF cg:Z CIGAR	0.9785137120470128	60	ST4.03ch01	87400358
1	87509482	90.603	pPt-458685	ppt-458685	DArT_marker	cigar_liftover_v403_to_v61	TableS4 marker lifted from PGSC/DM v4.03 to DM v6.1 using minimap2 PAF cg:Z CIGAR	0.9785137120470128	60	ST4.03ch01	87400358
1	87946251	86.917	pPt-655410	ppt-655410	DArT_marker	cigar_liftover_v403_to_v61	TableS4 marker lifted from PGSC/DM v4.03 to DM v6.1 using minimap2 PAF cg:Z CIGAR	0.9903589680939874	60	ST4.03ch01	88094474
1	88088812	86.917	pPt-456497	ppt-456497	DArT_marker	cigar_liftover_v403_to_v61	TableS4 marker lifted from PGSC/DM v4.03 to DM v6.1 using minimap2 PAF cg:Z CIGAR	0.9959476309226932	60	ST4.03ch01	87950616
1	88088812	86.917	pPt-458015	ppt-458015	DArT_marker	cigar_liftover_v403_to_v61	TableS4 marker lifted from PGSC/DM v4.03 to DM v6.1 using minimap2 PAF cg:Z CIGAR	0.9959476309226932	60	ST4.03ch01	87950616
1	88088812	86.917	pPt-472846	ppt-472846	DArT_marker	cigar_liftover_v403_to_v61	TableS4 marker lifted from PGSC/DM v4.03 to DM v6.1 using minimap2 PAF cg:Z CIGAR	0.9959476309226932	60	ST4.03ch01	87950616
1	88088812	86.917	pPt-473201	ppt-473201	DArT_marker	cigar_liftover_v403_to_v61	TableS4 marker lifted from PGSC/DM v4.03 to DM v6.1 using minimap2 PAF cg:Z CIGAR	0.9959476309226932	60	ST4.03ch01	87950616
1	88088812	86.917	pPt-474062	ppt-474062	DArT_marker	cigar_liftover_v403_to_v61	TableS4 marker lifted from PGSC/DM v4.03 to DM v6.1 using minimap2 PAF cg:Z CIGAR	0.9959476309226932	60	ST4.03ch01	87950616
1	88088812	86.917	pPt-537725	ppt-537725	DArT_marker	cigar_liftover_v403_to_v61	TableS4 marker lifted from PGSC/DM v4.03 to DM v6.1 using minimap2 PAF cg:Z CIGAR	0.9959476309226932	60	ST4.03ch01	87950616
1	88088812	86.917	pPt-653866	ppt-653866	DArT_marker	cigar_liftover_v403_to_v61	TableS4 marker lifted from PGSC/DM v4.03 to DM v6.1 using minimap2 PAF cg:Z CIGAR	0.9959476309226932	60	ST4.03ch01	87950616
1	88088812	86.917	pPt-656073	ppt-656073	DArT_marker	cigar_liftover_v403_to_v61	TableS4 marker lifted from PGSC/DM v4.03 to DM v6.1 using minimap2 PAF cg:Z CIGAR	0.9959476309226932	60	ST4.03ch01	87950616
1	88088812	86.923	toPt-439369	topt-439369	DArT_marker	cigar_liftover_v403_to_v61	TableS4 marker lifted from PGSC/DM v4.03 to DM v6.1 using minimap2 PAF cg:Z CIGAR	0.9959476309226932	60	ST4.03ch01	87950616
1	88088812	86.926	pPt-473364	ppt-473364	DArT_marker	cigar_liftover_v403_to_v61	TableS4 marker lifted from PGSC/DM v4.03 to DM v6.1 using minimap2 PAF cg:Z CIGAR	0.9959476309226932	60	ST4.03ch01	87950616
1	88088812	86.931	pPt-473868	ppt-473868	DArT_marker	cigar_liftover_v403_to_v61	TableS4 marker lifted from PGSC/DM v4.03 to DM v6.1 using minimap2 PAF cg:Z CIGAR	0.9959476309226932	60	ST4.03ch01	87950616
1	88088812	86.938	pPt-458526	ppt-458526	DArT_marker	cigar_liftover_v403_to_v61	TableS4 marker lifted from PGSC/DM v4.03 to DM v6.1 using minimap2 PAF cg:Z CIGAR	0.9959476309226932	60	ST4.03ch01	87950616
1	88088812	86.938	toPt-437318	topt-437318	DArT_marker	cigar_liftover_v403_to_v61	TableS4 marker lifted from PGSC/DM v4.03 to DM v6.1 using minimap2 PAF cg:Z CIGAR	0.9959476309226932	60	ST4.03ch01	87950616
1	88088812	86.948	pPt-474103	ppt-474103	DArT_marker	cigar_liftover_v403_to_v61	TableS4 marker lifted from PGSC/DM v4.03 to DM v6.1 using minimap2 PAF cg:Z CIGAR	0.9959476309226932	60	ST4.03ch01	87950616
1	88093670	86.923	pPt-533911	ppt-533911	DArT_marker	cigar_liftover_v403_to_v61	TableS4 marker lifted from PGSC/DM v4.03 to DM v6.1 using minimap2 PAF cg:Z CIGAR	0.9574128718398596	60	ST4.03ch01	87945616
1	88280205	86.481	pPt-654697	ppt-654697	DArT_marker	cigar_liftover_v403_to_v61	TableS4 marker lifted from PGSC/DM v4.03 to DM v6.1 using minimap2 PAF cg:Z CIGAR	0.9930091963529668	60	ST4.03ch01	88345494
1	88322748	91.643	pPt-538725	ppt-538725	DArT_marker	cigar_liftover_v403_to_v61	TableS4 marker lifted from PGSC/DM v4.03 to DM v6.1 using minimap2 PAF cg:Z CIGAR	0.9930091963529668	60	ST4.03ch01	88389210
1	88322820	91.647	pPt-655149	ppt-655149	DArT_marker	cigar_liftover_v403_to_v61	TableS4 marker lifted from PGSC/DM v4.03 to DM v6.1 using minimap2 PAF cg:Z CIGAR	0.9930091963529668	60	ST4.03ch01	88389282
2	4202319	14.378	PM1368	pm1368	repeat_region	cigar_liftover_v403_to_v61	TableS4 marker lifted from PGSC/DM v4.03 to DM v6.1 using minimap2 PAF cg:Z CIGAR	0.9968722602658578	60	ST4.03ch02	4181121
2	4694333	11.734	PM1293	pm1293	repeat_region	cigar_liftover_v403_to_v61	TableS4 marker lifted from PGSC/DM v4.03 to DM v6.1 using minimap2 PAF cg:Z CIGAR	0.9882322061332516	60	ST4.03ch02	4678177
2	7817327	13.461	PM1360	pm1360	repeat_region	cigar_liftover_v403_to_v61	TableS4 marker lifted from PGSC/DM v4.03 to DM v6.1 using minimap2 PAF cg:Z CIGAR	0.9996253278381416	60	ST4.03ch02	7829969
2	10911355	13.54	pPt-471592	ppt-471592	DArT_marker	cigar_liftover_v403_to_v61	TableS4 marker lifted from PGSC/DM v4.03 to DM v6.1 using minimap2 PAF cg:Z CIGAR	0.9948252340405512	60	ST4.03ch02	11210095
2	10911355	13.54	pPt-473577	ppt-473577	DArT_marker	cigar_liftover_v403_to_v61	TableS4 marker lifted from PGSC/DM v4.03 to DM v6.1 using minimap2 PAF cg:Z CIGAR	0.9948252340405512	60	ST4.03ch02	11210095
2	10911355	13.54	pPt-559360	ppt-559360	DArT_marker	cigar_liftover_v403_to_v61	TableS4 marker lifted from PGSC/DM v4.03 to DM v6.1 using minimap2 PAF cg:Z CIGAR	0.9948252340405512	60	ST4.03ch02	11210095
2	10911355	13.54	pPt-652688	ppt-652688	DArT_marker	cigar_liftover_v403_to_v61	TableS4 marker lifted from PGSC/DM v4.03 to DM v6.1 using minimap2 PAF cg:Z CIGAR	0.9948252340405512	60	ST4.03ch02	11210095
2	10911355	13.575	pPt-558945	ppt-558945	DArT_marker	cigar_liftover_v403_to_v61	TableS4 marker lifted from PGSC/DM v4.03 to DM v6.1 using minimap2 PAF cg:Z CIGAR	0.9948252340405512	60	ST4.03ch02	11210095
2	10911356	13.54	toPt-441360	topt-441360	DArT_marker	cigar_liftover_v403_to_v61	TableS4 marker lifted from PGSC/DM v4.03 to DM v6.1 using minimap2 PAF cg:Z CIGAR	0.9948252340405512	60	ST4.03ch02	11210096
2	10911358	13.54	pPt-538192	ppt-538192	DArT_marker	cigar_liftover_v403_to_v61	TableS4 marker lifted from PGSC/DM v4.03 to DM v6.1 using minimap2 PAF cg:Z CIGAR	0.9948252340405512	60	ST4.03ch02	11210098
2	10911360	12.988	toPt-439285	topt-439285	DArT_marker	cigar_liftover_v403_to_v61	TableS4 marker lifted from PGSC/DM v4.03 to DM v6.1 using minimap2 PAF cg:Z CIGAR	0.9948252340405512	60	ST4.03ch02	11210100
2	10911360	13.214	toPt-439990	topt-439990	DArT_marker	cigar_liftover_v403_to_v61	TableS4 marker lifted from PGSC/DM v4.03 to DM v6.1 using minimap2 PAF cg:Z CIGAR	0.9948252340405512	60	ST4.03ch02	11210100
2	10911360	13.442	toPt-440028	topt-440028	DArT_marker	cigar_liftover_v403_to_v61	TableS4 marker lifted from PGSC/DM v4.03 to DM v6.1 using minimap2 PAF cg:Z CIGAR	0.9948252340405512	60	ST4.03ch02	11210100
2	10911360	13.51	toPt-440387	topt-440387	DArT_marker	cigar_liftover_v403_to_v61	TableS4 marker lifted from PGSC/DM v4.03 to DM v6.1 using minimap2 PAF cg:Z CIGAR	0.9948252340405512	60	ST4.03ch02	11210100
2	10911360	13.515	toPt-437877	topt-437877	DArT_marker	cigar_liftover_v403_to_v61	TableS4 marker lifted from PGSC/DM v4.03 to DM v6.1 using minimap2 PAF cg:Z CIGAR	0.9948252340405512	60	ST4.03ch02	11210100
2	10911360	13.54	toPt-437875	topt-437875	DArT_marker	cigar_liftover_v403_to_v61	TableS4 marker lifted from PGSC/DM v4.03 to DM v6.1 using minimap2 PAF cg:Z CIGAR	0.9948252340405512	60	ST4.03ch02	11210100
2	10911360	13.54	toPt-439071	topt-439071	DArT_marker	cigar_liftover_v403_to_v61	TableS4 marker lifted from PGSC/DM v4.03 to DM v6.1 using minimap2 PAF cg:Z CIGAR	0.9948252340405512	60	ST4.03ch02	11210100
2	10911360	13.541	toPt-438192	topt-438192	DArT_marker	cigar_liftover_v403_to_v61	TableS4 marker lifted from PGSC/DM v4.03 to DM v6.1 using minimap2 PAF cg:Z CIGAR	0.9948252340405512	60	ST4.03ch02	11210100
2	10911360	13.564	toPt-438443	topt-438443	DArT_marker	cigar_liftover_v403_to_v61	TableS4 marker lifted from PGSC/DM v4.03 to DM v6.1 using minimap2 PAF cg:Z CIGAR	0.9948252340405512	60	ST4.03ch02	11210100
2	10911360	13.575	toPt-437033	topt-437033	DArT_marker	cigar_liftover_v403_to_v61	TableS4 marker lifted from PGSC/DM v4.03 to DM v6.1 using minimap2 PAF cg:Z CIGAR	0.9948252340405512	60	ST4.03ch02	11210100
2	10911360	13.575	toPt-438750	topt-438750	DArT_marker	cigar_liftover_v403_to_v61	TableS4 marker lifted from PGSC/DM v4.03 to DM v6.1 using minimap2 PAF cg:Z CIGAR	0.9948252340405512	60	ST4.03ch02	11210100
2	10911360	13.584	toPt-439726	topt-439726	DArT_marker	cigar_liftover_v403_to_v61	TableS4 marker lifted from PGSC/DM v4.03 to DM v6.1 using minimap2 PAF cg:Z CIGAR	0.9948252340405512	60	ST4.03ch02	11210100
2	10911360	13.649	toPt-438771	topt-438771	DArT_marker	cigar_liftover_v403_to_v61	TableS4 marker lifted from PGSC/DM v4.03 to DM v6.1 using minimap2 PAF cg:Z CIGAR	0.9948252340405512	60	ST4.03ch02	11210100
2	10911360	13.843	toPt-440363	topt-440363	DArT_marker	cigar_liftover_v403_to_v61	TableS4 marker lifted from PGSC/DM v4.03 to DM v6.1 using minimap2 PAF cg:Z CIGAR	0.9948252340405512	60	ST4.03ch02	11210100
2	13256806	13.29	pPt-456775	ppt-456775	DArT_marker	cigar_liftover_v403_to_v61	TableS4 marker lifted from PGSC/DM v4.03 to DM v6.1 using minimap2 PAF cg:Z CIGAR	0.9981965734896304	60	ST4.03ch02	13695584
2	13854680	14.037	solcap_snp_c1_5228	solcap_snp_c1_5228	SNP	direct_spuddb_dm_v6_1	SolCAP SNP exact non-multimap position from SpudDB DM v6.1				
2	13914404	15.185	pPt-536865	ppt-536865	DArT_marker	cigar_liftover_v403_to_v61	TableS4 marker lifted from PGSC/DM v4.03 to DM v6.1 using minimap2 PAF cg:Z CIGAR	0.994836050769256	60	ST4.03ch02	14413266
2	13914404	15.189	pPt-533877	ppt-533877	DArT_marker	cigar_liftover_v403_to_v61	TableS4 marker lifted from PGSC/DM v4.03 to DM v6.1 using minimap2 PAF cg:Z CIGAR	0.994836050769256	60	ST4.03ch02	14413266
2	13914404	15.189	pPt-538416	ppt-538416	DArT_marker	cigar_liftover_v403_to_v61	TableS4 marker lifted from PGSC/DM v4.03 to DM v6.1 using minimap2 PAF cg:Z CIGAR	0.994836050769256	60	ST4.03ch02	14413266
2	13914404	15.189	pPt-552534	ppt-552534	DArT_marker	cigar_liftover_v403_to_v61	TableS4 marker lifted from PGSC/DM v4.03 to DM v6.1 using minimap2 PAF cg:Z CIGAR	0.994836050769256	60	ST4.03ch02	14413266
2	13914404	15.263	pPt-536293	ppt-536293	DArT_marker	cigar_liftover_v403_to_v61	TableS4 marker lifted from PGSC/DM v4.03 to DM v6.1 using minimap2 PAF cg:Z CIGAR	0.994836050769256	60	ST4.03ch02	14413266
2	14671637	14.595	toPt-437809	topt-437809	DArT_marker	cigar_liftover_v403_to_v61	TableS4 marker lifted from PGSC/DM v4.03 to DM v6.1 using minimap2 PAF cg:Z CIGAR	0.9681272949816402	60	ST4.03ch02	15153882
2	14671637	14.633	pPt-539217	ppt-539217	DArT_marker	cigar_liftover_v403_to_v61	TableS4 marker lifted from PGSC/DM v4.03 to DM v6.1 using minimap2 PAF cg:Z CIGAR	0.9681272949816402	60	ST4.03ch02	15153882
2	14671637	14.633	pPt-653858	ppt-653858	DArT_marker	cigar_liftover_v403_to_v61	TableS4 marker lifted from PGSC/DM v4.03 to DM v6.1 using minimap2 PAF cg:Z CIGAR	0.9681272949816402	60	ST4.03ch02	15153882
2	14671637	14.633	toPt-436909	topt-436909	DArT_marker	cigar_liftover_v403_to_v61	TableS4 marker lifted from PGSC/DM v4.03 to DM v6.1 using minimap2 PAF cg:Z CIGAR	0.9681272949816402	60	ST4.03ch02	15153882
2	14671637	14.633	toPt-437491	topt-437491	DArT_marker	cigar_liftover_v403_to_v61	TableS4 marker lifted from PGSC/DM v4.03 to DM v6.1 using minimap2 PAF cg:Z CIGAR	0.9681272949816402	60	ST4.03ch02	15153882
2	14671637	14.663	toPt-439915	topt-439915	DArT_marker	cigar_liftover_v403_to_v61	TableS4 marker lifted from PGSC/DM v4.03 to DM v6.1 using minimap2 PAF cg:Z CIGAR	0.9681272949816402	60	ST4.03ch02	15153882
2	14671640	14.625	pPt-458624	ppt-458624	DArT_marker	cigar_liftover_v403_to_v61	TableS4 marker lifted from PGSC/DM v4.03 to DM v6.1 using minimap2 PAF cg:Z CIGAR	0.9681272949816402	60	ST4.03ch02	15153885
2	14671640	14.633	pPt-458041	ppt-458041	DArT_marker	cigar_liftover_v403_to_v61	TableS4 marker lifted from PGSC/DM v4.03 to DM v6.1 using minimap2 PAF cg:Z CIGAR	0.9681272949816402	60	ST4.03ch02	15153885
2	15571371	6.462	pPt-540344	ppt-540344	DArT_marker	cigar_liftover_v403_to_v61	TableS4 marker lifted from PGSC/DM v4.03 to DM v6.1 using minimap2 PAF cg:Z CIGAR	0.999009900990099	60	ST4.03ch02	16194424
2	16935460	14.581	pPt-457050	ppt-457050	DArT_marker	cigar_liftover_v403_to_v61	TableS4 marker lifted from PGSC/DM v4.03 to DM v6.1 using minimap2 PAF cg:Z CIGAR	0.973492817214642	60	ST4.03ch02	17707621
2	16935460	14.633	pPt-473486	ppt-473486	DArT_marker	cigar_liftover_v403_to_v61	TableS4 marker lifted from PGSC/DM v4.03 to DM v6.1 using minimap2 PAF cg:Z CIGAR	0.973492817214642	60	ST4.03ch02	17707621
2	16935460	14.633	pPt-535813	ppt-535813	DArT_marker	cigar_liftover_v403_to_v61	TableS4 marker lifted from PGSC/DM v4.03 to DM v6.1 using minimap2 PAF cg:Z CIGAR	0.973492817214642	60	ST4.03ch02	17707621
2	16935460	14.633	pPt-537240	ppt-537240	DArT_marker	cigar_liftover_v403_to_v61	TableS4 marker lifted from PGSC/DM v4.03 to DM v6.1 using minimap2 PAF cg:Z CIGAR	0.973492817214642	60	ST4.03ch02	17707621
2	16935460	14.641	pPt-533811	ppt-533811	DArT_marker	cigar_liftover_v403_to_v61	TableS4 marker lifted from PGSC/DM v4.03 to DM v6.1 using minimap2 PAF cg:Z CIGAR	0.973492817214642	60	ST4.03ch02	17707621
2	16935460	14.641	pPt-539333	ppt-539333	DArT_marker	cigar_liftover_v403_to_v61	TableS4 marker lifted from PGSC/DM v4.03 to DM v6.1 using minimap2 PAF cg:Z CIGAR	0.973492817214642	60	ST4.03ch02	17707621
2	16935460	14.65	pPt-655403	ppt-655403	DArT_marker	cigar_liftover_v403_to_v61	TableS4 marker lifted from PGSC/DM v4.03 to DM v6.1 using minimap2 PAF cg:Z CIGAR	0.973492817214642	60	ST4.03ch02	17707621
2	18485069	17.27	solcap_snp_c1_9122	solcap_snp_c1_9122	SNP	direct_spuddb_dm_v6_1	SolCAP SNP exact non-multimap position from SpudDB DM v6.1				
2	19406545	8.218	MICRO.7351.C1_583	micro.7351.c1_583	match	cigar_liftover_v403_to_v61	TableS4 marker lifted from PGSC/DM v4.03 to DM v6.1 using minimap2 PAF cg:Z CIGAR	0.9882881380164896	60	ST4.03ch02	20235400
2	19873304	9.702	solcap_snp_c1_5749	solcap_snp_c1_5749	SNP	direct_spuddb_dm_v6_1	SolCAP SNP exact non-multimap position from SpudDB DM v6.1				
2	19921684	19.277	toPt-441199	topt-441199	DArT_marker	cigar_liftover_v403_to_v61	TableS4 marker lifted from PGSC/DM v4.03 to DM v6.1 using minimap2 PAF cg:Z CIGAR	0.9903857447272604	60	ST4.03ch02	20803793
2	19921687	19.498	pPt-654285	ppt-654285	DArT_marker	cigar_liftover_v403_to_v61	TableS4 marker lifted from PGSC/DM v4.03 to DM v6.1 using minimap2 PAF cg:Z CIGAR	0.9903857447272604	60	ST4.03ch02	20803796
2	19921687	19.714	pPt-654515	ppt-654515	DArT_marker	cigar_liftover_v403_to_v61	TableS4 marker lifted from PGSC/DM v4.03 to DM v6.1 using minimap2 PAF cg:Z CIGAR	0.9903857447272604	60	ST4.03ch02	20803796
2	19934163	9.818	pPt-456492	ppt-456492	DArT_marker	cigar_liftover_v403_to_v61	TableS4 marker lifted from PGSC/DM v4.03 to DM v6.1 using minimap2 PAF cg:Z CIGAR	0.9903857447272604	60	ST4.03ch02	20816275
2	19934163	9.873	pPt-534726	ppt-534726	DArT_marker	cigar_liftover_v403_to_v61	TableS4 marker lifted from PGSC/DM v4.03 to DM v6.1 using minimap2 PAF cg:Z CIGAR	0.9903857447272604	60	ST4.03ch02	20816275
2	19934163	9.873	pPt-535521	ppt-535521	DArT_marker	cigar_liftover_v403_to_v61	TableS4 marker lifted from PGSC/DM v4.03 to DM v6.1 using minimap2 PAF cg:Z CIGAR	0.9903857447272604	60	ST4.03ch02	20816275
2	19934163	9.873	pPt-652512	ppt-652512	DArT_marker	cigar_liftover_v403_to_v61	TableS4 marker lifted from PGSC/DM v4.03 to DM v6.1 using minimap2 PAF cg:Z CIGAR	0.9903857447272604	60	ST4.03ch02	20816275
2	19934163	10.098	pPt-457013	ppt-457013	DArT_marker	cigar_liftover_v403_to_v61	TableS4 marker lifted from PGSC/DM v4.03 to DM v6.1 using minimap2 PAF cg:Z CIGAR	0.9903857447272604	60	ST4.03ch02	20816275
2	21787827	20.226	pPt-652662	ppt-652662	DArT_marker	cigar_liftover_v403_to_v61	TableS4 marker lifted from PGSC/DM v4.03 to DM v6.1 using minimap2 PAF cg:Z CIGAR	0.9996854975036364	60	ST4.03ch02	22749108
2	21787829	20.205	pPt-472525	ppt-472525	DArT_marker	cigar_liftover_v403_to_v61	TableS4 marker lifted from PGSC/DM v4.03 to DM v6.1 using minimap2 PAF cg:Z CIGAR	0.9996854975036364	60	ST4.03ch02	22749110
2	21787829	20.222	pPt-472164	ppt-472164	DArT_marker	cigar_liftover_v403_to_v61	TableS4 marker lifted from PGSC/DM v4.03 to DM v6.1 using minimap2 PAF cg:Z CIGAR	0.9996854975036364	60	ST4.03ch02	22749110
2	21787829	20.235	toPt-439000	topt-439000	DArT_marker	cigar_liftover_v403_to_v61	TableS4 marker lifted from PGSC/DM v4.03 to DM v6.1 using minimap2 PAF cg:Z CIGAR	0.9996854975036364	60	ST4.03ch02	22749110
2	21787829	20.24	toPt-438463	topt-438463	DArT_marker	cigar_liftover_v403_to_v61	TableS4 marker lifted from PGSC/DM v4.03 to DM v6.1 using minimap2 PAF cg:Z CIGAR	0.9996854975036364	60	ST4.03ch02	22749110
2	21787829	20.305	toPt-763687	topt-763687	DArT_marker	cigar_liftover_v403_to_v61	TableS4 marker lifted from PGSC/DM v4.03 to DM v6.1 using minimap2 PAF cg:Z CIGAR	0.9996854975036364	60	ST4.03ch02	22749110
2	21787829	20.313	toPt-439754	topt-439754	DArT_marker	cigar_liftover_v403_to_v61	TableS4 marker lifted from PGSC/DM v4.03 to DM v6.1 using minimap2 PAF cg:Z CIGAR	0.9996854975036364	60	ST4.03ch02	22749110
2	21787829	20.57	toPt-438472	topt-438472	DArT_marker	cigar_liftover_v403_to_v61	TableS4 marker lifted from PGSC/DM v4.03 to DM v6.1 using minimap2 PAF cg:Z CIGAR	0.9996854975036364	60	ST4.03ch02	22749110
2	21787829	20.782	toPt-763794	topt-763794	DArT_marker	cigar_liftover_v403_to_v61	TableS4 marker lifted from PGSC/DM v4.03 to DM v6.1 using minimap2 PAF cg:Z CIGAR	0.9996854975036364	60	ST4.03ch02	22749110
2	21788784	20.452	solcap_snp_c1_9725	solcap_snp_c1_9725	SNP	direct_spuddb_dm_v6_1	SolCAP SNP exact non-multimap position from SpudDB DM v6.1				
2	21808866	20.269	solcap_snp_c1_9732	solcap_snp_c1_9732	SNP	direct_spuddb_dm_v6_1	SolCAP SNP exact non-multimap position from SpudDB DM v6.1				
2	21965487	18.876	solcap_snp_c1_16347	solcap_snp_c1_16347	SNP	direct_spuddb_dm_v6_1	SolCAP SNP exact non-multimap position from SpudDB DM v6.1				
2	23885399	22.668	solcap_snp_c1_15404	solcap_snp_c1_15404	SNP	direct_spuddb_dm_v6_1	SolCAP SNP exact non-multimap position from SpudDB DM v6.1				
2	25017414	22.273	solcap_snp_c1_11486	solcap_snp_c1_11486	SNP	direct_spuddb_dm_v6_1	SolCAP SNP exact non-multimap position from SpudDB DM v6.1				
2	25370147	22.448	solcap_snp_c1_9302	solcap_snp_c1_9302	SNP	direct_spuddb_dm_v6_1	SolCAP SNP exact non-multimap position from SpudDB DM v6.1				
2	25639644	23.334	solcap_snp_c1_9369	solcap_snp_c1_9369	SNP	direct_spuddb_dm_v6_1	SolCAP SNP exact non-multimap position from SpudDB DM v6.1				
2	25706037	23.433	solcap_snp_c1_9376	solcap_snp_c1_9376	SNP	direct_spuddb_dm_v6_1	SolCAP SNP exact non-multimap position from SpudDB DM v6.1				
2	25999493	26.967	solcap_snp_c1_13468	solcap_snp_c1_13468	SNP	direct_spuddb_dm_v6_1	SolCAP SNP exact non-multimap position from SpudDB DM v6.1				
2	26349683	26.33	pPt-534957	ppt-534957	DArT_marker	cigar_liftover_v403_to_v61	TableS4 marker lifted from PGSC/DM v4.03 to DM v6.1 using minimap2 PAF cg:Z CIGAR	0.9905335628227194	60	ST4.03ch02	27602889
2	26349683	26.342	pPt-471559	ppt-471559	DArT_marker	cigar_liftover_v403_to_v61	TableS4 marker lifted from PGSC/DM v4.03 to DM v6.1 using minimap2 PAF cg:Z CIGAR	0.9905335628227194	60	ST4.03ch02	27602889
2	26349683	26.389	pPt-456569	ppt-456569	DArT_marker	cigar_liftover_v403_to_v61	TableS4 marker lifted from PGSC/DM v4.03 to DM v6.1 using minimap2 PAF cg:Z CIGAR	0.9905335628227194	60	ST4.03ch02	27602889
2	26349683	26.389	pPt-457024	ppt-457024	DArT_marker	cigar_liftover_v403_to_v61	TableS4 marker lifted from PGSC/DM v4.03 to DM v6.1 using minimap2 PAF cg:Z CIGAR	0.9905335628227194	60	ST4.03ch02	27602889
2	26349683	26.389	pPt-535729	ppt-535729	DArT_marker	cigar_liftover_v403_to_v61	TableS4 marker lifted from PGSC/DM v4.03 to DM v6.1 using minimap2 PAF cg:Z CIGAR	0.9905335628227194	60	ST4.03ch02	27602889
2	26349683	26.389	pPt-536743	ppt-536743	DArT_marker	cigar_liftover_v403_to_v61	TableS4 marker lifted from PGSC/DM v4.03 to DM v6.1 using minimap2 PAF cg:Z CIGAR	0.9905335628227194	60	ST4.03ch02	27602889
2	26349683	26.389	pPt-537022	ppt-537022	DArT_marker	cigar_liftover_v403_to_v61	TableS4 marker lifted from PGSC/DM v4.03 to DM v6.1 using minimap2 PAF cg:Z CIGAR	0.9905335628227194	60	ST4.03ch02	27602889
2	26349683	26.389	pPt-552093	ppt-552093	DArT_marker	cigar_liftover_v403_to_v61	TableS4 marker lifted from PGSC/DM v4.03 to DM v6.1 using minimap2 PAF cg:Z CIGAR	0.9905335628227194	60	ST4.03ch02	27602889
2	27276103	27.36	pPt-655861	ppt-655861	DArT_marker	cigar_liftover_v403_to_v61	TableS4 marker lifted from PGSC/DM v4.03 to DM v6.1 using minimap2 PAF cg:Z CIGAR	0.9851324061726044	60	ST4.03ch02	28668728
2	27276114	27.361	pPt-657436	ppt-657436	DArT_marker	cigar_liftover_v403_to_v61	TableS4 marker lifted from PGSC/DM v4.03 to DM v6.1 using minimap2 PAF cg:Z CIGAR	0.9851324061726044	60	ST4.03ch02	28668739
2	27276127	27.36	toPt-439196	topt-439196	DArT_marker	cigar_liftover_v403_to_v61	TableS4 marker lifted from PGSC/DM v4.03 to DM v6.1 using minimap2 PAF cg:Z CIGAR	0.9851324061726044	60	ST4.03ch02	28668752
2	27276729	27.36	pPt-538679	ppt-538679	DArT_marker	cigar_liftover_v403_to_v61	TableS4 marker lifted from PGSC/DM v4.03 to DM v6.1 using minimap2 PAF cg:Z CIGAR	0.9851324061726044	60	ST4.03ch02	28669354
2	27276729	27.36	pPt-653551	ppt-653551	DArT_marker	cigar_liftover_v403_to_v61	TableS4 marker lifted from PGSC/DM v4.03 to DM v6.1 using minimap2 PAF cg:Z CIGAR	0.9851324061726044	60	ST4.03ch02	28669354
2	27276729	27.36	pPt-655142	ppt-655142	DArT_marker	cigar_liftover_v403_to_v61	TableS4 marker lifted from PGSC/DM v4.03 to DM v6.1 using minimap2 PAF cg:Z CIGAR	0.9851324061726044	60	ST4.03ch02	28669354
2	27276729	27.36	pPt-655218	ppt-655218	DArT_marker	cigar_liftover_v403_to_v61	TableS4 marker lifted from PGSC/DM v4.03 to DM v6.1 using minimap2 PAF cg:Z CIGAR	0.9851324061726044	60	ST4.03ch02	28669354
2	27345592	29.172	pPt-657053	ppt-657053	DArT_marker	cigar_liftover_v403_to_v61	TableS4 marker lifted from PGSC/DM v4.03 to DM v6.1 using minimap2 PAF cg:Z CIGAR	0.9955743277353348	60	ST4.03ch02	28742670
2	27451374	28.327	PM1332	pm1332	repeat_region	cigar_liftover_v403_to_v61	TableS4 marker lifted from PGSC/DM v4.03 to DM v6.1 using minimap2 PAF cg:Z CIGAR	0.9949734009131656	60	ST4.03ch02	28850310
2	27527543	29.406	solcap_snp_c1_5078	solcap_snp_c1_5078	SNP	direct_spuddb_dm_v6_1	SolCAP SNP exact non-multimap position from SpudDB DM v6.1				
2	27569702	27.835	pPt-536176	ppt-536176	DArT_marker	cigar_liftover_v403_to_v61	TableS4 marker lifted from PGSC/DM v4.03 to DM v6.1 using minimap2 PAF cg:Z CIGAR	0.9958015594207864	60	ST4.03ch02	28969747
2	27569702	27.835	pPt-539540	ppt-539540	DArT_marker	cigar_liftover_v403_to_v61	TableS4 marker lifted from PGSC/DM v4.03 to DM v6.1 using minimap2 PAF cg:Z CIGAR	0.9958015594207864	60	ST4.03ch02	28969747
2	27569702	27.835	pPt-559060	ppt-559060	DArT_marker	cigar_liftover_v403_to_v61	TableS4 marker lifted from PGSC/DM v4.03 to DM v6.1 using minimap2 PAF cg:Z CIGAR	0.9958015594207864	60	ST4.03ch02	28969747
2	27569702	27.896	toPt-437905	topt-437905	DArT_marker	cigar_liftover_v403_to_v61	TableS4 marker lifted from PGSC/DM v4.03 to DM v6.1 using minimap2 PAF cg:Z CIGAR	0.9958015594207864	60	ST4.03ch02	28969747
2	27569702	27.923	pPt-656854	ppt-656854	DArT_marker	cigar_liftover_v403_to_v61	TableS4 marker lifted from PGSC/DM v4.03 to DM v6.1 using minimap2 PAF cg:Z CIGAR	0.9958015594207864	60	ST4.03ch02	28969747
2	27569702	27.956	pPt-539421	ppt-539421	DArT_marker	cigar_liftover_v403_to_v61	TableS4 marker lifted from PGSC/DM v4.03 to DM v6.1 using minimap2 PAF cg:Z CIGAR	0.9958015594207864	60	ST4.03ch02	28969747
2	27620643	28.867	solcap_snp_c1_16340	solcap_snp_c1_16340	SNP	direct_spuddb_dm_v6_1	SolCAP SNP exact non-multimap position from SpudDB DM v6.1				
2	27646352	27.157	solcap_snp_c1_16341	solcap_snp_c1_16341	SNP	direct_spuddb_dm_v6_1	SolCAP SNP exact non-multimap position from SpudDB DM v6.1				
2	28041279	29.172	pPt-656979	ppt-656979	DArT_marker	cigar_liftover_v403_to_v61	TableS4 marker lifted from PGSC/DM v4.03 to DM v6.1 using minimap2 PAF cg:Z CIGAR	0.9877894632485976	60	ST4.03ch02	29456339
2	28041279	29.178	pPt-657208	ppt-657208	DArT_marker	cigar_liftover_v403_to_v61	TableS4 marker lifted from PGSC/DM v4.03 to DM v6.1 using minimap2 PAF cg:Z CIGAR	0.9877894632485976	60	ST4.03ch02	29456339
2	28460955	30.435	solcap_snp_c1_13929	solcap_snp_c1_13929	SNP	direct_spuddb_dm_v6_1	SolCAP SNP exact non-multimap position from SpudDB DM v6.1				
2	28477644	29.713	pPt-653009	ppt-653009	DArT_marker	cigar_liftover_v403_to_v61	TableS4 marker lifted from PGSC/DM v4.03 to DM v6.1 using minimap2 PAF cg:Z CIGAR	0.9983553504164676	60	ST4.03ch02	29945759
2	28582692	30.371	solcap_snp_c1_13914	solcap_snp_c1_13914	SNP	direct_spuddb_dm_v6_1	SolCAP SNP exact non-multimap position from SpudDB DM v6.1				
2	28703842	31.795	solcap_snp_c1_16350	solcap_snp_c1_16350	SNP	direct_spuddb_dm_v6_1	SolCAP SNP exact non-multimap position from SpudDB DM v6.1				
2	28924425	33.115	pPt-653576	ppt-653576	DArT_marker	cigar_liftover_v403_to_v61	TableS4 marker lifted from PGSC/DM v4.03 to DM v6.1 using minimap2 PAF cg:Z CIGAR	0.990607223177669	60	ST4.03ch02	30441232
2	28925922	31.488	pPt-537833	ppt-537833	DArT_marker	cigar_liftover_v403_to_v61	TableS4 marker lifted from PGSC/DM v4.03 to DM v6.1 using minimap2 PAF cg:Z CIGAR	0.990607223177669	60	ST4.03ch02	30442688
2	28925922	31.558	pPt-537683	ppt-537683	DArT_marker	cigar_liftover_v403_to_v61	TableS4 marker lifted from PGSC/DM v4.03 to DM v6.1 using minimap2 PAF cg:Z CIGAR	0.990607223177669	60	ST4.03ch02	30442688
2	29271350	32.236	pPt-456765	ppt-456765	DArT_marker	cigar_liftover_v403_to_v61	TableS4 marker lifted from PGSC/DM v4.03 to DM v6.1 using minimap2 PAF cg:Z CIGAR	0.9887237195517272	60	ST4.03ch02	30801302
2	29271350	32.236	pPt-457369	ppt-457369	DArT_marker	cigar_liftover_v403_to_v61	TableS4 marker lifted from PGSC/DM v4.03 to DM v6.1 using minimap2 PAF cg:Z CIGAR	0.9887237195517272	60	ST4.03ch02	30801302
2	29271350	32.236	pPt-651454	ppt-651454	DArT_marker	cigar_liftover_v403_to_v61	TableS4 marker lifted from PGSC/DM v4.03 to DM v6.1 using minimap2 PAF cg:Z CIGAR	0.9887237195517272	60	ST4.03ch02	30801302
2	29271350	32.236	pPt-655168	ppt-655168	DArT_marker	cigar_liftover_v403_to_v61	TableS4 marker lifted from PGSC/DM v4.03 to DM v6.1 using minimap2 PAF cg:Z CIGAR	0.9887237195517272	60	ST4.03ch02	30801302
2	29271350	32.236	pPt-655443	ppt-655443	DArT_marker	cigar_liftover_v403_to_v61	TableS4 marker lifted from PGSC/DM v4.03 to DM v6.1 using minimap2 PAF cg:Z CIGAR	0.9887237195517272	60	ST4.03ch02	30801302
2	29489664	33.796	pPt-458471	ppt-458471	DArT_marker	cigar_liftover_v403_to_v61	TableS4 marker lifted from PGSC/DM v4.03 to DM v6.1 using minimap2 PAF cg:Z CIGAR	0.9984380452302222	60	ST4.03ch02	31057548
2	29489664	33.796	pPt-473223	ppt-473223	DArT_marker	cigar_liftover_v403_to_v61	TableS4 marker lifted from PGSC/DM v4.03 to DM v6.1 using minimap2 PAF cg:Z CIGAR	0.9984380452302222	60	ST4.03ch02	31057548
2	29489666	33.796	pPt-472441	ppt-472441	DArT_marker	cigar_liftover_v403_to_v61	TableS4 marker lifted from PGSC/DM v4.03 to DM v6.1 using minimap2 PAF cg:Z CIGAR	0.9984380452302222	60	ST4.03ch02	31057550
2	29568246	32.097	pPt-650762	ppt-650762	DArT_marker	cigar_liftover_v403_to_v61	TableS4 marker lifted from PGSC/DM v4.03 to DM v6.1 using minimap2 PAF cg:Z CIGAR	0.9772683116378472	60	ST4.03ch02	31136663
2	29568246	36.173	pPt-651609	ppt-651609	DArT_marker	cigar_liftover_v403_to_v61	TableS4 marker lifted from PGSC/DM v4.03 to DM v6.1 using minimap2 PAF cg:Z CIGAR	0.9772683116378472	60	ST4.03ch02	31136663
2	29643643	34.422	pPt-473662	ppt-473662	DArT_marker	cigar_liftover_v403_to_v61	TableS4 marker lifted from PGSC/DM v4.03 to DM v6.1 using minimap2 PAF cg:Z CIGAR	0.998001998001998	60	ST4.03ch02	31211695
2	29734369	32.524	pPt-652571	ppt-652571	DArT_marker	cigar_liftover_v403_to_v61	TableS4 marker lifted from PGSC/DM v4.03 to DM v6.1 using minimap2 PAF cg:Z CIGAR	0.9824108398312668	60	ST4.03ch02	31303283
2	30080945	35.092	solcap_snp_c1_13234	solcap_snp_c1_13234	SNP	direct_spuddb_dm_v6_1	SolCAP SNP exact non-multimap position from SpudDB DM v6.1				
2	30096020	34.375	pPt-652302	ppt-652302	DArT_marker	cigar_liftover_v403_to_v61	TableS4 marker lifted from PGSC/DM v4.03 to DM v6.1 using minimap2 PAF cg:Z CIGAR	0.9984371092773192	60	ST4.03ch02	31679627
2	30096020	34.422	pPt-471594	ppt-471594	DArT_marker	cigar_liftover_v403_to_v61	TableS4 marker lifted from PGSC/DM v4.03 to DM v6.1 using minimap2 PAF cg:Z CIGAR	0.9984371092773192	60	ST4.03ch02	31679627
2	30096020	34.422	pPt-650228	ppt-650228	DArT_marker	cigar_liftover_v403_to_v61	TableS4 marker lifted from PGSC/DM v4.03 to DM v6.1 using minimap2 PAF cg:Z CIGAR	0.9984371092773192	60	ST4.03ch02	31679627
2	30096020	34.422	pPt-651413	ppt-651413	DArT_marker	cigar_liftover_v403_to_v61	TableS4 marker lifted from PGSC/DM v4.03 to DM v6.1 using minimap2 PAF cg:Z CIGAR	0.9984371092773192	60	ST4.03ch02	31679627
2	30096020	34.433	pPt-473200	ppt-473200	DArT_marker	cigar_liftover_v403_to_v61	TableS4 marker lifted from PGSC/DM v4.03 to DM v6.1 using minimap2 PAF cg:Z CIGAR	0.9984371092773192	60	ST4.03ch02	31679627
2	30220612	36.429	pPt-653297	ppt-653297	DArT_marker	cigar_liftover_v403_to_v61	TableS4 marker lifted from PGSC/DM v4.03 to DM v6.1 using minimap2 PAF cg:Z CIGAR	0.9988371362122068	60	ST4.03ch02	31807979
2	30220612	36.452	pPt-472177	ppt-472177	DArT_marker	cigar_liftover_v403_to_v61	TableS4 marker lifted from PGSC/DM v4.03 to DM v6.1 using minimap2 PAF cg:Z CIGAR	0.9988371362122068	60	ST4.03ch02	31807979
2	30220612	36.467	pPt-458525	ppt-458525	DArT_marker	cigar_liftover_v403_to_v61	TableS4 marker lifted from PGSC/DM v4.03 to DM v6.1 using minimap2 PAF cg:Z CIGAR	0.9988371362122068	60	ST4.03ch02	31807979
2	30220615	36.467	pPt-473017	ppt-473017	DArT_marker	cigar_liftover_v403_to_v61	TableS4 marker lifted from PGSC/DM v4.03 to DM v6.1 using minimap2 PAF cg:Z CIGAR	0.9988371362122068	60	ST4.03ch02	31807982
2	30264125	34.856	STI0036	sti0036	repeat_region	cigar_liftover_v403_to_v61	TableS4 marker lifted from PGSC/DM v4.03 to DM v6.1 using minimap2 PAF cg:Z CIGAR	0.9930622736946848	60	ST4.03ch02	31851295
2	30450017	35.561	solcap_snp_c1_11588	solcap_snp_c1_11588	SNP	direct_spuddb_dm_v6_1	SolCAP SNP exact non-multimap position from SpudDB DM v6.1				
2	30473947	34.232	pPt-535744	ppt-535744	DArT_marker	cigar_liftover_v403_to_v61	TableS4 marker lifted from PGSC/DM v4.03 to DM v6.1 using minimap2 PAF cg:Z CIGAR	0.9911749246133842	60	ST4.03ch02	32101580
2	30473947	34.427	pPt-537775	ppt-537775	DArT_marker	cigar_liftover_v403_to_v61	TableS4 marker lifted from PGSC/DM v4.03 to DM v6.1 using minimap2 PAF cg:Z CIGAR	0.9911749246133842	60	ST4.03ch02	32101580
2	30473947	34.445	pPt-533986	ppt-533986	DArT_marker	cigar_liftover_v403_to_v61	TableS4 marker lifted from PGSC/DM v4.03 to DM v6.1 using minimap2 PAF cg:Z CIGAR	0.9911749246133842	60	ST4.03ch02	32101580
2	30473947	34.445	pPt-535213	ppt-535213	DArT_marker	cigar_liftover_v403_to_v61	TableS4 marker lifted from PGSC/DM v4.03 to DM v6.1 using minimap2 PAF cg:Z CIGAR	0.9911749246133842	60	ST4.03ch02	32101580
2	30473947	34.445	pPt-535618	ppt-535618	DArT_marker	cigar_liftover_v403_to_v61	TableS4 marker lifted from PGSC/DM v4.03 to DM v6.1 using minimap2 PAF cg:Z CIGAR	0.9911749246133842	60	ST4.03ch02	32101580
2	30473947	34.445	pPt-535940	ppt-535940	DArT_marker	cigar_liftover_v403_to_v61	TableS4 marker lifted from PGSC/DM v4.03 to DM v6.1 using minimap2 PAF cg:Z CIGAR	0.9911749246133842	60	ST4.03ch02	32101580
2	30473947	34.456	pPt-457179	ppt-457179	DArT_marker	cigar_liftover_v403_to_v61	TableS4 marker lifted from PGSC/DM v4.03 to DM v6.1 using minimap2 PAF cg:Z CIGAR	0.9911749246133842	60	ST4.03ch02	32101580
2	30473947	35.283	pPt-535985	ppt-535985	DArT_marker	cigar_liftover_v403_to_v61	TableS4 marker lifted from PGSC/DM v4.03 to DM v6.1 using minimap2 PAF cg:Z CIGAR	0.9911749246133842	60	ST4.03ch02	32101580
2	30564337	34.658	pPt-458651	ppt-458651	DArT_marker	cigar_liftover_v403_to_v61	TableS4 marker lifted from PGSC/DM v4.03 to DM v6.1 using minimap2 PAF cg:Z CIGAR	0.9992067230223852	60	ST4.03ch02	32193271
2	30564337	34.658	pPt-535208	ppt-535208	DArT_marker	cigar_liftover_v403_to_v61	TableS4 marker lifted from PGSC/DM v4.03 to DM v6.1 using minimap2 PAF cg:Z CIGAR	0.9992067230223852	60	ST4.03ch02	32193271
2	30564337	34.658	pPt-535464	ppt-535464	DArT_marker	cigar_liftover_v403_to_v61	TableS4 marker lifted from PGSC/DM v4.03 to DM v6.1 using minimap2 PAF cg:Z CIGAR	0.9992067230223852	60	ST4.03ch02	32193271
2	30564337	34.658	pPt-539519	ppt-539519	DArT_marker	cigar_liftover_v403_to_v61	TableS4 marker lifted from PGSC/DM v4.03 to DM v6.1 using minimap2 PAF cg:Z CIGAR	0.9992067230223852	60	ST4.03ch02	32193271
2	30564337	34.658	pPt-540339	ppt-540339	DArT_marker	cigar_liftover_v403_to_v61	TableS4 marker lifted from PGSC/DM v4.03 to DM v6.1 using minimap2 PAF cg:Z CIGAR	0.9992067230223852	60	ST4.03ch02	32193271
2	30564337	34.679	pPt-471714	ppt-471714	DArT_marker	cigar_liftover_v403_to_v61	TableS4 marker lifted from PGSC/DM v4.03 to DM v6.1 using minimap2 PAF cg:Z CIGAR	0.9992067230223852	60	ST4.03ch02	32193271
2	30564343	34.658	pPt-534861	ppt-534861	DArT_marker	cigar_liftover_v403_to_v61	TableS4 marker lifted from PGSC/DM v4.03 to DM v6.1 using minimap2 PAF cg:Z CIGAR	0.9992067230223852	60	ST4.03ch02	32193277
2	31029025	40.582	pPt-539763	ppt-539763	DArT_marker	cigar_liftover_v403_to_v61	TableS4 marker lifted from PGSC/DM v4.03 to DM v6.1 using minimap2 PAF cg:Z CIGAR	0.9929415582659492	60	ST4.03ch02	32684009
2	31029025	40.981	pPt-540267	ppt-540267	DArT_marker	cigar_liftover_v403_to_v61	TableS4 marker lifted from PGSC/DM v4.03 to DM v6.1 using minimap2 PAF cg:Z CIGAR	0.9929415582659492	60	ST4.03ch02	32684009
2	32844860	42.671	pPt-651930	ppt-651930	DArT_marker	cigar_liftover_v403_to_v61	TableS4 marker lifted from PGSC/DM v4.03 to DM v6.1 using minimap2 PAF cg:Z CIGAR	0.9826281322301086	60	ST4.03ch02	34719553
2	32845083	42.671	pPt-470960	ppt-470960	DArT_marker	cigar_liftover_v403_to_v61	TableS4 marker lifted from PGSC/DM v4.03 to DM v6.1 using minimap2 PAF cg:Z CIGAR	0.9826281322301086	60	ST4.03ch02	34719776
2	33716215	43.862	solcap_snp_c1_14822	solcap_snp_c1_14822	SNP	direct_spuddb_dm_v6_1	SolCAP SNP exact non-multimap position from SpudDB DM v6.1				
2	34203746	45.178	solcap_snp_c1_5877	solcap_snp_c1_5877	SNP	direct_spuddb_dm_v6_1	SolCAP SNP exact non-multimap position from SpudDB DM v6.1				
2	34661319	49.569	solcap_snp_c1_5850	solcap_snp_c1_5850	SNP	direct_spuddb_dm_v6_1	SolCAP SNP exact non-multimap position from SpudDB DM v6.1				
2	35334126	47.129	solcap_snp_c1_12377	solcap_snp_c1_12377	SNP	direct_spuddb_dm_v6_1	SolCAP SNP exact non-multimap position from SpudDB DM v6.1				
2	35468438	46.584	solcap_snp_c1_16172	solcap_snp_c1_16172	SNP	direct_spuddb_dm_v6_1	SolCAP SNP exact non-multimap position from SpudDB DM v6.1				
2	37223835	52.624	STM5114	stm5114	repeat_region	cigar_liftover_v403_to_v61	TableS4 marker lifted from PGSC/DM v4.03 to DM v6.1 using minimap2 PAF cg:Z CIGAR	0.9931116872553504	60	ST4.03ch02	39350169
2	37554578	49.869	pPt-654889	ppt-654889	DArT_marker	cigar_liftover_v403_to_v61	TableS4 marker lifted from PGSC/DM v4.03 to DM v6.1 using minimap2 PAF cg:Z CIGAR	0.9998261051020764	60	ST4.03ch02	39683234
2	37554653	49.917	pPt-472677	ppt-472677	DArT_marker	cigar_liftover_v403_to_v61	TableS4 marker lifted from PGSC/DM v4.03 to DM v6.1 using minimap2 PAF cg:Z CIGAR	0.9998261051020764	60	ST4.03ch02	39683309
2	37641699	52.801	STI0052	sti0052	repeat_region	cigar_liftover_v403_to_v61	TableS4 marker lifted from PGSC/DM v4.03 to DM v6.1 using minimap2 PAF cg:Z CIGAR	0.9740165854540146	60	ST4.03ch02	39772755
2	38479345	59.058	solcap_snp_c1_7931	solcap_snp_c1_7931	SNP	direct_spuddb_dm_v6_1	SolCAP SNP exact non-multimap position from SpudDB DM v6.1				
2	38533031	56.587	pPt-538916	ppt-538916	DArT_marker	cigar_liftover_v403_to_v61	TableS4 marker lifted from PGSC/DM v4.03 to DM v6.1 using minimap2 PAF cg:Z CIGAR	0.9895112183882824	60	ST4.03ch02	40690522
2	38576610	56.372	MICRO.7848.C1_786	micro.7848.c1_786	match	cigar_liftover_v403_to_v61	TableS4 marker lifted from PGSC/DM v4.03 to DM v6.1 using minimap2 PAF cg:Z CIGAR	0.9874105159219946	60	ST4.03ch02	40774758
2	38576828	56.97	MICRO.7848.C1_567	micro.7848.c1_567	match	cigar_liftover_v403_to_v61	TableS4 marker lifted from PGSC/DM v4.03 to DM v6.1 using minimap2 PAF cg:Z CIGAR	0.9874105159219946	60	ST4.03ch02	40774976
2	38857937	60.141	pPt-653333	ppt-653333	DArT_marker	cigar_liftover_v403_to_v61	TableS4 marker lifted from PGSC/DM v4.03 to DM v6.1 using minimap2 PAF cg:Z CIGAR	0.9979961067216306	60	ST4.03ch02	41063371
2	38857937	60.447	pPt-657004	ppt-657004	DArT_marker	cigar_liftover_v403_to_v61	TableS4 marker lifted from PGSC/DM v4.03 to DM v6.1 using minimap2 PAF cg:Z CIGAR	0.9979961067216306	60	ST4.03ch02	41063371
2	38857937	60.469	pPt-472448	ppt-472448	DArT_marker	cigar_liftover_v403_to_v61	TableS4 marker lifted from PGSC/DM v4.03 to DM v6.1 using minimap2 PAF cg:Z CIGAR	0.9979961067216306	60	ST4.03ch02	41063371
2	38857937	60.474	pPt-534555	ppt-534555	DArT_marker	cigar_liftover_v403_to_v61	TableS4 marker lifted from PGSC/DM v4.03 to DM v6.1 using minimap2 PAF cg:Z CIGAR	0.9979961067216306	60	ST4.03ch02	41063371
2	39402181	61.224	pPt-656018	ppt-656018	DArT_marker	cigar_liftover_v403_to_v61	TableS4 marker lifted from PGSC/DM v4.03 to DM v6.1 using minimap2 PAF cg:Z CIGAR	0.9997913188647746	60	ST4.03ch02	41672662
2	39557238	61.77	PM0200	pm0200	repeat_region	cigar_liftover_v403_to_v61	TableS4 marker lifted from PGSC/DM v4.03 to DM v6.1 using minimap2 PAF cg:Z CIGAR	0.9978615506812488	60	ST4.03ch02	41811285
2	40296554	63.435	solcap_snp_c1_7346	solcap_snp_c1_7346	SNP	direct_spuddb_dm_v6_1	SolCAP SNP exact non-multimap position from SpudDB DM v6.1				
2	40424964	63.429	st_11672	st_11672	repeat_region	cigar_liftover_v403_to_v61	TableS4 marker lifted from PGSC/DM v4.03 to DM v6.1 using minimap2 PAF cg:Z CIGAR	0.9967093346214224	60	ST4.03ch02	42727906
2	40466543	20.212	pPt-537723	ppt-537723	DArT_marker	cigar_liftover_v403_to_v61	TableS4 marker lifted from PGSC/DM v4.03 to DM v6.1 using minimap2 PAF cg:Z CIGAR	0.9665632136792176	60	ST4.03ch02	42771159
2	40707520	67.494	toPt-436878	topt-436878	DArT_marker	cigar_liftover_v403_to_v61	TableS4 marker lifted from PGSC/DM v4.03 to DM v6.1 using minimap2 PAF cg:Z CIGAR	0.98118006103764	60	ST4.03ch02	43130661
2	40707520	67.494	toPt-438004	topt-438004	DArT_marker	cigar_liftover_v403_to_v61	TableS4 marker lifted from PGSC/DM v4.03 to DM v6.1 using minimap2 PAF cg:Z CIGAR	0.98118006103764	60	ST4.03ch02	43130661
2	40707520	67.5	toPt-437942	topt-437942	DArT_marker	cigar_liftover_v403_to_v61	TableS4 marker lifted from PGSC/DM v4.03 to DM v6.1 using minimap2 PAF cg:Z CIGAR	0.98118006103764	60	ST4.03ch02	43130661
2	40707550	67.493	pPt-471945	ppt-471945	DArT_marker	cigar_liftover_v403_to_v61	TableS4 marker lifted from PGSC/DM v4.03 to DM v6.1 using minimap2 PAF cg:Z CIGAR	0.98118006103764	60	ST4.03ch02	43130691
2	40707550	67.494	pPt-657574	ppt-657574	DArT_marker	cigar_liftover_v403_to_v61	TableS4 marker lifted from PGSC/DM v4.03 to DM v6.1 using minimap2 PAF cg:Z CIGAR	0.98118006103764	60	ST4.03ch02	43130691
2	40707550	67.495	pPt-473780	ppt-473780	DArT_marker	cigar_liftover_v403_to_v61	TableS4 marker lifted from PGSC/DM v4.03 to DM v6.1 using minimap2 PAF cg:Z CIGAR	0.98118006103764	60	ST4.03ch02	43130691
2	40707550	67.496	pPt-654471	ppt-654471	DArT_marker	cigar_liftover_v403_to_v61	TableS4 marker lifted from PGSC/DM v4.03 to DM v6.1 using minimap2 PAF cg:Z CIGAR	0.98118006103764	60	ST4.03ch02	43130691
2	40707550	67.497	pPt-652964	ppt-652964	DArT_marker	cigar_liftover_v403_to_v61	TableS4 marker lifted from PGSC/DM v4.03 to DM v6.1 using minimap2 PAF cg:Z CIGAR	0.98118006103764	60	ST4.03ch02	43130691
2	41240921	64.916	solcap_snp_c1_8429	solcap_snp_c1_8429	SNP	direct_spuddb_dm_v6_1	SolCAP SNP exact non-multimap position from SpudDB DM v6.1				
2	41258971	64.924	pPt-458627	ppt-458627	DArT_marker	cigar_liftover_v403_to_v61	TableS4 marker lifted from PGSC/DM v4.03 to DM v6.1 using minimap2 PAF cg:Z CIGAR	0.9932432432432432	60	ST4.03ch02	43693016
2	41258971	64.931	pPt-654915	ppt-654915	DArT_marker	cigar_liftover_v403_to_v61	TableS4 marker lifted from PGSC/DM v4.03 to DM v6.1 using minimap2 PAF cg:Z CIGAR	0.9932432432432432	60	ST4.03ch02	43693016
2	41493084	64.924	pPt-653043	ppt-653043	DArT_marker	cigar_liftover_v403_to_v61	TableS4 marker lifted from PGSC/DM v4.03 to DM v6.1 using minimap2 PAF cg:Z CIGAR	0.9841218053289832	60	ST4.03ch02	42847776
2	41493216	64.911	toPt-437191	topt-437191	DArT_marker	cigar_liftover_v403_to_v61	TableS4 marker lifted from PGSC/DM v4.03 to DM v6.1 using minimap2 PAF cg:Z CIGAR	0.9841218053289832	60	ST4.03ch02	42847644
2	41493216	64.911	toPt-439122	topt-439122	DArT_marker	cigar_liftover_v403_to_v61	TableS4 marker lifted from PGSC/DM v4.03 to DM v6.1 using minimap2 PAF cg:Z CIGAR	0.9841218053289832	60	ST4.03ch02	42847644
2	41493216	64.911	toPt-439399	topt-439399	DArT_marker	cigar_liftover_v403_to_v61	TableS4 marker lifted from PGSC/DM v4.03 to DM v6.1 using minimap2 PAF cg:Z CIGAR	0.9841218053289832	60	ST4.03ch02	42847644
2	41493216	64.911	toPt-763866	topt-763866	DArT_marker	cigar_liftover_v403_to_v61	TableS4 marker lifted from PGSC/DM v4.03 to DM v6.1 using minimap2 PAF cg:Z CIGAR	0.9841218053289832	60	ST4.03ch02	42847644
2	41493216	65.612	toPt-438776	topt-438776	DArT_marker	cigar_liftover_v403_to_v61	TableS4 marker lifted from PGSC/DM v4.03 to DM v6.1 using minimap2 PAF cg:Z CIGAR	0.9841218053289832	60	ST4.03ch02	42847644
2	41493238	64.924	pPt-655780	ppt-655780	DArT_marker	cigar_liftover_v403_to_v61	TableS4 marker lifted from PGSC/DM v4.03 to DM v6.1 using minimap2 PAF cg:Z CIGAR	0.9841218053289832	60	ST4.03ch02	42847622
2	41878492	66.529	solcap_snp_c1_8464	solcap_snp_c1_8464	SNP	direct_spuddb_dm_v6_1	SolCAP SNP exact non-multimap position from SpudDB DM v6.1				
2	41893405	64.911	pPt-535437	ppt-535437	DArT_marker	cigar_liftover_v403_to_v61	TableS4 marker lifted from PGSC/DM v4.03 to DM v6.1 using minimap2 PAF cg:Z CIGAR	0.9917907037472254	60	ST4.03ch02	44346608
2	41893538	64.924	pPt-536585	ppt-536585	DArT_marker	cigar_liftover_v403_to_v61	TableS4 marker lifted from PGSC/DM v4.03 to DM v6.1 using minimap2 PAF cg:Z CIGAR	0.9917907037472254	60	ST4.03ch02	44346741
2	41893538	64.924	pPt-537080	ppt-537080	DArT_marker	cigar_liftover_v403_to_v61	TableS4 marker lifted from PGSC/DM v4.03 to DM v6.1 using minimap2 PAF cg:Z CIGAR	0.9917907037472254	60	ST4.03ch02	44346741
2	41893538	64.924	pPt-539701	ppt-539701	DArT_marker	cigar_liftover_v403_to_v61	TableS4 marker lifted from PGSC/DM v4.03 to DM v6.1 using minimap2 PAF cg:Z CIGAR	0.9917907037472254	60	ST4.03ch02	44346741
2	41893538	64.924	pPt-539725	ppt-539725	DArT_marker	cigar_liftover_v403_to_v61	TableS4 marker lifted from PGSC/DM v4.03 to DM v6.1 using minimap2 PAF cg:Z CIGAR	0.9917907037472254	60	ST4.03ch02	44346741
2	41893538	64.924	pPt-539797	ppt-539797	DArT_marker	cigar_liftover_v403_to_v61	TableS4 marker lifted from PGSC/DM v4.03 to DM v6.1 using minimap2 PAF cg:Z CIGAR	0.9917907037472254	60	ST4.03ch02	44346741
2	41893538	64.924	pPt-539862	ppt-539862	DArT_marker	cigar_liftover_v403_to_v61	TableS4 marker lifted from PGSC/DM v4.03 to DM v6.1 using minimap2 PAF cg:Z CIGAR	0.9917907037472254	60	ST4.03ch02	44346741
2	41893538	64.924	pPt-655448	ppt-655448	DArT_marker	cigar_liftover_v403_to_v61	TableS4 marker lifted from PGSC/DM v4.03 to DM v6.1 using minimap2 PAF cg:Z CIGAR	0.9917907037472254	60	ST4.03ch02	44346741
2	41893542	64.924	pPt-656117	ppt-656117	DArT_marker	cigar_liftover_v403_to_v61	TableS4 marker lifted from PGSC/DM v4.03 to DM v6.1 using minimap2 PAF cg:Z CIGAR	0.9917907037472254	60	ST4.03ch02	44346745
2	41893545	64.927	pPt-653627	ppt-653627	DArT_marker	cigar_liftover_v403_to_v61	TableS4 marker lifted from PGSC/DM v4.03 to DM v6.1 using minimap2 PAF cg:Z CIGAR	0.9917907037472254	60	ST4.03ch02	44346748
2	41893640	64.922	pPt-459203	ppt-459203	DArT_marker	cigar_liftover_v403_to_v61	TableS4 marker lifted from PGSC/DM v4.03 to DM v6.1 using minimap2 PAF cg:Z CIGAR	0.9917907037472254	60	ST4.03ch02	44346843
2	41893640	64.924	pPt-536858	ppt-536858	DArT_marker	cigar_liftover_v403_to_v61	TableS4 marker lifted from PGSC/DM v4.03 to DM v6.1 using minimap2 PAF cg:Z CIGAR	0.9917907037472254	60	ST4.03ch02	44346843
2	41893640	64.924	pPt-652500	ppt-652500	DArT_marker	cigar_liftover_v403_to_v61	TableS4 marker lifted from PGSC/DM v4.03 to DM v6.1 using minimap2 PAF cg:Z CIGAR	0.9917907037472254	60	ST4.03ch02	44346843
2	42131765	65.395	solcap_snp_c1_8485	solcap_snp_c1_8485	SNP	direct_spuddb_dm_v6_1	SolCAP SNP exact non-multimap position from SpudDB DM v6.1				
2	42567199	67.77	solcap_snp_c1_12534	solcap_snp_c1_12534	SNP	direct_spuddb_dm_v6_1	SolCAP SNP exact non-multimap position from SpudDB DM v6.1				
2	44199967	71.022	solcap_snp_c1_7864	solcap_snp_c1_7864	SNP	direct_spuddb_dm_v6_1	SolCAP SNP exact non-multimap position from SpudDB DM v6.1				
2	44271733	71.402	solcap_snp_c1_14740	solcap_snp_c1_14740	SNP	direct_spuddb_dm_v6_1	SolCAP SNP exact non-multimap position from SpudDB DM v6.1				
2	44550044	74.981	st_2696	st_2696	repeat_region	cigar_liftover_v403_to_v61	TableS4 marker lifted from PGSC/DM v4.03 to DM v6.1 using minimap2 PAF cg:Z CIGAR	0.9994933373866344	60	ST4.03ch02	47051262
2	44564163	69.531	pPt-657174	ppt-657174	DArT_marker	cigar_liftover_v403_to_v61	TableS4 marker lifted from PGSC/DM v4.03 to DM v6.1 using minimap2 PAF cg:Z CIGAR	0.985091822392221	60	ST4.03ch02	47065870
2	45008494	69.354	pPt-458738	ppt-458738	DArT_marker	cigar_liftover_v403_to_v61	TableS4 marker lifted from PGSC/DM v4.03 to DM v6.1 using minimap2 PAF cg:Z CIGAR	0.9893849215045186	60	ST4.03ch02	47508570
2	45008494	69.354	pPt-472659	ppt-472659	DArT_marker	cigar_liftover_v403_to_v61	TableS4 marker lifted from PGSC/DM v4.03 to DM v6.1 using minimap2 PAF cg:Z CIGAR	0.9893849215045186	60	ST4.03ch02	47508570
2	45008494	69.354	pPt-533752	ppt-533752	DArT_marker	cigar_liftover_v403_to_v61	TableS4 marker lifted from PGSC/DM v4.03 to DM v6.1 using minimap2 PAF cg:Z CIGAR	0.9893849215045186	60	ST4.03ch02	47508570
2	45008494	69.354	pPt-538767	ppt-538767	DArT_marker	cigar_liftover_v403_to_v61	TableS4 marker lifted from PGSC/DM v4.03 to DM v6.1 using minimap2 PAF cg:Z CIGAR	0.9893849215045186	60	ST4.03ch02	47508570
2	45008494	69.354	pPt-651072	ppt-651072	DArT_marker	cigar_liftover_v403_to_v61	TableS4 marker lifted from PGSC/DM v4.03 to DM v6.1 using minimap2 PAF cg:Z CIGAR	0.9893849215045186	60	ST4.03ch02	47508570
2	45008494	69.354	pPt-651165	ppt-651165	DArT_marker	cigar_liftover_v403_to_v61	TableS4 marker lifted from PGSC/DM v4.03 to DM v6.1 using minimap2 PAF cg:Z CIGAR	0.9893849215045186	60	ST4.03ch02	47508570
2	45008494	69.354	pPt-652785	ppt-652785	DArT_marker	cigar_liftover_v403_to_v61	TableS4 marker lifted from PGSC/DM v4.03 to DM v6.1 using minimap2 PAF cg:Z CIGAR	0.9893849215045186	60	ST4.03ch02	47508570
2	45028521	74.22	pPt-538521	ppt-538521	DArT_marker	cigar_liftover_v403_to_v61	TableS4 marker lifted from PGSC/DM v4.03 to DM v6.1 using minimap2 PAF cg:Z CIGAR	0.9893849215045186	60	ST4.03ch02	47528558
2	45046071	73.462	solcap_snp_c1_10633	solcap_snp_c1_10633	SNP	direct_spuddb_dm_v6_1	SolCAP SNP exact non-multimap position from SpudDB DM v6.1				
2	45993304	76.016	pPt-539113	ppt-539113	DArT_marker	cigar_liftover_v403_to_v61	TableS4 marker lifted from PGSC/DM v4.03 to DM v6.1 using minimap2 PAF cg:Z CIGAR	0.9936711185104482	60	ST4.03ch02	48494631
2	45993314	76.036	pPt-655621	ppt-655621	DArT_marker	cigar_liftover_v403_to_v61	TableS4 marker lifted from PGSC/DM v4.03 to DM v6.1 using minimap2 PAF cg:Z CIGAR	0.9936711185104482	60	ST4.03ch02	48494641
2	45993317	75.948	pPt-651715	ppt-651715	DArT_marker	cigar_liftover_v403_to_v61	TableS4 marker lifted from PGSC/DM v4.03 to DM v6.1 using minimap2 PAF cg:Z CIGAR	0.9936711185104482	60	ST4.03ch02	48494644
2	45993317	76.016	pPt-471328	ppt-471328	DArT_marker	cigar_liftover_v403_to_v61	TableS4 marker lifted from PGSC/DM v4.03 to DM v6.1 using minimap2 PAF cg:Z CIGAR	0.9936711185104482	60	ST4.03ch02	48494644
2	45993317	76.016	pPt-652599	ppt-652599	DArT_marker	cigar_liftover_v403_to_v61	TableS4 marker lifted from PGSC/DM v4.03 to DM v6.1 using minimap2 PAF cg:Z CIGAR	0.9936711185104482	60	ST4.03ch02	48494644
3	298626	19.123	pPt-473254	ppt-473254	DArT_marker	cigar_liftover_v403_to_v61	TableS4 marker lifted from PGSC/DM v4.03 to DM v6.1 using minimap2 PAF cg:Z CIGAR	0.998943052035114	60	ST4.03ch03	239101
3	405443	19.33	capPt-706966	cappt-706966	DArT_marker	cigar_liftover_v403_to_v61	TableS4 marker lifted from PGSC/DM v4.03 to DM v6.1 using minimap2 PAF cg:Z CIGAR	0.9987715803452856	60	ST4.03ch03	346548
3	405461	16.717	pPt-539952	ppt-539952	DArT_marker	cigar_liftover_v403_to_v61	TableS4 marker lifted from PGSC/DM v4.03 to DM v6.1 using minimap2 PAF cg:Z CIGAR	0.9987715803452856	60	ST4.03ch03	346566
3	405461	18.938	pPt-552380	ppt-552380	DArT_marker	cigar_liftover_v403_to_v61	TableS4 marker lifted from PGSC/DM v4.03 to DM v6.1 using minimap2 PAF cg:Z CIGAR	0.9987715803452856	60	ST4.03ch03	346566
3	405461	19.187	pPt-559366	ppt-559366	DArT_marker	cigar_liftover_v403_to_v61	TableS4 marker lifted from PGSC/DM v4.03 to DM v6.1 using minimap2 PAF cg:Z CIGAR	0.9987715803452856	60	ST4.03ch03	346566
3	405461	19.25	pPt-536203	ppt-536203	DArT_marker	cigar_liftover_v403_to_v61	TableS4 marker lifted from PGSC/DM v4.03 to DM v6.1 using minimap2 PAF cg:Z CIGAR	0.9987715803452856	60	ST4.03ch03	346566
3	405461	19.259	pPt-539732	ppt-539732	DArT_marker	cigar_liftover_v403_to_v61	TableS4 marker lifted from PGSC/DM v4.03 to DM v6.1 using minimap2 PAF cg:Z CIGAR	0.9987715803452856	60	ST4.03ch03	346566
3	405461	19.263	pPt-533896	ppt-533896	DArT_marker	cigar_liftover_v403_to_v61	TableS4 marker lifted from PGSC/DM v4.03 to DM v6.1 using minimap2 PAF cg:Z CIGAR	0.9987715803452856	60	ST4.03ch03	346566
3	405461	19.264	pPt-473407	ppt-473407	DArT_marker	cigar_liftover_v403_to_v61	TableS4 marker lifted from PGSC/DM v4.03 to DM v6.1 using minimap2 PAF cg:Z CIGAR	0.9987715803452856	60	ST4.03ch03	346566
3	405461	19.274	pPt-534891	ppt-534891	DArT_marker	cigar_liftover_v403_to_v61	TableS4 marker lifted from PGSC/DM v4.03 to DM v6.1 using minimap2 PAF cg:Z CIGAR	0.9987715803452856	60	ST4.03ch03	346566
3	405461	19.274	pPt-535297	ppt-535297	DArT_marker	cigar_liftover_v403_to_v61	TableS4 marker lifted from PGSC/DM v4.03 to DM v6.1 using minimap2 PAF cg:Z CIGAR	0.9987715803452856	60	ST4.03ch03	346566
3	405461	19.274	pPt-539707	ppt-539707	DArT_marker	cigar_liftover_v403_to_v61	TableS4 marker lifted from PGSC/DM v4.03 to DM v6.1 using minimap2 PAF cg:Z CIGAR	0.9987715803452856	60	ST4.03ch03	346566
3	405461	19.274	pPt-559430	ppt-559430	DArT_marker	cigar_liftover_v403_to_v61	TableS4 marker lifted from PGSC/DM v4.03 to DM v6.1 using minimap2 PAF cg:Z CIGAR	0.9987715803452856	60	ST4.03ch03	346566
3	560044	15.536	PM1287	pm1287	repeat_region	cigar_liftover_v403_to_v61	TableS4 marker lifted from PGSC/DM v4.03 to DM v6.1 using minimap2 PAF cg:Z CIGAR	0.9810809177179668	60	ST4.03ch03	504658
3	1181780	2.066	pPt-653222	ppt-653222	DArT_marker	cigar_liftover_v403_to_v61	TableS4 marker lifted from PGSC/DM v4.03 to DM v6.1 using minimap2 PAF cg:Z CIGAR	0.997810050714615	60	ST4.03ch03	1181725
3	2021811	3.303	pPt-472246	ppt-472246	DArT_marker	cigar_liftover_v403_to_v61	TableS4 marker lifted from PGSC/DM v4.03 to DM v6.1 using minimap2 PAF cg:Z CIGAR	0.9930240265120132	60	ST4.03ch03	1936296
3	2021811	3.493	pPt-650777	ppt-650777	DArT_marker	cigar_liftover_v403_to_v61	TableS4 marker lifted from PGSC/DM v4.03 to DM v6.1 using minimap2 PAF cg:Z CIGAR	0.9930240265120132	60	ST4.03ch03	1936296
3	2021811	3.513	pPt-471060	ppt-471060	DArT_marker	cigar_liftover_v403_to_v61	TableS4 marker lifted from PGSC/DM v4.03 to DM v6.1 using minimap2 PAF cg:Z CIGAR	0.9930240265120132	60	ST4.03ch03	1936296
3	2022606	3.513	pPt-654214	ppt-654214	DArT_marker	cigar_liftover_v403_to_v61	TableS4 marker lifted from PGSC/DM v4.03 to DM v6.1 using minimap2 PAF cg:Z CIGAR	0.9930240265120132	60	ST4.03ch03	1937091
3	2647267	5.423	solcap_snp_c1_14813	solcap_snp_c1_14813	SNP	direct_spuddb_dm_v6_1	SolCAP SNP exact non-multimap position from SpudDB DM v6.1				
3	2851481	5.21	solcap_snp_c1_13889	solcap_snp_c1_13889	SNP	direct_spuddb_dm_v6_1	SolCAP SNP exact non-multimap position from SpudDB DM v6.1				
3	4654255	9.846	pPt-653290	ppt-653290	DArT_marker	cigar_liftover_v403_to_v61	TableS4 marker lifted from PGSC/DM v4.03 to DM v6.1 using minimap2 PAF cg:Z CIGAR	0.9970313695485844	60	ST4.03ch03	4711151
3	4654255	9.934	pPt-539298	ppt-539298	DArT_marker	cigar_liftover_v403_to_v61	TableS4 marker lifted from PGSC/DM v4.03 to DM v6.1 using minimap2 PAF cg:Z CIGAR	0.9970313695485844	60	ST4.03ch03	4711151
3	4654255	9.936	pPt-458310	ppt-458310	DArT_marker	cigar_liftover_v403_to_v61	TableS4 marker lifted from PGSC/DM v4.03 to DM v6.1 using minimap2 PAF cg:Z CIGAR	0.9970313695485844	60	ST4.03ch03	4711151
3	4654255	9.936	pPt-459107	ppt-459107	DArT_marker	cigar_liftover_v403_to_v61	TableS4 marker lifted from PGSC/DM v4.03 to DM v6.1 using minimap2 PAF cg:Z CIGAR	0.9970313695485844	60	ST4.03ch03	4711151
3	4654255	9.936	pPt-534941	ppt-534941	DArT_marker	cigar_liftover_v403_to_v61	TableS4 marker lifted from PGSC/DM v4.03 to DM v6.1 using minimap2 PAF cg:Z CIGAR	0.9970313695485844	60	ST4.03ch03	4711151
3	4654255	9.936	pPt-537032	ppt-537032	DArT_marker	cigar_liftover_v403_to_v61	TableS4 marker lifted from PGSC/DM v4.03 to DM v6.1 using minimap2 PAF cg:Z CIGAR	0.9970313695485844	60	ST4.03ch03	4711151
3	4654255	9.936	pPt-538184	ppt-538184	DArT_marker	cigar_liftover_v403_to_v61	TableS4 marker lifted from PGSC/DM v4.03 to DM v6.1 using minimap2 PAF cg:Z CIGAR	0.9970313695485844	60	ST4.03ch03	4711151
3	4654255	9.936	pPt-538252	ppt-538252	DArT_marker	cigar_liftover_v403_to_v61	TableS4 marker lifted from PGSC/DM v4.03 to DM v6.1 using minimap2 PAF cg:Z CIGAR	0.9970313695485844	60	ST4.03ch03	4711151
3	4654255	9.936	pPt-540110	ppt-540110	DArT_marker	cigar_liftover_v403_to_v61	TableS4 marker lifted from PGSC/DM v4.03 to DM v6.1 using minimap2 PAF cg:Z CIGAR	0.9970313695485844	60	ST4.03ch03	4711151
3	4654255	9.936	pPt-540341	ppt-540341	DArT_marker	cigar_liftover_v403_to_v61	TableS4 marker lifted from PGSC/DM v4.03 to DM v6.1 using minimap2 PAF cg:Z CIGAR	0.9970313695485844	60	ST4.03ch03	4711151
3	4654255	9.936	pPt-651772	ppt-651772	DArT_marker	cigar_liftover_v403_to_v61	TableS4 marker lifted from PGSC/DM v4.03 to DM v6.1 using minimap2 PAF cg:Z CIGAR	0.9970313695485844	60	ST4.03ch03	4711151
3	4654255	9.936	toPt-438894	topt-438894	DArT_marker	cigar_liftover_v403_to_v61	TableS4 marker lifted from PGSC/DM v4.03 to DM v6.1 using minimap2 PAF cg:Z CIGAR	0.9970313695485844	60	ST4.03ch03	4711151
3	4654255	9.937	toPt-438408	topt-438408	DArT_marker	cigar_liftover_v403_to_v61	TableS4 marker lifted from PGSC/DM v4.03 to DM v6.1 using minimap2 PAF cg:Z CIGAR	0.9970313695485844	60	ST4.03ch03	4711151
3	4654255	9.939	pPt-657327	ppt-657327	DArT_marker	cigar_liftover_v403_to_v61	TableS4 marker lifted from PGSC/DM v4.03 to DM v6.1 using minimap2 PAF cg:Z CIGAR	0.9970313695485844	60	ST4.03ch03	4711151
3	4654255	9.947	pPt-471371	ppt-471371	DArT_marker	cigar_liftover_v403_to_v61	TableS4 marker lifted from PGSC/DM v4.03 to DM v6.1 using minimap2 PAF cg:Z CIGAR	0.9970313695485844	60	ST4.03ch03	4711151
3	6722327	11.521	PM0107	pm0107	repeat_region	cigar_liftover_v403_to_v61	TableS4 marker lifted from PGSC/DM v4.03 to DM v6.1 using minimap2 PAF cg:Z CIGAR	0.9857881136950905	60	ST4.03ch03	7152567
3	28208377	13.38	solcap_snp_c1_10555	solcap_snp_c1_10555	SNP	direct_spuddb_dm_v6_1	SolCAP SNP exact non-multimap position from SpudDB DM v6.1				
3	31640737	16.443	solcap_snp_c1_10746	solcap_snp_c1_10746	SNP	direct_spuddb_dm_v6_1	SolCAP SNP exact non-multimap position from SpudDB DM v6.1				
3	39577744	27.871	solcap_snp_c1_11338	solcap_snp_c1_11338	SNP	direct_spuddb_dm_v6_1	SolCAP SNP exact non-multimap position from SpudDB DM v6.1				
3	41027995	30.501	PM0442	pm0442	repeat_region	cigar_liftover_v403_to_v61	TableS4 marker lifted from PGSC/DM v4.03 to DM v6.1 using minimap2 PAF cg:Z CIGAR	0.9887482419127988	60	ST4.03ch03	42010976
3	41247283	35.853	solcap_snp_c1_6856	solcap_snp_c1_6856	SNP	direct_spuddb_dm_v6_1	SolCAP SNP exact non-multimap position from SpudDB DM v6.1				
3	44060650	40.788	solcap_snp_c1_6307	solcap_snp_c1_6307	SNP	direct_spuddb_dm_v6_1	SolCAP SNP exact non-multimap position from SpudDB DM v6.1				
3	45536119	40.742	toPt-437061	topt-437061	DArT_marker	cigar_liftover_v403_to_v61	TableS4 marker lifted from PGSC/DM v4.03 to DM v6.1 using minimap2 PAF cg:Z CIGAR	0.9851131806131468	60	ST4.03ch03	47248392
3	45681640	40.739	pPt-473188	ppt-473188	DArT_marker	cigar_liftover_v403_to_v61	TableS4 marker lifted from PGSC/DM v4.03 to DM v6.1 using minimap2 PAF cg:Z CIGAR	0.9827586206896552	60	ST4.03ch03	47101951
3	45681640	40.739	pPt-559455	ppt-559455	DArT_marker	cigar_liftover_v403_to_v61	TableS4 marker lifted from PGSC/DM v4.03 to DM v6.1 using minimap2 PAF cg:Z CIGAR	0.9827586206896552	60	ST4.03ch03	47101951
3	45681640	40.739	pPt-650595	ppt-650595	DArT_marker	cigar_liftover_v403_to_v61	TableS4 marker lifted from PGSC/DM v4.03 to DM v6.1 using minimap2 PAF cg:Z CIGAR	0.9827586206896552	60	ST4.03ch03	47101951
3	45681640	40.739	pPt-651391	ppt-651391	DArT_marker	cigar_liftover_v403_to_v61	TableS4 marker lifted from PGSC/DM v4.03 to DM v6.1 using minimap2 PAF cg:Z CIGAR	0.9827586206896552	60	ST4.03ch03	47101951
3	45681640	40.739	pPt-651596	ppt-651596	DArT_marker	cigar_liftover_v403_to_v61	TableS4 marker lifted from PGSC/DM v4.03 to DM v6.1 using minimap2 PAF cg:Z CIGAR	0.9827586206896552	60	ST4.03ch03	47101951
3	45681640	40.739	pPt-652569	ppt-652569	DArT_marker	cigar_liftover_v403_to_v61	TableS4 marker lifted from PGSC/DM v4.03 to DM v6.1 using minimap2 PAF cg:Z CIGAR	0.9827586206896552	60	ST4.03ch03	47101951
3	45681640	40.739	pPt-653732	ppt-653732	DArT_marker	cigar_liftover_v403_to_v61	TableS4 marker lifted from PGSC/DM v4.03 to DM v6.1 using minimap2 PAF cg:Z CIGAR	0.9827586206896552	60	ST4.03ch03	47101951
3	46014559	41.146	PM0153	pm0153	repeat_region	cigar_liftover_v403_to_v61	TableS4 marker lifted from PGSC/DM v4.03 to DM v6.1 using minimap2 PAF cg:Z CIGAR	0.9990681612629156	60	ST4.03ch03	46778814
3	47802793	40.788	solcap_snp_c1_6387	solcap_snp_c1_6387	SNP	direct_spuddb_dm_v6_1	SolCAP SNP exact non-multimap position from SpudDB DM v6.1				
3	49544130	42.759	pPt-539261	ppt-539261	DArT_marker	cigar_liftover_v403_to_v61	TableS4 marker lifted from PGSC/DM v4.03 to DM v6.1 using minimap2 PAF cg:Z CIGAR	0.9876217404963872	60	ST4.03ch03	50664695
3	49974935	40.166	pPt-651011	ppt-651011	DArT_marker	cigar_liftover_v403_to_v61	TableS4 marker lifted from PGSC/DM v4.03 to DM v6.1 using minimap2 PAF cg:Z CIGAR	0.9910684750248098	60	ST4.03ch03	51105962
3	50132450	40.982	pPt-537894	ppt-537894	DArT_marker	cigar_liftover_v403_to_v61	TableS4 marker lifted from PGSC/DM v4.03 to DM v6.1 using minimap2 PAF cg:Z CIGAR	0.9917820400778866	60	ST4.03ch03	51264714
3	50132450	41.009	pPt-537401	ppt-537401	DArT_marker	cigar_liftover_v403_to_v61	TableS4 marker lifted from PGSC/DM v4.03 to DM v6.1 using minimap2 PAF cg:Z CIGAR	0.9917820400778866	60	ST4.03ch03	51264714
3	50132450	41.014	pPt-473680	ppt-473680	DArT_marker	cigar_liftover_v403_to_v61	TableS4 marker lifted from PGSC/DM v4.03 to DM v6.1 using minimap2 PAF cg:Z CIGAR	0.9917820400778866	60	ST4.03ch03	51264714
3	50132450	41.015	pPt-534220	ppt-534220	DArT_marker	cigar_liftover_v403_to_v61	TableS4 marker lifted from PGSC/DM v4.03 to DM v6.1 using minimap2 PAF cg:Z CIGAR	0.9917820400778866	60	ST4.03ch03	51264714
3	50132450	41.024	pPt-535689	ppt-535689	DArT_marker	cigar_liftover_v403_to_v61	TableS4 marker lifted from PGSC/DM v4.03 to DM v6.1 using minimap2 PAF cg:Z CIGAR	0.9917820400778866	60	ST4.03ch03	51264714
3	50132450	41.024	pPt-655514	ppt-655514	DArT_marker	cigar_liftover_v403_to_v61	TableS4 marker lifted from PGSC/DM v4.03 to DM v6.1 using minimap2 PAF cg:Z CIGAR	0.9917820400778866	60	ST4.03ch03	51264714
3	50132450	41.024	toPt-437030	topt-437030	DArT_marker	cigar_liftover_v403_to_v61	TableS4 marker lifted from PGSC/DM v4.03 to DM v6.1 using minimap2 PAF cg:Z CIGAR	0.9917820400778866	60	ST4.03ch03	51264714
3	50132450	41.925	pPt-657192	ppt-657192	DArT_marker	cigar_liftover_v403_to_v61	TableS4 marker lifted from PGSC/DM v4.03 to DM v6.1 using minimap2 PAF cg:Z CIGAR	0.9917820400778866	60	ST4.03ch03	51264714
3	50132471	41.024	pPt-655189	ppt-655189	DArT_marker	cigar_liftover_v403_to_v61	TableS4 marker lifted from PGSC/DM v4.03 to DM v6.1 using minimap2 PAF cg:Z CIGAR	0.9917820400778866	60	ST4.03ch03	51264735
3	50133108	41.024	pPt-537817	ppt-537817	DArT_marker	cigar_liftover_v403_to_v61	TableS4 marker lifted from PGSC/DM v4.03 to DM v6.1 using minimap2 PAF cg:Z CIGAR	0.9917820400778866	60	ST4.03ch03	51265372
3	50277811	42.086	pPt-536347	ppt-536347	DArT_marker	cigar_liftover_v403_to_v61	TableS4 marker lifted from PGSC/DM v4.03 to DM v6.1 using minimap2 PAF cg:Z CIGAR	0.9803711634546752	60	ST4.03ch03	51411307
3	50277811	42.987	pPt-472721	ppt-472721	DArT_marker	cigar_liftover_v403_to_v61	TableS4 marker lifted from PGSC/DM v4.03 to DM v6.1 using minimap2 PAF cg:Z CIGAR	0.9803711634546752	60	ST4.03ch03	51411307
3	50277811	42.987	pPt-535581	ppt-535581	DArT_marker	cigar_liftover_v403_to_v61	TableS4 marker lifted from PGSC/DM v4.03 to DM v6.1 using minimap2 PAF cg:Z CIGAR	0.9803711634546752	60	ST4.03ch03	51411307
3	50277811	42.987	pPt-536452	ppt-536452	DArT_marker	cigar_liftover_v403_to_v61	TableS4 marker lifted from PGSC/DM v4.03 to DM v6.1 using minimap2 PAF cg:Z CIGAR	0.9803711634546752	60	ST4.03ch03	51411307
3	50277811	42.987	pPt-559412	ppt-559412	DArT_marker	cigar_liftover_v403_to_v61	TableS4 marker lifted from PGSC/DM v4.03 to DM v6.1 using minimap2 PAF cg:Z CIGAR	0.9803711634546752	60	ST4.03ch03	51411307
3	51716524	49.929	solcap_snp_c1_4565	solcap_snp_c1_4565	SNP	direct_spuddb_dm_v6_1	SolCAP SNP exact non-multimap position from SpudDB DM v6.1				
3	52547092	50.086	pPt-538396	ppt-538396	DArT_marker	cigar_liftover_v403_to_v61	TableS4 marker lifted from PGSC/DM v4.03 to DM v6.1 using minimap2 PAF cg:Z CIGAR	0.9931169444631892	60	ST4.03ch03	53962433
3	52547092	50.278	pPt-471162	ppt-471162	DArT_marker	cigar_liftover_v403_to_v61	TableS4 marker lifted from PGSC/DM v4.03 to DM v6.1 using minimap2 PAF cg:Z CIGAR	0.9931169444631892	60	ST4.03ch03	53962433
3	52594978	61.505	solcap_snp_c1_14158	solcap_snp_c1_14158	SNP	direct_spuddb_dm_v6_1	SolCAP SNP exact non-multimap position from SpudDB DM v6.1				
3	52661197	60.637	MICRO.8012.C1_335	micro.8012.c1_335	match	cigar_liftover_v403_to_v61	TableS4 marker lifted from PGSC/DM v4.03 to DM v6.1 using minimap2 PAF cg:Z CIGAR	0.9953335039364152	60	ST4.03ch03	54059987
3	52713842	60.839	solcap_snp_c1_14161	solcap_snp_c1_14161	SNP	direct_spuddb_dm_v6_1	SolCAP SNP exact non-multimap position from SpudDB DM v6.1				
3	52945574	60.345	MICRO.8582.C1_613	micro.8582.c1_613	match	cigar_liftover_v403_to_v61	TableS4 marker lifted from PGSC/DM v4.03 to DM v6.1 using minimap2 PAF cg:Z CIGAR	1.0	60	ST4.03ch03	54349535
3	53054120	62.36	solcap_snp_c1_7093	solcap_snp_c1_7093	SNP	direct_spuddb_dm_v6_1	SolCAP SNP exact non-multimap position from SpudDB DM v6.1				
3	53120835	62.141	st_6851	st_6851	repeat_region	cigar_liftover_v403_to_v61	TableS4 marker lifted from PGSC/DM v4.03 to DM v6.1 using minimap2 PAF cg:Z CIGAR	0.9976766239924134	60	ST4.03ch03	54537272
3	54206466	58.868	pPt-656781	ppt-656781	DArT_marker	cigar_liftover_v403_to_v61	TableS4 marker lifted from PGSC/DM v4.03 to DM v6.1 using minimap2 PAF cg:Z CIGAR	0.9918535301369408	60	ST4.03ch03	55643786
3	54206470	58.794	pPt-655434	ppt-655434	DArT_marker	cigar_liftover_v403_to_v61	TableS4 marker lifted from PGSC/DM v4.03 to DM v6.1 using minimap2 PAF cg:Z CIGAR	0.9918535301369408	60	ST4.03ch03	55643790
3	54206470	58.818	pPt-536239	ppt-536239	DArT_marker	cigar_liftover_v403_to_v61	TableS4 marker lifted from PGSC/DM v4.03 to DM v6.1 using minimap2 PAF cg:Z CIGAR	0.9918535301369408	60	ST4.03ch03	55643790
3	54206470	58.861	pPt-552745	ppt-552745	DArT_marker	cigar_liftover_v403_to_v61	TableS4 marker lifted from PGSC/DM v4.03 to DM v6.1 using minimap2 PAF cg:Z CIGAR	0.9918535301369408	60	ST4.03ch03	55643790
3	54206470	58.868	pPt-456937	ppt-456937	DArT_marker	cigar_liftover_v403_to_v61	TableS4 marker lifted from PGSC/DM v4.03 to DM v6.1 using minimap2 PAF cg:Z CIGAR	0.9918535301369408	60	ST4.03ch03	55643790
3	54206470	58.868	pPt-458742	ppt-458742	DArT_marker	cigar_liftover_v403_to_v61	TableS4 marker lifted from PGSC/DM v4.03 to DM v6.1 using minimap2 PAF cg:Z CIGAR	0.9918535301369408	60	ST4.03ch03	55643790
3	54206470	58.868	pPt-458822	ppt-458822	DArT_marker	cigar_liftover_v403_to_v61	TableS4 marker lifted from PGSC/DM v4.03 to DM v6.1 using minimap2 PAF cg:Z CIGAR	0.9918535301369408	60	ST4.03ch03	55643790
3	54206470	58.868	pPt-459091	ppt-459091	DArT_marker	cigar_liftover_v403_to_v61	TableS4 marker lifted from PGSC/DM v4.03 to DM v6.1 using minimap2 PAF cg:Z CIGAR	0.9918535301369408	60	ST4.03ch03	55643790
3	54206470	58.868	pPt-534669	ppt-534669	DArT_marker	cigar_liftover_v403_to_v61	TableS4 marker lifted from PGSC/DM v4.03 to DM v6.1 using minimap2 PAF cg:Z CIGAR	0.9918535301369408	60	ST4.03ch03	55643790
3	54206470	58.868	pPt-536431	ppt-536431	DArT_marker	cigar_liftover_v403_to_v61	TableS4 marker lifted from PGSC/DM v4.03 to DM v6.1 using minimap2 PAF cg:Z CIGAR	0.9918535301369408	60	ST4.03ch03	55643790
3	54206470	58.868	pPt-537344	ppt-537344	DArT_marker	cigar_liftover_v403_to_v61	TableS4 marker lifted from PGSC/DM v4.03 to DM v6.1 using minimap2 PAF cg:Z CIGAR	0.9918535301369408	60	ST4.03ch03	55643790
3	54206470	58.868	pPt-537355	ppt-537355	DArT_marker	cigar_liftover_v403_to_v61	TableS4 marker lifted from PGSC/DM v4.03 to DM v6.1 using minimap2 PAF cg:Z CIGAR	0.9918535301369408	60	ST4.03ch03	55643790
3	54206470	58.868	pPt-537746	ppt-537746	DArT_marker	cigar_liftover_v403_to_v61	TableS4 marker lifted from PGSC/DM v4.03 to DM v6.1 using minimap2 PAF cg:Z CIGAR	0.9918535301369408	60	ST4.03ch03	55643790
3	54206470	58.868	pPt-540316	ppt-540316	DArT_marker	cigar_liftover_v403_to_v61	TableS4 marker lifted from PGSC/DM v4.03 to DM v6.1 using minimap2 PAF cg:Z CIGAR	0.9918535301369408	60	ST4.03ch03	55643790
3	54206470	58.868	pPt-559022	ppt-559022	DArT_marker	cigar_liftover_v403_to_v61	TableS4 marker lifted from PGSC/DM v4.03 to DM v6.1 using minimap2 PAF cg:Z CIGAR	0.9918535301369408	60	ST4.03ch03	55643790
3	54206470	58.868	pPt-654669	ppt-654669	DArT_marker	cigar_liftover_v403_to_v61	TableS4 marker lifted from PGSC/DM v4.03 to DM v6.1 using minimap2 PAF cg:Z CIGAR	0.9918535301369408	60	ST4.03ch03	55643790
3	54206470	58.868	pPt-655586	ppt-655586	DArT_marker	cigar_liftover_v403_to_v61	TableS4 marker lifted from PGSC/DM v4.03 to DM v6.1 using minimap2 PAF cg:Z CIGAR	0.9918535301369408	60	ST4.03ch03	55643790
3	54206470	58.868	pPt-655879	ppt-655879	DArT_marker	cigar_liftover_v403_to_v61	TableS4 marker lifted from PGSC/DM v4.03 to DM v6.1 using minimap2 PAF cg:Z CIGAR	0.9918535301369408	60	ST4.03ch03	55643790
3	54206470	58.868	pPt-656568	ppt-656568	DArT_marker	cigar_liftover_v403_to_v61	TableS4 marker lifted from PGSC/DM v4.03 to DM v6.1 using minimap2 PAF cg:Z CIGAR	0.9918535301369408	60	ST4.03ch03	55643790
3	54206473	58.868	pPt-534739	ppt-534739	DArT_marker	cigar_liftover_v403_to_v61	TableS4 marker lifted from PGSC/DM v4.03 to DM v6.1 using minimap2 PAF cg:Z CIGAR	0.9918535301369408	60	ST4.03ch03	55643793
3	54206642	58.827	toPt-438413	topt-438413	DArT_marker	cigar_liftover_v403_to_v61	TableS4 marker lifted from PGSC/DM v4.03 to DM v6.1 using minimap2 PAF cg:Z CIGAR	0.9918535301369408	60	ST4.03ch03	55643962
3	55719577	75.374	pPt-540141	ppt-540141	DArT_marker	cigar_liftover_v403_to_v61	TableS4 marker lifted from PGSC/DM v4.03 to DM v6.1 using minimap2 PAF cg:Z CIGAR	0.9877122492225556	60	ST4.03ch03	57239897
3	55741820	75.418	PM0022	pm0022	repeat_region	cigar_liftover_v403_to_v61	TableS4 marker lifted from PGSC/DM v4.03 to DM v6.1 using minimap2 PAF cg:Z CIGAR	0.9877122492225556	60	ST4.03ch03	57262686
3	55788821	74.668	STM5115	stm5115	repeat_region	cigar_liftover_v403_to_v61	TableS4 marker lifted from PGSC/DM v4.03 to DM v6.1 using minimap2 PAF cg:Z CIGAR	0.9910224153705398	60	ST4.03ch03	57309684
3	56160724	69.526	pPt-651952	ppt-651952	DArT_marker	cigar_liftover_v403_to_v61	TableS4 marker lifted from PGSC/DM v4.03 to DM v6.1 using minimap2 PAF cg:Z CIGAR	0.9775775556801248	60	ST4.03ch03	57692905
3	56239009	69.368	pPt-473898	ppt-473898	DArT_marker	cigar_liftover_v403_to_v61	TableS4 marker lifted from PGSC/DM v4.03 to DM v6.1 using minimap2 PAF cg:Z CIGAR	0.996612524971771	60	ST4.03ch03	57776566
3	56239009	69.526	pPt-538681	ppt-538681	DArT_marker	cigar_liftover_v403_to_v61	TableS4 marker lifted from PGSC/DM v4.03 to DM v6.1 using minimap2 PAF cg:Z CIGAR	0.996612524971771	60	ST4.03ch03	57776566
3	56239009	69.526	pPt-653762	ppt-653762	DArT_marker	cigar_liftover_v403_to_v61	TableS4 marker lifted from PGSC/DM v4.03 to DM v6.1 using minimap2 PAF cg:Z CIGAR	0.996612524971771	60	ST4.03ch03	57776566
3	56427199	69.398	solcap_snp_c1_86	solcap_snp_c1_86	SNP	direct_spuddb_dm_v6_1	SolCAP SNP exact non-multimap position from SpudDB DM v6.1				
3	56912914	71.847	solcap_snp_c1_59	solcap_snp_c1_59	SNP	direct_spuddb_dm_v6_1	SolCAP SNP exact non-multimap position from SpudDB DM v6.1				
3	57127483	71.2	solcap_snp_c1_27	solcap_snp_c1_27	SNP	direct_spuddb_dm_v6_1	SolCAP SNP exact non-multimap position from SpudDB DM v6.1				
3	57226145	71.591	pPt-535097	ppt-535097	DArT_marker	cigar_liftover_v403_to_v61	TableS4 marker lifted from PGSC/DM v4.03 to DM v6.1 using minimap2 PAF cg:Z CIGAR	0.984947814356377	60	ST4.03ch03	58753312
3	57226145	71.591	pPt-657322	ppt-657322	DArT_marker	cigar_liftover_v403_to_v61	TableS4 marker lifted from PGSC/DM v4.03 to DM v6.1 using minimap2 PAF cg:Z CIGAR	0.984947814356377	60	ST4.03ch03	58753312
3	57226145	71.623	pPt-473975	ppt-473975	DArT_marker	cigar_liftover_v403_to_v61	TableS4 marker lifted from PGSC/DM v4.03 to DM v6.1 using minimap2 PAF cg:Z CIGAR	0.984947814356377	60	ST4.03ch03	58753312
3	57226145	71.623	pPt-533737	ppt-533737	DArT_marker	cigar_liftover_v403_to_v61	TableS4 marker lifted from PGSC/DM v4.03 to DM v6.1 using minimap2 PAF cg:Z CIGAR	0.984947814356377	60	ST4.03ch03	58753312
3	57226145	71.925	toPt-439424	topt-439424	DArT_marker	cigar_liftover_v403_to_v61	TableS4 marker lifted from PGSC/DM v4.03 to DM v6.1 using minimap2 PAF cg:Z CIGAR	0.984947814356377	60	ST4.03ch03	58753312
3	57226145	73.737	pPt-534133	ppt-534133	DArT_marker	cigar_liftover_v403_to_v61	TableS4 marker lifted from PGSC/DM v4.03 to DM v6.1 using minimap2 PAF cg:Z CIGAR	0.984947814356377	60	ST4.03ch03	58753312
3	57226214	71.601	toPt-439697	topt-439697	DArT_marker	cigar_liftover_v403_to_v61	TableS4 marker lifted from PGSC/DM v4.03 to DM v6.1 using minimap2 PAF cg:Z CIGAR	0.984947814356377	60	ST4.03ch03	58753381
3	57226214	71.626	toPt-439572	topt-439572	DArT_marker	cigar_liftover_v403_to_v61	TableS4 marker lifted from PGSC/DM v4.03 to DM v6.1 using minimap2 PAF cg:Z CIGAR	0.984947814356377	60	ST4.03ch03	58753381
3	57226214	73.093	toPt-439764	topt-439764	DArT_marker	cigar_liftover_v403_to_v61	TableS4 marker lifted from PGSC/DM v4.03 to DM v6.1 using minimap2 PAF cg:Z CIGAR	0.984947814356377	60	ST4.03ch03	58753381
3	57325451	70.154	pPt-657473	ppt-657473	DArT_marker	cigar_liftover_v403_to_v61	TableS4 marker lifted from PGSC/DM v4.03 to DM v6.1 using minimap2 PAF cg:Z CIGAR	0.991384202239468	60	ST4.03ch03	58855170
3	57325451	71.573	pPt-653616	ppt-653616	DArT_marker	cigar_liftover_v403_to_v61	TableS4 marker lifted from PGSC/DM v4.03 to DM v6.1 using minimap2 PAF cg:Z CIGAR	0.991384202239468	60	ST4.03ch03	58855170
3	57325451	71.623	pPt-473465	ppt-473465	DArT_marker	cigar_liftover_v403_to_v61	TableS4 marker lifted from PGSC/DM v4.03 to DM v6.1 using minimap2 PAF cg:Z CIGAR	0.991384202239468	60	ST4.03ch03	58855170
3	57325451	71.623	pPt-657007	ppt-657007	DArT_marker	cigar_liftover_v403_to_v61	TableS4 marker lifted from PGSC/DM v4.03 to DM v6.1 using minimap2 PAF cg:Z CIGAR	0.991384202239468	60	ST4.03ch03	58855170
3	57325471	71.382	toPt-440042	topt-440042	DArT_marker	cigar_liftover_v403_to_v61	TableS4 marker lifted from PGSC/DM v4.03 to DM v6.1 using minimap2 PAF cg:Z CIGAR	0.991384202239468	60	ST4.03ch03	58855190
3	57325471	71.45	toPt-439604	topt-439604	DArT_marker	cigar_liftover_v403_to_v61	TableS4 marker lifted from PGSC/DM v4.03 to DM v6.1 using minimap2 PAF cg:Z CIGAR	0.991384202239468	60	ST4.03ch03	58855190
3	57325471	71.598	toPt-437008	topt-437008	DArT_marker	cigar_liftover_v403_to_v61	TableS4 marker lifted from PGSC/DM v4.03 to DM v6.1 using minimap2 PAF cg:Z CIGAR	0.991384202239468	60	ST4.03ch03	58855190
3	57326019	71.514	solcap_snp_c1_155	solcap_snp_c1_155	SNP	direct_spuddb_dm_v6_1	SolCAP SNP exact non-multimap position from SpudDB DM v6.1				
3	57408932	71.008	solcap_snp_c1_152	solcap_snp_c1_152	SNP	direct_spuddb_dm_v6_1	SolCAP SNP exact non-multimap position from SpudDB DM v6.1				
3	57560149	71.278	solcap_snp_c1_137	solcap_snp_c1_137	SNP	direct_spuddb_dm_v6_1	SolCAP SNP exact non-multimap position from SpudDB DM v6.1				
3	57691004	72.208	pPt-471961	ppt-471961	DArT_marker	cigar_liftover_v403_to_v61	TableS4 marker lifted from PGSC/DM v4.03 to DM v6.1 using minimap2 PAF cg:Z CIGAR	0.9931975658251492	60	ST4.03ch03	59228563
3	57691004	72.208	pPt-540117	ppt-540117	DArT_marker	cigar_liftover_v403_to_v61	TableS4 marker lifted from PGSC/DM v4.03 to DM v6.1 using minimap2 PAF cg:Z CIGAR	0.9931975658251492	60	ST4.03ch03	59228563
3	57691004	72.208	pPt-651828	ppt-651828	DArT_marker	cigar_liftover_v403_to_v61	TableS4 marker lifted from PGSC/DM v4.03 to DM v6.1 using minimap2 PAF cg:Z CIGAR	0.9931975658251492	60	ST4.03ch03	59228563
3	57691004	72.212	pPt-539409	ppt-539409	DArT_marker	cigar_liftover_v403_to_v61	TableS4 marker lifted from PGSC/DM v4.03 to DM v6.1 using minimap2 PAF cg:Z CIGAR	0.9931975658251492	60	ST4.03ch03	59228563
3	57780537	71.095	toPt-439349	topt-439349	DArT_marker	cigar_liftover_v403_to_v61	TableS4 marker lifted from PGSC/DM v4.03 to DM v6.1 using minimap2 PAF cg:Z CIGAR	0.9749476959390592	60	ST4.03ch03	59319432
3	57780537	72.203	pPt-456510	ppt-456510	DArT_marker	cigar_liftover_v403_to_v61	TableS4 marker lifted from PGSC/DM v4.03 to DM v6.1 using minimap2 PAF cg:Z CIGAR	0.9749476959390592	60	ST4.03ch03	59319432
3	57780537	72.208	pPt-458007	ppt-458007	DArT_marker	cigar_liftover_v403_to_v61	TableS4 marker lifted from PGSC/DM v4.03 to DM v6.1 using minimap2 PAF cg:Z CIGAR	0.9749476959390592	60	ST4.03ch03	59319432
3	57780537	72.208	pPt-458254	ppt-458254	DArT_marker	cigar_liftover_v403_to_v61	TableS4 marker lifted from PGSC/DM v4.03 to DM v6.1 using minimap2 PAF cg:Z CIGAR	0.9749476959390592	60	ST4.03ch03	59319432
3	57780537	72.208	pPt-472007	ppt-472007	DArT_marker	cigar_liftover_v403_to_v61	TableS4 marker lifted from PGSC/DM v4.03 to DM v6.1 using minimap2 PAF cg:Z CIGAR	0.9749476959390592	60	ST4.03ch03	59319432
3	57780537	72.208	pPt-651446	ppt-651446	DArT_marker	cigar_liftover_v403_to_v61	TableS4 marker lifted from PGSC/DM v4.03 to DM v6.1 using minimap2 PAF cg:Z CIGAR	0.9749476959390592	60	ST4.03ch03	59319432
3	57780537	72.208	pPt-652423	ppt-652423	DArT_marker	cigar_liftover_v403_to_v61	TableS4 marker lifted from PGSC/DM v4.03 to DM v6.1 using minimap2 PAF cg:Z CIGAR	0.9749476959390592	60	ST4.03ch03	59319432
3	57780537	72.208	pPt-654175	ppt-654175	DArT_marker	cigar_liftover_v403_to_v61	TableS4 marker lifted from PGSC/DM v4.03 to DM v6.1 using minimap2 PAF cg:Z CIGAR	0.9749476959390592	60	ST4.03ch03	59319432
3	57780537	72.208	pPt-655476	ppt-655476	DArT_marker	cigar_liftover_v403_to_v61	TableS4 marker lifted from PGSC/DM v4.03 to DM v6.1 using minimap2 PAF cg:Z CIGAR	0.9749476959390592	60	ST4.03ch03	59319432
3	57780537	72.208	pPt-656324	ppt-656324	DArT_marker	cigar_liftover_v403_to_v61	TableS4 marker lifted from PGSC/DM v4.03 to DM v6.1 using minimap2 PAF cg:Z CIGAR	0.9749476959390592	60	ST4.03ch03	59319432
3	57780537	72.21	pPt-471811	ppt-471811	DArT_marker	cigar_liftover_v403_to_v61	TableS4 marker lifted from PGSC/DM v4.03 to DM v6.1 using minimap2 PAF cg:Z CIGAR	0.9749476959390592	60	ST4.03ch03	59319432
3	57780537	72.214	toPt-437382	topt-437382	DArT_marker	cigar_liftover_v403_to_v61	TableS4 marker lifted from PGSC/DM v4.03 to DM v6.1 using minimap2 PAF cg:Z CIGAR	0.9749476959390592	60	ST4.03ch03	59319432
3	57780537	72.217	toPt-440447	topt-440447	DArT_marker	cigar_liftover_v403_to_v61	TableS4 marker lifted from PGSC/DM v4.03 to DM v6.1 using minimap2 PAF cg:Z CIGAR	0.9749476959390592	60	ST4.03ch03	59319432
3	58908938	77.376	pPt-472006	ppt-472006	DArT_marker	cigar_liftover_v403_to_v61	TableS4 marker lifted from PGSC/DM v4.03 to DM v6.1 using minimap2 PAF cg:Z CIGAR	0.9970258200928224	60	ST4.03ch03	60494731
3	59115146	89.435	pPt-458799	ppt-458799	DArT_marker	cigar_liftover_v403_to_v61	TableS4 marker lifted from PGSC/DM v4.03 to DM v6.1 using minimap2 PAF cg:Z CIGAR	0.982549585316335	60	ST4.03ch03	60702289
3	59115426	67.721	pPt-654031	ppt-654031	DArT_marker	cigar_liftover_v403_to_v61	TableS4 marker lifted from PGSC/DM v4.03 to DM v6.1 using minimap2 PAF cg:Z CIGAR	0.982549585316335	60	ST4.03ch03	60702569
3	59115426	67.722	pPt-458962	ppt-458962	DArT_marker	cigar_liftover_v403_to_v61	TableS4 marker lifted from PGSC/DM v4.03 to DM v6.1 using minimap2 PAF cg:Z CIGAR	0.982549585316335	60	ST4.03ch03	60702569
3	59115426	67.722	pPt-652385	ppt-652385	DArT_marker	cigar_liftover_v403_to_v61	TableS4 marker lifted from PGSC/DM v4.03 to DM v6.1 using minimap2 PAF cg:Z CIGAR	0.982549585316335	60	ST4.03ch03	60702569
3	59115426	67.722	pPt-653916	ppt-653916	DArT_marker	cigar_liftover_v403_to_v61	TableS4 marker lifted from PGSC/DM v4.03 to DM v6.1 using minimap2 PAF cg:Z CIGAR	0.982549585316335	60	ST4.03ch03	60702569
3	59115426	67.722	pPt-654716	ppt-654716	DArT_marker	cigar_liftover_v403_to_v61	TableS4 marker lifted from PGSC/DM v4.03 to DM v6.1 using minimap2 PAF cg:Z CIGAR	0.982549585316335	60	ST4.03ch03	60702569
4	3604957	13.213	pPt-558903	ppt-558903	DArT_marker	cigar_liftover_v403_to_v61	TableS4 marker lifted from PGSC/DM v4.03 to DM v6.1 using minimap2 PAF cg:Z CIGAR	0.9997815878562848	60	ST4.03ch04	2486833
4	3604958	13.213	pPt-652719	ppt-652719	DArT_marker	cigar_liftover_v403_to_v61	TableS4 marker lifted from PGSC/DM v4.03 to DM v6.1 using minimap2 PAF cg:Z CIGAR	0.9997815878562848	60	ST4.03ch04	2486834
4	5758565	14.319	toPt-440837	topt-440837	DArT_marker	cigar_liftover_v403_to_v61	TableS4 marker lifted from PGSC/DM v4.03 to DM v6.1 using minimap2 PAF cg:Z CIGAR	0.9898692069252288	60	ST4.03ch04	4599177
4	5758565	14.584	pPt-471876	ppt-471876	DArT_marker	cigar_liftover_v403_to_v61	TableS4 marker lifted from PGSC/DM v4.03 to DM v6.1 using minimap2 PAF cg:Z CIGAR	0.9898692069252288	60	ST4.03ch04	4599177
4	5758565	14.584	pPt-535804	ppt-535804	DArT_marker	cigar_liftover_v403_to_v61	TableS4 marker lifted from PGSC/DM v4.03 to DM v6.1 using minimap2 PAF cg:Z CIGAR	0.9898692069252288	60	ST4.03ch04	4599177
4	5758565	14.584	pPt-536148	ppt-536148	DArT_marker	cigar_liftover_v403_to_v61	TableS4 marker lifted from PGSC/DM v4.03 to DM v6.1 using minimap2 PAF cg:Z CIGAR	0.9898692069252288	60	ST4.03ch04	4599177
4	5758565	14.584	pPt-552148	ppt-552148	DArT_marker	cigar_liftover_v403_to_v61	TableS4 marker lifted from PGSC/DM v4.03 to DM v6.1 using minimap2 PAF cg:Z CIGAR	0.9898692069252288	60	ST4.03ch04	4599177
4	5758565	14.584	pPt-552669	ppt-552669	DArT_marker	cigar_liftover_v403_to_v61	TableS4 marker lifted from PGSC/DM v4.03 to DM v6.1 using minimap2 PAF cg:Z CIGAR	0.9898692069252288	60	ST4.03ch04	4599177
4	5985321	11.354	pPt-654865	ppt-654865	DArT_marker	cigar_liftover_v403_to_v61	TableS4 marker lifted from PGSC/DM v4.03 to DM v6.1 using minimap2 PAF cg:Z CIGAR	0.9994573511955231	60	ST4.03ch04	4827601
4	6088928	15.765	toPt-437441	topt-437441	DArT_marker	cigar_liftover_v403_to_v61	TableS4 marker lifted from PGSC/DM v4.03 to DM v6.1 using minimap2 PAF cg:Z CIGAR	0.987239077157103	60	ST4.03ch04	4931503
4	6088928	15.781	pPt-456699	ppt-456699	DArT_marker	cigar_liftover_v403_to_v61	TableS4 marker lifted from PGSC/DM v4.03 to DM v6.1 using minimap2 PAF cg:Z CIGAR	0.987239077157103	60	ST4.03ch04	4931503
4	6088928	15.781	pPt-538780	ppt-538780	DArT_marker	cigar_liftover_v403_to_v61	TableS4 marker lifted from PGSC/DM v4.03 to DM v6.1 using minimap2 PAF cg:Z CIGAR	0.987239077157103	60	ST4.03ch04	4931503
4	6088928	15.781	toPt-437673	topt-437673	DArT_marker	cigar_liftover_v403_to_v61	TableS4 marker lifted from PGSC/DM v4.03 to DM v6.1 using minimap2 PAF cg:Z CIGAR	0.987239077157103	60	ST4.03ch04	4931503
4	6088928	15.789	pPt-473111	ppt-473111	DArT_marker	cigar_liftover_v403_to_v61	TableS4 marker lifted from PGSC/DM v4.03 to DM v6.1 using minimap2 PAF cg:Z CIGAR	0.987239077157103	60	ST4.03ch04	4931503
4	6088928	15.811	toPt-437452	topt-437452	DArT_marker	cigar_liftover_v403_to_v61	TableS4 marker lifted from PGSC/DM v4.03 to DM v6.1 using minimap2 PAF cg:Z CIGAR	0.987239077157103	60	ST4.03ch04	4931503
4	6433647	25.755	CTG237LGIV	ctg237lgiv	match	cigar_liftover_v403_to_v61	TableS4 marker lifted from PGSC/DM v4.03 to DM v6.1 using minimap2 PAF cg:Z CIGAR	0.9606744932331428	60	ST4.03ch04	5271864
4	7094613	19.481	solcap_snp_c1_3745	solcap_snp_c1_3745	SNP	direct_spuddb_dm_v6_1	SolCAP SNP exact non-multimap position from SpudDB DM v6.1				
4	7127130	19.381	solcap_snp_c1_3731	solcap_snp_c1_3731	SNP	direct_spuddb_dm_v6_1	SolCAP SNP exact non-multimap position from SpudDB DM v6.1				
4	7824438	28.251	solcap_snp_c1_3704	solcap_snp_c1_3704	SNP	direct_spuddb_dm_v6_1	SolCAP SNP exact non-multimap position from SpudDB DM v6.1				
4	8195239	20.794	solcap_snp_c1_14449	solcap_snp_c1_14449	SNP	direct_spuddb_dm_v6_1	SolCAP SNP exact non-multimap position from SpudDB DM v6.1				
4	8703882	22.411	solcap_snp_c1_11722	solcap_snp_c1_11722	SNP	direct_spuddb_dm_v6_1	SolCAP SNP exact non-multimap position from SpudDB DM v6.1				
4	8910901	21.903	MICRO.4670.C1_254	micro.4670.c1_254	match	cigar_liftover_v403_to_v61	TableS4 marker lifted from PGSC/DM v4.03 to DM v6.1 using minimap2 PAF cg:Z CIGAR	0.9852856869864324	60	ST4.03ch04	8176061
4	10586974	26.401	solcap_snp_c1_8343	solcap_snp_c1_8343	SNP	direct_spuddb_dm_v6_1	SolCAP SNP exact non-multimap position from SpudDB DM v6.1				
4	10723513	33.524	pPt-652727	ppt-652727	DArT_marker	cigar_liftover_v403_to_v61	TableS4 marker lifted from PGSC/DM v4.03 to DM v6.1 using minimap2 PAF cg:Z CIGAR	0.9992038216560508	60	ST4.03ch04	9452785
4	11091062	26.59	pPt-472050	ppt-472050	DArT_marker	cigar_liftover_v403_to_v61	TableS4 marker lifted from PGSC/DM v4.03 to DM v6.1 using minimap2 PAF cg:Z CIGAR	0.9864096519206768	60	ST4.03ch04	9812189
4	11114394	27.895	STM5140	stm5140	repeat_region	cigar_liftover_v403_to_v61	TableS4 marker lifted from PGSC/DM v4.03 to DM v6.1 using minimap2 PAF cg:Z CIGAR	0.9997435239805078	60	ST4.03ch04	9835716
4	12318153	30.848	MICRO.592.C12_920	micro.592.c12_920	match	cigar_liftover_v403_to_v61	TableS4 marker lifted from PGSC/DM v4.03 to DM v6.1 using minimap2 PAF cg:Z CIGAR	0.9872777250723686	60	ST4.03ch04	11023333
4	12347963	30.875	solcap_snp_c1_11133	solcap_snp_c1_11133	SNP	direct_spuddb_dm_v6_1	SolCAP SNP exact non-multimap position from SpudDB DM v6.1				
4	12644502	38.503	solcap_snp_c1_11135	solcap_snp_c1_11135	SNP	direct_spuddb_dm_v6_1	SolCAP SNP exact non-multimap position from SpudDB DM v6.1				
4	15552387	35.851	PM0529	pm0529	repeat_region	cigar_liftover_v403_to_v61	TableS4 marker lifted from PGSC/DM v4.03 to DM v6.1 using minimap2 PAF cg:Z CIGAR	0.9959700374531836	60	ST4.03ch04	23272279
4	15719975	29.548	PM1316	pm1316	repeat_region	cigar_liftover_v403_to_v61	TableS4 marker lifted from PGSC/DM v4.03 to DM v6.1 using minimap2 PAF cg:Z CIGAR	0.9938803180768808	60	ST4.03ch04	23105044
4	19302965	36.725	solcap_snp_c1_12827	solcap_snp_c1_12827	SNP	direct_spuddb_dm_v6_1	SolCAP SNP exact non-multimap position from SpudDB DM v6.1				
4	43447691	40.204	solcap_snp_c1_3442	solcap_snp_c1_3442	SNP	direct_spuddb_dm_v6_1	SolCAP SNP exact non-multimap position from SpudDB DM v6.1				
4	43525521	40.2	solcap_snp_c1_14569	solcap_snp_c1_14569	SNP	direct_spuddb_dm_v6_1	SolCAP SNP exact non-multimap position from SpudDB DM v6.1				
4	47263783	40.781	pPt-457515	ppt-457515	DArT_marker	cigar_liftover_v403_to_v61	TableS4 marker lifted from PGSC/DM v4.03 to DM v6.1 using minimap2 PAF cg:Z CIGAR	0.9958864603438382	60	ST4.03ch04	48923652
4	47269331	40.831	solcap_snp_c1_5418	solcap_snp_c1_5418	SNP	direct_spuddb_dm_v6_1	SolCAP SNP exact non-multimap position from SpudDB DM v6.1				
4	48473968	42.561	pPt-559222	ppt-559222	DArT_marker	cigar_liftover_v403_to_v61	TableS4 marker lifted from PGSC/DM v4.03 to DM v6.1 using minimap2 PAF cg:Z CIGAR	0.9708679614239368	60	ST4.03ch04	50150932
4	49914181	43.765	toPt-437326	topt-437326	DArT_marker	cigar_liftover_v403_to_v61	TableS4 marker lifted from PGSC/DM v4.03 to DM v6.1 using minimap2 PAF cg:Z CIGAR	0.9954485478347244	60	ST4.03ch04	51637219
4	49914261	43.76	pPt-457943	ppt-457943	DArT_marker	cigar_liftover_v403_to_v61	TableS4 marker lifted from PGSC/DM v4.03 to DM v6.1 using minimap2 PAF cg:Z CIGAR	0.9954485478347244	60	ST4.03ch04	51637299
4	50227241	43.118	solcap_snp_c1_15760	solcap_snp_c1_15760	SNP	direct_spuddb_dm_v6_1	SolCAP SNP exact non-multimap position from SpudDB DM v6.1				
4	50674993	45.15	solcap_snp_c1_16295	solcap_snp_c1_16295	SNP	direct_spuddb_dm_v6_1	SolCAP SNP exact non-multimap position from SpudDB DM v6.1				
4	52541427	49.216	solcap_snp_c1_15986	solcap_snp_c1_15986	SNP	direct_spuddb_dm_v6_1	SolCAP SNP exact non-multimap position from SpudDB DM v6.1				
4	52773387	49.975	solcap_snp_c1_15877	solcap_snp_c1_15877	SNP	direct_spuddb_dm_v6_1	SolCAP SNP exact non-multimap position from SpudDB DM v6.1				
4	53560088	55.323	pPt-473312	ppt-473312	DArT_marker	cigar_liftover_v403_to_v61	TableS4 marker lifted from PGSC/DM v4.03 to DM v6.1 using minimap2 PAF cg:Z CIGAR	0.9990879241152864	60	ST4.03ch04	55658750
4	55346958	50.792	pPt-473463	ppt-473463	DArT_marker	cigar_liftover_v403_to_v61	TableS4 marker lifted from PGSC/DM v4.03 to DM v6.1 using minimap2 PAF cg:Z CIGAR	0.9904203603088362	60	ST4.03ch04	57597370
4	55620892	39.546	pPt-657518	ppt-657518	DArT_marker	cigar_liftover_v403_to_v61	TableS4 marker lifted from PGSC/DM v4.03 to DM v6.1 using minimap2 PAF cg:Z CIGAR	0.9958703939008896	60	ST4.03ch04	57871153
4	55755503	52.693	MICRO.8127.C1_1918	micro.8127.c1_1918	match	cigar_liftover_v403_to_v61	TableS4 marker lifted from PGSC/DM v4.03 to DM v6.1 using minimap2 PAF cg:Z CIGAR	0.9971179601939444	60	ST4.03ch04	58008623
4	55814875	53.409	solcap_snp_c1_10454	solcap_snp_c1_10454	SNP	direct_spuddb_dm_v6_1	SolCAP SNP exact non-multimap position from SpudDB DM v6.1				
4	55864113	53.406	solcap_snp_c1_10441	solcap_snp_c1_10441	SNP	direct_spuddb_dm_v6_1	SolCAP SNP exact non-multimap position from SpudDB DM v6.1				
4	56199106	55.627	solcap_snp_c1_10453	solcap_snp_c1_10453	SNP	direct_spuddb_dm_v6_1	SolCAP SNP exact non-multimap position from SpudDB DM v6.1				
4	58823229	58.849	solcap_snp_c1_11352	solcap_snp_c1_11352	SNP	direct_spuddb_dm_v6_1	SolCAP SNP exact non-multimap position from SpudDB DM v6.1				
4	59195814	58.662	pPt-559556	ppt-559556	DArT_marker	cigar_liftover_v403_to_v61	TableS4 marker lifted from PGSC/DM v4.03 to DM v6.1 using minimap2 PAF cg:Z CIGAR	0.9991146054681966	60	ST4.03ch04	61550859
4	59210384	58.819	pPt-471760	ppt-471760	DArT_marker	cigar_liftover_v403_to_v61	TableS4 marker lifted from PGSC/DM v4.03 to DM v6.1 using minimap2 PAF cg:Z CIGAR	0.975139360543346	60	ST4.03ch04	61564706
4	59210482	58.819	pPt-559203	ppt-559203	DArT_marker	cigar_liftover_v403_to_v61	TableS4 marker lifted from PGSC/DM v4.03 to DM v6.1 using minimap2 PAF cg:Z CIGAR	0.975139360543346	60	ST4.03ch04	61564804
4	60379241	64.567	solcap_snp_c1_9742	solcap_snp_c1_9742	SNP	direct_spuddb_dm_v6_1	SolCAP SNP exact non-multimap position from SpudDB DM v6.1				
4	60379368	64.968	MICRO.327.C2_896	micro.327.c2_896	match	cigar_liftover_v403_to_v61	TableS4 marker lifted from PGSC/DM v4.03 to DM v6.1 using minimap2 PAF cg:Z CIGAR	0.9930729550478998	60	ST4.03ch04	62775804
4	61042106	62.407	solcap_snp_c1_11669	solcap_snp_c1_11669	SNP	direct_spuddb_dm_v6_1	SolCAP SNP exact non-multimap position from SpudDB DM v6.1				
4	61195999	62.959	solcap_snp_c1_11679	solcap_snp_c1_11679	SNP	direct_spuddb_dm_v6_1	SolCAP SNP exact non-multimap position from SpudDB DM v6.1				
4	62391020	69.8	solcap_snp_c1_6748	solcap_snp_c1_6748	SNP	direct_spuddb_dm_v6_1	SolCAP SNP exact non-multimap position from SpudDB DM v6.1				
4	63428072	75.44	solcap_snp_c1_8332	solcap_snp_c1_8332	SNP	direct_spuddb_dm_v6_1	SolCAP SNP exact non-multimap position from SpudDB DM v6.1				
4	64032193	75.766	solcap_snp_c1_13165	solcap_snp_c1_13165	SNP	direct_spuddb_dm_v6_1	SolCAP SNP exact non-multimap position from SpudDB DM v6.1				
4	64477959	78.714	solcap_snp_c1_9618	solcap_snp_c1_9618	SNP	direct_spuddb_dm_v6_1	SolCAP SNP exact non-multimap position from SpudDB DM v6.1				
4	64598435	79.5	solcap_snp_c1_15844	solcap_snp_c1_15844	SNP	direct_spuddb_dm_v6_1	SolCAP SNP exact non-multimap position from SpudDB DM v6.1				
4	64846870	79.5	solcap_snp_c1_16389	solcap_snp_c1_16389	SNP	direct_spuddb_dm_v6_1	SolCAP SNP exact non-multimap position from SpudDB DM v6.1				
4	65177035	83.886	solcap_snp_c1_10413	solcap_snp_c1_10413	SNP	direct_spuddb_dm_v6_1	SolCAP SNP exact non-multimap position from SpudDB DM v6.1				
4	65204794	84.544	pPt-471982	ppt-471982	DArT_marker	cigar_liftover_v403_to_v61	TableS4 marker lifted from PGSC/DM v4.03 to DM v6.1 using minimap2 PAF cg:Z CIGAR	0.999788549981498	60	ST4.03ch04	68123949
4	65204794	84.544	pPt-656860	ppt-656860	DArT_marker	cigar_liftover_v403_to_v61	TableS4 marker lifted from PGSC/DM v4.03 to DM v6.1 using minimap2 PAF cg:Z CIGAR	0.999788549981498	60	ST4.03ch04	68123949
4	65513708	84.498	solcap_snp_c1_3168	solcap_snp_c1_3168	SNP	direct_spuddb_dm_v6_1	SolCAP SNP exact non-multimap position from SpudDB DM v6.1				
4	65797678	82.372	solcap_snp_c1_13085	solcap_snp_c1_13085	SNP	direct_spuddb_dm_v6_1	SolCAP SNP exact non-multimap position from SpudDB DM v6.1				
4	66123270	83.162	solcap_snp_c1_4180	solcap_snp_c1_4180	SNP	direct_spuddb_dm_v6_1	SolCAP SNP exact non-multimap position from SpudDB DM v6.1				
4	66783619	88.566	solcap_snp_c1_4111	solcap_snp_c1_4111	SNP	direct_spuddb_dm_v6_1	SolCAP SNP exact non-multimap position from SpudDB DM v6.1				
4	66814329	87.999	solcap_snp_c1_4179	solcap_snp_c1_4179	SNP	direct_spuddb_dm_v6_1	SolCAP SNP exact non-multimap position from SpudDB DM v6.1				
4	66981576	88.867	solcap_snp_c1_10207	solcap_snp_c1_10207	SNP	direct_spuddb_dm_v6_1	SolCAP SNP exact non-multimap position from SpudDB DM v6.1				
4	67014289	89.282	pPt-471909	ppt-471909	DArT_marker	cigar_liftover_v403_to_v61	TableS4 marker lifted from PGSC/DM v4.03 to DM v6.1 using minimap2 PAF cg:Z CIGAR	0.9844935934056964	60	ST4.03ch04	70067253
4	67037168	88.718	solcap_snp_c1_10218	solcap_snp_c1_10218	SNP	direct_spuddb_dm_v6_1	SolCAP SNP exact non-multimap position from SpudDB DM v6.1				
4	67140935	89.649	pPt-458391	ppt-458391	DArT_marker	cigar_liftover_v403_to_v61	TableS4 marker lifted from PGSC/DM v4.03 to DM v6.1 using minimap2 PAF cg:Z CIGAR	0.999495708036879	60	ST4.03ch04	70195045
4	67140935	89.856	pPt-458171	ppt-458171	DArT_marker	cigar_liftover_v403_to_v61	TableS4 marker lifted from PGSC/DM v4.03 to DM v6.1 using minimap2 PAF cg:Z CIGAR	0.999495708036879	60	ST4.03ch04	70195045
4	67495185	91.066	pPt-457973	ppt-457973	DArT_marker	cigar_liftover_v403_to_v61	TableS4 marker lifted from PGSC/DM v4.03 to DM v6.1 using minimap2 PAF cg:Z CIGAR	0.9920477137176938	60	ST4.03ch04	70556123
4	67495185	91.373	pPt-538094	ppt-538094	DArT_marker	cigar_liftover_v403_to_v61	TableS4 marker lifted from PGSC/DM v4.03 to DM v6.1 using minimap2 PAF cg:Z CIGAR	0.9920477137176938	60	ST4.03ch04	70556123
4	67495185	91.396	pPt-537599	ppt-537599	DArT_marker	cigar_liftover_v403_to_v61	TableS4 marker lifted from PGSC/DM v4.03 to DM v6.1 using minimap2 PAF cg:Z CIGAR	0.9920477137176938	60	ST4.03ch04	70556123
4	67495185	91.396	pPt-537600	ppt-537600	DArT_marker	cigar_liftover_v403_to_v61	TableS4 marker lifted from PGSC/DM v4.03 to DM v6.1 using minimap2 PAF cg:Z CIGAR	0.9920477137176938	60	ST4.03ch04	70556123
4	67495185	91.396	pPt-655705	ppt-655705	DArT_marker	cigar_liftover_v403_to_v61	TableS4 marker lifted from PGSC/DM v4.03 to DM v6.1 using minimap2 PAF cg:Z CIGAR	0.9920477137176938	60	ST4.03ch04	70556123
4	67495185	91.428	pPt-458062	ppt-458062	DArT_marker	cigar_liftover_v403_to_v61	TableS4 marker lifted from PGSC/DM v4.03 to DM v6.1 using minimap2 PAF cg:Z CIGAR	0.9920477137176938	60	ST4.03ch04	70556123
4	67495185	91.428	pPt-539574	ppt-539574	DArT_marker	cigar_liftover_v403_to_v61	TableS4 marker lifted from PGSC/DM v4.03 to DM v6.1 using minimap2 PAF cg:Z CIGAR	0.9920477137176938	60	ST4.03ch04	70556123
4	67495185	91.428	pPt-540321	ppt-540321	DArT_marker	cigar_liftover_v403_to_v61	TableS4 marker lifted from PGSC/DM v4.03 to DM v6.1 using minimap2 PAF cg:Z CIGAR	0.9920477137176938	60	ST4.03ch04	70556123
4	67495185	91.43	pPt-457379	ppt-457379	DArT_marker	cigar_liftover_v403_to_v61	TableS4 marker lifted from PGSC/DM v4.03 to DM v6.1 using minimap2 PAF cg:Z CIGAR	0.9920477137176938	60	ST4.03ch04	70556123
4	67495185	91.43	pPt-471670	ppt-471670	DArT_marker	cigar_liftover_v403_to_v61	TableS4 marker lifted from PGSC/DM v4.03 to DM v6.1 using minimap2 PAF cg:Z CIGAR	0.9920477137176938	60	ST4.03ch04	70556123
4	67495185	91.432	pPt-456750	ppt-456750	DArT_marker	cigar_liftover_v403_to_v61	TableS4 marker lifted from PGSC/DM v4.03 to DM v6.1 using minimap2 PAF cg:Z CIGAR	0.9920477137176938	60	ST4.03ch04	70556123
4	67527578	91.264	solcap_snp_c1_13350	solcap_snp_c1_13350	SNP	direct_spuddb_dm_v6_1	SolCAP SNP exact non-multimap position from SpudDB DM v6.1				
4	67538822	90.601	solcap_snp_c1_10710	solcap_snp_c1_10710	SNP	direct_spuddb_dm_v6_1	SolCAP SNP exact non-multimap position from SpudDB DM v6.1				
4	67580640	90.981	solcap_snp_c1_10694	solcap_snp_c1_10694	SNP	direct_spuddb_dm_v6_1	SolCAP SNP exact non-multimap position from SpudDB DM v6.1				
4	67727483	92.321	pPt-651198	ppt-651198	DArT_marker	cigar_liftover_v403_to_v61	TableS4 marker lifted from PGSC/DM v4.03 to DM v6.1 using minimap2 PAF cg:Z CIGAR	0.996944711840288	60	ST4.03ch04	70794173
4	67727483	92.379	pPt-457992	ppt-457992	DArT_marker	cigar_liftover_v403_to_v61	TableS4 marker lifted from PGSC/DM v4.03 to DM v6.1 using minimap2 PAF cg:Z CIGAR	0.996944711840288	60	ST4.03ch04	70794173
4	67782718	92.286	solcap_snp_c1_10675	solcap_snp_c1_10675	SNP	direct_spuddb_dm_v6_1	SolCAP SNP exact non-multimap position from SpudDB DM v6.1				
4	68140674	95.148	PM0436	pm0436	repeat_region	cigar_liftover_v403_to_v61	TableS4 marker lifted from PGSC/DM v4.03 to DM v6.1 using minimap2 PAF cg:Z CIGAR	0.995738623233285	60	ST4.03ch04	71213599
4	68210423	95.613	solcap_snp_c1_3567	solcap_snp_c1_3567	SNP	direct_spuddb_dm_v6_1	SolCAP SNP exact non-multimap position from SpudDB DM v6.1				
4	68365308	93.842	pPt-652167	ppt-652167	DArT_marker	cigar_liftover_v403_to_v61	TableS4 marker lifted from PGSC/DM v4.03 to DM v6.1 using minimap2 PAF cg:Z CIGAR	0.9860298023581212	60	ST4.03ch04	71441864
4	68509887	96.133	solcap_snp_c1_3526	solcap_snp_c1_3526	SNP	direct_spuddb_dm_v6_1	SolCAP SNP exact non-multimap position from SpudDB DM v6.1				
4	68685699	98.99	pPt-538856	ppt-538856	DArT_marker	cigar_liftover_v403_to_v61	TableS4 marker lifted from PGSC/DM v4.03 to DM v6.1 using minimap2 PAF cg:Z CIGAR	0.9923986784399949	60	ST4.03ch04	71768739
4	68685699	98.99	pPt-652745	ppt-652745	DArT_marker	cigar_liftover_v403_to_v61	TableS4 marker lifted from PGSC/DM v4.03 to DM v6.1 using minimap2 PAF cg:Z CIGAR	0.9923986784399949	60	ST4.03ch04	71768739
4	68685699	99.402	toPt-438080	topt-438080	DArT_marker	cigar_liftover_v403_to_v61	TableS4 marker lifted from PGSC/DM v4.03 to DM v6.1 using minimap2 PAF cg:Z CIGAR	0.9923986784399949	60	ST4.03ch04	71768739
4	68848251	98.338	pPt-458464	ppt-458464	DArT_marker	cigar_liftover_v403_to_v61	TableS4 marker lifted from PGSC/DM v4.03 to DM v6.1 using minimap2 PAF cg:Z CIGAR	0.9918853944149516	60	ST4.03ch04	71933958
4	68848251	98.338	pPt-649958	ppt-649958	DArT_marker	cigar_liftover_v403_to_v61	TableS4 marker lifted from PGSC/DM v4.03 to DM v6.1 using minimap2 PAF cg:Z CIGAR	0.9918853944149516	60	ST4.03ch04	71933958
4	68943378	99.734	solcap_snp_c1_3460	solcap_snp_c1_3460	SNP	direct_spuddb_dm_v6_1	SolCAP SNP exact non-multimap position from SpudDB DM v6.1				
5	475917	1.616	PM0427	pm0427	repeat_region	cigar_liftover_v403_to_v61	TableS4 marker lifted from PGSC/DM v4.03 to DM v6.1 using minimap2 PAF cg:Z CIGAR	0.98936402816176	60	ST4.03ch05	377860
5	639346	2.77	pPt-655590	ppt-655590	DArT_marker	cigar_liftover_v403_to_v61	TableS4 marker lifted from PGSC/DM v4.03 to DM v6.1 using minimap2 PAF cg:Z CIGAR	0.993880971249659	60	ST4.03ch05	547814
5	1135681	0.0	solcap_snp_c1_15684	solcap_snp_c1_15684	SNP	direct_spuddb_dm_v6_1	SolCAP SNP exact non-multimap position from SpudDB DM v6.1				
5	1270609	2.394	pPt-473439	ppt-473439	DArT_marker	cigar_liftover_v403_to_v61	TableS4 marker lifted from PGSC/DM v4.03 to DM v6.1 using minimap2 PAF cg:Z CIGAR	0.9829875704193866	60	ST4.03ch05	1180635
5	1270609	2.48	pPt-654447	ppt-654447	DArT_marker	cigar_liftover_v403_to_v61	TableS4 marker lifted from PGSC/DM v4.03 to DM v6.1 using minimap2 PAF cg:Z CIGAR	0.9829875704193866	60	ST4.03ch05	1180635
5	1270609	2.533	pPt-654184	ppt-654184	DArT_marker	cigar_liftover_v403_to_v61	TableS4 marker lifted from PGSC/DM v4.03 to DM v6.1 using minimap2 PAF cg:Z CIGAR	0.9829875704193866	60	ST4.03ch05	1180635
5	1270609	2.533	pPt-654475	ppt-654475	DArT_marker	cigar_liftover_v403_to_v61	TableS4 marker lifted from PGSC/DM v4.03 to DM v6.1 using minimap2 PAF cg:Z CIGAR	0.9829875704193866	60	ST4.03ch05	1180635
5	1270609	2.533	pPt-654593	ppt-654593	DArT_marker	cigar_liftover_v403_to_v61	TableS4 marker lifted from PGSC/DM v4.03 to DM v6.1 using minimap2 PAF cg:Z CIGAR	0.9829875704193866	60	ST4.03ch05	1180635
5	1270609	2.533	pPt-657073	ppt-657073	DArT_marker	cigar_liftover_v403_to_v61	TableS4 marker lifted from PGSC/DM v4.03 to DM v6.1 using minimap2 PAF cg:Z CIGAR	0.9829875704193866	60	ST4.03ch05	1180635
5	2282813	7.183	pPt-472364	ppt-472364	DArT_marker	cigar_liftover_v403_to_v61	TableS4 marker lifted from PGSC/DM v4.03 to DM v6.1 using minimap2 PAF cg:Z CIGAR	0.997430461874478	60	ST4.03ch05	2226273
5	2282818	7.381	pPt-457354	ppt-457354	DArT_marker	cigar_liftover_v403_to_v61	TableS4 marker lifted from PGSC/DM v4.03 to DM v6.1 using minimap2 PAF cg:Z CIGAR	0.997430461874478	60	ST4.03ch05	2226278
5	2630849	8.294	PM0064	pm0064	repeat_region	cigar_liftover_v403_to_v61	TableS4 marker lifted from PGSC/DM v4.03 to DM v6.1 using minimap2 PAF cg:Z CIGAR	0.9624474323283776	60	ST4.03ch05	2594906
5	4038758	13.686	pPt-456666	ppt-456666	DArT_marker	cigar_liftover_v403_to_v61	TableS4 marker lifted from PGSC/DM v4.03 to DM v6.1 using minimap2 PAF cg:Z CIGAR	0.992710667979305	60	ST4.03ch05	4038935
5	4038758	13.686	pPt-457642	ppt-457642	DArT_marker	cigar_liftover_v403_to_v61	TableS4 marker lifted from PGSC/DM v4.03 to DM v6.1 using minimap2 PAF cg:Z CIGAR	0.992710667979305	60	ST4.03ch05	4038935
5	4235715	15.191	PM0371	pm0371	repeat_region	cigar_liftover_v403_to_v61	TableS4 marker lifted from PGSC/DM v4.03 to DM v6.1 using minimap2 PAF cg:Z CIGAR	0.9947198092318174	60	ST4.03ch05	4238814
5	4389823	14.666	solcap_snp_c1_7354	solcap_snp_c1_7354	SNP	direct_spuddb_dm_v6_1	SolCAP SNP exact non-multimap position from SpudDB DM v6.1				
5	4396977	15.341	Ctg498_265	ctg498_265	match	cigar_liftover_v403_to_v61	TableS4 marker lifted from PGSC/DM v4.03 to DM v6.1 using minimap2 PAF cg:Z CIGAR	0.9979415670650732	60	ST4.03ch05	4444937
5	4728482	17.547	STI0032	sti0032	repeat_region	cigar_liftover_v403_to_v61	TableS4 marker lifted from PGSC/DM v4.03 to DM v6.1 using minimap2 PAF cg:Z CIGAR	0.9928779245969208	60	ST4.03ch05	4787666
5	4881689	18.195	Ctg355_111	ctg355_111	match	cigar_liftover_v403_to_v61	TableS4 marker lifted from PGSC/DM v4.03 to DM v6.1 using minimap2 PAF cg:Z CIGAR	0.976414382700528	60	ST4.03ch05	4989826
5	7316844	25.697	solcap_snp_c1_15785	solcap_snp_c1_15785	SNP	direct_spuddb_dm_v6_1	SolCAP SNP exact non-multimap position from SpudDB DM v6.1				
5	7431667	25.559	pPt-459286	ppt-459286	DArT_marker	cigar_liftover_v403_to_v61	TableS4 marker lifted from PGSC/DM v4.03 to DM v6.1 using minimap2 PAF cg:Z CIGAR	0.9871288390467696	60	ST4.03ch05	7169943
5	7431667	25.559	pPt-474001	ppt-474001	DArT_marker	cigar_liftover_v403_to_v61	TableS4 marker lifted from PGSC/DM v4.03 to DM v6.1 using minimap2 PAF cg:Z CIGAR	0.9871288390467696	60	ST4.03ch05	7169943
5	7431822	25.855	toPt-440648	topt-440648	DArT_marker	cigar_liftover_v403_to_v61	TableS4 marker lifted from PGSC/DM v4.03 to DM v6.1 using minimap2 PAF cg:Z CIGAR	0.9871288390467696	60	ST4.03ch05	7170098
5	7432544	25.559	pPt-536549	ppt-536549	DArT_marker	cigar_liftover_v403_to_v61	TableS4 marker lifted from PGSC/DM v4.03 to DM v6.1 using minimap2 PAF cg:Z CIGAR	0.9871288390467696	60	ST4.03ch05	7170820
5	7432544	25.559	pPt-650675	ppt-650675	DArT_marker	cigar_liftover_v403_to_v61	TableS4 marker lifted from PGSC/DM v4.03 to DM v6.1 using minimap2 PAF cg:Z CIGAR	0.9871288390467696	60	ST4.03ch05	7170820
5	7432544	25.559	pPt-654105	ppt-654105	DArT_marker	cigar_liftover_v403_to_v61	TableS4 marker lifted from PGSC/DM v4.03 to DM v6.1 using minimap2 PAF cg:Z CIGAR	0.9871288390467696	60	ST4.03ch05	7170820
5	7432643	25.559	pPt-656044	ppt-656044	DArT_marker	cigar_liftover_v403_to_v61	TableS4 marker lifted from PGSC/DM v4.03 to DM v6.1 using minimap2 PAF cg:Z CIGAR	0.9871288390467696	60	ST4.03ch05	7170919
5	8024295	30.434	solcap_snp_c1_11256	solcap_snp_c1_11256	SNP	direct_spuddb_dm_v6_1	SolCAP SNP exact non-multimap position from SpudDB DM v6.1				
5	8024571	24.559	pPt-473272	ppt-473272	DArT_marker	cigar_liftover_v403_to_v61	TableS4 marker lifted from PGSC/DM v4.03 to DM v6.1 using minimap2 PAF cg:Z CIGAR	0.9872181683230352	60	ST4.03ch05	7769758
5	8385142	29.911	solcap_snp_c1_11075	solcap_snp_c1_11075	SNP	direct_spuddb_dm_v6_1	SolCAP SNP exact non-multimap position from SpudDB DM v6.1				
5	8386983	30.081	solcap_snp_c1_11072	solcap_snp_c1_11072	SNP	direct_spuddb_dm_v6_1	SolCAP SNP exact non-multimap position from SpudDB DM v6.1				
5	8602330	30.653	solcap_snp_c1_11084	solcap_snp_c1_11084	SNP	direct_spuddb_dm_v6_1	SolCAP SNP exact non-multimap position from SpudDB DM v6.1				
5	9449720	21.774	pPt-651169	ppt-651169	DArT_marker	cigar_liftover_v403_to_v61	TableS4 marker lifted from PGSC/DM v4.03 to DM v6.1 using minimap2 PAF cg:Z CIGAR	0.9732261493489236	60	ST4.03ch05	9284363
5	9449726	31.411	pPt-655308	ppt-655308	DArT_marker	cigar_liftover_v403_to_v61	TableS4 marker lifted from PGSC/DM v4.03 to DM v6.1 using minimap2 PAF cg:Z CIGAR	0.9732261493489236	60	ST4.03ch05	9284369
5	9450228	34.87	pPt-651584	ppt-651584	DArT_marker	cigar_liftover_v403_to_v61	TableS4 marker lifted from PGSC/DM v4.03 to DM v6.1 using minimap2 PAF cg:Z CIGAR	0.9732261493489236	60	ST4.03ch05	9284871
5	9567990	32.615	pPt-655797	ppt-655797	DArT_marker	cigar_liftover_v403_to_v61	TableS4 marker lifted from PGSC/DM v4.03 to DM v6.1 using minimap2 PAF cg:Z CIGAR	0.9966260617116852	60	ST4.03ch05	9404095
5	9567992	32.552	pPt-655778	ppt-655778	DArT_marker	cigar_liftover_v403_to_v61	TableS4 marker lifted from PGSC/DM v4.03 to DM v6.1 using minimap2 PAF cg:Z CIGAR	0.9966260617116852	60	ST4.03ch05	9404097
5	9628286	34.123	capPt-706997	cappt-706997	DArT_marker	cigar_liftover_v403_to_v61	TableS4 marker lifted from PGSC/DM v4.03 to DM v6.1 using minimap2 PAF cg:Z CIGAR	0.994975556762629	60	ST4.03ch05	9466079
5	10378317	35.517	capPt-706777	cappt-706777	DArT_marker	cigar_liftover_v403_to_v61	TableS4 marker lifted from PGSC/DM v4.03 to DM v6.1 using minimap2 PAF cg:Z CIGAR	0.9981138098139928	60	ST4.03ch05	10311549
5	10378317	35.517	pPt-472225	ppt-472225	DArT_marker	cigar_liftover_v403_to_v61	TableS4 marker lifted from PGSC/DM v4.03 to DM v6.1 using minimap2 PAF cg:Z CIGAR	0.9981138098139928	60	ST4.03ch05	10311549
5	10378317	35.517	pPt-473808	ppt-473808	DArT_marker	cigar_liftover_v403_to_v61	TableS4 marker lifted from PGSC/DM v4.03 to DM v6.1 using minimap2 PAF cg:Z CIGAR	0.9981138098139928	60	ST4.03ch05	10311549
5	10378317	35.517	pPt-534484	ppt-534484	DArT_marker	cigar_liftover_v403_to_v61	TableS4 marker lifted from PGSC/DM v4.03 to DM v6.1 using minimap2 PAF cg:Z CIGAR	0.9981138098139928	60	ST4.03ch05	10311549
5	10378317	35.517	pPt-535365	ppt-535365	DArT_marker	cigar_liftover_v403_to_v61	TableS4 marker lifted from PGSC/DM v4.03 to DM v6.1 using minimap2 PAF cg:Z CIGAR	0.9981138098139928	60	ST4.03ch05	10311549
5	10378317	35.517	pPt-535534	ppt-535534	DArT_marker	cigar_liftover_v403_to_v61	TableS4 marker lifted from PGSC/DM v4.03 to DM v6.1 using minimap2 PAF cg:Z CIGAR	0.9981138098139928	60	ST4.03ch05	10311549
5	10378317	35.517	pPt-535801	ppt-535801	DArT_marker	cigar_liftover_v403_to_v61	TableS4 marker lifted from PGSC/DM v4.03 to DM v6.1 using minimap2 PAF cg:Z CIGAR	0.9981138098139928	60	ST4.03ch05	10311549
5	10378317	35.517	pPt-536553	ppt-536553	DArT_marker	cigar_liftover_v403_to_v61	TableS4 marker lifted from PGSC/DM v4.03 to DM v6.1 using minimap2 PAF cg:Z CIGAR	0.9981138098139928	60	ST4.03ch05	10311549
5	10378317	35.517	pPt-539538	ppt-539538	DArT_marker	cigar_liftover_v403_to_v61	TableS4 marker lifted from PGSC/DM v4.03 to DM v6.1 using minimap2 PAF cg:Z CIGAR	0.9981138098139928	60	ST4.03ch05	10311549
5	10378317	35.517	pPt-539560	ppt-539560	DArT_marker	cigar_liftover_v403_to_v61	TableS4 marker lifted from PGSC/DM v4.03 to DM v6.1 using minimap2 PAF cg:Z CIGAR	0.9981138098139928	60	ST4.03ch05	10311549
5	10378317	35.517	pPt-540087	ppt-540087	DArT_marker	cigar_liftover_v403_to_v61	TableS4 marker lifted from PGSC/DM v4.03 to DM v6.1 using minimap2 PAF cg:Z CIGAR	0.9981138098139928	60	ST4.03ch05	10311549
5	10378317	35.517	pPt-540107	ppt-540107	DArT_marker	cigar_liftover_v403_to_v61	TableS4 marker lifted from PGSC/DM v4.03 to DM v6.1 using minimap2 PAF cg:Z CIGAR	0.9981138098139928	60	ST4.03ch05	10311549
5	10378317	35.517	pPt-540214	ppt-540214	DArT_marker	cigar_liftover_v403_to_v61	TableS4 marker lifted from PGSC/DM v4.03 to DM v6.1 using minimap2 PAF cg:Z CIGAR	0.9981138098139928	60	ST4.03ch05	10311549
5	10378317	35.517	pPt-540369	ppt-540369	DArT_marker	cigar_liftover_v403_to_v61	TableS4 marker lifted from PGSC/DM v4.03 to DM v6.1 using minimap2 PAF cg:Z CIGAR	0.9981138098139928	60	ST4.03ch05	10311549
5	10378317	35.517	pPt-552033	ppt-552033	DArT_marker	cigar_liftover_v403_to_v61	TableS4 marker lifted from PGSC/DM v4.03 to DM v6.1 using minimap2 PAF cg:Z CIGAR	0.9981138098139928	60	ST4.03ch05	10311549
5	10378317	35.517	pPt-650995	ppt-650995	DArT_marker	cigar_liftover_v403_to_v61	TableS4 marker lifted from PGSC/DM v4.03 to DM v6.1 using minimap2 PAF cg:Z CIGAR	0.9981138098139928	60	ST4.03ch05	10311549
5	10378317	35.517	pPt-657122	ppt-657122	DArT_marker	cigar_liftover_v403_to_v61	TableS4 marker lifted from PGSC/DM v4.03 to DM v6.1 using minimap2 PAF cg:Z CIGAR	0.9981138098139928	60	ST4.03ch05	10311549
5	10378317	35.646	pPt-539614	ppt-539614	DArT_marker	cigar_liftover_v403_to_v61	TableS4 marker lifted from PGSC/DM v4.03 to DM v6.1 using minimap2 PAF cg:Z CIGAR	0.9981138098139928	60	ST4.03ch05	10311549
5	11180796	34.424	pPt-650026	ppt-650026	DArT_marker	cigar_liftover_v403_to_v61	TableS4 marker lifted from PGSC/DM v4.03 to DM v6.1 using minimap2 PAF cg:Z CIGAR	0.9996797232809148	60	ST4.03ch05	11201430
5	11200619	38.474	st_19532	st_19532	repeat_region	cigar_liftover_v403_to_v61	TableS4 marker lifted from PGSC/DM v4.03 to DM v6.1 using minimap2 PAF cg:Z CIGAR	0.9996797232809148	60	ST4.03ch05	11221253
5	14275791	40.25	PM0467	pm0467	repeat_region	cigar_liftover_v403_to_v61	TableS4 marker lifted from PGSC/DM v4.03 to DM v6.1 using minimap2 PAF cg:Z CIGAR	0.9824130879345604	60	ST4.03ch05	14088415
5	19158499	41.333	PM0193	pm0193	repeat_region	cigar_liftover_v403_to_v61	TableS4 marker lifted from PGSC/DM v4.03 to DM v6.1 using minimap2 PAF cg:Z CIGAR	0.9935234632428132	60	ST4.03ch05	19212659
5	19193259	43.718	pPt-655937	ppt-655937	DArT_marker	cigar_liftover_v403_to_v61	TableS4 marker lifted from PGSC/DM v4.03 to DM v6.1 using minimap2 PAF cg:Z CIGAR	0.9948251835151471	60	ST4.03ch05	19247446
5	19193259	43.722	capPt-673080	cappt-673080	DArT_marker	cigar_liftover_v403_to_v61	TableS4 marker lifted from PGSC/DM v4.03 to DM v6.1 using minimap2 PAF cg:Z CIGAR	0.9948251835151471	60	ST4.03ch05	19247446
5	19193259	43.722	pPt-471393	ppt-471393	DArT_marker	cigar_liftover_v403_to_v61	TableS4 marker lifted from PGSC/DM v4.03 to DM v6.1 using minimap2 PAF cg:Z CIGAR	0.9948251835151471	60	ST4.03ch05	19247446
5	19193259	43.722	pPt-534665	ppt-534665	DArT_marker	cigar_liftover_v403_to_v61	TableS4 marker lifted from PGSC/DM v4.03 to DM v6.1 using minimap2 PAF cg:Z CIGAR	0.9948251835151471	60	ST4.03ch05	19247446
5	19193259	43.722	pPt-534855	ppt-534855	DArT_marker	cigar_liftover_v403_to_v61	TableS4 marker lifted from PGSC/DM v4.03 to DM v6.1 using minimap2 PAF cg:Z CIGAR	0.9948251835151471	60	ST4.03ch05	19247446
5	19193259	43.722	pPt-536975	ppt-536975	DArT_marker	cigar_liftover_v403_to_v61	TableS4 marker lifted from PGSC/DM v4.03 to DM v6.1 using minimap2 PAF cg:Z CIGAR	0.9948251835151471	60	ST4.03ch05	19247446
5	19193259	43.722	pPt-552511	ppt-552511	DArT_marker	cigar_liftover_v403_to_v61	TableS4 marker lifted from PGSC/DM v4.03 to DM v6.1 using minimap2 PAF cg:Z CIGAR	0.9948251835151471	60	ST4.03ch05	19247446
5	19193259	43.722	pPt-559477	ppt-559477	DArT_marker	cigar_liftover_v403_to_v61	TableS4 marker lifted from PGSC/DM v4.03 to DM v6.1 using minimap2 PAF cg:Z CIGAR	0.9948251835151471	60	ST4.03ch05	19247446
5	19193259	43.722	pPt-652211	ppt-652211	DArT_marker	cigar_liftover_v403_to_v61	TableS4 marker lifted from PGSC/DM v4.03 to DM v6.1 using minimap2 PAF cg:Z CIGAR	0.9948251835151471	60	ST4.03ch05	19247446
5	19193259	43.722	pPt-654510	ppt-654510	DArT_marker	cigar_liftover_v403_to_v61	TableS4 marker lifted from PGSC/DM v4.03 to DM v6.1 using minimap2 PAF cg:Z CIGAR	0.9948251835151471	60	ST4.03ch05	19247446
5	19193259	43.723	pPt-458498	ppt-458498	DArT_marker	cigar_liftover_v403_to_v61	TableS4 marker lifted from PGSC/DM v4.03 to DM v6.1 using minimap2 PAF cg:Z CIGAR	0.9948251835151471	60	ST4.03ch05	19247446
5	19193259	43.725	pPt-536484	ppt-536484	DArT_marker	cigar_liftover_v403_to_v61	TableS4 marker lifted from PGSC/DM v4.03 to DM v6.1 using minimap2 PAF cg:Z CIGAR	0.9948251835151471	60	ST4.03ch05	19247446
5	19193259	43.725	pPt-654394	ppt-654394	DArT_marker	cigar_liftover_v403_to_v61	TableS4 marker lifted from PGSC/DM v4.03 to DM v6.1 using minimap2 PAF cg:Z CIGAR	0.9948251835151471	60	ST4.03ch05	19247446
5	19583215	41.173	solcap_snp_c1_6338	solcap_snp_c1_6338	SNP	direct_spuddb_dm_v6_1	SolCAP SNP exact non-multimap position from SpudDB DM v6.1				
5	19645498	43.685	pPt-655798	ppt-655798	DArT_marker	cigar_liftover_v403_to_v61	TableS4 marker lifted from PGSC/DM v4.03 to DM v6.1 using minimap2 PAF cg:Z CIGAR	0.9978184991273996	60	ST4.03ch05	19686014
5	21950637	41.224	pPt-651016	ppt-651016	DArT_marker	cigar_liftover_v403_to_v61	TableS4 marker lifted from PGSC/DM v4.03 to DM v6.1 using minimap2 PAF cg:Z CIGAR	0.9864463133189908	60	ST4.03ch05	21979627
5	46558005	44.75	pPt-536003	ppt-536003	DArT_marker	cigar_liftover_v403_to_v61	TableS4 marker lifted from PGSC/DM v4.03 to DM v6.1 using minimap2 PAF cg:Z CIGAR	0.9833842473613604	60	ST4.03ch05	42991386
5	46558005	44.75	pPt-536421	ppt-536421	DArT_marker	cigar_liftover_v403_to_v61	TableS4 marker lifted from PGSC/DM v4.03 to DM v6.1 using minimap2 PAF cg:Z CIGAR	0.9833842473613604	60	ST4.03ch05	42991386
5	46558005	44.75	pPt-536717	ppt-536717	DArT_marker	cigar_liftover_v403_to_v61	TableS4 marker lifted from PGSC/DM v4.03 to DM v6.1 using minimap2 PAF cg:Z CIGAR	0.9833842473613604	60	ST4.03ch05	42991386
5	46729149	44.911	pPt-657402	ppt-657402	DArT_marker	cigar_liftover_v403_to_v61	TableS4 marker lifted from PGSC/DM v4.03 to DM v6.1 using minimap2 PAF cg:Z CIGAR	0.9996034630890224	60	ST4.03ch05	43162527
5	46729168	44.896	pPt-652574	ppt-652574	DArT_marker	cigar_liftover_v403_to_v61	TableS4 marker lifted from PGSC/DM v4.03 to DM v6.1 using minimap2 PAF cg:Z CIGAR	0.9996034630890224	60	ST4.03ch05	43162546
5	46729168	44.911	pPt-538805	ppt-538805	DArT_marker	cigar_liftover_v403_to_v61	TableS4 marker lifted from PGSC/DM v4.03 to DM v6.1 using minimap2 PAF cg:Z CIGAR	0.9996034630890224	60	ST4.03ch05	43162546
5	46729168	44.911	pPt-653203	ppt-653203	DArT_marker	cigar_liftover_v403_to_v61	TableS4 marker lifted from PGSC/DM v4.03 to DM v6.1 using minimap2 PAF cg:Z CIGAR	0.9996034630890224	60	ST4.03ch05	43162546
5	46729168	45.056	toPt-439005	topt-439005	DArT_marker	cigar_liftover_v403_to_v61	TableS4 marker lifted from PGSC/DM v4.03 to DM v6.1 using minimap2 PAF cg:Z CIGAR	0.9996034630890224	60	ST4.03ch05	43162546
5	46729168	45.168	toPt-439314	topt-439314	DArT_marker	cigar_liftover_v403_to_v61	TableS4 marker lifted from PGSC/DM v4.03 to DM v6.1 using minimap2 PAF cg:Z CIGAR	0.9996034630890224	60	ST4.03ch05	43162546
5	46729171	44.896	pPt-653617	ppt-653617	DArT_marker	cigar_liftover_v403_to_v61	TableS4 marker lifted from PGSC/DM v4.03 to DM v6.1 using minimap2 PAF cg:Z CIGAR	0.9996034630890224	60	ST4.03ch05	43162549
5	46885747	46.14	pPt-472679	ppt-472679	DArT_marker	cigar_liftover_v403_to_v61	TableS4 marker lifted from PGSC/DM v4.03 to DM v6.1 using minimap2 PAF cg:Z CIGAR	0.984460974118606	60	ST4.03ch05	43324577
5	48957667	48.95	toPt-437086	topt-437086	DArT_marker	cigar_liftover_v403_to_v61	TableS4 marker lifted from PGSC/DM v4.03 to DM v6.1 using minimap2 PAF cg:Z CIGAR	0.9912944073162152	60	ST4.03ch05	45527265
5	48957667	49.452	toPt-763812	topt-763812	DArT_marker	cigar_liftover_v403_to_v61	TableS4 marker lifted from PGSC/DM v4.03 to DM v6.1 using minimap2 PAF cg:Z CIGAR	0.9912944073162152	60	ST4.03ch05	45527265
5	49352371	48.365	pPt-654254	ppt-654254	DArT_marker	cigar_liftover_v403_to_v61	TableS4 marker lifted from PGSC/DM v4.03 to DM v6.1 using minimap2 PAF cg:Z CIGAR	0.9844037285671527	60	ST4.03ch05	45980819
5	49352371	48.379	pPt-656906	ppt-656906	DArT_marker	cigar_liftover_v403_to_v61	TableS4 marker lifted from PGSC/DM v4.03 to DM v6.1 using minimap2 PAF cg:Z CIGAR	0.9844037285671527	60	ST4.03ch05	45980819
5	49352371	48.379	pPt-656912	ppt-656912	DArT_marker	cigar_liftover_v403_to_v61	TableS4 marker lifted from PGSC/DM v4.03 to DM v6.1 using minimap2 PAF cg:Z CIGAR	0.9844037285671527	60	ST4.03ch05	45980819
5	51442454	52.096	STM5146	stm5146	repeat_region	cigar_liftover_v403_to_v61	TableS4 marker lifted from PGSC/DM v4.03 to DM v6.1 using minimap2 PAF cg:Z CIGAR	0.9921499314337956	60	ST4.03ch05	48231394
5	51470172	56.967	solcap_snp_c1_3413	solcap_snp_c1_3413	SNP	direct_spuddb_dm_v6_1	SolCAP SNP exact non-multimap position from SpudDB DM v6.1				
5	51816472	56.434	PM0333	pm0333	repeat_region	cigar_liftover_v403_to_v61	TableS4 marker lifted from PGSC/DM v4.03 to DM v6.1 using minimap2 PAF cg:Z CIGAR	0.9867422052645778	60	ST4.03ch05	48615328
5	52067622	56.012	pPt-458238	ppt-458238	DArT_marker	cigar_liftover_v403_to_v61	TableS4 marker lifted from PGSC/DM v4.03 to DM v6.1 using minimap2 PAF cg:Z CIGAR	0.9850717434447392	60	ST4.03ch05	48916982
5	52206315	55.528	solcap_snp_c1_12486	solcap_snp_c1_12486	SNP	direct_spuddb_dm_v6_1	SolCAP SNP exact non-multimap position from SpudDB DM v6.1				
5	52213095	58.059	pPt-457947	ppt-457947	DArT_marker	cigar_liftover_v403_to_v61	TableS4 marker lifted from PGSC/DM v4.03 to DM v6.1 using minimap2 PAF cg:Z CIGAR	0.977606840602057	60	ST4.03ch05	49096534
5	52213173	58.059	pPt-472014	ppt-472014	DArT_marker	cigar_liftover_v403_to_v61	TableS4 marker lifted from PGSC/DM v4.03 to DM v6.1 using minimap2 PAF cg:Z CIGAR	0.977606840602057	60	ST4.03ch05	49096612
5	52213173	58.059	pPt-472350	ppt-472350	DArT_marker	cigar_liftover_v403_to_v61	TableS4 marker lifted from PGSC/DM v4.03 to DM v6.1 using minimap2 PAF cg:Z CIGAR	0.977606840602057	60	ST4.03ch05	49096612
5	52213173	58.059	pPt-473087	ppt-473087	DArT_marker	cigar_liftover_v403_to_v61	TableS4 marker lifted from PGSC/DM v4.03 to DM v6.1 using minimap2 PAF cg:Z CIGAR	0.977606840602057	60	ST4.03ch05	49096612
5	54704835	63.803	toPt-438407	topt-438407	DArT_marker	cigar_liftover_v403_to_v61	TableS4 marker lifted from PGSC/DM v4.03 to DM v6.1 using minimap2 PAF cg:Z CIGAR	0.9847858881612782	60	ST4.03ch05	51530646
5	54704901	63.759	pPt-535674	ppt-535674	DArT_marker	cigar_liftover_v403_to_v61	TableS4 marker lifted from PGSC/DM v4.03 to DM v6.1 using minimap2 PAF cg:Z CIGAR	0.9847858881612782	60	ST4.03ch05	51530712
5	54704901	63.759	pPt-654505	ppt-654505	DArT_marker	cigar_liftover_v403_to_v61	TableS4 marker lifted from PGSC/DM v4.03 to DM v6.1 using minimap2 PAF cg:Z CIGAR	0.9847858881612782	60	ST4.03ch05	51530712
5	54704901	63.78	pPt-533813	ppt-533813	DArT_marker	cigar_liftover_v403_to_v61	TableS4 marker lifted from PGSC/DM v4.03 to DM v6.1 using minimap2 PAF cg:Z CIGAR	0.9847858881612782	60	ST4.03ch05	51530712
5	54704901	63.78	pPt-535984	ppt-535984	DArT_marker	cigar_liftover_v403_to_v61	TableS4 marker lifted from PGSC/DM v4.03 to DM v6.1 using minimap2 PAF cg:Z CIGAR	0.9847858881612782	60	ST4.03ch05	51530712
5	54704901	64.138	pPt-459311	ppt-459311	DArT_marker	cigar_liftover_v403_to_v61	TableS4 marker lifted from PGSC/DM v4.03 to DM v6.1 using minimap2 PAF cg:Z CIGAR	0.9847858881612782	60	ST4.03ch05	51530712
5	55169241	61.677	solcap_snp_c1_1199	solcap_snp_c1_1199	SNP	direct_spuddb_dm_v6_1	SolCAP SNP exact non-multimap position from SpudDB DM v6.1				
6	581390	0.539	MICRO.337.C1_891	micro.337.c1_891	match	cigar_liftover_v403_to_v61	TableS4 marker lifted from PGSC/DM v4.03 to DM v6.1 using minimap2 PAF cg:Z CIGAR	0.9933939433579698	60	ST4.03ch06	248018
6	657165	2.632	pPt-540411	ppt-540411	DArT_marker	cigar_liftover_v403_to_v61	TableS4 marker lifted from PGSC/DM v4.03 to DM v6.1 using minimap2 PAF cg:Z CIGAR	0.9909900637346106	60	ST4.03ch06	324847
6	952101	1.564	solcap_snp_c1_9246	solcap_snp_c1_9246	SNP	direct_spuddb_dm_v6_1	SolCAP SNP exact non-multimap position from SpudDB DM v6.1				
6	960035	2.392	toPt-441146	topt-441146	DArT_marker	cigar_liftover_v403_to_v61	TableS4 marker lifted from PGSC/DM v4.03 to DM v6.1 using minimap2 PAF cg:Z CIGAR	0.9756476432420188	60	ST4.03ch06	627537
6	1199195	4.255	pPt-654984	ppt-654984	DArT_marker	cigar_liftover_v403_to_v61	TableS4 marker lifted from PGSC/DM v4.03 to DM v6.1 using minimap2 PAF cg:Z CIGAR	0.9990714230441848	60	ST4.03ch06	916670
6	2349513	5.93	solcap_snp_c1_15546	solcap_snp_c1_15546	SNP	direct_spuddb_dm_v6_1	SolCAP SNP exact non-multimap position from SpudDB DM v6.1				
6	2429309	3.779	solcap_snp_c1_13631	solcap_snp_c1_13631	SNP	direct_spuddb_dm_v6_1	SolCAP SNP exact non-multimap position from SpudDB DM v6.1				
6	8768118	10.831	PM0439	pm0439	repeat_region	cigar_liftover_v403_to_v61	TableS4 marker lifted from PGSC/DM v4.03 to DM v6.1 using minimap2 PAF cg:Z CIGAR	0.9977831036548832	60	ST4.03ch06	8358269
6	15797597	14.488	PM0329	pm0329	repeat_region	cigar_liftover_v403_to_v61	TableS4 marker lifted from PGSC/DM v4.03 to DM v6.1 using minimap2 PAF cg:Z CIGAR	0.9941990219567428	60	ST4.03ch06	14382361
6	22311521	10.048	solcap_snp_c1_16621	solcap_snp_c1_16621	SNP	direct_spuddb_dm_v6_1	SolCAP SNP exact non-multimap position from SpudDB DM v6.1				
6	26740064	10.048	solcap_snp_c1_1574	solcap_snp_c1_1574	SNP	direct_spuddb_dm_v6_1	SolCAP SNP exact non-multimap position from SpudDB DM v6.1				
6	31440571	11.745	solcap_snp_c1_3690	solcap_snp_c1_3690	SNP	direct_spuddb_dm_v6_1	SolCAP SNP exact non-multimap position from SpudDB DM v6.1				
6	31603941	14.191	solcap_snp_c1_3692	solcap_snp_c1_3692	SNP	direct_spuddb_dm_v6_1	SolCAP SNP exact non-multimap position from SpudDB DM v6.1				
6	32505188	13.254	solcap_snp_c1_9854	solcap_snp_c1_9854	SNP	direct_spuddb_dm_v6_1	SolCAP SNP exact non-multimap position from SpudDB DM v6.1				
6	38373978	18.79	solcap_snp_c1_12691	solcap_snp_c1_12691	SNP	direct_spuddb_dm_v6_1	SolCAP SNP exact non-multimap position from SpudDB DM v6.1				
6	39565020	21.601	solcap_snp_c1_9977	solcap_snp_c1_9977	SNP	direct_spuddb_dm_v6_1	SolCAP SNP exact non-multimap position from SpudDB DM v6.1				
6	39650201	21.648	pPt-473740	ppt-473740	DArT_marker	cigar_liftover_v403_to_v61	TableS4 marker lifted from PGSC/DM v4.03 to DM v6.1 using minimap2 PAF cg:Z CIGAR	0.9902435550491384	60	ST4.03ch06	39214018
6	41307916	25.755	PM1285	pm1285	repeat_region	cigar_liftover_v403_to_v61	TableS4 marker lifted from PGSC/DM v4.03 to DM v6.1 using minimap2 PAF cg:Z CIGAR	0.9760084867937872	60	ST4.03ch06	40818973
6	43280390	26.692	solcap_snp_c1_12700	solcap_snp_c1_12700	SNP	direct_spuddb_dm_v6_1	SolCAP SNP exact non-multimap position from SpudDB DM v6.1				
6	44446174	28.379	pPt-657258	ppt-657258	DArT_marker	cigar_liftover_v403_to_v61	TableS4 marker lifted from PGSC/DM v4.03 to DM v6.1 using minimap2 PAF cg:Z CIGAR	0.9990211007178594	60	ST4.03ch06	44025020
6	44446174	28.386	pPt-651347	ppt-651347	DArT_marker	cigar_liftover_v403_to_v61	TableS4 marker lifted from PGSC/DM v4.03 to DM v6.1 using minimap2 PAF cg:Z CIGAR	0.9990211007178594	60	ST4.03ch06	44025020
6	44446174	28.386	pPt-653976	ppt-653976	DArT_marker	cigar_liftover_v403_to_v61	TableS4 marker lifted from PGSC/DM v4.03 to DM v6.1 using minimap2 PAF cg:Z CIGAR	0.9990211007178594	60	ST4.03ch06	44025020
6	46242956	33.377	PM0478	pm0478	repeat_region	cigar_liftover_v403_to_v61	TableS4 marker lifted from PGSC/DM v4.03 to DM v6.1 using minimap2 PAF cg:Z CIGAR	0.9896648702567158	60	ST4.03ch06	45968418
6	46359572	34.322	pPt-655645	ppt-655645	DArT_marker	cigar_liftover_v403_to_v61	TableS4 marker lifted from PGSC/DM v4.03 to DM v6.1 using minimap2 PAF cg:Z CIGAR	0.997234429459009	60	ST4.03ch06	46084367
6	46359578	34.293	toPt-440683	topt-440683	DArT_marker	cigar_liftover_v403_to_v61	TableS4 marker lifted from PGSC/DM v4.03 to DM v6.1 using minimap2 PAF cg:Z CIGAR	0.997234429459009	60	ST4.03ch06	46084373
6	46767211	34.322	pPt-651124	ppt-651124	DArT_marker	cigar_liftover_v403_to_v61	TableS4 marker lifted from PGSC/DM v4.03 to DM v6.1 using minimap2 PAF cg:Z CIGAR	0.9926550488992636	60	ST4.03ch06	46502580
6	46767211	34.322	toPt-438543	topt-438543	DArT_marker	cigar_liftover_v403_to_v61	TableS4 marker lifted from PGSC/DM v4.03 to DM v6.1 using minimap2 PAF cg:Z CIGAR	0.9926550488992636	60	ST4.03ch06	46502580
6	46767221	34.322	pPt-656865	ppt-656865	DArT_marker	cigar_liftover_v403_to_v61	TableS4 marker lifted from PGSC/DM v4.03 to DM v6.1 using minimap2 PAF cg:Z CIGAR	0.9926550488992636	60	ST4.03ch06	46502590
6	46953988	34.72	pPt-651721	ppt-651721	DArT_marker	cigar_liftover_v403_to_v61	TableS4 marker lifted from PGSC/DM v4.03 to DM v6.1 using minimap2 PAF cg:Z CIGAR	0.9730628533422016	60	ST4.03ch06	46692537
6	46953988	34.739	pPt-651404	ppt-651404	DArT_marker	cigar_liftover_v403_to_v61	TableS4 marker lifted from PGSC/DM v4.03 to DM v6.1 using minimap2 PAF cg:Z CIGAR	0.9730628533422016	60	ST4.03ch06	46692537
6	46953988	34.746	pPt-471837	ppt-471837	DArT_marker	cigar_liftover_v403_to_v61	TableS4 marker lifted from PGSC/DM v4.03 to DM v6.1 using minimap2 PAF cg:Z CIGAR	0.9730628533422016	60	ST4.03ch06	46692537
6	46953988	34.746	pPt-651120	ppt-651120	DArT_marker	cigar_liftover_v403_to_v61	TableS4 marker lifted from PGSC/DM v4.03 to DM v6.1 using minimap2 PAF cg:Z CIGAR	0.9730628533422016	60	ST4.03ch06	46692537
6	46953988	34.746	pPt-654185	ppt-654185	DArT_marker	cigar_liftover_v403_to_v61	TableS4 marker lifted from PGSC/DM v4.03 to DM v6.1 using minimap2 PAF cg:Z CIGAR	0.9730628533422016	60	ST4.03ch06	46692537
6	46953988	34.746	pPt-656001	ppt-656001	DArT_marker	cigar_liftover_v403_to_v61	TableS4 marker lifted from PGSC/DM v4.03 to DM v6.1 using minimap2 PAF cg:Z CIGAR	0.9730628533422016	60	ST4.03ch06	46692537
6	46953988	34.746	pPt-657025	ppt-657025	DArT_marker	cigar_liftover_v403_to_v61	TableS4 marker lifted from PGSC/DM v4.03 to DM v6.1 using minimap2 PAF cg:Z CIGAR	0.9730628533422016	60	ST4.03ch06	46692537
6	46953988	34.746	pPt-657043	ppt-657043	DArT_marker	cigar_liftover_v403_to_v61	TableS4 marker lifted from PGSC/DM v4.03 to DM v6.1 using minimap2 PAF cg:Z CIGAR	0.9730628533422016	60	ST4.03ch06	46692537
6	47466211	36.353	pPt-473454	ppt-473454	DArT_marker	cigar_liftover_v403_to_v61	TableS4 marker lifted from PGSC/DM v4.03 to DM v6.1 using minimap2 PAF cg:Z CIGAR	0.9961231962093474	60	ST4.03ch06	47254810
6	47661512	35.296	pPt-471807	ppt-471807	DArT_marker	cigar_liftover_v403_to_v61	TableS4 marker lifted from PGSC/DM v4.03 to DM v6.1 using minimap2 PAF cg:Z CIGAR	0.9873911379079338	60	ST4.03ch06	47437040
6	47755595	35.296	pPt-655304	ppt-655304	DArT_marker	cigar_liftover_v403_to_v61	TableS4 marker lifted from PGSC/DM v4.03 to DM v6.1 using minimap2 PAF cg:Z CIGAR	0.998724971666037	60	ST4.03ch06	47535374
6	47803974	35.302	pPt-539300	ppt-539300	DArT_marker	cigar_liftover_v403_to_v61	TableS4 marker lifted from PGSC/DM v4.03 to DM v6.1 using minimap2 PAF cg:Z CIGAR	0.9869911539847096	60	ST4.03ch06	47592582
6	47803974	35.378	pPt-654814	ppt-654814	DArT_marker	cigar_liftover_v403_to_v61	TableS4 marker lifted from PGSC/DM v4.03 to DM v6.1 using minimap2 PAF cg:Z CIGAR	0.9869911539847096	60	ST4.03ch06	47592582
6	48711146	38.833	solcap_snp_c1_15368	solcap_snp_c1_15368	SNP	direct_spuddb_dm_v6_1	SolCAP SNP exact non-multimap position from SpudDB DM v6.1				
6	48910377	39.705	solcap_snp_c1_9450	solcap_snp_c1_9450	SNP	direct_spuddb_dm_v6_1	SolCAP SNP exact non-multimap position from SpudDB DM v6.1				
6	49075146	41.998	solcap_snp_c1_14891	solcap_snp_c1_14891	SNP	direct_spuddb_dm_v6_1	SolCAP SNP exact non-multimap position from SpudDB DM v6.1				
6	49254652	41.191	pPt-536932	ppt-536932	DArT_marker	cigar_liftover_v403_to_v61	TableS4 marker lifted from PGSC/DM v4.03 to DM v6.1 using minimap2 PAF cg:Z CIGAR	0.955106456212814	60	ST4.03ch06	48984490
6	49254652	41.565	pPt-552581	ppt-552581	DArT_marker	cigar_liftover_v403_to_v61	TableS4 marker lifted from PGSC/DM v4.03 to DM v6.1 using minimap2 PAF cg:Z CIGAR	0.955106456212814	60	ST4.03ch06	48984490
6	49705566	45.148	solcap_snp_c1_10650	solcap_snp_c1_10650	SNP	direct_spuddb_dm_v6_1	SolCAP SNP exact non-multimap position from SpudDB DM v6.1				
6	50154057	47.364	MICRO.2094.C3_1290	micro.2094.c3_1290	match	cigar_liftover_v403_to_v61	TableS4 marker lifted from PGSC/DM v4.03 to DM v6.1 using minimap2 PAF cg:Z CIGAR	0.9998370273794004	60	ST4.03ch06	49873867
6	50445762	47.03	solcap_snp_c1_2059	solcap_snp_c1_2059	SNP	direct_spuddb_dm_v6_1	SolCAP SNP exact non-multimap position from SpudDB DM v6.1				
6	50917006	49.367	solcap_snp_c1_2104	solcap_snp_c1_2104	SNP	direct_spuddb_dm_v6_1	SolCAP SNP exact non-multimap position from SpudDB DM v6.1				
6	51088498	49.809	STM5126	stm5126	repeat_region	cigar_liftover_v403_to_v61	TableS4 marker lifted from PGSC/DM v4.03 to DM v6.1 using minimap2 PAF cg:Z CIGAR	0.994016428880242	60	ST4.03ch06	50922761
6	51115427	49.89	pPt-473107	ppt-473107	DArT_marker	cigar_liftover_v403_to_v61	TableS4 marker lifted from PGSC/DM v4.03 to DM v6.1 using minimap2 PAF cg:Z CIGAR	0.994016428880242	60	ST4.03ch06	50950217
6	51115427	49.898	pPt-459221	ppt-459221	DArT_marker	cigar_liftover_v403_to_v61	TableS4 marker lifted from PGSC/DM v4.03 to DM v6.1 using minimap2 PAF cg:Z CIGAR	0.994016428880242	60	ST4.03ch06	50950217
6	51115427	49.898	pPt-538089	ppt-538089	DArT_marker	cigar_liftover_v403_to_v61	TableS4 marker lifted from PGSC/DM v4.03 to DM v6.1 using minimap2 PAF cg:Z CIGAR	0.994016428880242	60	ST4.03ch06	50950217
6	51115427	49.898	pPt-540407	ppt-540407	DArT_marker	cigar_liftover_v403_to_v61	TableS4 marker lifted from PGSC/DM v4.03 to DM v6.1 using minimap2 PAF cg:Z CIGAR	0.994016428880242	60	ST4.03ch06	50950217
6	51115427	49.918	pPt-458137	ppt-458137	DArT_marker	cigar_liftover_v403_to_v61	TableS4 marker lifted from PGSC/DM v4.03 to DM v6.1 using minimap2 PAF cg:Z CIGAR	0.994016428880242	60	ST4.03ch06	50950217
6	52334463	53.795	solcap_snp_c1_2967	solcap_snp_c1_2967	SNP	direct_spuddb_dm_v6_1	SolCAP SNP exact non-multimap position from SpudDB DM v6.1				
6	52623052	56.733	solcap_snp_c1_3007	solcap_snp_c1_3007	SNP	direct_spuddb_dm_v6_1	SolCAP SNP exact non-multimap position from SpudDB DM v6.1				
6	52789918	56.51	pPt-538867	ppt-538867	DArT_marker	cigar_liftover_v403_to_v61	TableS4 marker lifted from PGSC/DM v4.03 to DM v6.1 using minimap2 PAF cg:Z CIGAR	0.9948058822556366	60	ST4.03ch06	52703398
6	52789918	56.512	pPt-458846	ppt-458846	DArT_marker	cigar_liftover_v403_to_v61	TableS4 marker lifted from PGSC/DM v4.03 to DM v6.1 using minimap2 PAF cg:Z CIGAR	0.9948058822556366	60	ST4.03ch06	52703398
6	52789918	56.512	pPt-459086	ppt-459086	DArT_marker	cigar_liftover_v403_to_v61	TableS4 marker lifted from PGSC/DM v4.03 to DM v6.1 using minimap2 PAF cg:Z CIGAR	0.9948058822556366	60	ST4.03ch06	52703398
6	52789918	56.512	pPt-473709	ppt-473709	DArT_marker	cigar_liftover_v403_to_v61	TableS4 marker lifted from PGSC/DM v4.03 to DM v6.1 using minimap2 PAF cg:Z CIGAR	0.9948058822556366	60	ST4.03ch06	52703398
6	52789918	56.512	pPt-653729	ppt-653729	DArT_marker	cigar_liftover_v403_to_v61	TableS4 marker lifted from PGSC/DM v4.03 to DM v6.1 using minimap2 PAF cg:Z CIGAR	0.9948058822556366	60	ST4.03ch06	52703398
6	52789918	56.512	pPt-654150	ppt-654150	DArT_marker	cigar_liftover_v403_to_v61	TableS4 marker lifted from PGSC/DM v4.03 to DM v6.1 using minimap2 PAF cg:Z CIGAR	0.9948058822556366	60	ST4.03ch06	52703398
6	52789918	56.512	toPt-437027	topt-437027	DArT_marker	cigar_liftover_v403_to_v61	TableS4 marker lifted from PGSC/DM v4.03 to DM v6.1 using minimap2 PAF cg:Z CIGAR	0.9948058822556366	60	ST4.03ch06	52703398
6	52789918	56.512	toPt-438329	topt-438329	DArT_marker	cigar_liftover_v403_to_v61	TableS4 marker lifted from PGSC/DM v4.03 to DM v6.1 using minimap2 PAF cg:Z CIGAR	0.9948058822556366	60	ST4.03ch06	52703398
6	52789918	56.512	toPt-438646	topt-438646	DArT_marker	cigar_liftover_v403_to_v61	TableS4 marker lifted from PGSC/DM v4.03 to DM v6.1 using minimap2 PAF cg:Z CIGAR	0.9948058822556366	60	ST4.03ch06	52703398
6	52789918	56.512	toPt-440708	topt-440708	DArT_marker	cigar_liftover_v403_to_v61	TableS4 marker lifted from PGSC/DM v4.03 to DM v6.1 using minimap2 PAF cg:Z CIGAR	0.9948058822556366	60	ST4.03ch06	52703398
6	52789918	56.512	toPt-763712	topt-763712	DArT_marker	cigar_liftover_v403_to_v61	TableS4 marker lifted from PGSC/DM v4.03 to DM v6.1 using minimap2 PAF cg:Z CIGAR	0.9948058822556366	60	ST4.03ch06	52703398
6	52789918	56.526	toPt-439265	topt-439265	DArT_marker	cigar_liftover_v403_to_v61	TableS4 marker lifted from PGSC/DM v4.03 to DM v6.1 using minimap2 PAF cg:Z CIGAR	0.9948058822556366	60	ST4.03ch06	52703398
6	52789918	56.589	pPt-559453	ppt-559453	DArT_marker	cigar_liftover_v403_to_v61	TableS4 marker lifted from PGSC/DM v4.03 to DM v6.1 using minimap2 PAF cg:Z CIGAR	0.9948058822556366	60	ST4.03ch06	52703398
6	52789918	56.589	pPt-651425	ppt-651425	DArT_marker	cigar_liftover_v403_to_v61	TableS4 marker lifted from PGSC/DM v4.03 to DM v6.1 using minimap2 PAF cg:Z CIGAR	0.9948058822556366	60	ST4.03ch06	52703398
6	52789918	56.589	pPt-653760	ppt-653760	DArT_marker	cigar_liftover_v403_to_v61	TableS4 marker lifted from PGSC/DM v4.03 to DM v6.1 using minimap2 PAF cg:Z CIGAR	0.9948058822556366	60	ST4.03ch06	52703398
6	52789918	56.589	pPt-657084	ppt-657084	DArT_marker	cigar_liftover_v403_to_v61	TableS4 marker lifted from PGSC/DM v4.03 to DM v6.1 using minimap2 PAF cg:Z CIGAR	0.9948058822556366	60	ST4.03ch06	52703398
6	52789918	56.589	toPt-437684	topt-437684	DArT_marker	cigar_liftover_v403_to_v61	TableS4 marker lifted from PGSC/DM v4.03 to DM v6.1 using minimap2 PAF cg:Z CIGAR	0.9948058822556366	60	ST4.03ch06	52703398
6	52789918	56.589	toPt-763665	topt-763665	DArT_marker	cigar_liftover_v403_to_v61	TableS4 marker lifted from PGSC/DM v4.03 to DM v6.1 using minimap2 PAF cg:Z CIGAR	0.9948058822556366	60	ST4.03ch06	52703398
6	52789918	56.83	pPt-654313	ppt-654313	DArT_marker	cigar_liftover_v403_to_v61	TableS4 marker lifted from PGSC/DM v4.03 to DM v6.1 using minimap2 PAF cg:Z CIGAR	0.9948058822556366	60	ST4.03ch06	52703398
6	52789918	56.872	toPt-763680	topt-763680	DArT_marker	cigar_liftover_v403_to_v61	TableS4 marker lifted from PGSC/DM v4.03 to DM v6.1 using minimap2 PAF cg:Z CIGAR	0.9948058822556366	60	ST4.03ch06	52703398
6	52789918	56.872	toPt-763749	topt-763749	DArT_marker	cigar_liftover_v403_to_v61	TableS4 marker lifted from PGSC/DM v4.03 to DM v6.1 using minimap2 PAF cg:Z CIGAR	0.9948058822556366	60	ST4.03ch06	52703398
6	52818057	56.512	pPt-537569	ppt-537569	DArT_marker	cigar_liftover_v403_to_v61	TableS4 marker lifted from PGSC/DM v4.03 to DM v6.1 using minimap2 PAF cg:Z CIGAR	0.9894450911913076	60	ST4.03ch06	52731373
6	52818160	56.512	pPt-457208	ppt-457208	DArT_marker	cigar_liftover_v403_to_v61	TableS4 marker lifted from PGSC/DM v4.03 to DM v6.1 using minimap2 PAF cg:Z CIGAR	0.9894450911913076	60	ST4.03ch06	52731476
6	52818160	56.512	pPt-458203	ppt-458203	DArT_marker	cigar_liftover_v403_to_v61	TableS4 marker lifted from PGSC/DM v4.03 to DM v6.1 using minimap2 PAF cg:Z CIGAR	0.9894450911913076	60	ST4.03ch06	52731476
6	52818160	56.512	pPt-473415	ppt-473415	DArT_marker	cigar_liftover_v403_to_v61	TableS4 marker lifted from PGSC/DM v4.03 to DM v6.1 using minimap2 PAF cg:Z CIGAR	0.9894450911913076	60	ST4.03ch06	52731476
6	52818160	56.512	pPt-537371	ppt-537371	DArT_marker	cigar_liftover_v403_to_v61	TableS4 marker lifted from PGSC/DM v4.03 to DM v6.1 using minimap2 PAF cg:Z CIGAR	0.9894450911913076	60	ST4.03ch06	52731476
6	52818160	56.512	pPt-656870	ppt-656870	DArT_marker	cigar_liftover_v403_to_v61	TableS4 marker lifted from PGSC/DM v4.03 to DM v6.1 using minimap2 PAF cg:Z CIGAR	0.9894450911913076	60	ST4.03ch06	52731476
6	52818160	56.52	pPt-650815	ppt-650815	DArT_marker	cigar_liftover_v403_to_v61	TableS4 marker lifted from PGSC/DM v4.03 to DM v6.1 using minimap2 PAF cg:Z CIGAR	0.9894450911913076	60	ST4.03ch06	52731476
6	52818160	57.181	pPt-473433	ppt-473433	DArT_marker	cigar_liftover_v403_to_v61	TableS4 marker lifted from PGSC/DM v4.03 to DM v6.1 using minimap2 PAF cg:Z CIGAR	0.9894450911913076	60	ST4.03ch06	52731476
6	52818203	56.512	pPt-552171	ppt-552171	DArT_marker	cigar_liftover_v403_to_v61	TableS4 marker lifted from PGSC/DM v4.03 to DM v6.1 using minimap2 PAF cg:Z CIGAR	0.9894450911913076	60	ST4.03ch06	52731519
6	52818378	56.512	pPt-537345	ppt-537345	DArT_marker	cigar_liftover_v403_to_v61	TableS4 marker lifted from PGSC/DM v4.03 to DM v6.1 using minimap2 PAF cg:Z CIGAR	0.9894450911913076	60	ST4.03ch06	52731694
6	52818378	56.52	pPt-537183	ppt-537183	DArT_marker	cigar_liftover_v403_to_v61	TableS4 marker lifted from PGSC/DM v4.03 to DM v6.1 using minimap2 PAF cg:Z CIGAR	0.9894450911913076	60	ST4.03ch06	52731694
6	52936397	55.805	pPt-474058	ppt-474058	DArT_marker	cigar_liftover_v403_to_v61	TableS4 marker lifted from PGSC/DM v4.03 to DM v6.1 using minimap2 PAF cg:Z CIGAR	0.9960139826956232	60	ST4.03ch06	52851597
6	52936397	55.817	pPt-539079	ppt-539079	DArT_marker	cigar_liftover_v403_to_v61	TableS4 marker lifted from PGSC/DM v4.03 to DM v6.1 using minimap2 PAF cg:Z CIGAR	0.9960139826956232	60	ST4.03ch06	52851597
6	52936397	55.826	pPt-558943	ppt-558943	DArT_marker	cigar_liftover_v403_to_v61	TableS4 marker lifted from PGSC/DM v4.03 to DM v6.1 using minimap2 PAF cg:Z CIGAR	0.9960139826956232	60	ST4.03ch06	52851597
6	52936397	55.826	pPt-655315	ppt-655315	DArT_marker	cigar_liftover_v403_to_v61	TableS4 marker lifted from PGSC/DM v4.03 to DM v6.1 using minimap2 PAF cg:Z CIGAR	0.9960139826956232	60	ST4.03ch06	52851597
6	53214964	59.125	pPt-472490	ppt-472490	DArT_marker	cigar_liftover_v403_to_v61	TableS4 marker lifted from PGSC/DM v4.03 to DM v6.1 using minimap2 PAF cg:Z CIGAR	0.9814142587483664	60	ST4.03ch06	53136056
6	53508393	58.876	pPt-655572	ppt-655572	DArT_marker	cigar_liftover_v403_to_v61	TableS4 marker lifted from PGSC/DM v4.03 to DM v6.1 using minimap2 PAF cg:Z CIGAR	0.9795235463866888	60	ST4.03ch06	53436908
6	53508393	58.876	pPt-656391	ppt-656391	DArT_marker	cigar_liftover_v403_to_v61	TableS4 marker lifted from PGSC/DM v4.03 to DM v6.1 using minimap2 PAF cg:Z CIGAR	0.9795235463866888	60	ST4.03ch06	53436908
6	53508393	58.876	toPt-437058	topt-437058	DArT_marker	cigar_liftover_v403_to_v61	TableS4 marker lifted from PGSC/DM v4.03 to DM v6.1 using minimap2 PAF cg:Z CIGAR	0.9795235463866888	60	ST4.03ch06	53436908
6	53705309	57.158	pPt-653838	ppt-653838	DArT_marker	cigar_liftover_v403_to_v61	TableS4 marker lifted from PGSC/DM v4.03 to DM v6.1 using minimap2 PAF cg:Z CIGAR	0.9970608981895132	60	ST4.03ch06	53635577
6	53705309	57.158	pPt-656749	ppt-656749	DArT_marker	cigar_liftover_v403_to_v61	TableS4 marker lifted from PGSC/DM v4.03 to DM v6.1 using minimap2 PAF cg:Z CIGAR	0.9970608981895132	60	ST4.03ch06	53635577
6	54427947	59.255	pPt-538623	ppt-538623	DArT_marker	cigar_liftover_v403_to_v61	TableS4 marker lifted from PGSC/DM v4.03 to DM v6.1 using minimap2 PAF cg:Z CIGAR	0.9805634556359644	60	ST4.03ch06	54449852
6	54428164	59.255	toPt-438314	topt-438314	DArT_marker	cigar_liftover_v403_to_v61	TableS4 marker lifted from PGSC/DM v4.03 to DM v6.1 using minimap2 PAF cg:Z CIGAR	0.9805634556359644	60	ST4.03ch06	54450069
6	54428164	59.255	toPt-440510	topt-440510	DArT_marker	cigar_liftover_v403_to_v61	TableS4 marker lifted from PGSC/DM v4.03 to DM v6.1 using minimap2 PAF cg:Z CIGAR	0.9805634556359644	60	ST4.03ch06	54450069
6	54428165	59.274	toPt-437131	topt-437131	DArT_marker	cigar_liftover_v403_to_v61	TableS4 marker lifted from PGSC/DM v4.03 to DM v6.1 using minimap2 PAF cg:Z CIGAR	0.9805634556359644	60	ST4.03ch06	54450070
6	54454794	59.255	pPt-471879	ppt-471879	DArT_marker	cigar_liftover_v403_to_v61	TableS4 marker lifted from PGSC/DM v4.03 to DM v6.1 using minimap2 PAF cg:Z CIGAR	0.9805634556359644	60	ST4.03ch06	54476994
6	54454794	59.255	pPt-533617	ppt-533617	DArT_marker	cigar_liftover_v403_to_v61	TableS4 marker lifted from PGSC/DM v4.03 to DM v6.1 using minimap2 PAF cg:Z CIGAR	0.9805634556359644	60	ST4.03ch06	54476994
6	54454794	59.255	pPt-653319	ppt-653319	DArT_marker	cigar_liftover_v403_to_v61	TableS4 marker lifted from PGSC/DM v4.03 to DM v6.1 using minimap2 PAF cg:Z CIGAR	0.9805634556359644	60	ST4.03ch06	54476994
6	54680829	62.481	solcap_snp_c1_7681	solcap_snp_c1_7681	SNP	direct_spuddb_dm_v6_1	SolCAP SNP exact non-multimap position from SpudDB DM v6.1				
6	54781274	62.205	solcap_snp_c1_7690	solcap_snp_c1_7690	SNP	direct_spuddb_dm_v6_1	SolCAP SNP exact non-multimap position from SpudDB DM v6.1				
6	56414140	64.186	solcap_snp_c1_8659	solcap_snp_c1_8659	SNP	direct_spuddb_dm_v6_1	SolCAP SNP exact non-multimap position from SpudDB DM v6.1				
6	56675891	65.315	solcap_snp_c1_14917	solcap_snp_c1_14917	SNP	direct_spuddb_dm_v6_1	SolCAP SNP exact non-multimap position from SpudDB DM v6.1				
6	56749446	65.401	solcap_snp_c1_14920	solcap_snp_c1_14920	SNP	direct_spuddb_dm_v6_1	SolCAP SNP exact non-multimap position from SpudDB DM v6.1				
6	56910485	65.312	solcap_snp_c1_14796	solcap_snp_c1_14796	SNP	direct_spuddb_dm_v6_1	SolCAP SNP exact non-multimap position from SpudDB DM v6.1				
6	56970498	65.335	solcap_snp_c1_12101	solcap_snp_c1_12101	SNP	direct_spuddb_dm_v6_1	SolCAP SNP exact non-multimap position from SpudDB DM v6.1				
6	57097701	65.327	solcap_snp_c1_12088	solcap_snp_c1_12088	SNP	direct_spuddb_dm_v6_1	SolCAP SNP exact non-multimap position from SpudDB DM v6.1				
6	57334590	65.943	solcap_snp_c1_3074	solcap_snp_c1_3074	SNP	direct_spuddb_dm_v6_1	SolCAP SNP exact non-multimap position from SpudDB DM v6.1				
6	57561751	69.041	solcap_snp_c1_3130	solcap_snp_c1_3130	SNP	direct_spuddb_dm_v6_1	SolCAP SNP exact non-multimap position from SpudDB DM v6.1				
6	57940708	67.158	pPt-654600	ppt-654600	DArT_marker	cigar_liftover_v403_to_v61	TableS4 marker lifted from PGSC/DM v4.03 to DM v6.1 using minimap2 PAF cg:Z CIGAR	0.9839363409267624	60	ST4.03ch06	58295377
6	57940757	67.33	pPt-536324	ppt-536324	DArT_marker	cigar_liftover_v403_to_v61	TableS4 marker lifted from PGSC/DM v4.03 to DM v6.1 using minimap2 PAF cg:Z CIGAR	0.9839363409267624	60	ST4.03ch06	58295426
6	57940757	67.357	pPt-656983	ppt-656983	DArT_marker	cigar_liftover_v403_to_v61	TableS4 marker lifted from PGSC/DM v4.03 to DM v6.1 using minimap2 PAF cg:Z CIGAR	0.9839363409267624	60	ST4.03ch06	58295426
6	57940757	67.499	pPt-654787	ppt-654787	DArT_marker	cigar_liftover_v403_to_v61	TableS4 marker lifted from PGSC/DM v4.03 to DM v6.1 using minimap2 PAF cg:Z CIGAR	0.9839363409267624	60	ST4.03ch06	58295426
6	57940757	67.615	pPt-651850	ppt-651850	DArT_marker	cigar_liftover_v403_to_v61	TableS4 marker lifted from PGSC/DM v4.03 to DM v6.1 using minimap2 PAF cg:Z CIGAR	0.9839363409267624	60	ST4.03ch06	58295426
6	57940757	67.624	pPt-653243	ppt-653243	DArT_marker	cigar_liftover_v403_to_v61	TableS4 marker lifted from PGSC/DM v4.03 to DM v6.1 using minimap2 PAF cg:Z CIGAR	0.9839363409267624	60	ST4.03ch06	58295426
6	57940757	67.631	pPt-653219	ppt-653219	DArT_marker	cigar_liftover_v403_to_v61	TableS4 marker lifted from PGSC/DM v4.03 to DM v6.1 using minimap2 PAF cg:Z CIGAR	0.9839363409267624	60	ST4.03ch06	58295426
6	57940757	67.773	pPt-472810	ppt-472810	DArT_marker	cigar_liftover_v403_to_v61	TableS4 marker lifted from PGSC/DM v4.03 to DM v6.1 using minimap2 PAF cg:Z CIGAR	0.9839363409267624	60	ST4.03ch06	58295426
6	57940757	67.781	pPt-534883	ppt-534883	DArT_marker	cigar_liftover_v403_to_v61	TableS4 marker lifted from PGSC/DM v4.03 to DM v6.1 using minimap2 PAF cg:Z CIGAR	0.9839363409267624	60	ST4.03ch06	58295426
6	57940757	67.781	pPt-534969	ppt-534969	DArT_marker	cigar_liftover_v403_to_v61	TableS4 marker lifted from PGSC/DM v4.03 to DM v6.1 using minimap2 PAF cg:Z CIGAR	0.9839363409267624	60	ST4.03ch06	58295426
6	57940757	68.307	pPt-536159	ppt-536159	DArT_marker	cigar_liftover_v403_to_v61	TableS4 marker lifted from PGSC/DM v4.03 to DM v6.1 using minimap2 PAF cg:Z CIGAR	0.9839363409267624	60	ST4.03ch06	58295426
6	57940757	68.584	pPt-652880	ppt-652880	DArT_marker	cigar_liftover_v403_to_v61	TableS4 marker lifted from PGSC/DM v4.03 to DM v6.1 using minimap2 PAF cg:Z CIGAR	0.9839363409267624	60	ST4.03ch06	58295426
6	57940764	68.338	pPt-651057	ppt-651057	DArT_marker	cigar_liftover_v403_to_v61	TableS4 marker lifted from PGSC/DM v4.03 to DM v6.1 using minimap2 PAF cg:Z CIGAR	0.9839363409267624	60	ST4.03ch06	58295433
6	58017580	70.516	solcap_snp_c1_3091	solcap_snp_c1_3091	SNP	direct_spuddb_dm_v6_1	SolCAP SNP exact non-multimap position from SpudDB DM v6.1				
7	687291	2.659	solcap_snp_c1_13671	solcap_snp_c1_13671	SNP	direct_spuddb_dm_v6_1	SolCAP SNP exact non-multimap position from SpudDB DM v6.1				
7	707517	0.0	solcap_snp_c1_11523	solcap_snp_c1_11523	SNP	direct_spuddb_dm_v6_1	SolCAP SNP exact non-multimap position from SpudDB DM v6.1				
7	1777118	2.985	pPt-457784	ppt-457784	DArT_marker	cigar_liftover_v403_to_v61	TableS4 marker lifted from PGSC/DM v4.03 to DM v6.1 using minimap2 PAF cg:Z CIGAR	0.9934534311449532	60	ST4.03ch07	1718451
7	1964588	3.231	solcap_snp_c1_13563	solcap_snp_c1_13563	SNP	direct_spuddb_dm_v6_1	SolCAP SNP exact non-multimap position from SpudDB DM v6.1				
7	2550535	4.562	solcap_snp_c1_8163	solcap_snp_c1_8163	SNP	direct_spuddb_dm_v6_1	SolCAP SNP exact non-multimap position from SpudDB DM v6.1				
7	3303107	9.087	solcap_snp_c1_10959	solcap_snp_c1_10959	SNP	direct_spuddb_dm_v6_1	SolCAP SNP exact non-multimap position from SpudDB DM v6.1				
7	3407150	8.738	solcap_snp_c1_10985	solcap_snp_c1_10985	SNP	direct_spuddb_dm_v6_1	SolCAP SNP exact non-multimap position from SpudDB DM v6.1				
7	3960282	8.714	solcap_snp_c1_13776	solcap_snp_c1_13776	SNP	direct_spuddb_dm_v6_1	SolCAP SNP exact non-multimap position from SpudDB DM v6.1				
7	6096223	11.434	solcap_snp_c1_11935	solcap_snp_c1_11935	SNP	direct_spuddb_dm_v6_1	SolCAP SNP exact non-multimap position from SpudDB DM v6.1				
7	6982491	12.249	pPt-471502	ppt-471502	DArT_marker	cigar_liftover_v403_to_v61	TableS4 marker lifted from PGSC/DM v4.03 to DM v6.1 using minimap2 PAF cg:Z CIGAR	0.9963797734438864	60	ST4.03ch07	7459119
7	36788141	17.964	solcap_snp_c1_2672	solcap_snp_c1_2672	SNP	direct_spuddb_dm_v6_1	SolCAP SNP exact non-multimap position from SpudDB DM v6.1				
7	37737782	17.66	solcap_snp_c1_513	solcap_snp_c1_513	SNP	direct_spuddb_dm_v6_1	SolCAP SNP exact non-multimap position from SpudDB DM v6.1				
7	38834428	17.656	solcap_snp_c1_480	solcap_snp_c1_480	SNP	direct_spuddb_dm_v6_1	SolCAP SNP exact non-multimap position from SpudDB DM v6.1				
7	39206389	18.719	solcap_snp_c1_499	solcap_snp_c1_499	SNP	direct_spuddb_dm_v6_1	SolCAP SNP exact non-multimap position from SpudDB DM v6.1				
7	40163523	18.989	PM0062	pm0062	repeat_region	cigar_liftover_v403_to_v61	TableS4 marker lifted from PGSC/DM v4.03 to DM v6.1 using minimap2 PAF cg:Z CIGAR	0.9948981926332648	60	ST4.03ch07	38142767
7	40931544	20.081	solcap_snp_c1_1547	solcap_snp_c1_1547	SNP	direct_spuddb_dm_v6_1	SolCAP SNP exact non-multimap position from SpudDB DM v6.1				
7	41802263	20.061	solcap_snp_c1_15703	solcap_snp_c1_15703	SNP	direct_spuddb_dm_v6_1	SolCAP SNP exact non-multimap position from SpudDB DM v6.1				
7	42043713	21.168	pPt-473141	ppt-473141	DArT_marker	cigar_liftover_v403_to_v61	TableS4 marker lifted from PGSC/DM v4.03 to DM v6.1 using minimap2 PAF cg:Z CIGAR	0.9758131609281812	60	ST4.03ch07	40259394
7	42043713	21.54	pPt-471799	ppt-471799	DArT_marker	cigar_liftover_v403_to_v61	TableS4 marker lifted from PGSC/DM v4.03 to DM v6.1 using minimap2 PAF cg:Z CIGAR	0.9758131609281812	60	ST4.03ch07	40259394
7	42363903	22.057	PM0378	pm0378	repeat_region	cigar_liftover_v403_to_v61	TableS4 marker lifted from PGSC/DM v4.03 to DM v6.1 using minimap2 PAF cg:Z CIGAR	0.989376443418014	60	ST4.03ch07	40580606
7	42776916	23.593	pPt-471395	ppt-471395	DArT_marker	cigar_liftover_v403_to_v61	TableS4 marker lifted from PGSC/DM v4.03 to DM v6.1 using minimap2 PAF cg:Z CIGAR	0.995050570260383	60	ST4.03ch07	40995318
7	42776916	23.599	pPt-655523	ppt-655523	DArT_marker	cigar_liftover_v403_to_v61	TableS4 marker lifted from PGSC/DM v4.03 to DM v6.1 using minimap2 PAF cg:Z CIGAR	0.995050570260383	60	ST4.03ch07	40995318
7	42776916	23.637	pPt-651645	ppt-651645	DArT_marker	cigar_liftover_v403_to_v61	TableS4 marker lifted from PGSC/DM v4.03 to DM v6.1 using minimap2 PAF cg:Z CIGAR	0.995050570260383	60	ST4.03ch07	40995318
7	42805703	23.718	solcap_snp_c1_3157	solcap_snp_c1_3157	SNP	direct_spuddb_dm_v6_1	SolCAP SNP exact non-multimap position from SpudDB DM v6.1				
7	42816299	23.737	pPt-470983	ppt-470983	DArT_marker	cigar_liftover_v403_to_v61	TableS4 marker lifted from PGSC/DM v4.03 to DM v6.1 using minimap2 PAF cg:Z CIGAR	0.995050570260383	60	ST4.03ch07	41035207
7	42816299	23.737	pPt-536523	ppt-536523	DArT_marker	cigar_liftover_v403_to_v61	TableS4 marker lifted from PGSC/DM v4.03 to DM v6.1 using minimap2 PAF cg:Z CIGAR	0.995050570260383	60	ST4.03ch07	41035207
7	42816299	23.737	pPt-536765	ppt-536765	DArT_marker	cigar_liftover_v403_to_v61	TableS4 marker lifted from PGSC/DM v4.03 to DM v6.1 using minimap2 PAF cg:Z CIGAR	0.995050570260383	60	ST4.03ch07	41035207
7	42816299	23.743	pPt-653377	ppt-653377	DArT_marker	cigar_liftover_v403_to_v61	TableS4 marker lifted from PGSC/DM v4.03 to DM v6.1 using minimap2 PAF cg:Z CIGAR	0.995050570260383	60	ST4.03ch07	41035207
7	42816299	23.753	pPt-471145	ppt-471145	DArT_marker	cigar_liftover_v403_to_v61	TableS4 marker lifted from PGSC/DM v4.03 to DM v6.1 using minimap2 PAF cg:Z CIGAR	0.995050570260383	60	ST4.03ch07	41035207
7	42816299	23.806	pPt-654638	ppt-654638	DArT_marker	cigar_liftover_v403_to_v61	TableS4 marker lifted from PGSC/DM v4.03 to DM v6.1 using minimap2 PAF cg:Z CIGAR	0.995050570260383	60	ST4.03ch07	41035207
7	42905909	21.748	pPt-650032	ppt-650032	DArT_marker	cigar_liftover_v403_to_v61	TableS4 marker lifted from PGSC/DM v4.03 to DM v6.1 using minimap2 PAF cg:Z CIGAR	0.9914876138407716	60	ST4.03ch07	41125545
7	42924498	24.555	solcap_snp_c1_3164	solcap_snp_c1_3164	SNP	direct_spuddb_dm_v6_1	SolCAP SNP exact non-multimap position from SpudDB DM v6.1				
7	43259765	25.019	solcap_snp_c1_14131	solcap_snp_c1_14131	SNP	direct_spuddb_dm_v6_1	SolCAP SNP exact non-multimap position from SpudDB DM v6.1				
7	43596257	26.686	solcap_snp_c1_7505	solcap_snp_c1_7505	SNP	direct_spuddb_dm_v6_1	SolCAP SNP exact non-multimap position from SpudDB DM v6.1				
7	43818233	26.662	PM1300	pm1300	repeat_region	cigar_liftover_v403_to_v61	TableS4 marker lifted from PGSC/DM v4.03 to DM v6.1 using minimap2 PAF cg:Z CIGAR	0.9968821309956848	60	ST4.03ch07	42104453
7	44206993	28.701	toPt-439283	topt-439283	DArT_marker	cigar_liftover_v403_to_v61	TableS4 marker lifted from PGSC/DM v4.03 to DM v6.1 using minimap2 PAF cg:Z CIGAR	0.9991872855336824	60	ST4.03ch07	42492276
7	44340304	26.06	solcap_snp_c1_7378	solcap_snp_c1_7378	SNP	direct_spuddb_dm_v6_1	SolCAP SNP exact non-multimap position from SpudDB DM v6.1				
7	45551001	30.844	pPt-458625	ppt-458625	DArT_marker	cigar_liftover_v403_to_v61	TableS4 marker lifted from PGSC/DM v4.03 to DM v6.1 using minimap2 PAF cg:Z CIGAR	0.999136628534427	60	ST4.03ch07	44022046
7	45551032	30.71	pPt-458072	ppt-458072	DArT_marker	cigar_liftover_v403_to_v61	TableS4 marker lifted from PGSC/DM v4.03 to DM v6.1 using minimap2 PAF cg:Z CIGAR	0.999136628534427	60	ST4.03ch07	44022077
7	45551032	30.844	pPt-536420	ppt-536420	DArT_marker	cigar_liftover_v403_to_v61	TableS4 marker lifted from PGSC/DM v4.03 to DM v6.1 using minimap2 PAF cg:Z CIGAR	0.999136628534427	60	ST4.03ch07	44022077
7	45551036	30.844	pPt-537308	ppt-537308	DArT_marker	cigar_liftover_v403_to_v61	TableS4 marker lifted from PGSC/DM v4.03 to DM v6.1 using minimap2 PAF cg:Z CIGAR	0.999136628534427	60	ST4.03ch07	44022081
7	45917172	33.209	solcap_snp_c1_11480	solcap_snp_c1_11480	SNP	direct_spuddb_dm_v6_1	SolCAP SNP exact non-multimap position from SpudDB DM v6.1				
7	46503550	34.276	MICRO.1442.C1_559	micro.1442.c1_559	match	cigar_liftover_v403_to_v61	TableS4 marker lifted from PGSC/DM v4.03 to DM v6.1 using minimap2 PAF cg:Z CIGAR	0.9999324962872956	60	ST4.03ch07	45012372
7	46645602	32.819	pPt-456752	ppt-456752	DArT_marker	cigar_liftover_v403_to_v61	TableS4 marker lifted from PGSC/DM v4.03 to DM v6.1 using minimap2 PAF cg:Z CIGAR	0.9888427607680332	60	ST4.03ch07	45156021
7	48305218	40.502	pPt-654476	ppt-654476	DArT_marker	cigar_liftover_v403_to_v61	TableS4 marker lifted from PGSC/DM v4.03 to DM v6.1 using minimap2 PAF cg:Z CIGAR	0.9985516774814434	60	ST4.03ch07	46942539
7	48420904	43.89	MICRO.381.C1_1588	micro.381.c1_1588	match	cigar_liftover_v403_to_v61	TableS4 marker lifted from PGSC/DM v4.03 to DM v6.1 using minimap2 PAF cg:Z CIGAR	0.9829051931251156	60	ST4.03ch07	47102897
7	48569615	42.701	pPt-456702	ppt-456702	DArT_marker	cigar_liftover_v403_to_v61	TableS4 marker lifted from PGSC/DM v4.03 to DM v6.1 using minimap2 PAF cg:Z CIGAR	0.9880773309003033	60	ST4.03ch07	47307257
7	48569615	42.701	pPt-474056	ppt-474056	DArT_marker	cigar_liftover_v403_to_v61	TableS4 marker lifted from PGSC/DM v4.03 to DM v6.1 using minimap2 PAF cg:Z CIGAR	0.9880773309003033	60	ST4.03ch07	47307257
7	48569615	42.701	pPt-654764	ppt-654764	DArT_marker	cigar_liftover_v403_to_v61	TableS4 marker lifted from PGSC/DM v4.03 to DM v6.1 using minimap2 PAF cg:Z CIGAR	0.9880773309003033	60	ST4.03ch07	47307257
7	48814328	43.254	solcap_snp_c1_7986	solcap_snp_c1_7986	SNP	direct_spuddb_dm_v6_1	SolCAP SNP exact non-multimap position from SpudDB DM v6.1				
7	50710645	44.577	solcap_snp_c1_10457	solcap_snp_c1_10457	SNP	direct_spuddb_dm_v6_1	SolCAP SNP exact non-multimap position from SpudDB DM v6.1				
7	52065648	49.52	pPt-534974	ppt-534974	DArT_marker	cigar_liftover_v403_to_v61	TableS4 marker lifted from PGSC/DM v4.03 to DM v6.1 using minimap2 PAF cg:Z CIGAR	0.9842959168265224	60	ST4.03ch07	51038043
7	52065648	49.701	pPt-536459	ppt-536459	DArT_marker	cigar_liftover_v403_to_v61	TableS4 marker lifted from PGSC/DM v4.03 to DM v6.1 using minimap2 PAF cg:Z CIGAR	0.9842959168265224	60	ST4.03ch07	51038043
7	52065648	49.701	pPt-540134	ppt-540134	DArT_marker	cigar_liftover_v403_to_v61	TableS4 marker lifted from PGSC/DM v4.03 to DM v6.1 using minimap2 PAF cg:Z CIGAR	0.9842959168265224	60	ST4.03ch07	51038043
7	52065648	49.701	pPt-559458	ppt-559458	DArT_marker	cigar_liftover_v403_to_v61	TableS4 marker lifted from PGSC/DM v4.03 to DM v6.1 using minimap2 PAF cg:Z CIGAR	0.9842959168265224	60	ST4.03ch07	51038043
7	52065657	49.662	pPt-538032	ppt-538032	DArT_marker	cigar_liftover_v403_to_v61	TableS4 marker lifted from PGSC/DM v4.03 to DM v6.1 using minimap2 PAF cg:Z CIGAR	0.9842959168265224	60	ST4.03ch07	51038052
7	52065657	49.701	pPt-535682	ppt-535682	DArT_marker	cigar_liftover_v403_to_v61	TableS4 marker lifted from PGSC/DM v4.03 to DM v6.1 using minimap2 PAF cg:Z CIGAR	0.9842959168265224	60	ST4.03ch07	51038052
7	52065657	49.701	pPt-536453	ppt-536453	DArT_marker	cigar_liftover_v403_to_v61	TableS4 marker lifted from PGSC/DM v4.03 to DM v6.1 using minimap2 PAF cg:Z CIGAR	0.9842959168265224	60	ST4.03ch07	51038052
7	52065657	49.895	pPt-458491	ppt-458491	DArT_marker	cigar_liftover_v403_to_v61	TableS4 marker lifted from PGSC/DM v4.03 to DM v6.1 using minimap2 PAF cg:Z CIGAR	0.9842959168265224	60	ST4.03ch07	51038052
7	52098992	50.116	solcap_snp_c1_9894	solcap_snp_c1_9894	SNP	direct_spuddb_dm_v6_1	SolCAP SNP exact non-multimap position from SpudDB DM v6.1				
7	52498605	50.491	solcap_snp_c1_8687	solcap_snp_c1_8687	SNP	direct_spuddb_dm_v6_1	SolCAP SNP exact non-multimap position from SpudDB DM v6.1				
7	52974360	53.523	solcap_snp_c1_8704	solcap_snp_c1_8704	SNP	direct_spuddb_dm_v6_1	SolCAP SNP exact non-multimap position from SpudDB DM v6.1				
7	53799659	56.745	solcap_snp_c1_4045	solcap_snp_c1_4045	SNP	direct_spuddb_dm_v6_1	SolCAP SNP exact non-multimap position from SpudDB DM v6.1				
7	54633421	58.595	toPt-437364	topt-437364	DArT_marker	cigar_liftover_v403_to_v61	TableS4 marker lifted from PGSC/DM v4.03 to DM v6.1 using minimap2 PAF cg:Z CIGAR	0.9958810876543774	60	ST4.03ch07	53697437
7	54633421	58.638	toPt-439886	topt-439886	DArT_marker	cigar_liftover_v403_to_v61	TableS4 marker lifted from PGSC/DM v4.03 to DM v6.1 using minimap2 PAF cg:Z CIGAR	0.9958810876543774	60	ST4.03ch07	53697437
7	54633421	59.44	toPt-437358	topt-437358	DArT_marker	cigar_liftover_v403_to_v61	TableS4 marker lifted from PGSC/DM v4.03 to DM v6.1 using minimap2 PAF cg:Z CIGAR	0.9958810876543774	60	ST4.03ch07	53697437
7	54633422	58.595	pPt-657441	ppt-657441	DArT_marker	cigar_liftover_v403_to_v61	TableS4 marker lifted from PGSC/DM v4.03 to DM v6.1 using minimap2 PAF cg:Z CIGAR	0.9958810876543774	60	ST4.03ch07	53697438
7	54633569	58.595	pPt-472393	ppt-472393	DArT_marker	cigar_liftover_v403_to_v61	TableS4 marker lifted from PGSC/DM v4.03 to DM v6.1 using minimap2 PAF cg:Z CIGAR	0.9958810876543774	60	ST4.03ch07	53697585
7	54633569	58.601	pPt-651978	ppt-651978	DArT_marker	cigar_liftover_v403_to_v61	TableS4 marker lifted from PGSC/DM v4.03 to DM v6.1 using minimap2 PAF cg:Z CIGAR	0.9958810876543774	60	ST4.03ch07	53697585
7	54699766	57.539	pPt-650152	ppt-650152	DArT_marker	cigar_liftover_v403_to_v61	TableS4 marker lifted from PGSC/DM v4.03 to DM v6.1 using minimap2 PAF cg:Z CIGAR	0.9957737104825292	60	ST4.03ch07	53764342
7	54699766	57.547	pPt-537778	ppt-537778	DArT_marker	cigar_liftover_v403_to_v61	TableS4 marker lifted from PGSC/DM v4.03 to DM v6.1 using minimap2 PAF cg:Z CIGAR	0.9957737104825292	60	ST4.03ch07	53764342
7	54699766	57.548	pPt-537919	ppt-537919	DArT_marker	cigar_liftover_v403_to_v61	TableS4 marker lifted from PGSC/DM v4.03 to DM v6.1 using minimap2 PAF cg:Z CIGAR	0.9957737104825292	60	ST4.03ch07	53764342
7	54699766	57.55	pPt-537524	ppt-537524	DArT_marker	cigar_liftover_v403_to_v61	TableS4 marker lifted from PGSC/DM v4.03 to DM v6.1 using minimap2 PAF cg:Z CIGAR	0.9957737104825292	60	ST4.03ch07	53764342
7	55420180	61.614	pPt-471273	ppt-471273	DArT_marker	cigar_liftover_v403_to_v61	TableS4 marker lifted from PGSC/DM v4.03 to DM v6.1 using minimap2 PAF cg:Z CIGAR	0.985745059202822	60	ST4.03ch07	54509942
7	55702706	62.147	pPt-656739	ppt-656739	DArT_marker	cigar_liftover_v403_to_v61	TableS4 marker lifted from PGSC/DM v4.03 to DM v6.1 using minimap2 PAF cg:Z CIGAR	0.9886206767899116	60	ST4.03ch07	54784223
7	55702706	62.16	pPt-654556	ppt-654556	DArT_marker	cigar_liftover_v403_to_v61	TableS4 marker lifted from PGSC/DM v4.03 to DM v6.1 using minimap2 PAF cg:Z CIGAR	0.9886206767899116	60	ST4.03ch07	54784223
7	55767754	62.093	pPt-459335	ppt-459335	DArT_marker	cigar_liftover_v403_to_v61	TableS4 marker lifted from PGSC/DM v4.03 to DM v6.1 using minimap2 PAF cg:Z CIGAR	0.9886206767899116	60	ST4.03ch07	54849274
7	55767754	62.173	pPt-539276	ppt-539276	DArT_marker	cigar_liftover_v403_to_v61	TableS4 marker lifted from PGSC/DM v4.03 to DM v6.1 using minimap2 PAF cg:Z CIGAR	0.9886206767899116	60	ST4.03ch07	54849274
7	56166710	63.43	pPt-456574	ppt-456574	DArT_marker	cigar_liftover_v403_to_v61	TableS4 marker lifted from PGSC/DM v4.03 to DM v6.1 using minimap2 PAF cg:Z CIGAR	0.9884913275880876	60	ST4.03ch07	55259598
7	56166710	63.43	pPt-457969	ppt-457969	DArT_marker	cigar_liftover_v403_to_v61	TableS4 marker lifted from PGSC/DM v4.03 to DM v6.1 using minimap2 PAF cg:Z CIGAR	0.9884913275880876	60	ST4.03ch07	55259598
7	56166710	63.43	pPt-471686	ppt-471686	DArT_marker	cigar_liftover_v403_to_v61	TableS4 marker lifted from PGSC/DM v4.03 to DM v6.1 using minimap2 PAF cg:Z CIGAR	0.9884913275880876	60	ST4.03ch07	55259598
7	56166710	63.43	pPt-539050	ppt-539050	DArT_marker	cigar_liftover_v403_to_v61	TableS4 marker lifted from PGSC/DM v4.03 to DM v6.1 using minimap2 PAF cg:Z CIGAR	0.9884913275880876	60	ST4.03ch07	55259598
7	56166710	63.434	pPt-471856	ppt-471856	DArT_marker	cigar_liftover_v403_to_v61	TableS4 marker lifted from PGSC/DM v4.03 to DM v6.1 using minimap2 PAF cg:Z CIGAR	0.9884913275880876	60	ST4.03ch07	55259598
7	56166710	63.438	pPt-457779	ppt-457779	DArT_marker	cigar_liftover_v403_to_v61	TableS4 marker lifted from PGSC/DM v4.03 to DM v6.1 using minimap2 PAF cg:Z CIGAR	0.9884913275880876	60	ST4.03ch07	55259598
7	56384329	62.711	pPt-537071	ppt-537071	DArT_marker	cigar_liftover_v403_to_v61	TableS4 marker lifted from PGSC/DM v4.03 to DM v6.1 using minimap2 PAF cg:Z CIGAR	0.9911486670839552	60	ST4.03ch07	55481323
7	56384329	62.719	pPt-533574	ppt-533574	DArT_marker	cigar_liftover_v403_to_v61	TableS4 marker lifted from PGSC/DM v4.03 to DM v6.1 using minimap2 PAF cg:Z CIGAR	0.9911486670839552	60	ST4.03ch07	55481323
7	56384329	62.737	pPt-535925	ppt-535925	DArT_marker	cigar_liftover_v403_to_v61	TableS4 marker lifted from PGSC/DM v4.03 to DM v6.1 using minimap2 PAF cg:Z CIGAR	0.9911486670839552	60	ST4.03ch07	55481323
7	56445834	61.66	pPt-652491	ppt-652491	DArT_marker	cigar_liftover_v403_to_v61	TableS4 marker lifted from PGSC/DM v4.03 to DM v6.1 using minimap2 PAF cg:Z CIGAR	0.9941390364097412	60	ST4.03ch07	55546361
7	56651862	63.806	solcap_snp_c1_8815	solcap_snp_c1_8815	SNP	direct_spuddb_dm_v6_1	SolCAP SNP exact non-multimap position from SpudDB DM v6.1				
7	56801943	62.715	pPt-653355	ppt-653355	DArT_marker	cigar_liftover_v403_to_v61	TableS4 marker lifted from PGSC/DM v4.03 to DM v6.1 using minimap2 PAF cg:Z CIGAR	0.9953331276745528	60	ST4.03ch07	55906130
7	56916171	64.94	pPt-656876	ppt-656876	DArT_marker	cigar_liftover_v403_to_v61	TableS4 marker lifted from PGSC/DM v4.03 to DM v6.1 using minimap2 PAF cg:Z CIGAR	0.9953331276745528	60	ST4.03ch07	56021333
7	57383958	67.064	STM3009	stm3009	repeat_region	cigar_liftover_v403_to_v61	TableS4 marker lifted from PGSC/DM v4.03 to DM v6.1 using minimap2 PAF cg:Z CIGAR	0.9948263883756338	60	ST4.03ch07	56498513
7	57433724	66.796	MICRO.1437.C1_390	micro.1437.c1_390	match	cigar_liftover_v403_to_v61	TableS4 marker lifted from PGSC/DM v4.03 to DM v6.1 using minimap2 PAF cg:Z CIGAR	0.9858986347484572	60	ST4.03ch07	56548655
8	2404959	11.123	pPt-536600	ppt-536600	DArT_marker	cigar_liftover_v403_to_v61	TableS4 marker lifted from PGSC/DM v4.03 to DM v6.1 using minimap2 PAF cg:Z CIGAR	0.9914575277377612	60	ST4.03ch08	1771212
8	2404959	11.496	pPt-535256	ppt-535256	DArT_marker	cigar_liftover_v403_to_v61	TableS4 marker lifted from PGSC/DM v4.03 to DM v6.1 using minimap2 PAF cg:Z CIGAR	0.9914575277377612	60	ST4.03ch08	1771212
8	2404959	11.818	pPt-654861	ppt-654861	DArT_marker	cigar_liftover_v403_to_v61	TableS4 marker lifted from PGSC/DM v4.03 to DM v6.1 using minimap2 PAF cg:Z CIGAR	0.9914575277377612	60	ST4.03ch08	1771212
8	2404959	11.836	pPt-536985	ppt-536985	DArT_marker	cigar_liftover_v403_to_v61	TableS4 marker lifted from PGSC/DM v4.03 to DM v6.1 using minimap2 PAF cg:Z CIGAR	0.9914575277377612	60	ST4.03ch08	1771212
8	2404959	11.838	pPt-535397	ppt-535397	DArT_marker	cigar_liftover_v403_to_v61	TableS4 marker lifted from PGSC/DM v4.03 to DM v6.1 using minimap2 PAF cg:Z CIGAR	0.9914575277377612	60	ST4.03ch08	1771212
8	2404959	11.848	pPt-654186	ppt-654186	DArT_marker	cigar_liftover_v403_to_v61	TableS4 marker lifted from PGSC/DM v4.03 to DM v6.1 using minimap2 PAF cg:Z CIGAR	0.9914575277377612	60	ST4.03ch08	1771212
8	2404959	12.158	toPt-439085	topt-439085	DArT_marker	cigar_liftover_v403_to_v61	TableS4 marker lifted from PGSC/DM v4.03 to DM v6.1 using minimap2 PAF cg:Z CIGAR	0.9914575277377612	60	ST4.03ch08	1771212
8	2404959	12.255	pPt-536330	ppt-536330	DArT_marker	cigar_liftover_v403_to_v61	TableS4 marker lifted from PGSC/DM v4.03 to DM v6.1 using minimap2 PAF cg:Z CIGAR	0.9914575277377612	60	ST4.03ch08	1771212
8	2404959	12.38	pPt-654072	ppt-654072	DArT_marker	cigar_liftover_v403_to_v61	TableS4 marker lifted from PGSC/DM v4.03 to DM v6.1 using minimap2 PAF cg:Z CIGAR	0.9914575277377612	60	ST4.03ch08	1771212
8	2404959	12.681	pPt-650234	ppt-650234	DArT_marker	cigar_liftover_v403_to_v61	TableS4 marker lifted from PGSC/DM v4.03 to DM v6.1 using minimap2 PAF cg:Z CIGAR	0.9914575277377612	60	ST4.03ch08	1771212
8	3532796	11.852	pPt-536257	ppt-536257	DArT_marker	cigar_liftover_v403_to_v61	TableS4 marker lifted from PGSC/DM v4.03 to DM v6.1 using minimap2 PAF cg:Z CIGAR	0.9752083013852682	60	ST4.03ch08	2913612
8	3532796	11.974	pPt-650705	ppt-650705	DArT_marker	cigar_liftover_v403_to_v61	TableS4 marker lifted from PGSC/DM v4.03 to DM v6.1 using minimap2 PAF cg:Z CIGAR	0.9752083013852682	60	ST4.03ch08	2913612
8	4092287	10.679	solcap_snp_c1_7740	solcap_snp_c1_7740	SNP	direct_spuddb_dm_v6_1	SolCAP SNP exact non-multimap position from SpudDB DM v6.1				
8	4596385	12.496	solcap_snp_c1_10248	solcap_snp_c1_10248	SNP	direct_spuddb_dm_v6_1	SolCAP SNP exact non-multimap position from SpudDB DM v6.1				
8	5692745	14.87	pPt-552322	ppt-552322	DArT_marker	cigar_liftover_v403_to_v61	TableS4 marker lifted from PGSC/DM v4.03 to DM v6.1 using minimap2 PAF cg:Z CIGAR	0.990485303376744	60	ST4.03ch08	4846617
8	5692745	15.705	pPt-539822	ppt-539822	DArT_marker	cigar_liftover_v403_to_v61	TableS4 marker lifted from PGSC/DM v4.03 to DM v6.1 using minimap2 PAF cg:Z CIGAR	0.990485303376744	60	ST4.03ch08	4846617
8	6321786	15.476	solcap_snp_c1_8381	solcap_snp_c1_8381	SNP	direct_spuddb_dm_v6_1	SolCAP SNP exact non-multimap position from SpudDB DM v6.1				
8	6360631	17.137	pPt-538019	ppt-538019	DArT_marker	cigar_liftover_v403_to_v61	TableS4 marker lifted from PGSC/DM v4.03 to DM v6.1 using minimap2 PAF cg:Z CIGAR	0.9840844747111486	60	ST4.03ch08	5521704
8	6621353	17.641	pPt-654824	ppt-654824	DArT_marker	cigar_liftover_v403_to_v61	TableS4 marker lifted from PGSC/DM v4.03 to DM v6.1 using minimap2 PAF cg:Z CIGAR	0.9703763471846004	60	ST4.03ch08	5796776
8	6621355	16.622	toPt-441100	topt-441100	DArT_marker	cigar_liftover_v403_to_v61	TableS4 marker lifted from PGSC/DM v4.03 to DM v6.1 using minimap2 PAF cg:Z CIGAR	0.9703763471846004	60	ST4.03ch08	5796778
8	6621355	17.621	pPt-458577	ppt-458577	DArT_marker	cigar_liftover_v403_to_v61	TableS4 marker lifted from PGSC/DM v4.03 to DM v6.1 using minimap2 PAF cg:Z CIGAR	0.9703763471846004	60	ST4.03ch08	5796778
8	6621355	17.626	pPt-459421	ppt-459421	DArT_marker	cigar_liftover_v403_to_v61	TableS4 marker lifted from PGSC/DM v4.03 to DM v6.1 using minimap2 PAF cg:Z CIGAR	0.9703763471846004	60	ST4.03ch08	5796778
8	6621355	17.627	pPt-458451	ppt-458451	DArT_marker	cigar_liftover_v403_to_v61	TableS4 marker lifted from PGSC/DM v4.03 to DM v6.1 using minimap2 PAF cg:Z CIGAR	0.9703763471846004	60	ST4.03ch08	5796778
8	6621355	17.634	pPt-456608	ppt-456608	DArT_marker	cigar_liftover_v403_to_v61	TableS4 marker lifted from PGSC/DM v4.03 to DM v6.1 using minimap2 PAF cg:Z CIGAR	0.9703763471846004	60	ST4.03ch08	5796778
8	6621355	17.641	pPt-472630	ppt-472630	DArT_marker	cigar_liftover_v403_to_v61	TableS4 marker lifted from PGSC/DM v4.03 to DM v6.1 using minimap2 PAF cg:Z CIGAR	0.9703763471846004	60	ST4.03ch08	5796778
8	6621355	17.641	pPt-533828	ppt-533828	DArT_marker	cigar_liftover_v403_to_v61	TableS4 marker lifted from PGSC/DM v4.03 to DM v6.1 using minimap2 PAF cg:Z CIGAR	0.9703763471846004	60	ST4.03ch08	5796778
8	6621355	17.641	pPt-534254	ppt-534254	DArT_marker	cigar_liftover_v403_to_v61	TableS4 marker lifted from PGSC/DM v4.03 to DM v6.1 using minimap2 PAF cg:Z CIGAR	0.9703763471846004	60	ST4.03ch08	5796778
8	6621355	17.641	pPt-534865	ppt-534865	DArT_marker	cigar_liftover_v403_to_v61	TableS4 marker lifted from PGSC/DM v4.03 to DM v6.1 using minimap2 PAF cg:Z CIGAR	0.9703763471846004	60	ST4.03ch08	5796778
8	6621355	17.641	pPt-534921	ppt-534921	DArT_marker	cigar_liftover_v403_to_v61	TableS4 marker lifted from PGSC/DM v4.03 to DM v6.1 using minimap2 PAF cg:Z CIGAR	0.9703763471846004	60	ST4.03ch08	5796778
8	6621355	17.641	pPt-535317	ppt-535317	DArT_marker	cigar_liftover_v403_to_v61	TableS4 marker lifted from PGSC/DM v4.03 to DM v6.1 using minimap2 PAF cg:Z CIGAR	0.9703763471846004	60	ST4.03ch08	5796778
8	6621355	17.641	pPt-535761	ppt-535761	DArT_marker	cigar_liftover_v403_to_v61	TableS4 marker lifted from PGSC/DM v4.03 to DM v6.1 using minimap2 PAF cg:Z CIGAR	0.9703763471846004	60	ST4.03ch08	5796778
8	6621355	17.641	pPt-535784	ppt-535784	DArT_marker	cigar_liftover_v403_to_v61	TableS4 marker lifted from PGSC/DM v4.03 to DM v6.1 using minimap2 PAF cg:Z CIGAR	0.9703763471846004	60	ST4.03ch08	5796778
8	6621355	17.641	pPt-535983	ppt-535983	DArT_marker	cigar_liftover_v403_to_v61	TableS4 marker lifted from PGSC/DM v4.03 to DM v6.1 using minimap2 PAF cg:Z CIGAR	0.9703763471846004	60	ST4.03ch08	5796778
8	6621355	17.641	pPt-536560	ppt-536560	DArT_marker	cigar_liftover_v403_to_v61	TableS4 marker lifted from PGSC/DM v4.03 to DM v6.1 using minimap2 PAF cg:Z CIGAR	0.9703763471846004	60	ST4.03ch08	5796778
8	6621355	17.641	pPt-537369	ppt-537369	DArT_marker	cigar_liftover_v403_to_v61	TableS4 marker lifted from PGSC/DM v4.03 to DM v6.1 using minimap2 PAF cg:Z CIGAR	0.9703763471846004	60	ST4.03ch08	5796778
8	6621355	17.641	pPt-537915	ppt-537915	DArT_marker	cigar_liftover_v403_to_v61	TableS4 marker lifted from PGSC/DM v4.03 to DM v6.1 using minimap2 PAF cg:Z CIGAR	0.9703763471846004	60	ST4.03ch08	5796778
8	6621355	17.641	pPt-539400	ppt-539400	DArT_marker	cigar_liftover_v403_to_v61	TableS4 marker lifted from PGSC/DM v4.03 to DM v6.1 using minimap2 PAF cg:Z CIGAR	0.9703763471846004	60	ST4.03ch08	5796778
8	6621355	17.641	pPt-539876	ppt-539876	DArT_marker	cigar_liftover_v403_to_v61	TableS4 marker lifted from PGSC/DM v4.03 to DM v6.1 using minimap2 PAF cg:Z CIGAR	0.9703763471846004	60	ST4.03ch08	5796778
8	6621355	17.641	pPt-552674	ppt-552674	DArT_marker	cigar_liftover_v403_to_v61	TableS4 marker lifted from PGSC/DM v4.03 to DM v6.1 using minimap2 PAF cg:Z CIGAR	0.9703763471846004	60	ST4.03ch08	5796778
8	6621355	17.641	pPt-651799	ppt-651799	DArT_marker	cigar_liftover_v403_to_v61	TableS4 marker lifted from PGSC/DM v4.03 to DM v6.1 using minimap2 PAF cg:Z CIGAR	0.9703763471846004	60	ST4.03ch08	5796778
8	6621355	17.641	pPt-654979	ppt-654979	DArT_marker	cigar_liftover_v403_to_v61	TableS4 marker lifted from PGSC/DM v4.03 to DM v6.1 using minimap2 PAF cg:Z CIGAR	0.9703763471846004	60	ST4.03ch08	5796778
8	6621355	17.641	pPt-657575	ppt-657575	DArT_marker	cigar_liftover_v403_to_v61	TableS4 marker lifted from PGSC/DM v4.03 to DM v6.1 using minimap2 PAF cg:Z CIGAR	0.9703763471846004	60	ST4.03ch08	5796778
8	6846144	16.231	pPt-540163	ppt-540163	DArT_marker	cigar_liftover_v403_to_v61	TableS4 marker lifted from PGSC/DM v4.03 to DM v6.1 using minimap2 PAF cg:Z CIGAR	0.9600614439324116	60	ST4.03ch08	6025273
8	6846218	16.242	pPt-535167	ppt-535167	DArT_marker	cigar_liftover_v403_to_v61	TableS4 marker lifted from PGSC/DM v4.03 to DM v6.1 using minimap2 PAF cg:Z CIGAR	0.9600614439324116	60	ST4.03ch08	6025347
8	6846218	16.254	pPt-535564	ppt-535564	DArT_marker	cigar_liftover_v403_to_v61	TableS4 marker lifted from PGSC/DM v4.03 to DM v6.1 using minimap2 PAF cg:Z CIGAR	0.9600614439324116	60	ST4.03ch08	6025347
8	6846221	16.249	pPt-540053	ppt-540053	DArT_marker	cigar_liftover_v403_to_v61	TableS4 marker lifted from PGSC/DM v4.03 to DM v6.1 using minimap2 PAF cg:Z CIGAR	0.9600614439324116	60	ST4.03ch08	6025350
8	6846460	16.254	pPt-472956	ppt-472956	DArT_marker	cigar_liftover_v403_to_v61	TableS4 marker lifted from PGSC/DM v4.03 to DM v6.1 using minimap2 PAF cg:Z CIGAR	0.9600614439324116	60	ST4.03ch08	6025589
8	7332182	17.603	pPt-552386	ppt-552386	DArT_marker	cigar_liftover_v403_to_v61	TableS4 marker lifted from PGSC/DM v4.03 to DM v6.1 using minimap2 PAF cg:Z CIGAR	0.985395114318004	60	ST4.03ch08	6530045
8	7332182	17.617	pPt-473897	ppt-473897	DArT_marker	cigar_liftover_v403_to_v61	TableS4 marker lifted from PGSC/DM v4.03 to DM v6.1 using minimap2 PAF cg:Z CIGAR	0.985395114318004	60	ST4.03ch08	6530045
8	7332182	17.638	pPt-536516	ppt-536516	DArT_marker	cigar_liftover_v403_to_v61	TableS4 marker lifted from PGSC/DM v4.03 to DM v6.1 using minimap2 PAF cg:Z CIGAR	0.985395114318004	60	ST4.03ch08	6530045
8	7332182	17.641	pPt-473632	ppt-473632	DArT_marker	cigar_liftover_v403_to_v61	TableS4 marker lifted from PGSC/DM v4.03 to DM v6.1 using minimap2 PAF cg:Z CIGAR	0.985395114318004	60	ST4.03ch08	6530045
8	7332182	17.641	pPt-533695	ppt-533695	DArT_marker	cigar_liftover_v403_to_v61	TableS4 marker lifted from PGSC/DM v4.03 to DM v6.1 using minimap2 PAF cg:Z CIGAR	0.985395114318004	60	ST4.03ch08	6530045
8	7332182	17.641	pPt-650744	ppt-650744	DArT_marker	cigar_liftover_v403_to_v61	TableS4 marker lifted from PGSC/DM v4.03 to DM v6.1 using minimap2 PAF cg:Z CIGAR	0.985395114318004	60	ST4.03ch08	6530045
8	7332182	17.641	pPt-651154	ppt-651154	DArT_marker	cigar_liftover_v403_to_v61	TableS4 marker lifted from PGSC/DM v4.03 to DM v6.1 using minimap2 PAF cg:Z CIGAR	0.985395114318004	60	ST4.03ch08	6530045
8	7332182	17.641	pPt-653216	ppt-653216	DArT_marker	cigar_liftover_v403_to_v61	TableS4 marker lifted from PGSC/DM v4.03 to DM v6.1 using minimap2 PAF cg:Z CIGAR	0.985395114318004	60	ST4.03ch08	6530045
8	8091997	16.102	solcap_snp_c1_15451	solcap_snp_c1_15451	SNP	direct_spuddb_dm_v6_1	SolCAP SNP exact non-multimap position from SpudDB DM v6.1				
8	8472056	17.856	solcap_snp_c1_14167	solcap_snp_c1_14167	SNP	direct_spuddb_dm_v6_1	SolCAP SNP exact non-multimap position from SpudDB DM v6.1				
8	30025471	19.828	solcap_snp_c1_6262	solcap_snp_c1_6262	SNP	direct_spuddb_dm_v6_1	SolCAP SNP exact non-multimap position from SpudDB DM v6.1				
8	32376862	21.378	pPt-458602	ppt-458602	DArT_marker	cigar_liftover_v403_to_v61	TableS4 marker lifted from PGSC/DM v4.03 to DM v6.1 using minimap2 PAF cg:Z CIGAR	0.9919900213399055	60	ST4.03ch08	18224351
8	32376862	21.378	pPt-471176	ppt-471176	DArT_marker	cigar_liftover_v403_to_v61	TableS4 marker lifted from PGSC/DM v4.03 to DM v6.1 using minimap2 PAF cg:Z CIGAR	0.9919900213399055	60	ST4.03ch08	18224351
8	32376862	21.378	pPt-533735	ppt-533735	DArT_marker	cigar_liftover_v403_to_v61	TableS4 marker lifted from PGSC/DM v4.03 to DM v6.1 using minimap2 PAF cg:Z CIGAR	0.9919900213399055	60	ST4.03ch08	18224351
8	36863638	23.574	PM1305	pm1305	repeat_region	cigar_liftover_v403_to_v61	TableS4 marker lifted from PGSC/DM v4.03 to DM v6.1 using minimap2 PAF cg:Z CIGAR	0.9965098472167812	60	ST4.03ch08	33316657
8	38130833	25.092	solcap_snp_c1_9824	solcap_snp_c1_9824	SNP	direct_spuddb_dm_v6_1	SolCAP SNP exact non-multimap position from SpudDB DM v6.1				
8	38300248	25.921	solcap_snp_c1_9821	solcap_snp_c1_9821	SNP	direct_spuddb_dm_v6_1	SolCAP SNP exact non-multimap position from SpudDB DM v6.1				
8	38684199	25.783	PM0495	pm0495	repeat_region	cigar_liftover_v403_to_v61	TableS4 marker lifted from PGSC/DM v4.03 to DM v6.1 using minimap2 PAF cg:Z CIGAR	0.9588600104151872	60	ST4.03ch08	35135964
8	38961474	25.817	solcap_snp_c1_11720	solcap_snp_c1_11720	SNP	direct_spuddb_dm_v6_1	SolCAP SNP exact non-multimap position from SpudDB DM v6.1				
8	40872159	29.947	pPt-650709	ppt-650709	DArT_marker	cigar_liftover_v403_to_v61	TableS4 marker lifted from PGSC/DM v4.03 to DM v6.1 using minimap2 PAF cg:Z CIGAR	0.9933596955905394	60	ST4.03ch08	37454667
8	40872315	29.939	pPt-457647	ppt-457647	DArT_marker	cigar_liftover_v403_to_v61	TableS4 marker lifted from PGSC/DM v4.03 to DM v6.1 using minimap2 PAF cg:Z CIGAR	0.9933596955905394	60	ST4.03ch08	37454823
8	40872315	29.947	pPt-471803	ppt-471803	DArT_marker	cigar_liftover_v403_to_v61	TableS4 marker lifted from PGSC/DM v4.03 to DM v6.1 using minimap2 PAF cg:Z CIGAR	0.9933596955905394	60	ST4.03ch08	37454823
8	40872315	29.947	pPt-533903	ppt-533903	DArT_marker	cigar_liftover_v403_to_v61	TableS4 marker lifted from PGSC/DM v4.03 to DM v6.1 using minimap2 PAF cg:Z CIGAR	0.9933596955905394	60	ST4.03ch08	37454823
8	40872315	29.947	pPt-534611	ppt-534611	DArT_marker	cigar_liftover_v403_to_v61	TableS4 marker lifted from PGSC/DM v4.03 to DM v6.1 using minimap2 PAF cg:Z CIGAR	0.9933596955905394	60	ST4.03ch08	37454823
8	40872315	29.947	pPt-534973	ppt-534973	DArT_marker	cigar_liftover_v403_to_v61	TableS4 marker lifted from PGSC/DM v4.03 to DM v6.1 using minimap2 PAF cg:Z CIGAR	0.9933596955905394	60	ST4.03ch08	37454823
8	40872315	29.947	pPt-535207	ppt-535207	DArT_marker	cigar_liftover_v403_to_v61	TableS4 marker lifted from PGSC/DM v4.03 to DM v6.1 using minimap2 PAF cg:Z CIGAR	0.9933596955905394	60	ST4.03ch08	37454823
8	40872315	29.947	pPt-536425	ppt-536425	DArT_marker	cigar_liftover_v403_to_v61	TableS4 marker lifted from PGSC/DM v4.03 to DM v6.1 using minimap2 PAF cg:Z CIGAR	0.9933596955905394	60	ST4.03ch08	37454823
8	40872315	29.947	pPt-537375	ppt-537375	DArT_marker	cigar_liftover_v403_to_v61	TableS4 marker lifted from PGSC/DM v4.03 to DM v6.1 using minimap2 PAF cg:Z CIGAR	0.9933596955905394	60	ST4.03ch08	37454823
8	40872315	29.947	pPt-552202	ppt-552202	DArT_marker	cigar_liftover_v403_to_v61	TableS4 marker lifted from PGSC/DM v4.03 to DM v6.1 using minimap2 PAF cg:Z CIGAR	0.9933596955905394	60	ST4.03ch08	37454823
8	40872315	29.947	pPt-652007	ppt-652007	DArT_marker	cigar_liftover_v403_to_v61	TableS4 marker lifted from PGSC/DM v4.03 to DM v6.1 using minimap2 PAF cg:Z CIGAR	0.9933596955905394	60	ST4.03ch08	37454823
8	40872315	29.947	pPt-652840	ppt-652840	DArT_marker	cigar_liftover_v403_to_v61	TableS4 marker lifted from PGSC/DM v4.03 to DM v6.1 using minimap2 PAF cg:Z CIGAR	0.9933596955905394	60	ST4.03ch08	37454823
8	40872315	29.947	pPt-653371	ppt-653371	DArT_marker	cigar_liftover_v403_to_v61	TableS4 marker lifted from PGSC/DM v4.03 to DM v6.1 using minimap2 PAF cg:Z CIGAR	0.9933596955905394	60	ST4.03ch08	37454823
8	40872315	29.947	pPt-655322	ppt-655322	DArT_marker	cigar_liftover_v403_to_v61	TableS4 marker lifted from PGSC/DM v4.03 to DM v6.1 using minimap2 PAF cg:Z CIGAR	0.9933596955905394	60	ST4.03ch08	37454823
8	40872315	29.947	pPt-655913	ppt-655913	DArT_marker	cigar_liftover_v403_to_v61	TableS4 marker lifted from PGSC/DM v4.03 to DM v6.1 using minimap2 PAF cg:Z CIGAR	0.9933596955905394	60	ST4.03ch08	37454823
8	40872315	29.958	pPt-473966	ppt-473966	DArT_marker	cigar_liftover_v403_to_v61	TableS4 marker lifted from PGSC/DM v4.03 to DM v6.1 using minimap2 PAF cg:Z CIGAR	0.9933596955905394	60	ST4.03ch08	37454823
8	40872315	29.962	pPt-456696	ppt-456696	DArT_marker	cigar_liftover_v403_to_v61	TableS4 marker lifted from PGSC/DM v4.03 to DM v6.1 using minimap2 PAF cg:Z CIGAR	0.9933596955905394	60	ST4.03ch08	37454823
8	40872315	29.962	pPt-653294	ppt-653294	DArT_marker	cigar_liftover_v403_to_v61	TableS4 marker lifted from PGSC/DM v4.03 to DM v6.1 using minimap2 PAF cg:Z CIGAR	0.9933596955905394	60	ST4.03ch08	37454823
8	40872318	29.947	pPt-559585	ppt-559585	DArT_marker	cigar_liftover_v403_to_v61	TableS4 marker lifted from PGSC/DM v4.03 to DM v6.1 using minimap2 PAF cg:Z CIGAR	0.9933596955905394	60	ST4.03ch08	37454826
8	42826029	26.91	pPt-653036	ppt-653036	DArT_marker	cigar_liftover_v403_to_v61	TableS4 marker lifted from PGSC/DM v4.03 to DM v6.1 using minimap2 PAF cg:Z CIGAR	0.9950410685499348	60	ST4.03ch08	39687505
8	42826030	26.294	pPt-536995	ppt-536995	DArT_marker	cigar_liftover_v403_to_v61	TableS4 marker lifted from PGSC/DM v4.03 to DM v6.1 using minimap2 PAF cg:Z CIGAR	0.9950410685499348	60	ST4.03ch08	39687506
8	42826030	26.7	pPt-534622	ppt-534622	DArT_marker	cigar_liftover_v403_to_v61	TableS4 marker lifted from PGSC/DM v4.03 to DM v6.1 using minimap2 PAF cg:Z CIGAR	0.9950410685499348	60	ST4.03ch08	39687506
8	43117840	27.618	solcap_snp_c1_14109	solcap_snp_c1_14109	SNP	direct_spuddb_dm_v6_1	SolCAP SNP exact non-multimap position from SpudDB DM v6.1				
8	44459370	29.081	solcap_snp_c1_12166	solcap_snp_c1_12166	SNP	direct_spuddb_dm_v6_1	SolCAP SNP exact non-multimap position from SpudDB DM v6.1				
8	45919434	37.056	solcap_snp_c1_6029	solcap_snp_c1_6029	SNP	direct_spuddb_dm_v6_1	SolCAP SNP exact non-multimap position from SpudDB DM v6.1				
8	47690843	38.252	solcap_snp_c1_5094	solcap_snp_c1_5094	SNP	direct_spuddb_dm_v6_1	SolCAP SNP exact non-multimap position from SpudDB DM v6.1				
8	47850822	55.508	pPt-539116	ppt-539116	DArT_marker	cigar_liftover_v403_to_v61	TableS4 marker lifted from PGSC/DM v4.03 to DM v6.1 using minimap2 PAF cg:Z CIGAR	0.9825584179276	60	ST4.03ch08	45425744
8	49096599	40.105	pPt-458325	ppt-458325	DArT_marker	cigar_liftover_v403_to_v61	TableS4 marker lifted from PGSC/DM v4.03 to DM v6.1 using minimap2 PAF cg:Z CIGAR	0.9695287515839016	60	ST4.03ch08	46718713
8	49097136	40.171	pPt-470707	ppt-470707	DArT_marker	cigar_liftover_v403_to_v61	TableS4 marker lifted from PGSC/DM v4.03 to DM v6.1 using minimap2 PAF cg:Z CIGAR	0.9695287515839016	60	ST4.03ch08	46719250
8	49097627	38.768	pPt-538788	ppt-538788	DArT_marker	cigar_liftover_v403_to_v61	TableS4 marker lifted from PGSC/DM v4.03 to DM v6.1 using minimap2 PAF cg:Z CIGAR	0.9695287515839016	60	ST4.03ch08	46719741
8	49097627	41.175	pPt-540454	ppt-540454	DArT_marker	cigar_liftover_v403_to_v61	TableS4 marker lifted from PGSC/DM v4.03 to DM v6.1 using minimap2 PAF cg:Z CIGAR	0.9695287515839016	60	ST4.03ch08	46719741
8	49098091	39.358	pPt-654934	ppt-654934	DArT_marker	cigar_liftover_v403_to_v61	TableS4 marker lifted from PGSC/DM v4.03 to DM v6.1 using minimap2 PAF cg:Z CIGAR	0.9695287515839016	60	ST4.03ch08	46720205
8	50132511	48.691	pPt-471414	ppt-471414	DArT_marker	cigar_liftover_v403_to_v61	TableS4 marker lifted from PGSC/DM v4.03 to DM v6.1 using minimap2 PAF cg:Z CIGAR	0.9920679886685552	60	ST4.03ch08	47914288
8	50559167	47.864	pPt-652927	ppt-652927	DArT_marker	cigar_liftover_v403_to_v61	TableS4 marker lifted from PGSC/DM v4.03 to DM v6.1 using minimap2 PAF cg:Z CIGAR	0.9934368496878502	60	ST4.03ch08	47991899
8	51453176	42.436	pPt-540363	ppt-540363	DArT_marker	cigar_liftover_v403_to_v61	TableS4 marker lifted from PGSC/DM v4.03 to DM v6.1 using minimap2 PAF cg:Z CIGAR	0.9931872393732948	60	ST4.03ch08	48895699
8	52479275	52.899	pPt-552015	ppt-552015	DArT_marker	cigar_liftover_v403_to_v61	TableS4 marker lifted from PGSC/DM v4.03 to DM v6.1 using minimap2 PAF cg:Z CIGAR	0.9700918143614106	60	ST4.03ch08	50000862
8	52479275	54.0	pPt-472125	ppt-472125	DArT_marker	cigar_liftover_v403_to_v61	TableS4 marker lifted from PGSC/DM v4.03 to DM v6.1 using minimap2 PAF cg:Z CIGAR	0.9700918143614106	60	ST4.03ch08	50000862
8	52479275	54.038	pPt-552419	ppt-552419	DArT_marker	cigar_liftover_v403_to_v61	TableS4 marker lifted from PGSC/DM v4.03 to DM v6.1 using minimap2 PAF cg:Z CIGAR	0.9700918143614106	60	ST4.03ch08	50000862
8	52515079	56.397	STI0022	sti0022	repeat_region	cigar_liftover_v403_to_v61	TableS4 marker lifted from PGSC/DM v4.03 to DM v6.1 using minimap2 PAF cg:Z CIGAR	0.9700918143614106	60	ST4.03ch08	50039063
8	52622373	56.619	pPt-472750	ppt-472750	DArT_marker	cigar_liftover_v403_to_v61	TableS4 marker lifted from PGSC/DM v4.03 to DM v6.1 using minimap2 PAF cg:Z CIGAR	0.9990038738240176	60	ST4.03ch08	50147277
8	53103373	55.508	pPt-457562	ppt-457562	DArT_marker	cigar_liftover_v403_to_v61	TableS4 marker lifted from PGSC/DM v4.03 to DM v6.1 using minimap2 PAF cg:Z CIGAR	0.995484753477224	60	ST4.03ch08	50645027
8	53103373	55.508	pPt-650700	ppt-650700	DArT_marker	cigar_liftover_v403_to_v61	TableS4 marker lifted from PGSC/DM v4.03 to DM v6.1 using minimap2 PAF cg:Z CIGAR	0.995484753477224	60	ST4.03ch08	50645027
8	53103373	55.508	pPt-651318	ppt-651318	DArT_marker	cigar_liftover_v403_to_v61	TableS4 marker lifted from PGSC/DM v4.03 to DM v6.1 using minimap2 PAF cg:Z CIGAR	0.995484753477224	60	ST4.03ch08	50645027
8	53103373	55.508	pPt-656593	ppt-656593	DArT_marker	cigar_liftover_v403_to_v61	TableS4 marker lifted from PGSC/DM v4.03 to DM v6.1 using minimap2 PAF cg:Z CIGAR	0.995484753477224	60	ST4.03ch08	50645027
8	53103373	55.508	pPt-657155	ppt-657155	DArT_marker	cigar_liftover_v403_to_v61	TableS4 marker lifted from PGSC/DM v4.03 to DM v6.1 using minimap2 PAF cg:Z CIGAR	0.995484753477224	60	ST4.03ch08	50645027
8	53149549	55.981	pPt-533914	ppt-533914	DArT_marker	cigar_liftover_v403_to_v61	TableS4 marker lifted from PGSC/DM v4.03 to DM v6.1 using minimap2 PAF cg:Z CIGAR	0.995484753477224	60	ST4.03ch08	50691444
8	53149549	55.99	pPt-456633	ppt-456633	DArT_marker	cigar_liftover_v403_to_v61	TableS4 marker lifted from PGSC/DM v4.03 to DM v6.1 using minimap2 PAF cg:Z CIGAR	0.995484753477224	60	ST4.03ch08	50691444
8	53149549	55.99	pPt-471609	ppt-471609	DArT_marker	cigar_liftover_v403_to_v61	TableS4 marker lifted from PGSC/DM v4.03 to DM v6.1 using minimap2 PAF cg:Z CIGAR	0.995484753477224	60	ST4.03ch08	50691444
8	53149549	55.99	pPt-472146	ppt-472146	DArT_marker	cigar_liftover_v403_to_v61	TableS4 marker lifted from PGSC/DM v4.03 to DM v6.1 using minimap2 PAF cg:Z CIGAR	0.995484753477224	60	ST4.03ch08	50691444
8	53149549	55.99	pPt-534069	ppt-534069	DArT_marker	cigar_liftover_v403_to_v61	TableS4 marker lifted from PGSC/DM v4.03 to DM v6.1 using minimap2 PAF cg:Z CIGAR	0.995484753477224	60	ST4.03ch08	50691444
8	53149549	55.99	pPt-535408	ppt-535408	DArT_marker	cigar_liftover_v403_to_v61	TableS4 marker lifted from PGSC/DM v4.03 to DM v6.1 using minimap2 PAF cg:Z CIGAR	0.995484753477224	60	ST4.03ch08	50691444
8	53149549	55.99	pPt-650451	ppt-650451	DArT_marker	cigar_liftover_v403_to_v61	TableS4 marker lifted from PGSC/DM v4.03 to DM v6.1 using minimap2 PAF cg:Z CIGAR	0.995484753477224	60	ST4.03ch08	50691444
8	53149549	55.99	pPt-654390	ppt-654390	DArT_marker	cigar_liftover_v403_to_v61	TableS4 marker lifted from PGSC/DM v4.03 to DM v6.1 using minimap2 PAF cg:Z CIGAR	0.995484753477224	60	ST4.03ch08	50691444
8	53149549	55.99	pPt-654681	ppt-654681	DArT_marker	cigar_liftover_v403_to_v61	TableS4 marker lifted from PGSC/DM v4.03 to DM v6.1 using minimap2 PAF cg:Z CIGAR	0.995484753477224	60	ST4.03ch08	50691444
8	53149549	56.128	pPt-653213	ppt-653213	DArT_marker	cigar_liftover_v403_to_v61	TableS4 marker lifted from PGSC/DM v4.03 to DM v6.1 using minimap2 PAF cg:Z CIGAR	0.995484753477224	60	ST4.03ch08	50691444
8	53301457	55.99	pPt-653413	ppt-653413	DArT_marker	cigar_liftover_v403_to_v61	TableS4 marker lifted from PGSC/DM v4.03 to DM v6.1 using minimap2 PAF cg:Z CIGAR	0.9947249434815372	60	ST4.03ch08	50840550
8	53440117	55.99	pPt-534647	ppt-534647	DArT_marker	cigar_liftover_v403_to_v61	TableS4 marker lifted from PGSC/DM v4.03 to DM v6.1 using minimap2 PAF cg:Z CIGAR	0.9957253429063518	60	ST4.03ch08	51028438
8	53440117	55.99	pPt-537695	ppt-537695	DArT_marker	cigar_liftover_v403_to_v61	TableS4 marker lifted from PGSC/DM v4.03 to DM v6.1 using minimap2 PAF cg:Z CIGAR	0.9957253429063518	60	ST4.03ch08	51028438
8	53440117	55.99	pPt-539449	ppt-539449	DArT_marker	cigar_liftover_v403_to_v61	TableS4 marker lifted from PGSC/DM v4.03 to DM v6.1 using minimap2 PAF cg:Z CIGAR	0.9957253429063518	60	ST4.03ch08	51028438
8	53440117	55.99	pPt-540054	ppt-540054	DArT_marker	cigar_liftover_v403_to_v61	TableS4 marker lifted from PGSC/DM v4.03 to DM v6.1 using minimap2 PAF cg:Z CIGAR	0.9957253429063518	60	ST4.03ch08	51028438
8	53440117	55.99	pPt-540397	ppt-540397	DArT_marker	cigar_liftover_v403_to_v61	TableS4 marker lifted from PGSC/DM v4.03 to DM v6.1 using minimap2 PAF cg:Z CIGAR	0.9957253429063518	60	ST4.03ch08	51028438
8	53440117	55.99	pPt-552215	ppt-552215	DArT_marker	cigar_liftover_v403_to_v61	TableS4 marker lifted from PGSC/DM v4.03 to DM v6.1 using minimap2 PAF cg:Z CIGAR	0.9957253429063518	60	ST4.03ch08	51028438
8	53440117	55.99	pPt-552409	ppt-552409	DArT_marker	cigar_liftover_v403_to_v61	TableS4 marker lifted from PGSC/DM v4.03 to DM v6.1 using minimap2 PAF cg:Z CIGAR	0.9957253429063518	60	ST4.03ch08	51028438
8	53440159	55.985	pPt-539475	ppt-539475	DArT_marker	cigar_liftover_v403_to_v61	TableS4 marker lifted from PGSC/DM v4.03 to DM v6.1 using minimap2 PAF cg:Z CIGAR	0.9957253429063518	60	ST4.03ch08	51028480
8	53440159	55.99	pPt-459284	ppt-459284	DArT_marker	cigar_liftover_v403_to_v61	TableS4 marker lifted from PGSC/DM v4.03 to DM v6.1 using minimap2 PAF cg:Z CIGAR	0.9957253429063518	60	ST4.03ch08	51028480
8	53440159	55.99	pPt-459500	ppt-459500	DArT_marker	cigar_liftover_v403_to_v61	TableS4 marker lifted from PGSC/DM v4.03 to DM v6.1 using minimap2 PAF cg:Z CIGAR	0.9957253429063518	60	ST4.03ch08	51028480
8	53440159	55.99	pPt-534054	ppt-534054	DArT_marker	cigar_liftover_v403_to_v61	TableS4 marker lifted from PGSC/DM v4.03 to DM v6.1 using minimap2 PAF cg:Z CIGAR	0.9957253429063518	60	ST4.03ch08	51028480
8	53440159	55.99	pPt-535433	ppt-535433	DArT_marker	cigar_liftover_v403_to_v61	TableS4 marker lifted from PGSC/DM v4.03 to DM v6.1 using minimap2 PAF cg:Z CIGAR	0.9957253429063518	60	ST4.03ch08	51028480
8	53440159	55.99	pPt-539923	ppt-539923	DArT_marker	cigar_liftover_v403_to_v61	TableS4 marker lifted from PGSC/DM v4.03 to DM v6.1 using minimap2 PAF cg:Z CIGAR	0.9957253429063518	60	ST4.03ch08	51028480
8	53440159	55.99	pPt-653826	ppt-653826	DArT_marker	cigar_liftover_v403_to_v61	TableS4 marker lifted from PGSC/DM v4.03 to DM v6.1 using minimap2 PAF cg:Z CIGAR	0.9957253429063518	60	ST4.03ch08	51028480
8	53440159	55.99	pPt-654553	ppt-654553	DArT_marker	cigar_liftover_v403_to_v61	TableS4 marker lifted from PGSC/DM v4.03 to DM v6.1 using minimap2 PAF cg:Z CIGAR	0.9957253429063518	60	ST4.03ch08	51028480
8	53440159	55.99	pPt-654580	ppt-654580	DArT_marker	cigar_liftover_v403_to_v61	TableS4 marker lifted from PGSC/DM v4.03 to DM v6.1 using minimap2 PAF cg:Z CIGAR	0.9957253429063518	60	ST4.03ch08	51028480
8	53440159	55.99	pPt-655076	ppt-655076	DArT_marker	cigar_liftover_v403_to_v61	TableS4 marker lifted from PGSC/DM v4.03 to DM v6.1 using minimap2 PAF cg:Z CIGAR	0.9957253429063518	60	ST4.03ch08	51028480
8	53440159	55.99	pPt-656301	ppt-656301	DArT_marker	cigar_liftover_v403_to_v61	TableS4 marker lifted from PGSC/DM v4.03 to DM v6.1 using minimap2 PAF cg:Z CIGAR	0.9957253429063518	60	ST4.03ch08	51028480
8	54709742	57.256	toPt-441074	topt-441074	DArT_marker	cigar_liftover_v403_to_v61	TableS4 marker lifted from PGSC/DM v4.03 to DM v6.1 using minimap2 PAF cg:Z CIGAR	0.9714508049219396	60	ST4.03ch08	52197370
8	55027732	60.448	PM1350	pm1350	repeat_region	cigar_liftover_v403_to_v61	TableS4 marker lifted from PGSC/DM v4.03 to DM v6.1 using minimap2 PAF cg:Z CIGAR	0.9880367347846388	60	ST4.03ch08	52529645
8	56271396	59.685	solcap_snp_c1_8296	solcap_snp_c1_8296	SNP	direct_spuddb_dm_v6_1	SolCAP SNP exact non-multimap position from SpudDB DM v6.1				
8	57177168	62.25	solcap_snp_c1_5485	solcap_snp_c1_5485	SNP	direct_spuddb_dm_v6_1	SolCAP SNP exact non-multimap position from SpudDB DM v6.1				
8	57178514	62.647	pPt-654618	ppt-654618	DArT_marker	cigar_liftover_v403_to_v61	TableS4 marker lifted from PGSC/DM v4.03 to DM v6.1 using minimap2 PAF cg:Z CIGAR	0.9897075769105338	60	ST4.03ch08	54752675
8	57178514	62.649	pPt-534465	ppt-534465	DArT_marker	cigar_liftover_v403_to_v61	TableS4 marker lifted from PGSC/DM v4.03 to DM v6.1 using minimap2 PAF cg:Z CIGAR	0.9897075769105338	60	ST4.03ch08	54752675
8	57274863	62.253	solcap_snp_c1_5509	solcap_snp_c1_5509	SNP	direct_spuddb_dm_v6_1	SolCAP SNP exact non-multimap position from SpudDB DM v6.1				
8	57290176	62.647	pPt-559141	ppt-559141	DArT_marker	cigar_liftover_v403_to_v61	TableS4 marker lifted from PGSC/DM v4.03 to DM v6.1 using minimap2 PAF cg:Z CIGAR	0.9897075769105338	60	ST4.03ch08	54865780
8	57290181	62.647	pPt-655892	ppt-655892	DArT_marker	cigar_liftover_v403_to_v61	TableS4 marker lifted from PGSC/DM v4.03 to DM v6.1 using minimap2 PAF cg:Z CIGAR	0.9897075769105338	60	ST4.03ch08	54865785
8	57358335	63.404	solcap_snp_c1_5532	solcap_snp_c1_5532	SNP	direct_spuddb_dm_v6_1	SolCAP SNP exact non-multimap position from SpudDB DM v6.1				
8	57510401	63.222	pPt-472859	ppt-472859	DArT_marker	cigar_liftover_v403_to_v61	TableS4 marker lifted from PGSC/DM v4.03 to DM v6.1 using minimap2 PAF cg:Z CIGAR	0.9954198189028668	60	ST4.03ch08	55093946
8	57510401	63.222	pPt-534737	ppt-534737	DArT_marker	cigar_liftover_v403_to_v61	TableS4 marker lifted from PGSC/DM v4.03 to DM v6.1 using minimap2 PAF cg:Z CIGAR	0.9954198189028668	60	ST4.03ch08	55093946
8	57510401	63.222	pPt-538016	ppt-538016	DArT_marker	cigar_liftover_v403_to_v61	TableS4 marker lifted from PGSC/DM v4.03 to DM v6.1 using minimap2 PAF cg:Z CIGAR	0.9954198189028668	60	ST4.03ch08	55093946
8	57510401	63.222	pPt-652905	ppt-652905	DArT_marker	cigar_liftover_v403_to_v61	TableS4 marker lifted from PGSC/DM v4.03 to DM v6.1 using minimap2 PAF cg:Z CIGAR	0.9954198189028668	60	ST4.03ch08	55093946
8	57639250	64.333	MICRO.9324.C1_542	micro.9324.c1_542	match	cigar_liftover_v403_to_v61	TableS4 marker lifted from PGSC/DM v4.03 to DM v6.1 using minimap2 PAF cg:Z CIGAR	0.9795766389618838	60	ST4.03ch08	55225650
8	57690192	64.687	solcap_snp_c1_5605	solcap_snp_c1_5605	SNP	direct_spuddb_dm_v6_1	SolCAP SNP exact non-multimap position from SpudDB DM v6.1				
8	57771519	64.377	solcap_snp_c1_5612	solcap_snp_c1_5612	SNP	direct_spuddb_dm_v6_1	SolCAP SNP exact non-multimap position from SpudDB DM v6.1				
8	57947606	63.83	pPt-534657	ppt-534657	DArT_marker	cigar_liftover_v403_to_v61	TableS4 marker lifted from PGSC/DM v4.03 to DM v6.1 using minimap2 PAF cg:Z CIGAR	0.9892485319565404	60	ST4.03ch08	55544452
8	57947606	63.831	pPt-535660	ppt-535660	DArT_marker	cigar_liftover_v403_to_v61	TableS4 marker lifted from PGSC/DM v4.03 to DM v6.1 using minimap2 PAF cg:Z CIGAR	0.9892485319565404	60	ST4.03ch08	55544452
8	57947606	63.831	pPt-537356	ppt-537356	DArT_marker	cigar_liftover_v403_to_v61	TableS4 marker lifted from PGSC/DM v4.03 to DM v6.1 using minimap2 PAF cg:Z CIGAR	0.9892485319565404	60	ST4.03ch08	55544452
8	57947687	63.741	pPt-456511	ppt-456511	DArT_marker	cigar_liftover_v403_to_v61	TableS4 marker lifted from PGSC/DM v4.03 to DM v6.1 using minimap2 PAF cg:Z CIGAR	0.9892485319565404	60	ST4.03ch08	55544533
8	57947687	63.83	pPt-456583	ppt-456583	DArT_marker	cigar_liftover_v403_to_v61	TableS4 marker lifted from PGSC/DM v4.03 to DM v6.1 using minimap2 PAF cg:Z CIGAR	0.9892485319565404	60	ST4.03ch08	55544533
8	57947687	63.83	pPt-458832	ppt-458832	DArT_marker	cigar_liftover_v403_to_v61	TableS4 marker lifted from PGSC/DM v4.03 to DM v6.1 using minimap2 PAF cg:Z CIGAR	0.9892485319565404	60	ST4.03ch08	55544533
8	57947687	63.83	pPt-650038	ppt-650038	DArT_marker	cigar_liftover_v403_to_v61	TableS4 marker lifted from PGSC/DM v4.03 to DM v6.1 using minimap2 PAF cg:Z CIGAR	0.9892485319565404	60	ST4.03ch08	55544533
8	57947687	63.83	pPt-651102	ppt-651102	DArT_marker	cigar_liftover_v403_to_v61	TableS4 marker lifted from PGSC/DM v4.03 to DM v6.1 using minimap2 PAF cg:Z CIGAR	0.9892485319565404	60	ST4.03ch08	55544533
8	57947687	63.83	pPt-651563	ppt-651563	DArT_marker	cigar_liftover_v403_to_v61	TableS4 marker lifted from PGSC/DM v4.03 to DM v6.1 using minimap2 PAF cg:Z CIGAR	0.9892485319565404	60	ST4.03ch08	55544533
8	57947687	63.839	pPt-472709	ppt-472709	DArT_marker	cigar_liftover_v403_to_v61	TableS4 marker lifted from PGSC/DM v4.03 to DM v6.1 using minimap2 PAF cg:Z CIGAR	0.9892485319565404	60	ST4.03ch08	55544533
8	57947687	63.869	pPt-473215	ppt-473215	DArT_marker	cigar_liftover_v403_to_v61	TableS4 marker lifted from PGSC/DM v4.03 to DM v6.1 using minimap2 PAF cg:Z CIGAR	0.9892485319565404	60	ST4.03ch08	55544533
8	57947687	63.946	pPt-472371	ppt-472371	DArT_marker	cigar_liftover_v403_to_v61	TableS4 marker lifted from PGSC/DM v4.03 to DM v6.1 using minimap2 PAF cg:Z CIGAR	0.9892485319565404	60	ST4.03ch08	55544533
8	57962958	65.034	pPt-471848	ppt-471848	DArT_marker	cigar_liftover_v403_to_v61	TableS4 marker lifted from PGSC/DM v4.03 to DM v6.1 using minimap2 PAF cg:Z CIGAR	0.9892485319565404	60	ST4.03ch08	55560164
8	58072885	63.683	toPt-438550	topt-438550	DArT_marker	cigar_liftover_v403_to_v61	TableS4 marker lifted from PGSC/DM v4.03 to DM v6.1 using minimap2 PAF cg:Z CIGAR	0.9905061095860545	60	ST4.03ch08	55671592
8	58072885	63.724	toPt-439386	topt-439386	DArT_marker	cigar_liftover_v403_to_v61	TableS4 marker lifted from PGSC/DM v4.03 to DM v6.1 using minimap2 PAF cg:Z CIGAR	0.9905061095860545	60	ST4.03ch08	55671592
8	58072885	63.726	toPt-440196	topt-440196	DArT_marker	cigar_liftover_v403_to_v61	TableS4 marker lifted from PGSC/DM v4.03 to DM v6.1 using minimap2 PAF cg:Z CIGAR	0.9905061095860545	60	ST4.03ch08	55671592
8	58072885	63.726	toPt-440354	topt-440354	DArT_marker	cigar_liftover_v403_to_v61	TableS4 marker lifted from PGSC/DM v4.03 to DM v6.1 using minimap2 PAF cg:Z CIGAR	0.9905061095860545	60	ST4.03ch08	55671592
8	58072885	63.727	toPt-440599	topt-440599	DArT_marker	cigar_liftover_v403_to_v61	TableS4 marker lifted from PGSC/DM v4.03 to DM v6.1 using minimap2 PAF cg:Z CIGAR	0.9905061095860545	60	ST4.03ch08	55671592
8	58072885	63.729	pPt-653047	ppt-653047	DArT_marker	cigar_liftover_v403_to_v61	TableS4 marker lifted from PGSC/DM v4.03 to DM v6.1 using minimap2 PAF cg:Z CIGAR	0.9905061095860545	60	ST4.03ch08	55671592
8	58072885	63.73	pPt-651985	ppt-651985	DArT_marker	cigar_liftover_v403_to_v61	TableS4 marker lifted from PGSC/DM v4.03 to DM v6.1 using minimap2 PAF cg:Z CIGAR	0.9905061095860545	60	ST4.03ch08	55671592
8	58072885	63.733	pPt-655827	ppt-655827	DArT_marker	cigar_liftover_v403_to_v61	TableS4 marker lifted from PGSC/DM v4.03 to DM v6.1 using minimap2 PAF cg:Z CIGAR	0.9905061095860545	60	ST4.03ch08	55671592
8	58072885	63.798	toPt-436952	topt-436952	DArT_marker	cigar_liftover_v403_to_v61	TableS4 marker lifted from PGSC/DM v4.03 to DM v6.1 using minimap2 PAF cg:Z CIGAR	0.9905061095860545	60	ST4.03ch08	55671592
8	58072885	63.806	toPt-439069	topt-439069	DArT_marker	cigar_liftover_v403_to_v61	TableS4 marker lifted from PGSC/DM v4.03 to DM v6.1 using minimap2 PAF cg:Z CIGAR	0.9905061095860545	60	ST4.03ch08	55671592
8	58422287	65.698	solcap_snp_c1_5166	solcap_snp_c1_5166	SNP	direct_spuddb_dm_v6_1	SolCAP SNP exact non-multimap position from SpudDB DM v6.1				
8	58604496	66.412	pPt-651323	ppt-651323	DArT_marker	cigar_liftover_v403_to_v61	TableS4 marker lifted from PGSC/DM v4.03 to DM v6.1 using minimap2 PAF cg:Z CIGAR	0.992050762138224	60	ST4.03ch08	56233697
8	58624649	65.997	PM0024	pm0024	repeat_region	cigar_liftover_v403_to_v61	TableS4 marker lifted from PGSC/DM v4.03 to DM v6.1 using minimap2 PAF cg:Z CIGAR	0.992050762138224	60	ST4.03ch08	56255601
8	58764444	67.791	pPt-457615	ppt-457615	DArT_marker	cigar_liftover_v403_to_v61	TableS4 marker lifted from PGSC/DM v4.03 to DM v6.1 using minimap2 PAF cg:Z CIGAR	0.9636688505062536	60	ST4.03ch08	56396291
8	58764544	65.62	pPt-536343	ppt-536343	DArT_marker	cigar_liftover_v403_to_v61	TableS4 marker lifted from PGSC/DM v4.03 to DM v6.1 using minimap2 PAF cg:Z CIGAR	0.9636688505062536	60	ST4.03ch08	56396391
8	58764544	65.62	pPt-653345	ppt-653345	DArT_marker	cigar_liftover_v403_to_v61	TableS4 marker lifted from PGSC/DM v4.03 to DM v6.1 using minimap2 PAF cg:Z CIGAR	0.9636688505062536	60	ST4.03ch08	56396391
8	59058754	65.895	pPt-458570	ppt-458570	DArT_marker	cigar_liftover_v403_to_v61	TableS4 marker lifted from PGSC/DM v4.03 to DM v6.1 using minimap2 PAF cg:Z CIGAR	0.9961973955345952	60	ST4.03ch08	56695616
8	59147191	66.946	STGBSS	stgbss	repeat_region	cigar_liftover_v403_to_v61	TableS4 marker lifted from PGSC/DM v4.03 to DM v6.1 using minimap2 PAF cg:Z CIGAR	0.9983344798870344	60	ST4.03ch08	56785552
8	59147419	66.376	STM1105	stm1105	repeat_region	cigar_liftover_v403_to_v61	TableS4 marker lifted from PGSC/DM v4.03 to DM v6.1 using minimap2 PAF cg:Z CIGAR	0.9983344798870344	60	ST4.03ch08	56785780
9	831875	4.927	solcap_snp_c1_14376	solcap_snp_c1_14376	SNP	direct_spuddb_dm_v6_1	SolCAP SNP exact non-multimap position from SpudDB DM v6.1				
9	2345795	15.594	pPt-458562	ppt-458562	DArT_marker	cigar_liftover_v403_to_v61	TableS4 marker lifted from PGSC/DM v4.03 to DM v6.1 using minimap2 PAF cg:Z CIGAR	0.9819849405362296	60	ST4.03ch09	2498078
9	2345796	15.594	pPt-654539	ppt-654539	DArT_marker	cigar_liftover_v403_to_v61	TableS4 marker lifted from PGSC/DM v4.03 to DM v6.1 using minimap2 PAF cg:Z CIGAR	0.9819849405362296	60	ST4.03ch09	2498079
9	2345796	15.594	toPt-439769	topt-439769	DArT_marker	cigar_liftover_v403_to_v61	TableS4 marker lifted from PGSC/DM v4.03 to DM v6.1 using minimap2 PAF cg:Z CIGAR	0.9819849405362296	60	ST4.03ch09	2498079
9	2345959	15.561	pPt-535215	ppt-535215	DArT_marker	cigar_liftover_v403_to_v61	TableS4 marker lifted from PGSC/DM v4.03 to DM v6.1 using minimap2 PAF cg:Z CIGAR	0.9819849405362296	60	ST4.03ch09	2498242
9	2345959	15.594	pPt-535707	ppt-535707	DArT_marker	cigar_liftover_v403_to_v61	TableS4 marker lifted from PGSC/DM v4.03 to DM v6.1 using minimap2 PAF cg:Z CIGAR	0.9819849405362296	60	ST4.03ch09	2498242
9	2345959	15.594	pPt-536424	ppt-536424	DArT_marker	cigar_liftover_v403_to_v61	TableS4 marker lifted from PGSC/DM v4.03 to DM v6.1 using minimap2 PAF cg:Z CIGAR	0.9819849405362296	60	ST4.03ch09	2498242
9	2544553	15.584	pPt-654939	ppt-654939	DArT_marker	cigar_liftover_v403_to_v61	TableS4 marker lifted from PGSC/DM v4.03 to DM v6.1 using minimap2 PAF cg:Z CIGAR	0.9691447615975918	60	ST4.03ch09	2709367
9	3476267	17.957	PM0054	pm0054	repeat_region	cigar_liftover_v403_to_v61	TableS4 marker lifted from PGSC/DM v4.03 to DM v6.1 using minimap2 PAF cg:Z CIGAR	0.999685707550876	60	ST4.03ch09	3666093
9	3571359	19.944	STM5145	stm5145	repeat_region	cigar_liftover_v403_to_v61	TableS4 marker lifted from PGSC/DM v4.03 to DM v6.1 using minimap2 PAF cg:Z CIGAR	0.9811163168067962	60	ST4.03ch09	3765828
9	4114138	20.566	solcap_snp_c1_1426	solcap_snp_c1_1426	SNP	direct_spuddb_dm_v6_1	SolCAP SNP exact non-multimap position from SpudDB DM v6.1				
9	9559911	33.402	toPt-440358	topt-440358	DArT_marker	cigar_liftover_v403_to_v61	TableS4 marker lifted from PGSC/DM v4.03 to DM v6.1 using minimap2 PAF cg:Z CIGAR	0.9978166733379426	60	ST4.03ch09	9674898
9	12397029	40.061	PM1307	pm1307	repeat_region	cigar_liftover_v403_to_v61	TableS4 marker lifted from PGSC/DM v4.03 to DM v6.1 using minimap2 PAF cg:Z CIGAR	0.9944450417517828	60	ST4.03ch09	12652249
9	18288931	39.474	pPt-472210	ppt-472210	DArT_marker	cigar_liftover_v403_to_v61	TableS4 marker lifted from PGSC/DM v4.03 to DM v6.1 using minimap2 PAF cg:Z CIGAR	0.9995301193496852	60	ST4.03ch09	18581051
9	18288931	39.474	pPt-651294	ppt-651294	DArT_marker	cigar_liftover_v403_to_v61	TableS4 marker lifted from PGSC/DM v4.03 to DM v6.1 using minimap2 PAF cg:Z CIGAR	0.9995301193496852	60	ST4.03ch09	18581051
9	18288931	39.586	pPt-656396	ppt-656396	DArT_marker	cigar_liftover_v403_to_v61	TableS4 marker lifted from PGSC/DM v4.03 to DM v6.1 using minimap2 PAF cg:Z CIGAR	0.9995301193496852	60	ST4.03ch09	18581051
9	18288931	39.586	pPt-656821	ppt-656821	DArT_marker	cigar_liftover_v403_to_v61	TableS4 marker lifted from PGSC/DM v4.03 to DM v6.1 using minimap2 PAF cg:Z CIGAR	0.9995301193496852	60	ST4.03ch09	18581051
9	18288987	39.586	pPt-657409	ppt-657409	DArT_marker	cigar_liftover_v403_to_v61	TableS4 marker lifted from PGSC/DM v4.03 to DM v6.1 using minimap2 PAF cg:Z CIGAR	0.9995301193496852	60	ST4.03ch09	18581107
9	34137871	39.625	solcap_snp_c1_2319	solcap_snp_c1_2319	SNP	direct_spuddb_dm_v6_1	SolCAP SNP exact non-multimap position from SpudDB DM v6.1				
9	43274545	39.59	pPt-651168	ppt-651168	DArT_marker	cigar_liftover_v403_to_v61	TableS4 marker lifted from PGSC/DM v4.03 to DM v6.1 using minimap2 PAF cg:Z CIGAR	0.9953591801218216	60	ST4.03ch09	25403324
9	43807359	39.406	st_2663	st_2663	repeat_region	cigar_liftover_v403_to_v61	TableS4 marker lifted from PGSC/DM v4.03 to DM v6.1 using minimap2 PAF cg:Z CIGAR	0.9990661841951676	60	ST4.03ch09	24776337
9	46801848	39.514	solcap_snp_c1_8209	solcap_snp_c1_8209	SNP	direct_spuddb_dm_v6_1	SolCAP SNP exact non-multimap position from SpudDB DM v6.1				
9	51477883	40.83	pPt-559310	ppt-559310	DArT_marker	cigar_liftover_v403_to_v61	TableS4 marker lifted from PGSC/DM v4.03 to DM v6.1 using minimap2 PAF cg:Z CIGAR	0.995662100456621	60	ST4.03ch09	44841650
9	52227267	38.757	toPt-439232	topt-439232	DArT_marker	cigar_liftover_v403_to_v61	TableS4 marker lifted from PGSC/DM v4.03 to DM v6.1 using minimap2 PAF cg:Z CIGAR	0.9887980932924754	60	ST4.03ch09	45575024
9	52971231	39.275	pPt-655972	ppt-655972	DArT_marker	cigar_liftover_v403_to_v61	TableS4 marker lifted from PGSC/DM v4.03 to DM v6.1 using minimap2 PAF cg:Z CIGAR	0.9967118507582876	60	ST4.03ch09	46386843
9	53488920	48.091	pPt-535745	ppt-535745	DArT_marker	cigar_liftover_v403_to_v61	TableS4 marker lifted from PGSC/DM v4.03 to DM v6.1 using minimap2 PAF cg:Z CIGAR	0.9963680917166235	60	ST4.03ch09	46919171
9	54181202	45.609	solcap_snp_c1_12794	solcap_snp_c1_12794	SNP	direct_spuddb_dm_v6_1	SolCAP SNP exact non-multimap position from SpudDB DM v6.1				
9	54297084	45.817	solcap_snp_c1_12802	solcap_snp_c1_12802	SNP	direct_spuddb_dm_v6_1	SolCAP SNP exact non-multimap position from SpudDB DM v6.1				
9	54406078	49.282	MICRO.637.C1_809	micro.637.c1_809	match	cigar_liftover_v403_to_v61	TableS4 marker lifted from PGSC/DM v4.03 to DM v6.1 using minimap2 PAF cg:Z CIGAR	0.9931788018148708	60	ST4.03ch09	47755746
9	54716891	46.308	MICRO.1131.C1_434	micro.1131.c1_434	match	cigar_liftover_v403_to_v61	TableS4 marker lifted from PGSC/DM v4.03 to DM v6.1 using minimap2 PAF cg:Z CIGAR	0.9857754027213615	60	ST4.03ch09	48072921
9	54815626	46.593	solcap_snp_c1_6181	solcap_snp_c1_6181	SNP	direct_spuddb_dm_v6_1	SolCAP SNP exact non-multimap position from SpudDB DM v6.1				
9	54925535	47.698	pPt-657115	ppt-657115	DArT_marker	cigar_liftover_v403_to_v61	TableS4 marker lifted from PGSC/DM v4.03 to DM v6.1 using minimap2 PAF cg:Z CIGAR	0.9982749128280418	60	ST4.03ch09	48283099
9	55253949	51.48	solcap_snp_c1_13514	solcap_snp_c1_13514	SNP	direct_spuddb_dm_v6_1	SolCAP SNP exact non-multimap position from SpudDB DM v6.1				
9	55353103	56.142	solcap_snp_c1_13519	solcap_snp_c1_13519	SNP	direct_spuddb_dm_v6_1	SolCAP SNP exact non-multimap position from SpudDB DM v6.1				
9	56104281	50.736	solcap_snp_c1_16459	solcap_snp_c1_16459	SNP	direct_spuddb_dm_v6_1	SolCAP SNP exact non-multimap position from SpudDB DM v6.1				
9	56226267	51.182	pPt-656192	ppt-656192	DArT_marker	cigar_liftover_v403_to_v61	TableS4 marker lifted from PGSC/DM v4.03 to DM v6.1 using minimap2 PAF cg:Z CIGAR	0.9957788243502528	60	ST4.03ch09	49658957
9	56226267	51.182	pPt-656602	ppt-656602	DArT_marker	cigar_liftover_v403_to_v61	TableS4 marker lifted from PGSC/DM v4.03 to DM v6.1 using minimap2 PAF cg:Z CIGAR	0.9957788243502528	60	ST4.03ch09	49658957
9	56226267	51.631	toPt-437343	topt-437343	DArT_marker	cigar_liftover_v403_to_v61	TableS4 marker lifted from PGSC/DM v4.03 to DM v6.1 using minimap2 PAF cg:Z CIGAR	0.9957788243502528	60	ST4.03ch09	49658957
9	56552391	54.987	solcap_snp_c1_11692	solcap_snp_c1_11692	SNP	direct_spuddb_dm_v6_1	SolCAP SNP exact non-multimap position from SpudDB DM v6.1				
9	56555736	55.203	solcap_snp_c1_11691	solcap_snp_c1_11691	SNP	direct_spuddb_dm_v6_1	SolCAP SNP exact non-multimap position from SpudDB DM v6.1				
9	56953438	55.642	solcap_snp_c1_15363	solcap_snp_c1_15363	SNP	direct_spuddb_dm_v6_1	SolCAP SNP exact non-multimap position from SpudDB DM v6.1				
9	57976818	58.667	solcap_snp_c1_11906	solcap_snp_c1_11906	SNP	direct_spuddb_dm_v6_1	SolCAP SNP exact non-multimap position from SpudDB DM v6.1				
9	58329653	61.222	solcap_snp_c1_1419	solcap_snp_c1_1419	SNP	direct_spuddb_dm_v6_1	SolCAP SNP exact non-multimap position from SpudDB DM v6.1				
9	58413779	61.264	solcap_snp_c1_1401	solcap_snp_c1_1401	SNP	direct_spuddb_dm_v6_1	SolCAP SNP exact non-multimap position from SpudDB DM v6.1				
9	58912293	60.697	solcap_snp_c1_12054	solcap_snp_c1_12054	SNP	direct_spuddb_dm_v6_1	SolCAP SNP exact non-multimap position from SpudDB DM v6.1				
9	59165401	61.638	MICRO.7279.C2_1718	micro.7279.c2_1718	match	cigar_liftover_v403_to_v61	TableS4 marker lifted from PGSC/DM v4.03 to DM v6.1 using minimap2 PAF cg:Z CIGAR	0.9573266915732668	60	ST4.03ch09	52448922
9	59431650	62.801	pPt-534078	ppt-534078	DArT_marker	cigar_liftover_v403_to_v61	TableS4 marker lifted from PGSC/DM v4.03 to DM v6.1 using minimap2 PAF cg:Z CIGAR	0.9830750094338304	60	ST4.03ch09	52751397
9	59431650	62.809	pPt-534451	ppt-534451	DArT_marker	cigar_liftover_v403_to_v61	TableS4 marker lifted from PGSC/DM v4.03 to DM v6.1 using minimap2 PAF cg:Z CIGAR	0.9830750094338304	60	ST4.03ch09	52751397
9	59431650	62.809	pPt-535128	ppt-535128	DArT_marker	cigar_liftover_v403_to_v61	TableS4 marker lifted from PGSC/DM v4.03 to DM v6.1 using minimap2 PAF cg:Z CIGAR	0.9830750094338304	60	ST4.03ch09	52751397
9	59431650	62.809	pPt-654366	ppt-654366	DArT_marker	cigar_liftover_v403_to_v61	TableS4 marker lifted from PGSC/DM v4.03 to DM v6.1 using minimap2 PAF cg:Z CIGAR	0.9830750094338304	60	ST4.03ch09	52751397
9	59431650	62.809	pPt-656578	ppt-656578	DArT_marker	cigar_liftover_v403_to_v61	TableS4 marker lifted from PGSC/DM v4.03 to DM v6.1 using minimap2 PAF cg:Z CIGAR	0.9830750094338304	60	ST4.03ch09	52751397
9	59431650	62.809	pPt-657090	ppt-657090	DArT_marker	cigar_liftover_v403_to_v61	TableS4 marker lifted from PGSC/DM v4.03 to DM v6.1 using minimap2 PAF cg:Z CIGAR	0.9830750094338304	60	ST4.03ch09	52751397
9	59431706	62.809	pPt-538179	ppt-538179	DArT_marker	cigar_liftover_v403_to_v61	TableS4 marker lifted from PGSC/DM v4.03 to DM v6.1 using minimap2 PAF cg:Z CIGAR	0.9830750094338304	60	ST4.03ch09	52751453
9	59431737	62.792	toPt-439913	topt-439913	DArT_marker	cigar_liftover_v403_to_v61	TableS4 marker lifted from PGSC/DM v4.03 to DM v6.1 using minimap2 PAF cg:Z CIGAR	0.9830750094338304	60	ST4.03ch09	52751484
9	59431742	62.727	pPt-539594	ppt-539594	DArT_marker	cigar_liftover_v403_to_v61	TableS4 marker lifted from PGSC/DM v4.03 to DM v6.1 using minimap2 PAF cg:Z CIGAR	0.9830750094338304	60	ST4.03ch09	52751489
9	59431742	62.803	pPt-474105	ppt-474105	DArT_marker	cigar_liftover_v403_to_v61	TableS4 marker lifted from PGSC/DM v4.03 to DM v6.1 using minimap2 PAF cg:Z CIGAR	0.9830750094338304	60	ST4.03ch09	52751489
9	59431742	62.803	pPt-539858	ppt-539858	DArT_marker	cigar_liftover_v403_to_v61	TableS4 marker lifted from PGSC/DM v4.03 to DM v6.1 using minimap2 PAF cg:Z CIGAR	0.9830750094338304	60	ST4.03ch09	52751489
9	59431742	62.809	pPt-533701	ppt-533701	DArT_marker	cigar_liftover_v403_to_v61	TableS4 marker lifted from PGSC/DM v4.03 to DM v6.1 using minimap2 PAF cg:Z CIGAR	0.9830750094338304	60	ST4.03ch09	52751489
9	59431742	62.809	pPt-534581	ppt-534581	DArT_marker	cigar_liftover_v403_to_v61	TableS4 marker lifted from PGSC/DM v4.03 to DM v6.1 using minimap2 PAF cg:Z CIGAR	0.9830750094338304	60	ST4.03ch09	52751489
9	59431742	63.059	pPt-535743	ppt-535743	DArT_marker	cigar_liftover_v403_to_v61	TableS4 marker lifted from PGSC/DM v4.03 to DM v6.1 using minimap2 PAF cg:Z CIGAR	0.9830750094338304	60	ST4.03ch09	52751489
9	59431743	62.809	pPt-535726	ppt-535726	DArT_marker	cigar_liftover_v403_to_v61	TableS4 marker lifted from PGSC/DM v4.03 to DM v6.1 using minimap2 PAF cg:Z CIGAR	0.9830750094338304	60	ST4.03ch09	52751490
9	59431743	62.809	pPt-538953	ppt-538953	DArT_marker	cigar_liftover_v403_to_v61	TableS4 marker lifted from PGSC/DM v4.03 to DM v6.1 using minimap2 PAF cg:Z CIGAR	0.9830750094338304	60	ST4.03ch09	52751490
9	59431743	62.809	pPt-539293	ppt-539293	DArT_marker	cigar_liftover_v403_to_v61	TableS4 marker lifted from PGSC/DM v4.03 to DM v6.1 using minimap2 PAF cg:Z CIGAR	0.9830750094338304	60	ST4.03ch09	52751490
9	59431745	62.801	toPt-438737	topt-438737	DArT_marker	cigar_liftover_v403_to_v61	TableS4 marker lifted from PGSC/DM v4.03 to DM v6.1 using minimap2 PAF cg:Z CIGAR	0.9830750094338304	60	ST4.03ch09	52751492
9	59431745	62.807	toPt-438452	topt-438452	DArT_marker	cigar_liftover_v403_to_v61	TableS4 marker lifted from PGSC/DM v4.03 to DM v6.1 using minimap2 PAF cg:Z CIGAR	0.9830750094338304	60	ST4.03ch09	52751492
9	59431745	62.809	toPt-763864	topt-763864	DArT_marker	cigar_liftover_v403_to_v61	TableS4 marker lifted from PGSC/DM v4.03 to DM v6.1 using minimap2 PAF cg:Z CIGAR	0.9830750094338304	60	ST4.03ch09	52751492
9	59431846	62.784	toPt-438644	topt-438644	DArT_marker	cigar_liftover_v403_to_v61	TableS4 marker lifted from PGSC/DM v4.03 to DM v6.1 using minimap2 PAF cg:Z CIGAR	0.9830750094338304	60	ST4.03ch09	52751593
9	59440237	62.801	pPt-472613	ppt-472613	DArT_marker	cigar_liftover_v403_to_v61	TableS4 marker lifted from PGSC/DM v4.03 to DM v6.1 using minimap2 PAF cg:Z CIGAR	0.9830750094338304	60	ST4.03ch09	52760075
9	59440237	62.801	pPt-472930	ppt-472930	DArT_marker	cigar_liftover_v403_to_v61	TableS4 marker lifted from PGSC/DM v4.03 to DM v6.1 using minimap2 PAF cg:Z CIGAR	0.9830750094338304	60	ST4.03ch09	52760075
9	59440240	62.801	pPt-653066	ppt-653066	DArT_marker	cigar_liftover_v403_to_v61	TableS4 marker lifted from PGSC/DM v4.03 to DM v6.1 using minimap2 PAF cg:Z CIGAR	0.9830750094338304	60	ST4.03ch09	52760078
9	59596669	62.151	pPt-473763	ppt-473763	DArT_marker	cigar_liftover_v403_to_v61	TableS4 marker lifted from PGSC/DM v4.03 to DM v6.1 using minimap2 PAF cg:Z CIGAR	0.994851368040215	60	ST4.03ch09	52920958
9	59826894	60.865	toPt-437854	topt-437854	DArT_marker	cigar_liftover_v403_to_v61	TableS4 marker lifted from PGSC/DM v4.03 to DM v6.1 using minimap2 PAF cg:Z CIGAR	0.9997046288872948	60	ST4.03ch09	53153521
9	59826894	60.913	pPt-536647	ppt-536647	DArT_marker	cigar_liftover_v403_to_v61	TableS4 marker lifted from PGSC/DM v4.03 to DM v6.1 using minimap2 PAF cg:Z CIGAR	0.9997046288872948	60	ST4.03ch09	53153521
9	59826894	60.913	pPt-654554	ppt-654554	DArT_marker	cigar_liftover_v403_to_v61	TableS4 marker lifted from PGSC/DM v4.03 to DM v6.1 using minimap2 PAF cg:Z CIGAR	0.9997046288872948	60	ST4.03ch09	53153521
9	59826894	60.913	pPt-655102	ppt-655102	DArT_marker	cigar_liftover_v403_to_v61	TableS4 marker lifted from PGSC/DM v4.03 to DM v6.1 using minimap2 PAF cg:Z CIGAR	0.9997046288872948	60	ST4.03ch09	53153521
9	59826894	60.913	toPt-438410	topt-438410	DArT_marker	cigar_liftover_v403_to_v61	TableS4 marker lifted from PGSC/DM v4.03 to DM v6.1 using minimap2 PAF cg:Z CIGAR	0.9997046288872948	60	ST4.03ch09	53153521
9	59826894	60.936	toPt-438090	topt-438090	DArT_marker	cigar_liftover_v403_to_v61	TableS4 marker lifted from PGSC/DM v4.03 to DM v6.1 using minimap2 PAF cg:Z CIGAR	0.9997046288872948	60	ST4.03ch09	53153521
9	59826894	61.019	pPt-458756	ppt-458756	DArT_marker	cigar_liftover_v403_to_v61	TableS4 marker lifted from PGSC/DM v4.03 to DM v6.1 using minimap2 PAF cg:Z CIGAR	0.9997046288872948	60	ST4.03ch09	53153521
9	59872799	61.24	MICRO.58.C1_516	micro.58.c1_516	match	cigar_liftover_v403_to_v61	TableS4 marker lifted from PGSC/DM v4.03 to DM v6.1 using minimap2 PAF cg:Z CIGAR	0.9984247834077186	60	ST4.03ch09	53199268
9	59918955	64.076	pPt-559613	ppt-559613	DArT_marker	cigar_liftover_v403_to_v61	TableS4 marker lifted from PGSC/DM v4.03 to DM v6.1 using minimap2 PAF cg:Z CIGAR	0.9873260386739204	60	ST4.03ch09	53247125
9	59920002	60.46	pPt-656850	ppt-656850	DArT_marker	cigar_liftover_v403_to_v61	TableS4 marker lifted from PGSC/DM v4.03 to DM v6.1 using minimap2 PAF cg:Z CIGAR	0.9873260386739204	60	ST4.03ch09	53248172
9	59920002	60.462	pPt-652951	ppt-652951	DArT_marker	cigar_liftover_v403_to_v61	TableS4 marker lifted from PGSC/DM v4.03 to DM v6.1 using minimap2 PAF cg:Z CIGAR	0.9873260386739204	60	ST4.03ch09	53248172
9	60263196	63.201	pPt-472165	ppt-472165	DArT_marker	cigar_liftover_v403_to_v61	TableS4 marker lifted from PGSC/DM v4.03 to DM v6.1 using minimap2 PAF cg:Z CIGAR	0.9858260270734188	60	ST4.03ch09	53658362
9	60709618	64.656	pPt-652777	ppt-652777	DArT_marker	cigar_liftover_v403_to_v61	TableS4 marker lifted from PGSC/DM v4.03 to DM v6.1 using minimap2 PAF cg:Z CIGAR	0.9991461019554264	60	ST4.03ch09	54108673
9	60883822	65.375	solcap_snp_c1_6937	solcap_snp_c1_6937	SNP	direct_spuddb_dm_v6_1	SolCAP SNP exact non-multimap position from SpudDB DM v6.1				
9	61013927	65.671	solcap_snp_c1_6941	solcap_snp_c1_6941	SNP	direct_spuddb_dm_v6_1	SolCAP SNP exact non-multimap position from SpudDB DM v6.1				
9	61110298	66.79	solcap_snp_c1_6949	solcap_snp_c1_6949	SNP	direct_spuddb_dm_v6_1	SolCAP SNP exact non-multimap position from SpudDB DM v6.1				
9	61680912	69.522	pPt-457457	ppt-457457	DArT_marker	cigar_liftover_v403_to_v61	TableS4 marker lifted from PGSC/DM v4.03 to DM v6.1 using minimap2 PAF cg:Z CIGAR	0.996654641458938	60	ST4.03ch09	55155061
9	61680990	68.99	toPt-763577	topt-763577	DArT_marker	cigar_liftover_v403_to_v61	TableS4 marker lifted from PGSC/DM v4.03 to DM v6.1 using minimap2 PAF cg:Z CIGAR	0.996654641458938	60	ST4.03ch09	55155139
9	61762534	66.664	solcap_snp_c1_8939	solcap_snp_c1_8939	SNP	direct_spuddb_dm_v6_1	SolCAP SNP exact non-multimap position from SpudDB DM v6.1				
9	62033713	70.956	solcap_snp_c1_8955	solcap_snp_c1_8955	SNP	direct_spuddb_dm_v6_1	SolCAP SNP exact non-multimap position from SpudDB DM v6.1				
9	62320987	70.016	pPt-536054	ppt-536054	DArT_marker	cigar_liftover_v403_to_v61	TableS4 marker lifted from PGSC/DM v4.03 to DM v6.1 using minimap2 PAF cg:Z CIGAR	0.9860120426123206	60	ST4.03ch09	55938958
9	62320987	70.466	pPt-657501	ppt-657501	DArT_marker	cigar_liftover_v403_to_v61	TableS4 marker lifted from PGSC/DM v4.03 to DM v6.1 using minimap2 PAF cg:Z CIGAR	0.9860120426123206	60	ST4.03ch09	55938958
9	62885757	72.562	solcap_snp_c1_6586	solcap_snp_c1_6586	SNP	direct_spuddb_dm_v6_1	SolCAP SNP exact non-multimap position from SpudDB DM v6.1				
9	63001833	72.703	pPt-473671	ppt-473671	DArT_marker	cigar_liftover_v403_to_v61	TableS4 marker lifted from PGSC/DM v4.03 to DM v6.1 using minimap2 PAF cg:Z CIGAR	0.9913661109220824	60	ST4.03ch09	56629059
9	63001833	72.719	pPt-457241	ppt-457241	DArT_marker	cigar_liftover_v403_to_v61	TableS4 marker lifted from PGSC/DM v4.03 to DM v6.1 using minimap2 PAF cg:Z CIGAR	0.9913661109220824	60	ST4.03ch09	56629059
9	63001833	72.719	toPt-441351	topt-441351	DArT_marker	cigar_liftover_v403_to_v61	TableS4 marker lifted from PGSC/DM v4.03 to DM v6.1 using minimap2 PAF cg:Z CIGAR	0.9913661109220824	60	ST4.03ch09	56629059
9	63001833	72.731	pPt-652619	ppt-652619	DArT_marker	cigar_liftover_v403_to_v61	TableS4 marker lifted from PGSC/DM v4.03 to DM v6.1 using minimap2 PAF cg:Z CIGAR	0.9913661109220824	60	ST4.03ch09	56629059
9	63001833	72.756	pPt-539765	ppt-539765	DArT_marker	cigar_liftover_v403_to_v61	TableS4 marker lifted from PGSC/DM v4.03 to DM v6.1 using minimap2 PAF cg:Z CIGAR	0.9913661109220824	60	ST4.03ch09	56629059
9	63001833	72.778	pPt-654358	ppt-654358	DArT_marker	cigar_liftover_v403_to_v61	TableS4 marker lifted from PGSC/DM v4.03 to DM v6.1 using minimap2 PAF cg:Z CIGAR	0.9913661109220824	60	ST4.03ch09	56629059
9	63001833	72.953	pPt-471444	ppt-471444	DArT_marker	cigar_liftover_v403_to_v61	TableS4 marker lifted from PGSC/DM v4.03 to DM v6.1 using minimap2 PAF cg:Z CIGAR	0.9913661109220824	60	ST4.03ch09	56629059
9	63001833	72.979	pPt-535101	ppt-535101	DArT_marker	cigar_liftover_v403_to_v61	TableS4 marker lifted from PGSC/DM v4.03 to DM v6.1 using minimap2 PAF cg:Z CIGAR	0.9913661109220824	60	ST4.03ch09	56629059
9	63001885	72.719	capPt-672308	cappt-672308	DArT_marker	cigar_liftover_v403_to_v61	TableS4 marker lifted from PGSC/DM v4.03 to DM v6.1 using minimap2 PAF cg:Z CIGAR	0.9913661109220824	60	ST4.03ch09	56629111
9	63339315	73.536	pPt-536181	ppt-536181	DArT_marker	cigar_liftover_v403_to_v61	TableS4 marker lifted from PGSC/DM v4.03 to DM v6.1 using minimap2 PAF cg:Z CIGAR	0.9997639096560952	60	ST4.03ch09	56972998
9	63339316	73.514	pPt-540196	ppt-540196	DArT_marker	cigar_liftover_v403_to_v61	TableS4 marker lifted from PGSC/DM v4.03 to DM v6.1 using minimap2 PAF cg:Z CIGAR	0.9997639096560952	60	ST4.03ch09	56972999
9	63339316	73.536	pPt-534159	ppt-534159	DArT_marker	cigar_liftover_v403_to_v61	TableS4 marker lifted from PGSC/DM v4.03 to DM v6.1 using minimap2 PAF cg:Z CIGAR	0.9997639096560952	60	ST4.03ch09	56972999
9	63339316	73.536	pPt-537322	ppt-537322	DArT_marker	cigar_liftover_v403_to_v61	TableS4 marker lifted from PGSC/DM v4.03 to DM v6.1 using minimap2 PAF cg:Z CIGAR	0.9997639096560952	60	ST4.03ch09	56972999
9	63339316	73.536	toPt-436891	topt-436891	DArT_marker	cigar_liftover_v403_to_v61	TableS4 marker lifted from PGSC/DM v4.03 to DM v6.1 using minimap2 PAF cg:Z CIGAR	0.9997639096560952	60	ST4.03ch09	56972999
9	63339316	73.552	toPt-437259	topt-437259	DArT_marker	cigar_liftover_v403_to_v61	TableS4 marker lifted from PGSC/DM v4.03 to DM v6.1 using minimap2 PAF cg:Z CIGAR	0.9997639096560952	60	ST4.03ch09	56972999
9	63987896	74.856	pPt-653366	ppt-653366	DArT_marker	cigar_liftover_v403_to_v61	TableS4 marker lifted from PGSC/DM v4.03 to DM v6.1 using minimap2 PAF cg:Z CIGAR	0.9761607628555886	60	ST4.03ch09	57731222
9	63987896	74.869	pPt-472784	ppt-472784	DArT_marker	cigar_liftover_v403_to_v61	TableS4 marker lifted from PGSC/DM v4.03 to DM v6.1 using minimap2 PAF cg:Z CIGAR	0.9761607628555886	60	ST4.03ch09	57731222
9	63987896	74.871	pPt-656657	ppt-656657	DArT_marker	cigar_liftover_v403_to_v61	TableS4 marker lifted from PGSC/DM v4.03 to DM v6.1 using minimap2 PAF cg:Z CIGAR	0.9761607628555886	60	ST4.03ch09	57731222
9	63987896	74.88	pPt-656930	ppt-656930	DArT_marker	cigar_liftover_v403_to_v61	TableS4 marker lifted from PGSC/DM v4.03 to DM v6.1 using minimap2 PAF cg:Z CIGAR	0.9761607628555886	60	ST4.03ch09	57731222
9	63987896	74.896	pPt-552198	ppt-552198	DArT_marker	cigar_liftover_v403_to_v61	TableS4 marker lifted from PGSC/DM v4.03 to DM v6.1 using minimap2 PAF cg:Z CIGAR	0.9761607628555886	60	ST4.03ch09	57731222
9	63987896	74.897	pPt-457188	ppt-457188	DArT_marker	cigar_liftover_v403_to_v61	TableS4 marker lifted from PGSC/DM v4.03 to DM v6.1 using minimap2 PAF cg:Z CIGAR	0.9761607628555886	60	ST4.03ch09	57731222
9	63987896	74.928	pPt-458523	ppt-458523	DArT_marker	cigar_liftover_v403_to_v61	TableS4 marker lifted from PGSC/DM v4.03 to DM v6.1 using minimap2 PAF cg:Z CIGAR	0.9761607628555886	60	ST4.03ch09	57731222
9	63987896	74.928	pPt-535113	ppt-535113	DArT_marker	cigar_liftover_v403_to_v61	TableS4 marker lifted from PGSC/DM v4.03 to DM v6.1 using minimap2 PAF cg:Z CIGAR	0.9761607628555886	60	ST4.03ch09	57731222
9	63987896	74.928	pPt-537439	ppt-537439	DArT_marker	cigar_liftover_v403_to_v61	TableS4 marker lifted from PGSC/DM v4.03 to DM v6.1 using minimap2 PAF cg:Z CIGAR	0.9761607628555886	60	ST4.03ch09	57731222
9	63987896	74.928	pPt-537678	ppt-537678	DArT_marker	cigar_liftover_v403_to_v61	TableS4 marker lifted from PGSC/DM v4.03 to DM v6.1 using minimap2 PAF cg:Z CIGAR	0.9761607628555886	60	ST4.03ch09	57731222
9	63987896	74.928	pPt-538103	ppt-538103	DArT_marker	cigar_liftover_v403_to_v61	TableS4 marker lifted from PGSC/DM v4.03 to DM v6.1 using minimap2 PAF cg:Z CIGAR	0.9761607628555886	60	ST4.03ch09	57731222
9	63987896	74.928	pPt-538230	ppt-538230	DArT_marker	cigar_liftover_v403_to_v61	TableS4 marker lifted from PGSC/DM v4.03 to DM v6.1 using minimap2 PAF cg:Z CIGAR	0.9761607628555886	60	ST4.03ch09	57731222
9	63987896	74.928	pPt-559506	ppt-559506	DArT_marker	cigar_liftover_v403_to_v61	TableS4 marker lifted from PGSC/DM v4.03 to DM v6.1 using minimap2 PAF cg:Z CIGAR	0.9761607628555886	60	ST4.03ch09	57731222
9	63987896	74.928	pPt-653776	ppt-653776	DArT_marker	cigar_liftover_v403_to_v61	TableS4 marker lifted from PGSC/DM v4.03 to DM v6.1 using minimap2 PAF cg:Z CIGAR	0.9761607628555886	60	ST4.03ch09	57731222
9	63987896	74.928	pPt-654882	ppt-654882	DArT_marker	cigar_liftover_v403_to_v61	TableS4 marker lifted from PGSC/DM v4.03 to DM v6.1 using minimap2 PAF cg:Z CIGAR	0.9761607628555886	60	ST4.03ch09	57731222
9	63987896	74.928	pPt-656559	ppt-656559	DArT_marker	cigar_liftover_v403_to_v61	TableS4 marker lifted from PGSC/DM v4.03 to DM v6.1 using minimap2 PAF cg:Z CIGAR	0.9761607628555886	60	ST4.03ch09	57731222
9	63987896	74.929	pPt-540222	ppt-540222	DArT_marker	cigar_liftover_v403_to_v61	TableS4 marker lifted from PGSC/DM v4.03 to DM v6.1 using minimap2 PAF cg:Z CIGAR	0.9761607628555886	60	ST4.03ch09	57731222
9	63987896	74.991	pPt-473247	ppt-473247	DArT_marker	cigar_liftover_v403_to_v61	TableS4 marker lifted from PGSC/DM v4.03 to DM v6.1 using minimap2 PAF cg:Z CIGAR	0.9761607628555886	60	ST4.03ch09	57731222
9	63987896	75.034	pPt-537616	ppt-537616	DArT_marker	cigar_liftover_v403_to_v61	TableS4 marker lifted from PGSC/DM v4.03 to DM v6.1 using minimap2 PAF cg:Z CIGAR	0.9761607628555886	60	ST4.03ch09	57731222
9	63987896	75.051	pPt-473222	ppt-473222	DArT_marker	cigar_liftover_v403_to_v61	TableS4 marker lifted from PGSC/DM v4.03 to DM v6.1 using minimap2 PAF cg:Z CIGAR	0.9761607628555886	60	ST4.03ch09	57731222
9	63987896	75.329	pPt-456463	ppt-456463	DArT_marker	cigar_liftover_v403_to_v61	TableS4 marker lifted from PGSC/DM v4.03 to DM v6.1 using minimap2 PAF cg:Z CIGAR	0.9761607628555886	60	ST4.03ch09	57731222
9	63987925	76.288	toPt-441141	topt-441141	DArT_marker	cigar_liftover_v403_to_v61	TableS4 marker lifted from PGSC/DM v4.03 to DM v6.1 using minimap2 PAF cg:Z CIGAR	0.9761607628555886	60	ST4.03ch09	57731251
9	64007875	75.748	solcap_snp_c1_12726	solcap_snp_c1_12726	SNP	direct_spuddb_dm_v6_1	SolCAP SNP exact non-multimap position from SpudDB DM v6.1				
9	64428872	76.93	solcap_snp_c1_913	solcap_snp_c1_913	SNP	direct_spuddb_dm_v6_1	SolCAP SNP exact non-multimap position from SpudDB DM v6.1				
9	64828084	79.161	solcap_snp_c1_900	solcap_snp_c1_900	SNP	direct_spuddb_dm_v6_1	SolCAP SNP exact non-multimap position from SpudDB DM v6.1				
9	65658883	80.749	pPt-535814	ppt-535814	DArT_marker	cigar_liftover_v403_to_v61	TableS4 marker lifted from PGSC/DM v4.03 to DM v6.1 using minimap2 PAF cg:Z CIGAR	0.9952279549477896	60	ST4.03ch09	59577348
9	65658883	80.757	pPt-536015	ppt-536015	DArT_marker	cigar_liftover_v403_to_v61	TableS4 marker lifted from PGSC/DM v4.03 to DM v6.1 using minimap2 PAF cg:Z CIGAR	0.9952279549477896	60	ST4.03ch09	59577348
9	65658883	80.766	pPt-458601	ppt-458601	DArT_marker	cigar_liftover_v403_to_v61	TableS4 marker lifted from PGSC/DM v4.03 to DM v6.1 using minimap2 PAF cg:Z CIGAR	0.9952279549477896	60	ST4.03ch09	59577348
9	65658883	80.766	pPt-533882	ppt-533882	DArT_marker	cigar_liftover_v403_to_v61	TableS4 marker lifted from PGSC/DM v4.03 to DM v6.1 using minimap2 PAF cg:Z CIGAR	0.9952279549477896	60	ST4.03ch09	59577348
9	65658883	80.766	pPt-540287	ppt-540287	DArT_marker	cigar_liftover_v403_to_v61	TableS4 marker lifted from PGSC/DM v4.03 to DM v6.1 using minimap2 PAF cg:Z CIGAR	0.9952279549477896	60	ST4.03ch09	59577348
9	65687488	80.766	pPt-538575	ppt-538575	DArT_marker	cigar_liftover_v403_to_v61	TableS4 marker lifted from PGSC/DM v4.03 to DM v6.1 using minimap2 PAF cg:Z CIGAR	0.9952279549477896	60	ST4.03ch09	59606499
9	65687488	80.766	pPt-652142	ppt-652142	DArT_marker	cigar_liftover_v403_to_v61	TableS4 marker lifted from PGSC/DM v4.03 to DM v6.1 using minimap2 PAF cg:Z CIGAR	0.9952279549477896	60	ST4.03ch09	59606499
9	65687488	80.766	pPt-653168	ppt-653168	DArT_marker	cigar_liftover_v403_to_v61	TableS4 marker lifted from PGSC/DM v4.03 to DM v6.1 using minimap2 PAF cg:Z CIGAR	0.9952279549477896	60	ST4.03ch09	59606499
9	66300693	82.423	solcap_snp_c1_6619	solcap_snp_c1_6619	SNP	direct_spuddb_dm_v6_1	SolCAP SNP exact non-multimap position from SpudDB DM v6.1				
9	66320339	82.536	solcap_snp_c1_6621	solcap_snp_c1_6621	SNP	direct_spuddb_dm_v6_1	SolCAP SNP exact non-multimap position from SpudDB DM v6.1				
9	66777078	87.866	solcap_snp_c1_10580	solcap_snp_c1_10580	SNP	direct_spuddb_dm_v6_1	SolCAP SNP exact non-multimap position from SpudDB DM v6.1				
9	66778416	86.542	solcap_snp_c1_10582	solcap_snp_c1_10582	SNP	direct_spuddb_dm_v6_1	SolCAP SNP exact non-multimap position from SpudDB DM v6.1				
9	67360701	86.621	solcap_snp_c1_8547	solcap_snp_c1_8547	SNP	direct_spuddb_dm_v6_1	SolCAP SNP exact non-multimap position from SpudDB DM v6.1				
10	291396	2.595	solcap_snp_c1_305	solcap_snp_c1_305	SNP	direct_spuddb_dm_v6_1	SolCAP SNP exact non-multimap position from SpudDB DM v6.1				
10	294026	3.01	pPt-539370	ppt-539370	DArT_marker	cigar_liftover_v403_to_v61	TableS4 marker lifted from PGSC/DM v4.03 to DM v6.1 using minimap2 PAF cg:Z CIGAR	0.9922530512931204	60	ST4.03ch10	341692
10	294026	3.01	pPt-650911	ppt-650911	DArT_marker	cigar_liftover_v403_to_v61	TableS4 marker lifted from PGSC/DM v4.03 to DM v6.1 using minimap2 PAF cg:Z CIGAR	0.9922530512931204	60	ST4.03ch10	341692
10	294026	3.01	pPt-652185	ppt-652185	DArT_marker	cigar_liftover_v403_to_v61	TableS4 marker lifted from PGSC/DM v4.03 to DM v6.1 using minimap2 PAF cg:Z CIGAR	0.9922530512931204	60	ST4.03ch10	341692
10	294026	3.01	pPt-652699	ppt-652699	DArT_marker	cigar_liftover_v403_to_v61	TableS4 marker lifted from PGSC/DM v4.03 to DM v6.1 using minimap2 PAF cg:Z CIGAR	0.9922530512931204	60	ST4.03ch10	341692
10	294026	3.537	pPt-654733	ppt-654733	DArT_marker	cigar_liftover_v403_to_v61	TableS4 marker lifted from PGSC/DM v4.03 to DM v6.1 using minimap2 PAF cg:Z CIGAR	0.9922530512931204	60	ST4.03ch10	341692
10	645046	3.784	MICRO.2880.C1_913	micro.2880.c1_913	match	cigar_liftover_v403_to_v61	TableS4 marker lifted from PGSC/DM v4.03 to DM v6.1 using minimap2 PAF cg:Z CIGAR	0.9923339496515432	60	ST4.03ch10	695937
10	675172	4.383	pPt-472610	ppt-472610	DArT_marker	cigar_liftover_v403_to_v61	TableS4 marker lifted from PGSC/DM v4.03 to DM v6.1 using minimap2 PAF cg:Z CIGAR	0.9923339496515432	60	ST4.03ch10	726105
10	675172	4.383	pPt-650953	ppt-650953	DArT_marker	cigar_liftover_v403_to_v61	TableS4 marker lifted from PGSC/DM v4.03 to DM v6.1 using minimap2 PAF cg:Z CIGAR	0.9923339496515432	60	ST4.03ch10	726105
10	920818	4.183	st_15123	st_15123	repeat_region	cigar_liftover_v403_to_v61	TableS4 marker lifted from PGSC/DM v4.03 to DM v6.1 using minimap2 PAF cg:Z CIGAR	0.9798755506796716	60	ST4.03ch10	980426
10	965693	7.902	pPt-456767	ppt-456767	DArT_marker	cigar_liftover_v403_to_v61	TableS4 marker lifted from PGSC/DM v4.03 to DM v6.1 using minimap2 PAF cg:Z CIGAR	0.9960017769880052	60	ST4.03ch10	1025114
10	1480102	0.0	PM0417	pm0417	repeat_region	cigar_liftover_v403_to_v61	TableS4 marker lifted from PGSC/DM v4.03 to DM v6.1 using minimap2 PAF cg:Z CIGAR	0.9783752917225284	60	ST4.03ch10	1553277
10	1614384	6.575	solcap_snp_c1_261	solcap_snp_c1_261	SNP	direct_spuddb_dm_v6_1	SolCAP SNP exact non-multimap position from SpudDB DM v6.1				
10	1826253	9.56	solcap_snp_c1_272	solcap_snp_c1_272	SNP	direct_spuddb_dm_v6_1	SolCAP SNP exact non-multimap position from SpudDB DM v6.1				
10	2034738	7.58	pPt-473086	ppt-473086	DArT_marker	cigar_liftover_v403_to_v61	TableS4 marker lifted from PGSC/DM v4.03 to DM v6.1 using minimap2 PAF cg:Z CIGAR	0.9708745943247068	60	ST4.03ch10	2135066
10	2034836	7.609	pPt-653521	ppt-653521	DArT_marker	cigar_liftover_v403_to_v61	TableS4 marker lifted from PGSC/DM v4.03 to DM v6.1 using minimap2 PAF cg:Z CIGAR	0.9708745943247068	60	ST4.03ch10	2135164
10	2034836	7.609	pPt-656726	ppt-656726	DArT_marker	cigar_liftover_v403_to_v61	TableS4 marker lifted from PGSC/DM v4.03 to DM v6.1 using minimap2 PAF cg:Z CIGAR	0.9708745943247068	60	ST4.03ch10	2135164
10	2034837	7.569	pPt-537963	ppt-537963	DArT_marker	cigar_liftover_v403_to_v61	TableS4 marker lifted from PGSC/DM v4.03 to DM v6.1 using minimap2 PAF cg:Z CIGAR	0.9708745943247068	60	ST4.03ch10	2135165
10	2034837	7.6	pPt-539897	ppt-539897	DArT_marker	cigar_liftover_v403_to_v61	TableS4 marker lifted from PGSC/DM v4.03 to DM v6.1 using minimap2 PAF cg:Z CIGAR	0.9708745943247068	60	ST4.03ch10	2135165
10	2034837	7.609	pPt-552086	ppt-552086	DArT_marker	cigar_liftover_v403_to_v61	TableS4 marker lifted from PGSC/DM v4.03 to DM v6.1 using minimap2 PAF cg:Z CIGAR	0.9708745943247068	60	ST4.03ch10	2135165
10	2034837	7.609	pPt-653123	ppt-653123	DArT_marker	cigar_liftover_v403_to_v61	TableS4 marker lifted from PGSC/DM v4.03 to DM v6.1 using minimap2 PAF cg:Z CIGAR	0.9708745943247068	60	ST4.03ch10	2135165
10	2034837	7.609	pPt-653829	ppt-653829	DArT_marker	cigar_liftover_v403_to_v61	TableS4 marker lifted from PGSC/DM v4.03 to DM v6.1 using minimap2 PAF cg:Z CIGAR	0.9708745943247068	60	ST4.03ch10	2135165
10	2034837	7.657	pPt-456962	ppt-456962	DArT_marker	cigar_liftover_v403_to_v61	TableS4 marker lifted from PGSC/DM v4.03 to DM v6.1 using minimap2 PAF cg:Z CIGAR	0.9708745943247068	60	ST4.03ch10	2135165
10	2034837	7.657	pPt-533816	ppt-533816	DArT_marker	cigar_liftover_v403_to_v61	TableS4 marker lifted from PGSC/DM v4.03 to DM v6.1 using minimap2 PAF cg:Z CIGAR	0.9708745943247068	60	ST4.03ch10	2135165
10	2034837	7.657	pPt-534244	ppt-534244	DArT_marker	cigar_liftover_v403_to_v61	TableS4 marker lifted from PGSC/DM v4.03 to DM v6.1 using minimap2 PAF cg:Z CIGAR	0.9708745943247068	60	ST4.03ch10	2135165
10	2034837	7.657	pPt-535657	ppt-535657	DArT_marker	cigar_liftover_v403_to_v61	TableS4 marker lifted from PGSC/DM v4.03 to DM v6.1 using minimap2 PAF cg:Z CIGAR	0.9708745943247068	60	ST4.03ch10	2135165
10	2034837	7.657	pPt-537357	ppt-537357	DArT_marker	cigar_liftover_v403_to_v61	TableS4 marker lifted from PGSC/DM v4.03 to DM v6.1 using minimap2 PAF cg:Z CIGAR	0.9708745943247068	60	ST4.03ch10	2135165
10	2034837	7.657	pPt-539398	ppt-539398	DArT_marker	cigar_liftover_v403_to_v61	TableS4 marker lifted from PGSC/DM v4.03 to DM v6.1 using minimap2 PAF cg:Z CIGAR	0.9708745943247068	60	ST4.03ch10	2135165
10	2034837	7.657	pPt-540171	ppt-540171	DArT_marker	cigar_liftover_v403_to_v61	TableS4 marker lifted from PGSC/DM v4.03 to DM v6.1 using minimap2 PAF cg:Z CIGAR	0.9708745943247068	60	ST4.03ch10	2135165
10	2034837	7.657	pPt-552624	ppt-552624	DArT_marker	cigar_liftover_v403_to_v61	TableS4 marker lifted from PGSC/DM v4.03 to DM v6.1 using minimap2 PAF cg:Z CIGAR	0.9708745943247068	60	ST4.03ch10	2135165
10	2034837	7.657	pPt-552651	ppt-552651	DArT_marker	cigar_liftover_v403_to_v61	TableS4 marker lifted from PGSC/DM v4.03 to DM v6.1 using minimap2 PAF cg:Z CIGAR	0.9708745943247068	60	ST4.03ch10	2135165
10	2034837	7.657	pPt-559414	ppt-559414	DArT_marker	cigar_liftover_v403_to_v61	TableS4 marker lifted from PGSC/DM v4.03 to DM v6.1 using minimap2 PAF cg:Z CIGAR	0.9708745943247068	60	ST4.03ch10	2135165
10	2034837	7.657	pPt-655039	ppt-655039	DArT_marker	cigar_liftover_v403_to_v61	TableS4 marker lifted from PGSC/DM v4.03 to DM v6.1 using minimap2 PAF cg:Z CIGAR	0.9708745943247068	60	ST4.03ch10	2135165
10	2034840	7.609	pPt-540164	ppt-540164	DArT_marker	cigar_liftover_v403_to_v61	TableS4 marker lifted from PGSC/DM v4.03 to DM v6.1 using minimap2 PAF cg:Z CIGAR	0.9708745943247068	60	ST4.03ch10	2135168
10	2346214	8.962	solcap_snp_c1_289	solcap_snp_c1_289	SNP	direct_spuddb_dm_v6_1	SolCAP SNP exact non-multimap position from SpudDB DM v6.1				
10	2361285	10.322	pPt-456590	ppt-456590	DArT_marker	cigar_liftover_v403_to_v61	TableS4 marker lifted from PGSC/DM v4.03 to DM v6.1 using minimap2 PAF cg:Z CIGAR	0.9850321534462612	60	ST4.03ch10	2484196
10	3132180	12.432	pPt-533808	ppt-533808	DArT_marker	cigar_liftover_v403_to_v61	TableS4 marker lifted from PGSC/DM v4.03 to DM v6.1 using minimap2 PAF cg:Z CIGAR	0.9864400697221368	60	ST4.03ch10	3321104
10	3132180	12.432	pPt-652758	ppt-652758	DArT_marker	cigar_liftover_v403_to_v61	TableS4 marker lifted from PGSC/DM v4.03 to DM v6.1 using minimap2 PAF cg:Z CIGAR	0.9864400697221368	60	ST4.03ch10	3321104
10	3132180	12.432	pPt-652869	ppt-652869	DArT_marker	cigar_liftover_v403_to_v61	TableS4 marker lifted from PGSC/DM v4.03 to DM v6.1 using minimap2 PAF cg:Z CIGAR	0.9864400697221368	60	ST4.03ch10	3321104
10	3132180	12.489	toPt-439062	topt-439062	DArT_marker	cigar_liftover_v403_to_v61	TableS4 marker lifted from PGSC/DM v4.03 to DM v6.1 using minimap2 PAF cg:Z CIGAR	0.9864400697221368	60	ST4.03ch10	3321104
10	3132180	12.624	pPt-472889	ppt-472889	DArT_marker	cigar_liftover_v403_to_v61	TableS4 marker lifted from PGSC/DM v4.03 to DM v6.1 using minimap2 PAF cg:Z CIGAR	0.9864400697221368	60	ST4.03ch10	3321104
10	3132180	12.624	pPt-652078	ppt-652078	DArT_marker	cigar_liftover_v403_to_v61	TableS4 marker lifted from PGSC/DM v4.03 to DM v6.1 using minimap2 PAF cg:Z CIGAR	0.9864400697221368	60	ST4.03ch10	3321104
10	3132266	12.432	pPt-457178	ppt-457178	DArT_marker	cigar_liftover_v403_to_v61	TableS4 marker lifted from PGSC/DM v4.03 to DM v6.1 using minimap2 PAF cg:Z CIGAR	0.9864400697221368	60	ST4.03ch10	3321190
10	4106371	14.581	pPt-473652	ppt-473652	DArT_marker	cigar_liftover_v403_to_v61	TableS4 marker lifted from PGSC/DM v4.03 to DM v6.1 using minimap2 PAF cg:Z CIGAR	0.9907340739216896	60	ST4.03ch10	4448815
10	4106371	14.608	pPt-657368	ppt-657368	DArT_marker	cigar_liftover_v403_to_v61	TableS4 marker lifted from PGSC/DM v4.03 to DM v6.1 using minimap2 PAF cg:Z CIGAR	0.9907340739216896	60	ST4.03ch10	4448815
10	6642729	22.556	solcap_snp_c1_14047	solcap_snp_c1_14047	SNP	direct_spuddb_dm_v6_1	SolCAP SNP exact non-multimap position from SpudDB DM v6.1				
10	7780322	21.884	PM0126	pm0126	repeat_region	cigar_liftover_v403_to_v61	TableS4 marker lifted from PGSC/DM v4.03 to DM v6.1 using minimap2 PAF cg:Z CIGAR	0.9996452328159644	60	ST4.03ch10	38202670
10	10737387	18.531	pPt-473173	ppt-473173	DArT_marker	cigar_liftover_v403_to_v61	TableS4 marker lifted from PGSC/DM v4.03 to DM v6.1 using minimap2 PAF cg:Z CIGAR	0.962582157232384	60	ST4.03ch10	23468199
10	10737388	19.247	pPt-656604	ppt-656604	DArT_marker	cigar_liftover_v403_to_v61	TableS4 marker lifted from PGSC/DM v4.03 to DM v6.1 using minimap2 PAF cg:Z CIGAR	0.962582157232384	60	ST4.03ch10	23468200
10	10753815	19.435	STM0051	stm0051	repeat_region	cigar_liftover_v403_to_v61	TableS4 marker lifted from PGSC/DM v4.03 to DM v6.1 using minimap2 PAF cg:Z CIGAR	0.962582157232384	60	ST4.03ch10	23484627
10	11815345	18.998	PM1302	pm1302	repeat_region	cigar_liftover_v403_to_v61	TableS4 marker lifted from PGSC/DM v4.03 to DM v6.1 using minimap2 PAF cg:Z CIGAR	0.9973335966818092	60	ST4.03ch10	24559428
10	17962311	41.049	pPt-652912	ppt-652912	DArT_marker	cigar_liftover_v403_to_v61	TableS4 marker lifted from PGSC/DM v4.03 to DM v6.1 using minimap2 PAF cg:Z CIGAR	0.9789950887797506	60	ST4.03ch10	27044902
10	17962311	41.371	pPt-473473	ppt-473473	DArT_marker	cigar_liftover_v403_to_v61	TableS4 marker lifted from PGSC/DM v4.03 to DM v6.1 using minimap2 PAF cg:Z CIGAR	0.9789950887797506	60	ST4.03ch10	27044902
10	17962311	42.04	pPt-653258	ppt-653258	DArT_marker	cigar_liftover_v403_to_v61	TableS4 marker lifted from PGSC/DM v4.03 to DM v6.1 using minimap2 PAF cg:Z CIGAR	0.9789950887797506	60	ST4.03ch10	27044902
10	17967322	21.197	pPt-471094	ppt-471094	DArT_marker	cigar_liftover_v403_to_v61	TableS4 marker lifted from PGSC/DM v4.03 to DM v6.1 using minimap2 PAF cg:Z CIGAR	0.9789950887797506	60	ST4.03ch10	27039891
10	17967322	21.197	pPt-471470	ppt-471470	DArT_marker	cigar_liftover_v403_to_v61	TableS4 marker lifted from PGSC/DM v4.03 to DM v6.1 using minimap2 PAF cg:Z CIGAR	0.9789950887797506	60	ST4.03ch10	27039891
10	17967543	21.197	pPt-533932	ppt-533932	DArT_marker	cigar_liftover_v403_to_v61	TableS4 marker lifted from PGSC/DM v4.03 to DM v6.1 using minimap2 PAF cg:Z CIGAR	0.9789950887797506	60	ST4.03ch10	27039670
10	17967834	21.197	pPt-538467	ppt-538467	DArT_marker	cigar_liftover_v403_to_v61	TableS4 marker lifted from PGSC/DM v4.03 to DM v6.1 using minimap2 PAF cg:Z CIGAR	0.9789950887797506	60	ST4.03ch10	27039379
10	21865280	20.867	pPt-535392	ppt-535392	DArT_marker	cigar_liftover_v403_to_v61	TableS4 marker lifted from PGSC/DM v4.03 to DM v6.1 using minimap2 PAF cg:Z CIGAR	0.9996356254229348	60	ST4.03ch10	8237461
10	29044920	21.796	PM1358	pm1358	repeat_region	cigar_liftover_v403_to_v61	TableS4 marker lifted from PGSC/DM v4.03 to DM v6.1 using minimap2 PAF cg:Z CIGAR	0.9979616855973886	60	ST4.03ch10	34634353
10	29688859	20.137	solcap_snp_c1_1	solcap_snp_c1_1	SNP	direct_spuddb_dm_v6_1	SolCAP SNP exact non-multimap position from SpudDB DM v6.1				
10	30749475	21.352	solcap_snp_c1_5	solcap_snp_c1_5	SNP	direct_spuddb_dm_v6_1	SolCAP SNP exact non-multimap position from SpudDB DM v6.1				
10	31387549	23.528	solcap_snp_c1_7	solcap_snp_c1_7	SNP	direct_spuddb_dm_v6_1	SolCAP SNP exact non-multimap position from SpudDB DM v6.1				
10	35603439	25.672	solcap_snp_c1_3057	solcap_snp_c1_3057	SNP	direct_spuddb_dm_v6_1	SolCAP SNP exact non-multimap position from SpudDB DM v6.1				
10	36968160	23.048	solcap_snp_c1_3055	solcap_snp_c1_3055	SNP	direct_spuddb_dm_v6_1	SolCAP SNP exact non-multimap position from SpudDB DM v6.1				
10	44025840	26.215	PM1337	pm1337	repeat_region	cigar_liftover_v403_to_v61	TableS4 marker lifted from PGSC/DM v4.03 to DM v6.1 using minimap2 PAF cg:Z CIGAR	0.9904963041182682	60	ST4.03ch10	43480224
10	44301243	26.728	solcap_snp_c1_11408	solcap_snp_c1_11408	SNP	direct_spuddb_dm_v6_1	SolCAP SNP exact non-multimap position from SpudDB DM v6.1				
10	45867762	26.604	solcap_snp_c1_14465	solcap_snp_c1_14465	SNP	direct_spuddb_dm_v6_1	SolCAP SNP exact non-multimap position from SpudDB DM v6.1				
10	46391532	27.672	solcap_snp_c1_12035	solcap_snp_c1_12035	SNP	direct_spuddb_dm_v6_1	SolCAP SNP exact non-multimap position from SpudDB DM v6.1				
10	47804246	36.083	pPt-654661	ppt-654661	DArT_marker	cigar_liftover_v403_to_v61	TableS4 marker lifted from PGSC/DM v4.03 to DM v6.1 using minimap2 PAF cg:Z CIGAR	0.9998359445492576	60	ST4.03ch10	47119491
10	47804246	36.091	pPt-536843	ppt-536843	DArT_marker	cigar_liftover_v403_to_v61	TableS4 marker lifted from PGSC/DM v4.03 to DM v6.1 using minimap2 PAF cg:Z CIGAR	0.9998359445492576	60	ST4.03ch10	47119491
10	47804246	36.091	pPt-552476	ppt-552476	DArT_marker	cigar_liftover_v403_to_v61	TableS4 marker lifted from PGSC/DM v4.03 to DM v6.1 using minimap2 PAF cg:Z CIGAR	0.9998359445492576	60	ST4.03ch10	47119491
10	47804246	36.402	pPt-552174	ppt-552174	DArT_marker	cigar_liftover_v403_to_v61	TableS4 marker lifted from PGSC/DM v4.03 to DM v6.1 using minimap2 PAF cg:Z CIGAR	0.9998359445492576	60	ST4.03ch10	47119491
10	48174762	36.298	solcap_snp_c1_16004	solcap_snp_c1_16004	SNP	direct_spuddb_dm_v6_1	SolCAP SNP exact non-multimap position from SpudDB DM v6.1				
10	49042701	34.53	toPt-440832	topt-440832	DArT_marker	cigar_liftover_v403_to_v61	TableS4 marker lifted from PGSC/DM v4.03 to DM v6.1 using minimap2 PAF cg:Z CIGAR	0.988026313258574	60	ST4.03ch10	48147916
10	49042767	34.53	pPt-539063	ppt-539063	DArT_marker	cigar_liftover_v403_to_v61	TableS4 marker lifted from PGSC/DM v4.03 to DM v6.1 using minimap2 PAF cg:Z CIGAR	0.988026313258574	60	ST4.03ch10	48147982
10	49042767	34.53	pPt-552569	ppt-552569	DArT_marker	cigar_liftover_v403_to_v61	TableS4 marker lifted from PGSC/DM v4.03 to DM v6.1 using minimap2 PAF cg:Z CIGAR	0.988026313258574	60	ST4.03ch10	48147982
10	49042767	34.53	pPt-559421	ppt-559421	DArT_marker	cigar_liftover_v403_to_v61	TableS4 marker lifted from PGSC/DM v4.03 to DM v6.1 using minimap2 PAF cg:Z CIGAR	0.988026313258574	60	ST4.03ch10	48147982
10	49233562	37.794	solcap_snp_c1_14606	solcap_snp_c1_14606	SNP	direct_spuddb_dm_v6_1	SolCAP SNP exact non-multimap position from SpudDB DM v6.1				
10	50430249	39.12	toPt-437059	topt-437059	DArT_marker	cigar_liftover_v403_to_v61	TableS4 marker lifted from PGSC/DM v4.03 to DM v6.1 using minimap2 PAF cg:Z CIGAR	0.99490662139219	60	ST4.03ch10	49406324
10	50430249	39.12	toPt-439655	topt-439655	DArT_marker	cigar_liftover_v403_to_v61	TableS4 marker lifted from PGSC/DM v4.03 to DM v6.1 using minimap2 PAF cg:Z CIGAR	0.99490662139219	60	ST4.03ch10	49406324
10	51855735	43.078	pPt-533924	ppt-533924	DArT_marker	cigar_liftover_v403_to_v61	TableS4 marker lifted from PGSC/DM v4.03 to DM v6.1 using minimap2 PAF cg:Z CIGAR	0.9562309578657948	60	ST4.03ch10	50902146
10	51855778	43.41	pPt-650975	ppt-650975	DArT_marker	cigar_liftover_v403_to_v61	TableS4 marker lifted from PGSC/DM v4.03 to DM v6.1 using minimap2 PAF cg:Z CIGAR	0.9562309578657948	60	ST4.03ch10	50902189
10	52087178	45.883	solcap_snp_c1_9498	solcap_snp_c1_9498	SNP	direct_spuddb_dm_v6_1	SolCAP SNP exact non-multimap position from SpudDB DM v6.1				
10	52898453	46.385	pPt-539509	ppt-539509	DArT_marker	cigar_liftover_v403_to_v61	TableS4 marker lifted from PGSC/DM v4.03 to DM v6.1 using minimap2 PAF cg:Z CIGAR	0.9977558743289624	60	ST4.03ch10	52004458
10	52898639	46.379	pPt-653677	ppt-653677	DArT_marker	cigar_liftover_v403_to_v61	TableS4 marker lifted from PGSC/DM v4.03 to DM v6.1 using minimap2 PAF cg:Z CIGAR	0.9977558743289624	60	ST4.03ch10	52004644
10	52898641	46.383	pPt-652127	ppt-652127	DArT_marker	cigar_liftover_v403_to_v61	TableS4 marker lifted from PGSC/DM v4.03 to DM v6.1 using minimap2 PAF cg:Z CIGAR	0.9977558743289624	60	ST4.03ch10	52004646
10	52898643	45.911	toPt-440308	topt-440308	DArT_marker	cigar_liftover_v403_to_v61	TableS4 marker lifted from PGSC/DM v4.03 to DM v6.1 using minimap2 PAF cg:Z CIGAR	0.9977558743289624	60	ST4.03ch10	52004648
10	52898643	46.312	pPt-458453	ppt-458453	DArT_marker	cigar_liftover_v403_to_v61	TableS4 marker lifted from PGSC/DM v4.03 to DM v6.1 using minimap2 PAF cg:Z CIGAR	0.9977558743289624	60	ST4.03ch10	52004648
10	52898643	46.353	pPt-650893	ppt-650893	DArT_marker	cigar_liftover_v403_to_v61	TableS4 marker lifted from PGSC/DM v4.03 to DM v6.1 using minimap2 PAF cg:Z CIGAR	0.9977558743289624	60	ST4.03ch10	52004648
10	52898643	46.379	pPt-458714	ppt-458714	DArT_marker	cigar_liftover_v403_to_v61	TableS4 marker lifted from PGSC/DM v4.03 to DM v6.1 using minimap2 PAF cg:Z CIGAR	0.9977558743289624	60	ST4.03ch10	52004648
10	52898643	46.379	pPt-459023	ppt-459023	DArT_marker	cigar_liftover_v403_to_v61	TableS4 marker lifted from PGSC/DM v4.03 to DM v6.1 using minimap2 PAF cg:Z CIGAR	0.9977558743289624	60	ST4.03ch10	52004648
10	52898643	46.379	pPt-472481	ppt-472481	DArT_marker	cigar_liftover_v403_to_v61	TableS4 marker lifted from PGSC/DM v4.03 to DM v6.1 using minimap2 PAF cg:Z CIGAR	0.9977558743289624	60	ST4.03ch10	52004648
10	52898643	46.379	pPt-539190	ppt-539190	DArT_marker	cigar_liftover_v403_to_v61	TableS4 marker lifted from PGSC/DM v4.03 to DM v6.1 using minimap2 PAF cg:Z CIGAR	0.9977558743289624	60	ST4.03ch10	52004648
10	52898643	46.379	toPt-437020	topt-437020	DArT_marker	cigar_liftover_v403_to_v61	TableS4 marker lifted from PGSC/DM v4.03 to DM v6.1 using minimap2 PAF cg:Z CIGAR	0.9977558743289624	60	ST4.03ch10	52004648
10	52898643	46.379	toPt-437558	topt-437558	DArT_marker	cigar_liftover_v403_to_v61	TableS4 marker lifted from PGSC/DM v4.03 to DM v6.1 using minimap2 PAF cg:Z CIGAR	0.9977558743289624	60	ST4.03ch10	52004648
10	52898643	46.379	toPt-439355	topt-439355	DArT_marker	cigar_liftover_v403_to_v61	TableS4 marker lifted from PGSC/DM v4.03 to DM v6.1 using minimap2 PAF cg:Z CIGAR	0.9977558743289624	60	ST4.03ch10	52004648
10	52898643	46.383	pPt-535439	ppt-535439	DArT_marker	cigar_liftover_v403_to_v61	TableS4 marker lifted from PGSC/DM v4.03 to DM v6.1 using minimap2 PAF cg:Z CIGAR	0.9977558743289624	60	ST4.03ch10	52004648
10	52898643	46.383	pPt-650881	ppt-650881	DArT_marker	cigar_liftover_v403_to_v61	TableS4 marker lifted from PGSC/DM v4.03 to DM v6.1 using minimap2 PAF cg:Z CIGAR	0.9977558743289624	60	ST4.03ch10	52004648
10	52898643	46.383	pPt-654512	ppt-654512	DArT_marker	cigar_liftover_v403_to_v61	TableS4 marker lifted from PGSC/DM v4.03 to DM v6.1 using minimap2 PAF cg:Z CIGAR	0.9977558743289624	60	ST4.03ch10	52004648
10	52898643	46.385	pPt-654751	ppt-654751	DArT_marker	cigar_liftover_v403_to_v61	TableS4 marker lifted from PGSC/DM v4.03 to DM v6.1 using minimap2 PAF cg:Z CIGAR	0.9977558743289624	60	ST4.03ch10	52004648
10	52898643	46.387	toPt-438485	topt-438485	DArT_marker	cigar_liftover_v403_to_v61	TableS4 marker lifted from PGSC/DM v4.03 to DM v6.1 using minimap2 PAF cg:Z CIGAR	0.9977558743289624	60	ST4.03ch10	52004648
10	52898643	46.388	toPt-439251	topt-439251	DArT_marker	cigar_liftover_v403_to_v61	TableS4 marker lifted from PGSC/DM v4.03 to DM v6.1 using minimap2 PAF cg:Z CIGAR	0.9977558743289624	60	ST4.03ch10	52004648
10	52898643	46.445	toPt-440369	topt-440369	DArT_marker	cigar_liftover_v403_to_v61	TableS4 marker lifted from PGSC/DM v4.03 to DM v6.1 using minimap2 PAF cg:Z CIGAR	0.9977558743289624	60	ST4.03ch10	52004648
10	52898643	46.693	pPt-458198	ppt-458198	DArT_marker	cigar_liftover_v403_to_v61	TableS4 marker lifted from PGSC/DM v4.03 to DM v6.1 using minimap2 PAF cg:Z CIGAR	0.9977558743289624	60	ST4.03ch10	52004648
10	52898643	46.724	pPt-458465	ppt-458465	DArT_marker	cigar_liftover_v403_to_v61	TableS4 marker lifted from PGSC/DM v4.03 to DM v6.1 using minimap2 PAF cg:Z CIGAR	0.9977558743289624	60	ST4.03ch10	52004648
10	52898816	46.295	capPt-673116	cappt-673116	DArT_marker	cigar_liftover_v403_to_v61	TableS4 marker lifted from PGSC/DM v4.03 to DM v6.1 using minimap2 PAF cg:Z CIGAR	0.9977558743289624	60	ST4.03ch10	52004821
10	52898816	46.313	capPt-672993	cappt-672993	DArT_marker	cigar_liftover_v403_to_v61	TableS4 marker lifted from PGSC/DM v4.03 to DM v6.1 using minimap2 PAF cg:Z CIGAR	0.9977558743289624	60	ST4.03ch10	52004821
10	53051560	46.077	solcap_snp_c1_15222	solcap_snp_c1_15222	SNP	direct_spuddb_dm_v6_1	SolCAP SNP exact non-multimap position from SpudDB DM v6.1				
10	53142228	47.01	solcap_snp_c1_15216	solcap_snp_c1_15216	SNP	direct_spuddb_dm_v6_1	SolCAP SNP exact non-multimap position from SpudDB DM v6.1				
10	55214380	49.827	pPt-459092	ppt-459092	DArT_marker	cigar_liftover_v403_to_v61	TableS4 marker lifted from PGSC/DM v4.03 to DM v6.1 using minimap2 PAF cg:Z CIGAR	0.9998846464413428	60	ST4.03ch10	54347536
10	55214381	49.755	pPt-458475	ppt-458475	DArT_marker	cigar_liftover_v403_to_v61	TableS4 marker lifted from PGSC/DM v4.03 to DM v6.1 using minimap2 PAF cg:Z CIGAR	0.9998846464413428	60	ST4.03ch10	54347537
10	55214381	49.755	pPt-539947	ppt-539947	DArT_marker	cigar_liftover_v403_to_v61	TableS4 marker lifted from PGSC/DM v4.03 to DM v6.1 using minimap2 PAF cg:Z CIGAR	0.9998846464413428	60	ST4.03ch10	54347537
10	55214381	49.755	pPt-654281	ppt-654281	DArT_marker	cigar_liftover_v403_to_v61	TableS4 marker lifted from PGSC/DM v4.03 to DM v6.1 using minimap2 PAF cg:Z CIGAR	0.9998846464413428	60	ST4.03ch10	54347537
10	55214381	49.979	pPt-457825	ppt-457825	DArT_marker	cigar_liftover_v403_to_v61	TableS4 marker lifted from PGSC/DM v4.03 to DM v6.1 using minimap2 PAF cg:Z CIGAR	0.9998846464413428	60	ST4.03ch10	54347537
10	55254858	50.273	solcap_snp_c1_10324	solcap_snp_c1_10324	SNP	direct_spuddb_dm_v6_1	SolCAP SNP exact non-multimap position from SpudDB DM v6.1				
10	55257906	49.769	pPt-652171	ppt-652171	DArT_marker	cigar_liftover_v403_to_v61	TableS4 marker lifted from PGSC/DM v4.03 to DM v6.1 using minimap2 PAF cg:Z CIGAR	0.9982393831770028	60	ST4.03ch10	54392864
10	57342715	57.701	solcap_snp_c1_9069	solcap_snp_c1_9069	SNP	direct_spuddb_dm_v6_1	SolCAP SNP exact non-multimap position from SpudDB DM v6.1				
10	57502157	57.235	solcap_snp_c1_12656	solcap_snp_c1_12656	SNP	direct_spuddb_dm_v6_1	SolCAP SNP exact non-multimap position from SpudDB DM v6.1				
10	57561186	59.216	pPt-458108	ppt-458108	DArT_marker	cigar_liftover_v403_to_v61	TableS4 marker lifted from PGSC/DM v4.03 to DM v6.1 using minimap2 PAF cg:Z CIGAR	0.9651764486504124	60	ST4.03ch10	56736023
10	57586970	58.919	solcap_snp_c1_12614	solcap_snp_c1_12614	SNP	direct_spuddb_dm_v6_1	SolCAP SNP exact non-multimap position from SpudDB DM v6.1				
10	57944536	61.372	PM0139	pm0139	repeat_region	cigar_liftover_v403_to_v61	TableS4 marker lifted from PGSC/DM v4.03 to DM v6.1 using minimap2 PAF cg:Z CIGAR	0.9942674085314448	60	ST4.03ch10	57164461
10	58324929	62.297	solcap_snp_c1_7206	solcap_snp_c1_7206	SNP	direct_spuddb_dm_v6_1	SolCAP SNP exact non-multimap position from SpudDB DM v6.1				
10	59199662	64.989	pPt-651366	ppt-651366	DArT_marker	cigar_liftover_v403_to_v61	TableS4 marker lifted from PGSC/DM v4.03 to DM v6.1 using minimap2 PAF cg:Z CIGAR	0.9875526732614088	60	ST4.03ch10	58436270
10	59248708	68.865	solcap_snp_c1_8814	solcap_snp_c1_8814	SNP	direct_spuddb_dm_v6_1	SolCAP SNP exact non-multimap position from SpudDB DM v6.1				
10	59277472	67.349	toPt-437377	topt-437377	DArT_marker	cigar_liftover_v403_to_v61	TableS4 marker lifted from PGSC/DM v4.03 to DM v6.1 using minimap2 PAF cg:Z CIGAR	0.97090011052777	60	ST4.03ch10	58516022
11	478455	6.415	pPt-473989	ppt-473989	DArT_marker	cigar_liftover_v403_to_v61	TableS4 marker lifted from PGSC/DM v4.03 to DM v6.1 using minimap2 PAF cg:Z CIGAR	0.9991448606122798	60	ST4.03ch11	178067
11	478459	6.415	pPt-656084	ppt-656084	DArT_marker	cigar_liftover_v403_to_v61	TableS4 marker lifted from PGSC/DM v4.03 to DM v6.1 using minimap2 PAF cg:Z CIGAR	0.9991448606122798	60	ST4.03ch11	178071
11	478466	6.415	pPt-654935	ppt-654935	DArT_marker	cigar_liftover_v403_to_v61	TableS4 marker lifted from PGSC/DM v4.03 to DM v6.1 using minimap2 PAF cg:Z CIGAR	0.9991448606122798	60	ST4.03ch11	178078
11	478667	6.415	toPt-440415	topt-440415	DArT_marker	cigar_liftover_v403_to_v61	TableS4 marker lifted from PGSC/DM v4.03 to DM v6.1 using minimap2 PAF cg:Z CIGAR	0.9991448606122798	60	ST4.03ch11	178279
11	675706	7.188	solcap_snp_c1_4358	solcap_snp_c1_4358	SNP	direct_spuddb_dm_v6_1	SolCAP SNP exact non-multimap position from SpudDB DM v6.1				
11	1414041	10.24	pPt-652437	ppt-652437	DArT_marker	cigar_liftover_v403_to_v61	TableS4 marker lifted from PGSC/DM v4.03 to DM v6.1 using minimap2 PAF cg:Z CIGAR	0.9892862388650324	60	ST4.03ch11	1114185
11	2579325	0.759	solcap_snp_c1_11111	solcap_snp_c1_11111	SNP	direct_spuddb_dm_v6_1	SolCAP SNP exact non-multimap position from SpudDB DM v6.1				
11	2822788	2.25	pPt-470834	ppt-470834	DArT_marker	cigar_liftover_v403_to_v61	TableS4 marker lifted from PGSC/DM v4.03 to DM v6.1 using minimap2 PAF cg:Z CIGAR	0.980406882624877	60	ST4.03ch11	2067248
11	2830372	1.658	pPt-534589	ppt-534589	DArT_marker	cigar_liftover_v403_to_v61	TableS4 marker lifted from PGSC/DM v4.03 to DM v6.1 using minimap2 PAF cg:Z CIGAR	0.980406882624877	60	ST4.03ch11	2074744
11	2830372	2.226	pPt-536045	ppt-536045	DArT_marker	cigar_liftover_v403_to_v61	TableS4 marker lifted from PGSC/DM v4.03 to DM v6.1 using minimap2 PAF cg:Z CIGAR	0.980406882624877	60	ST4.03ch11	2074744
11	2830372	2.233	pPt-538065	ppt-538065	DArT_marker	cigar_liftover_v403_to_v61	TableS4 marker lifted from PGSC/DM v4.03 to DM v6.1 using minimap2 PAF cg:Z CIGAR	0.980406882624877	60	ST4.03ch11	2074744
11	2830372	2.244	pPt-534298	ppt-534298	DArT_marker	cigar_liftover_v403_to_v61	TableS4 marker lifted from PGSC/DM v4.03 to DM v6.1 using minimap2 PAF cg:Z CIGAR	0.980406882624877	60	ST4.03ch11	2074744
11	2830372	2.25	pPt-536761	ppt-536761	DArT_marker	cigar_liftover_v403_to_v61	TableS4 marker lifted from PGSC/DM v4.03 to DM v6.1 using minimap2 PAF cg:Z CIGAR	0.980406882624877	60	ST4.03ch11	2074744
11	2830392	2.216	pPt-653767	ppt-653767	DArT_marker	cigar_liftover_v403_to_v61	TableS4 marker lifted from PGSC/DM v4.03 to DM v6.1 using minimap2 PAF cg:Z CIGAR	0.980406882624877	60	ST4.03ch11	2074764
11	3258263	3.765	solcap_snp_c1_2189	solcap_snp_c1_2189	SNP	direct_spuddb_dm_v6_1	SolCAP SNP exact non-multimap position from SpudDB DM v6.1				
11	3575362	12.567	solcap_snp_c1_2132	solcap_snp_c1_2132	SNP	direct_spuddb_dm_v6_1	SolCAP SNP exact non-multimap position from SpudDB DM v6.1				
11	3695457	4.712	solcap_snp_c1_2311	solcap_snp_c1_2311	SNP	direct_spuddb_dm_v6_1	SolCAP SNP exact non-multimap position from SpudDB DM v6.1				
11	4000873	15.715	solcap_snp_c1_2254	solcap_snp_c1_2254	SNP	direct_spuddb_dm_v6_1	SolCAP SNP exact non-multimap position from SpudDB DM v6.1				
11	4002920	15.429	capPt-673113	cappt-673113	DArT_marker	cigar_liftover_v403_to_v61	TableS4 marker lifted from PGSC/DM v4.03 to DM v6.1 using minimap2 PAF cg:Z CIGAR	0.9925159343639816	60	ST4.03ch11	3290926
11	4242408	5.452	solcap_snp_c1_2221	solcap_snp_c1_2221	SNP	direct_spuddb_dm_v6_1	SolCAP SNP exact non-multimap position from SpudDB DM v6.1				
11	5321940	17.585	solcap_snp_c1_16309	solcap_snp_c1_16309	SNP	direct_spuddb_dm_v6_1	SolCAP SNP exact non-multimap position from SpudDB DM v6.1				
11	5952475	18.836	toPt-436913	topt-436913	DArT_marker	cigar_liftover_v403_to_v61	TableS4 marker lifted from PGSC/DM v4.03 to DM v6.1 using minimap2 PAF cg:Z CIGAR	0.9912131114489966	60	ST4.03ch11	5049317
11	6166561	8.301	solcap_snp_c1_6633	solcap_snp_c1_6633	SNP	direct_spuddb_dm_v6_1	SolCAP SNP exact non-multimap position from SpudDB DM v6.1				
11	6316424	8.562	PM0206	pm0206	repeat_region	cigar_liftover_v403_to_v61	TableS4 marker lifted from PGSC/DM v4.03 to DM v6.1 using minimap2 PAF cg:Z CIGAR	0.9939975482943738	60	ST4.03ch11	5416710
11	6413576	9.381	solcap_snp_c1_6643	solcap_snp_c1_6643	SNP	direct_spuddb_dm_v6_1	SolCAP SNP exact non-multimap position from SpudDB DM v6.1				
11	7232733	12.591	pPt-538888	ppt-538888	DArT_marker	cigar_liftover_v403_to_v61	TableS4 marker lifted from PGSC/DM v4.03 to DM v6.1 using minimap2 PAF cg:Z CIGAR	0.9700248890812684	60	ST4.03ch11	6258508
11	7604661	16.273	PM0395	pm0395	repeat_region	cigar_liftover_v403_to_v61	TableS4 marker lifted from PGSC/DM v4.03 to DM v6.1 using minimap2 PAF cg:Z CIGAR	0.9977798921661908	60	ST4.03ch11	6639267
11	8901167	26.204	solcap_snp_c1_4012	solcap_snp_c1_4012	SNP	direct_spuddb_dm_v6_1	SolCAP SNP exact non-multimap position from SpudDB DM v6.1				
11	9118092	26.74	solcap_snp_c1_4009	solcap_snp_c1_4009	SNP	direct_spuddb_dm_v6_1	SolCAP SNP exact non-multimap position from SpudDB DM v6.1				
11	9491422	27.637	solcap_snp_c1_3996	solcap_snp_c1_3996	SNP	direct_spuddb_dm_v6_1	SolCAP SNP exact non-multimap position from SpudDB DM v6.1				
11	9529080	27.499	toPt-437239	topt-437239	DArT_marker	cigar_liftover_v403_to_v61	TableS4 marker lifted from PGSC/DM v4.03 to DM v6.1 using minimap2 PAF cg:Z CIGAR	0.9911121170967256	60	ST4.03ch11	8699648
11	9529080	27.499	toPt-437362	topt-437362	DArT_marker	cigar_liftover_v403_to_v61	TableS4 marker lifted from PGSC/DM v4.03 to DM v6.1 using minimap2 PAF cg:Z CIGAR	0.9911121170967256	60	ST4.03ch11	8699648
11	9529123	27.698	toPt-438852	topt-438852	DArT_marker	cigar_liftover_v403_to_v61	TableS4 marker lifted from PGSC/DM v4.03 to DM v6.1 using minimap2 PAF cg:Z CIGAR	0.9911121170967256	60	ST4.03ch11	8699691
11	9529226	27.499	pPt-650908	ppt-650908	DArT_marker	cigar_liftover_v403_to_v61	TableS4 marker lifted from PGSC/DM v4.03 to DM v6.1 using minimap2 PAF cg:Z CIGAR	0.9911121170967256	60	ST4.03ch11	8699794
11	9529226	27.499	pPt-654251	ppt-654251	DArT_marker	cigar_liftover_v403_to_v61	TableS4 marker lifted from PGSC/DM v4.03 to DM v6.1 using minimap2 PAF cg:Z CIGAR	0.9911121170967256	60	ST4.03ch11	8699794
11	9529226	27.499	pPt-655824	ppt-655824	DArT_marker	cigar_liftover_v403_to_v61	TableS4 marker lifted from PGSC/DM v4.03 to DM v6.1 using minimap2 PAF cg:Z CIGAR	0.9911121170967256	60	ST4.03ch11	8699794
11	10088223	22.701	toPt-437706	topt-437706	DArT_marker	cigar_liftover_v403_to_v61	TableS4 marker lifted from PGSC/DM v4.03 to DM v6.1 using minimap2 PAF cg:Z CIGAR	0.9881070174417476	60	ST4.03ch11	9271842
11	10088223	23.569	toPt-437157	topt-437157	DArT_marker	cigar_liftover_v403_to_v61	TableS4 marker lifted from PGSC/DM v4.03 to DM v6.1 using minimap2 PAF cg:Z CIGAR	0.9881070174417476	60	ST4.03ch11	9271842
11	10088223	23.708	pPt-650846	ppt-650846	DArT_marker	cigar_liftover_v403_to_v61	TableS4 marker lifted from PGSC/DM v4.03 to DM v6.1 using minimap2 PAF cg:Z CIGAR	0.9881070174417476	60	ST4.03ch11	9271842
11	11819512	28.519	st_11798	st_11798	repeat_region	cigar_liftover_v403_to_v61	TableS4 marker lifted from PGSC/DM v4.03 to DM v6.1 using minimap2 PAF cg:Z CIGAR	0.995930382688633	60	ST4.03ch11	11113050
11	14527226	30.858	toPt-441400	topt-441400	DArT_marker	cigar_liftover_v403_to_v61	TableS4 marker lifted from PGSC/DM v4.03 to DM v6.1 using minimap2 PAF cg:Z CIGAR	0.9904325106670928	60	ST4.03ch11	13800606
11	14527226	32.073	pPt-650733	ppt-650733	DArT_marker	cigar_liftover_v403_to_v61	TableS4 marker lifted from PGSC/DM v4.03 to DM v6.1 using minimap2 PAF cg:Z CIGAR	0.9904325106670928	60	ST4.03ch11	13800606
11	15387352	35.828	MICRO.1169.C1_977	micro.1169.c1_977	match	cigar_liftover_v403_to_v61	TableS4 marker lifted from PGSC/DM v4.03 to DM v6.1 using minimap2 PAF cg:Z CIGAR	0.9847669433549212	60	ST4.03ch11	14665547
11	16224599	37.27	solcap_snp_c1_872	solcap_snp_c1_872	SNP	direct_spuddb_dm_v6_1	SolCAP SNP exact non-multimap position from SpudDB DM v6.1				
11	27165202	34.197	PM1319	pm1319	repeat_region	cigar_liftover_v403_to_v61	TableS4 marker lifted from PGSC/DM v4.03 to DM v6.1 using minimap2 PAF cg:Z CIGAR	0.9994304590500056	60	ST4.03ch11	18680542
11	27218620	15.236	pPt-657037	ppt-657037	DArT_marker	cigar_liftover_v403_to_v61	TableS4 marker lifted from PGSC/DM v4.03 to DM v6.1 using minimap2 PAF cg:Z CIGAR	0.9998800527767784	60	ST4.03ch11	18628995
11	30013065	35.081	pPt-536357	ppt-536357	DArT_marker	cigar_liftover_v403_to_v61	TableS4 marker lifted from PGSC/DM v4.03 to DM v6.1 using minimap2 PAF cg:Z CIGAR	0.9998906625847364	60	ST4.03ch11	27850630
11	32900636	33.402	MICRO.10953.C1_310	micro.10953.c1_310	match	cigar_liftover_v403_to_v61	TableS4 marker lifted from PGSC/DM v4.03 to DM v6.1 using minimap2 PAF cg:Z CIGAR	0.9911516996448504	60	ST4.03ch11	30891993
11	36524120	36.791	pPt-473209	ppt-473209	DArT_marker	cigar_liftover_v403_to_v61	TableS4 marker lifted from PGSC/DM v4.03 to DM v6.1 using minimap2 PAF cg:Z CIGAR	0.9905213805569676	60	ST4.03ch11	34617805
11	36524120	36.932	toPt-437465	topt-437465	DArT_marker	cigar_liftover_v403_to_v61	TableS4 marker lifted from PGSC/DM v4.03 to DM v6.1 using minimap2 PAF cg:Z CIGAR	0.9905213805569676	60	ST4.03ch11	34617805
11	36524120	36.999	toPt-440455	topt-440455	DArT_marker	cigar_liftover_v403_to_v61	TableS4 marker lifted from PGSC/DM v4.03 to DM v6.1 using minimap2 PAF cg:Z CIGAR	0.9905213805569676	60	ST4.03ch11	34617805
11	36955055	36.63	pPt-651955	ppt-651955	DArT_marker	cigar_liftover_v403_to_v61	TableS4 marker lifted from PGSC/DM v4.03 to DM v6.1 using minimap2 PAF cg:Z CIGAR	0.9795365991493412	60	ST4.03ch11	35059077
11	36955055	38.047	pPt-457986	ppt-457986	DArT_marker	cigar_liftover_v403_to_v61	TableS4 marker lifted from PGSC/DM v4.03 to DM v6.1 using minimap2 PAF cg:Z CIGAR	0.9795365991493412	60	ST4.03ch11	35059077
11	37615241	36.859	solcap_snp_c1_4359	solcap_snp_c1_4359	SNP	direct_spuddb_dm_v6_1	SolCAP SNP exact non-multimap position from SpudDB DM v6.1				
11	40128268	44.569	solcap_snp_c1_4818	solcap_snp_c1_4818	SNP	direct_spuddb_dm_v6_1	SolCAP SNP exact non-multimap position from SpudDB DM v6.1				
11	40806074	48.053	solcap_snp_c1_1300	solcap_snp_c1_1300	SNP	direct_spuddb_dm_v6_1	SolCAP SNP exact non-multimap position from SpudDB DM v6.1				
11	40969800	46.082	pPt-653469	ppt-653469	DArT_marker	cigar_liftover_v403_to_v61	TableS4 marker lifted from PGSC/DM v4.03 to DM v6.1 using minimap2 PAF cg:Z CIGAR	0.9828907048008172	60	ST4.03ch11	39404554
11	41045136	45.74	pPt-458167	ppt-458167	DArT_marker	cigar_liftover_v403_to_v61	TableS4 marker lifted from PGSC/DM v4.03 to DM v6.1 using minimap2 PAF cg:Z CIGAR	0.998503283120896	60	ST4.03ch11	39480817
11	41045136	45.74	pPt-656330	ppt-656330	DArT_marker	cigar_liftover_v403_to_v61	TableS4 marker lifted from PGSC/DM v4.03 to DM v6.1 using minimap2 PAF cg:Z CIGAR	0.998503283120896	60	ST4.03ch11	39480817
11	41045136	45.742	pPt-457993	ppt-457993	DArT_marker	cigar_liftover_v403_to_v61	TableS4 marker lifted from PGSC/DM v4.03 to DM v6.1 using minimap2 PAF cg:Z CIGAR	0.998503283120896	60	ST4.03ch11	39480817
11	41045136	45.749	toPt-437675	topt-437675	DArT_marker	cigar_liftover_v403_to_v61	TableS4 marker lifted from PGSC/DM v4.03 to DM v6.1 using minimap2 PAF cg:Z CIGAR	0.998503283120896	60	ST4.03ch11	39480817
11	41045136	49.375	pPt-457758	ppt-457758	DArT_marker	cigar_liftover_v403_to_v61	TableS4 marker lifted from PGSC/DM v4.03 to DM v6.1 using minimap2 PAF cg:Z CIGAR	0.998503283120896	60	ST4.03ch11	39480817
11	41200951	46.192	toPt-437761	topt-437761	DArT_marker	cigar_liftover_v403_to_v61	TableS4 marker lifted from PGSC/DM v4.03 to DM v6.1 using minimap2 PAF cg:Z CIGAR	0.9901336196611789	60	ST4.03ch11	39650524
11	41200951	46.212	pPt-456627	ppt-456627	DArT_marker	cigar_liftover_v403_to_v61	TableS4 marker lifted from PGSC/DM v4.03 to DM v6.1 using minimap2 PAF cg:Z CIGAR	0.9901336196611789	60	ST4.03ch11	39650524
11	41200951	46.212	pPt-472600	ppt-472600	DArT_marker	cigar_liftover_v403_to_v61	TableS4 marker lifted from PGSC/DM v4.03 to DM v6.1 using minimap2 PAF cg:Z CIGAR	0.9901336196611789	60	ST4.03ch11	39650524
11	41200951	46.212	pPt-473142	ppt-473142	DArT_marker	cigar_liftover_v403_to_v61	TableS4 marker lifted from PGSC/DM v4.03 to DM v6.1 using minimap2 PAF cg:Z CIGAR	0.9901336196611789	60	ST4.03ch11	39650524
11	41200951	46.212	pPt-654041	ppt-654041	DArT_marker	cigar_liftover_v403_to_v61	TableS4 marker lifted from PGSC/DM v4.03 to DM v6.1 using minimap2 PAF cg:Z CIGAR	0.9901336196611789	60	ST4.03ch11	39650524
11	41200951	46.212	pPt-654319	ppt-654319	DArT_marker	cigar_liftover_v403_to_v61	TableS4 marker lifted from PGSC/DM v4.03 to DM v6.1 using minimap2 PAF cg:Z CIGAR	0.9901336196611789	60	ST4.03ch11	39650524
11	41200951	46.212	pPt-655607	ppt-655607	DArT_marker	cigar_liftover_v403_to_v61	TableS4 marker lifted from PGSC/DM v4.03 to DM v6.1 using minimap2 PAF cg:Z CIGAR	0.9901336196611789	60	ST4.03ch11	39650524
11	41200951	46.238	toPt-437421	topt-437421	DArT_marker	cigar_liftover_v403_to_v61	TableS4 marker lifted from PGSC/DM v4.03 to DM v6.1 using minimap2 PAF cg:Z CIGAR	0.9901336196611789	60	ST4.03ch11	39650524
11	41708288	42.971	MICRO.2270.C1_388	micro.2270.c1_388	match	cigar_liftover_v403_to_v61	TableS4 marker lifted from PGSC/DM v4.03 to DM v6.1 using minimap2 PAF cg:Z CIGAR	0.9968782073212452	60	ST4.03ch11	40163618
11	42186332	47.372	solcap_snp_c1_6959	solcap_snp_c1_6959	SNP	direct_spuddb_dm_v6_1	SolCAP SNP exact non-multimap position from SpudDB DM v6.1				
11	42273649	50.616	solcap_snp_c1_6967	solcap_snp_c1_6967	SNP	direct_spuddb_dm_v6_1	SolCAP SNP exact non-multimap position from SpudDB DM v6.1				
11	42408537	47.907	solcap_snp_c1_6971	solcap_snp_c1_6971	SNP	direct_spuddb_dm_v6_1	SolCAP SNP exact non-multimap position from SpudDB DM v6.1				
11	42675626	52.117	MICRO.6802.C1_383	micro.6802.c1_383	match	cigar_liftover_v403_to_v61	TableS4 marker lifted from PGSC/DM v4.03 to DM v6.1 using minimap2 PAF cg:Z CIGAR	0.9822910902047592	60	ST4.03ch11	41240001
11	42995363	52.997	pPt-652772	ppt-652772	DArT_marker	cigar_liftover_v403_to_v61	TableS4 marker lifted from PGSC/DM v4.03 to DM v6.1 using minimap2 PAF cg:Z CIGAR	0.978525199567542	60	ST4.03ch11	41566031
11	42995486	53.0	pPt-534514	ppt-534514	DArT_marker	cigar_liftover_v403_to_v61	TableS4 marker lifted from PGSC/DM v4.03 to DM v6.1 using minimap2 PAF cg:Z CIGAR	0.978525199567542	60	ST4.03ch11	41566154
11	43021081	53.299	solcap_snp_c1_4929	solcap_snp_c1_4929	SNP	direct_spuddb_dm_v6_1	SolCAP SNP exact non-multimap position from SpudDB DM v6.1				
11	43727992	53.878	solcap_snp_c1_4911	solcap_snp_c1_4911	SNP	direct_spuddb_dm_v6_1	SolCAP SNP exact non-multimap position from SpudDB DM v6.1				
11	43731390	53.049	solcap_snp_c1_4908	solcap_snp_c1_4908	SNP	direct_spuddb_dm_v6_1	SolCAP SNP exact non-multimap position from SpudDB DM v6.1				
11	43849896	54.559	pPt-471962	ppt-471962	DArT_marker	cigar_liftover_v403_to_v61	TableS4 marker lifted from PGSC/DM v4.03 to DM v6.1 using minimap2 PAF cg:Z CIGAR	0.9847558893820416	60	ST4.03ch11	42370187
11	44454708	56.684	solcap_snp_c1_15798	solcap_snp_c1_15798	SNP	direct_spuddb_dm_v6_1	SolCAP SNP exact non-multimap position from SpudDB DM v6.1				
11	44455736	57.204	pPt-656631	ppt-656631	DArT_marker	cigar_liftover_v403_to_v61	TableS4 marker lifted from PGSC/DM v4.03 to DM v6.1 using minimap2 PAF cg:Z CIGAR	0.9927342503557416	60	ST4.03ch11	42976293
11	44479312	55.172	pPt-656960	ppt-656960	DArT_marker	cigar_liftover_v403_to_v61	TableS4 marker lifted from PGSC/DM v4.03 to DM v6.1 using minimap2 PAF cg:Z CIGAR	0.9667543418558776	60	ST4.03ch11	42999434
11	44479312	55.172	pPt-657161	ppt-657161	DArT_marker	cigar_liftover_v403_to_v61	TableS4 marker lifted from PGSC/DM v4.03 to DM v6.1 using minimap2 PAF cg:Z CIGAR	0.9667543418558776	60	ST4.03ch11	42999434
11	44479312	55.184	pPt-654406	ppt-654406	DArT_marker	cigar_liftover_v403_to_v61	TableS4 marker lifted from PGSC/DM v4.03 to DM v6.1 using minimap2 PAF cg:Z CIGAR	0.9667543418558776	60	ST4.03ch11	42999434
11	44479312	55.203	pPt-652740	ppt-652740	DArT_marker	cigar_liftover_v403_to_v61	TableS4 marker lifted from PGSC/DM v4.03 to DM v6.1 using minimap2 PAF cg:Z CIGAR	0.9667543418558776	60	ST4.03ch11	42999434
11	45525054	58.097	solcap_snp_c1_11568	solcap_snp_c1_11568	SNP	direct_spuddb_dm_v6_1	SolCAP SNP exact non-multimap position from SpudDB DM v6.1				
11	45740690	61.922	solcap_snp_c1_12902	solcap_snp_c1_12902	SNP	direct_spuddb_dm_v6_1	SolCAP SNP exact non-multimap position from SpudDB DM v6.1				
11	45763473	62.862	toPt-438709	topt-438709	DArT_marker	cigar_liftover_v403_to_v61	TableS4 marker lifted from PGSC/DM v4.03 to DM v6.1 using minimap2 PAF cg:Z CIGAR	0.9806778716039632	60	ST4.03ch11	44362971
12	261416	69.698	solcap_snp_c1_16130	solcap_snp_c1_16130	SNP	direct_spuddb_dm_v6_1	SolCAP SNP exact non-multimap position from SpudDB DM v6.1				
12	568082	69.512	solcap_snp_c1_1958	solcap_snp_c1_1958	SNP	direct_spuddb_dm_v6_1	SolCAP SNP exact non-multimap position from SpudDB DM v6.1				
12	1055654	63.238	pPt-650534	ppt-650534	DArT_marker	cigar_liftover_v403_to_v61	TableS4 marker lifted from PGSC/DM v4.03 to DM v6.1 using minimap2 PAF cg:Z CIGAR	0.9861574446872964	60	ST4.03ch12	60384192
12	1055654	63.669	pPt-473991	ppt-473991	DArT_marker	cigar_liftover_v403_to_v61	TableS4 marker lifted from PGSC/DM v4.03 to DM v6.1 using minimap2 PAF cg:Z CIGAR	0.9861574446872964	60	ST4.03ch12	60384192
12	1055654	63.669	pPt-535270	ppt-535270	DArT_marker	cigar_liftover_v403_to_v61	TableS4 marker lifted from PGSC/DM v4.03 to DM v6.1 using minimap2 PAF cg:Z CIGAR	0.9861574446872964	60	ST4.03ch12	60384192
12	1055654	63.669	pPt-536127	ppt-536127	DArT_marker	cigar_liftover_v403_to_v61	TableS4 marker lifted from PGSC/DM v4.03 to DM v6.1 using minimap2 PAF cg:Z CIGAR	0.9861574446872964	60	ST4.03ch12	60384192
12	1055654	63.669	pPt-536187	ppt-536187	DArT_marker	cigar_liftover_v403_to_v61	TableS4 marker lifted from PGSC/DM v4.03 to DM v6.1 using minimap2 PAF cg:Z CIGAR	0.9861574446872964	60	ST4.03ch12	60384192
12	1055654	63.669	pPt-537186	ppt-537186	DArT_marker	cigar_liftover_v403_to_v61	TableS4 marker lifted from PGSC/DM v4.03 to DM v6.1 using minimap2 PAF cg:Z CIGAR	0.9861574446872964	60	ST4.03ch12	60384192
12	1055654	63.669	pPt-552501	ppt-552501	DArT_marker	cigar_liftover_v403_to_v61	TableS4 marker lifted from PGSC/DM v4.03 to DM v6.1 using minimap2 PAF cg:Z CIGAR	0.9861574446872964	60	ST4.03ch12	60384192
12	1055654	63.702	pPt-537503	ppt-537503	DArT_marker	cigar_liftover_v403_to_v61	TableS4 marker lifted from PGSC/DM v4.03 to DM v6.1 using minimap2 PAF cg:Z CIGAR	0.9861574446872964	60	ST4.03ch12	60384192
12	1294477	70.322	pPt-654952	ppt-654952	DArT_marker	cigar_liftover_v403_to_v61	TableS4 marker lifted from PGSC/DM v4.03 to DM v6.1 using minimap2 PAF cg:Z CIGAR	0.9895022203569586	60	ST4.03ch12	60141728
12	1294480	75.166	toPt-439120	topt-439120	DArT_marker	cigar_liftover_v403_to_v61	TableS4 marker lifted from PGSC/DM v4.03 to DM v6.1 using minimap2 PAF cg:Z CIGAR	0.9895022203569586	60	ST4.03ch12	60141725
12	1294811	71.722	pPt-651410	ppt-651410	DArT_marker	cigar_liftover_v403_to_v61	TableS4 marker lifted from PGSC/DM v4.03 to DM v6.1 using minimap2 PAF cg:Z CIGAR	0.9895022203569586	60	ST4.03ch12	60141394
12	1379657	68.531	STM0003	stm0003	repeat_region	cigar_liftover_v403_to_v61	TableS4 marker lifted from PGSC/DM v4.03 to DM v6.1 using minimap2 PAF cg:Z CIGAR	0.9895022203569586	60	ST4.03ch12	60055298
12	1727004	67.548	toPt-441245	topt-441245	DArT_marker	cigar_liftover_v403_to_v61	TableS4 marker lifted from PGSC/DM v4.03 to DM v6.1 using minimap2 PAF cg:Z CIGAR	0.9842341973996238	60	ST4.03ch12	59687802
12	1781003	66.841	solcap_snp_c1_1948	solcap_snp_c1_1948	SNP	direct_spuddb_dm_v6_1	SolCAP SNP exact non-multimap position from SpudDB DM v6.1				
12	1904970	66.684	pPt-535005	ppt-535005	DArT_marker	cigar_liftover_v403_to_v61	TableS4 marker lifted from PGSC/DM v4.03 to DM v6.1 using minimap2 PAF cg:Z CIGAR	0.9916405345324532	60	ST4.03ch12	59501940
12	3430218	60.796	solcap_snp_c1_2775	solcap_snp_c1_2775	SNP	direct_spuddb_dm_v6_1	SolCAP SNP exact non-multimap position from SpudDB DM v6.1				
12	3663191	60.994	solcap_snp_c1_2733	solcap_snp_c1_2733	SNP	direct_spuddb_dm_v6_1	SolCAP SNP exact non-multimap position from SpudDB DM v6.1				
12	4098875	50.571	solcap_snp_c1_2713	solcap_snp_c1_2713	SNP	direct_spuddb_dm_v6_1	SolCAP SNP exact non-multimap position from SpudDB DM v6.1				
12	5220235	48.624	pPt-655869	ppt-655869	DArT_marker	cigar_liftover_v403_to_v61	TableS4 marker lifted from PGSC/DM v4.03 to DM v6.1 using minimap2 PAF cg:Z CIGAR	0.985583666222814	60	ST4.03ch12	56060838
12	6017006	40.012	solcap_snp_c1_9741	solcap_snp_c1_9741	SNP	direct_spuddb_dm_v6_1	SolCAP SNP exact non-multimap position from SpudDB DM v6.1				
12	7297924	44.555	solcap_snp_c1_7491	solcap_snp_c1_7491	SNP	direct_spuddb_dm_v6_1	SolCAP SNP exact non-multimap position from SpudDB DM v6.1				
12	7339777	44.104	PM1295	pm1295	repeat_region	cigar_liftover_v403_to_v61	TableS4 marker lifted from PGSC/DM v4.03 to DM v6.1 using minimap2 PAF cg:Z CIGAR	0.9956684092606424	60	ST4.03ch12	53711083
12	9186104	41.248	pPt-472737	ppt-472737	DArT_marker	cigar_liftover_v403_to_v61	TableS4 marker lifted from PGSC/DM v4.03 to DM v6.1 using minimap2 PAF cg:Z CIGAR	0.956868260665729	60	ST4.03ch12	51729572
12	9186109	41.258	pPt-471864	ppt-471864	DArT_marker	cigar_liftover_v403_to_v61	TableS4 marker lifted from PGSC/DM v4.03 to DM v6.1 using minimap2 PAF cg:Z CIGAR	0.956868260665729	60	ST4.03ch12	51729567
12	10054710	38.396	pPt-651561	ppt-651561	DArT_marker	cigar_liftover_v403_to_v61	TableS4 marker lifted from PGSC/DM v4.03 to DM v6.1 using minimap2 PAF cg:Z CIGAR	0.992835895931962	60	ST4.03ch12	50731703
12	10569816	33.693	pPt-650660	ppt-650660	DArT_marker	cigar_liftover_v403_to_v61	TableS4 marker lifted from PGSC/DM v4.03 to DM v6.1 using minimap2 PAF cg:Z CIGAR	0.9855761409850882	60	ST4.03ch12	50172383
12	11124977	33.392	pPt-459526	ppt-459526	DArT_marker	cigar_liftover_v403_to_v61	TableS4 marker lifted from PGSC/DM v4.03 to DM v6.1 using minimap2 PAF cg:Z CIGAR	0.9803410063234342	60	ST4.03ch12	49601510
12	11124977	33.393	pPt-552249	ppt-552249	DArT_marker	cigar_liftover_v403_to_v61	TableS4 marker lifted from PGSC/DM v4.03 to DM v6.1 using minimap2 PAF cg:Z CIGAR	0.9803410063234342	60	ST4.03ch12	49601510
12	11125054	33.393	pPt-655800	ppt-655800	DArT_marker	cigar_liftover_v403_to_v61	TableS4 marker lifted from PGSC/DM v4.03 to DM v6.1 using minimap2 PAF cg:Z CIGAR	0.9803410063234342	60	ST4.03ch12	49601433
12	11125054	33.693	pPt-459333	ppt-459333	DArT_marker	cigar_liftover_v403_to_v61	TableS4 marker lifted from PGSC/DM v4.03 to DM v6.1 using minimap2 PAF cg:Z CIGAR	0.9803410063234342	60	ST4.03ch12	49601433
12	11125054	34.702	pPt-456687	ppt-456687	DArT_marker	cigar_liftover_v403_to_v61	TableS4 marker lifted from PGSC/DM v4.03 to DM v6.1 using minimap2 PAF cg:Z CIGAR	0.9803410063234342	60	ST4.03ch12	49601433
12	11672516	31.439	STI0030	sti0030	repeat_region	cigar_liftover_v403_to_v61	TableS4 marker lifted from PGSC/DM v4.03 to DM v6.1 using minimap2 PAF cg:Z CIGAR	0.9943747443065594	60	ST4.03ch12	49058574
12	12294109	29.089	pPt-651796	ppt-651796	DArT_marker	cigar_liftover_v403_to_v61	TableS4 marker lifted from PGSC/DM v4.03 to DM v6.1 using minimap2 PAF cg:Z CIGAR	0.998915768787694	60	ST4.03ch12	39686980
12	48402334	26.618	pPt-652236	ppt-652236	DArT_marker	cigar_liftover_v403_to_v61	TableS4 marker lifted from PGSC/DM v4.03 to DM v6.1 using minimap2 PAF cg:Z CIGAR	0.9918429669064514	60	ST4.03ch12	11574521
12	49357724	27.502	solcap_snp_c1_8495	solcap_snp_c1_8495	SNP	direct_spuddb_dm_v6_1	SolCAP SNP exact non-multimap position from SpudDB DM v6.1				
12	50680228	28.975	solcap_snp_c1_14454	solcap_snp_c1_14454	SNP	direct_spuddb_dm_v6_1	SolCAP SNP exact non-multimap position from SpudDB DM v6.1				
12	53043716	20.153	pPt-652539	ppt-652539	DArT_marker	cigar_liftover_v403_to_v61	TableS4 marker lifted from PGSC/DM v4.03 to DM v6.1 using minimap2 PAF cg:Z CIGAR	0.9813765765765766	60	ST4.03ch12	6693253
12	53043716	20.153	pPt-653046	ppt-653046	DArT_marker	cigar_liftover_v403_to_v61	TableS4 marker lifted from PGSC/DM v4.03 to DM v6.1 using minimap2 PAF cg:Z CIGAR	0.9813765765765766	60	ST4.03ch12	6693253
12	53043716	20.153	pPt-653269	ppt-653269	DArT_marker	cigar_liftover_v403_to_v61	TableS4 marker lifted from PGSC/DM v4.03 to DM v6.1 using minimap2 PAF cg:Z CIGAR	0.9813765765765766	60	ST4.03ch12	6693253
12	53043716	20.153	pPt-653563	ppt-653563	DArT_marker	cigar_liftover_v403_to_v61	TableS4 marker lifted from PGSC/DM v4.03 to DM v6.1 using minimap2 PAF cg:Z CIGAR	0.9813765765765766	60	ST4.03ch12	6693253
12	53043716	20.153	pPt-657374	ppt-657374	DArT_marker	cigar_liftover_v403_to_v61	TableS4 marker lifted from PGSC/DM v4.03 to DM v6.1 using minimap2 PAF cg:Z CIGAR	0.9813765765765766	60	ST4.03ch12	6693253
12	53805487	18.494	pPt-471963	ppt-471963	DArT_marker	cigar_liftover_v403_to_v61	TableS4 marker lifted from PGSC/DM v4.03 to DM v6.1 using minimap2 PAF cg:Z CIGAR	0.9909720764224228	60	ST4.03ch12	5937808
12	53805487	18.554	pPt-656136	ppt-656136	DArT_marker	cigar_liftover_v403_to_v61	TableS4 marker lifted from PGSC/DM v4.03 to DM v6.1 using minimap2 PAF cg:Z CIGAR	0.9909720764224228	60	ST4.03ch12	5937808
12	53805487	18.573	pPt-654400	ppt-654400	DArT_marker	cigar_liftover_v403_to_v61	TableS4 marker lifted from PGSC/DM v4.03 to DM v6.1 using minimap2 PAF cg:Z CIGAR	0.9909720764224228	60	ST4.03ch12	5937808
12	54445536	17.718	PM1351	pm1351	repeat_region	cigar_liftover_v403_to_v61	TableS4 marker lifted from PGSC/DM v4.03 to DM v6.1 using minimap2 PAF cg:Z CIGAR	0.9992578849721708	60	ST4.03ch12	5292759
12	56281284	7.7	toPt-440819	topt-440819	DArT_marker	cigar_liftover_v403_to_v61	TableS4 marker lifted from PGSC/DM v4.03 to DM v6.1 using minimap2 PAF cg:Z CIGAR	0.9879362038071922	60	ST4.03ch12	3148434
12	57195889	0.807	pPt-457978	ppt-457978	DArT_marker	cigar_liftover_v403_to_v61	TableS4 marker lifted from PGSC/DM v4.03 to DM v6.1 using minimap2 PAF cg:Z CIGAR	0.982771570744531	60	ST4.03ch12	2491436
12	57795568	4.355	MICRO.1639.C1_470	micro.1639.c1_470	match	cigar_liftover_v403_to_v61	TableS4 marker lifted from PGSC/DM v4.03 to DM v6.1 using minimap2 PAF cg:Z CIGAR	0.986440726264147	60	ST4.03ch12	1872568
12	58521659	6.075	toPt-440828	topt-440828	DArT_marker	cigar_liftover_v403_to_v61	TableS4 marker lifted from PGSC/DM v4.03 to DM v6.1 using minimap2 PAF cg:Z CIGAR	0.979445827898336	60	ST4.03ch12	1133510
12	58521659	6.175	toPt-440945	topt-440945	DArT_marker	cigar_liftover_v403_to_v61	TableS4 marker lifted from PGSC/DM v4.03 to DM v6.1 using minimap2 PAF cg:Z CIGAR	0.979445827898336	60	ST4.03ch12	1133510
12	58521659	6.428	pPt-456682	ppt-456682	DArT_marker	cigar_liftover_v403_to_v61	TableS4 marker lifted from PGSC/DM v4.03 to DM v6.1 using minimap2 PAF cg:Z CIGAR	0.979445827898336	60	ST4.03ch12	1133510
12	58521659	6.428	pPt-458347	ppt-458347	DArT_marker	cigar_liftover_v403_to_v61	TableS4 marker lifted from PGSC/DM v4.03 to DM v6.1 using minimap2 PAF cg:Z CIGAR	0.979445827898336	60	ST4.03ch12	1133510
12	58521659	6.428	pPt-539794	ppt-539794	DArT_marker	cigar_liftover_v403_to_v61	TableS4 marker lifted from PGSC/DM v4.03 to DM v6.1 using minimap2 PAF cg:Z CIGAR	0.979445827898336	60	ST4.03ch12	1133510
12	58521659	6.428	pPt-656633	ppt-656633	DArT_marker	cigar_liftover_v403_to_v61	TableS4 marker lifted from PGSC/DM v4.03 to DM v6.1 using minimap2 PAF cg:Z CIGAR	0.979445827898336	60	ST4.03ch12	1133510
12	59294379	4.693	toPt-438817	topt-438817	DArT_marker	cigar_liftover_v403_to_v61	TableS4 marker lifted from PGSC/DM v4.03 to DM v6.1 using minimap2 PAF cg:Z CIGAR	0.9840923795324764	60	ST4.03ch12	356620
12	59294379	4.706	toPt-438507	topt-438507	DArT_marker	cigar_liftover_v403_to_v61	TableS4 marker lifted from PGSC/DM v4.03 to DM v6.1 using minimap2 PAF cg:Z CIGAR	0.9840923795324764	60	ST4.03ch12	356620
12	59294379	4.706	toPt-438939	topt-438939	DArT_marker	cigar_liftover_v403_to_v61	TableS4 marker lifted from PGSC/DM v4.03 to DM v6.1 using minimap2 PAF cg:Z CIGAR	0.9840923795324764	60	ST4.03ch12	356620
12	59294388	4.693	toPt-441368	topt-441368	DArT_marker	cigar_liftover_v403_to_v61	TableS4 marker lifted from PGSC/DM v4.03 to DM v6.1 using minimap2 PAF cg:Z CIGAR	0.9840923795324764	60	ST4.03ch12	356611
12	59294388	4.736	toPt-441263	topt-441263	DArT_marker	cigar_liftover_v403_to_v61	TableS4 marker lifted from PGSC/DM v4.03 to DM v6.1 using minimap2 PAF cg:Z CIGAR	0.9840923795324764	60	ST4.03ch12	356611
12	59573113	0.0	PM0459	pm0459	repeat_region	cigar_liftover_v403_to_v61	TableS4 marker lifted from PGSC/DM v4.03 to DM v6.1 using minimap2 PAF cg:Z CIGAR	0.995586367257304	60	ST4.03ch12	73814
