chr	pos	cM	marker_id	marker_type	source_mode	evidence	n_rows	n_unique_cM	first_cM	first_marker_id	first_marker_type	first_source_mode	cM_min	cM_median	cM_max	cM_range	cM_values_in_input_order	marker_ids	marker_types	source_modes
1	510709	4.532	pPt-535772	DArT_marker	cigar_liftover_v403_to_v61	TableS4 marker lifted from PGSC/DM v4.03 to DM v6.1 using minimap2 PAF cg:Z CIGAR	4	1	4.532	pPt-535772	DArT_marker	cigar_liftover_v403_to_v61	4.532	4.532	4.532	0.0	4.532,4.532,4.532,4.532	pPt-535772,pPt-540428,pPt-653160,pPt-656019	DArT_marker	cigar_liftover_v403_to_v61
1	1469642	6.71	pPt-456694	DArT_marker	cigar_liftover_v403_to_v61	TableS4 marker lifted from PGSC/DM v4.03 to DM v6.1 using minimap2 PAF cg:Z CIGAR	1	1	6.71	pPt-456694	DArT_marker	cigar_liftover_v403_to_v61	6.71	6.71	6.71	0.0	6.71	pPt-456694	DArT_marker	cigar_liftover_v403_to_v61
1	2818203	10.169	PM0117	repeat_region	cigar_liftover_v403_to_v61	TableS4 marker lifted from PGSC/DM v4.03 to DM v6.1 using minimap2 PAF cg:Z CIGAR	1	1	10.169	PM0117	repeat_region	cigar_liftover_v403_to_v61	10.169	10.169	10.169	0.0	10.169	PM0117	repeat_region	cigar_liftover_v403_to_v61
1	2967161	8.698	solcap_snp_c1_6704	SNP	direct_spuddb_dm_v6_1	SolCAP SNP exact non-multimap position from SpudDB DM v6.1	1	1	8.698	solcap_snp_c1_6704	SNP	direct_spuddb_dm_v6_1	8.698	8.698	8.698	0.0	8.698	solcap_snp_c1_6704	SNP	direct_spuddb_dm_v6_1
1	3231168	11.907	solcap_snp_c1_6708	SNP	direct_spuddb_dm_v6_1	SolCAP SNP exact non-multimap position from SpudDB DM v6.1	1	1	11.907	solcap_snp_c1_6708	SNP	direct_spuddb_dm_v6_1	11.907	11.907	11.907	0.0	11.907	solcap_snp_c1_6708	SNP	direct_spuddb_dm_v6_1
1	3694828	15.768	solcap_snp_c1_6110	SNP	direct_spuddb_dm_v6_1	SolCAP SNP exact non-multimap position from SpudDB DM v6.1	1	1	15.768	solcap_snp_c1_6110	SNP	direct_spuddb_dm_v6_1	15.768	15.768	15.768	0.0	15.768	solcap_snp_c1_6110	SNP	direct_spuddb_dm_v6_1
1	4644404	15.567	solcap_snp_c1_15142	SNP	direct_spuddb_dm_v6_1	SolCAP SNP exact non-multimap position from SpudDB DM v6.1	1	1	15.567	solcap_snp_c1_15142	SNP	direct_spuddb_dm_v6_1	15.567	15.567	15.567	0.0	15.567	solcap_snp_c1_15142	SNP	direct_spuddb_dm_v6_1
1	5019507	13.291	pPt-470842	DArT_marker	cigar_liftover_v403_to_v61	TableS4 marker lifted from PGSC/DM v4.03 to DM v6.1 using minimap2 PAF cg:Z CIGAR	3	3	13.291	pPt-470842	DArT_marker	cigar_liftover_v403_to_v61	13.291	15.05	15.074	1.7829999999999995	13.291,15.05,15.074	pPt-457620,pPt-470842,pPt-471169	DArT_marker	cigar_liftover_v403_to_v61
1	7138314	18.576	pPt-456745	DArT_marker	cigar_liftover_v403_to_v61	TableS4 marker lifted from PGSC/DM v4.03 to DM v6.1 using minimap2 PAF cg:Z CIGAR	6	1	18.576	pPt-456745	DArT_marker	cigar_liftover_v403_to_v61	18.576	18.576	18.576	0.0	18.576,18.576,18.576,18.576,18.576,18.576	pPt-456745,pPt-470725,pPt-650054,pPt-651689,pPt-652449,pPt-656248	DArT_marker	cigar_liftover_v403_to_v61
1	14107042	21.125	PM1279	repeat_region	cigar_liftover_v403_to_v61	TableS4 marker lifted from PGSC/DM v4.03 to DM v6.1 using minimap2 PAF cg:Z CIGAR	1	1	21.125	PM1279	repeat_region	cigar_liftover_v403_to_v61	21.125	21.125	21.125	0.0	21.125	PM1279	repeat_region	cigar_liftover_v403_to_v61
1	14815802	23.548	toPt-440099	DArT_marker	cigar_liftover_v403_to_v61	TableS4 marker lifted from PGSC/DM v4.03 to DM v6.1 using minimap2 PAF cg:Z CIGAR	1	1	23.548	toPt-440099	DArT_marker	cigar_liftover_v403_to_v61	23.548	23.548	23.548	0.0	23.548	toPt-440099	DArT_marker	cigar_liftover_v403_to_v61
1	19690776	0.0	PM1119	repeat_region	cigar_liftover_v403_to_v61	TableS4 marker lifted from PGSC/DM v4.03 to DM v6.1 using minimap2 PAF cg:Z CIGAR	1	1	0.0	PM1119	repeat_region	cigar_liftover_v403_to_v61	0.0	0.0	0.0	0.0	0.0	PM1119	repeat_region	cigar_liftover_v403_to_v61
1	25501380	24.371	PM0212	repeat_region	cigar_liftover_v403_to_v61	TableS4 marker lifted from PGSC/DM v4.03 to DM v6.1 using minimap2 PAF cg:Z CIGAR	1	1	24.371	PM0212	repeat_region	cigar_liftover_v403_to_v61	24.371	24.371	24.371	0.0	24.371	PM0212	repeat_region	cigar_liftover_v403_to_v61
1	28146217	24.847	pPt-653070	DArT_marker	cigar_liftover_v403_to_v61	TableS4 marker lifted from PGSC/DM v4.03 to DM v6.1 using minimap2 PAF cg:Z CIGAR	1	1	24.847	pPt-653070	DArT_marker	cigar_liftover_v403_to_v61	24.847	24.847	24.847	0.0	24.847	pPt-653070	DArT_marker	cigar_liftover_v403_to_v61
1	30619387	24.797	PM0531	repeat_region	cigar_liftover_v403_to_v61	TableS4 marker lifted from PGSC/DM v4.03 to DM v6.1 using minimap2 PAF cg:Z CIGAR	1	1	24.797	PM0531	repeat_region	cigar_liftover_v403_to_v61	24.797	24.797	24.797	0.0	24.797	PM0531	repeat_region	cigar_liftover_v403_to_v61
1	30900854	25.789	pPt-533936	DArT_marker	cigar_liftover_v403_to_v61	TableS4 marker lifted from PGSC/DM v4.03 to DM v6.1 using minimap2 PAF cg:Z CIGAR	1	1	25.789	pPt-533936	DArT_marker	cigar_liftover_v403_to_v61	25.789	25.789	25.789	0.0	25.789	pPt-533936	DArT_marker	cigar_liftover_v403_to_v61
1	34774889	23.267	solcap_snp_c1_15714	SNP	direct_spuddb_dm_v6_1	SolCAP SNP exact non-multimap position from SpudDB DM v6.1	1	1	23.267	solcap_snp_c1_15714	SNP	direct_spuddb_dm_v6_1	23.267	23.267	23.267	0.0	23.267	solcap_snp_c1_15714	SNP	direct_spuddb_dm_v6_1
1	54738958	27.244	solcap_snp_c1_14565	SNP	direct_spuddb_dm_v6_1	SolCAP SNP exact non-multimap position from SpudDB DM v6.1	1	1	27.244	solcap_snp_c1_14565	SNP	direct_spuddb_dm_v6_1	27.244	27.244	27.244	0.0	27.244	solcap_snp_c1_14565	SNP	direct_spuddb_dm_v6_1
1	58507121	31.025	pPt-657377	DArT_marker	cigar_liftover_v403_to_v61	TableS4 marker lifted from PGSC/DM v4.03 to DM v6.1 using minimap2 PAF cg:Z CIGAR	1	1	31.025	pPt-657377	DArT_marker	cigar_liftover_v403_to_v61	31.025	31.025	31.025	0.0	31.025	pPt-657377	DArT_marker	cigar_liftover_v403_to_v61
1	60207942	27.828	solcap_snp_c1_806	SNP	direct_spuddb_dm_v6_1	SolCAP SNP exact non-multimap position from SpudDB DM v6.1	1	1	27.828	solcap_snp_c1_806	SNP	direct_spuddb_dm_v6_1	27.828	27.828	27.828	0.0	27.828	solcap_snp_c1_806	SNP	direct_spuddb_dm_v6_1
1	60877545	23.926	pPt-538302	DArT_marker	cigar_liftover_v403_to_v61	TableS4 marker lifted from PGSC/DM v4.03 to DM v6.1 using minimap2 PAF cg:Z CIGAR	2	1	23.926	pPt-538302	DArT_marker	cigar_liftover_v403_to_v61	23.926	23.926	23.926	0.0	23.926,23.926	pPt-538302,pPt-654213	DArT_marker	cigar_liftover_v403_to_v61
1	60877687	23.783	pPt-655709	DArT_marker	cigar_liftover_v403_to_v61	TableS4 marker lifted from PGSC/DM v4.03 to DM v6.1 using minimap2 PAF cg:Z CIGAR	5	4	23.783	pPt-655709	DArT_marker	cigar_liftover_v403_to_v61	23.783	23.886	23.926	0.14299999999999713	23.783,23.881,23.886,23.926,23.926	pPt-471086,pPt-651539,pPt-652383,pPt-652802,pPt-655709	DArT_marker	cigar_liftover_v403_to_v61
1	61848057	28.945	pPt-458291	DArT_marker	cigar_liftover_v403_to_v61	TableS4 marker lifted from PGSC/DM v4.03 to DM v6.1 using minimap2 PAF cg:Z CIGAR	5	1	28.945	pPt-458291	DArT_marker	cigar_liftover_v403_to_v61	28.945	28.945	28.945	0.0	28.945,28.945,28.945,28.945,28.945	pPt-458291,pPt-458363,pPt-472703,pPt-473803,pPt-538424	DArT_marker	cigar_liftover_v403_to_v61
1	62731262	28.149	solcap_snp_c1_6607	SNP	direct_spuddb_dm_v6_1	SolCAP SNP exact non-multimap position from SpudDB DM v6.1	1	1	28.149	solcap_snp_c1_6607	SNP	direct_spuddb_dm_v6_1	28.149	28.149	28.149	0.0	28.149	solcap_snp_c1_6607	SNP	direct_spuddb_dm_v6_1
1	64336038	35.392	solcap_snp_c1_12109	SNP	direct_spuddb_dm_v6_1	SolCAP SNP exact non-multimap position from SpudDB DM v6.1	1	1	35.392	solcap_snp_c1_12109	SNP	direct_spuddb_dm_v6_1	35.392	35.392	35.392	0.0	35.392	solcap_snp_c1_12109	SNP	direct_spuddb_dm_v6_1
1	64684580	35.899	pPt-656959	DArT_marker	cigar_liftover_v403_to_v61	TableS4 marker lifted from PGSC/DM v4.03 to DM v6.1 using minimap2 PAF cg:Z CIGAR	1	1	35.899	pPt-656959	DArT_marker	cigar_liftover_v403_to_v61	35.899	35.899	35.899	0.0	35.899	pPt-656959	DArT_marker	cigar_liftover_v403_to_v61
1	65028487	38.541	pPt-537757	DArT_marker	cigar_liftover_v403_to_v61	TableS4 marker lifted from PGSC/DM v4.03 to DM v6.1 using minimap2 PAF cg:Z CIGAR	2	2	38.541	pPt-537757	DArT_marker	cigar_liftover_v403_to_v61	38.541	38.552499999999995	38.564	0.02300000000000324	38.541,38.564	pPt-537757,pPt-656762	DArT_marker	cigar_liftover_v403_to_v61
1	65182850	36.587	pPt-653459	DArT_marker	cigar_liftover_v403_to_v61	TableS4 marker lifted from PGSC/DM v4.03 to DM v6.1 using minimap2 PAF cg:Z CIGAR	1	1	36.587	pPt-653459	DArT_marker	cigar_liftover_v403_to_v61	36.587	36.587	36.587	0.0	36.587	pPt-653459	DArT_marker	cigar_liftover_v403_to_v61
1	65627217	34.892	solcap_snp_c1_13685	SNP	direct_spuddb_dm_v6_1	SolCAP SNP exact non-multimap position from SpudDB DM v6.1	1	1	34.892	solcap_snp_c1_13685	SNP	direct_spuddb_dm_v6_1	34.892	34.892	34.892	0.0	34.892	solcap_snp_c1_13685	SNP	direct_spuddb_dm_v6_1
1	65721796	37.235	pPt-540205	DArT_marker	cigar_liftover_v403_to_v61	TableS4 marker lifted from PGSC/DM v4.03 to DM v6.1 using minimap2 PAF cg:Z CIGAR	1	1	37.235	pPt-540205	DArT_marker	cigar_liftover_v403_to_v61	37.235	37.235	37.235	0.0	37.235	pPt-540205	DArT_marker	cigar_liftover_v403_to_v61
1	65770396	38.253	toPt-438863	DArT_marker	cigar_liftover_v403_to_v61	TableS4 marker lifted from PGSC/DM v4.03 to DM v6.1 using minimap2 PAF cg:Z CIGAR	1	1	38.253	toPt-438863	DArT_marker	cigar_liftover_v403_to_v61	38.253	38.253	38.253	0.0	38.253	toPt-438863	DArT_marker	cigar_liftover_v403_to_v61
1	65770400	38.272	pPt-471293	DArT_marker	cigar_liftover_v403_to_v61	TableS4 marker lifted from PGSC/DM v4.03 to DM v6.1 using minimap2 PAF cg:Z CIGAR	3	1	38.272	pPt-471293	DArT_marker	cigar_liftover_v403_to_v61	38.272	38.272	38.272	0.0	38.272,38.272,38.272	pPt-471293,pPt-473234,toPt-437797	DArT_marker	cigar_liftover_v403_to_v61
1	65771363	38.325	pPt-538792	DArT_marker	cigar_liftover_v403_to_v61	TableS4 marker lifted from PGSC/DM v4.03 to DM v6.1 using minimap2 PAF cg:Z CIGAR	2	2	38.325	pPt-538792	DArT_marker	cigar_liftover_v403_to_v61	38.325	38.4185	38.512	0.1869999999999976	38.325,38.512	pPt-538792,pPt-559008	DArT_marker	cigar_liftover_v403_to_v61
1	65854890	38.926	solcap_snp_c1_14297	SNP	direct_spuddb_dm_v6_1	SolCAP SNP exact non-multimap position from SpudDB DM v6.1	1	1	38.926	solcap_snp_c1_14297	SNP	direct_spuddb_dm_v6_1	38.926	38.926	38.926	0.0	38.926	solcap_snp_c1_14297	SNP	direct_spuddb_dm_v6_1
1	66053547	28.479	toPt-441265	DArT_marker	cigar_liftover_v403_to_v61	TableS4 marker lifted from PGSC/DM v4.03 to DM v6.1 using minimap2 PAF cg:Z CIGAR	1	1	28.479	toPt-441265	DArT_marker	cigar_liftover_v403_to_v61	28.479	28.479	28.479	0.0	28.479	toPt-441265	DArT_marker	cigar_liftover_v403_to_v61
1	66053672	28.291	pPt-651042	DArT_marker	cigar_liftover_v403_to_v61	TableS4 marker lifted from PGSC/DM v4.03 to DM v6.1 using minimap2 PAF cg:Z CIGAR	9	5	28.291	pPt-651042	DArT_marker	cigar_liftover_v403_to_v61	28.291	28.454	28.686	0.3949999999999996	28.291,28.454,28.454,28.454,28.454,28.454,28.479,28.626,28.686	pPt-457542,pPt-458288,pPt-470698,pPt-474025,pPt-538504,pPt-651042,pPt-651939,pPt-652287,pPt-653798	DArT_marker	cigar_liftover_v403_to_v61
1	66615373	42.286	pPt-651270	DArT_marker	cigar_liftover_v403_to_v61	TableS4 marker lifted from PGSC/DM v4.03 to DM v6.1 using minimap2 PAF cg:Z CIGAR	1	1	42.286	pPt-651270	DArT_marker	cigar_liftover_v403_to_v61	42.286	42.286	42.286	0.0	42.286	pPt-651270	DArT_marker	cigar_liftover_v403_to_v61
1	66757200	42.021	solcap_snp_c1_4402	SNP	direct_spuddb_dm_v6_1	SolCAP SNP exact non-multimap position from SpudDB DM v6.1	1	1	42.021	solcap_snp_c1_4402	SNP	direct_spuddb_dm_v6_1	42.021	42.021	42.021	0.0	42.021	solcap_snp_c1_4402	SNP	direct_spuddb_dm_v6_1
1	66897180	37.928	MICRO.8112.C1_325	match	cigar_liftover_v403_to_v61	TableS4 marker lifted from PGSC/DM v4.03 to DM v6.1 using minimap2 PAF cg:Z CIGAR	1	1	37.928	MICRO.8112.C1_325	match	cigar_liftover_v403_to_v61	37.928	37.928	37.928	0.0	37.928	MICRO.8112.C1_325	match	cigar_liftover_v403_to_v61
1	67001953	42.933	pPt-472755	DArT_marker	cigar_liftover_v403_to_v61	TableS4 marker lifted from PGSC/DM v4.03 to DM v6.1 using minimap2 PAF cg:Z CIGAR	1	1	42.933	pPt-472755	DArT_marker	cigar_liftover_v403_to_v61	42.933	42.933	42.933	0.0	42.933	pPt-472755	DArT_marker	cigar_liftover_v403_to_v61
1	67271838	41.733	solcap_snp_c1_4710	SNP	direct_spuddb_dm_v6_1	SolCAP SNP exact non-multimap position from SpudDB DM v6.1	1	1	41.733	solcap_snp_c1_4710	SNP	direct_spuddb_dm_v6_1	41.733	41.733	41.733	0.0	41.733	solcap_snp_c1_4710	SNP	direct_spuddb_dm_v6_1
1	67276340	43.333	pPt-652517	DArT_marker	cigar_liftover_v403_to_v61	TableS4 marker lifted from PGSC/DM v4.03 to DM v6.1 using minimap2 PAF cg:Z CIGAR	1	1	43.333	pPt-652517	DArT_marker	cigar_liftover_v403_to_v61	43.333	43.333	43.333	0.0	43.333	pPt-652517	DArT_marker	cigar_liftover_v403_to_v61
1	67305393	43.294	pPt-654672	DArT_marker	cigar_liftover_v403_to_v61	TableS4 marker lifted from PGSC/DM v4.03 to DM v6.1 using minimap2 PAF cg:Z CIGAR	1	1	43.294	pPt-654672	DArT_marker	cigar_liftover_v403_to_v61	43.294	43.294	43.294	0.0	43.294	pPt-654672	DArT_marker	cigar_liftover_v403_to_v61
1	67733812	38.902	solcap_snp_c1_4754	SNP	direct_spuddb_dm_v6_1	SolCAP SNP exact non-multimap position from SpudDB DM v6.1	1	1	38.902	solcap_snp_c1_4754	SNP	direct_spuddb_dm_v6_1	38.902	38.902	38.902	0.0	38.902	solcap_snp_c1_4754	SNP	direct_spuddb_dm_v6_1
1	67805574	38.905	solcap_snp_c1_4765	SNP	direct_spuddb_dm_v6_1	SolCAP SNP exact non-multimap position from SpudDB DM v6.1	1	1	38.905	solcap_snp_c1_4765	SNP	direct_spuddb_dm_v6_1	38.905	38.905	38.905	0.0	38.905	solcap_snp_c1_4765	SNP	direct_spuddb_dm_v6_1
1	67821222	40.067	pPt-534011	DArT_marker	cigar_liftover_v403_to_v61	TableS4 marker lifted from PGSC/DM v4.03 to DM v6.1 using minimap2 PAF cg:Z CIGAR	6	2	40.067	pPt-534011	DArT_marker	cigar_liftover_v403_to_v61	40.067	40.069	40.069	0.0020000000000024443	40.067,40.067,40.069,40.069,40.069,40.069	pPt-457118,pPt-472804,pPt-472805,pPt-534011,pPt-535700,pPt-539066	DArT_marker	cigar_liftover_v403_to_v61
1	67821419	40.067	pPt-459313	DArT_marker	cigar_liftover_v403_to_v61	TableS4 marker lifted from PGSC/DM v4.03 to DM v6.1 using minimap2 PAF cg:Z CIGAR	3	2	40.067	pPt-459313	DArT_marker	cigar_liftover_v403_to_v61	40.067	40.067	40.069	0.0020000000000024443	40.067,40.067,40.069	pPt-459313,pPt-534108,pPt-535430	DArT_marker	cigar_liftover_v403_to_v61
1	67932856	40.083	solcap_snp_c1_11230	SNP	direct_spuddb_dm_v6_1	SolCAP SNP exact non-multimap position from SpudDB DM v6.1	1	1	40.083	solcap_snp_c1_11230	SNP	direct_spuddb_dm_v6_1	40.083	40.083	40.083	0.0	40.083	solcap_snp_c1_11230	SNP	direct_spuddb_dm_v6_1
1	68306580	40.514	pPt-656549	DArT_marker	cigar_liftover_v403_to_v61	TableS4 marker lifted from PGSC/DM v4.03 to DM v6.1 using minimap2 PAF cg:Z CIGAR	1	1	40.514	pPt-656549	DArT_marker	cigar_liftover_v403_to_v61	40.514	40.514	40.514	0.0	40.514	pPt-656549	DArT_marker	cigar_liftover_v403_to_v61
1	71082823	46.072	capPt-674504	DArT_marker	cigar_liftover_v403_to_v61	TableS4 marker lifted from PGSC/DM v4.03 to DM v6.1 using minimap2 PAF cg:Z CIGAR	1	1	46.072	capPt-674504	DArT_marker	cigar_liftover_v403_to_v61	46.072	46.072	46.072	0.0	46.072	capPt-674504	DArT_marker	cigar_liftover_v403_to_v61
1	71116443	46.775	solcap_snp_c1_5760	SNP	direct_spuddb_dm_v6_1	SolCAP SNP exact non-multimap position from SpudDB DM v6.1	1	1	46.775	solcap_snp_c1_5760	SNP	direct_spuddb_dm_v6_1	46.775	46.775	46.775	0.0	46.775	solcap_snp_c1_5760	SNP	direct_spuddb_dm_v6_1
1	72006329	50.077	toPt-437056	DArT_marker	cigar_liftover_v403_to_v61	TableS4 marker lifted from PGSC/DM v4.03 to DM v6.1 using minimap2 PAF cg:Z CIGAR	7	3	50.077	toPt-437056	DArT_marker	cigar_liftover_v403_to_v61	50.077	50.123	50.278	0.2010000000000005	50.077,50.123,50.123,50.123,50.123,50.123,50.278	pPt-533578,pPt-534179,pPt-536820,pPt-537290,pPt-656118,pPt-656245,toPt-437056	DArT_marker	cigar_liftover_v403_to_v61
1	72006529	50.123	toPt-440576	DArT_marker	cigar_liftover_v403_to_v61	TableS4 marker lifted from PGSC/DM v4.03 to DM v6.1 using minimap2 PAF cg:Z CIGAR	1	1	50.123	toPt-440576	DArT_marker	cigar_liftover_v403_to_v61	50.123	50.123	50.123	0.0	50.123	toPt-440576	DArT_marker	cigar_liftover_v403_to_v61
1	73171679	50.623	solcap_snp_c1_3845	SNP	direct_spuddb_dm_v6_1	SolCAP SNP exact non-multimap position from SpudDB DM v6.1	1	1	50.623	solcap_snp_c1_3845	SNP	direct_spuddb_dm_v6_1	50.623	50.623	50.623	0.0	50.623	solcap_snp_c1_3845	SNP	direct_spuddb_dm_v6_1
1	73309248	50.784	pPt-471360	DArT_marker	cigar_liftover_v403_to_v61	TableS4 marker lifted from PGSC/DM v4.03 to DM v6.1 using minimap2 PAF cg:Z CIGAR	4	1	50.784	pPt-471360	DArT_marker	cigar_liftover_v403_to_v61	50.784	50.784	50.784	0.0	50.784,50.784,50.784,50.784	pPt-471360,pPt-558990,pPt-559125,toPt-439058	DArT_marker	cigar_liftover_v403_to_v61
1	73834956	52.795	st_10066	repeat_region	cigar_liftover_v403_to_v61	TableS4 marker lifted from PGSC/DM v4.03 to DM v6.1 using minimap2 PAF cg:Z CIGAR	1	1	52.795	st_10066	repeat_region	cigar_liftover_v403_to_v61	52.795	52.795	52.795	0.0	52.795	st_10066	repeat_region	cigar_liftover_v403_to_v61
1	73882634	55.774	pPt-655473	DArT_marker	cigar_liftover_v403_to_v61	TableS4 marker lifted from PGSC/DM v4.03 to DM v6.1 using minimap2 PAF cg:Z CIGAR	3	3	55.774	pPt-655473	DArT_marker	cigar_liftover_v403_to_v61	55.774	56.708	58.339	2.5649999999999977	55.774,56.708,58.339	pPt-457889,pPt-458782,pPt-655473	DArT_marker	cigar_liftover_v403_to_v61
1	73928936	59.934	solcap_snp_c1_6269	SNP	direct_spuddb_dm_v6_1	SolCAP SNP exact non-multimap position from SpudDB DM v6.1	1	1	59.934	solcap_snp_c1_6269	SNP	direct_spuddb_dm_v6_1	59.934	59.934	59.934	0.0	59.934	solcap_snp_c1_6269	SNP	direct_spuddb_dm_v6_1
1	74448862	56.522	solcap_snp_c1_6295	SNP	direct_spuddb_dm_v6_1	SolCAP SNP exact non-multimap position from SpudDB DM v6.1	1	1	56.522	solcap_snp_c1_6295	SNP	direct_spuddb_dm_v6_1	56.522	56.522	56.522	0.0	56.522	solcap_snp_c1_6295	SNP	direct_spuddb_dm_v6_1
1	74794275	62.3	solcap_snp_c1_14093	SNP	direct_spuddb_dm_v6_1	SolCAP SNP exact non-multimap position from SpudDB DM v6.1	1	1	62.3	solcap_snp_c1_14093	SNP	direct_spuddb_dm_v6_1	62.3	62.3	62.3	0.0	62.3	solcap_snp_c1_14093	SNP	direct_spuddb_dm_v6_1
1	74921059	57.545	solcap_snp_c1_15573	SNP	direct_spuddb_dm_v6_1	SolCAP SNP exact non-multimap position from SpudDB DM v6.1	1	1	57.545	solcap_snp_c1_15573	SNP	direct_spuddb_dm_v6_1	57.545	57.545	57.545	0.0	57.545	solcap_snp_c1_15573	SNP	direct_spuddb_dm_v6_1
1	75121299	59.529	solcap_snp_c1_4586	SNP	direct_spuddb_dm_v6_1	SolCAP SNP exact non-multimap position from SpudDB DM v6.1	1	1	59.529	solcap_snp_c1_4586	SNP	direct_spuddb_dm_v6_1	59.529	59.529	59.529	0.0	59.529	solcap_snp_c1_4586	SNP	direct_spuddb_dm_v6_1
1	75196506	61.635	solcap_snp_c1_4604	SNP	direct_spuddb_dm_v6_1	SolCAP SNP exact non-multimap position from SpudDB DM v6.1	1	1	61.635	solcap_snp_c1_4604	SNP	direct_spuddb_dm_v6_1	61.635	61.635	61.635	0.0	61.635	solcap_snp_c1_4604	SNP	direct_spuddb_dm_v6_1
1	75266586	61.148	solcap_snp_c1_4607	SNP	direct_spuddb_dm_v6_1	SolCAP SNP exact non-multimap position from SpudDB DM v6.1	1	1	61.148	solcap_snp_c1_4607	SNP	direct_spuddb_dm_v6_1	61.148	61.148	61.148	0.0	61.148	solcap_snp_c1_4607	SNP	direct_spuddb_dm_v6_1
1	75565740	60.081	pPt-650108	DArT_marker	cigar_liftover_v403_to_v61	TableS4 marker lifted from PGSC/DM v4.03 to DM v6.1 using minimap2 PAF cg:Z CIGAR	1	1	60.081	pPt-650108	DArT_marker	cigar_liftover_v403_to_v61	60.081	60.081	60.081	0.0	60.081	pPt-650108	DArT_marker	cigar_liftover_v403_to_v61
1	76781756	62.553	pPt-650006	DArT_marker	cigar_liftover_v403_to_v61	TableS4 marker lifted from PGSC/DM v4.03 to DM v6.1 using minimap2 PAF cg:Z CIGAR	2	2	62.553	pPt-650006	DArT_marker	cigar_liftover_v403_to_v61	62.553	62.5575	62.562	0.009000000000000341	62.553,62.562	pPt-472129,pPt-650006	DArT_marker	cigar_liftover_v403_to_v61
1	77039028	63.763	solcap_snp_c1_15429	SNP	direct_spuddb_dm_v6_1	SolCAP SNP exact non-multimap position from SpudDB DM v6.1	1	1	63.763	solcap_snp_c1_15429	SNP	direct_spuddb_dm_v6_1	63.763	63.763	63.763	0.0	63.763	solcap_snp_c1_15429	SNP	direct_spuddb_dm_v6_1
1	77072312	63.434	MICRO.10124.C1_261	match	cigar_liftover_v403_to_v61	TableS4 marker lifted from PGSC/DM v4.03 to DM v6.1 using minimap2 PAF cg:Z CIGAR	1	1	63.434	MICRO.10124.C1_261	match	cigar_liftover_v403_to_v61	63.434	63.434	63.434	0.0	63.434	MICRO.10124.C1_261	match	cigar_liftover_v403_to_v61
1	79520001	72.646	pPt-472090	DArT_marker	cigar_liftover_v403_to_v61	TableS4 marker lifted from PGSC/DM v4.03 to DM v6.1 using minimap2 PAF cg:Z CIGAR	2	2	72.646	pPt-472090	DArT_marker	cigar_liftover_v403_to_v61	72.646	72.769	72.892	0.2459999999999951	72.646,72.892	pPt-471438,pPt-472090	DArT_marker	cigar_liftover_v403_to_v61
1	79768729	75.718	pPt-654710	DArT_marker	cigar_liftover_v403_to_v61	TableS4 marker lifted from PGSC/DM v4.03 to DM v6.1 using minimap2 PAF cg:Z CIGAR	2	2	75.718	pPt-654710	DArT_marker	cigar_liftover_v403_to_v61	75.718	75.78	75.842	0.12399999999999523	75.718,75.842	pPt-654710,pPt-654743	DArT_marker	cigar_liftover_v403_to_v61
1	79880009	75.174	solcap_snp_c1_2501	SNP	direct_spuddb_dm_v6_1	SolCAP SNP exact non-multimap position from SpudDB DM v6.1	1	1	75.174	solcap_snp_c1_2501	SNP	direct_spuddb_dm_v6_1	75.174	75.174	75.174	0.0	75.174	solcap_snp_c1_2501	SNP	direct_spuddb_dm_v6_1
1	79911287	75.631	pPt-539883	DArT_marker	cigar_liftover_v403_to_v61	TableS4 marker lifted from PGSC/DM v4.03 to DM v6.1 using minimap2 PAF cg:Z CIGAR	1	1	75.631	pPt-539883	DArT_marker	cigar_liftover_v403_to_v61	75.631	75.631	75.631	0.0	75.631	pPt-539883	DArT_marker	cigar_liftover_v403_to_v61
1	79911289	75.631	pPt-533740	DArT_marker	cigar_liftover_v403_to_v61	TableS4 marker lifted from PGSC/DM v4.03 to DM v6.1 using minimap2 PAF cg:Z CIGAR	6	3	75.631	pPt-533740	DArT_marker	cigar_liftover_v403_to_v61	75.631	75.631	75.718	0.0870000000000033	75.631,75.631,75.631,75.631,75.639,75.718	pPt-473160,pPt-533740,pPt-653975,pPt-654187,pPt-654960,pPt-656584	DArT_marker	cigar_liftover_v403_to_v61
1	79946769	76.723	pPt-538971	DArT_marker	cigar_liftover_v403_to_v61	TableS4 marker lifted from PGSC/DM v4.03 to DM v6.1 using minimap2 PAF cg:Z CIGAR	1	1	76.723	pPt-538971	DArT_marker	cigar_liftover_v403_to_v61	76.723	76.723	76.723	0.0	76.723	pPt-538971	DArT_marker	cigar_liftover_v403_to_v61
1	80095734	76.519	solcap_snp_c1_2517	SNP	direct_spuddb_dm_v6_1	SolCAP SNP exact non-multimap position from SpudDB DM v6.1	1	1	76.519	solcap_snp_c1_2517	SNP	direct_spuddb_dm_v6_1	76.519	76.519	76.519	0.0	76.519	solcap_snp_c1_2517	SNP	direct_spuddb_dm_v6_1
1	81517833	81.408	solcap_snp_c1_3297	SNP	direct_spuddb_dm_v6_1	SolCAP SNP exact non-multimap position from SpudDB DM v6.1	1	1	81.408	solcap_snp_c1_3297	SNP	direct_spuddb_dm_v6_1	81.408	81.408	81.408	0.0	81.408	solcap_snp_c1_3297	SNP	direct_spuddb_dm_v6_1
1	81813679	81.493	pPt-459291	DArT_marker	cigar_liftover_v403_to_v61	TableS4 marker lifted from PGSC/DM v4.03 to DM v6.1 using minimap2 PAF cg:Z CIGAR	2	1	81.493	pPt-459291	DArT_marker	cigar_liftover_v403_to_v61	81.493	81.493	81.493	0.0	81.493,81.493	pPt-459291,pPt-653453	DArT_marker	cigar_liftover_v403_to_v61
1	82100630	78.463	solcap_snp_c1_3281	SNP	direct_spuddb_dm_v6_1	SolCAP SNP exact non-multimap position from SpudDB DM v6.1	1	1	78.463	solcap_snp_c1_3281	SNP	direct_spuddb_dm_v6_1	78.463	78.463	78.463	0.0	78.463	solcap_snp_c1_3281	SNP	direct_spuddb_dm_v6_1
1	82331310	79.247	pPt-552365	DArT_marker	cigar_liftover_v403_to_v61	TableS4 marker lifted from PGSC/DM v4.03 to DM v6.1 using minimap2 PAF cg:Z CIGAR	4	2	79.247	pPt-552365	DArT_marker	cigar_liftover_v403_to_v61	79.247	79.247	79.25	0.0030000000000001137	79.247,79.247,79.247,79.25	pPt-471906,pPt-552365,pPt-552401,pPt-559324	DArT_marker	cigar_liftover_v403_to_v61
1	83144953	80.621	pPt-653927	DArT_marker	cigar_liftover_v403_to_v61	TableS4 marker lifted from PGSC/DM v4.03 to DM v6.1 using minimap2 PAF cg:Z CIGAR	1	1	80.621	pPt-653927	DArT_marker	cigar_liftover_v403_to_v61	80.621	80.621	80.621	0.0	80.621	pPt-653927	DArT_marker	cigar_liftover_v403_to_v61
1	83451642	81.476	solcap_snp_c1_1652	SNP	direct_spuddb_dm_v6_1	SolCAP SNP exact non-multimap position from SpudDB DM v6.1	1	1	81.476	solcap_snp_c1_1652	SNP	direct_spuddb_dm_v6_1	81.476	81.476	81.476	0.0	81.476	solcap_snp_c1_1652	SNP	direct_spuddb_dm_v6_1
1	83896183	81.579	solcap_snp_c1_1724	SNP	direct_spuddb_dm_v6_1	SolCAP SNP exact non-multimap position from SpudDB DM v6.1	1	1	81.579	solcap_snp_c1_1724	SNP	direct_spuddb_dm_v6_1	81.579	81.579	81.579	0.0	81.579	solcap_snp_c1_1724	SNP	direct_spuddb_dm_v6_1
1	83987313	82.021	solcap_snp_c1_1731	SNP	direct_spuddb_dm_v6_1	SolCAP SNP exact non-multimap position from SpudDB DM v6.1	1	1	82.021	solcap_snp_c1_1731	SNP	direct_spuddb_dm_v6_1	82.021	82.021	82.021	0.0	82.021	solcap_snp_c1_1731	SNP	direct_spuddb_dm_v6_1
1	84095795	82.017	solcap_snp_c1_1748	SNP	direct_spuddb_dm_v6_1	SolCAP SNP exact non-multimap position from SpudDB DM v6.1	1	1	82.017	solcap_snp_c1_1748	SNP	direct_spuddb_dm_v6_1	82.017	82.017	82.017	0.0	82.017	solcap_snp_c1_1748	SNP	direct_spuddb_dm_v6_1
1	84144580	82.023	solcap_snp_c1_1577	SNP	direct_spuddb_dm_v6_1	SolCAP SNP exact non-multimap position from SpudDB DM v6.1	1	1	82.023	solcap_snp_c1_1577	SNP	direct_spuddb_dm_v6_1	82.023	82.023	82.023	0.0	82.023	solcap_snp_c1_1577	SNP	direct_spuddb_dm_v6_1
1	84651365	82.34	pPt-537760	DArT_marker	cigar_liftover_v403_to_v61	TableS4 marker lifted from PGSC/DM v4.03 to DM v6.1 using minimap2 PAF cg:Z CIGAR	6	4	82.34	pPt-537760	DArT_marker	cigar_liftover_v403_to_v61	82.34	82.341	82.355	0.015000000000000568	82.34,82.341,82.341,82.341,82.351,82.355	pPt-457623,pPt-534144,pPt-534579,pPt-535139,pPt-537760,pPt-539598	DArT_marker	cigar_liftover_v403_to_v61
1	84755311	81.766	pPt-456654	DArT_marker	cigar_liftover_v403_to_v61	TableS4 marker lifted from PGSC/DM v4.03 to DM v6.1 using minimap2 PAF cg:Z CIGAR	3	3	81.766	pPt-456654	DArT_marker	cigar_liftover_v403_to_v61	81.766	82.816	82.915	1.149000000000001	81.766,82.816,82.915	pPt-456654,pPt-537798,pPt-653008	DArT_marker	cigar_liftover_v403_to_v61
1	84812833	82.936	pPt-458339	DArT_marker	cigar_liftover_v403_to_v61	TableS4 marker lifted from PGSC/DM v4.03 to DM v6.1 using minimap2 PAF cg:Z CIGAR	3	1	82.936	pPt-458339	DArT_marker	cigar_liftover_v403_to_v61	82.936	82.936	82.936	0.0	82.936,82.936,82.936	pPt-458339,pPt-536982,pPt-654680	DArT_marker	cigar_liftover_v403_to_v61
1	84845644	83.125	solcap_snp_c1_10893	SNP	direct_spuddb_dm_v6_1	SolCAP SNP exact non-multimap position from SpudDB DM v6.1	1	1	83.125	solcap_snp_c1_10893	SNP	direct_spuddb_dm_v6_1	83.125	83.125	83.125	0.0	83.125	solcap_snp_c1_10893	SNP	direct_spuddb_dm_v6_1
1	85233404	85.393	STI0009	repeat_region	cigar_liftover_v403_to_v61	TableS4 marker lifted from PGSC/DM v4.03 to DM v6.1 using minimap2 PAF cg:Z CIGAR	1	1	85.393	STI0009	repeat_region	cigar_liftover_v403_to_v61	85.393	85.393	85.393	0.0	85.393	STI0009	repeat_region	cigar_liftover_v403_to_v61
1	85589930	83.267	solcap_snp_c1_23	SNP	direct_spuddb_dm_v6_1	SolCAP SNP exact non-multimap position from SpudDB DM v6.1	1	1	83.267	solcap_snp_c1_23	SNP	direct_spuddb_dm_v6_1	83.267	83.267	83.267	0.0	83.267	solcap_snp_c1_23	SNP	direct_spuddb_dm_v6_1
1	85968224	83.891	pPt-457663	DArT_marker	cigar_liftover_v403_to_v61	TableS4 marker lifted from PGSC/DM v4.03 to DM v6.1 using minimap2 PAF cg:Z CIGAR	5	3	83.891	pPt-457663	DArT_marker	cigar_liftover_v403_to_v61	83.891	83.894	83.922	0.0309999999999917	83.891,83.891,83.894,83.894,83.922	pPt-457663,pPt-457687,pPt-650968,pPt-656365,pPt-656956	DArT_marker	cigar_liftover_v403_to_v61
1	86449536	83.709	solcap_snp_c1_14689	SNP	direct_spuddb_dm_v6_1	SolCAP SNP exact non-multimap position from SpudDB DM v6.1	1	1	83.709	solcap_snp_c1_14689	SNP	direct_spuddb_dm_v6_1	83.709	83.709	83.709	0.0	83.709	solcap_snp_c1_14689	SNP	direct_spuddb_dm_v6_1
1	87140214	89.665	pPt-651049	DArT_marker	cigar_liftover_v403_to_v61	TableS4 marker lifted from PGSC/DM v4.03 to DM v6.1 using minimap2 PAF cg:Z CIGAR	1	1	89.665	pPt-651049	DArT_marker	cigar_liftover_v403_to_v61	89.665	89.665	89.665	0.0	89.665	pPt-651049	DArT_marker	cigar_liftover_v403_to_v61
1	87140660	89.438	pPt-552373	DArT_marker	cigar_liftover_v403_to_v61	TableS4 marker lifted from PGSC/DM v4.03 to DM v6.1 using minimap2 PAF cg:Z CIGAR	2	2	89.438	pPt-552373	DArT_marker	cigar_liftover_v403_to_v61	89.438	89.73	90.022	0.5840000000000032	89.438,90.022	pPt-534481,pPt-552373	DArT_marker	cigar_liftover_v403_to_v61
1	87140661	89.553	pPt-537128	DArT_marker	cigar_liftover_v403_to_v61	TableS4 marker lifted from PGSC/DM v4.03 to DM v6.1 using minimap2 PAF cg:Z CIGAR	5	5	89.553	pPt-537128	DArT_marker	cigar_liftover_v403_to_v61	89.553	89.749	92.181	2.628	89.553,89.667,89.749,90.914,92.181	pPt-534826,pPt-537048,pPt-537128,pPt-538047,pPt-539661	DArT_marker	cigar_liftover_v403_to_v61
1	87140672	89.515	pPt-471907	DArT_marker	cigar_liftover_v403_to_v61	TableS4 marker lifted from PGSC/DM v4.03 to DM v6.1 using minimap2 PAF cg:Z CIGAR	2	2	89.515	pPt-471907	DArT_marker	cigar_liftover_v403_to_v61	89.515	91.2485	92.982	3.4669999999999987	89.515,92.982	pPt-471907,pPt-650685	DArT_marker	cigar_liftover_v403_to_v61
1	87459417	88.624	pPt-654259	DArT_marker	cigar_liftover_v403_to_v61	TableS4 marker lifted from PGSC/DM v4.03 to DM v6.1 using minimap2 PAF cg:Z CIGAR	1	1	88.624	pPt-654259	DArT_marker	cigar_liftover_v403_to_v61	88.624	88.624	88.624	0.0	88.624	pPt-654259	DArT_marker	cigar_liftover_v403_to_v61
1	87509482	87.967	pPt-457982	DArT_marker	cigar_liftover_v403_to_v61	TableS4 marker lifted from PGSC/DM v4.03 to DM v6.1 using minimap2 PAF cg:Z CIGAR	12	6	87.967	pPt-457982	DArT_marker	cigar_liftover_v403_to_v61	87.967	88.624	90.603	2.6359999999999957	87.967,88.624,88.624,88.624,88.624,88.624,88.624,88.624,88.639,88.752,88.787,90.603	pPt-456626,pPt-457198,pPt-457982,pPt-458685,pPt-473327,pPt-533689,pPt-534090,pPt-534300,pPt-536888,pPt-537292,pPt-537522,pPt-657049	DArT_marker	cigar_liftover_v403_to_v61
1	87946251	86.917	pPt-655410	DArT_marker	cigar_liftover_v403_to_v61	TableS4 marker lifted from PGSC/DM v4.03 to DM v6.1 using minimap2 PAF cg:Z CIGAR	1	1	86.917	pPt-655410	DArT_marker	cigar_liftover_v403_to_v61	86.917	86.917	86.917	0.0	86.917	pPt-655410	DArT_marker	cigar_liftover_v403_to_v61
1	88088812	86.917	pPt-456497	DArT_marker	cigar_liftover_v403_to_v61	TableS4 marker lifted from PGSC/DM v4.03 to DM v6.1 using minimap2 PAF cg:Z CIGAR	14	6	86.917	pPt-456497	DArT_marker	cigar_liftover_v403_to_v61	86.917	86.917	86.948	0.0309999999999917	86.917,86.917,86.917,86.917,86.917,86.917,86.917,86.917,86.923,86.926,86.931,86.938,86.938,86.948	pPt-456497,pPt-458015,pPt-458526,pPt-472846,pPt-473201,pPt-473364,pPt-473868,pPt-474062,pPt-474103,pPt-537725,pPt-653866,pPt-656073,toPt-437318,toPt-439369	DArT_marker	cigar_liftover_v403_to_v61
1	88093670	86.923	pPt-533911	DArT_marker	cigar_liftover_v403_to_v61	TableS4 marker lifted from PGSC/DM v4.03 to DM v6.1 using minimap2 PAF cg:Z CIGAR	1	1	86.923	pPt-533911	DArT_marker	cigar_liftover_v403_to_v61	86.923	86.923	86.923	0.0	86.923	pPt-533911	DArT_marker	cigar_liftover_v403_to_v61
1	88280205	86.481	pPt-654697	DArT_marker	cigar_liftover_v403_to_v61	TableS4 marker lifted from PGSC/DM v4.03 to DM v6.1 using minimap2 PAF cg:Z CIGAR	1	1	86.481	pPt-654697	DArT_marker	cigar_liftover_v403_to_v61	86.481	86.481	86.481	0.0	86.481	pPt-654697	DArT_marker	cigar_liftover_v403_to_v61
1	88322748	91.643	pPt-538725	DArT_marker	cigar_liftover_v403_to_v61	TableS4 marker lifted from PGSC/DM v4.03 to DM v6.1 using minimap2 PAF cg:Z CIGAR	1	1	91.643	pPt-538725	DArT_marker	cigar_liftover_v403_to_v61	91.643	91.643	91.643	0.0	91.643	pPt-538725	DArT_marker	cigar_liftover_v403_to_v61
1	88322820	91.647	pPt-655149	DArT_marker	cigar_liftover_v403_to_v61	TableS4 marker lifted from PGSC/DM v4.03 to DM v6.1 using minimap2 PAF cg:Z CIGAR	1	1	91.647	pPt-655149	DArT_marker	cigar_liftover_v403_to_v61	91.647	91.647	91.647	0.0	91.647	pPt-655149	DArT_marker	cigar_liftover_v403_to_v61
2	4202319	14.378	PM1368	repeat_region	cigar_liftover_v403_to_v61	TableS4 marker lifted from PGSC/DM v4.03 to DM v6.1 using minimap2 PAF cg:Z CIGAR	1	1	14.378	PM1368	repeat_region	cigar_liftover_v403_to_v61	14.378	14.378	14.378	0.0	14.378	PM1368	repeat_region	cigar_liftover_v403_to_v61
2	4694333	11.734	PM1293	repeat_region	cigar_liftover_v403_to_v61	TableS4 marker lifted from PGSC/DM v4.03 to DM v6.1 using minimap2 PAF cg:Z CIGAR	1	1	11.734	PM1293	repeat_region	cigar_liftover_v403_to_v61	11.734	11.734	11.734	0.0	11.734	PM1293	repeat_region	cigar_liftover_v403_to_v61
2	7817327	13.461	PM1360	repeat_region	cigar_liftover_v403_to_v61	TableS4 marker lifted from PGSC/DM v4.03 to DM v6.1 using minimap2 PAF cg:Z CIGAR	1	1	13.461	PM1360	repeat_region	cigar_liftover_v403_to_v61	13.461	13.461	13.461	0.0	13.461	PM1360	repeat_region	cigar_liftover_v403_to_v61
2	10911355	13.54	pPt-471592	DArT_marker	cigar_liftover_v403_to_v61	TableS4 marker lifted from PGSC/DM v4.03 to DM v6.1 using minimap2 PAF cg:Z CIGAR	5	2	13.54	pPt-471592	DArT_marker	cigar_liftover_v403_to_v61	13.54	13.54	13.575	0.03500000000000014	13.54,13.54,13.54,13.54,13.575	pPt-471592,pPt-473577,pPt-558945,pPt-559360,pPt-652688	DArT_marker	cigar_liftover_v403_to_v61
2	10911356	13.54	toPt-441360	DArT_marker	cigar_liftover_v403_to_v61	TableS4 marker lifted from PGSC/DM v4.03 to DM v6.1 using minimap2 PAF cg:Z CIGAR	1	1	13.54	toPt-441360	DArT_marker	cigar_liftover_v403_to_v61	13.54	13.54	13.54	0.0	13.54	toPt-441360	DArT_marker	cigar_liftover_v403_to_v61
2	10911358	13.54	pPt-538192	DArT_marker	cigar_liftover_v403_to_v61	TableS4 marker lifted from PGSC/DM v4.03 to DM v6.1 using minimap2 PAF cg:Z CIGAR	1	1	13.54	pPt-538192	DArT_marker	cigar_liftover_v403_to_v61	13.54	13.54	13.54	0.0	13.54	pPt-538192	DArT_marker	cigar_liftover_v403_to_v61
2	10911360	12.988	toPt-439285	DArT_marker	cigar_liftover_v403_to_v61	TableS4 marker lifted from PGSC/DM v4.03 to DM v6.1 using minimap2 PAF cg:Z CIGAR	14	12	12.988	toPt-439285	DArT_marker	cigar_liftover_v403_to_v61	12.988	13.5405	13.843	0.8550000000000004	12.988,13.214,13.442,13.51,13.515,13.54,13.54,13.541,13.564,13.575,13.575,13.584,13.649,13.843	toPt-437033,toPt-437875,toPt-437877,toPt-438192,toPt-438443,toPt-438750,toPt-438771,toPt-439071,toPt-439285,toPt-439726,toPt-439990,toPt-440028,toPt-440363,toPt-440387	DArT_marker	cigar_liftover_v403_to_v61
2	13256806	13.29	pPt-456775	DArT_marker	cigar_liftover_v403_to_v61	TableS4 marker lifted from PGSC/DM v4.03 to DM v6.1 using minimap2 PAF cg:Z CIGAR	1	1	13.29	pPt-456775	DArT_marker	cigar_liftover_v403_to_v61	13.29	13.29	13.29	0.0	13.29	pPt-456775	DArT_marker	cigar_liftover_v403_to_v61
2	13854680	14.037	solcap_snp_c1_5228	SNP	direct_spuddb_dm_v6_1	SolCAP SNP exact non-multimap position from SpudDB DM v6.1	1	1	14.037	solcap_snp_c1_5228	SNP	direct_spuddb_dm_v6_1	14.037	14.037	14.037	0.0	14.037	solcap_snp_c1_5228	SNP	direct_spuddb_dm_v6_1
2	13914404	15.185	pPt-536865	DArT_marker	cigar_liftover_v403_to_v61	TableS4 marker lifted from PGSC/DM v4.03 to DM v6.1 using minimap2 PAF cg:Z CIGAR	5	3	15.185	pPt-536865	DArT_marker	cigar_liftover_v403_to_v61	15.185	15.189	15.263	0.0779999999999994	15.185,15.189,15.189,15.189,15.263	pPt-533877,pPt-536293,pPt-536865,pPt-538416,pPt-552534	DArT_marker	cigar_liftover_v403_to_v61
2	14671637	14.595	toPt-437809	DArT_marker	cigar_liftover_v403_to_v61	TableS4 marker lifted from PGSC/DM v4.03 to DM v6.1 using minimap2 PAF cg:Z CIGAR	6	3	14.595	toPt-437809	DArT_marker	cigar_liftover_v403_to_v61	14.595	14.633	14.663	0.06799999999999962	14.595,14.633,14.633,14.633,14.633,14.663	pPt-539217,pPt-653858,toPt-436909,toPt-437491,toPt-437809,toPt-439915	DArT_marker	cigar_liftover_v403_to_v61
2	14671640	14.625	pPt-458624	DArT_marker	cigar_liftover_v403_to_v61	TableS4 marker lifted from PGSC/DM v4.03 to DM v6.1 using minimap2 PAF cg:Z CIGAR	2	2	14.625	pPt-458624	DArT_marker	cigar_liftover_v403_to_v61	14.625	14.629	14.633	0.007999999999999119	14.625,14.633	pPt-458041,pPt-458624	DArT_marker	cigar_liftover_v403_to_v61
2	15571371	6.462	pPt-540344	DArT_marker	cigar_liftover_v403_to_v61	TableS4 marker lifted from PGSC/DM v4.03 to DM v6.1 using minimap2 PAF cg:Z CIGAR	1	1	6.462	pPt-540344	DArT_marker	cigar_liftover_v403_to_v61	6.462	6.462	6.462	0.0	6.462	pPt-540344	DArT_marker	cigar_liftover_v403_to_v61
2	16935460	14.581	pPt-457050	DArT_marker	cigar_liftover_v403_to_v61	TableS4 marker lifted from PGSC/DM v4.03 to DM v6.1 using minimap2 PAF cg:Z CIGAR	7	4	14.581	pPt-457050	DArT_marker	cigar_liftover_v403_to_v61	14.581	14.633	14.65	0.06900000000000084	14.581,14.633,14.633,14.633,14.641,14.641,14.65	pPt-457050,pPt-473486,pPt-533811,pPt-535813,pPt-537240,pPt-539333,pPt-655403	DArT_marker	cigar_liftover_v403_to_v61
2	18485069	17.27	solcap_snp_c1_9122	SNP	direct_spuddb_dm_v6_1	SolCAP SNP exact non-multimap position from SpudDB DM v6.1	1	1	17.27	solcap_snp_c1_9122	SNP	direct_spuddb_dm_v6_1	17.27	17.27	17.27	0.0	17.27	solcap_snp_c1_9122	SNP	direct_spuddb_dm_v6_1
2	19406545	8.218	MICRO.7351.C1_583	match	cigar_liftover_v403_to_v61	TableS4 marker lifted from PGSC/DM v4.03 to DM v6.1 using minimap2 PAF cg:Z CIGAR	1	1	8.218	MICRO.7351.C1_583	match	cigar_liftover_v403_to_v61	8.218	8.218	8.218	0.0	8.218	MICRO.7351.C1_583	match	cigar_liftover_v403_to_v61
2	19873304	9.702	solcap_snp_c1_5749	SNP	direct_spuddb_dm_v6_1	SolCAP SNP exact non-multimap position from SpudDB DM v6.1	1	1	9.702	solcap_snp_c1_5749	SNP	direct_spuddb_dm_v6_1	9.702	9.702	9.702	0.0	9.702	solcap_snp_c1_5749	SNP	direct_spuddb_dm_v6_1
2	19921684	19.277	toPt-441199	DArT_marker	cigar_liftover_v403_to_v61	TableS4 marker lifted from PGSC/DM v4.03 to DM v6.1 using minimap2 PAF cg:Z CIGAR	1	1	19.277	toPt-441199	DArT_marker	cigar_liftover_v403_to_v61	19.277	19.277	19.277	0.0	19.277	toPt-441199	DArT_marker	cigar_liftover_v403_to_v61
2	19921687	19.498	pPt-654285	DArT_marker	cigar_liftover_v403_to_v61	TableS4 marker lifted from PGSC/DM v4.03 to DM v6.1 using minimap2 PAF cg:Z CIGAR	2	2	19.498	pPt-654285	DArT_marker	cigar_liftover_v403_to_v61	19.498	19.606	19.714	0.21599999999999753	19.498,19.714	pPt-654285,pPt-654515	DArT_marker	cigar_liftover_v403_to_v61
2	19934163	9.818	pPt-456492	DArT_marker	cigar_liftover_v403_to_v61	TableS4 marker lifted from PGSC/DM v4.03 to DM v6.1 using minimap2 PAF cg:Z CIGAR	5	3	9.818	pPt-456492	DArT_marker	cigar_liftover_v403_to_v61	9.818	9.873	10.098	0.28000000000000114	9.818,9.873,9.873,9.873,10.098	pPt-456492,pPt-457013,pPt-534726,pPt-535521,pPt-652512	DArT_marker	cigar_liftover_v403_to_v61
2	21787827	20.226	pPt-652662	DArT_marker	cigar_liftover_v403_to_v61	TableS4 marker lifted from PGSC/DM v4.03 to DM v6.1 using minimap2 PAF cg:Z CIGAR	1	1	20.226	pPt-652662	DArT_marker	cigar_liftover_v403_to_v61	20.226	20.226	20.226	0.0	20.226	pPt-652662	DArT_marker	cigar_liftover_v403_to_v61
2	21787829	20.205	pPt-472525	DArT_marker	cigar_liftover_v403_to_v61	TableS4 marker lifted from PGSC/DM v4.03 to DM v6.1 using minimap2 PAF cg:Z CIGAR	8	8	20.205	pPt-472525	DArT_marker	cigar_liftover_v403_to_v61	20.205	20.2725	20.782	0.5770000000000017	20.205,20.222,20.235,20.24,20.305,20.313,20.57,20.782	pPt-472164,pPt-472525,toPt-438463,toPt-438472,toPt-439000,toPt-439754,toPt-763687,toPt-763794	DArT_marker	cigar_liftover_v403_to_v61
2	21788784	20.452	solcap_snp_c1_9725	SNP	direct_spuddb_dm_v6_1	SolCAP SNP exact non-multimap position from SpudDB DM v6.1	1	1	20.452	solcap_snp_c1_9725	SNP	direct_spuddb_dm_v6_1	20.452	20.452	20.452	0.0	20.452	solcap_snp_c1_9725	SNP	direct_spuddb_dm_v6_1
2	21808866	20.269	solcap_snp_c1_9732	SNP	direct_spuddb_dm_v6_1	SolCAP SNP exact non-multimap position from SpudDB DM v6.1	1	1	20.269	solcap_snp_c1_9732	SNP	direct_spuddb_dm_v6_1	20.269	20.269	20.269	0.0	20.269	solcap_snp_c1_9732	SNP	direct_spuddb_dm_v6_1
2	21965487	18.876	solcap_snp_c1_16347	SNP	direct_spuddb_dm_v6_1	SolCAP SNP exact non-multimap position from SpudDB DM v6.1	1	1	18.876	solcap_snp_c1_16347	SNP	direct_spuddb_dm_v6_1	18.876	18.876	18.876	0.0	18.876	solcap_snp_c1_16347	SNP	direct_spuddb_dm_v6_1
2	23885399	22.668	solcap_snp_c1_15404	SNP	direct_spuddb_dm_v6_1	SolCAP SNP exact non-multimap position from SpudDB DM v6.1	1	1	22.668	solcap_snp_c1_15404	SNP	direct_spuddb_dm_v6_1	22.668	22.668	22.668	0.0	22.668	solcap_snp_c1_15404	SNP	direct_spuddb_dm_v6_1
2	25017414	22.273	solcap_snp_c1_11486	SNP	direct_spuddb_dm_v6_1	SolCAP SNP exact non-multimap position from SpudDB DM v6.1	1	1	22.273	solcap_snp_c1_11486	SNP	direct_spuddb_dm_v6_1	22.273	22.273	22.273	0.0	22.273	solcap_snp_c1_11486	SNP	direct_spuddb_dm_v6_1
2	25370147	22.448	solcap_snp_c1_9302	SNP	direct_spuddb_dm_v6_1	SolCAP SNP exact non-multimap position from SpudDB DM v6.1	1	1	22.448	solcap_snp_c1_9302	SNP	direct_spuddb_dm_v6_1	22.448	22.448	22.448	0.0	22.448	solcap_snp_c1_9302	SNP	direct_spuddb_dm_v6_1
2	25639644	23.334	solcap_snp_c1_9369	SNP	direct_spuddb_dm_v6_1	SolCAP SNP exact non-multimap position from SpudDB DM v6.1	1	1	23.334	solcap_snp_c1_9369	SNP	direct_spuddb_dm_v6_1	23.334	23.334	23.334	0.0	23.334	solcap_snp_c1_9369	SNP	direct_spuddb_dm_v6_1
2	25706037	23.433	solcap_snp_c1_9376	SNP	direct_spuddb_dm_v6_1	SolCAP SNP exact non-multimap position from SpudDB DM v6.1	1	1	23.433	solcap_snp_c1_9376	SNP	direct_spuddb_dm_v6_1	23.433	23.433	23.433	0.0	23.433	solcap_snp_c1_9376	SNP	direct_spuddb_dm_v6_1
2	25999493	26.967	solcap_snp_c1_13468	SNP	direct_spuddb_dm_v6_1	SolCAP SNP exact non-multimap position from SpudDB DM v6.1	1	1	26.967	solcap_snp_c1_13468	SNP	direct_spuddb_dm_v6_1	26.967	26.967	26.967	0.0	26.967	solcap_snp_c1_13468	SNP	direct_spuddb_dm_v6_1
2	26349683	26.33	pPt-534957	DArT_marker	cigar_liftover_v403_to_v61	TableS4 marker lifted from PGSC/DM v4.03 to DM v6.1 using minimap2 PAF cg:Z CIGAR	8	3	26.33	pPt-534957	DArT_marker	cigar_liftover_v403_to_v61	26.33	26.389	26.389	0.05900000000000105	26.33,26.342,26.389,26.389,26.389,26.389,26.389,26.389	pPt-456569,pPt-457024,pPt-471559,pPt-534957,pPt-535729,pPt-536743,pPt-537022,pPt-552093	DArT_marker	cigar_liftover_v403_to_v61
2	27276103	27.36	pPt-655861	DArT_marker	cigar_liftover_v403_to_v61	TableS4 marker lifted from PGSC/DM v4.03 to DM v6.1 using minimap2 PAF cg:Z CIGAR	1	1	27.36	pPt-655861	DArT_marker	cigar_liftover_v403_to_v61	27.36	27.36	27.36	0.0	27.36	pPt-655861	DArT_marker	cigar_liftover_v403_to_v61
2	27276114	27.361	pPt-657436	DArT_marker	cigar_liftover_v403_to_v61	TableS4 marker lifted from PGSC/DM v4.03 to DM v6.1 using minimap2 PAF cg:Z CIGAR	1	1	27.361	pPt-657436	DArT_marker	cigar_liftover_v403_to_v61	27.361	27.361	27.361	0.0	27.361	pPt-657436	DArT_marker	cigar_liftover_v403_to_v61
2	27276127	27.36	toPt-439196	DArT_marker	cigar_liftover_v403_to_v61	TableS4 marker lifted from PGSC/DM v4.03 to DM v6.1 using minimap2 PAF cg:Z CIGAR	1	1	27.36	toPt-439196	DArT_marker	cigar_liftover_v403_to_v61	27.36	27.36	27.36	0.0	27.36	toPt-439196	DArT_marker	cigar_liftover_v403_to_v61
2	27276729	27.36	pPt-538679	DArT_marker	cigar_liftover_v403_to_v61	TableS4 marker lifted from PGSC/DM v4.03 to DM v6.1 using minimap2 PAF cg:Z CIGAR	4	1	27.36	pPt-538679	DArT_marker	cigar_liftover_v403_to_v61	27.36	27.36	27.36	0.0	27.36,27.36,27.36,27.36	pPt-538679,pPt-653551,pPt-655142,pPt-655218	DArT_marker	cigar_liftover_v403_to_v61
2	27345592	29.172	pPt-657053	DArT_marker	cigar_liftover_v403_to_v61	TableS4 marker lifted from PGSC/DM v4.03 to DM v6.1 using minimap2 PAF cg:Z CIGAR	1	1	29.172	pPt-657053	DArT_marker	cigar_liftover_v403_to_v61	29.172	29.172	29.172	0.0	29.172	pPt-657053	DArT_marker	cigar_liftover_v403_to_v61
2	27451374	28.327	PM1332	repeat_region	cigar_liftover_v403_to_v61	TableS4 marker lifted from PGSC/DM v4.03 to DM v6.1 using minimap2 PAF cg:Z CIGAR	1	1	28.327	PM1332	repeat_region	cigar_liftover_v403_to_v61	28.327	28.327	28.327	0.0	28.327	PM1332	repeat_region	cigar_liftover_v403_to_v61
2	27527543	29.406	solcap_snp_c1_5078	SNP	direct_spuddb_dm_v6_1	SolCAP SNP exact non-multimap position from SpudDB DM v6.1	1	1	29.406	solcap_snp_c1_5078	SNP	direct_spuddb_dm_v6_1	29.406	29.406	29.406	0.0	29.406	solcap_snp_c1_5078	SNP	direct_spuddb_dm_v6_1
2	27569702	27.835	pPt-536176	DArT_marker	cigar_liftover_v403_to_v61	TableS4 marker lifted from PGSC/DM v4.03 to DM v6.1 using minimap2 PAF cg:Z CIGAR	6	4	27.835	pPt-536176	DArT_marker	cigar_liftover_v403_to_v61	27.835	27.8655	27.956	0.12099999999999866	27.835,27.835,27.835,27.896,27.923,27.956	pPt-536176,pPt-539421,pPt-539540,pPt-559060,pPt-656854,toPt-437905	DArT_marker	cigar_liftover_v403_to_v61
2	27620643	28.867	solcap_snp_c1_16340	SNP	direct_spuddb_dm_v6_1	SolCAP SNP exact non-multimap position from SpudDB DM v6.1	1	1	28.867	solcap_snp_c1_16340	SNP	direct_spuddb_dm_v6_1	28.867	28.867	28.867	0.0	28.867	solcap_snp_c1_16340	SNP	direct_spuddb_dm_v6_1
2	27646352	27.157	solcap_snp_c1_16341	SNP	direct_spuddb_dm_v6_1	SolCAP SNP exact non-multimap position from SpudDB DM v6.1	1	1	27.157	solcap_snp_c1_16341	SNP	direct_spuddb_dm_v6_1	27.157	27.157	27.157	0.0	27.157	solcap_snp_c1_16341	SNP	direct_spuddb_dm_v6_1
2	28041279	29.172	pPt-656979	DArT_marker	cigar_liftover_v403_to_v61	TableS4 marker lifted from PGSC/DM v4.03 to DM v6.1 using minimap2 PAF cg:Z CIGAR	2	2	29.172	pPt-656979	DArT_marker	cigar_liftover_v403_to_v61	29.172	29.175	29.178	0.006000000000000227	29.172,29.178	pPt-656979,pPt-657208	DArT_marker	cigar_liftover_v403_to_v61
2	28460955	30.435	solcap_snp_c1_13929	SNP	direct_spuddb_dm_v6_1	SolCAP SNP exact non-multimap position from SpudDB DM v6.1	1	1	30.435	solcap_snp_c1_13929	SNP	direct_spuddb_dm_v6_1	30.435	30.435	30.435	0.0	30.435	solcap_snp_c1_13929	SNP	direct_spuddb_dm_v6_1
2	28477644	29.713	pPt-653009	DArT_marker	cigar_liftover_v403_to_v61	TableS4 marker lifted from PGSC/DM v4.03 to DM v6.1 using minimap2 PAF cg:Z CIGAR	1	1	29.713	pPt-653009	DArT_marker	cigar_liftover_v403_to_v61	29.713	29.713	29.713	0.0	29.713	pPt-653009	DArT_marker	cigar_liftover_v403_to_v61
2	28582692	30.371	solcap_snp_c1_13914	SNP	direct_spuddb_dm_v6_1	SolCAP SNP exact non-multimap position from SpudDB DM v6.1	1	1	30.371	solcap_snp_c1_13914	SNP	direct_spuddb_dm_v6_1	30.371	30.371	30.371	0.0	30.371	solcap_snp_c1_13914	SNP	direct_spuddb_dm_v6_1
2	28703842	31.795	solcap_snp_c1_16350	SNP	direct_spuddb_dm_v6_1	SolCAP SNP exact non-multimap position from SpudDB DM v6.1	1	1	31.795	solcap_snp_c1_16350	SNP	direct_spuddb_dm_v6_1	31.795	31.795	31.795	0.0	31.795	solcap_snp_c1_16350	SNP	direct_spuddb_dm_v6_1
2	28924425	33.115	pPt-653576	DArT_marker	cigar_liftover_v403_to_v61	TableS4 marker lifted from PGSC/DM v4.03 to DM v6.1 using minimap2 PAF cg:Z CIGAR	1	1	33.115	pPt-653576	DArT_marker	cigar_liftover_v403_to_v61	33.115	33.115	33.115	0.0	33.115	pPt-653576	DArT_marker	cigar_liftover_v403_to_v61
2	28925922	31.488	pPt-537833	DArT_marker	cigar_liftover_v403_to_v61	TableS4 marker lifted from PGSC/DM v4.03 to DM v6.1 using minimap2 PAF cg:Z CIGAR	2	2	31.488	pPt-537833	DArT_marker	cigar_liftover_v403_to_v61	31.488	31.523	31.558	0.07000000000000028	31.488,31.558	pPt-537683,pPt-537833	DArT_marker	cigar_liftover_v403_to_v61
2	29271350	32.236	pPt-456765	DArT_marker	cigar_liftover_v403_to_v61	TableS4 marker lifted from PGSC/DM v4.03 to DM v6.1 using minimap2 PAF cg:Z CIGAR	5	1	32.236	pPt-456765	DArT_marker	cigar_liftover_v403_to_v61	32.236	32.236	32.236	0.0	32.236,32.236,32.236,32.236,32.236	pPt-456765,pPt-457369,pPt-651454,pPt-655168,pPt-655443	DArT_marker	cigar_liftover_v403_to_v61
2	29489664	33.796	pPt-458471	DArT_marker	cigar_liftover_v403_to_v61	TableS4 marker lifted from PGSC/DM v4.03 to DM v6.1 using minimap2 PAF cg:Z CIGAR	2	1	33.796	pPt-458471	DArT_marker	cigar_liftover_v403_to_v61	33.796	33.796	33.796	0.0	33.796,33.796	pPt-458471,pPt-473223	DArT_marker	cigar_liftover_v403_to_v61
2	29489666	33.796	pPt-472441	DArT_marker	cigar_liftover_v403_to_v61	TableS4 marker lifted from PGSC/DM v4.03 to DM v6.1 using minimap2 PAF cg:Z CIGAR	1	1	33.796	pPt-472441	DArT_marker	cigar_liftover_v403_to_v61	33.796	33.796	33.796	0.0	33.796	pPt-472441	DArT_marker	cigar_liftover_v403_to_v61
2	29568246	32.097	pPt-650762	DArT_marker	cigar_liftover_v403_to_v61	TableS4 marker lifted from PGSC/DM v4.03 to DM v6.1 using minimap2 PAF cg:Z CIGAR	2	2	32.097	pPt-650762	DArT_marker	cigar_liftover_v403_to_v61	32.097	34.135000000000005	36.173	4.0760000000000005	32.097,36.173	pPt-650762,pPt-651609	DArT_marker	cigar_liftover_v403_to_v61
2	29643643	34.422	pPt-473662	DArT_marker	cigar_liftover_v403_to_v61	TableS4 marker lifted from PGSC/DM v4.03 to DM v6.1 using minimap2 PAF cg:Z CIGAR	1	1	34.422	pPt-473662	DArT_marker	cigar_liftover_v403_to_v61	34.422	34.422	34.422	0.0	34.422	pPt-473662	DArT_marker	cigar_liftover_v403_to_v61
2	29734369	32.524	pPt-652571	DArT_marker	cigar_liftover_v403_to_v61	TableS4 marker lifted from PGSC/DM v4.03 to DM v6.1 using minimap2 PAF cg:Z CIGAR	1	1	32.524	pPt-652571	DArT_marker	cigar_liftover_v403_to_v61	32.524	32.524	32.524	0.0	32.524	pPt-652571	DArT_marker	cigar_liftover_v403_to_v61
2	30080945	35.092	solcap_snp_c1_13234	SNP	direct_spuddb_dm_v6_1	SolCAP SNP exact non-multimap position from SpudDB DM v6.1	1	1	35.092	solcap_snp_c1_13234	SNP	direct_spuddb_dm_v6_1	35.092	35.092	35.092	0.0	35.092	solcap_snp_c1_13234	SNP	direct_spuddb_dm_v6_1
2	30096020	34.375	pPt-652302	DArT_marker	cigar_liftover_v403_to_v61	TableS4 marker lifted from PGSC/DM v4.03 to DM v6.1 using minimap2 PAF cg:Z CIGAR	5	3	34.375	pPt-652302	DArT_marker	cigar_liftover_v403_to_v61	34.375	34.422	34.433	0.05799999999999983	34.375,34.422,34.422,34.422,34.433	pPt-471594,pPt-473200,pPt-650228,pPt-651413,pPt-652302	DArT_marker	cigar_liftover_v403_to_v61
2	30220612	36.429	pPt-653297	DArT_marker	cigar_liftover_v403_to_v61	TableS4 marker lifted from PGSC/DM v4.03 to DM v6.1 using minimap2 PAF cg:Z CIGAR	3	3	36.429	pPt-653297	DArT_marker	cigar_liftover_v403_to_v61	36.429	36.452	36.467	0.0379999999999967	36.429,36.452,36.467	pPt-458525,pPt-472177,pPt-653297	DArT_marker	cigar_liftover_v403_to_v61
2	30220615	36.467	pPt-473017	DArT_marker	cigar_liftover_v403_to_v61	TableS4 marker lifted from PGSC/DM v4.03 to DM v6.1 using minimap2 PAF cg:Z CIGAR	1	1	36.467	pPt-473017	DArT_marker	cigar_liftover_v403_to_v61	36.467	36.467	36.467	0.0	36.467	pPt-473017	DArT_marker	cigar_liftover_v403_to_v61
2	30264125	34.856	STI0036	repeat_region	cigar_liftover_v403_to_v61	TableS4 marker lifted from PGSC/DM v4.03 to DM v6.1 using minimap2 PAF cg:Z CIGAR	1	1	34.856	STI0036	repeat_region	cigar_liftover_v403_to_v61	34.856	34.856	34.856	0.0	34.856	STI0036	repeat_region	cigar_liftover_v403_to_v61
2	30450017	35.561	solcap_snp_c1_11588	SNP	direct_spuddb_dm_v6_1	SolCAP SNP exact non-multimap position from SpudDB DM v6.1	1	1	35.561	solcap_snp_c1_11588	SNP	direct_spuddb_dm_v6_1	35.561	35.561	35.561	0.0	35.561	solcap_snp_c1_11588	SNP	direct_spuddb_dm_v6_1
2	30473947	34.232	pPt-535744	DArT_marker	cigar_liftover_v403_to_v61	TableS4 marker lifted from PGSC/DM v4.03 to DM v6.1 using minimap2 PAF cg:Z CIGAR	8	5	34.232	pPt-535744	DArT_marker	cigar_liftover_v403_to_v61	34.232	34.445	35.283	1.051000000000002	34.232,34.427,34.445,34.445,34.445,34.445,34.456,35.283	pPt-457179,pPt-533986,pPt-535213,pPt-535618,pPt-535744,pPt-535940,pPt-535985,pPt-537775	DArT_marker	cigar_liftover_v403_to_v61
2	30564337	34.658	pPt-458651	DArT_marker	cigar_liftover_v403_to_v61	TableS4 marker lifted from PGSC/DM v4.03 to DM v6.1 using minimap2 PAF cg:Z CIGAR	6	2	34.658	pPt-458651	DArT_marker	cigar_liftover_v403_to_v61	34.658	34.658	34.679	0.021000000000000796	34.658,34.658,34.658,34.658,34.658,34.679	pPt-458651,pPt-471714,pPt-535208,pPt-535464,pPt-539519,pPt-540339	DArT_marker	cigar_liftover_v403_to_v61
2	30564343	34.658	pPt-534861	DArT_marker	cigar_liftover_v403_to_v61	TableS4 marker lifted from PGSC/DM v4.03 to DM v6.1 using minimap2 PAF cg:Z CIGAR	1	1	34.658	pPt-534861	DArT_marker	cigar_liftover_v403_to_v61	34.658	34.658	34.658	0.0	34.658	pPt-534861	DArT_marker	cigar_liftover_v403_to_v61
2	31029025	40.582	pPt-539763	DArT_marker	cigar_liftover_v403_to_v61	TableS4 marker lifted from PGSC/DM v4.03 to DM v6.1 using minimap2 PAF cg:Z CIGAR	2	2	40.582	pPt-539763	DArT_marker	cigar_liftover_v403_to_v61	40.582	40.7815	40.981	0.3990000000000009	40.582,40.981	pPt-539763,pPt-540267	DArT_marker	cigar_liftover_v403_to_v61
2	32844860	42.671	pPt-651930	DArT_marker	cigar_liftover_v403_to_v61	TableS4 marker lifted from PGSC/DM v4.03 to DM v6.1 using minimap2 PAF cg:Z CIGAR	1	1	42.671	pPt-651930	DArT_marker	cigar_liftover_v403_to_v61	42.671	42.671	42.671	0.0	42.671	pPt-651930	DArT_marker	cigar_liftover_v403_to_v61
2	32845083	42.671	pPt-470960	DArT_marker	cigar_liftover_v403_to_v61	TableS4 marker lifted from PGSC/DM v4.03 to DM v6.1 using minimap2 PAF cg:Z CIGAR	1	1	42.671	pPt-470960	DArT_marker	cigar_liftover_v403_to_v61	42.671	42.671	42.671	0.0	42.671	pPt-470960	DArT_marker	cigar_liftover_v403_to_v61
2	33716215	43.862	solcap_snp_c1_14822	SNP	direct_spuddb_dm_v6_1	SolCAP SNP exact non-multimap position from SpudDB DM v6.1	1	1	43.862	solcap_snp_c1_14822	SNP	direct_spuddb_dm_v6_1	43.862	43.862	43.862	0.0	43.862	solcap_snp_c1_14822	SNP	direct_spuddb_dm_v6_1
2	34203746	45.178	solcap_snp_c1_5877	SNP	direct_spuddb_dm_v6_1	SolCAP SNP exact non-multimap position from SpudDB DM v6.1	1	1	45.178	solcap_snp_c1_5877	SNP	direct_spuddb_dm_v6_1	45.178	45.178	45.178	0.0	45.178	solcap_snp_c1_5877	SNP	direct_spuddb_dm_v6_1
2	34661319	49.569	solcap_snp_c1_5850	SNP	direct_spuddb_dm_v6_1	SolCAP SNP exact non-multimap position from SpudDB DM v6.1	1	1	49.569	solcap_snp_c1_5850	SNP	direct_spuddb_dm_v6_1	49.569	49.569	49.569	0.0	49.569	solcap_snp_c1_5850	SNP	direct_spuddb_dm_v6_1
2	35334126	47.129	solcap_snp_c1_12377	SNP	direct_spuddb_dm_v6_1	SolCAP SNP exact non-multimap position from SpudDB DM v6.1	1	1	47.129	solcap_snp_c1_12377	SNP	direct_spuddb_dm_v6_1	47.129	47.129	47.129	0.0	47.129	solcap_snp_c1_12377	SNP	direct_spuddb_dm_v6_1
2	35468438	46.584	solcap_snp_c1_16172	SNP	direct_spuddb_dm_v6_1	SolCAP SNP exact non-multimap position from SpudDB DM v6.1	1	1	46.584	solcap_snp_c1_16172	SNP	direct_spuddb_dm_v6_1	46.584	46.584	46.584	0.0	46.584	solcap_snp_c1_16172	SNP	direct_spuddb_dm_v6_1
2	37223835	52.624	STM5114	repeat_region	cigar_liftover_v403_to_v61	TableS4 marker lifted from PGSC/DM v4.03 to DM v6.1 using minimap2 PAF cg:Z CIGAR	1	1	52.624	STM5114	repeat_region	cigar_liftover_v403_to_v61	52.624	52.624	52.624	0.0	52.624	STM5114	repeat_region	cigar_liftover_v403_to_v61
2	37554578	49.869	pPt-654889	DArT_marker	cigar_liftover_v403_to_v61	TableS4 marker lifted from PGSC/DM v4.03 to DM v6.1 using minimap2 PAF cg:Z CIGAR	1	1	49.869	pPt-654889	DArT_marker	cigar_liftover_v403_to_v61	49.869	49.869	49.869	0.0	49.869	pPt-654889	DArT_marker	cigar_liftover_v403_to_v61
2	37554653	49.917	pPt-472677	DArT_marker	cigar_liftover_v403_to_v61	TableS4 marker lifted from PGSC/DM v4.03 to DM v6.1 using minimap2 PAF cg:Z CIGAR	1	1	49.917	pPt-472677	DArT_marker	cigar_liftover_v403_to_v61	49.917	49.917	49.917	0.0	49.917	pPt-472677	DArT_marker	cigar_liftover_v403_to_v61
2	37641699	52.801	STI0052	repeat_region	cigar_liftover_v403_to_v61	TableS4 marker lifted from PGSC/DM v4.03 to DM v6.1 using minimap2 PAF cg:Z CIGAR	1	1	52.801	STI0052	repeat_region	cigar_liftover_v403_to_v61	52.801	52.801	52.801	0.0	52.801	STI0052	repeat_region	cigar_liftover_v403_to_v61
2	38479345	59.058	solcap_snp_c1_7931	SNP	direct_spuddb_dm_v6_1	SolCAP SNP exact non-multimap position from SpudDB DM v6.1	1	1	59.058	solcap_snp_c1_7931	SNP	direct_spuddb_dm_v6_1	59.058	59.058	59.058	0.0	59.058	solcap_snp_c1_7931	SNP	direct_spuddb_dm_v6_1
2	38533031	56.587	pPt-538916	DArT_marker	cigar_liftover_v403_to_v61	TableS4 marker lifted from PGSC/DM v4.03 to DM v6.1 using minimap2 PAF cg:Z CIGAR	1	1	56.587	pPt-538916	DArT_marker	cigar_liftover_v403_to_v61	56.587	56.587	56.587	0.0	56.587	pPt-538916	DArT_marker	cigar_liftover_v403_to_v61
2	38576610	56.372	MICRO.7848.C1_786	match	cigar_liftover_v403_to_v61	TableS4 marker lifted from PGSC/DM v4.03 to DM v6.1 using minimap2 PAF cg:Z CIGAR	1	1	56.372	MICRO.7848.C1_786	match	cigar_liftover_v403_to_v61	56.372	56.372	56.372	0.0	56.372	MICRO.7848.C1_786	match	cigar_liftover_v403_to_v61
2	38576828	56.97	MICRO.7848.C1_567	match	cigar_liftover_v403_to_v61	TableS4 marker lifted from PGSC/DM v4.03 to DM v6.1 using minimap2 PAF cg:Z CIGAR	1	1	56.97	MICRO.7848.C1_567	match	cigar_liftover_v403_to_v61	56.97	56.97	56.97	0.0	56.97	MICRO.7848.C1_567	match	cigar_liftover_v403_to_v61
2	38857937	60.141	pPt-653333	DArT_marker	cigar_liftover_v403_to_v61	TableS4 marker lifted from PGSC/DM v4.03 to DM v6.1 using minimap2 PAF cg:Z CIGAR	4	4	60.141	pPt-653333	DArT_marker	cigar_liftover_v403_to_v61	60.141	60.458	60.474	0.3329999999999984	60.141,60.447,60.469,60.474	pPt-472448,pPt-534555,pPt-653333,pPt-657004	DArT_marker	cigar_liftover_v403_to_v61
2	39402181	61.224	pPt-656018	DArT_marker	cigar_liftover_v403_to_v61	TableS4 marker lifted from PGSC/DM v4.03 to DM v6.1 using minimap2 PAF cg:Z CIGAR	1	1	61.224	pPt-656018	DArT_marker	cigar_liftover_v403_to_v61	61.224	61.224	61.224	0.0	61.224	pPt-656018	DArT_marker	cigar_liftover_v403_to_v61
2	39557238	61.77	PM0200	repeat_region	cigar_liftover_v403_to_v61	TableS4 marker lifted from PGSC/DM v4.03 to DM v6.1 using minimap2 PAF cg:Z CIGAR	1	1	61.77	PM0200	repeat_region	cigar_liftover_v403_to_v61	61.77	61.77	61.77	0.0	61.77	PM0200	repeat_region	cigar_liftover_v403_to_v61
2	40296554	63.435	solcap_snp_c1_7346	SNP	direct_spuddb_dm_v6_1	SolCAP SNP exact non-multimap position from SpudDB DM v6.1	1	1	63.435	solcap_snp_c1_7346	SNP	direct_spuddb_dm_v6_1	63.435	63.435	63.435	0.0	63.435	solcap_snp_c1_7346	SNP	direct_spuddb_dm_v6_1
2	40424964	63.429	st_11672	repeat_region	cigar_liftover_v403_to_v61	TableS4 marker lifted from PGSC/DM v4.03 to DM v6.1 using minimap2 PAF cg:Z CIGAR	1	1	63.429	st_11672	repeat_region	cigar_liftover_v403_to_v61	63.429	63.429	63.429	0.0	63.429	st_11672	repeat_region	cigar_liftover_v403_to_v61
2	40466543	20.212	pPt-537723	DArT_marker	cigar_liftover_v403_to_v61	TableS4 marker lifted from PGSC/DM v4.03 to DM v6.1 using minimap2 PAF cg:Z CIGAR	1	1	20.212	pPt-537723	DArT_marker	cigar_liftover_v403_to_v61	20.212	20.212	20.212	0.0	20.212	pPt-537723	DArT_marker	cigar_liftover_v403_to_v61
2	40707520	67.494	toPt-436878	DArT_marker	cigar_liftover_v403_to_v61	TableS4 marker lifted from PGSC/DM v4.03 to DM v6.1 using minimap2 PAF cg:Z CIGAR	3	2	67.494	toPt-436878	DArT_marker	cigar_liftover_v403_to_v61	67.494	67.494	67.5	0.006000000000000227	67.494,67.494,67.5	toPt-436878,toPt-437942,toPt-438004	DArT_marker	cigar_liftover_v403_to_v61
2	40707550	67.493	pPt-471945	DArT_marker	cigar_liftover_v403_to_v61	TableS4 marker lifted from PGSC/DM v4.03 to DM v6.1 using minimap2 PAF cg:Z CIGAR	5	5	67.493	pPt-471945	DArT_marker	cigar_liftover_v403_to_v61	67.493	67.495	67.497	0.0040000000000048885	67.493,67.494,67.495,67.496,67.497	pPt-471945,pPt-473780,pPt-652964,pPt-654471,pPt-657574	DArT_marker	cigar_liftover_v403_to_v61
2	41240921	64.916	solcap_snp_c1_8429	SNP	direct_spuddb_dm_v6_1	SolCAP SNP exact non-multimap position from SpudDB DM v6.1	1	1	64.916	solcap_snp_c1_8429	SNP	direct_spuddb_dm_v6_1	64.916	64.916	64.916	0.0	64.916	solcap_snp_c1_8429	SNP	direct_spuddb_dm_v6_1
2	41258971	64.924	pPt-458627	DArT_marker	cigar_liftover_v403_to_v61	TableS4 marker lifted from PGSC/DM v4.03 to DM v6.1 using minimap2 PAF cg:Z CIGAR	2	2	64.924	pPt-458627	DArT_marker	cigar_liftover_v403_to_v61	64.924	64.92750000000001	64.931	0.006999999999990791	64.924,64.931	pPt-458627,pPt-654915	DArT_marker	cigar_liftover_v403_to_v61
2	41493084	64.924	pPt-653043	DArT_marker	cigar_liftover_v403_to_v61	TableS4 marker lifted from PGSC/DM v4.03 to DM v6.1 using minimap2 PAF cg:Z CIGAR	1	1	64.924	pPt-653043	DArT_marker	cigar_liftover_v403_to_v61	64.924	64.924	64.924	0.0	64.924	pPt-653043	DArT_marker	cigar_liftover_v403_to_v61
2	41493216	64.911	toPt-437191	DArT_marker	cigar_liftover_v403_to_v61	TableS4 marker lifted from PGSC/DM v4.03 to DM v6.1 using minimap2 PAF cg:Z CIGAR	5	2	64.911	toPt-437191	DArT_marker	cigar_liftover_v403_to_v61	64.911	64.911	65.612	0.7009999999999934	64.911,64.911,64.911,64.911,65.612	toPt-437191,toPt-438776,toPt-439122,toPt-439399,toPt-763866	DArT_marker	cigar_liftover_v403_to_v61
2	41493238	64.924	pPt-655780	DArT_marker	cigar_liftover_v403_to_v61	TableS4 marker lifted from PGSC/DM v4.03 to DM v6.1 using minimap2 PAF cg:Z CIGAR	1	1	64.924	pPt-655780	DArT_marker	cigar_liftover_v403_to_v61	64.924	64.924	64.924	0.0	64.924	pPt-655780	DArT_marker	cigar_liftover_v403_to_v61
2	41878492	66.529	solcap_snp_c1_8464	SNP	direct_spuddb_dm_v6_1	SolCAP SNP exact non-multimap position from SpudDB DM v6.1	1	1	66.529	solcap_snp_c1_8464	SNP	direct_spuddb_dm_v6_1	66.529	66.529	66.529	0.0	66.529	solcap_snp_c1_8464	SNP	direct_spuddb_dm_v6_1
2	41893405	64.911	pPt-535437	DArT_marker	cigar_liftover_v403_to_v61	TableS4 marker lifted from PGSC/DM v4.03 to DM v6.1 using minimap2 PAF cg:Z CIGAR	1	1	64.911	pPt-535437	DArT_marker	cigar_liftover_v403_to_v61	64.911	64.911	64.911	0.0	64.911	pPt-535437	DArT_marker	cigar_liftover_v403_to_v61
2	41893538	64.924	pPt-536585	DArT_marker	cigar_liftover_v403_to_v61	TableS4 marker lifted from PGSC/DM v4.03 to DM v6.1 using minimap2 PAF cg:Z CIGAR	7	1	64.924	pPt-536585	DArT_marker	cigar_liftover_v403_to_v61	64.924	64.924	64.924	0.0	64.924,64.924,64.924,64.924,64.924,64.924,64.924	pPt-536585,pPt-537080,pPt-539701,pPt-539725,pPt-539797,pPt-539862,pPt-655448	DArT_marker	cigar_liftover_v403_to_v61
2	41893542	64.924	pPt-656117	DArT_marker	cigar_liftover_v403_to_v61	TableS4 marker lifted from PGSC/DM v4.03 to DM v6.1 using minimap2 PAF cg:Z CIGAR	1	1	64.924	pPt-656117	DArT_marker	cigar_liftover_v403_to_v61	64.924	64.924	64.924	0.0	64.924	pPt-656117	DArT_marker	cigar_liftover_v403_to_v61
2	41893545	64.927	pPt-653627	DArT_marker	cigar_liftover_v403_to_v61	TableS4 marker lifted from PGSC/DM v4.03 to DM v6.1 using minimap2 PAF cg:Z CIGAR	1	1	64.927	pPt-653627	DArT_marker	cigar_liftover_v403_to_v61	64.927	64.927	64.927	0.0	64.927	pPt-653627	DArT_marker	cigar_liftover_v403_to_v61
2	41893640	64.922	pPt-459203	DArT_marker	cigar_liftover_v403_to_v61	TableS4 marker lifted from PGSC/DM v4.03 to DM v6.1 using minimap2 PAF cg:Z CIGAR	3	2	64.922	pPt-459203	DArT_marker	cigar_liftover_v403_to_v61	64.922	64.924	64.924	0.0020000000000095497	64.922,64.924,64.924	pPt-459203,pPt-536858,pPt-652500	DArT_marker	cigar_liftover_v403_to_v61
2	42131765	65.395	solcap_snp_c1_8485	SNP	direct_spuddb_dm_v6_1	SolCAP SNP exact non-multimap position from SpudDB DM v6.1	1	1	65.395	solcap_snp_c1_8485	SNP	direct_spuddb_dm_v6_1	65.395	65.395	65.395	0.0	65.395	solcap_snp_c1_8485	SNP	direct_spuddb_dm_v6_1
2	42567199	67.77	solcap_snp_c1_12534	SNP	direct_spuddb_dm_v6_1	SolCAP SNP exact non-multimap position from SpudDB DM v6.1	1	1	67.77	solcap_snp_c1_12534	SNP	direct_spuddb_dm_v6_1	67.77	67.77	67.77	0.0	67.77	solcap_snp_c1_12534	SNP	direct_spuddb_dm_v6_1
2	44199967	71.022	solcap_snp_c1_7864	SNP	direct_spuddb_dm_v6_1	SolCAP SNP exact non-multimap position from SpudDB DM v6.1	1	1	71.022	solcap_snp_c1_7864	SNP	direct_spuddb_dm_v6_1	71.022	71.022	71.022	0.0	71.022	solcap_snp_c1_7864	SNP	direct_spuddb_dm_v6_1
2	44271733	71.402	solcap_snp_c1_14740	SNP	direct_spuddb_dm_v6_1	SolCAP SNP exact non-multimap position from SpudDB DM v6.1	1	1	71.402	solcap_snp_c1_14740	SNP	direct_spuddb_dm_v6_1	71.402	71.402	71.402	0.0	71.402	solcap_snp_c1_14740	SNP	direct_spuddb_dm_v6_1
2	44550044	74.981	st_2696	repeat_region	cigar_liftover_v403_to_v61	TableS4 marker lifted from PGSC/DM v4.03 to DM v6.1 using minimap2 PAF cg:Z CIGAR	1	1	74.981	st_2696	repeat_region	cigar_liftover_v403_to_v61	74.981	74.981	74.981	0.0	74.981	st_2696	repeat_region	cigar_liftover_v403_to_v61
2	44564163	69.531	pPt-657174	DArT_marker	cigar_liftover_v403_to_v61	TableS4 marker lifted from PGSC/DM v4.03 to DM v6.1 using minimap2 PAF cg:Z CIGAR	1	1	69.531	pPt-657174	DArT_marker	cigar_liftover_v403_to_v61	69.531	69.531	69.531	0.0	69.531	pPt-657174	DArT_marker	cigar_liftover_v403_to_v61
2	45008494	69.354	pPt-458738	DArT_marker	cigar_liftover_v403_to_v61	TableS4 marker lifted from PGSC/DM v4.03 to DM v6.1 using minimap2 PAF cg:Z CIGAR	7	1	69.354	pPt-458738	DArT_marker	cigar_liftover_v403_to_v61	69.354	69.354	69.354	0.0	69.354,69.354,69.354,69.354,69.354,69.354,69.354	pPt-458738,pPt-472659,pPt-533752,pPt-538767,pPt-651072,pPt-651165,pPt-652785	DArT_marker	cigar_liftover_v403_to_v61
2	45028521	74.22	pPt-538521	DArT_marker	cigar_liftover_v403_to_v61	TableS4 marker lifted from PGSC/DM v4.03 to DM v6.1 using minimap2 PAF cg:Z CIGAR	1	1	74.22	pPt-538521	DArT_marker	cigar_liftover_v403_to_v61	74.22	74.22	74.22	0.0	74.22	pPt-538521	DArT_marker	cigar_liftover_v403_to_v61
2	45046071	73.462	solcap_snp_c1_10633	SNP	direct_spuddb_dm_v6_1	SolCAP SNP exact non-multimap position from SpudDB DM v6.1	1	1	73.462	solcap_snp_c1_10633	SNP	direct_spuddb_dm_v6_1	73.462	73.462	73.462	0.0	73.462	solcap_snp_c1_10633	SNP	direct_spuddb_dm_v6_1
2	45993304	76.016	pPt-539113	DArT_marker	cigar_liftover_v403_to_v61	TableS4 marker lifted from PGSC/DM v4.03 to DM v6.1 using minimap2 PAF cg:Z CIGAR	1	1	76.016	pPt-539113	DArT_marker	cigar_liftover_v403_to_v61	76.016	76.016	76.016	0.0	76.016	pPt-539113	DArT_marker	cigar_liftover_v403_to_v61
2	45993314	76.036	pPt-655621	DArT_marker	cigar_liftover_v403_to_v61	TableS4 marker lifted from PGSC/DM v4.03 to DM v6.1 using minimap2 PAF cg:Z CIGAR	1	1	76.036	pPt-655621	DArT_marker	cigar_liftover_v403_to_v61	76.036	76.036	76.036	0.0	76.036	pPt-655621	DArT_marker	cigar_liftover_v403_to_v61
2	45993317	75.948	pPt-651715	DArT_marker	cigar_liftover_v403_to_v61	TableS4 marker lifted from PGSC/DM v4.03 to DM v6.1 using minimap2 PAF cg:Z CIGAR	3	2	75.948	pPt-651715	DArT_marker	cigar_liftover_v403_to_v61	75.948	76.016	76.016	0.06800000000001205	75.948,76.016,76.016	pPt-471328,pPt-651715,pPt-652599	DArT_marker	cigar_liftover_v403_to_v61
3	298626	19.123	pPt-473254	DArT_marker	cigar_liftover_v403_to_v61	TableS4 marker lifted from PGSC/DM v4.03 to DM v6.1 using minimap2 PAF cg:Z CIGAR	1	1	19.123	pPt-473254	DArT_marker	cigar_liftover_v403_to_v61	19.123	19.123	19.123	0.0	19.123	pPt-473254	DArT_marker	cigar_liftover_v403_to_v61
3	405443	19.33	capPt-706966	DArT_marker	cigar_liftover_v403_to_v61	TableS4 marker lifted from PGSC/DM v4.03 to DM v6.1 using minimap2 PAF cg:Z CIGAR	1	1	19.33	capPt-706966	DArT_marker	cigar_liftover_v403_to_v61	19.33	19.33	19.33	0.0	19.33	capPt-706966	DArT_marker	cigar_liftover_v403_to_v61
3	405461	16.717	pPt-539952	DArT_marker	cigar_liftover_v403_to_v61	TableS4 marker lifted from PGSC/DM v4.03 to DM v6.1 using minimap2 PAF cg:Z CIGAR	11	8	16.717	pPt-539952	DArT_marker	cigar_liftover_v403_to_v61	16.717	19.263	19.274	2.557000000000002	16.717,18.938,19.187,19.25,19.259,19.263,19.264,19.274,19.274,19.274,19.274	pPt-473407,pPt-533896,pPt-534891,pPt-535297,pPt-536203,pPt-539707,pPt-539732,pPt-539952,pPt-552380,pPt-559366,pPt-559430	DArT_marker	cigar_liftover_v403_to_v61
3	560044	15.536	PM1287	repeat_region	cigar_liftover_v403_to_v61	TableS4 marker lifted from PGSC/DM v4.03 to DM v6.1 using minimap2 PAF cg:Z CIGAR	1	1	15.536	PM1287	repeat_region	cigar_liftover_v403_to_v61	15.536	15.536	15.536	0.0	15.536	PM1287	repeat_region	cigar_liftover_v403_to_v61
3	1181780	2.066	pPt-653222	DArT_marker	cigar_liftover_v403_to_v61	TableS4 marker lifted from PGSC/DM v4.03 to DM v6.1 using minimap2 PAF cg:Z CIGAR	1	1	2.066	pPt-653222	DArT_marker	cigar_liftover_v403_to_v61	2.066	2.066	2.066	0.0	2.066	pPt-653222	DArT_marker	cigar_liftover_v403_to_v61
3	2021811	3.303	pPt-472246	DArT_marker	cigar_liftover_v403_to_v61	TableS4 marker lifted from PGSC/DM v4.03 to DM v6.1 using minimap2 PAF cg:Z CIGAR	3	3	3.303	pPt-472246	DArT_marker	cigar_liftover_v403_to_v61	3.303	3.493	3.513	0.20999999999999996	3.303,3.493,3.513	pPt-471060,pPt-472246,pPt-650777	DArT_marker	cigar_liftover_v403_to_v61
3	2022606	3.513	pPt-654214	DArT_marker	cigar_liftover_v403_to_v61	TableS4 marker lifted from PGSC/DM v4.03 to DM v6.1 using minimap2 PAF cg:Z CIGAR	1	1	3.513	pPt-654214	DArT_marker	cigar_liftover_v403_to_v61	3.513	3.513	3.513	0.0	3.513	pPt-654214	DArT_marker	cigar_liftover_v403_to_v61
3	2647267	5.423	solcap_snp_c1_14813	SNP	direct_spuddb_dm_v6_1	SolCAP SNP exact non-multimap position from SpudDB DM v6.1	1	1	5.423	solcap_snp_c1_14813	SNP	direct_spuddb_dm_v6_1	5.423	5.423	5.423	0.0	5.423	solcap_snp_c1_14813	SNP	direct_spuddb_dm_v6_1
3	2851481	5.21	solcap_snp_c1_13889	SNP	direct_spuddb_dm_v6_1	SolCAP SNP exact non-multimap position from SpudDB DM v6.1	1	1	5.21	solcap_snp_c1_13889	SNP	direct_spuddb_dm_v6_1	5.21	5.21	5.21	0.0	5.21	solcap_snp_c1_13889	SNP	direct_spuddb_dm_v6_1
3	4654255	9.846	pPt-653290	DArT_marker	cigar_liftover_v403_to_v61	TableS4 marker lifted from PGSC/DM v4.03 to DM v6.1 using minimap2 PAF cg:Z CIGAR	15	6	9.846	pPt-653290	DArT_marker	cigar_liftover_v403_to_v61	9.846	9.936	9.947	0.10099999999999909	9.846,9.934,9.936,9.936,9.936,9.936,9.936,9.936,9.936,9.936,9.936,9.936,9.937,9.939,9.947	pPt-458310,pPt-459107,pPt-471371,pPt-534941,pPt-537032,pPt-538184,pPt-538252,pPt-539298,pPt-540110,pPt-540341,pPt-651772,pPt-653290,pPt-657327,toPt-438408,toPt-438894	DArT_marker	cigar_liftover_v403_to_v61
3	6722327	11.521	PM0107	repeat_region	cigar_liftover_v403_to_v61	TableS4 marker lifted from PGSC/DM v4.03 to DM v6.1 using minimap2 PAF cg:Z CIGAR	1	1	11.521	PM0107	repeat_region	cigar_liftover_v403_to_v61	11.521	11.521	11.521	0.0	11.521	PM0107	repeat_region	cigar_liftover_v403_to_v61
3	28208377	13.38	solcap_snp_c1_10555	SNP	direct_spuddb_dm_v6_1	SolCAP SNP exact non-multimap position from SpudDB DM v6.1	1	1	13.38	solcap_snp_c1_10555	SNP	direct_spuddb_dm_v6_1	13.38	13.38	13.38	0.0	13.38	solcap_snp_c1_10555	SNP	direct_spuddb_dm_v6_1
3	31640737	16.443	solcap_snp_c1_10746	SNP	direct_spuddb_dm_v6_1	SolCAP SNP exact non-multimap position from SpudDB DM v6.1	1	1	16.443	solcap_snp_c1_10746	SNP	direct_spuddb_dm_v6_1	16.443	16.443	16.443	0.0	16.443	solcap_snp_c1_10746	SNP	direct_spuddb_dm_v6_1
3	39577744	27.871	solcap_snp_c1_11338	SNP	direct_spuddb_dm_v6_1	SolCAP SNP exact non-multimap position from SpudDB DM v6.1	1	1	27.871	solcap_snp_c1_11338	SNP	direct_spuddb_dm_v6_1	27.871	27.871	27.871	0.0	27.871	solcap_snp_c1_11338	SNP	direct_spuddb_dm_v6_1
3	41027995	30.501	PM0442	repeat_region	cigar_liftover_v403_to_v61	TableS4 marker lifted from PGSC/DM v4.03 to DM v6.1 using minimap2 PAF cg:Z CIGAR	1	1	30.501	PM0442	repeat_region	cigar_liftover_v403_to_v61	30.501	30.501	30.501	0.0	30.501	PM0442	repeat_region	cigar_liftover_v403_to_v61
3	41247283	35.853	solcap_snp_c1_6856	SNP	direct_spuddb_dm_v6_1	SolCAP SNP exact non-multimap position from SpudDB DM v6.1	1	1	35.853	solcap_snp_c1_6856	SNP	direct_spuddb_dm_v6_1	35.853	35.853	35.853	0.0	35.853	solcap_snp_c1_6856	SNP	direct_spuddb_dm_v6_1
3	44060650	40.788	solcap_snp_c1_6307	SNP	direct_spuddb_dm_v6_1	SolCAP SNP exact non-multimap position from SpudDB DM v6.1	1	1	40.788	solcap_snp_c1_6307	SNP	direct_spuddb_dm_v6_1	40.788	40.788	40.788	0.0	40.788	solcap_snp_c1_6307	SNP	direct_spuddb_dm_v6_1
3	45536119	40.742	toPt-437061	DArT_marker	cigar_liftover_v403_to_v61	TableS4 marker lifted from PGSC/DM v4.03 to DM v6.1 using minimap2 PAF cg:Z CIGAR	1	1	40.742	toPt-437061	DArT_marker	cigar_liftover_v403_to_v61	40.742	40.742	40.742	0.0	40.742	toPt-437061	DArT_marker	cigar_liftover_v403_to_v61
3	45681640	40.739	pPt-473188	DArT_marker	cigar_liftover_v403_to_v61	TableS4 marker lifted from PGSC/DM v4.03 to DM v6.1 using minimap2 PAF cg:Z CIGAR	7	1	40.739	pPt-473188	DArT_marker	cigar_liftover_v403_to_v61	40.739	40.739	40.739	0.0	40.739,40.739,40.739,40.739,40.739,40.739,40.739	pPt-473188,pPt-559455,pPt-650595,pPt-651391,pPt-651596,pPt-652569,pPt-653732	DArT_marker	cigar_liftover_v403_to_v61
3	46014559	41.146	PM0153	repeat_region	cigar_liftover_v403_to_v61	TableS4 marker lifted from PGSC/DM v4.03 to DM v6.1 using minimap2 PAF cg:Z CIGAR	1	1	41.146	PM0153	repeat_region	cigar_liftover_v403_to_v61	41.146	41.146	41.146	0.0	41.146	PM0153	repeat_region	cigar_liftover_v403_to_v61
3	47802793	40.788	solcap_snp_c1_6387	SNP	direct_spuddb_dm_v6_1	SolCAP SNP exact non-multimap position from SpudDB DM v6.1	1	1	40.788	solcap_snp_c1_6387	SNP	direct_spuddb_dm_v6_1	40.788	40.788	40.788	0.0	40.788	solcap_snp_c1_6387	SNP	direct_spuddb_dm_v6_1
3	49544130	42.759	pPt-539261	DArT_marker	cigar_liftover_v403_to_v61	TableS4 marker lifted from PGSC/DM v4.03 to DM v6.1 using minimap2 PAF cg:Z CIGAR	1	1	42.759	pPt-539261	DArT_marker	cigar_liftover_v403_to_v61	42.759	42.759	42.759	0.0	42.759	pPt-539261	DArT_marker	cigar_liftover_v403_to_v61
3	49974935	40.166	pPt-651011	DArT_marker	cigar_liftover_v403_to_v61	TableS4 marker lifted from PGSC/DM v4.03 to DM v6.1 using minimap2 PAF cg:Z CIGAR	1	1	40.166	pPt-651011	DArT_marker	cigar_liftover_v403_to_v61	40.166	40.166	40.166	0.0	40.166	pPt-651011	DArT_marker	cigar_liftover_v403_to_v61
3	50132450	40.982	pPt-537894	DArT_marker	cigar_liftover_v403_to_v61	TableS4 marker lifted from PGSC/DM v4.03 to DM v6.1 using minimap2 PAF cg:Z CIGAR	8	6	40.982	pPt-537894	DArT_marker	cigar_liftover_v403_to_v61	40.982	41.0195	41.925	0.9429999999999978	40.982,41.009,41.014,41.015,41.024,41.024,41.024,41.925	pPt-473680,pPt-534220,pPt-535689,pPt-537401,pPt-537894,pPt-655514,pPt-657192,toPt-437030	DArT_marker	cigar_liftover_v403_to_v61
3	50132471	41.024	pPt-655189	DArT_marker	cigar_liftover_v403_to_v61	TableS4 marker lifted from PGSC/DM v4.03 to DM v6.1 using minimap2 PAF cg:Z CIGAR	1	1	41.024	pPt-655189	DArT_marker	cigar_liftover_v403_to_v61	41.024	41.024	41.024	0.0	41.024	pPt-655189	DArT_marker	cigar_liftover_v403_to_v61
3	50133108	41.024	pPt-537817	DArT_marker	cigar_liftover_v403_to_v61	TableS4 marker lifted from PGSC/DM v4.03 to DM v6.1 using minimap2 PAF cg:Z CIGAR	1	1	41.024	pPt-537817	DArT_marker	cigar_liftover_v403_to_v61	41.024	41.024	41.024	0.0	41.024	pPt-537817	DArT_marker	cigar_liftover_v403_to_v61
3	50277811	42.086	pPt-536347	DArT_marker	cigar_liftover_v403_to_v61	TableS4 marker lifted from PGSC/DM v4.03 to DM v6.1 using minimap2 PAF cg:Z CIGAR	5	2	42.086	pPt-536347	DArT_marker	cigar_liftover_v403_to_v61	42.086	42.987	42.987	0.9010000000000034	42.086,42.987,42.987,42.987,42.987	pPt-472721,pPt-535581,pPt-536347,pPt-536452,pPt-559412	DArT_marker	cigar_liftover_v403_to_v61
3	51716524	49.929	solcap_snp_c1_4565	SNP	direct_spuddb_dm_v6_1	SolCAP SNP exact non-multimap position from SpudDB DM v6.1	1	1	49.929	solcap_snp_c1_4565	SNP	direct_spuddb_dm_v6_1	49.929	49.929	49.929	0.0	49.929	solcap_snp_c1_4565	SNP	direct_spuddb_dm_v6_1
3	52547092	50.086	pPt-538396	DArT_marker	cigar_liftover_v403_to_v61	TableS4 marker lifted from PGSC/DM v4.03 to DM v6.1 using minimap2 PAF cg:Z CIGAR	2	2	50.086	pPt-538396	DArT_marker	cigar_liftover_v403_to_v61	50.086	50.182	50.278	0.19200000000000017	50.086,50.278	pPt-471162,pPt-538396	DArT_marker	cigar_liftover_v403_to_v61
3	52594978	61.505	solcap_snp_c1_14158	SNP	direct_spuddb_dm_v6_1	SolCAP SNP exact non-multimap position from SpudDB DM v6.1	1	1	61.505	solcap_snp_c1_14158	SNP	direct_spuddb_dm_v6_1	61.505	61.505	61.505	0.0	61.505	solcap_snp_c1_14158	SNP	direct_spuddb_dm_v6_1
3	52661197	60.637	MICRO.8012.C1_335	match	cigar_liftover_v403_to_v61	TableS4 marker lifted from PGSC/DM v4.03 to DM v6.1 using minimap2 PAF cg:Z CIGAR	1	1	60.637	MICRO.8012.C1_335	match	cigar_liftover_v403_to_v61	60.637	60.637	60.637	0.0	60.637	MICRO.8012.C1_335	match	cigar_liftover_v403_to_v61
3	52713842	60.839	solcap_snp_c1_14161	SNP	direct_spuddb_dm_v6_1	SolCAP SNP exact non-multimap position from SpudDB DM v6.1	1	1	60.839	solcap_snp_c1_14161	SNP	direct_spuddb_dm_v6_1	60.839	60.839	60.839	0.0	60.839	solcap_snp_c1_14161	SNP	direct_spuddb_dm_v6_1
3	52945574	60.345	MICRO.8582.C1_613	match	cigar_liftover_v403_to_v61	TableS4 marker lifted from PGSC/DM v4.03 to DM v6.1 using minimap2 PAF cg:Z CIGAR	1	1	60.345	MICRO.8582.C1_613	match	cigar_liftover_v403_to_v61	60.345	60.345	60.345	0.0	60.345	MICRO.8582.C1_613	match	cigar_liftover_v403_to_v61
3	53054120	62.36	solcap_snp_c1_7093	SNP	direct_spuddb_dm_v6_1	SolCAP SNP exact non-multimap position from SpudDB DM v6.1	1	1	62.36	solcap_snp_c1_7093	SNP	direct_spuddb_dm_v6_1	62.36	62.36	62.36	0.0	62.36	solcap_snp_c1_7093	SNP	direct_spuddb_dm_v6_1
3	53120835	62.141	st_6851	repeat_region	cigar_liftover_v403_to_v61	TableS4 marker lifted from PGSC/DM v4.03 to DM v6.1 using minimap2 PAF cg:Z CIGAR	1	1	62.141	st_6851	repeat_region	cigar_liftover_v403_to_v61	62.141	62.141	62.141	0.0	62.141	st_6851	repeat_region	cigar_liftover_v403_to_v61
3	54206466	58.868	pPt-656781	DArT_marker	cigar_liftover_v403_to_v61	TableS4 marker lifted from PGSC/DM v4.03 to DM v6.1 using minimap2 PAF cg:Z CIGAR	1	1	58.868	pPt-656781	DArT_marker	cigar_liftover_v403_to_v61	58.868	58.868	58.868	0.0	58.868	pPt-656781	DArT_marker	cigar_liftover_v403_to_v61
3	54206470	58.794	pPt-655434	DArT_marker	cigar_liftover_v403_to_v61	TableS4 marker lifted from PGSC/DM v4.03 to DM v6.1 using minimap2 PAF cg:Z CIGAR	18	4	58.794	pPt-655434	DArT_marker	cigar_liftover_v403_to_v61	58.794	58.868	58.868	0.07400000000000517	58.794,58.818,58.861,58.868,58.868,58.868,58.868,58.868,58.868,58.868,58.868,58.868,58.868,58.868,58.868,58.868,58.868,58.868	pPt-456937,pPt-458742,pPt-458822,pPt-459091,pPt-534669,pPt-536239,pPt-536431,pPt-537344,pPt-537355,pPt-537746,pPt-540316,pPt-552745,pPt-559022,pPt-654669,pPt-655434,pPt-655586,pPt-655879,pPt-656568	DArT_marker	cigar_liftover_v403_to_v61
3	54206473	58.868	pPt-534739	DArT_marker	cigar_liftover_v403_to_v61	TableS4 marker lifted from PGSC/DM v4.03 to DM v6.1 using minimap2 PAF cg:Z CIGAR	1	1	58.868	pPt-534739	DArT_marker	cigar_liftover_v403_to_v61	58.868	58.868	58.868	0.0	58.868	pPt-534739	DArT_marker	cigar_liftover_v403_to_v61
3	54206642	58.827	toPt-438413	DArT_marker	cigar_liftover_v403_to_v61	TableS4 marker lifted from PGSC/DM v4.03 to DM v6.1 using minimap2 PAF cg:Z CIGAR	1	1	58.827	toPt-438413	DArT_marker	cigar_liftover_v403_to_v61	58.827	58.827	58.827	0.0	58.827	toPt-438413	DArT_marker	cigar_liftover_v403_to_v61
3	55719577	75.374	pPt-540141	DArT_marker	cigar_liftover_v403_to_v61	TableS4 marker lifted from PGSC/DM v4.03 to DM v6.1 using minimap2 PAF cg:Z CIGAR	1	1	75.374	pPt-540141	DArT_marker	cigar_liftover_v403_to_v61	75.374	75.374	75.374	0.0	75.374	pPt-540141	DArT_marker	cigar_liftover_v403_to_v61
3	55741820	75.418	PM0022	repeat_region	cigar_liftover_v403_to_v61	TableS4 marker lifted from PGSC/DM v4.03 to DM v6.1 using minimap2 PAF cg:Z CIGAR	1	1	75.418	PM0022	repeat_region	cigar_liftover_v403_to_v61	75.418	75.418	75.418	0.0	75.418	PM0022	repeat_region	cigar_liftover_v403_to_v61
3	55788821	74.668	STM5115	repeat_region	cigar_liftover_v403_to_v61	TableS4 marker lifted from PGSC/DM v4.03 to DM v6.1 using minimap2 PAF cg:Z CIGAR	1	1	74.668	STM5115	repeat_region	cigar_liftover_v403_to_v61	74.668	74.668	74.668	0.0	74.668	STM5115	repeat_region	cigar_liftover_v403_to_v61
3	56160724	69.526	pPt-651952	DArT_marker	cigar_liftover_v403_to_v61	TableS4 marker lifted from PGSC/DM v4.03 to DM v6.1 using minimap2 PAF cg:Z CIGAR	1	1	69.526	pPt-651952	DArT_marker	cigar_liftover_v403_to_v61	69.526	69.526	69.526	0.0	69.526	pPt-651952	DArT_marker	cigar_liftover_v403_to_v61
3	56239009	69.368	pPt-473898	DArT_marker	cigar_liftover_v403_to_v61	TableS4 marker lifted from PGSC/DM v4.03 to DM v6.1 using minimap2 PAF cg:Z CIGAR	3	2	69.368	pPt-473898	DArT_marker	cigar_liftover_v403_to_v61	69.368	69.526	69.526	0.15800000000000125	69.368,69.526,69.526	pPt-473898,pPt-538681,pPt-653762	DArT_marker	cigar_liftover_v403_to_v61
3	56427199	69.398	solcap_snp_c1_86	SNP	direct_spuddb_dm_v6_1	SolCAP SNP exact non-multimap position from SpudDB DM v6.1	1	1	69.398	solcap_snp_c1_86	SNP	direct_spuddb_dm_v6_1	69.398	69.398	69.398	0.0	69.398	solcap_snp_c1_86	SNP	direct_spuddb_dm_v6_1
3	56912914	71.847	solcap_snp_c1_59	SNP	direct_spuddb_dm_v6_1	SolCAP SNP exact non-multimap position from SpudDB DM v6.1	1	1	71.847	solcap_snp_c1_59	SNP	direct_spuddb_dm_v6_1	71.847	71.847	71.847	0.0	71.847	solcap_snp_c1_59	SNP	direct_spuddb_dm_v6_1
3	57127483	71.2	solcap_snp_c1_27	SNP	direct_spuddb_dm_v6_1	SolCAP SNP exact non-multimap position from SpudDB DM v6.1	1	1	71.2	solcap_snp_c1_27	SNP	direct_spuddb_dm_v6_1	71.2	71.2	71.2	0.0	71.2	solcap_snp_c1_27	SNP	direct_spuddb_dm_v6_1
3	57226145	71.591	pPt-535097	DArT_marker	cigar_liftover_v403_to_v61	TableS4 marker lifted from PGSC/DM v4.03 to DM v6.1 using minimap2 PAF cg:Z CIGAR	6	4	71.591	pPt-535097	DArT_marker	cigar_liftover_v403_to_v61	71.591	71.623	73.737	2.146000000000001	71.591,71.591,71.623,71.623,71.925,73.737	pPt-473975,pPt-533737,pPt-534133,pPt-535097,pPt-657322,toPt-439424	DArT_marker	cigar_liftover_v403_to_v61
3	57226214	71.601	toPt-439697	DArT_marker	cigar_liftover_v403_to_v61	TableS4 marker lifted from PGSC/DM v4.03 to DM v6.1 using minimap2 PAF cg:Z CIGAR	3	3	71.601	toPt-439697	DArT_marker	cigar_liftover_v403_to_v61	71.601	71.626	73.093	1.4920000000000044	71.601,71.626,73.093	toPt-439572,toPt-439697,toPt-439764	DArT_marker	cigar_liftover_v403_to_v61
3	57325451	70.154	pPt-657473	DArT_marker	cigar_liftover_v403_to_v61	TableS4 marker lifted from PGSC/DM v4.03 to DM v6.1 using minimap2 PAF cg:Z CIGAR	4	3	70.154	pPt-657473	DArT_marker	cigar_liftover_v403_to_v61	70.154	71.598	71.623	1.4690000000000083	70.154,71.573,71.623,71.623	pPt-473465,pPt-653616,pPt-657007,pPt-657473	DArT_marker	cigar_liftover_v403_to_v61
3	57325471	71.382	toPt-440042	DArT_marker	cigar_liftover_v403_to_v61	TableS4 marker lifted from PGSC/DM v4.03 to DM v6.1 using minimap2 PAF cg:Z CIGAR	3	3	71.382	toPt-440042	DArT_marker	cigar_liftover_v403_to_v61	71.382	71.45	71.598	0.21599999999999397	71.382,71.45,71.598	toPt-437008,toPt-439604,toPt-440042	DArT_marker	cigar_liftover_v403_to_v61
3	57326019	71.514	solcap_snp_c1_155	SNP	direct_spuddb_dm_v6_1	SolCAP SNP exact non-multimap position from SpudDB DM v6.1	1	1	71.514	solcap_snp_c1_155	SNP	direct_spuddb_dm_v6_1	71.514	71.514	71.514	0.0	71.514	solcap_snp_c1_155	SNP	direct_spuddb_dm_v6_1
3	57408932	71.008	solcap_snp_c1_152	SNP	direct_spuddb_dm_v6_1	SolCAP SNP exact non-multimap position from SpudDB DM v6.1	1	1	71.008	solcap_snp_c1_152	SNP	direct_spuddb_dm_v6_1	71.008	71.008	71.008	0.0	71.008	solcap_snp_c1_152	SNP	direct_spuddb_dm_v6_1
3	57560149	71.278	solcap_snp_c1_137	SNP	direct_spuddb_dm_v6_1	SolCAP SNP exact non-multimap position from SpudDB DM v6.1	1	1	71.278	solcap_snp_c1_137	SNP	direct_spuddb_dm_v6_1	71.278	71.278	71.278	0.0	71.278	solcap_snp_c1_137	SNP	direct_spuddb_dm_v6_1
3	57691004	72.208	pPt-471961	DArT_marker	cigar_liftover_v403_to_v61	TableS4 marker lifted from PGSC/DM v4.03 to DM v6.1 using minimap2 PAF cg:Z CIGAR	4	2	72.208	pPt-471961	DArT_marker	cigar_liftover_v403_to_v61	72.208	72.208	72.212	0.0040000000000048885	72.208,72.208,72.208,72.212	pPt-471961,pPt-539409,pPt-540117,pPt-651828	DArT_marker	cigar_liftover_v403_to_v61
3	57780537	71.095	toPt-439349	DArT_marker	cigar_liftover_v403_to_v61	TableS4 marker lifted from PGSC/DM v4.03 to DM v6.1 using minimap2 PAF cg:Z CIGAR	13	6	71.095	toPt-439349	DArT_marker	cigar_liftover_v403_to_v61	71.095	72.208	72.217	1.1219999999999999	71.095,72.203,72.208,72.208,72.208,72.208,72.208,72.208,72.208,72.208,72.21,72.214,72.217	pPt-456510,pPt-458007,pPt-458254,pPt-471811,pPt-472007,pPt-651446,pPt-652423,pPt-654175,pPt-655476,pPt-656324,toPt-437382,toPt-439349,toPt-440447	DArT_marker	cigar_liftover_v403_to_v61
3	58908938	77.376	pPt-472006	DArT_marker	cigar_liftover_v403_to_v61	TableS4 marker lifted from PGSC/DM v4.03 to DM v6.1 using minimap2 PAF cg:Z CIGAR	1	1	77.376	pPt-472006	DArT_marker	cigar_liftover_v403_to_v61	77.376	77.376	77.376	0.0	77.376	pPt-472006	DArT_marker	cigar_liftover_v403_to_v61
3	59115146	89.435	pPt-458799	DArT_marker	cigar_liftover_v403_to_v61	TableS4 marker lifted from PGSC/DM v4.03 to DM v6.1 using minimap2 PAF cg:Z CIGAR	1	1	89.435	pPt-458799	DArT_marker	cigar_liftover_v403_to_v61	89.435	89.435	89.435	0.0	89.435	pPt-458799	DArT_marker	cigar_liftover_v403_to_v61
3	59115426	67.721	pPt-654031	DArT_marker	cigar_liftover_v403_to_v61	TableS4 marker lifted from PGSC/DM v4.03 to DM v6.1 using minimap2 PAF cg:Z CIGAR	5	2	67.721	pPt-654031	DArT_marker	cigar_liftover_v403_to_v61	67.721	67.722	67.722	0.000999999999990564	67.721,67.722,67.722,67.722,67.722	pPt-458962,pPt-652385,pPt-653916,pPt-654031,pPt-654716	DArT_marker	cigar_liftover_v403_to_v61
4	3604957	13.213	pPt-558903	DArT_marker	cigar_liftover_v403_to_v61	TableS4 marker lifted from PGSC/DM v4.03 to DM v6.1 using minimap2 PAF cg:Z CIGAR	1	1	13.213	pPt-558903	DArT_marker	cigar_liftover_v403_to_v61	13.213	13.213	13.213	0.0	13.213	pPt-558903	DArT_marker	cigar_liftover_v403_to_v61
4	3604958	13.213	pPt-652719	DArT_marker	cigar_liftover_v403_to_v61	TableS4 marker lifted from PGSC/DM v4.03 to DM v6.1 using minimap2 PAF cg:Z CIGAR	1	1	13.213	pPt-652719	DArT_marker	cigar_liftover_v403_to_v61	13.213	13.213	13.213	0.0	13.213	pPt-652719	DArT_marker	cigar_liftover_v403_to_v61
4	5758565	14.319	toPt-440837	DArT_marker	cigar_liftover_v403_to_v61	TableS4 marker lifted from PGSC/DM v4.03 to DM v6.1 using minimap2 PAF cg:Z CIGAR	6	2	14.319	toPt-440837	DArT_marker	cigar_liftover_v403_to_v61	14.319	14.584	14.584	0.2649999999999988	14.319,14.584,14.584,14.584,14.584,14.584	pPt-471876,pPt-535804,pPt-536148,pPt-552148,pPt-552669,toPt-440837	DArT_marker	cigar_liftover_v403_to_v61
4	5985321	11.354	pPt-654865	DArT_marker	cigar_liftover_v403_to_v61	TableS4 marker lifted from PGSC/DM v4.03 to DM v6.1 using minimap2 PAF cg:Z CIGAR	1	1	11.354	pPt-654865	DArT_marker	cigar_liftover_v403_to_v61	11.354	11.354	11.354	0.0	11.354	pPt-654865	DArT_marker	cigar_liftover_v403_to_v61
4	6088928	15.765	toPt-437441	DArT_marker	cigar_liftover_v403_to_v61	TableS4 marker lifted from PGSC/DM v4.03 to DM v6.1 using minimap2 PAF cg:Z CIGAR	6	4	15.765	toPt-437441	DArT_marker	cigar_liftover_v403_to_v61	15.765	15.781	15.811	0.045999999999999375	15.765,15.781,15.781,15.781,15.789,15.811	pPt-456699,pPt-473111,pPt-538780,toPt-437441,toPt-437452,toPt-437673	DArT_marker	cigar_liftover_v403_to_v61
4	6433647	25.755	CTG237LGIV	match	cigar_liftover_v403_to_v61	TableS4 marker lifted from PGSC/DM v4.03 to DM v6.1 using minimap2 PAF cg:Z CIGAR	1	1	25.755	CTG237LGIV	match	cigar_liftover_v403_to_v61	25.755	25.755	25.755	0.0	25.755	CTG237LGIV	match	cigar_liftover_v403_to_v61
4	7094613	19.481	solcap_snp_c1_3745	SNP	direct_spuddb_dm_v6_1	SolCAP SNP exact non-multimap position from SpudDB DM v6.1	1	1	19.481	solcap_snp_c1_3745	SNP	direct_spuddb_dm_v6_1	19.481	19.481	19.481	0.0	19.481	solcap_snp_c1_3745	SNP	direct_spuddb_dm_v6_1
4	7127130	19.381	solcap_snp_c1_3731	SNP	direct_spuddb_dm_v6_1	SolCAP SNP exact non-multimap position from SpudDB DM v6.1	1	1	19.381	solcap_snp_c1_3731	SNP	direct_spuddb_dm_v6_1	19.381	19.381	19.381	0.0	19.381	solcap_snp_c1_3731	SNP	direct_spuddb_dm_v6_1
4	7824438	28.251	solcap_snp_c1_3704	SNP	direct_spuddb_dm_v6_1	SolCAP SNP exact non-multimap position from SpudDB DM v6.1	1	1	28.251	solcap_snp_c1_3704	SNP	direct_spuddb_dm_v6_1	28.251	28.251	28.251	0.0	28.251	solcap_snp_c1_3704	SNP	direct_spuddb_dm_v6_1
4	8195239	20.794	solcap_snp_c1_14449	SNP	direct_spuddb_dm_v6_1	SolCAP SNP exact non-multimap position from SpudDB DM v6.1	1	1	20.794	solcap_snp_c1_14449	SNP	direct_spuddb_dm_v6_1	20.794	20.794	20.794	0.0	20.794	solcap_snp_c1_14449	SNP	direct_spuddb_dm_v6_1
4	8703882	22.411	solcap_snp_c1_11722	SNP	direct_spuddb_dm_v6_1	SolCAP SNP exact non-multimap position from SpudDB DM v6.1	1	1	22.411	solcap_snp_c1_11722	SNP	direct_spuddb_dm_v6_1	22.411	22.411	22.411	0.0	22.411	solcap_snp_c1_11722	SNP	direct_spuddb_dm_v6_1
4	8910901	21.903	MICRO.4670.C1_254	match	cigar_liftover_v403_to_v61	TableS4 marker lifted from PGSC/DM v4.03 to DM v6.1 using minimap2 PAF cg:Z CIGAR	1	1	21.903	MICRO.4670.C1_254	match	cigar_liftover_v403_to_v61	21.903	21.903	21.903	0.0	21.903	MICRO.4670.C1_254	match	cigar_liftover_v403_to_v61
4	10586974	26.401	solcap_snp_c1_8343	SNP	direct_spuddb_dm_v6_1	SolCAP SNP exact non-multimap position from SpudDB DM v6.1	1	1	26.401	solcap_snp_c1_8343	SNP	direct_spuddb_dm_v6_1	26.401	26.401	26.401	0.0	26.401	solcap_snp_c1_8343	SNP	direct_spuddb_dm_v6_1
4	10723513	33.524	pPt-652727	DArT_marker	cigar_liftover_v403_to_v61	TableS4 marker lifted from PGSC/DM v4.03 to DM v6.1 using minimap2 PAF cg:Z CIGAR	1	1	33.524	pPt-652727	DArT_marker	cigar_liftover_v403_to_v61	33.524	33.524	33.524	0.0	33.524	pPt-652727	DArT_marker	cigar_liftover_v403_to_v61
4	11091062	26.59	pPt-472050	DArT_marker	cigar_liftover_v403_to_v61	TableS4 marker lifted from PGSC/DM v4.03 to DM v6.1 using minimap2 PAF cg:Z CIGAR	1	1	26.59	pPt-472050	DArT_marker	cigar_liftover_v403_to_v61	26.59	26.59	26.59	0.0	26.59	pPt-472050	DArT_marker	cigar_liftover_v403_to_v61
4	11114394	27.895	STM5140	repeat_region	cigar_liftover_v403_to_v61	TableS4 marker lifted from PGSC/DM v4.03 to DM v6.1 using minimap2 PAF cg:Z CIGAR	1	1	27.895	STM5140	repeat_region	cigar_liftover_v403_to_v61	27.895	27.895	27.895	0.0	27.895	STM5140	repeat_region	cigar_liftover_v403_to_v61
4	12318153	30.848	MICRO.592.C12_920	match	cigar_liftover_v403_to_v61	TableS4 marker lifted from PGSC/DM v4.03 to DM v6.1 using minimap2 PAF cg:Z CIGAR	1	1	30.848	MICRO.592.C12_920	match	cigar_liftover_v403_to_v61	30.848	30.848	30.848	0.0	30.848	MICRO.592.C12_920	match	cigar_liftover_v403_to_v61
4	12347963	30.875	solcap_snp_c1_11133	SNP	direct_spuddb_dm_v6_1	SolCAP SNP exact non-multimap position from SpudDB DM v6.1	1	1	30.875	solcap_snp_c1_11133	SNP	direct_spuddb_dm_v6_1	30.875	30.875	30.875	0.0	30.875	solcap_snp_c1_11133	SNP	direct_spuddb_dm_v6_1
4	12644502	38.503	solcap_snp_c1_11135	SNP	direct_spuddb_dm_v6_1	SolCAP SNP exact non-multimap position from SpudDB DM v6.1	1	1	38.503	solcap_snp_c1_11135	SNP	direct_spuddb_dm_v6_1	38.503	38.503	38.503	0.0	38.503	solcap_snp_c1_11135	SNP	direct_spuddb_dm_v6_1
4	15552387	35.851	PM0529	repeat_region	cigar_liftover_v403_to_v61	TableS4 marker lifted from PGSC/DM v4.03 to DM v6.1 using minimap2 PAF cg:Z CIGAR	1	1	35.851	PM0529	repeat_region	cigar_liftover_v403_to_v61	35.851	35.851	35.851	0.0	35.851	PM0529	repeat_region	cigar_liftover_v403_to_v61
4	15719975	29.548	PM1316	repeat_region	cigar_liftover_v403_to_v61	TableS4 marker lifted from PGSC/DM v4.03 to DM v6.1 using minimap2 PAF cg:Z CIGAR	1	1	29.548	PM1316	repeat_region	cigar_liftover_v403_to_v61	29.548	29.548	29.548	0.0	29.548	PM1316	repeat_region	cigar_liftover_v403_to_v61
4	19302965	36.725	solcap_snp_c1_12827	SNP	direct_spuddb_dm_v6_1	SolCAP SNP exact non-multimap position from SpudDB DM v6.1	1	1	36.725	solcap_snp_c1_12827	SNP	direct_spuddb_dm_v6_1	36.725	36.725	36.725	0.0	36.725	solcap_snp_c1_12827	SNP	direct_spuddb_dm_v6_1
4	43447691	40.204	solcap_snp_c1_3442	SNP	direct_spuddb_dm_v6_1	SolCAP SNP exact non-multimap position from SpudDB DM v6.1	1	1	40.204	solcap_snp_c1_3442	SNP	direct_spuddb_dm_v6_1	40.204	40.204	40.204	0.0	40.204	solcap_snp_c1_3442	SNP	direct_spuddb_dm_v6_1
4	43525521	40.2	solcap_snp_c1_14569	SNP	direct_spuddb_dm_v6_1	SolCAP SNP exact non-multimap position from SpudDB DM v6.1	1	1	40.2	solcap_snp_c1_14569	SNP	direct_spuddb_dm_v6_1	40.2	40.2	40.2	0.0	40.2	solcap_snp_c1_14569	SNP	direct_spuddb_dm_v6_1
4	47263783	40.781	pPt-457515	DArT_marker	cigar_liftover_v403_to_v61	TableS4 marker lifted from PGSC/DM v4.03 to DM v6.1 using minimap2 PAF cg:Z CIGAR	1	1	40.781	pPt-457515	DArT_marker	cigar_liftover_v403_to_v61	40.781	40.781	40.781	0.0	40.781	pPt-457515	DArT_marker	cigar_liftover_v403_to_v61
4	47269331	40.831	solcap_snp_c1_5418	SNP	direct_spuddb_dm_v6_1	SolCAP SNP exact non-multimap position from SpudDB DM v6.1	1	1	40.831	solcap_snp_c1_5418	SNP	direct_spuddb_dm_v6_1	40.831	40.831	40.831	0.0	40.831	solcap_snp_c1_5418	SNP	direct_spuddb_dm_v6_1
4	48473968	42.561	pPt-559222	DArT_marker	cigar_liftover_v403_to_v61	TableS4 marker lifted from PGSC/DM v4.03 to DM v6.1 using minimap2 PAF cg:Z CIGAR	1	1	42.561	pPt-559222	DArT_marker	cigar_liftover_v403_to_v61	42.561	42.561	42.561	0.0	42.561	pPt-559222	DArT_marker	cigar_liftover_v403_to_v61
4	49914181	43.765	toPt-437326	DArT_marker	cigar_liftover_v403_to_v61	TableS4 marker lifted from PGSC/DM v4.03 to DM v6.1 using minimap2 PAF cg:Z CIGAR	1	1	43.765	toPt-437326	DArT_marker	cigar_liftover_v403_to_v61	43.765	43.765	43.765	0.0	43.765	toPt-437326	DArT_marker	cigar_liftover_v403_to_v61
4	49914261	43.76	pPt-457943	DArT_marker	cigar_liftover_v403_to_v61	TableS4 marker lifted from PGSC/DM v4.03 to DM v6.1 using minimap2 PAF cg:Z CIGAR	1	1	43.76	pPt-457943	DArT_marker	cigar_liftover_v403_to_v61	43.76	43.76	43.76	0.0	43.76	pPt-457943	DArT_marker	cigar_liftover_v403_to_v61
4	50227241	43.118	solcap_snp_c1_15760	SNP	direct_spuddb_dm_v6_1	SolCAP SNP exact non-multimap position from SpudDB DM v6.1	1	1	43.118	solcap_snp_c1_15760	SNP	direct_spuddb_dm_v6_1	43.118	43.118	43.118	0.0	43.118	solcap_snp_c1_15760	SNP	direct_spuddb_dm_v6_1
4	50674993	45.15	solcap_snp_c1_16295	SNP	direct_spuddb_dm_v6_1	SolCAP SNP exact non-multimap position from SpudDB DM v6.1	1	1	45.15	solcap_snp_c1_16295	SNP	direct_spuddb_dm_v6_1	45.15	45.15	45.15	0.0	45.15	solcap_snp_c1_16295	SNP	direct_spuddb_dm_v6_1
4	52541427	49.216	solcap_snp_c1_15986	SNP	direct_spuddb_dm_v6_1	SolCAP SNP exact non-multimap position from SpudDB DM v6.1	1	1	49.216	solcap_snp_c1_15986	SNP	direct_spuddb_dm_v6_1	49.216	49.216	49.216	0.0	49.216	solcap_snp_c1_15986	SNP	direct_spuddb_dm_v6_1
4	52773387	49.975	solcap_snp_c1_15877	SNP	direct_spuddb_dm_v6_1	SolCAP SNP exact non-multimap position from SpudDB DM v6.1	1	1	49.975	solcap_snp_c1_15877	SNP	direct_spuddb_dm_v6_1	49.975	49.975	49.975	0.0	49.975	solcap_snp_c1_15877	SNP	direct_spuddb_dm_v6_1
4	53560088	55.323	pPt-473312	DArT_marker	cigar_liftover_v403_to_v61	TableS4 marker lifted from PGSC/DM v4.03 to DM v6.1 using minimap2 PAF cg:Z CIGAR	1	1	55.323	pPt-473312	DArT_marker	cigar_liftover_v403_to_v61	55.323	55.323	55.323	0.0	55.323	pPt-473312	DArT_marker	cigar_liftover_v403_to_v61
4	55346958	50.792	pPt-473463	DArT_marker	cigar_liftover_v403_to_v61	TableS4 marker lifted from PGSC/DM v4.03 to DM v6.1 using minimap2 PAF cg:Z CIGAR	1	1	50.792	pPt-473463	DArT_marker	cigar_liftover_v403_to_v61	50.792	50.792	50.792	0.0	50.792	pPt-473463	DArT_marker	cigar_liftover_v403_to_v61
4	55620892	39.546	pPt-657518	DArT_marker	cigar_liftover_v403_to_v61	TableS4 marker lifted from PGSC/DM v4.03 to DM v6.1 using minimap2 PAF cg:Z CIGAR	1	1	39.546	pPt-657518	DArT_marker	cigar_liftover_v403_to_v61	39.546	39.546	39.546	0.0	39.546	pPt-657518	DArT_marker	cigar_liftover_v403_to_v61
4	55755503	52.693	MICRO.8127.C1_1918	match	cigar_liftover_v403_to_v61	TableS4 marker lifted from PGSC/DM v4.03 to DM v6.1 using minimap2 PAF cg:Z CIGAR	1	1	52.693	MICRO.8127.C1_1918	match	cigar_liftover_v403_to_v61	52.693	52.693	52.693	0.0	52.693	MICRO.8127.C1_1918	match	cigar_liftover_v403_to_v61
4	55814875	53.409	solcap_snp_c1_10454	SNP	direct_spuddb_dm_v6_1	SolCAP SNP exact non-multimap position from SpudDB DM v6.1	1	1	53.409	solcap_snp_c1_10454	SNP	direct_spuddb_dm_v6_1	53.409	53.409	53.409	0.0	53.409	solcap_snp_c1_10454	SNP	direct_spuddb_dm_v6_1
4	55864113	53.406	solcap_snp_c1_10441	SNP	direct_spuddb_dm_v6_1	SolCAP SNP exact non-multimap position from SpudDB DM v6.1	1	1	53.406	solcap_snp_c1_10441	SNP	direct_spuddb_dm_v6_1	53.406	53.406	53.406	0.0	53.406	solcap_snp_c1_10441	SNP	direct_spuddb_dm_v6_1
4	56199106	55.627	solcap_snp_c1_10453	SNP	direct_spuddb_dm_v6_1	SolCAP SNP exact non-multimap position from SpudDB DM v6.1	1	1	55.627	solcap_snp_c1_10453	SNP	direct_spuddb_dm_v6_1	55.627	55.627	55.627	0.0	55.627	solcap_snp_c1_10453	SNP	direct_spuddb_dm_v6_1
4	58823229	58.849	solcap_snp_c1_11352	SNP	direct_spuddb_dm_v6_1	SolCAP SNP exact non-multimap position from SpudDB DM v6.1	1	1	58.849	solcap_snp_c1_11352	SNP	direct_spuddb_dm_v6_1	58.849	58.849	58.849	0.0	58.849	solcap_snp_c1_11352	SNP	direct_spuddb_dm_v6_1
4	59195814	58.662	pPt-559556	DArT_marker	cigar_liftover_v403_to_v61	TableS4 marker lifted from PGSC/DM v4.03 to DM v6.1 using minimap2 PAF cg:Z CIGAR	1	1	58.662	pPt-559556	DArT_marker	cigar_liftover_v403_to_v61	58.662	58.662	58.662	0.0	58.662	pPt-559556	DArT_marker	cigar_liftover_v403_to_v61
4	59210384	58.819	pPt-471760	DArT_marker	cigar_liftover_v403_to_v61	TableS4 marker lifted from PGSC/DM v4.03 to DM v6.1 using minimap2 PAF cg:Z CIGAR	1	1	58.819	pPt-471760	DArT_marker	cigar_liftover_v403_to_v61	58.819	58.819	58.819	0.0	58.819	pPt-471760	DArT_marker	cigar_liftover_v403_to_v61
4	59210482	58.819	pPt-559203	DArT_marker	cigar_liftover_v403_to_v61	TableS4 marker lifted from PGSC/DM v4.03 to DM v6.1 using minimap2 PAF cg:Z CIGAR	1	1	58.819	pPt-559203	DArT_marker	cigar_liftover_v403_to_v61	58.819	58.819	58.819	0.0	58.819	pPt-559203	DArT_marker	cigar_liftover_v403_to_v61
4	60379241	64.567	solcap_snp_c1_9742	SNP	direct_spuddb_dm_v6_1	SolCAP SNP exact non-multimap position from SpudDB DM v6.1	1	1	64.567	solcap_snp_c1_9742	SNP	direct_spuddb_dm_v6_1	64.567	64.567	64.567	0.0	64.567	solcap_snp_c1_9742	SNP	direct_spuddb_dm_v6_1
4	60379368	64.968	MICRO.327.C2_896	match	cigar_liftover_v403_to_v61	TableS4 marker lifted from PGSC/DM v4.03 to DM v6.1 using minimap2 PAF cg:Z CIGAR	1	1	64.968	MICRO.327.C2_896	match	cigar_liftover_v403_to_v61	64.968	64.968	64.968	0.0	64.968	MICRO.327.C2_896	match	cigar_liftover_v403_to_v61
4	61042106	62.407	solcap_snp_c1_11669	SNP	direct_spuddb_dm_v6_1	SolCAP SNP exact non-multimap position from SpudDB DM v6.1	1	1	62.407	solcap_snp_c1_11669	SNP	direct_spuddb_dm_v6_1	62.407	62.407	62.407	0.0	62.407	solcap_snp_c1_11669	SNP	direct_spuddb_dm_v6_1
4	61195999	62.959	solcap_snp_c1_11679	SNP	direct_spuddb_dm_v6_1	SolCAP SNP exact non-multimap position from SpudDB DM v6.1	1	1	62.959	solcap_snp_c1_11679	SNP	direct_spuddb_dm_v6_1	62.959	62.959	62.959	0.0	62.959	solcap_snp_c1_11679	SNP	direct_spuddb_dm_v6_1
4	62391020	69.8	solcap_snp_c1_6748	SNP	direct_spuddb_dm_v6_1	SolCAP SNP exact non-multimap position from SpudDB DM v6.1	1	1	69.8	solcap_snp_c1_6748	SNP	direct_spuddb_dm_v6_1	69.8	69.8	69.8	0.0	69.8	solcap_snp_c1_6748	SNP	direct_spuddb_dm_v6_1
4	63428072	75.44	solcap_snp_c1_8332	SNP	direct_spuddb_dm_v6_1	SolCAP SNP exact non-multimap position from SpudDB DM v6.1	1	1	75.44	solcap_snp_c1_8332	SNP	direct_spuddb_dm_v6_1	75.44	75.44	75.44	0.0	75.44	solcap_snp_c1_8332	SNP	direct_spuddb_dm_v6_1
4	64032193	75.766	solcap_snp_c1_13165	SNP	direct_spuddb_dm_v6_1	SolCAP SNP exact non-multimap position from SpudDB DM v6.1	1	1	75.766	solcap_snp_c1_13165	SNP	direct_spuddb_dm_v6_1	75.766	75.766	75.766	0.0	75.766	solcap_snp_c1_13165	SNP	direct_spuddb_dm_v6_1
4	64477959	78.714	solcap_snp_c1_9618	SNP	direct_spuddb_dm_v6_1	SolCAP SNP exact non-multimap position from SpudDB DM v6.1	1	1	78.714	solcap_snp_c1_9618	SNP	direct_spuddb_dm_v6_1	78.714	78.714	78.714	0.0	78.714	solcap_snp_c1_9618	SNP	direct_spuddb_dm_v6_1
4	64598435	79.5	solcap_snp_c1_15844	SNP	direct_spuddb_dm_v6_1	SolCAP SNP exact non-multimap position from SpudDB DM v6.1	1	1	79.5	solcap_snp_c1_15844	SNP	direct_spuddb_dm_v6_1	79.5	79.5	79.5	0.0	79.5	solcap_snp_c1_15844	SNP	direct_spuddb_dm_v6_1
4	64846870	79.5	solcap_snp_c1_16389	SNP	direct_spuddb_dm_v6_1	SolCAP SNP exact non-multimap position from SpudDB DM v6.1	1	1	79.5	solcap_snp_c1_16389	SNP	direct_spuddb_dm_v6_1	79.5	79.5	79.5	0.0	79.5	solcap_snp_c1_16389	SNP	direct_spuddb_dm_v6_1
4	65177035	83.886	solcap_snp_c1_10413	SNP	direct_spuddb_dm_v6_1	SolCAP SNP exact non-multimap position from SpudDB DM v6.1	1	1	83.886	solcap_snp_c1_10413	SNP	direct_spuddb_dm_v6_1	83.886	83.886	83.886	0.0	83.886	solcap_snp_c1_10413	SNP	direct_spuddb_dm_v6_1
4	65204794	84.544	pPt-471982	DArT_marker	cigar_liftover_v403_to_v61	TableS4 marker lifted from PGSC/DM v4.03 to DM v6.1 using minimap2 PAF cg:Z CIGAR	2	1	84.544	pPt-471982	DArT_marker	cigar_liftover_v403_to_v61	84.544	84.544	84.544	0.0	84.544,84.544	pPt-471982,pPt-656860	DArT_marker	cigar_liftover_v403_to_v61
4	65513708	84.498	solcap_snp_c1_3168	SNP	direct_spuddb_dm_v6_1	SolCAP SNP exact non-multimap position from SpudDB DM v6.1	1	1	84.498	solcap_snp_c1_3168	SNP	direct_spuddb_dm_v6_1	84.498	84.498	84.498	0.0	84.498	solcap_snp_c1_3168	SNP	direct_spuddb_dm_v6_1
4	65797678	82.372	solcap_snp_c1_13085	SNP	direct_spuddb_dm_v6_1	SolCAP SNP exact non-multimap position from SpudDB DM v6.1	1	1	82.372	solcap_snp_c1_13085	SNP	direct_spuddb_dm_v6_1	82.372	82.372	82.372	0.0	82.372	solcap_snp_c1_13085	SNP	direct_spuddb_dm_v6_1
4	66123270	83.162	solcap_snp_c1_4180	SNP	direct_spuddb_dm_v6_1	SolCAP SNP exact non-multimap position from SpudDB DM v6.1	1	1	83.162	solcap_snp_c1_4180	SNP	direct_spuddb_dm_v6_1	83.162	83.162	83.162	0.0	83.162	solcap_snp_c1_4180	SNP	direct_spuddb_dm_v6_1
4	66783619	88.566	solcap_snp_c1_4111	SNP	direct_spuddb_dm_v6_1	SolCAP SNP exact non-multimap position from SpudDB DM v6.1	1	1	88.566	solcap_snp_c1_4111	SNP	direct_spuddb_dm_v6_1	88.566	88.566	88.566	0.0	88.566	solcap_snp_c1_4111	SNP	direct_spuddb_dm_v6_1
4	66814329	87.999	solcap_snp_c1_4179	SNP	direct_spuddb_dm_v6_1	SolCAP SNP exact non-multimap position from SpudDB DM v6.1	1	1	87.999	solcap_snp_c1_4179	SNP	direct_spuddb_dm_v6_1	87.999	87.999	87.999	0.0	87.999	solcap_snp_c1_4179	SNP	direct_spuddb_dm_v6_1
4	66981576	88.867	solcap_snp_c1_10207	SNP	direct_spuddb_dm_v6_1	SolCAP SNP exact non-multimap position from SpudDB DM v6.1	1	1	88.867	solcap_snp_c1_10207	SNP	direct_spuddb_dm_v6_1	88.867	88.867	88.867	0.0	88.867	solcap_snp_c1_10207	SNP	direct_spuddb_dm_v6_1
4	67014289	89.282	pPt-471909	DArT_marker	cigar_liftover_v403_to_v61	TableS4 marker lifted from PGSC/DM v4.03 to DM v6.1 using minimap2 PAF cg:Z CIGAR	1	1	89.282	pPt-471909	DArT_marker	cigar_liftover_v403_to_v61	89.282	89.282	89.282	0.0	89.282	pPt-471909	DArT_marker	cigar_liftover_v403_to_v61
4	67037168	88.718	solcap_snp_c1_10218	SNP	direct_spuddb_dm_v6_1	SolCAP SNP exact non-multimap position from SpudDB DM v6.1	1	1	88.718	solcap_snp_c1_10218	SNP	direct_spuddb_dm_v6_1	88.718	88.718	88.718	0.0	88.718	solcap_snp_c1_10218	SNP	direct_spuddb_dm_v6_1
4	67140935	89.649	pPt-458391	DArT_marker	cigar_liftover_v403_to_v61	TableS4 marker lifted from PGSC/DM v4.03 to DM v6.1 using minimap2 PAF cg:Z CIGAR	2	2	89.649	pPt-458391	DArT_marker	cigar_liftover_v403_to_v61	89.649	89.7525	89.856	0.20699999999999363	89.649,89.856	pPt-458171,pPt-458391	DArT_marker	cigar_liftover_v403_to_v61
4	67495185	91.066	pPt-457973	DArT_marker	cigar_liftover_v403_to_v61	TableS4 marker lifted from PGSC/DM v4.03 to DM v6.1 using minimap2 PAF cg:Z CIGAR	11	6	91.066	pPt-457973	DArT_marker	cigar_liftover_v403_to_v61	91.066	91.428	91.432	0.36599999999999966	91.066,91.373,91.396,91.396,91.396,91.428,91.428,91.428,91.43,91.43,91.432	pPt-456750,pPt-457379,pPt-457973,pPt-458062,pPt-471670,pPt-537599,pPt-537600,pPt-538094,pPt-539574,pPt-540321,pPt-655705	DArT_marker	cigar_liftover_v403_to_v61
4	67527578	91.264	solcap_snp_c1_13350	SNP	direct_spuddb_dm_v6_1	SolCAP SNP exact non-multimap position from SpudDB DM v6.1	1	1	91.264	solcap_snp_c1_13350	SNP	direct_spuddb_dm_v6_1	91.264	91.264	91.264	0.0	91.264	solcap_snp_c1_13350	SNP	direct_spuddb_dm_v6_1
4	67538822	90.601	solcap_snp_c1_10710	SNP	direct_spuddb_dm_v6_1	SolCAP SNP exact non-multimap position from SpudDB DM v6.1	1	1	90.601	solcap_snp_c1_10710	SNP	direct_spuddb_dm_v6_1	90.601	90.601	90.601	0.0	90.601	solcap_snp_c1_10710	SNP	direct_spuddb_dm_v6_1
4	67580640	90.981	solcap_snp_c1_10694	SNP	direct_spuddb_dm_v6_1	SolCAP SNP exact non-multimap position from SpudDB DM v6.1	1	1	90.981	solcap_snp_c1_10694	SNP	direct_spuddb_dm_v6_1	90.981	90.981	90.981	0.0	90.981	solcap_snp_c1_10694	SNP	direct_spuddb_dm_v6_1
4	67727483	92.321	pPt-651198	DArT_marker	cigar_liftover_v403_to_v61	TableS4 marker lifted from PGSC/DM v4.03 to DM v6.1 using minimap2 PAF cg:Z CIGAR	2	2	92.321	pPt-651198	DArT_marker	cigar_liftover_v403_to_v61	92.321	92.35	92.379	0.058000000000006935	92.321,92.379	pPt-457992,pPt-651198	DArT_marker	cigar_liftover_v403_to_v61
4	67782718	92.286	solcap_snp_c1_10675	SNP	direct_spuddb_dm_v6_1	SolCAP SNP exact non-multimap position from SpudDB DM v6.1	1	1	92.286	solcap_snp_c1_10675	SNP	direct_spuddb_dm_v6_1	92.286	92.286	92.286	0.0	92.286	solcap_snp_c1_10675	SNP	direct_spuddb_dm_v6_1
4	68140674	95.148	PM0436	repeat_region	cigar_liftover_v403_to_v61	TableS4 marker lifted from PGSC/DM v4.03 to DM v6.1 using minimap2 PAF cg:Z CIGAR	1	1	95.148	PM0436	repeat_region	cigar_liftover_v403_to_v61	95.148	95.148	95.148	0.0	95.148	PM0436	repeat_region	cigar_liftover_v403_to_v61
4	68210423	95.613	solcap_snp_c1_3567	SNP	direct_spuddb_dm_v6_1	SolCAP SNP exact non-multimap position from SpudDB DM v6.1	1	1	95.613	solcap_snp_c1_3567	SNP	direct_spuddb_dm_v6_1	95.613	95.613	95.613	0.0	95.613	solcap_snp_c1_3567	SNP	direct_spuddb_dm_v6_1
4	68365308	93.842	pPt-652167	DArT_marker	cigar_liftover_v403_to_v61	TableS4 marker lifted from PGSC/DM v4.03 to DM v6.1 using minimap2 PAF cg:Z CIGAR	1	1	93.842	pPt-652167	DArT_marker	cigar_liftover_v403_to_v61	93.842	93.842	93.842	0.0	93.842	pPt-652167	DArT_marker	cigar_liftover_v403_to_v61
4	68509887	96.133	solcap_snp_c1_3526	SNP	direct_spuddb_dm_v6_1	SolCAP SNP exact non-multimap position from SpudDB DM v6.1	1	1	96.133	solcap_snp_c1_3526	SNP	direct_spuddb_dm_v6_1	96.133	96.133	96.133	0.0	96.133	solcap_snp_c1_3526	SNP	direct_spuddb_dm_v6_1
4	68685699	98.99	pPt-538856	DArT_marker	cigar_liftover_v403_to_v61	TableS4 marker lifted from PGSC/DM v4.03 to DM v6.1 using minimap2 PAF cg:Z CIGAR	3	2	98.99	pPt-538856	DArT_marker	cigar_liftover_v403_to_v61	98.99	98.99	99.402	0.41200000000000614	98.99,98.99,99.402	pPt-538856,pPt-652745,toPt-438080	DArT_marker	cigar_liftover_v403_to_v61
4	68848251	98.338	pPt-458464	DArT_marker	cigar_liftover_v403_to_v61	TableS4 marker lifted from PGSC/DM v4.03 to DM v6.1 using minimap2 PAF cg:Z CIGAR	2	1	98.338	pPt-458464	DArT_marker	cigar_liftover_v403_to_v61	98.338	98.338	98.338	0.0	98.338,98.338	pPt-458464,pPt-649958	DArT_marker	cigar_liftover_v403_to_v61
4	68943378	99.734	solcap_snp_c1_3460	SNP	direct_spuddb_dm_v6_1	SolCAP SNP exact non-multimap position from SpudDB DM v6.1	1	1	99.734	solcap_snp_c1_3460	SNP	direct_spuddb_dm_v6_1	99.734	99.734	99.734	0.0	99.734	solcap_snp_c1_3460	SNP	direct_spuddb_dm_v6_1
5	475917	1.616	PM0427	repeat_region	cigar_liftover_v403_to_v61	TableS4 marker lifted from PGSC/DM v4.03 to DM v6.1 using minimap2 PAF cg:Z CIGAR	1	1	1.616	PM0427	repeat_region	cigar_liftover_v403_to_v61	1.616	1.616	1.616	0.0	1.616	PM0427	repeat_region	cigar_liftover_v403_to_v61
5	639346	2.77	pPt-655590	DArT_marker	cigar_liftover_v403_to_v61	TableS4 marker lifted from PGSC/DM v4.03 to DM v6.1 using minimap2 PAF cg:Z CIGAR	1	1	2.77	pPt-655590	DArT_marker	cigar_liftover_v403_to_v61	2.77	2.77	2.77	0.0	2.77	pPt-655590	DArT_marker	cigar_liftover_v403_to_v61
5	1135681	0.0	solcap_snp_c1_15684	SNP	direct_spuddb_dm_v6_1	SolCAP SNP exact non-multimap position from SpudDB DM v6.1	1	1	0.0	solcap_snp_c1_15684	SNP	direct_spuddb_dm_v6_1	0.0	0.0	0.0	0.0	0.0	solcap_snp_c1_15684	SNP	direct_spuddb_dm_v6_1
5	1270609	2.394	pPt-473439	DArT_marker	cigar_liftover_v403_to_v61	TableS4 marker lifted from PGSC/DM v4.03 to DM v6.1 using minimap2 PAF cg:Z CIGAR	6	3	2.394	pPt-473439	DArT_marker	cigar_liftover_v403_to_v61	2.394	2.533	2.533	0.1389999999999998	2.394,2.48,2.533,2.533,2.533,2.533	pPt-473439,pPt-654184,pPt-654447,pPt-654475,pPt-654593,pPt-657073	DArT_marker	cigar_liftover_v403_to_v61
5	2282813	7.183	pPt-472364	DArT_marker	cigar_liftover_v403_to_v61	TableS4 marker lifted from PGSC/DM v4.03 to DM v6.1 using minimap2 PAF cg:Z CIGAR	1	1	7.183	pPt-472364	DArT_marker	cigar_liftover_v403_to_v61	7.183	7.183	7.183	0.0	7.183	pPt-472364	DArT_marker	cigar_liftover_v403_to_v61
5	2282818	7.381	pPt-457354	DArT_marker	cigar_liftover_v403_to_v61	TableS4 marker lifted from PGSC/DM v4.03 to DM v6.1 using minimap2 PAF cg:Z CIGAR	1	1	7.381	pPt-457354	DArT_marker	cigar_liftover_v403_to_v61	7.381	7.381	7.381	0.0	7.381	pPt-457354	DArT_marker	cigar_liftover_v403_to_v61
5	2630849	8.294	PM0064	repeat_region	cigar_liftover_v403_to_v61	TableS4 marker lifted from PGSC/DM v4.03 to DM v6.1 using minimap2 PAF cg:Z CIGAR	1	1	8.294	PM0064	repeat_region	cigar_liftover_v403_to_v61	8.294	8.294	8.294	0.0	8.294	PM0064	repeat_region	cigar_liftover_v403_to_v61
5	4038758	13.686	pPt-456666	DArT_marker	cigar_liftover_v403_to_v61	TableS4 marker lifted from PGSC/DM v4.03 to DM v6.1 using minimap2 PAF cg:Z CIGAR	2	1	13.686	pPt-456666	DArT_marker	cigar_liftover_v403_to_v61	13.686	13.686	13.686	0.0	13.686,13.686	pPt-456666,pPt-457642	DArT_marker	cigar_liftover_v403_to_v61
5	4235715	15.191	PM0371	repeat_region	cigar_liftover_v403_to_v61	TableS4 marker lifted from PGSC/DM v4.03 to DM v6.1 using minimap2 PAF cg:Z CIGAR	1	1	15.191	PM0371	repeat_region	cigar_liftover_v403_to_v61	15.191	15.191	15.191	0.0	15.191	PM0371	repeat_region	cigar_liftover_v403_to_v61
5	4389823	14.666	solcap_snp_c1_7354	SNP	direct_spuddb_dm_v6_1	SolCAP SNP exact non-multimap position from SpudDB DM v6.1	1	1	14.666	solcap_snp_c1_7354	SNP	direct_spuddb_dm_v6_1	14.666	14.666	14.666	0.0	14.666	solcap_snp_c1_7354	SNP	direct_spuddb_dm_v6_1
5	4396977	15.341	Ctg498_265	match	cigar_liftover_v403_to_v61	TableS4 marker lifted from PGSC/DM v4.03 to DM v6.1 using minimap2 PAF cg:Z CIGAR	1	1	15.341	Ctg498_265	match	cigar_liftover_v403_to_v61	15.341	15.341	15.341	0.0	15.341	Ctg498_265	match	cigar_liftover_v403_to_v61
5	4728482	17.547	STI0032	repeat_region	cigar_liftover_v403_to_v61	TableS4 marker lifted from PGSC/DM v4.03 to DM v6.1 using minimap2 PAF cg:Z CIGAR	1	1	17.547	STI0032	repeat_region	cigar_liftover_v403_to_v61	17.547	17.547	17.547	0.0	17.547	STI0032	repeat_region	cigar_liftover_v403_to_v61
5	4881689	18.195	Ctg355_111	match	cigar_liftover_v403_to_v61	TableS4 marker lifted from PGSC/DM v4.03 to DM v6.1 using minimap2 PAF cg:Z CIGAR	1	1	18.195	Ctg355_111	match	cigar_liftover_v403_to_v61	18.195	18.195	18.195	0.0	18.195	Ctg355_111	match	cigar_liftover_v403_to_v61
5	7316844	25.697	solcap_snp_c1_15785	SNP	direct_spuddb_dm_v6_1	SolCAP SNP exact non-multimap position from SpudDB DM v6.1	1	1	25.697	solcap_snp_c1_15785	SNP	direct_spuddb_dm_v6_1	25.697	25.697	25.697	0.0	25.697	solcap_snp_c1_15785	SNP	direct_spuddb_dm_v6_1
5	7431667	25.559	pPt-459286	DArT_marker	cigar_liftover_v403_to_v61	TableS4 marker lifted from PGSC/DM v4.03 to DM v6.1 using minimap2 PAF cg:Z CIGAR	2	1	25.559	pPt-459286	DArT_marker	cigar_liftover_v403_to_v61	25.559	25.559	25.559	0.0	25.559,25.559	pPt-459286,pPt-474001	DArT_marker	cigar_liftover_v403_to_v61
5	7431822	25.855	toPt-440648	DArT_marker	cigar_liftover_v403_to_v61	TableS4 marker lifted from PGSC/DM v4.03 to DM v6.1 using minimap2 PAF cg:Z CIGAR	1	1	25.855	toPt-440648	DArT_marker	cigar_liftover_v403_to_v61	25.855	25.855	25.855	0.0	25.855	toPt-440648	DArT_marker	cigar_liftover_v403_to_v61
5	7432544	25.559	pPt-536549	DArT_marker	cigar_liftover_v403_to_v61	TableS4 marker lifted from PGSC/DM v4.03 to DM v6.1 using minimap2 PAF cg:Z CIGAR	3	1	25.559	pPt-536549	DArT_marker	cigar_liftover_v403_to_v61	25.559	25.559	25.559	0.0	25.559,25.559,25.559	pPt-536549,pPt-650675,pPt-654105	DArT_marker	cigar_liftover_v403_to_v61
5	7432643	25.559	pPt-656044	DArT_marker	cigar_liftover_v403_to_v61	TableS4 marker lifted from PGSC/DM v4.03 to DM v6.1 using minimap2 PAF cg:Z CIGAR	1	1	25.559	pPt-656044	DArT_marker	cigar_liftover_v403_to_v61	25.559	25.559	25.559	0.0	25.559	pPt-656044	DArT_marker	cigar_liftover_v403_to_v61
5	8024295	30.434	solcap_snp_c1_11256	SNP	direct_spuddb_dm_v6_1	SolCAP SNP exact non-multimap position from SpudDB DM v6.1	1	1	30.434	solcap_snp_c1_11256	SNP	direct_spuddb_dm_v6_1	30.434	30.434	30.434	0.0	30.434	solcap_snp_c1_11256	SNP	direct_spuddb_dm_v6_1
5	8024571	24.559	pPt-473272	DArT_marker	cigar_liftover_v403_to_v61	TableS4 marker lifted from PGSC/DM v4.03 to DM v6.1 using minimap2 PAF cg:Z CIGAR	1	1	24.559	pPt-473272	DArT_marker	cigar_liftover_v403_to_v61	24.559	24.559	24.559	0.0	24.559	pPt-473272	DArT_marker	cigar_liftover_v403_to_v61
5	8385142	29.911	solcap_snp_c1_11075	SNP	direct_spuddb_dm_v6_1	SolCAP SNP exact non-multimap position from SpudDB DM v6.1	1	1	29.911	solcap_snp_c1_11075	SNP	direct_spuddb_dm_v6_1	29.911	29.911	29.911	0.0	29.911	solcap_snp_c1_11075	SNP	direct_spuddb_dm_v6_1
5	8386983	30.081	solcap_snp_c1_11072	SNP	direct_spuddb_dm_v6_1	SolCAP SNP exact non-multimap position from SpudDB DM v6.1	1	1	30.081	solcap_snp_c1_11072	SNP	direct_spuddb_dm_v6_1	30.081	30.081	30.081	0.0	30.081	solcap_snp_c1_11072	SNP	direct_spuddb_dm_v6_1
5	8602330	30.653	solcap_snp_c1_11084	SNP	direct_spuddb_dm_v6_1	SolCAP SNP exact non-multimap position from SpudDB DM v6.1	1	1	30.653	solcap_snp_c1_11084	SNP	direct_spuddb_dm_v6_1	30.653	30.653	30.653	0.0	30.653	solcap_snp_c1_11084	SNP	direct_spuddb_dm_v6_1
5	9449720	21.774	pPt-651169	DArT_marker	cigar_liftover_v403_to_v61	TableS4 marker lifted from PGSC/DM v4.03 to DM v6.1 using minimap2 PAF cg:Z CIGAR	1	1	21.774	pPt-651169	DArT_marker	cigar_liftover_v403_to_v61	21.774	21.774	21.774	0.0	21.774	pPt-651169	DArT_marker	cigar_liftover_v403_to_v61
5	9449726	31.411	pPt-655308	DArT_marker	cigar_liftover_v403_to_v61	TableS4 marker lifted from PGSC/DM v4.03 to DM v6.1 using minimap2 PAF cg:Z CIGAR	1	1	31.411	pPt-655308	DArT_marker	cigar_liftover_v403_to_v61	31.411	31.411	31.411	0.0	31.411	pPt-655308	DArT_marker	cigar_liftover_v403_to_v61
5	9450228	34.87	pPt-651584	DArT_marker	cigar_liftover_v403_to_v61	TableS4 marker lifted from PGSC/DM v4.03 to DM v6.1 using minimap2 PAF cg:Z CIGAR	1	1	34.87	pPt-651584	DArT_marker	cigar_liftover_v403_to_v61	34.87	34.87	34.87	0.0	34.87	pPt-651584	DArT_marker	cigar_liftover_v403_to_v61
5	9567990	32.615	pPt-655797	DArT_marker	cigar_liftover_v403_to_v61	TableS4 marker lifted from PGSC/DM v4.03 to DM v6.1 using minimap2 PAF cg:Z CIGAR	1	1	32.615	pPt-655797	DArT_marker	cigar_liftover_v403_to_v61	32.615	32.615	32.615	0.0	32.615	pPt-655797	DArT_marker	cigar_liftover_v403_to_v61
5	9567992	32.552	pPt-655778	DArT_marker	cigar_liftover_v403_to_v61	TableS4 marker lifted from PGSC/DM v4.03 to DM v6.1 using minimap2 PAF cg:Z CIGAR	1	1	32.552	pPt-655778	DArT_marker	cigar_liftover_v403_to_v61	32.552	32.552	32.552	0.0	32.552	pPt-655778	DArT_marker	cigar_liftover_v403_to_v61
5	9628286	34.123	capPt-706997	DArT_marker	cigar_liftover_v403_to_v61	TableS4 marker lifted from PGSC/DM v4.03 to DM v6.1 using minimap2 PAF cg:Z CIGAR	1	1	34.123	capPt-706997	DArT_marker	cigar_liftover_v403_to_v61	34.123	34.123	34.123	0.0	34.123	capPt-706997	DArT_marker	cigar_liftover_v403_to_v61
5	10378317	35.517	capPt-706777	DArT_marker	cigar_liftover_v403_to_v61	TableS4 marker lifted from PGSC/DM v4.03 to DM v6.1 using minimap2 PAF cg:Z CIGAR	18	2	35.517	capPt-706777	DArT_marker	cigar_liftover_v403_to_v61	35.517	35.517	35.646	0.12899999999999778	35.517,35.517,35.517,35.517,35.517,35.517,35.517,35.517,35.517,35.517,35.517,35.517,35.517,35.517,35.517,35.517,35.517,35.646	capPt-706777,pPt-472225,pPt-473808,pPt-534484,pPt-535365,pPt-535534,pPt-535801,pPt-536553,pPt-539538,pPt-539560,pPt-539614,pPt-540087,pPt-540107,pPt-540214,pPt-540369,pPt-552033,pPt-650995,pPt-657122	DArT_marker	cigar_liftover_v403_to_v61
5	11180796	34.424	pPt-650026	DArT_marker	cigar_liftover_v403_to_v61	TableS4 marker lifted from PGSC/DM v4.03 to DM v6.1 using minimap2 PAF cg:Z CIGAR	1	1	34.424	pPt-650026	DArT_marker	cigar_liftover_v403_to_v61	34.424	34.424	34.424	0.0	34.424	pPt-650026	DArT_marker	cigar_liftover_v403_to_v61
5	11200619	38.474	st_19532	repeat_region	cigar_liftover_v403_to_v61	TableS4 marker lifted from PGSC/DM v4.03 to DM v6.1 using minimap2 PAF cg:Z CIGAR	1	1	38.474	st_19532	repeat_region	cigar_liftover_v403_to_v61	38.474	38.474	38.474	0.0	38.474	st_19532	repeat_region	cigar_liftover_v403_to_v61
5	14275791	40.25	PM0467	repeat_region	cigar_liftover_v403_to_v61	TableS4 marker lifted from PGSC/DM v4.03 to DM v6.1 using minimap2 PAF cg:Z CIGAR	1	1	40.25	PM0467	repeat_region	cigar_liftover_v403_to_v61	40.25	40.25	40.25	0.0	40.25	PM0467	repeat_region	cigar_liftover_v403_to_v61
5	19158499	41.333	PM0193	repeat_region	cigar_liftover_v403_to_v61	TableS4 marker lifted from PGSC/DM v4.03 to DM v6.1 using minimap2 PAF cg:Z CIGAR	1	1	41.333	PM0193	repeat_region	cigar_liftover_v403_to_v61	41.333	41.333	41.333	0.0	41.333	PM0193	repeat_region	cigar_liftover_v403_to_v61
5	19193259	43.718	pPt-655937	DArT_marker	cigar_liftover_v403_to_v61	TableS4 marker lifted from PGSC/DM v4.03 to DM v6.1 using minimap2 PAF cg:Z CIGAR	13	4	43.718	pPt-655937	DArT_marker	cigar_liftover_v403_to_v61	43.718	43.722	43.725	0.006999999999997897	43.718,43.722,43.722,43.722,43.722,43.722,43.722,43.722,43.722,43.722,43.723,43.725,43.725	capPt-673080,pPt-458498,pPt-471393,pPt-534665,pPt-534855,pPt-536484,pPt-536975,pPt-552511,pPt-559477,pPt-652211,pPt-654394,pPt-654510,pPt-655937	DArT_marker	cigar_liftover_v403_to_v61
5	19583215	41.173	solcap_snp_c1_6338	SNP	direct_spuddb_dm_v6_1	SolCAP SNP exact non-multimap position from SpudDB DM v6.1	1	1	41.173	solcap_snp_c1_6338	SNP	direct_spuddb_dm_v6_1	41.173	41.173	41.173	0.0	41.173	solcap_snp_c1_6338	SNP	direct_spuddb_dm_v6_1
5	19645498	43.685	pPt-655798	DArT_marker	cigar_liftover_v403_to_v61	TableS4 marker lifted from PGSC/DM v4.03 to DM v6.1 using minimap2 PAF cg:Z CIGAR	1	1	43.685	pPt-655798	DArT_marker	cigar_liftover_v403_to_v61	43.685	43.685	43.685	0.0	43.685	pPt-655798	DArT_marker	cigar_liftover_v403_to_v61
5	21950637	41.224	pPt-651016	DArT_marker	cigar_liftover_v403_to_v61	TableS4 marker lifted from PGSC/DM v4.03 to DM v6.1 using minimap2 PAF cg:Z CIGAR	1	1	41.224	pPt-651016	DArT_marker	cigar_liftover_v403_to_v61	41.224	41.224	41.224	0.0	41.224	pPt-651016	DArT_marker	cigar_liftover_v403_to_v61
5	46558005	44.75	pPt-536003	DArT_marker	cigar_liftover_v403_to_v61	TableS4 marker lifted from PGSC/DM v4.03 to DM v6.1 using minimap2 PAF cg:Z CIGAR	3	1	44.75	pPt-536003	DArT_marker	cigar_liftover_v403_to_v61	44.75	44.75	44.75	0.0	44.75,44.75,44.75	pPt-536003,pPt-536421,pPt-536717	DArT_marker	cigar_liftover_v403_to_v61
5	46729149	44.911	pPt-657402	DArT_marker	cigar_liftover_v403_to_v61	TableS4 marker lifted from PGSC/DM v4.03 to DM v6.1 using minimap2 PAF cg:Z CIGAR	1	1	44.911	pPt-657402	DArT_marker	cigar_liftover_v403_to_v61	44.911	44.911	44.911	0.0	44.911	pPt-657402	DArT_marker	cigar_liftover_v403_to_v61
5	46729168	44.896	pPt-652574	DArT_marker	cigar_liftover_v403_to_v61	TableS4 marker lifted from PGSC/DM v4.03 to DM v6.1 using minimap2 PAF cg:Z CIGAR	5	4	44.896	pPt-652574	DArT_marker	cigar_liftover_v403_to_v61	44.896	44.911	45.168	0.27199999999999847	44.896,44.911,44.911,45.056,45.168	pPt-538805,pPt-652574,pPt-653203,toPt-439005,toPt-439314	DArT_marker	cigar_liftover_v403_to_v61
5	46729171	44.896	pPt-653617	DArT_marker	cigar_liftover_v403_to_v61	TableS4 marker lifted from PGSC/DM v4.03 to DM v6.1 using minimap2 PAF cg:Z CIGAR	1	1	44.896	pPt-653617	DArT_marker	cigar_liftover_v403_to_v61	44.896	44.896	44.896	0.0	44.896	pPt-653617	DArT_marker	cigar_liftover_v403_to_v61
5	46885747	46.14	pPt-472679	DArT_marker	cigar_liftover_v403_to_v61	TableS4 marker lifted from PGSC/DM v4.03 to DM v6.1 using minimap2 PAF cg:Z CIGAR	1	1	46.14	pPt-472679	DArT_marker	cigar_liftover_v403_to_v61	46.14	46.14	46.14	0.0	46.14	pPt-472679	DArT_marker	cigar_liftover_v403_to_v61
5	48957667	48.95	toPt-437086	DArT_marker	cigar_liftover_v403_to_v61	TableS4 marker lifted from PGSC/DM v4.03 to DM v6.1 using minimap2 PAF cg:Z CIGAR	2	2	48.95	toPt-437086	DArT_marker	cigar_liftover_v403_to_v61	48.95	49.201	49.452	0.5019999999999953	48.95,49.452	toPt-437086,toPt-763812	DArT_marker	cigar_liftover_v403_to_v61
5	49352371	48.365	pPt-654254	DArT_marker	cigar_liftover_v403_to_v61	TableS4 marker lifted from PGSC/DM v4.03 to DM v6.1 using minimap2 PAF cg:Z CIGAR	3	2	48.365	pPt-654254	DArT_marker	cigar_liftover_v403_to_v61	48.365	48.379	48.379	0.013999999999995794	48.365,48.379,48.379	pPt-654254,pPt-656906,pPt-656912	DArT_marker	cigar_liftover_v403_to_v61
5	51442454	52.096	STM5146	repeat_region	cigar_liftover_v403_to_v61	TableS4 marker lifted from PGSC/DM v4.03 to DM v6.1 using minimap2 PAF cg:Z CIGAR	1	1	52.096	STM5146	repeat_region	cigar_liftover_v403_to_v61	52.096	52.096	52.096	0.0	52.096	STM5146	repeat_region	cigar_liftover_v403_to_v61
5	51470172	56.967	solcap_snp_c1_3413	SNP	direct_spuddb_dm_v6_1	SolCAP SNP exact non-multimap position from SpudDB DM v6.1	1	1	56.967	solcap_snp_c1_3413	SNP	direct_spuddb_dm_v6_1	56.967	56.967	56.967	0.0	56.967	solcap_snp_c1_3413	SNP	direct_spuddb_dm_v6_1
5	51816472	56.434	PM0333	repeat_region	cigar_liftover_v403_to_v61	TableS4 marker lifted from PGSC/DM v4.03 to DM v6.1 using minimap2 PAF cg:Z CIGAR	1	1	56.434	PM0333	repeat_region	cigar_liftover_v403_to_v61	56.434	56.434	56.434	0.0	56.434	PM0333	repeat_region	cigar_liftover_v403_to_v61
5	52067622	56.012	pPt-458238	DArT_marker	cigar_liftover_v403_to_v61	TableS4 marker lifted from PGSC/DM v4.03 to DM v6.1 using minimap2 PAF cg:Z CIGAR	1	1	56.012	pPt-458238	DArT_marker	cigar_liftover_v403_to_v61	56.012	56.012	56.012	0.0	56.012	pPt-458238	DArT_marker	cigar_liftover_v403_to_v61
5	52206315	55.528	solcap_snp_c1_12486	SNP	direct_spuddb_dm_v6_1	SolCAP SNP exact non-multimap position from SpudDB DM v6.1	1	1	55.528	solcap_snp_c1_12486	SNP	direct_spuddb_dm_v6_1	55.528	55.528	55.528	0.0	55.528	solcap_snp_c1_12486	SNP	direct_spuddb_dm_v6_1
5	52213095	58.059	pPt-457947	DArT_marker	cigar_liftover_v403_to_v61	TableS4 marker lifted from PGSC/DM v4.03 to DM v6.1 using minimap2 PAF cg:Z CIGAR	1	1	58.059	pPt-457947	DArT_marker	cigar_liftover_v403_to_v61	58.059	58.059	58.059	0.0	58.059	pPt-457947	DArT_marker	cigar_liftover_v403_to_v61
5	52213173	58.059	pPt-472014	DArT_marker	cigar_liftover_v403_to_v61	TableS4 marker lifted from PGSC/DM v4.03 to DM v6.1 using minimap2 PAF cg:Z CIGAR	3	1	58.059	pPt-472014	DArT_marker	cigar_liftover_v403_to_v61	58.059	58.059	58.059	0.0	58.059,58.059,58.059	pPt-472014,pPt-472350,pPt-473087	DArT_marker	cigar_liftover_v403_to_v61
5	54704835	63.803	toPt-438407	DArT_marker	cigar_liftover_v403_to_v61	TableS4 marker lifted from PGSC/DM v4.03 to DM v6.1 using minimap2 PAF cg:Z CIGAR	1	1	63.803	toPt-438407	DArT_marker	cigar_liftover_v403_to_v61	63.803	63.803	63.803	0.0	63.803	toPt-438407	DArT_marker	cigar_liftover_v403_to_v61
5	54704901	63.759	pPt-535674	DArT_marker	cigar_liftover_v403_to_v61	TableS4 marker lifted from PGSC/DM v4.03 to DM v6.1 using minimap2 PAF cg:Z CIGAR	5	3	63.759	pPt-535674	DArT_marker	cigar_liftover_v403_to_v61	63.759	63.78	64.138	0.3790000000000049	63.759,63.759,63.78,63.78,64.138	pPt-459311,pPt-533813,pPt-535674,pPt-535984,pPt-654505	DArT_marker	cigar_liftover_v403_to_v61
5	55169241	61.677	solcap_snp_c1_1199	SNP	direct_spuddb_dm_v6_1	SolCAP SNP exact non-multimap position from SpudDB DM v6.1	1	1	61.677	solcap_snp_c1_1199	SNP	direct_spuddb_dm_v6_1	61.677	61.677	61.677	0.0	61.677	solcap_snp_c1_1199	SNP	direct_spuddb_dm_v6_1
6	581390	0.539	MICRO.337.C1_891	match	cigar_liftover_v403_to_v61	TableS4 marker lifted from PGSC/DM v4.03 to DM v6.1 using minimap2 PAF cg:Z CIGAR	1	1	0.539	MICRO.337.C1_891	match	cigar_liftover_v403_to_v61	0.539	0.539	0.539	0.0	0.539	MICRO.337.C1_891	match	cigar_liftover_v403_to_v61
6	657165	2.632	pPt-540411	DArT_marker	cigar_liftover_v403_to_v61	TableS4 marker lifted from PGSC/DM v4.03 to DM v6.1 using minimap2 PAF cg:Z CIGAR	1	1	2.632	pPt-540411	DArT_marker	cigar_liftover_v403_to_v61	2.632	2.632	2.632	0.0	2.632	pPt-540411	DArT_marker	cigar_liftover_v403_to_v61
6	952101	1.564	solcap_snp_c1_9246	SNP	direct_spuddb_dm_v6_1	SolCAP SNP exact non-multimap position from SpudDB DM v6.1	1	1	1.564	solcap_snp_c1_9246	SNP	direct_spuddb_dm_v6_1	1.564	1.564	1.564	0.0	1.564	solcap_snp_c1_9246	SNP	direct_spuddb_dm_v6_1
6	960035	2.392	toPt-441146	DArT_marker	cigar_liftover_v403_to_v61	TableS4 marker lifted from PGSC/DM v4.03 to DM v6.1 using minimap2 PAF cg:Z CIGAR	1	1	2.392	toPt-441146	DArT_marker	cigar_liftover_v403_to_v61	2.392	2.392	2.392	0.0	2.392	toPt-441146	DArT_marker	cigar_liftover_v403_to_v61
6	1199195	4.255	pPt-654984	DArT_marker	cigar_liftover_v403_to_v61	TableS4 marker lifted from PGSC/DM v4.03 to DM v6.1 using minimap2 PAF cg:Z CIGAR	1	1	4.255	pPt-654984	DArT_marker	cigar_liftover_v403_to_v61	4.255	4.255	4.255	0.0	4.255	pPt-654984	DArT_marker	cigar_liftover_v403_to_v61
6	2349513	5.93	solcap_snp_c1_15546	SNP	direct_spuddb_dm_v6_1	SolCAP SNP exact non-multimap position from SpudDB DM v6.1	1	1	5.93	solcap_snp_c1_15546	SNP	direct_spuddb_dm_v6_1	5.93	5.93	5.93	0.0	5.93	solcap_snp_c1_15546	SNP	direct_spuddb_dm_v6_1
6	2429309	3.779	solcap_snp_c1_13631	SNP	direct_spuddb_dm_v6_1	SolCAP SNP exact non-multimap position from SpudDB DM v6.1	1	1	3.779	solcap_snp_c1_13631	SNP	direct_spuddb_dm_v6_1	3.779	3.779	3.779	0.0	3.779	solcap_snp_c1_13631	SNP	direct_spuddb_dm_v6_1
6	8768118	10.831	PM0439	repeat_region	cigar_liftover_v403_to_v61	TableS4 marker lifted from PGSC/DM v4.03 to DM v6.1 using minimap2 PAF cg:Z CIGAR	1	1	10.831	PM0439	repeat_region	cigar_liftover_v403_to_v61	10.831	10.831	10.831	0.0	10.831	PM0439	repeat_region	cigar_liftover_v403_to_v61
6	15797597	14.488	PM0329	repeat_region	cigar_liftover_v403_to_v61	TableS4 marker lifted from PGSC/DM v4.03 to DM v6.1 using minimap2 PAF cg:Z CIGAR	1	1	14.488	PM0329	repeat_region	cigar_liftover_v403_to_v61	14.488	14.488	14.488	0.0	14.488	PM0329	repeat_region	cigar_liftover_v403_to_v61
6	22311521	10.048	solcap_snp_c1_16621	SNP	direct_spuddb_dm_v6_1	SolCAP SNP exact non-multimap position from SpudDB DM v6.1	1	1	10.048	solcap_snp_c1_16621	SNP	direct_spuddb_dm_v6_1	10.048	10.048	10.048	0.0	10.048	solcap_snp_c1_16621	SNP	direct_spuddb_dm_v6_1
6	26740064	10.048	solcap_snp_c1_1574	SNP	direct_spuddb_dm_v6_1	SolCAP SNP exact non-multimap position from SpudDB DM v6.1	1	1	10.048	solcap_snp_c1_1574	SNP	direct_spuddb_dm_v6_1	10.048	10.048	10.048	0.0	10.048	solcap_snp_c1_1574	SNP	direct_spuddb_dm_v6_1
6	31440571	11.745	solcap_snp_c1_3690	SNP	direct_spuddb_dm_v6_1	SolCAP SNP exact non-multimap position from SpudDB DM v6.1	1	1	11.745	solcap_snp_c1_3690	SNP	direct_spuddb_dm_v6_1	11.745	11.745	11.745	0.0	11.745	solcap_snp_c1_3690	SNP	direct_spuddb_dm_v6_1
6	31603941	14.191	solcap_snp_c1_3692	SNP	direct_spuddb_dm_v6_1	SolCAP SNP exact non-multimap position from SpudDB DM v6.1	1	1	14.191	solcap_snp_c1_3692	SNP	direct_spuddb_dm_v6_1	14.191	14.191	14.191	0.0	14.191	solcap_snp_c1_3692	SNP	direct_spuddb_dm_v6_1
6	32505188	13.254	solcap_snp_c1_9854	SNP	direct_spuddb_dm_v6_1	SolCAP SNP exact non-multimap position from SpudDB DM v6.1	1	1	13.254	solcap_snp_c1_9854	SNP	direct_spuddb_dm_v6_1	13.254	13.254	13.254	0.0	13.254	solcap_snp_c1_9854	SNP	direct_spuddb_dm_v6_1
6	38373978	18.79	solcap_snp_c1_12691	SNP	direct_spuddb_dm_v6_1	SolCAP SNP exact non-multimap position from SpudDB DM v6.1	1	1	18.79	solcap_snp_c1_12691	SNP	direct_spuddb_dm_v6_1	18.79	18.79	18.79	0.0	18.79	solcap_snp_c1_12691	SNP	direct_spuddb_dm_v6_1
6	39565020	21.601	solcap_snp_c1_9977	SNP	direct_spuddb_dm_v6_1	SolCAP SNP exact non-multimap position from SpudDB DM v6.1	1	1	21.601	solcap_snp_c1_9977	SNP	direct_spuddb_dm_v6_1	21.601	21.601	21.601	0.0	21.601	solcap_snp_c1_9977	SNP	direct_spuddb_dm_v6_1
6	39650201	21.648	pPt-473740	DArT_marker	cigar_liftover_v403_to_v61	TableS4 marker lifted from PGSC/DM v4.03 to DM v6.1 using minimap2 PAF cg:Z CIGAR	1	1	21.648	pPt-473740	DArT_marker	cigar_liftover_v403_to_v61	21.648	21.648	21.648	0.0	21.648	pPt-473740	DArT_marker	cigar_liftover_v403_to_v61
6	41307916	25.755	PM1285	repeat_region	cigar_liftover_v403_to_v61	TableS4 marker lifted from PGSC/DM v4.03 to DM v6.1 using minimap2 PAF cg:Z CIGAR	1	1	25.755	PM1285	repeat_region	cigar_liftover_v403_to_v61	25.755	25.755	25.755	0.0	25.755	PM1285	repeat_region	cigar_liftover_v403_to_v61
6	43280390	26.692	solcap_snp_c1_12700	SNP	direct_spuddb_dm_v6_1	SolCAP SNP exact non-multimap position from SpudDB DM v6.1	1	1	26.692	solcap_snp_c1_12700	SNP	direct_spuddb_dm_v6_1	26.692	26.692	26.692	0.0	26.692	solcap_snp_c1_12700	SNP	direct_spuddb_dm_v6_1
6	44446174	28.379	pPt-657258	DArT_marker	cigar_liftover_v403_to_v61	TableS4 marker lifted from PGSC/DM v4.03 to DM v6.1 using minimap2 PAF cg:Z CIGAR	3	2	28.379	pPt-657258	DArT_marker	cigar_liftover_v403_to_v61	28.379	28.386	28.386	0.006999999999997897	28.379,28.386,28.386	pPt-651347,pPt-653976,pPt-657258	DArT_marker	cigar_liftover_v403_to_v61
6	46242956	33.377	PM0478	repeat_region	cigar_liftover_v403_to_v61	TableS4 marker lifted from PGSC/DM v4.03 to DM v6.1 using minimap2 PAF cg:Z CIGAR	1	1	33.377	PM0478	repeat_region	cigar_liftover_v403_to_v61	33.377	33.377	33.377	0.0	33.377	PM0478	repeat_region	cigar_liftover_v403_to_v61
6	46359572	34.322	pPt-655645	DArT_marker	cigar_liftover_v403_to_v61	TableS4 marker lifted from PGSC/DM v4.03 to DM v6.1 using minimap2 PAF cg:Z CIGAR	1	1	34.322	pPt-655645	DArT_marker	cigar_liftover_v403_to_v61	34.322	34.322	34.322	0.0	34.322	pPt-655645	DArT_marker	cigar_liftover_v403_to_v61
6	46359578	34.293	toPt-440683	DArT_marker	cigar_liftover_v403_to_v61	TableS4 marker lifted from PGSC/DM v4.03 to DM v6.1 using minimap2 PAF cg:Z CIGAR	1	1	34.293	toPt-440683	DArT_marker	cigar_liftover_v403_to_v61	34.293	34.293	34.293	0.0	34.293	toPt-440683	DArT_marker	cigar_liftover_v403_to_v61
6	46767211	34.322	pPt-651124	DArT_marker	cigar_liftover_v403_to_v61	TableS4 marker lifted from PGSC/DM v4.03 to DM v6.1 using minimap2 PAF cg:Z CIGAR	2	1	34.322	pPt-651124	DArT_marker	cigar_liftover_v403_to_v61	34.322	34.322	34.322	0.0	34.322,34.322	pPt-651124,toPt-438543	DArT_marker	cigar_liftover_v403_to_v61
6	46767221	34.322	pPt-656865	DArT_marker	cigar_liftover_v403_to_v61	TableS4 marker lifted from PGSC/DM v4.03 to DM v6.1 using minimap2 PAF cg:Z CIGAR	1	1	34.322	pPt-656865	DArT_marker	cigar_liftover_v403_to_v61	34.322	34.322	34.322	0.0	34.322	pPt-656865	DArT_marker	cigar_liftover_v403_to_v61
6	46953988	34.72	pPt-651721	DArT_marker	cigar_liftover_v403_to_v61	TableS4 marker lifted from PGSC/DM v4.03 to DM v6.1 using minimap2 PAF cg:Z CIGAR	8	3	34.72	pPt-651721	DArT_marker	cigar_liftover_v403_to_v61	34.72	34.746	34.746	0.026000000000003354	34.72,34.739,34.746,34.746,34.746,34.746,34.746,34.746	pPt-471837,pPt-651120,pPt-651404,pPt-651721,pPt-654185,pPt-656001,pPt-657025,pPt-657043	DArT_marker	cigar_liftover_v403_to_v61
6	47466211	36.353	pPt-473454	DArT_marker	cigar_liftover_v403_to_v61	TableS4 marker lifted from PGSC/DM v4.03 to DM v6.1 using minimap2 PAF cg:Z CIGAR	1	1	36.353	pPt-473454	DArT_marker	cigar_liftover_v403_to_v61	36.353	36.353	36.353	0.0	36.353	pPt-473454	DArT_marker	cigar_liftover_v403_to_v61
6	47661512	35.296	pPt-471807	DArT_marker	cigar_liftover_v403_to_v61	TableS4 marker lifted from PGSC/DM v4.03 to DM v6.1 using minimap2 PAF cg:Z CIGAR	1	1	35.296	pPt-471807	DArT_marker	cigar_liftover_v403_to_v61	35.296	35.296	35.296	0.0	35.296	pPt-471807	DArT_marker	cigar_liftover_v403_to_v61
6	47755595	35.296	pPt-655304	DArT_marker	cigar_liftover_v403_to_v61	TableS4 marker lifted from PGSC/DM v4.03 to DM v6.1 using minimap2 PAF cg:Z CIGAR	1	1	35.296	pPt-655304	DArT_marker	cigar_liftover_v403_to_v61	35.296	35.296	35.296	0.0	35.296	pPt-655304	DArT_marker	cigar_liftover_v403_to_v61
6	47803974	35.302	pPt-539300	DArT_marker	cigar_liftover_v403_to_v61	TableS4 marker lifted from PGSC/DM v4.03 to DM v6.1 using minimap2 PAF cg:Z CIGAR	2	2	35.302	pPt-539300	DArT_marker	cigar_liftover_v403_to_v61	35.302	35.34	35.378	0.07600000000000051	35.302,35.378	pPt-539300,pPt-654814	DArT_marker	cigar_liftover_v403_to_v61
6	48711146	38.833	solcap_snp_c1_15368	SNP	direct_spuddb_dm_v6_1	SolCAP SNP exact non-multimap position from SpudDB DM v6.1	1	1	38.833	solcap_snp_c1_15368	SNP	direct_spuddb_dm_v6_1	38.833	38.833	38.833	0.0	38.833	solcap_snp_c1_15368	SNP	direct_spuddb_dm_v6_1
6	48910377	39.705	solcap_snp_c1_9450	SNP	direct_spuddb_dm_v6_1	SolCAP SNP exact non-multimap position from SpudDB DM v6.1	1	1	39.705	solcap_snp_c1_9450	SNP	direct_spuddb_dm_v6_1	39.705	39.705	39.705	0.0	39.705	solcap_snp_c1_9450	SNP	direct_spuddb_dm_v6_1
6	49075146	41.998	solcap_snp_c1_14891	SNP	direct_spuddb_dm_v6_1	SolCAP SNP exact non-multimap position from SpudDB DM v6.1	1	1	41.998	solcap_snp_c1_14891	SNP	direct_spuddb_dm_v6_1	41.998	41.998	41.998	0.0	41.998	solcap_snp_c1_14891	SNP	direct_spuddb_dm_v6_1
6	49254652	41.191	pPt-536932	DArT_marker	cigar_liftover_v403_to_v61	TableS4 marker lifted from PGSC/DM v4.03 to DM v6.1 using minimap2 PAF cg:Z CIGAR	2	2	41.191	pPt-536932	DArT_marker	cigar_liftover_v403_to_v61	41.191	41.378	41.565	0.3739999999999952	41.191,41.565	pPt-536932,pPt-552581	DArT_marker	cigar_liftover_v403_to_v61
6	49705566	45.148	solcap_snp_c1_10650	SNP	direct_spuddb_dm_v6_1	SolCAP SNP exact non-multimap position from SpudDB DM v6.1	1	1	45.148	solcap_snp_c1_10650	SNP	direct_spuddb_dm_v6_1	45.148	45.148	45.148	0.0	45.148	solcap_snp_c1_10650	SNP	direct_spuddb_dm_v6_1
6	50154057	47.364	MICRO.2094.C3_1290	match	cigar_liftover_v403_to_v61	TableS4 marker lifted from PGSC/DM v4.03 to DM v6.1 using minimap2 PAF cg:Z CIGAR	1	1	47.364	MICRO.2094.C3_1290	match	cigar_liftover_v403_to_v61	47.364	47.364	47.364	0.0	47.364	MICRO.2094.C3_1290	match	cigar_liftover_v403_to_v61
6	50445762	47.03	solcap_snp_c1_2059	SNP	direct_spuddb_dm_v6_1	SolCAP SNP exact non-multimap position from SpudDB DM v6.1	1	1	47.03	solcap_snp_c1_2059	SNP	direct_spuddb_dm_v6_1	47.03	47.03	47.03	0.0	47.03	solcap_snp_c1_2059	SNP	direct_spuddb_dm_v6_1
6	50917006	49.367	solcap_snp_c1_2104	SNP	direct_spuddb_dm_v6_1	SolCAP SNP exact non-multimap position from SpudDB DM v6.1	1	1	49.367	solcap_snp_c1_2104	SNP	direct_spuddb_dm_v6_1	49.367	49.367	49.367	0.0	49.367	solcap_snp_c1_2104	SNP	direct_spuddb_dm_v6_1
6	51088498	49.809	STM5126	repeat_region	cigar_liftover_v403_to_v61	TableS4 marker lifted from PGSC/DM v4.03 to DM v6.1 using minimap2 PAF cg:Z CIGAR	1	1	49.809	STM5126	repeat_region	cigar_liftover_v403_to_v61	49.809	49.809	49.809	0.0	49.809	STM5126	repeat_region	cigar_liftover_v403_to_v61
6	51115427	49.89	pPt-473107	DArT_marker	cigar_liftover_v403_to_v61	TableS4 marker lifted from PGSC/DM v4.03 to DM v6.1 using minimap2 PAF cg:Z CIGAR	5	3	49.89	pPt-473107	DArT_marker	cigar_liftover_v403_to_v61	49.89	49.898	49.918	0.027999999999998693	49.89,49.898,49.898,49.898,49.918	pPt-458137,pPt-459221,pPt-473107,pPt-538089,pPt-540407	DArT_marker	cigar_liftover_v403_to_v61
6	52334463	53.795	solcap_snp_c1_2967	SNP	direct_spuddb_dm_v6_1	SolCAP SNP exact non-multimap position from SpudDB DM v6.1	1	1	53.795	solcap_snp_c1_2967	SNP	direct_spuddb_dm_v6_1	53.795	53.795	53.795	0.0	53.795	solcap_snp_c1_2967	SNP	direct_spuddb_dm_v6_1
6	52623052	56.733	solcap_snp_c1_3007	SNP	direct_spuddb_dm_v6_1	SolCAP SNP exact non-multimap position from SpudDB DM v6.1	1	1	56.733	solcap_snp_c1_3007	SNP	direct_spuddb_dm_v6_1	56.733	56.733	56.733	0.0	56.733	solcap_snp_c1_3007	SNP	direct_spuddb_dm_v6_1
6	52789918	56.51	pPt-538867	DArT_marker	cigar_liftover_v403_to_v61	TableS4 marker lifted from PGSC/DM v4.03 to DM v6.1 using minimap2 PAF cg:Z CIGAR	21	6	56.51	pPt-538867	DArT_marker	cigar_liftover_v403_to_v61	56.51	56.512	56.872	0.3620000000000019	56.51,56.512,56.512,56.512,56.512,56.512,56.512,56.512,56.512,56.512,56.512,56.526,56.589,56.589,56.589,56.589,56.589,56.589,56.83,56.872,56.872	pPt-458846,pPt-459086,pPt-473709,pPt-538867,pPt-559453,pPt-651425,pPt-653729,pPt-653760,pPt-654150,pPt-654313,pPt-657084,toPt-437027,toPt-437684,toPt-438329,toPt-438646,toPt-439265,toPt-440708,toPt-763665,toPt-763680,toPt-763712,...(+1)	DArT_marker	cigar_liftover_v403_to_v61
6	52818057	56.512	pPt-537569	DArT_marker	cigar_liftover_v403_to_v61	TableS4 marker lifted from PGSC/DM v4.03 to DM v6.1 using minimap2 PAF cg:Z CIGAR	1	1	56.512	pPt-537569	DArT_marker	cigar_liftover_v403_to_v61	56.512	56.512	56.512	0.0	56.512	pPt-537569	DArT_marker	cigar_liftover_v403_to_v61
6	52818160	56.512	pPt-457208	DArT_marker	cigar_liftover_v403_to_v61	TableS4 marker lifted from PGSC/DM v4.03 to DM v6.1 using minimap2 PAF cg:Z CIGAR	7	3	56.512	pPt-457208	DArT_marker	cigar_liftover_v403_to_v61	56.512	56.512	57.181	0.6689999999999969	56.512,56.512,56.512,56.512,56.512,56.52,57.181	pPt-457208,pPt-458203,pPt-473415,pPt-473433,pPt-537371,pPt-650815,pPt-656870	DArT_marker	cigar_liftover_v403_to_v61
6	52818203	56.512	pPt-552171	DArT_marker	cigar_liftover_v403_to_v61	TableS4 marker lifted from PGSC/DM v4.03 to DM v6.1 using minimap2 PAF cg:Z CIGAR	1	1	56.512	pPt-552171	DArT_marker	cigar_liftover_v403_to_v61	56.512	56.512	56.512	0.0	56.512	pPt-552171	DArT_marker	cigar_liftover_v403_to_v61
6	52818378	56.512	pPt-537345	DArT_marker	cigar_liftover_v403_to_v61	TableS4 marker lifted from PGSC/DM v4.03 to DM v6.1 using minimap2 PAF cg:Z CIGAR	2	2	56.512	pPt-537345	DArT_marker	cigar_liftover_v403_to_v61	56.512	56.516000000000005	56.52	0.008000000000002672	56.512,56.52	pPt-537183,pPt-537345	DArT_marker	cigar_liftover_v403_to_v61
6	52936397	55.805	pPt-474058	DArT_marker	cigar_liftover_v403_to_v61	TableS4 marker lifted from PGSC/DM v4.03 to DM v6.1 using minimap2 PAF cg:Z CIGAR	4	3	55.805	pPt-474058	DArT_marker	cigar_liftover_v403_to_v61	55.805	55.8215	55.826	0.021000000000000796	55.805,55.817,55.826,55.826	pPt-474058,pPt-539079,pPt-558943,pPt-655315	DArT_marker	cigar_liftover_v403_to_v61
6	53214964	59.125	pPt-472490	DArT_marker	cigar_liftover_v403_to_v61	TableS4 marker lifted from PGSC/DM v4.03 to DM v6.1 using minimap2 PAF cg:Z CIGAR	1	1	59.125	pPt-472490	DArT_marker	cigar_liftover_v403_to_v61	59.125	59.125	59.125	0.0	59.125	pPt-472490	DArT_marker	cigar_liftover_v403_to_v61
6	53508393	58.876	pPt-655572	DArT_marker	cigar_liftover_v403_to_v61	TableS4 marker lifted from PGSC/DM v4.03 to DM v6.1 using minimap2 PAF cg:Z CIGAR	3	1	58.876	pPt-655572	DArT_marker	cigar_liftover_v403_to_v61	58.876	58.876	58.876	0.0	58.876,58.876,58.876	pPt-655572,pPt-656391,toPt-437058	DArT_marker	cigar_liftover_v403_to_v61
6	53705309	57.158	pPt-653838	DArT_marker	cigar_liftover_v403_to_v61	TableS4 marker lifted from PGSC/DM v4.03 to DM v6.1 using minimap2 PAF cg:Z CIGAR	2	1	57.158	pPt-653838	DArT_marker	cigar_liftover_v403_to_v61	57.158	57.158	57.158	0.0	57.158,57.158	pPt-653838,pPt-656749	DArT_marker	cigar_liftover_v403_to_v61
6	54427947	59.255	pPt-538623	DArT_marker	cigar_liftover_v403_to_v61	TableS4 marker lifted from PGSC/DM v4.03 to DM v6.1 using minimap2 PAF cg:Z CIGAR	1	1	59.255	pPt-538623	DArT_marker	cigar_liftover_v403_to_v61	59.255	59.255	59.255	0.0	59.255	pPt-538623	DArT_marker	cigar_liftover_v403_to_v61
6	54428164	59.255	toPt-438314	DArT_marker	cigar_liftover_v403_to_v61	TableS4 marker lifted from PGSC/DM v4.03 to DM v6.1 using minimap2 PAF cg:Z CIGAR	2	1	59.255	toPt-438314	DArT_marker	cigar_liftover_v403_to_v61	59.255	59.255	59.255	0.0	59.255,59.255	toPt-438314,toPt-440510	DArT_marker	cigar_liftover_v403_to_v61
6	54428165	59.274	toPt-437131	DArT_marker	cigar_liftover_v403_to_v61	TableS4 marker lifted from PGSC/DM v4.03 to DM v6.1 using minimap2 PAF cg:Z CIGAR	1	1	59.274	toPt-437131	DArT_marker	cigar_liftover_v403_to_v61	59.274	59.274	59.274	0.0	59.274	toPt-437131	DArT_marker	cigar_liftover_v403_to_v61
6	54454794	59.255	pPt-471879	DArT_marker	cigar_liftover_v403_to_v61	TableS4 marker lifted from PGSC/DM v4.03 to DM v6.1 using minimap2 PAF cg:Z CIGAR	3	1	59.255	pPt-471879	DArT_marker	cigar_liftover_v403_to_v61	59.255	59.255	59.255	0.0	59.255,59.255,59.255	pPt-471879,pPt-533617,pPt-653319	DArT_marker	cigar_liftover_v403_to_v61
6	54680829	62.481	solcap_snp_c1_7681	SNP	direct_spuddb_dm_v6_1	SolCAP SNP exact non-multimap position from SpudDB DM v6.1	1	1	62.481	solcap_snp_c1_7681	SNP	direct_spuddb_dm_v6_1	62.481	62.481	62.481	0.0	62.481	solcap_snp_c1_7681	SNP	direct_spuddb_dm_v6_1
6	54781274	62.205	solcap_snp_c1_7690	SNP	direct_spuddb_dm_v6_1	SolCAP SNP exact non-multimap position from SpudDB DM v6.1	1	1	62.205	solcap_snp_c1_7690	SNP	direct_spuddb_dm_v6_1	62.205	62.205	62.205	0.0	62.205	solcap_snp_c1_7690	SNP	direct_spuddb_dm_v6_1
6	56414140	64.186	solcap_snp_c1_8659	SNP	direct_spuddb_dm_v6_1	SolCAP SNP exact non-multimap position from SpudDB DM v6.1	1	1	64.186	solcap_snp_c1_8659	SNP	direct_spuddb_dm_v6_1	64.186	64.186	64.186	0.0	64.186	solcap_snp_c1_8659	SNP	direct_spuddb_dm_v6_1
6	56675891	65.315	solcap_snp_c1_14917	SNP	direct_spuddb_dm_v6_1	SolCAP SNP exact non-multimap position from SpudDB DM v6.1	1	1	65.315	solcap_snp_c1_14917	SNP	direct_spuddb_dm_v6_1	65.315	65.315	65.315	0.0	65.315	solcap_snp_c1_14917	SNP	direct_spuddb_dm_v6_1
6	56749446	65.401	solcap_snp_c1_14920	SNP	direct_spuddb_dm_v6_1	SolCAP SNP exact non-multimap position from SpudDB DM v6.1	1	1	65.401	solcap_snp_c1_14920	SNP	direct_spuddb_dm_v6_1	65.401	65.401	65.401	0.0	65.401	solcap_snp_c1_14920	SNP	direct_spuddb_dm_v6_1
6	56910485	65.312	solcap_snp_c1_14796	SNP	direct_spuddb_dm_v6_1	SolCAP SNP exact non-multimap position from SpudDB DM v6.1	1	1	65.312	solcap_snp_c1_14796	SNP	direct_spuddb_dm_v6_1	65.312	65.312	65.312	0.0	65.312	solcap_snp_c1_14796	SNP	direct_spuddb_dm_v6_1
6	56970498	65.335	solcap_snp_c1_12101	SNP	direct_spuddb_dm_v6_1	SolCAP SNP exact non-multimap position from SpudDB DM v6.1	1	1	65.335	solcap_snp_c1_12101	SNP	direct_spuddb_dm_v6_1	65.335	65.335	65.335	0.0	65.335	solcap_snp_c1_12101	SNP	direct_spuddb_dm_v6_1
6	57097701	65.327	solcap_snp_c1_12088	SNP	direct_spuddb_dm_v6_1	SolCAP SNP exact non-multimap position from SpudDB DM v6.1	1	1	65.327	solcap_snp_c1_12088	SNP	direct_spuddb_dm_v6_1	65.327	65.327	65.327	0.0	65.327	solcap_snp_c1_12088	SNP	direct_spuddb_dm_v6_1
6	57334590	65.943	solcap_snp_c1_3074	SNP	direct_spuddb_dm_v6_1	SolCAP SNP exact non-multimap position from SpudDB DM v6.1	1	1	65.943	solcap_snp_c1_3074	SNP	direct_spuddb_dm_v6_1	65.943	65.943	65.943	0.0	65.943	solcap_snp_c1_3074	SNP	direct_spuddb_dm_v6_1
6	57561751	69.041	solcap_snp_c1_3130	SNP	direct_spuddb_dm_v6_1	SolCAP SNP exact non-multimap position from SpudDB DM v6.1	1	1	69.041	solcap_snp_c1_3130	SNP	direct_spuddb_dm_v6_1	69.041	69.041	69.041	0.0	69.041	solcap_snp_c1_3130	SNP	direct_spuddb_dm_v6_1
6	57940708	67.158	pPt-654600	DArT_marker	cigar_liftover_v403_to_v61	TableS4 marker lifted from PGSC/DM v4.03 to DM v6.1 using minimap2 PAF cg:Z CIGAR	1	1	67.158	pPt-654600	DArT_marker	cigar_liftover_v403_to_v61	67.158	67.158	67.158	0.0	67.158	pPt-654600	DArT_marker	cigar_liftover_v403_to_v61
6	57940757	67.33	pPt-536324	DArT_marker	cigar_liftover_v403_to_v61	TableS4 marker lifted from PGSC/DM v4.03 to DM v6.1 using minimap2 PAF cg:Z CIGAR	11	10	67.33	pPt-536324	DArT_marker	cigar_liftover_v403_to_v61	67.33	67.631	68.584	1.2540000000000049	67.33,67.357,67.499,67.615,67.624,67.631,67.773,67.781,67.781,68.307,68.584	pPt-472810,pPt-534883,pPt-534969,pPt-536159,pPt-536324,pPt-651850,pPt-652880,pPt-653219,pPt-653243,pPt-654787,pPt-656983	DArT_marker	cigar_liftover_v403_to_v61
6	57940764	68.338	pPt-651057	DArT_marker	cigar_liftover_v403_to_v61	TableS4 marker lifted from PGSC/DM v4.03 to DM v6.1 using minimap2 PAF cg:Z CIGAR	1	1	68.338	pPt-651057	DArT_marker	cigar_liftover_v403_to_v61	68.338	68.338	68.338	0.0	68.338	pPt-651057	DArT_marker	cigar_liftover_v403_to_v61
6	58017580	70.516	solcap_snp_c1_3091	SNP	direct_spuddb_dm_v6_1	SolCAP SNP exact non-multimap position from SpudDB DM v6.1	1	1	70.516	solcap_snp_c1_3091	SNP	direct_spuddb_dm_v6_1	70.516	70.516	70.516	0.0	70.516	solcap_snp_c1_3091	SNP	direct_spuddb_dm_v6_1
7	687291	2.659	solcap_snp_c1_13671	SNP	direct_spuddb_dm_v6_1	SolCAP SNP exact non-multimap position from SpudDB DM v6.1	1	1	2.659	solcap_snp_c1_13671	SNP	direct_spuddb_dm_v6_1	2.659	2.659	2.659	0.0	2.659	solcap_snp_c1_13671	SNP	direct_spuddb_dm_v6_1
7	707517	0.0	solcap_snp_c1_11523	SNP	direct_spuddb_dm_v6_1	SolCAP SNP exact non-multimap position from SpudDB DM v6.1	1	1	0.0	solcap_snp_c1_11523	SNP	direct_spuddb_dm_v6_1	0.0	0.0	0.0	0.0	0.0	solcap_snp_c1_11523	SNP	direct_spuddb_dm_v6_1
7	1777118	2.985	pPt-457784	DArT_marker	cigar_liftover_v403_to_v61	TableS4 marker lifted from PGSC/DM v4.03 to DM v6.1 using minimap2 PAF cg:Z CIGAR	1	1	2.985	pPt-457784	DArT_marker	cigar_liftover_v403_to_v61	2.985	2.985	2.985	0.0	2.985	pPt-457784	DArT_marker	cigar_liftover_v403_to_v61
7	1964588	3.231	solcap_snp_c1_13563	SNP	direct_spuddb_dm_v6_1	SolCAP SNP exact non-multimap position from SpudDB DM v6.1	1	1	3.231	solcap_snp_c1_13563	SNP	direct_spuddb_dm_v6_1	3.231	3.231	3.231	0.0	3.231	solcap_snp_c1_13563	SNP	direct_spuddb_dm_v6_1
7	2550535	4.562	solcap_snp_c1_8163	SNP	direct_spuddb_dm_v6_1	SolCAP SNP exact non-multimap position from SpudDB DM v6.1	1	1	4.562	solcap_snp_c1_8163	SNP	direct_spuddb_dm_v6_1	4.562	4.562	4.562	0.0	4.562	solcap_snp_c1_8163	SNP	direct_spuddb_dm_v6_1
7	3303107	9.087	solcap_snp_c1_10959	SNP	direct_spuddb_dm_v6_1	SolCAP SNP exact non-multimap position from SpudDB DM v6.1	1	1	9.087	solcap_snp_c1_10959	SNP	direct_spuddb_dm_v6_1	9.087	9.087	9.087	0.0	9.087	solcap_snp_c1_10959	SNP	direct_spuddb_dm_v6_1
7	3407150	8.738	solcap_snp_c1_10985	SNP	direct_spuddb_dm_v6_1	SolCAP SNP exact non-multimap position from SpudDB DM v6.1	1	1	8.738	solcap_snp_c1_10985	SNP	direct_spuddb_dm_v6_1	8.738	8.738	8.738	0.0	8.738	solcap_snp_c1_10985	SNP	direct_spuddb_dm_v6_1
7	3960282	8.714	solcap_snp_c1_13776	SNP	direct_spuddb_dm_v6_1	SolCAP SNP exact non-multimap position from SpudDB DM v6.1	1	1	8.714	solcap_snp_c1_13776	SNP	direct_spuddb_dm_v6_1	8.714	8.714	8.714	0.0	8.714	solcap_snp_c1_13776	SNP	direct_spuddb_dm_v6_1
7	6096223	11.434	solcap_snp_c1_11935	SNP	direct_spuddb_dm_v6_1	SolCAP SNP exact non-multimap position from SpudDB DM v6.1	1	1	11.434	solcap_snp_c1_11935	SNP	direct_spuddb_dm_v6_1	11.434	11.434	11.434	0.0	11.434	solcap_snp_c1_11935	SNP	direct_spuddb_dm_v6_1
7	6982491	12.249	pPt-471502	DArT_marker	cigar_liftover_v403_to_v61	TableS4 marker lifted from PGSC/DM v4.03 to DM v6.1 using minimap2 PAF cg:Z CIGAR	1	1	12.249	pPt-471502	DArT_marker	cigar_liftover_v403_to_v61	12.249	12.249	12.249	0.0	12.249	pPt-471502	DArT_marker	cigar_liftover_v403_to_v61
7	36788141	17.964	solcap_snp_c1_2672	SNP	direct_spuddb_dm_v6_1	SolCAP SNP exact non-multimap position from SpudDB DM v6.1	1	1	17.964	solcap_snp_c1_2672	SNP	direct_spuddb_dm_v6_1	17.964	17.964	17.964	0.0	17.964	solcap_snp_c1_2672	SNP	direct_spuddb_dm_v6_1
7	37737782	17.66	solcap_snp_c1_513	SNP	direct_spuddb_dm_v6_1	SolCAP SNP exact non-multimap position from SpudDB DM v6.1	1	1	17.66	solcap_snp_c1_513	SNP	direct_spuddb_dm_v6_1	17.66	17.66	17.66	0.0	17.66	solcap_snp_c1_513	SNP	direct_spuddb_dm_v6_1
7	38834428	17.656	solcap_snp_c1_480	SNP	direct_spuddb_dm_v6_1	SolCAP SNP exact non-multimap position from SpudDB DM v6.1	1	1	17.656	solcap_snp_c1_480	SNP	direct_spuddb_dm_v6_1	17.656	17.656	17.656	0.0	17.656	solcap_snp_c1_480	SNP	direct_spuddb_dm_v6_1
7	39206389	18.719	solcap_snp_c1_499	SNP	direct_spuddb_dm_v6_1	SolCAP SNP exact non-multimap position from SpudDB DM v6.1	1	1	18.719	solcap_snp_c1_499	SNP	direct_spuddb_dm_v6_1	18.719	18.719	18.719	0.0	18.719	solcap_snp_c1_499	SNP	direct_spuddb_dm_v6_1
7	40163523	18.989	PM0062	repeat_region	cigar_liftover_v403_to_v61	TableS4 marker lifted from PGSC/DM v4.03 to DM v6.1 using minimap2 PAF cg:Z CIGAR	1	1	18.989	PM0062	repeat_region	cigar_liftover_v403_to_v61	18.989	18.989	18.989	0.0	18.989	PM0062	repeat_region	cigar_liftover_v403_to_v61
7	40931544	20.081	solcap_snp_c1_1547	SNP	direct_spuddb_dm_v6_1	SolCAP SNP exact non-multimap position from SpudDB DM v6.1	1	1	20.081	solcap_snp_c1_1547	SNP	direct_spuddb_dm_v6_1	20.081	20.081	20.081	0.0	20.081	solcap_snp_c1_1547	SNP	direct_spuddb_dm_v6_1
7	41802263	20.061	solcap_snp_c1_15703	SNP	direct_spuddb_dm_v6_1	SolCAP SNP exact non-multimap position from SpudDB DM v6.1	1	1	20.061	solcap_snp_c1_15703	SNP	direct_spuddb_dm_v6_1	20.061	20.061	20.061	0.0	20.061	solcap_snp_c1_15703	SNP	direct_spuddb_dm_v6_1
7	42043713	21.168	pPt-473141	DArT_marker	cigar_liftover_v403_to_v61	TableS4 marker lifted from PGSC/DM v4.03 to DM v6.1 using minimap2 PAF cg:Z CIGAR	2	2	21.168	pPt-473141	DArT_marker	cigar_liftover_v403_to_v61	21.168	21.354	21.54	0.3719999999999999	21.168,21.54	pPt-471799,pPt-473141	DArT_marker	cigar_liftover_v403_to_v61
7	42363903	22.057	PM0378	repeat_region	cigar_liftover_v403_to_v61	TableS4 marker lifted from PGSC/DM v4.03 to DM v6.1 using minimap2 PAF cg:Z CIGAR	1	1	22.057	PM0378	repeat_region	cigar_liftover_v403_to_v61	22.057	22.057	22.057	0.0	22.057	PM0378	repeat_region	cigar_liftover_v403_to_v61
7	42776916	23.593	pPt-471395	DArT_marker	cigar_liftover_v403_to_v61	TableS4 marker lifted from PGSC/DM v4.03 to DM v6.1 using minimap2 PAF cg:Z CIGAR	3	3	23.593	pPt-471395	DArT_marker	cigar_liftover_v403_to_v61	23.593	23.599	23.637	0.04400000000000048	23.593,23.599,23.637	pPt-471395,pPt-651645,pPt-655523	DArT_marker	cigar_liftover_v403_to_v61
7	42805703	23.718	solcap_snp_c1_3157	SNP	direct_spuddb_dm_v6_1	SolCAP SNP exact non-multimap position from SpudDB DM v6.1	1	1	23.718	solcap_snp_c1_3157	SNP	direct_spuddb_dm_v6_1	23.718	23.718	23.718	0.0	23.718	solcap_snp_c1_3157	SNP	direct_spuddb_dm_v6_1
7	42816299	23.737	pPt-470983	DArT_marker	cigar_liftover_v403_to_v61	TableS4 marker lifted from PGSC/DM v4.03 to DM v6.1 using minimap2 PAF cg:Z CIGAR	6	4	23.737	pPt-470983	DArT_marker	cigar_liftover_v403_to_v61	23.737	23.74	23.806	0.06900000000000261	23.737,23.737,23.737,23.743,23.753,23.806	pPt-470983,pPt-471145,pPt-536523,pPt-536765,pPt-653377,pPt-654638	DArT_marker	cigar_liftover_v403_to_v61
7	42905909	21.748	pPt-650032	DArT_marker	cigar_liftover_v403_to_v61	TableS4 marker lifted from PGSC/DM v4.03 to DM v6.1 using minimap2 PAF cg:Z CIGAR	1	1	21.748	pPt-650032	DArT_marker	cigar_liftover_v403_to_v61	21.748	21.748	21.748	0.0	21.748	pPt-650032	DArT_marker	cigar_liftover_v403_to_v61
7	42924498	24.555	solcap_snp_c1_3164	SNP	direct_spuddb_dm_v6_1	SolCAP SNP exact non-multimap position from SpudDB DM v6.1	1	1	24.555	solcap_snp_c1_3164	SNP	direct_spuddb_dm_v6_1	24.555	24.555	24.555	0.0	24.555	solcap_snp_c1_3164	SNP	direct_spuddb_dm_v6_1
7	43259765	25.019	solcap_snp_c1_14131	SNP	direct_spuddb_dm_v6_1	SolCAP SNP exact non-multimap position from SpudDB DM v6.1	1	1	25.019	solcap_snp_c1_14131	SNP	direct_spuddb_dm_v6_1	25.019	25.019	25.019	0.0	25.019	solcap_snp_c1_14131	SNP	direct_spuddb_dm_v6_1
7	43596257	26.686	solcap_snp_c1_7505	SNP	direct_spuddb_dm_v6_1	SolCAP SNP exact non-multimap position from SpudDB DM v6.1	1	1	26.686	solcap_snp_c1_7505	SNP	direct_spuddb_dm_v6_1	26.686	26.686	26.686	0.0	26.686	solcap_snp_c1_7505	SNP	direct_spuddb_dm_v6_1
7	43818233	26.662	PM1300	repeat_region	cigar_liftover_v403_to_v61	TableS4 marker lifted from PGSC/DM v4.03 to DM v6.1 using minimap2 PAF cg:Z CIGAR	1	1	26.662	PM1300	repeat_region	cigar_liftover_v403_to_v61	26.662	26.662	26.662	0.0	26.662	PM1300	repeat_region	cigar_liftover_v403_to_v61
7	44206993	28.701	toPt-439283	DArT_marker	cigar_liftover_v403_to_v61	TableS4 marker lifted from PGSC/DM v4.03 to DM v6.1 using minimap2 PAF cg:Z CIGAR	1	1	28.701	toPt-439283	DArT_marker	cigar_liftover_v403_to_v61	28.701	28.701	28.701	0.0	28.701	toPt-439283	DArT_marker	cigar_liftover_v403_to_v61
7	44340304	26.06	solcap_snp_c1_7378	SNP	direct_spuddb_dm_v6_1	SolCAP SNP exact non-multimap position from SpudDB DM v6.1	1	1	26.06	solcap_snp_c1_7378	SNP	direct_spuddb_dm_v6_1	26.06	26.06	26.06	0.0	26.06	solcap_snp_c1_7378	SNP	direct_spuddb_dm_v6_1
7	45551001	30.844	pPt-458625	DArT_marker	cigar_liftover_v403_to_v61	TableS4 marker lifted from PGSC/DM v4.03 to DM v6.1 using minimap2 PAF cg:Z CIGAR	1	1	30.844	pPt-458625	DArT_marker	cigar_liftover_v403_to_v61	30.844	30.844	30.844	0.0	30.844	pPt-458625	DArT_marker	cigar_liftover_v403_to_v61
7	45551032	30.71	pPt-458072	DArT_marker	cigar_liftover_v403_to_v61	TableS4 marker lifted from PGSC/DM v4.03 to DM v6.1 using minimap2 PAF cg:Z CIGAR	2	2	30.71	pPt-458072	DArT_marker	cigar_liftover_v403_to_v61	30.71	30.777	30.844	0.13400000000000034	30.71,30.844	pPt-458072,pPt-536420	DArT_marker	cigar_liftover_v403_to_v61
7	45551036	30.844	pPt-537308	DArT_marker	cigar_liftover_v403_to_v61	TableS4 marker lifted from PGSC/DM v4.03 to DM v6.1 using minimap2 PAF cg:Z CIGAR	1	1	30.844	pPt-537308	DArT_marker	cigar_liftover_v403_to_v61	30.844	30.844	30.844	0.0	30.844	pPt-537308	DArT_marker	cigar_liftover_v403_to_v61
7	45917172	33.209	solcap_snp_c1_11480	SNP	direct_spuddb_dm_v6_1	SolCAP SNP exact non-multimap position from SpudDB DM v6.1	1	1	33.209	solcap_snp_c1_11480	SNP	direct_spuddb_dm_v6_1	33.209	33.209	33.209	0.0	33.209	solcap_snp_c1_11480	SNP	direct_spuddb_dm_v6_1
7	46503550	34.276	MICRO.1442.C1_559	match	cigar_liftover_v403_to_v61	TableS4 marker lifted from PGSC/DM v4.03 to DM v6.1 using minimap2 PAF cg:Z CIGAR	1	1	34.276	MICRO.1442.C1_559	match	cigar_liftover_v403_to_v61	34.276	34.276	34.276	0.0	34.276	MICRO.1442.C1_559	match	cigar_liftover_v403_to_v61
7	46645602	32.819	pPt-456752	DArT_marker	cigar_liftover_v403_to_v61	TableS4 marker lifted from PGSC/DM v4.03 to DM v6.1 using minimap2 PAF cg:Z CIGAR	1	1	32.819	pPt-456752	DArT_marker	cigar_liftover_v403_to_v61	32.819	32.819	32.819	0.0	32.819	pPt-456752	DArT_marker	cigar_liftover_v403_to_v61
7	48305218	40.502	pPt-654476	DArT_marker	cigar_liftover_v403_to_v61	TableS4 marker lifted from PGSC/DM v4.03 to DM v6.1 using minimap2 PAF cg:Z CIGAR	1	1	40.502	pPt-654476	DArT_marker	cigar_liftover_v403_to_v61	40.502	40.502	40.502	0.0	40.502	pPt-654476	DArT_marker	cigar_liftover_v403_to_v61
7	48420904	43.89	MICRO.381.C1_1588	match	cigar_liftover_v403_to_v61	TableS4 marker lifted from PGSC/DM v4.03 to DM v6.1 using minimap2 PAF cg:Z CIGAR	1	1	43.89	MICRO.381.C1_1588	match	cigar_liftover_v403_to_v61	43.89	43.89	43.89	0.0	43.89	MICRO.381.C1_1588	match	cigar_liftover_v403_to_v61
7	48569615	42.701	pPt-456702	DArT_marker	cigar_liftover_v403_to_v61	TableS4 marker lifted from PGSC/DM v4.03 to DM v6.1 using minimap2 PAF cg:Z CIGAR	3	1	42.701	pPt-456702	DArT_marker	cigar_liftover_v403_to_v61	42.701	42.701	42.701	0.0	42.701,42.701,42.701	pPt-456702,pPt-474056,pPt-654764	DArT_marker	cigar_liftover_v403_to_v61
7	48814328	43.254	solcap_snp_c1_7986	SNP	direct_spuddb_dm_v6_1	SolCAP SNP exact non-multimap position from SpudDB DM v6.1	1	1	43.254	solcap_snp_c1_7986	SNP	direct_spuddb_dm_v6_1	43.254	43.254	43.254	0.0	43.254	solcap_snp_c1_7986	SNP	direct_spuddb_dm_v6_1
7	50710645	44.577	solcap_snp_c1_10457	SNP	direct_spuddb_dm_v6_1	SolCAP SNP exact non-multimap position from SpudDB DM v6.1	1	1	44.577	solcap_snp_c1_10457	SNP	direct_spuddb_dm_v6_1	44.577	44.577	44.577	0.0	44.577	solcap_snp_c1_10457	SNP	direct_spuddb_dm_v6_1
7	52065648	49.52	pPt-534974	DArT_marker	cigar_liftover_v403_to_v61	TableS4 marker lifted from PGSC/DM v4.03 to DM v6.1 using minimap2 PAF cg:Z CIGAR	4	2	49.52	pPt-534974	DArT_marker	cigar_liftover_v403_to_v61	49.52	49.701	49.701	0.18099999999999739	49.52,49.701,49.701,49.701	pPt-534974,pPt-536459,pPt-540134,pPt-559458	DArT_marker	cigar_liftover_v403_to_v61
7	52065657	49.662	pPt-538032	DArT_marker	cigar_liftover_v403_to_v61	TableS4 marker lifted from PGSC/DM v4.03 to DM v6.1 using minimap2 PAF cg:Z CIGAR	4	3	49.662	pPt-538032	DArT_marker	cigar_liftover_v403_to_v61	49.662	49.701	49.895	0.2330000000000041	49.662,49.701,49.701,49.895	pPt-458491,pPt-535682,pPt-536453,pPt-538032	DArT_marker	cigar_liftover_v403_to_v61
7	52098992	50.116	solcap_snp_c1_9894	SNP	direct_spuddb_dm_v6_1	SolCAP SNP exact non-multimap position from SpudDB DM v6.1	1	1	50.116	solcap_snp_c1_9894	SNP	direct_spuddb_dm_v6_1	50.116	50.116	50.116	0.0	50.116	solcap_snp_c1_9894	SNP	direct_spuddb_dm_v6_1
7	52498605	50.491	solcap_snp_c1_8687	SNP	direct_spuddb_dm_v6_1	SolCAP SNP exact non-multimap position from SpudDB DM v6.1	1	1	50.491	solcap_snp_c1_8687	SNP	direct_spuddb_dm_v6_1	50.491	50.491	50.491	0.0	50.491	solcap_snp_c1_8687	SNP	direct_spuddb_dm_v6_1
7	52974360	53.523	solcap_snp_c1_8704	SNP	direct_spuddb_dm_v6_1	SolCAP SNP exact non-multimap position from SpudDB DM v6.1	1	1	53.523	solcap_snp_c1_8704	SNP	direct_spuddb_dm_v6_1	53.523	53.523	53.523	0.0	53.523	solcap_snp_c1_8704	SNP	direct_spuddb_dm_v6_1
7	53799659	56.745	solcap_snp_c1_4045	SNP	direct_spuddb_dm_v6_1	SolCAP SNP exact non-multimap position from SpudDB DM v6.1	1	1	56.745	solcap_snp_c1_4045	SNP	direct_spuddb_dm_v6_1	56.745	56.745	56.745	0.0	56.745	solcap_snp_c1_4045	SNP	direct_spuddb_dm_v6_1
7	54633421	58.595	toPt-437364	DArT_marker	cigar_liftover_v403_to_v61	TableS4 marker lifted from PGSC/DM v4.03 to DM v6.1 using minimap2 PAF cg:Z CIGAR	3	3	58.595	toPt-437364	DArT_marker	cigar_liftover_v403_to_v61	58.595	58.638	59.44	0.8449999999999989	58.595,58.638,59.44	toPt-437358,toPt-437364,toPt-439886	DArT_marker	cigar_liftover_v403_to_v61
7	54633422	58.595	pPt-657441	DArT_marker	cigar_liftover_v403_to_v61	TableS4 marker lifted from PGSC/DM v4.03 to DM v6.1 using minimap2 PAF cg:Z CIGAR	1	1	58.595	pPt-657441	DArT_marker	cigar_liftover_v403_to_v61	58.595	58.595	58.595	0.0	58.595	pPt-657441	DArT_marker	cigar_liftover_v403_to_v61
7	54633569	58.595	pPt-472393	DArT_marker	cigar_liftover_v403_to_v61	TableS4 marker lifted from PGSC/DM v4.03 to DM v6.1 using minimap2 PAF cg:Z CIGAR	2	2	58.595	pPt-472393	DArT_marker	cigar_liftover_v403_to_v61	58.595	58.598	58.601	0.006000000000000227	58.595,58.601	pPt-472393,pPt-651978	DArT_marker	cigar_liftover_v403_to_v61
7	54699766	57.539	pPt-650152	DArT_marker	cigar_liftover_v403_to_v61	TableS4 marker lifted from PGSC/DM v4.03 to DM v6.1 using minimap2 PAF cg:Z CIGAR	4	4	57.539	pPt-650152	DArT_marker	cigar_liftover_v403_to_v61	57.539	57.5475	57.55	0.01099999999999568	57.539,57.547,57.548,57.55	pPt-537524,pPt-537778,pPt-537919,pPt-650152	DArT_marker	cigar_liftover_v403_to_v61
7	55420180	61.614	pPt-471273	DArT_marker	cigar_liftover_v403_to_v61	TableS4 marker lifted from PGSC/DM v4.03 to DM v6.1 using minimap2 PAF cg:Z CIGAR	1	1	61.614	pPt-471273	DArT_marker	cigar_liftover_v403_to_v61	61.614	61.614	61.614	0.0	61.614	pPt-471273	DArT_marker	cigar_liftover_v403_to_v61
7	55702706	62.147	pPt-656739	DArT_marker	cigar_liftover_v403_to_v61	TableS4 marker lifted from PGSC/DM v4.03 to DM v6.1 using minimap2 PAF cg:Z CIGAR	2	2	62.147	pPt-656739	DArT_marker	cigar_liftover_v403_to_v61	62.147	62.153499999999994	62.16	0.012999999999998124	62.147,62.16	pPt-654556,pPt-656739	DArT_marker	cigar_liftover_v403_to_v61
7	55767754	62.093	pPt-459335	DArT_marker	cigar_liftover_v403_to_v61	TableS4 marker lifted from PGSC/DM v4.03 to DM v6.1 using minimap2 PAF cg:Z CIGAR	2	2	62.093	pPt-459335	DArT_marker	cigar_liftover_v403_to_v61	62.093	62.133	62.173	0.0799999999999983	62.093,62.173	pPt-459335,pPt-539276	DArT_marker	cigar_liftover_v403_to_v61
7	56166710	63.43	pPt-456574	DArT_marker	cigar_liftover_v403_to_v61	TableS4 marker lifted from PGSC/DM v4.03 to DM v6.1 using minimap2 PAF cg:Z CIGAR	6	3	63.43	pPt-456574	DArT_marker	cigar_liftover_v403_to_v61	63.43	63.43	63.438	0.008000000000002672	63.43,63.43,63.43,63.43,63.434,63.438	pPt-456574,pPt-457779,pPt-457969,pPt-471686,pPt-471856,pPt-539050	DArT_marker	cigar_liftover_v403_to_v61
7	56384329	62.711	pPt-537071	DArT_marker	cigar_liftover_v403_to_v61	TableS4 marker lifted from PGSC/DM v4.03 to DM v6.1 using minimap2 PAF cg:Z CIGAR	3	3	62.711	pPt-537071	DArT_marker	cigar_liftover_v403_to_v61	62.711	62.719	62.737	0.026000000000003354	62.711,62.719,62.737	pPt-533574,pPt-535925,pPt-537071	DArT_marker	cigar_liftover_v403_to_v61
7	56445834	61.66	pPt-652491	DArT_marker	cigar_liftover_v403_to_v61	TableS4 marker lifted from PGSC/DM v4.03 to DM v6.1 using minimap2 PAF cg:Z CIGAR	1	1	61.66	pPt-652491	DArT_marker	cigar_liftover_v403_to_v61	61.66	61.66	61.66	0.0	61.66	pPt-652491	DArT_marker	cigar_liftover_v403_to_v61
7	56651862	63.806	solcap_snp_c1_8815	SNP	direct_spuddb_dm_v6_1	SolCAP SNP exact non-multimap position from SpudDB DM v6.1	1	1	63.806	solcap_snp_c1_8815	SNP	direct_spuddb_dm_v6_1	63.806	63.806	63.806	0.0	63.806	solcap_snp_c1_8815	SNP	direct_spuddb_dm_v6_1
7	56801943	62.715	pPt-653355	DArT_marker	cigar_liftover_v403_to_v61	TableS4 marker lifted from PGSC/DM v4.03 to DM v6.1 using minimap2 PAF cg:Z CIGAR	1	1	62.715	pPt-653355	DArT_marker	cigar_liftover_v403_to_v61	62.715	62.715	62.715	0.0	62.715	pPt-653355	DArT_marker	cigar_liftover_v403_to_v61
7	56916171	64.94	pPt-656876	DArT_marker	cigar_liftover_v403_to_v61	TableS4 marker lifted from PGSC/DM v4.03 to DM v6.1 using minimap2 PAF cg:Z CIGAR	1	1	64.94	pPt-656876	DArT_marker	cigar_liftover_v403_to_v61	64.94	64.94	64.94	0.0	64.94	pPt-656876	DArT_marker	cigar_liftover_v403_to_v61
7	57383958	67.064	STM3009	repeat_region	cigar_liftover_v403_to_v61	TableS4 marker lifted from PGSC/DM v4.03 to DM v6.1 using minimap2 PAF cg:Z CIGAR	1	1	67.064	STM3009	repeat_region	cigar_liftover_v403_to_v61	67.064	67.064	67.064	0.0	67.064	STM3009	repeat_region	cigar_liftover_v403_to_v61
7	57433724	66.796	MICRO.1437.C1_390	match	cigar_liftover_v403_to_v61	TableS4 marker lifted from PGSC/DM v4.03 to DM v6.1 using minimap2 PAF cg:Z CIGAR	1	1	66.796	MICRO.1437.C1_390	match	cigar_liftover_v403_to_v61	66.796	66.796	66.796	0.0	66.796	MICRO.1437.C1_390	match	cigar_liftover_v403_to_v61
8	2404959	11.123	pPt-536600	DArT_marker	cigar_liftover_v403_to_v61	TableS4 marker lifted from PGSC/DM v4.03 to DM v6.1 using minimap2 PAF cg:Z CIGAR	10	10	11.123	pPt-536600	DArT_marker	cigar_liftover_v403_to_v61	11.123	11.843	12.681	1.5579999999999998	11.123,11.496,11.818,11.836,11.838,11.848,12.158,12.255,12.38,12.681	pPt-535256,pPt-535397,pPt-536330,pPt-536600,pPt-536985,pPt-650234,pPt-654072,pPt-654186,pPt-654861,toPt-439085	DArT_marker	cigar_liftover_v403_to_v61
8	3532796	11.852	pPt-536257	DArT_marker	cigar_liftover_v403_to_v61	TableS4 marker lifted from PGSC/DM v4.03 to DM v6.1 using minimap2 PAF cg:Z CIGAR	2	2	11.852	pPt-536257	DArT_marker	cigar_liftover_v403_to_v61	11.852	11.913	11.974	0.12199999999999989	11.852,11.974	pPt-536257,pPt-650705	DArT_marker	cigar_liftover_v403_to_v61
8	4092287	10.679	solcap_snp_c1_7740	SNP	direct_spuddb_dm_v6_1	SolCAP SNP exact non-multimap position from SpudDB DM v6.1	1	1	10.679	solcap_snp_c1_7740	SNP	direct_spuddb_dm_v6_1	10.679	10.679	10.679	0.0	10.679	solcap_snp_c1_7740	SNP	direct_spuddb_dm_v6_1
8	4596385	12.496	solcap_snp_c1_10248	SNP	direct_spuddb_dm_v6_1	SolCAP SNP exact non-multimap position from SpudDB DM v6.1	1	1	12.496	solcap_snp_c1_10248	SNP	direct_spuddb_dm_v6_1	12.496	12.496	12.496	0.0	12.496	solcap_snp_c1_10248	SNP	direct_spuddb_dm_v6_1
8	5692745	14.87	pPt-552322	DArT_marker	cigar_liftover_v403_to_v61	TableS4 marker lifted from PGSC/DM v4.03 to DM v6.1 using minimap2 PAF cg:Z CIGAR	2	2	14.87	pPt-552322	DArT_marker	cigar_liftover_v403_to_v61	14.87	15.2875	15.705	0.8350000000000009	14.87,15.705	pPt-539822,pPt-552322	DArT_marker	cigar_liftover_v403_to_v61
8	6321786	15.476	solcap_snp_c1_8381	SNP	direct_spuddb_dm_v6_1	SolCAP SNP exact non-multimap position from SpudDB DM v6.1	1	1	15.476	solcap_snp_c1_8381	SNP	direct_spuddb_dm_v6_1	15.476	15.476	15.476	0.0	15.476	solcap_snp_c1_8381	SNP	direct_spuddb_dm_v6_1
8	6360631	17.137	pPt-538019	DArT_marker	cigar_liftover_v403_to_v61	TableS4 marker lifted from PGSC/DM v4.03 to DM v6.1 using minimap2 PAF cg:Z CIGAR	1	1	17.137	pPt-538019	DArT_marker	cigar_liftover_v403_to_v61	17.137	17.137	17.137	0.0	17.137	pPt-538019	DArT_marker	cigar_liftover_v403_to_v61
8	6621353	17.641	pPt-654824	DArT_marker	cigar_liftover_v403_to_v61	TableS4 marker lifted from PGSC/DM v4.03 to DM v6.1 using minimap2 PAF cg:Z CIGAR	1	1	17.641	pPt-654824	DArT_marker	cigar_liftover_v403_to_v61	17.641	17.641	17.641	0.0	17.641	pPt-654824	DArT_marker	cigar_liftover_v403_to_v61
8	6621355	16.622	toPt-441100	DArT_marker	cigar_liftover_v403_to_v61	TableS4 marker lifted from PGSC/DM v4.03 to DM v6.1 using minimap2 PAF cg:Z CIGAR	23	6	16.622	toPt-441100	DArT_marker	cigar_liftover_v403_to_v61	16.622	17.641	17.641	1.0189999999999984	16.622,17.621,17.626,17.627,17.634,17.641,17.641,17.641,17.641,17.641,17.641,17.641,17.641,17.641,17.641,17.641,17.641,17.641,17.641,17.641,17.641,17.641,17.641	pPt-456608,pPt-458451,pPt-458577,pPt-459421,pPt-472630,pPt-533828,pPt-534254,pPt-534865,pPt-534921,pPt-535317,pPt-535761,pPt-535784,pPt-535983,pPt-536560,pPt-537369,pPt-537915,pPt-539400,pPt-539876,pPt-552674,pPt-651799,...(+3)	DArT_marker	cigar_liftover_v403_to_v61
8	6846144	16.231	pPt-540163	DArT_marker	cigar_liftover_v403_to_v61	TableS4 marker lifted from PGSC/DM v4.03 to DM v6.1 using minimap2 PAF cg:Z CIGAR	1	1	16.231	pPt-540163	DArT_marker	cigar_liftover_v403_to_v61	16.231	16.231	16.231	0.0	16.231	pPt-540163	DArT_marker	cigar_liftover_v403_to_v61
8	6846218	16.242	pPt-535167	DArT_marker	cigar_liftover_v403_to_v61	TableS4 marker lifted from PGSC/DM v4.03 to DM v6.1 using minimap2 PAF cg:Z CIGAR	2	2	16.242	pPt-535167	DArT_marker	cigar_liftover_v403_to_v61	16.242	16.248	16.254	0.012000000000000455	16.242,16.254	pPt-535167,pPt-535564	DArT_marker	cigar_liftover_v403_to_v61
8	6846221	16.249	pPt-540053	DArT_marker	cigar_liftover_v403_to_v61	TableS4 marker lifted from PGSC/DM v4.03 to DM v6.1 using minimap2 PAF cg:Z CIGAR	1	1	16.249	pPt-540053	DArT_marker	cigar_liftover_v403_to_v61	16.249	16.249	16.249	0.0	16.249	pPt-540053	DArT_marker	cigar_liftover_v403_to_v61
8	6846460	16.254	pPt-472956	DArT_marker	cigar_liftover_v403_to_v61	TableS4 marker lifted from PGSC/DM v4.03 to DM v6.1 using minimap2 PAF cg:Z CIGAR	1	1	16.254	pPt-472956	DArT_marker	cigar_liftover_v403_to_v61	16.254	16.254	16.254	0.0	16.254	pPt-472956	DArT_marker	cigar_liftover_v403_to_v61
8	7332182	17.603	pPt-552386	DArT_marker	cigar_liftover_v403_to_v61	TableS4 marker lifted from PGSC/DM v4.03 to DM v6.1 using minimap2 PAF cg:Z CIGAR	8	4	17.603	pPt-552386	DArT_marker	cigar_liftover_v403_to_v61	17.603	17.641	17.641	0.0379999999999967	17.603,17.617,17.638,17.641,17.641,17.641,17.641,17.641	pPt-473632,pPt-473897,pPt-533695,pPt-536516,pPt-552386,pPt-650744,pPt-651154,pPt-653216	DArT_marker	cigar_liftover_v403_to_v61
8	8091997	16.102	solcap_snp_c1_15451	SNP	direct_spuddb_dm_v6_1	SolCAP SNP exact non-multimap position from SpudDB DM v6.1	1	1	16.102	solcap_snp_c1_15451	SNP	direct_spuddb_dm_v6_1	16.102	16.102	16.102	0.0	16.102	solcap_snp_c1_15451	SNP	direct_spuddb_dm_v6_1
8	8472056	17.856	solcap_snp_c1_14167	SNP	direct_spuddb_dm_v6_1	SolCAP SNP exact non-multimap position from SpudDB DM v6.1	1	1	17.856	solcap_snp_c1_14167	SNP	direct_spuddb_dm_v6_1	17.856	17.856	17.856	0.0	17.856	solcap_snp_c1_14167	SNP	direct_spuddb_dm_v6_1
8	30025471	19.828	solcap_snp_c1_6262	SNP	direct_spuddb_dm_v6_1	SolCAP SNP exact non-multimap position from SpudDB DM v6.1	1	1	19.828	solcap_snp_c1_6262	SNP	direct_spuddb_dm_v6_1	19.828	19.828	19.828	0.0	19.828	solcap_snp_c1_6262	SNP	direct_spuddb_dm_v6_1
8	32376862	21.378	pPt-458602	DArT_marker	cigar_liftover_v403_to_v61	TableS4 marker lifted from PGSC/DM v4.03 to DM v6.1 using minimap2 PAF cg:Z CIGAR	3	1	21.378	pPt-458602	DArT_marker	cigar_liftover_v403_to_v61	21.378	21.378	21.378	0.0	21.378,21.378,21.378	pPt-458602,pPt-471176,pPt-533735	DArT_marker	cigar_liftover_v403_to_v61
8	36863638	23.574	PM1305	repeat_region	cigar_liftover_v403_to_v61	TableS4 marker lifted from PGSC/DM v4.03 to DM v6.1 using minimap2 PAF cg:Z CIGAR	1	1	23.574	PM1305	repeat_region	cigar_liftover_v403_to_v61	23.574	23.574	23.574	0.0	23.574	PM1305	repeat_region	cigar_liftover_v403_to_v61
8	38130833	25.092	solcap_snp_c1_9824	SNP	direct_spuddb_dm_v6_1	SolCAP SNP exact non-multimap position from SpudDB DM v6.1	1	1	25.092	solcap_snp_c1_9824	SNP	direct_spuddb_dm_v6_1	25.092	25.092	25.092	0.0	25.092	solcap_snp_c1_9824	SNP	direct_spuddb_dm_v6_1
8	38300248	25.921	solcap_snp_c1_9821	SNP	direct_spuddb_dm_v6_1	SolCAP SNP exact non-multimap position from SpudDB DM v6.1	1	1	25.921	solcap_snp_c1_9821	SNP	direct_spuddb_dm_v6_1	25.921	25.921	25.921	0.0	25.921	solcap_snp_c1_9821	SNP	direct_spuddb_dm_v6_1
8	38684199	25.783	PM0495	repeat_region	cigar_liftover_v403_to_v61	TableS4 marker lifted from PGSC/DM v4.03 to DM v6.1 using minimap2 PAF cg:Z CIGAR	1	1	25.783	PM0495	repeat_region	cigar_liftover_v403_to_v61	25.783	25.783	25.783	0.0	25.783	PM0495	repeat_region	cigar_liftover_v403_to_v61
8	38961474	25.817	solcap_snp_c1_11720	SNP	direct_spuddb_dm_v6_1	SolCAP SNP exact non-multimap position from SpudDB DM v6.1	1	1	25.817	solcap_snp_c1_11720	SNP	direct_spuddb_dm_v6_1	25.817	25.817	25.817	0.0	25.817	solcap_snp_c1_11720	SNP	direct_spuddb_dm_v6_1
8	40872159	29.947	pPt-650709	DArT_marker	cigar_liftover_v403_to_v61	TableS4 marker lifted from PGSC/DM v4.03 to DM v6.1 using minimap2 PAF cg:Z CIGAR	1	1	29.947	pPt-650709	DArT_marker	cigar_liftover_v403_to_v61	29.947	29.947	29.947	0.0	29.947	pPt-650709	DArT_marker	cigar_liftover_v403_to_v61
8	40872315	29.939	pPt-457647	DArT_marker	cigar_liftover_v403_to_v61	TableS4 marker lifted from PGSC/DM v4.03 to DM v6.1 using minimap2 PAF cg:Z CIGAR	17	4	29.939	pPt-457647	DArT_marker	cigar_liftover_v403_to_v61	29.939	29.947	29.962	0.022999999999999687	29.939,29.947,29.947,29.947,29.947,29.947,29.947,29.947,29.947,29.947,29.947,29.947,29.947,29.947,29.958,29.962,29.962	pPt-456696,pPt-457647,pPt-471803,pPt-473966,pPt-533903,pPt-534611,pPt-534973,pPt-535207,pPt-536425,pPt-537375,pPt-552202,pPt-652007,pPt-652840,pPt-653294,pPt-653371,pPt-655322,pPt-655913	DArT_marker	cigar_liftover_v403_to_v61
8	40872318	29.947	pPt-559585	DArT_marker	cigar_liftover_v403_to_v61	TableS4 marker lifted from PGSC/DM v4.03 to DM v6.1 using minimap2 PAF cg:Z CIGAR	1	1	29.947	pPt-559585	DArT_marker	cigar_liftover_v403_to_v61	29.947	29.947	29.947	0.0	29.947	pPt-559585	DArT_marker	cigar_liftover_v403_to_v61
8	42826029	26.91	pPt-653036	DArT_marker	cigar_liftover_v403_to_v61	TableS4 marker lifted from PGSC/DM v4.03 to DM v6.1 using minimap2 PAF cg:Z CIGAR	1	1	26.91	pPt-653036	DArT_marker	cigar_liftover_v403_to_v61	26.91	26.91	26.91	0.0	26.91	pPt-653036	DArT_marker	cigar_liftover_v403_to_v61
8	42826030	26.294	pPt-536995	DArT_marker	cigar_liftover_v403_to_v61	TableS4 marker lifted from PGSC/DM v4.03 to DM v6.1 using minimap2 PAF cg:Z CIGAR	2	2	26.294	pPt-536995	DArT_marker	cigar_liftover_v403_to_v61	26.294	26.497	26.7	0.4059999999999988	26.294,26.7	pPt-534622,pPt-536995	DArT_marker	cigar_liftover_v403_to_v61
8	43117840	27.618	solcap_snp_c1_14109	SNP	direct_spuddb_dm_v6_1	SolCAP SNP exact non-multimap position from SpudDB DM v6.1	1	1	27.618	solcap_snp_c1_14109	SNP	direct_spuddb_dm_v6_1	27.618	27.618	27.618	0.0	27.618	solcap_snp_c1_14109	SNP	direct_spuddb_dm_v6_1
8	44459370	29.081	solcap_snp_c1_12166	SNP	direct_spuddb_dm_v6_1	SolCAP SNP exact non-multimap position from SpudDB DM v6.1	1	1	29.081	solcap_snp_c1_12166	SNP	direct_spuddb_dm_v6_1	29.081	29.081	29.081	0.0	29.081	solcap_snp_c1_12166	SNP	direct_spuddb_dm_v6_1
8	45919434	37.056	solcap_snp_c1_6029	SNP	direct_spuddb_dm_v6_1	SolCAP SNP exact non-multimap position from SpudDB DM v6.1	1	1	37.056	solcap_snp_c1_6029	SNP	direct_spuddb_dm_v6_1	37.056	37.056	37.056	0.0	37.056	solcap_snp_c1_6029	SNP	direct_spuddb_dm_v6_1
8	47690843	38.252	solcap_snp_c1_5094	SNP	direct_spuddb_dm_v6_1	SolCAP SNP exact non-multimap position from SpudDB DM v6.1	1	1	38.252	solcap_snp_c1_5094	SNP	direct_spuddb_dm_v6_1	38.252	38.252	38.252	0.0	38.252	solcap_snp_c1_5094	SNP	direct_spuddb_dm_v6_1
8	47850822	55.508	pPt-539116	DArT_marker	cigar_liftover_v403_to_v61	TableS4 marker lifted from PGSC/DM v4.03 to DM v6.1 using minimap2 PAF cg:Z CIGAR	1	1	55.508	pPt-539116	DArT_marker	cigar_liftover_v403_to_v61	55.508	55.508	55.508	0.0	55.508	pPt-539116	DArT_marker	cigar_liftover_v403_to_v61
8	49096599	40.105	pPt-458325	DArT_marker	cigar_liftover_v403_to_v61	TableS4 marker lifted from PGSC/DM v4.03 to DM v6.1 using minimap2 PAF cg:Z CIGAR	1	1	40.105	pPt-458325	DArT_marker	cigar_liftover_v403_to_v61	40.105	40.105	40.105	0.0	40.105	pPt-458325	DArT_marker	cigar_liftover_v403_to_v61
8	49097136	40.171	pPt-470707	DArT_marker	cigar_liftover_v403_to_v61	TableS4 marker lifted from PGSC/DM v4.03 to DM v6.1 using minimap2 PAF cg:Z CIGAR	1	1	40.171	pPt-470707	DArT_marker	cigar_liftover_v403_to_v61	40.171	40.171	40.171	0.0	40.171	pPt-470707	DArT_marker	cigar_liftover_v403_to_v61
8	49097627	38.768	pPt-538788	DArT_marker	cigar_liftover_v403_to_v61	TableS4 marker lifted from PGSC/DM v4.03 to DM v6.1 using minimap2 PAF cg:Z CIGAR	2	2	38.768	pPt-538788	DArT_marker	cigar_liftover_v403_to_v61	38.768	39.9715	41.175	2.4069999999999965	38.768,41.175	pPt-538788,pPt-540454	DArT_marker	cigar_liftover_v403_to_v61
8	49098091	39.358	pPt-654934	DArT_marker	cigar_liftover_v403_to_v61	TableS4 marker lifted from PGSC/DM v4.03 to DM v6.1 using minimap2 PAF cg:Z CIGAR	1	1	39.358	pPt-654934	DArT_marker	cigar_liftover_v403_to_v61	39.358	39.358	39.358	0.0	39.358	pPt-654934	DArT_marker	cigar_liftover_v403_to_v61
8	50132511	48.691	pPt-471414	DArT_marker	cigar_liftover_v403_to_v61	TableS4 marker lifted from PGSC/DM v4.03 to DM v6.1 using minimap2 PAF cg:Z CIGAR	1	1	48.691	pPt-471414	DArT_marker	cigar_liftover_v403_to_v61	48.691	48.691	48.691	0.0	48.691	pPt-471414	DArT_marker	cigar_liftover_v403_to_v61
8	50559167	47.864	pPt-652927	DArT_marker	cigar_liftover_v403_to_v61	TableS4 marker lifted from PGSC/DM v4.03 to DM v6.1 using minimap2 PAF cg:Z CIGAR	1	1	47.864	pPt-652927	DArT_marker	cigar_liftover_v403_to_v61	47.864	47.864	47.864	0.0	47.864	pPt-652927	DArT_marker	cigar_liftover_v403_to_v61
8	51453176	42.436	pPt-540363	DArT_marker	cigar_liftover_v403_to_v61	TableS4 marker lifted from PGSC/DM v4.03 to DM v6.1 using minimap2 PAF cg:Z CIGAR	1	1	42.436	pPt-540363	DArT_marker	cigar_liftover_v403_to_v61	42.436	42.436	42.436	0.0	42.436	pPt-540363	DArT_marker	cigar_liftover_v403_to_v61
8	52479275	52.899	pPt-552015	DArT_marker	cigar_liftover_v403_to_v61	TableS4 marker lifted from PGSC/DM v4.03 to DM v6.1 using minimap2 PAF cg:Z CIGAR	3	3	52.899	pPt-552015	DArT_marker	cigar_liftover_v403_to_v61	52.899	54.0	54.038	1.1389999999999958	52.899,54.0,54.038	pPt-472125,pPt-552015,pPt-552419	DArT_marker	cigar_liftover_v403_to_v61
8	52515079	56.397	STI0022	repeat_region	cigar_liftover_v403_to_v61	TableS4 marker lifted from PGSC/DM v4.03 to DM v6.1 using minimap2 PAF cg:Z CIGAR	1	1	56.397	STI0022	repeat_region	cigar_liftover_v403_to_v61	56.397	56.397	56.397	0.0	56.397	STI0022	repeat_region	cigar_liftover_v403_to_v61
8	52622373	56.619	pPt-472750	DArT_marker	cigar_liftover_v403_to_v61	TableS4 marker lifted from PGSC/DM v4.03 to DM v6.1 using minimap2 PAF cg:Z CIGAR	1	1	56.619	pPt-472750	DArT_marker	cigar_liftover_v403_to_v61	56.619	56.619	56.619	0.0	56.619	pPt-472750	DArT_marker	cigar_liftover_v403_to_v61
8	53103373	55.508	pPt-457562	DArT_marker	cigar_liftover_v403_to_v61	TableS4 marker lifted from PGSC/DM v4.03 to DM v6.1 using minimap2 PAF cg:Z CIGAR	5	1	55.508	pPt-457562	DArT_marker	cigar_liftover_v403_to_v61	55.508	55.508	55.508	0.0	55.508,55.508,55.508,55.508,55.508	pPt-457562,pPt-650700,pPt-651318,pPt-656593,pPt-657155	DArT_marker	cigar_liftover_v403_to_v61
8	53149549	55.981	pPt-533914	DArT_marker	cigar_liftover_v403_to_v61	TableS4 marker lifted from PGSC/DM v4.03 to DM v6.1 using minimap2 PAF cg:Z CIGAR	10	3	55.981	pPt-533914	DArT_marker	cigar_liftover_v403_to_v61	55.981	55.99	56.128	0.14699999999999847	55.981,55.99,55.99,55.99,55.99,55.99,55.99,55.99,55.99,56.128	pPt-456633,pPt-471609,pPt-472146,pPt-533914,pPt-534069,pPt-535408,pPt-650451,pPt-653213,pPt-654390,pPt-654681	DArT_marker	cigar_liftover_v403_to_v61
8	53301457	55.99	pPt-653413	DArT_marker	cigar_liftover_v403_to_v61	TableS4 marker lifted from PGSC/DM v4.03 to DM v6.1 using minimap2 PAF cg:Z CIGAR	1	1	55.99	pPt-653413	DArT_marker	cigar_liftover_v403_to_v61	55.99	55.99	55.99	0.0	55.99	pPt-653413	DArT_marker	cigar_liftover_v403_to_v61
8	53440117	55.99	pPt-534647	DArT_marker	cigar_liftover_v403_to_v61	TableS4 marker lifted from PGSC/DM v4.03 to DM v6.1 using minimap2 PAF cg:Z CIGAR	7	1	55.99	pPt-534647	DArT_marker	cigar_liftover_v403_to_v61	55.99	55.99	55.99	0.0	55.99,55.99,55.99,55.99,55.99,55.99,55.99	pPt-534647,pPt-537695,pPt-539449,pPt-540054,pPt-540397,pPt-552215,pPt-552409	DArT_marker	cigar_liftover_v403_to_v61
8	53440159	55.985	pPt-539475	DArT_marker	cigar_liftover_v403_to_v61	TableS4 marker lifted from PGSC/DM v4.03 to DM v6.1 using minimap2 PAF cg:Z CIGAR	11	2	55.985	pPt-539475	DArT_marker	cigar_liftover_v403_to_v61	55.985	55.99	55.99	0.005000000000002558	55.985,55.99,55.99,55.99,55.99,55.99,55.99,55.99,55.99,55.99,55.99	pPt-459284,pPt-459500,pPt-534054,pPt-535433,pPt-539475,pPt-539923,pPt-653826,pPt-654553,pPt-654580,pPt-655076,pPt-656301	DArT_marker	cigar_liftover_v403_to_v61
8	54709742	57.256	toPt-441074	DArT_marker	cigar_liftover_v403_to_v61	TableS4 marker lifted from PGSC/DM v4.03 to DM v6.1 using minimap2 PAF cg:Z CIGAR	1	1	57.256	toPt-441074	DArT_marker	cigar_liftover_v403_to_v61	57.256	57.256	57.256	0.0	57.256	toPt-441074	DArT_marker	cigar_liftover_v403_to_v61
8	55027732	60.448	PM1350	repeat_region	cigar_liftover_v403_to_v61	TableS4 marker lifted from PGSC/DM v4.03 to DM v6.1 using minimap2 PAF cg:Z CIGAR	1	1	60.448	PM1350	repeat_region	cigar_liftover_v403_to_v61	60.448	60.448	60.448	0.0	60.448	PM1350	repeat_region	cigar_liftover_v403_to_v61
8	56271396	59.685	solcap_snp_c1_8296	SNP	direct_spuddb_dm_v6_1	SolCAP SNP exact non-multimap position from SpudDB DM v6.1	1	1	59.685	solcap_snp_c1_8296	SNP	direct_spuddb_dm_v6_1	59.685	59.685	59.685	0.0	59.685	solcap_snp_c1_8296	SNP	direct_spuddb_dm_v6_1
8	57177168	62.25	solcap_snp_c1_5485	SNP	direct_spuddb_dm_v6_1	SolCAP SNP exact non-multimap position from SpudDB DM v6.1	1	1	62.25	solcap_snp_c1_5485	SNP	direct_spuddb_dm_v6_1	62.25	62.25	62.25	0.0	62.25	solcap_snp_c1_5485	SNP	direct_spuddb_dm_v6_1
8	57178514	62.647	pPt-654618	DArT_marker	cigar_liftover_v403_to_v61	TableS4 marker lifted from PGSC/DM v4.03 to DM v6.1 using minimap2 PAF cg:Z CIGAR	2	2	62.647	pPt-654618	DArT_marker	cigar_liftover_v403_to_v61	62.647	62.647999999999996	62.649	0.0020000000000024443	62.647,62.649	pPt-534465,pPt-654618	DArT_marker	cigar_liftover_v403_to_v61
8	57274863	62.253	solcap_snp_c1_5509	SNP	direct_spuddb_dm_v6_1	SolCAP SNP exact non-multimap position from SpudDB DM v6.1	1	1	62.253	solcap_snp_c1_5509	SNP	direct_spuddb_dm_v6_1	62.253	62.253	62.253	0.0	62.253	solcap_snp_c1_5509	SNP	direct_spuddb_dm_v6_1
8	57290176	62.647	pPt-559141	DArT_marker	cigar_liftover_v403_to_v61	TableS4 marker lifted from PGSC/DM v4.03 to DM v6.1 using minimap2 PAF cg:Z CIGAR	1	1	62.647	pPt-559141	DArT_marker	cigar_liftover_v403_to_v61	62.647	62.647	62.647	0.0	62.647	pPt-559141	DArT_marker	cigar_liftover_v403_to_v61
8	57290181	62.647	pPt-655892	DArT_marker	cigar_liftover_v403_to_v61	TableS4 marker lifted from PGSC/DM v4.03 to DM v6.1 using minimap2 PAF cg:Z CIGAR	1	1	62.647	pPt-655892	DArT_marker	cigar_liftover_v403_to_v61	62.647	62.647	62.647	0.0	62.647	pPt-655892	DArT_marker	cigar_liftover_v403_to_v61
8	57358335	63.404	solcap_snp_c1_5532	SNP	direct_spuddb_dm_v6_1	SolCAP SNP exact non-multimap position from SpudDB DM v6.1	1	1	63.404	solcap_snp_c1_5532	SNP	direct_spuddb_dm_v6_1	63.404	63.404	63.404	0.0	63.404	solcap_snp_c1_5532	SNP	direct_spuddb_dm_v6_1
8	57510401	63.222	pPt-472859	DArT_marker	cigar_liftover_v403_to_v61	TableS4 marker lifted from PGSC/DM v4.03 to DM v6.1 using minimap2 PAF cg:Z CIGAR	4	1	63.222	pPt-472859	DArT_marker	cigar_liftover_v403_to_v61	63.222	63.222	63.222	0.0	63.222,63.222,63.222,63.222	pPt-472859,pPt-534737,pPt-538016,pPt-652905	DArT_marker	cigar_liftover_v403_to_v61
8	57639250	64.333	MICRO.9324.C1_542	match	cigar_liftover_v403_to_v61	TableS4 marker lifted from PGSC/DM v4.03 to DM v6.1 using minimap2 PAF cg:Z CIGAR	1	1	64.333	MICRO.9324.C1_542	match	cigar_liftover_v403_to_v61	64.333	64.333	64.333	0.0	64.333	MICRO.9324.C1_542	match	cigar_liftover_v403_to_v61
8	57690192	64.687	solcap_snp_c1_5605	SNP	direct_spuddb_dm_v6_1	SolCAP SNP exact non-multimap position from SpudDB DM v6.1	1	1	64.687	solcap_snp_c1_5605	SNP	direct_spuddb_dm_v6_1	64.687	64.687	64.687	0.0	64.687	solcap_snp_c1_5605	SNP	direct_spuddb_dm_v6_1
8	57771519	64.377	solcap_snp_c1_5612	SNP	direct_spuddb_dm_v6_1	SolCAP SNP exact non-multimap position from SpudDB DM v6.1	1	1	64.377	solcap_snp_c1_5612	SNP	direct_spuddb_dm_v6_1	64.377	64.377	64.377	0.0	64.377	solcap_snp_c1_5612	SNP	direct_spuddb_dm_v6_1
8	57947606	63.83	pPt-534657	DArT_marker	cigar_liftover_v403_to_v61	TableS4 marker lifted from PGSC/DM v4.03 to DM v6.1 using minimap2 PAF cg:Z CIGAR	3	2	63.83	pPt-534657	DArT_marker	cigar_liftover_v403_to_v61	63.83	63.831	63.831	0.0010000000000047748	63.83,63.831,63.831	pPt-534657,pPt-535660,pPt-537356	DArT_marker	cigar_liftover_v403_to_v61
8	57947687	63.741	pPt-456511	DArT_marker	cigar_liftover_v403_to_v61	TableS4 marker lifted from PGSC/DM v4.03 to DM v6.1 using minimap2 PAF cg:Z CIGAR	9	5	63.741	pPt-456511	DArT_marker	cigar_liftover_v403_to_v61	63.741	63.83	63.946	0.2049999999999983	63.741,63.83,63.83,63.83,63.83,63.83,63.839,63.869,63.946	pPt-456511,pPt-456583,pPt-458832,pPt-472371,pPt-472709,pPt-473215,pPt-650038,pPt-651102,pPt-651563	DArT_marker	cigar_liftover_v403_to_v61
8	57962958	65.034	pPt-471848	DArT_marker	cigar_liftover_v403_to_v61	TableS4 marker lifted from PGSC/DM v4.03 to DM v6.1 using minimap2 PAF cg:Z CIGAR	1	1	65.034	pPt-471848	DArT_marker	cigar_liftover_v403_to_v61	65.034	65.034	65.034	0.0	65.034	pPt-471848	DArT_marker	cigar_liftover_v403_to_v61
8	58072885	63.683	toPt-438550	DArT_marker	cigar_liftover_v403_to_v61	TableS4 marker lifted from PGSC/DM v4.03 to DM v6.1 using minimap2 PAF cg:Z CIGAR	10	9	63.683	toPt-438550	DArT_marker	cigar_liftover_v403_to_v61	63.683	63.727999999999994	63.806	0.12299999999999756	63.683,63.724,63.726,63.726,63.727,63.729,63.73,63.733,63.798,63.806	pPt-651985,pPt-653047,pPt-655827,toPt-436952,toPt-438550,toPt-439069,toPt-439386,toPt-440196,toPt-440354,toPt-440599	DArT_marker	cigar_liftover_v403_to_v61
8	58422287	65.698	solcap_snp_c1_5166	SNP	direct_spuddb_dm_v6_1	SolCAP SNP exact non-multimap position from SpudDB DM v6.1	1	1	65.698	solcap_snp_c1_5166	SNP	direct_spuddb_dm_v6_1	65.698	65.698	65.698	0.0	65.698	solcap_snp_c1_5166	SNP	direct_spuddb_dm_v6_1
8	58604496	66.412	pPt-651323	DArT_marker	cigar_liftover_v403_to_v61	TableS4 marker lifted from PGSC/DM v4.03 to DM v6.1 using minimap2 PAF cg:Z CIGAR	1	1	66.412	pPt-651323	DArT_marker	cigar_liftover_v403_to_v61	66.412	66.412	66.412	0.0	66.412	pPt-651323	DArT_marker	cigar_liftover_v403_to_v61
8	58624649	65.997	PM0024	repeat_region	cigar_liftover_v403_to_v61	TableS4 marker lifted from PGSC/DM v4.03 to DM v6.1 using minimap2 PAF cg:Z CIGAR	1	1	65.997	PM0024	repeat_region	cigar_liftover_v403_to_v61	65.997	65.997	65.997	0.0	65.997	PM0024	repeat_region	cigar_liftover_v403_to_v61
8	58764444	67.791	pPt-457615	DArT_marker	cigar_liftover_v403_to_v61	TableS4 marker lifted from PGSC/DM v4.03 to DM v6.1 using minimap2 PAF cg:Z CIGAR	1	1	67.791	pPt-457615	DArT_marker	cigar_liftover_v403_to_v61	67.791	67.791	67.791	0.0	67.791	pPt-457615	DArT_marker	cigar_liftover_v403_to_v61
8	58764544	65.62	pPt-536343	DArT_marker	cigar_liftover_v403_to_v61	TableS4 marker lifted from PGSC/DM v4.03 to DM v6.1 using minimap2 PAF cg:Z CIGAR	2	1	65.62	pPt-536343	DArT_marker	cigar_liftover_v403_to_v61	65.62	65.62	65.62	0.0	65.62,65.62	pPt-536343,pPt-653345	DArT_marker	cigar_liftover_v403_to_v61
8	59058754	65.895	pPt-458570	DArT_marker	cigar_liftover_v403_to_v61	TableS4 marker lifted from PGSC/DM v4.03 to DM v6.1 using minimap2 PAF cg:Z CIGAR	1	1	65.895	pPt-458570	DArT_marker	cigar_liftover_v403_to_v61	65.895	65.895	65.895	0.0	65.895	pPt-458570	DArT_marker	cigar_liftover_v403_to_v61
8	59147191	66.946	STGBSS	repeat_region	cigar_liftover_v403_to_v61	TableS4 marker lifted from PGSC/DM v4.03 to DM v6.1 using minimap2 PAF cg:Z CIGAR	1	1	66.946	STGBSS	repeat_region	cigar_liftover_v403_to_v61	66.946	66.946	66.946	0.0	66.946	STGBSS	repeat_region	cigar_liftover_v403_to_v61
8	59147419	66.376	STM1105	repeat_region	cigar_liftover_v403_to_v61	TableS4 marker lifted from PGSC/DM v4.03 to DM v6.1 using minimap2 PAF cg:Z CIGAR	1	1	66.376	STM1105	repeat_region	cigar_liftover_v403_to_v61	66.376	66.376	66.376	0.0	66.376	STM1105	repeat_region	cigar_liftover_v403_to_v61
9	831875	4.927	solcap_snp_c1_14376	SNP	direct_spuddb_dm_v6_1	SolCAP SNP exact non-multimap position from SpudDB DM v6.1	1	1	4.927	solcap_snp_c1_14376	SNP	direct_spuddb_dm_v6_1	4.927	4.927	4.927	0.0	4.927	solcap_snp_c1_14376	SNP	direct_spuddb_dm_v6_1
9	2345795	15.594	pPt-458562	DArT_marker	cigar_liftover_v403_to_v61	TableS4 marker lifted from PGSC/DM v4.03 to DM v6.1 using minimap2 PAF cg:Z CIGAR	1	1	15.594	pPt-458562	DArT_marker	cigar_liftover_v403_to_v61	15.594	15.594	15.594	0.0	15.594	pPt-458562	DArT_marker	cigar_liftover_v403_to_v61
9	2345796	15.594	pPt-654539	DArT_marker	cigar_liftover_v403_to_v61	TableS4 marker lifted from PGSC/DM v4.03 to DM v6.1 using minimap2 PAF cg:Z CIGAR	2	1	15.594	pPt-654539	DArT_marker	cigar_liftover_v403_to_v61	15.594	15.594	15.594	0.0	15.594,15.594	pPt-654539,toPt-439769	DArT_marker	cigar_liftover_v403_to_v61
9	2345959	15.561	pPt-535215	DArT_marker	cigar_liftover_v403_to_v61	TableS4 marker lifted from PGSC/DM v4.03 to DM v6.1 using minimap2 PAF cg:Z CIGAR	3	2	15.561	pPt-535215	DArT_marker	cigar_liftover_v403_to_v61	15.561	15.594	15.594	0.032999999999999474	15.561,15.594,15.594	pPt-535215,pPt-535707,pPt-536424	DArT_marker	cigar_liftover_v403_to_v61
9	2544553	15.584	pPt-654939	DArT_marker	cigar_liftover_v403_to_v61	TableS4 marker lifted from PGSC/DM v4.03 to DM v6.1 using minimap2 PAF cg:Z CIGAR	1	1	15.584	pPt-654939	DArT_marker	cigar_liftover_v403_to_v61	15.584	15.584	15.584	0.0	15.584	pPt-654939	DArT_marker	cigar_liftover_v403_to_v61
9	3476267	17.957	PM0054	repeat_region	cigar_liftover_v403_to_v61	TableS4 marker lifted from PGSC/DM v4.03 to DM v6.1 using minimap2 PAF cg:Z CIGAR	1	1	17.957	PM0054	repeat_region	cigar_liftover_v403_to_v61	17.957	17.957	17.957	0.0	17.957	PM0054	repeat_region	cigar_liftover_v403_to_v61
9	3571359	19.944	STM5145	repeat_region	cigar_liftover_v403_to_v61	TableS4 marker lifted from PGSC/DM v4.03 to DM v6.1 using minimap2 PAF cg:Z CIGAR	1	1	19.944	STM5145	repeat_region	cigar_liftover_v403_to_v61	19.944	19.944	19.944	0.0	19.944	STM5145	repeat_region	cigar_liftover_v403_to_v61
9	4114138	20.566	solcap_snp_c1_1426	SNP	direct_spuddb_dm_v6_1	SolCAP SNP exact non-multimap position from SpudDB DM v6.1	1	1	20.566	solcap_snp_c1_1426	SNP	direct_spuddb_dm_v6_1	20.566	20.566	20.566	0.0	20.566	solcap_snp_c1_1426	SNP	direct_spuddb_dm_v6_1
9	9559911	33.402	toPt-440358	DArT_marker	cigar_liftover_v403_to_v61	TableS4 marker lifted from PGSC/DM v4.03 to DM v6.1 using minimap2 PAF cg:Z CIGAR	1	1	33.402	toPt-440358	DArT_marker	cigar_liftover_v403_to_v61	33.402	33.402	33.402	0.0	33.402	toPt-440358	DArT_marker	cigar_liftover_v403_to_v61
9	12397029	40.061	PM1307	repeat_region	cigar_liftover_v403_to_v61	TableS4 marker lifted from PGSC/DM v4.03 to DM v6.1 using minimap2 PAF cg:Z CIGAR	1	1	40.061	PM1307	repeat_region	cigar_liftover_v403_to_v61	40.061	40.061	40.061	0.0	40.061	PM1307	repeat_region	cigar_liftover_v403_to_v61
9	18288931	39.474	pPt-472210	DArT_marker	cigar_liftover_v403_to_v61	TableS4 marker lifted from PGSC/DM v4.03 to DM v6.1 using minimap2 PAF cg:Z CIGAR	4	2	39.474	pPt-472210	DArT_marker	cigar_liftover_v403_to_v61	39.474	39.53	39.586	0.11200000000000188	39.474,39.474,39.586,39.586	pPt-472210,pPt-651294,pPt-656396,pPt-656821	DArT_marker	cigar_liftover_v403_to_v61
9	18288987	39.586	pPt-657409	DArT_marker	cigar_liftover_v403_to_v61	TableS4 marker lifted from PGSC/DM v4.03 to DM v6.1 using minimap2 PAF cg:Z CIGAR	1	1	39.586	pPt-657409	DArT_marker	cigar_liftover_v403_to_v61	39.586	39.586	39.586	0.0	39.586	pPt-657409	DArT_marker	cigar_liftover_v403_to_v61
9	34137871	39.625	solcap_snp_c1_2319	SNP	direct_spuddb_dm_v6_1	SolCAP SNP exact non-multimap position from SpudDB DM v6.1	1	1	39.625	solcap_snp_c1_2319	SNP	direct_spuddb_dm_v6_1	39.625	39.625	39.625	0.0	39.625	solcap_snp_c1_2319	SNP	direct_spuddb_dm_v6_1
9	43274545	39.59	pPt-651168	DArT_marker	cigar_liftover_v403_to_v61	TableS4 marker lifted from PGSC/DM v4.03 to DM v6.1 using minimap2 PAF cg:Z CIGAR	1	1	39.59	pPt-651168	DArT_marker	cigar_liftover_v403_to_v61	39.59	39.59	39.59	0.0	39.59	pPt-651168	DArT_marker	cigar_liftover_v403_to_v61
9	43807359	39.406	st_2663	repeat_region	cigar_liftover_v403_to_v61	TableS4 marker lifted from PGSC/DM v4.03 to DM v6.1 using minimap2 PAF cg:Z CIGAR	1	1	39.406	st_2663	repeat_region	cigar_liftover_v403_to_v61	39.406	39.406	39.406	0.0	39.406	st_2663	repeat_region	cigar_liftover_v403_to_v61
9	46801848	39.514	solcap_snp_c1_8209	SNP	direct_spuddb_dm_v6_1	SolCAP SNP exact non-multimap position from SpudDB DM v6.1	1	1	39.514	solcap_snp_c1_8209	SNP	direct_spuddb_dm_v6_1	39.514	39.514	39.514	0.0	39.514	solcap_snp_c1_8209	SNP	direct_spuddb_dm_v6_1
9	51477883	40.83	pPt-559310	DArT_marker	cigar_liftover_v403_to_v61	TableS4 marker lifted from PGSC/DM v4.03 to DM v6.1 using minimap2 PAF cg:Z CIGAR	1	1	40.83	pPt-559310	DArT_marker	cigar_liftover_v403_to_v61	40.83	40.83	40.83	0.0	40.83	pPt-559310	DArT_marker	cigar_liftover_v403_to_v61
9	52227267	38.757	toPt-439232	DArT_marker	cigar_liftover_v403_to_v61	TableS4 marker lifted from PGSC/DM v4.03 to DM v6.1 using minimap2 PAF cg:Z CIGAR	1	1	38.757	toPt-439232	DArT_marker	cigar_liftover_v403_to_v61	38.757	38.757	38.757	0.0	38.757	toPt-439232	DArT_marker	cigar_liftover_v403_to_v61
9	52971231	39.275	pPt-655972	DArT_marker	cigar_liftover_v403_to_v61	TableS4 marker lifted from PGSC/DM v4.03 to DM v6.1 using minimap2 PAF cg:Z CIGAR	1	1	39.275	pPt-655972	DArT_marker	cigar_liftover_v403_to_v61	39.275	39.275	39.275	0.0	39.275	pPt-655972	DArT_marker	cigar_liftover_v403_to_v61
9	53488920	48.091	pPt-535745	DArT_marker	cigar_liftover_v403_to_v61	TableS4 marker lifted from PGSC/DM v4.03 to DM v6.1 using minimap2 PAF cg:Z CIGAR	1	1	48.091	pPt-535745	DArT_marker	cigar_liftover_v403_to_v61	48.091	48.091	48.091	0.0	48.091	pPt-535745	DArT_marker	cigar_liftover_v403_to_v61
9	54181202	45.609	solcap_snp_c1_12794	SNP	direct_spuddb_dm_v6_1	SolCAP SNP exact non-multimap position from SpudDB DM v6.1	1	1	45.609	solcap_snp_c1_12794	SNP	direct_spuddb_dm_v6_1	45.609	45.609	45.609	0.0	45.609	solcap_snp_c1_12794	SNP	direct_spuddb_dm_v6_1
9	54297084	45.817	solcap_snp_c1_12802	SNP	direct_spuddb_dm_v6_1	SolCAP SNP exact non-multimap position from SpudDB DM v6.1	1	1	45.817	solcap_snp_c1_12802	SNP	direct_spuddb_dm_v6_1	45.817	45.817	45.817	0.0	45.817	solcap_snp_c1_12802	SNP	direct_spuddb_dm_v6_1
9	54406078	49.282	MICRO.637.C1_809	match	cigar_liftover_v403_to_v61	TableS4 marker lifted from PGSC/DM v4.03 to DM v6.1 using minimap2 PAF cg:Z CIGAR	1	1	49.282	MICRO.637.C1_809	match	cigar_liftover_v403_to_v61	49.282	49.282	49.282	0.0	49.282	MICRO.637.C1_809	match	cigar_liftover_v403_to_v61
9	54716891	46.308	MICRO.1131.C1_434	match	cigar_liftover_v403_to_v61	TableS4 marker lifted from PGSC/DM v4.03 to DM v6.1 using minimap2 PAF cg:Z CIGAR	1	1	46.308	MICRO.1131.C1_434	match	cigar_liftover_v403_to_v61	46.308	46.308	46.308	0.0	46.308	MICRO.1131.C1_434	match	cigar_liftover_v403_to_v61
9	54815626	46.593	solcap_snp_c1_6181	SNP	direct_spuddb_dm_v6_1	SolCAP SNP exact non-multimap position from SpudDB DM v6.1	1	1	46.593	solcap_snp_c1_6181	SNP	direct_spuddb_dm_v6_1	46.593	46.593	46.593	0.0	46.593	solcap_snp_c1_6181	SNP	direct_spuddb_dm_v6_1
9	54925535	47.698	pPt-657115	DArT_marker	cigar_liftover_v403_to_v61	TableS4 marker lifted from PGSC/DM v4.03 to DM v6.1 using minimap2 PAF cg:Z CIGAR	1	1	47.698	pPt-657115	DArT_marker	cigar_liftover_v403_to_v61	47.698	47.698	47.698	0.0	47.698	pPt-657115	DArT_marker	cigar_liftover_v403_to_v61
9	55253949	51.48	solcap_snp_c1_13514	SNP	direct_spuddb_dm_v6_1	SolCAP SNP exact non-multimap position from SpudDB DM v6.1	1	1	51.48	solcap_snp_c1_13514	SNP	direct_spuddb_dm_v6_1	51.48	51.48	51.48	0.0	51.48	solcap_snp_c1_13514	SNP	direct_spuddb_dm_v6_1
9	55353103	56.142	solcap_snp_c1_13519	SNP	direct_spuddb_dm_v6_1	SolCAP SNP exact non-multimap position from SpudDB DM v6.1	1	1	56.142	solcap_snp_c1_13519	SNP	direct_spuddb_dm_v6_1	56.142	56.142	56.142	0.0	56.142	solcap_snp_c1_13519	SNP	direct_spuddb_dm_v6_1
9	56104281	50.736	solcap_snp_c1_16459	SNP	direct_spuddb_dm_v6_1	SolCAP SNP exact non-multimap position from SpudDB DM v6.1	1	1	50.736	solcap_snp_c1_16459	SNP	direct_spuddb_dm_v6_1	50.736	50.736	50.736	0.0	50.736	solcap_snp_c1_16459	SNP	direct_spuddb_dm_v6_1
9	56226267	51.182	pPt-656192	DArT_marker	cigar_liftover_v403_to_v61	TableS4 marker lifted from PGSC/DM v4.03 to DM v6.1 using minimap2 PAF cg:Z CIGAR	3	2	51.182	pPt-656192	DArT_marker	cigar_liftover_v403_to_v61	51.182	51.182	51.631	0.44899999999999807	51.182,51.182,51.631	pPt-656192,pPt-656602,toPt-437343	DArT_marker	cigar_liftover_v403_to_v61
9	56552391	54.987	solcap_snp_c1_11692	SNP	direct_spuddb_dm_v6_1	SolCAP SNP exact non-multimap position from SpudDB DM v6.1	1	1	54.987	solcap_snp_c1_11692	SNP	direct_spuddb_dm_v6_1	54.987	54.987	54.987	0.0	54.987	solcap_snp_c1_11692	SNP	direct_spuddb_dm_v6_1
9	56555736	55.203	solcap_snp_c1_11691	SNP	direct_spuddb_dm_v6_1	SolCAP SNP exact non-multimap position from SpudDB DM v6.1	1	1	55.203	solcap_snp_c1_11691	SNP	direct_spuddb_dm_v6_1	55.203	55.203	55.203	0.0	55.203	solcap_snp_c1_11691	SNP	direct_spuddb_dm_v6_1
9	56953438	55.642	solcap_snp_c1_15363	SNP	direct_spuddb_dm_v6_1	SolCAP SNP exact non-multimap position from SpudDB DM v6.1	1	1	55.642	solcap_snp_c1_15363	SNP	direct_spuddb_dm_v6_1	55.642	55.642	55.642	0.0	55.642	solcap_snp_c1_15363	SNP	direct_spuddb_dm_v6_1
9	57976818	58.667	solcap_snp_c1_11906	SNP	direct_spuddb_dm_v6_1	SolCAP SNP exact non-multimap position from SpudDB DM v6.1	1	1	58.667	solcap_snp_c1_11906	SNP	direct_spuddb_dm_v6_1	58.667	58.667	58.667	0.0	58.667	solcap_snp_c1_11906	SNP	direct_spuddb_dm_v6_1
9	58329653	61.222	solcap_snp_c1_1419	SNP	direct_spuddb_dm_v6_1	SolCAP SNP exact non-multimap position from SpudDB DM v6.1	1	1	61.222	solcap_snp_c1_1419	SNP	direct_spuddb_dm_v6_1	61.222	61.222	61.222	0.0	61.222	solcap_snp_c1_1419	SNP	direct_spuddb_dm_v6_1
9	58413779	61.264	solcap_snp_c1_1401	SNP	direct_spuddb_dm_v6_1	SolCAP SNP exact non-multimap position from SpudDB DM v6.1	1	1	61.264	solcap_snp_c1_1401	SNP	direct_spuddb_dm_v6_1	61.264	61.264	61.264	0.0	61.264	solcap_snp_c1_1401	SNP	direct_spuddb_dm_v6_1
9	58912293	60.697	solcap_snp_c1_12054	SNP	direct_spuddb_dm_v6_1	SolCAP SNP exact non-multimap position from SpudDB DM v6.1	1	1	60.697	solcap_snp_c1_12054	SNP	direct_spuddb_dm_v6_1	60.697	60.697	60.697	0.0	60.697	solcap_snp_c1_12054	SNP	direct_spuddb_dm_v6_1
9	59165401	61.638	MICRO.7279.C2_1718	match	cigar_liftover_v403_to_v61	TableS4 marker lifted from PGSC/DM v4.03 to DM v6.1 using minimap2 PAF cg:Z CIGAR	1	1	61.638	MICRO.7279.C2_1718	match	cigar_liftover_v403_to_v61	61.638	61.638	61.638	0.0	61.638	MICRO.7279.C2_1718	match	cigar_liftover_v403_to_v61
9	59431650	62.801	pPt-534078	DArT_marker	cigar_liftover_v403_to_v61	TableS4 marker lifted from PGSC/DM v4.03 to DM v6.1 using minimap2 PAF cg:Z CIGAR	6	2	62.801	pPt-534078	DArT_marker	cigar_liftover_v403_to_v61	62.801	62.809	62.809	0.007999999999995566	62.801,62.809,62.809,62.809,62.809,62.809	pPt-534078,pPt-534451,pPt-535128,pPt-654366,pPt-656578,pPt-657090	DArT_marker	cigar_liftover_v403_to_v61
9	59431706	62.809	pPt-538179	DArT_marker	cigar_liftover_v403_to_v61	TableS4 marker lifted from PGSC/DM v4.03 to DM v6.1 using minimap2 PAF cg:Z CIGAR	1	1	62.809	pPt-538179	DArT_marker	cigar_liftover_v403_to_v61	62.809	62.809	62.809	0.0	62.809	pPt-538179	DArT_marker	cigar_liftover_v403_to_v61
9	59431737	62.792	toPt-439913	DArT_marker	cigar_liftover_v403_to_v61	TableS4 marker lifted from PGSC/DM v4.03 to DM v6.1 using minimap2 PAF cg:Z CIGAR	1	1	62.792	toPt-439913	DArT_marker	cigar_liftover_v403_to_v61	62.792	62.792	62.792	0.0	62.792	toPt-439913	DArT_marker	cigar_liftover_v403_to_v61
9	59431742	62.727	pPt-539594	DArT_marker	cigar_liftover_v403_to_v61	TableS4 marker lifted from PGSC/DM v4.03 to DM v6.1 using minimap2 PAF cg:Z CIGAR	6	4	62.727	pPt-539594	DArT_marker	cigar_liftover_v403_to_v61	62.727	62.806	63.059	0.33200000000000074	62.727,62.803,62.803,62.809,62.809,63.059	pPt-474105,pPt-533701,pPt-534581,pPt-535743,pPt-539594,pPt-539858	DArT_marker	cigar_liftover_v403_to_v61
9	59431743	62.809	pPt-535726	DArT_marker	cigar_liftover_v403_to_v61	TableS4 marker lifted from PGSC/DM v4.03 to DM v6.1 using minimap2 PAF cg:Z CIGAR	3	1	62.809	pPt-535726	DArT_marker	cigar_liftover_v403_to_v61	62.809	62.809	62.809	0.0	62.809,62.809,62.809	pPt-535726,pPt-538953,pPt-539293	DArT_marker	cigar_liftover_v403_to_v61
9	59431745	62.801	toPt-438737	DArT_marker	cigar_liftover_v403_to_v61	TableS4 marker lifted from PGSC/DM v4.03 to DM v6.1 using minimap2 PAF cg:Z CIGAR	3	3	62.801	toPt-438737	DArT_marker	cigar_liftover_v403_to_v61	62.801	62.807	62.809	0.007999999999995566	62.801,62.807,62.809	toPt-438452,toPt-438737,toPt-763864	DArT_marker	cigar_liftover_v403_to_v61
9	59431846	62.784	toPt-438644	DArT_marker	cigar_liftover_v403_to_v61	TableS4 marker lifted from PGSC/DM v4.03 to DM v6.1 using minimap2 PAF cg:Z CIGAR	1	1	62.784	toPt-438644	DArT_marker	cigar_liftover_v403_to_v61	62.784	62.784	62.784	0.0	62.784	toPt-438644	DArT_marker	cigar_liftover_v403_to_v61
9	59440237	62.801	pPt-472613	DArT_marker	cigar_liftover_v403_to_v61	TableS4 marker lifted from PGSC/DM v4.03 to DM v6.1 using minimap2 PAF cg:Z CIGAR	2	1	62.801	pPt-472613	DArT_marker	cigar_liftover_v403_to_v61	62.801	62.801	62.801	0.0	62.801,62.801	pPt-472613,pPt-472930	DArT_marker	cigar_liftover_v403_to_v61
9	59440240	62.801	pPt-653066	DArT_marker	cigar_liftover_v403_to_v61	TableS4 marker lifted from PGSC/DM v4.03 to DM v6.1 using minimap2 PAF cg:Z CIGAR	1	1	62.801	pPt-653066	DArT_marker	cigar_liftover_v403_to_v61	62.801	62.801	62.801	0.0	62.801	pPt-653066	DArT_marker	cigar_liftover_v403_to_v61
9	59596669	62.151	pPt-473763	DArT_marker	cigar_liftover_v403_to_v61	TableS4 marker lifted from PGSC/DM v4.03 to DM v6.1 using minimap2 PAF cg:Z CIGAR	1	1	62.151	pPt-473763	DArT_marker	cigar_liftover_v403_to_v61	62.151	62.151	62.151	0.0	62.151	pPt-473763	DArT_marker	cigar_liftover_v403_to_v61
9	59826894	60.865	toPt-437854	DArT_marker	cigar_liftover_v403_to_v61	TableS4 marker lifted from PGSC/DM v4.03 to DM v6.1 using minimap2 PAF cg:Z CIGAR	7	4	60.865	toPt-437854	DArT_marker	cigar_liftover_v403_to_v61	60.865	60.913	61.019	0.15399999999999636	60.865,60.913,60.913,60.913,60.913,60.936,61.019	pPt-458756,pPt-536647,pPt-654554,pPt-655102,toPt-437854,toPt-438090,toPt-438410	DArT_marker	cigar_liftover_v403_to_v61
9	59872799	61.24	MICRO.58.C1_516	match	cigar_liftover_v403_to_v61	TableS4 marker lifted from PGSC/DM v4.03 to DM v6.1 using minimap2 PAF cg:Z CIGAR	1	1	61.24	MICRO.58.C1_516	match	cigar_liftover_v403_to_v61	61.24	61.24	61.24	0.0	61.24	MICRO.58.C1_516	match	cigar_liftover_v403_to_v61
9	59918955	64.076	pPt-559613	DArT_marker	cigar_liftover_v403_to_v61	TableS4 marker lifted from PGSC/DM v4.03 to DM v6.1 using minimap2 PAF cg:Z CIGAR	1	1	64.076	pPt-559613	DArT_marker	cigar_liftover_v403_to_v61	64.076	64.076	64.076	0.0	64.076	pPt-559613	DArT_marker	cigar_liftover_v403_to_v61
9	59920002	60.46	pPt-656850	DArT_marker	cigar_liftover_v403_to_v61	TableS4 marker lifted from PGSC/DM v4.03 to DM v6.1 using minimap2 PAF cg:Z CIGAR	2	2	60.46	pPt-656850	DArT_marker	cigar_liftover_v403_to_v61	60.46	60.461	60.462	0.0020000000000024443	60.46,60.462	pPt-652951,pPt-656850	DArT_marker	cigar_liftover_v403_to_v61
9	60263196	63.201	pPt-472165	DArT_marker	cigar_liftover_v403_to_v61	TableS4 marker lifted from PGSC/DM v4.03 to DM v6.1 using minimap2 PAF cg:Z CIGAR	1	1	63.201	pPt-472165	DArT_marker	cigar_liftover_v403_to_v61	63.201	63.201	63.201	0.0	63.201	pPt-472165	DArT_marker	cigar_liftover_v403_to_v61
9	60709618	64.656	pPt-652777	DArT_marker	cigar_liftover_v403_to_v61	TableS4 marker lifted from PGSC/DM v4.03 to DM v6.1 using minimap2 PAF cg:Z CIGAR	1	1	64.656	pPt-652777	DArT_marker	cigar_liftover_v403_to_v61	64.656	64.656	64.656	0.0	64.656	pPt-652777	DArT_marker	cigar_liftover_v403_to_v61
9	60883822	65.375	solcap_snp_c1_6937	SNP	direct_spuddb_dm_v6_1	SolCAP SNP exact non-multimap position from SpudDB DM v6.1	1	1	65.375	solcap_snp_c1_6937	SNP	direct_spuddb_dm_v6_1	65.375	65.375	65.375	0.0	65.375	solcap_snp_c1_6937	SNP	direct_spuddb_dm_v6_1
9	61013927	65.671	solcap_snp_c1_6941	SNP	direct_spuddb_dm_v6_1	SolCAP SNP exact non-multimap position from SpudDB DM v6.1	1	1	65.671	solcap_snp_c1_6941	SNP	direct_spuddb_dm_v6_1	65.671	65.671	65.671	0.0	65.671	solcap_snp_c1_6941	SNP	direct_spuddb_dm_v6_1
9	61110298	66.79	solcap_snp_c1_6949	SNP	direct_spuddb_dm_v6_1	SolCAP SNP exact non-multimap position from SpudDB DM v6.1	1	1	66.79	solcap_snp_c1_6949	SNP	direct_spuddb_dm_v6_1	66.79	66.79	66.79	0.0	66.79	solcap_snp_c1_6949	SNP	direct_spuddb_dm_v6_1
9	61680912	69.522	pPt-457457	DArT_marker	cigar_liftover_v403_to_v61	TableS4 marker lifted from PGSC/DM v4.03 to DM v6.1 using minimap2 PAF cg:Z CIGAR	1	1	69.522	pPt-457457	DArT_marker	cigar_liftover_v403_to_v61	69.522	69.522	69.522	0.0	69.522	pPt-457457	DArT_marker	cigar_liftover_v403_to_v61
9	61680990	68.99	toPt-763577	DArT_marker	cigar_liftover_v403_to_v61	TableS4 marker lifted from PGSC/DM v4.03 to DM v6.1 using minimap2 PAF cg:Z CIGAR	1	1	68.99	toPt-763577	DArT_marker	cigar_liftover_v403_to_v61	68.99	68.99	68.99	0.0	68.99	toPt-763577	DArT_marker	cigar_liftover_v403_to_v61
9	61762534	66.664	solcap_snp_c1_8939	SNP	direct_spuddb_dm_v6_1	SolCAP SNP exact non-multimap position from SpudDB DM v6.1	1	1	66.664	solcap_snp_c1_8939	SNP	direct_spuddb_dm_v6_1	66.664	66.664	66.664	0.0	66.664	solcap_snp_c1_8939	SNP	direct_spuddb_dm_v6_1
9	62033713	70.956	solcap_snp_c1_8955	SNP	direct_spuddb_dm_v6_1	SolCAP SNP exact non-multimap position from SpudDB DM v6.1	1	1	70.956	solcap_snp_c1_8955	SNP	direct_spuddb_dm_v6_1	70.956	70.956	70.956	0.0	70.956	solcap_snp_c1_8955	SNP	direct_spuddb_dm_v6_1
9	62320987	70.016	pPt-536054	DArT_marker	cigar_liftover_v403_to_v61	TableS4 marker lifted from PGSC/DM v4.03 to DM v6.1 using minimap2 PAF cg:Z CIGAR	2	2	70.016	pPt-536054	DArT_marker	cigar_liftover_v403_to_v61	70.016	70.241	70.466	0.44999999999998863	70.016,70.466	pPt-536054,pPt-657501	DArT_marker	cigar_liftover_v403_to_v61
9	62885757	72.562	solcap_snp_c1_6586	SNP	direct_spuddb_dm_v6_1	SolCAP SNP exact non-multimap position from SpudDB DM v6.1	1	1	72.562	solcap_snp_c1_6586	SNP	direct_spuddb_dm_v6_1	72.562	72.562	72.562	0.0	72.562	solcap_snp_c1_6586	SNP	direct_spuddb_dm_v6_1
9	63001833	72.703	pPt-473671	DArT_marker	cigar_liftover_v403_to_v61	TableS4 marker lifted from PGSC/DM v4.03 to DM v6.1 using minimap2 PAF cg:Z CIGAR	8	7	72.703	pPt-473671	DArT_marker	cigar_liftover_v403_to_v61	72.703	72.7435	72.979	0.27599999999999625	72.703,72.719,72.719,72.731,72.756,72.778,72.953,72.979	pPt-457241,pPt-471444,pPt-473671,pPt-535101,pPt-539765,pPt-652619,pPt-654358,toPt-441351	DArT_marker	cigar_liftover_v403_to_v61
9	63001885	72.719	capPt-672308	DArT_marker	cigar_liftover_v403_to_v61	TableS4 marker lifted from PGSC/DM v4.03 to DM v6.1 using minimap2 PAF cg:Z CIGAR	1	1	72.719	capPt-672308	DArT_marker	cigar_liftover_v403_to_v61	72.719	72.719	72.719	0.0	72.719	capPt-672308	DArT_marker	cigar_liftover_v403_to_v61
9	63339315	73.536	pPt-536181	DArT_marker	cigar_liftover_v403_to_v61	TableS4 marker lifted from PGSC/DM v4.03 to DM v6.1 using minimap2 PAF cg:Z CIGAR	1	1	73.536	pPt-536181	DArT_marker	cigar_liftover_v403_to_v61	73.536	73.536	73.536	0.0	73.536	pPt-536181	DArT_marker	cigar_liftover_v403_to_v61
9	63339316	73.514	pPt-540196	DArT_marker	cigar_liftover_v403_to_v61	TableS4 marker lifted from PGSC/DM v4.03 to DM v6.1 using minimap2 PAF cg:Z CIGAR	5	3	73.514	pPt-540196	DArT_marker	cigar_liftover_v403_to_v61	73.514	73.536	73.552	0.038000000000010914	73.514,73.536,73.536,73.536,73.552	pPt-534159,pPt-537322,pPt-540196,toPt-436891,toPt-437259	DArT_marker	cigar_liftover_v403_to_v61
9	63987896	74.856	pPt-653366	DArT_marker	cigar_liftover_v403_to_v61	TableS4 marker lifted from PGSC/DM v4.03 to DM v6.1 using minimap2 PAF cg:Z CIGAR	21	12	74.856	pPt-653366	DArT_marker	cigar_liftover_v403_to_v61	74.856	74.928	75.329	0.472999999999999	74.856,74.869,74.871,74.88,74.896,74.897,74.928,74.928,74.928,74.928,74.928,74.928,74.928,74.928,74.928,74.928,74.929,74.991,75.034,75.051,75.329	pPt-456463,pPt-457188,pPt-458523,pPt-472784,pPt-473222,pPt-473247,pPt-535113,pPt-537439,pPt-537616,pPt-537678,pPt-538103,pPt-538230,pPt-540222,pPt-552198,pPt-559506,pPt-653366,pPt-653776,pPt-654882,pPt-656559,pPt-656657,...(+1)	DArT_marker	cigar_liftover_v403_to_v61
9	63987925	76.288	toPt-441141	DArT_marker	cigar_liftover_v403_to_v61	TableS4 marker lifted from PGSC/DM v4.03 to DM v6.1 using minimap2 PAF cg:Z CIGAR	1	1	76.288	toPt-441141	DArT_marker	cigar_liftover_v403_to_v61	76.288	76.288	76.288	0.0	76.288	toPt-441141	DArT_marker	cigar_liftover_v403_to_v61
9	64007875	75.748	solcap_snp_c1_12726	SNP	direct_spuddb_dm_v6_1	SolCAP SNP exact non-multimap position from SpudDB DM v6.1	1	1	75.748	solcap_snp_c1_12726	SNP	direct_spuddb_dm_v6_1	75.748	75.748	75.748	0.0	75.748	solcap_snp_c1_12726	SNP	direct_spuddb_dm_v6_1
9	64428872	76.93	solcap_snp_c1_913	SNP	direct_spuddb_dm_v6_1	SolCAP SNP exact non-multimap position from SpudDB DM v6.1	1	1	76.93	solcap_snp_c1_913	SNP	direct_spuddb_dm_v6_1	76.93	76.93	76.93	0.0	76.93	solcap_snp_c1_913	SNP	direct_spuddb_dm_v6_1
9	64828084	79.161	solcap_snp_c1_900	SNP	direct_spuddb_dm_v6_1	SolCAP SNP exact non-multimap position from SpudDB DM v6.1	1	1	79.161	solcap_snp_c1_900	SNP	direct_spuddb_dm_v6_1	79.161	79.161	79.161	0.0	79.161	solcap_snp_c1_900	SNP	direct_spuddb_dm_v6_1
9	65658883	80.749	pPt-535814	DArT_marker	cigar_liftover_v403_to_v61	TableS4 marker lifted from PGSC/DM v4.03 to DM v6.1 using minimap2 PAF cg:Z CIGAR	5	3	80.749	pPt-535814	DArT_marker	cigar_liftover_v403_to_v61	80.749	80.766	80.766	0.017000000000010118	80.749,80.757,80.766,80.766,80.766	pPt-458601,pPt-533882,pPt-535814,pPt-536015,pPt-540287	DArT_marker	cigar_liftover_v403_to_v61
9	65687488	80.766	pPt-538575	DArT_marker	cigar_liftover_v403_to_v61	TableS4 marker lifted from PGSC/DM v4.03 to DM v6.1 using minimap2 PAF cg:Z CIGAR	3	1	80.766	pPt-538575	DArT_marker	cigar_liftover_v403_to_v61	80.766	80.766	80.766	0.0	80.766,80.766,80.766	pPt-538575,pPt-652142,pPt-653168	DArT_marker	cigar_liftover_v403_to_v61
9	66300693	82.423	solcap_snp_c1_6619	SNP	direct_spuddb_dm_v6_1	SolCAP SNP exact non-multimap position from SpudDB DM v6.1	1	1	82.423	solcap_snp_c1_6619	SNP	direct_spuddb_dm_v6_1	82.423	82.423	82.423	0.0	82.423	solcap_snp_c1_6619	SNP	direct_spuddb_dm_v6_1
9	66320339	82.536	solcap_snp_c1_6621	SNP	direct_spuddb_dm_v6_1	SolCAP SNP exact non-multimap position from SpudDB DM v6.1	1	1	82.536	solcap_snp_c1_6621	SNP	direct_spuddb_dm_v6_1	82.536	82.536	82.536	0.0	82.536	solcap_snp_c1_6621	SNP	direct_spuddb_dm_v6_1
9	66777078	87.866	solcap_snp_c1_10580	SNP	direct_spuddb_dm_v6_1	SolCAP SNP exact non-multimap position from SpudDB DM v6.1	1	1	87.866	solcap_snp_c1_10580	SNP	direct_spuddb_dm_v6_1	87.866	87.866	87.866	0.0	87.866	solcap_snp_c1_10580	SNP	direct_spuddb_dm_v6_1
9	66778416	86.542	solcap_snp_c1_10582	SNP	direct_spuddb_dm_v6_1	SolCAP SNP exact non-multimap position from SpudDB DM v6.1	1	1	86.542	solcap_snp_c1_10582	SNP	direct_spuddb_dm_v6_1	86.542	86.542	86.542	0.0	86.542	solcap_snp_c1_10582	SNP	direct_spuddb_dm_v6_1
9	67360701	86.621	solcap_snp_c1_8547	SNP	direct_spuddb_dm_v6_1	SolCAP SNP exact non-multimap position from SpudDB DM v6.1	1	1	86.621	solcap_snp_c1_8547	SNP	direct_spuddb_dm_v6_1	86.621	86.621	86.621	0.0	86.621	solcap_snp_c1_8547	SNP	direct_spuddb_dm_v6_1
10	291396	2.595	solcap_snp_c1_305	SNP	direct_spuddb_dm_v6_1	SolCAP SNP exact non-multimap position from SpudDB DM v6.1	1	1	2.595	solcap_snp_c1_305	SNP	direct_spuddb_dm_v6_1	2.595	2.595	2.595	0.0	2.595	solcap_snp_c1_305	SNP	direct_spuddb_dm_v6_1
10	294026	3.01	pPt-539370	DArT_marker	cigar_liftover_v403_to_v61	TableS4 marker lifted from PGSC/DM v4.03 to DM v6.1 using minimap2 PAF cg:Z CIGAR	5	2	3.01	pPt-539370	DArT_marker	cigar_liftover_v403_to_v61	3.01	3.01	3.537	0.5270000000000001	3.01,3.01,3.01,3.01,3.537	pPt-539370,pPt-650911,pPt-652185,pPt-652699,pPt-654733	DArT_marker	cigar_liftover_v403_to_v61
10	645046	3.784	MICRO.2880.C1_913	match	cigar_liftover_v403_to_v61	TableS4 marker lifted from PGSC/DM v4.03 to DM v6.1 using minimap2 PAF cg:Z CIGAR	1	1	3.784	MICRO.2880.C1_913	match	cigar_liftover_v403_to_v61	3.784	3.784	3.784	0.0	3.784	MICRO.2880.C1_913	match	cigar_liftover_v403_to_v61
10	675172	4.383	pPt-472610	DArT_marker	cigar_liftover_v403_to_v61	TableS4 marker lifted from PGSC/DM v4.03 to DM v6.1 using minimap2 PAF cg:Z CIGAR	2	1	4.383	pPt-472610	DArT_marker	cigar_liftover_v403_to_v61	4.383	4.383	4.383	0.0	4.383,4.383	pPt-472610,pPt-650953	DArT_marker	cigar_liftover_v403_to_v61
10	920818	4.183	st_15123	repeat_region	cigar_liftover_v403_to_v61	TableS4 marker lifted from PGSC/DM v4.03 to DM v6.1 using minimap2 PAF cg:Z CIGAR	1	1	4.183	st_15123	repeat_region	cigar_liftover_v403_to_v61	4.183	4.183	4.183	0.0	4.183	st_15123	repeat_region	cigar_liftover_v403_to_v61
10	965693	7.902	pPt-456767	DArT_marker	cigar_liftover_v403_to_v61	TableS4 marker lifted from PGSC/DM v4.03 to DM v6.1 using minimap2 PAF cg:Z CIGAR	1	1	7.902	pPt-456767	DArT_marker	cigar_liftover_v403_to_v61	7.902	7.902	7.902	0.0	7.902	pPt-456767	DArT_marker	cigar_liftover_v403_to_v61
10	1480102	0.0	PM0417	repeat_region	cigar_liftover_v403_to_v61	TableS4 marker lifted from PGSC/DM v4.03 to DM v6.1 using minimap2 PAF cg:Z CIGAR	1	1	0.0	PM0417	repeat_region	cigar_liftover_v403_to_v61	0.0	0.0	0.0	0.0	0.0	PM0417	repeat_region	cigar_liftover_v403_to_v61
10	1614384	6.575	solcap_snp_c1_261	SNP	direct_spuddb_dm_v6_1	SolCAP SNP exact non-multimap position from SpudDB DM v6.1	1	1	6.575	solcap_snp_c1_261	SNP	direct_spuddb_dm_v6_1	6.575	6.575	6.575	0.0	6.575	solcap_snp_c1_261	SNP	direct_spuddb_dm_v6_1
10	1826253	9.56	solcap_snp_c1_272	SNP	direct_spuddb_dm_v6_1	SolCAP SNP exact non-multimap position from SpudDB DM v6.1	1	1	9.56	solcap_snp_c1_272	SNP	direct_spuddb_dm_v6_1	9.56	9.56	9.56	0.0	9.56	solcap_snp_c1_272	SNP	direct_spuddb_dm_v6_1
10	2034738	7.58	pPt-473086	DArT_marker	cigar_liftover_v403_to_v61	TableS4 marker lifted from PGSC/DM v4.03 to DM v6.1 using minimap2 PAF cg:Z CIGAR	1	1	7.58	pPt-473086	DArT_marker	cigar_liftover_v403_to_v61	7.58	7.58	7.58	0.0	7.58	pPt-473086	DArT_marker	cigar_liftover_v403_to_v61
10	2034836	7.609	pPt-653521	DArT_marker	cigar_liftover_v403_to_v61	TableS4 marker lifted from PGSC/DM v4.03 to DM v6.1 using minimap2 PAF cg:Z CIGAR	2	1	7.609	pPt-653521	DArT_marker	cigar_liftover_v403_to_v61	7.609	7.609	7.609	0.0	7.609,7.609	pPt-653521,pPt-656726	DArT_marker	cigar_liftover_v403_to_v61
10	2034837	7.569	pPt-537963	DArT_marker	cigar_liftover_v403_to_v61	TableS4 marker lifted from PGSC/DM v4.03 to DM v6.1 using minimap2 PAF cg:Z CIGAR	16	4	7.569	pPt-537963	DArT_marker	cigar_liftover_v403_to_v61	7.569	7.657	7.657	0.08800000000000008	7.569,7.6,7.609,7.609,7.609,7.657,7.657,7.657,7.657,7.657,7.657,7.657,7.657,7.657,7.657,7.657	pPt-456962,pPt-533816,pPt-534244,pPt-535657,pPt-537357,pPt-537963,pPt-539398,pPt-539897,pPt-540171,pPt-552086,pPt-552624,pPt-552651,pPt-559414,pPt-653123,pPt-653829,pPt-655039	DArT_marker	cigar_liftover_v403_to_v61
10	2034840	7.609	pPt-540164	DArT_marker	cigar_liftover_v403_to_v61	TableS4 marker lifted from PGSC/DM v4.03 to DM v6.1 using minimap2 PAF cg:Z CIGAR	1	1	7.609	pPt-540164	DArT_marker	cigar_liftover_v403_to_v61	7.609	7.609	7.609	0.0	7.609	pPt-540164	DArT_marker	cigar_liftover_v403_to_v61
10	2346214	8.962	solcap_snp_c1_289	SNP	direct_spuddb_dm_v6_1	SolCAP SNP exact non-multimap position from SpudDB DM v6.1	1	1	8.962	solcap_snp_c1_289	SNP	direct_spuddb_dm_v6_1	8.962	8.962	8.962	0.0	8.962	solcap_snp_c1_289	SNP	direct_spuddb_dm_v6_1
10	2361285	10.322	pPt-456590	DArT_marker	cigar_liftover_v403_to_v61	TableS4 marker lifted from PGSC/DM v4.03 to DM v6.1 using minimap2 PAF cg:Z CIGAR	1	1	10.322	pPt-456590	DArT_marker	cigar_liftover_v403_to_v61	10.322	10.322	10.322	0.0	10.322	pPt-456590	DArT_marker	cigar_liftover_v403_to_v61
10	3132180	12.432	pPt-533808	DArT_marker	cigar_liftover_v403_to_v61	TableS4 marker lifted from PGSC/DM v4.03 to DM v6.1 using minimap2 PAF cg:Z CIGAR	6	3	12.432	pPt-533808	DArT_marker	cigar_liftover_v403_to_v61	12.432	12.4605	12.624	0.19200000000000017	12.432,12.432,12.432,12.489,12.624,12.624	pPt-472889,pPt-533808,pPt-652078,pPt-652758,pPt-652869,toPt-439062	DArT_marker	cigar_liftover_v403_to_v61
10	3132266	12.432	pPt-457178	DArT_marker	cigar_liftover_v403_to_v61	TableS4 marker lifted from PGSC/DM v4.03 to DM v6.1 using minimap2 PAF cg:Z CIGAR	1	1	12.432	pPt-457178	DArT_marker	cigar_liftover_v403_to_v61	12.432	12.432	12.432	0.0	12.432	pPt-457178	DArT_marker	cigar_liftover_v403_to_v61
10	4106371	14.581	pPt-473652	DArT_marker	cigar_liftover_v403_to_v61	TableS4 marker lifted from PGSC/DM v4.03 to DM v6.1 using minimap2 PAF cg:Z CIGAR	2	2	14.581	pPt-473652	DArT_marker	cigar_liftover_v403_to_v61	14.581	14.5945	14.608	0.027000000000001023	14.581,14.608	pPt-473652,pPt-657368	DArT_marker	cigar_liftover_v403_to_v61
10	6642729	22.556	solcap_snp_c1_14047	SNP	direct_spuddb_dm_v6_1	SolCAP SNP exact non-multimap position from SpudDB DM v6.1	1	1	22.556	solcap_snp_c1_14047	SNP	direct_spuddb_dm_v6_1	22.556	22.556	22.556	0.0	22.556	solcap_snp_c1_14047	SNP	direct_spuddb_dm_v6_1
10	7780322	21.884	PM0126	repeat_region	cigar_liftover_v403_to_v61	TableS4 marker lifted from PGSC/DM v4.03 to DM v6.1 using minimap2 PAF cg:Z CIGAR	1	1	21.884	PM0126	repeat_region	cigar_liftover_v403_to_v61	21.884	21.884	21.884	0.0	21.884	PM0126	repeat_region	cigar_liftover_v403_to_v61
10	10737387	18.531	pPt-473173	DArT_marker	cigar_liftover_v403_to_v61	TableS4 marker lifted from PGSC/DM v4.03 to DM v6.1 using minimap2 PAF cg:Z CIGAR	1	1	18.531	pPt-473173	DArT_marker	cigar_liftover_v403_to_v61	18.531	18.531	18.531	0.0	18.531	pPt-473173	DArT_marker	cigar_liftover_v403_to_v61
10	10737388	19.247	pPt-656604	DArT_marker	cigar_liftover_v403_to_v61	TableS4 marker lifted from PGSC/DM v4.03 to DM v6.1 using minimap2 PAF cg:Z CIGAR	1	1	19.247	pPt-656604	DArT_marker	cigar_liftover_v403_to_v61	19.247	19.247	19.247	0.0	19.247	pPt-656604	DArT_marker	cigar_liftover_v403_to_v61
10	10753815	19.435	STM0051	repeat_region	cigar_liftover_v403_to_v61	TableS4 marker lifted from PGSC/DM v4.03 to DM v6.1 using minimap2 PAF cg:Z CIGAR	1	1	19.435	STM0051	repeat_region	cigar_liftover_v403_to_v61	19.435	19.435	19.435	0.0	19.435	STM0051	repeat_region	cigar_liftover_v403_to_v61
10	11815345	18.998	PM1302	repeat_region	cigar_liftover_v403_to_v61	TableS4 marker lifted from PGSC/DM v4.03 to DM v6.1 using minimap2 PAF cg:Z CIGAR	1	1	18.998	PM1302	repeat_region	cigar_liftover_v403_to_v61	18.998	18.998	18.998	0.0	18.998	PM1302	repeat_region	cigar_liftover_v403_to_v61
10	17962311	41.049	pPt-652912	DArT_marker	cigar_liftover_v403_to_v61	TableS4 marker lifted from PGSC/DM v4.03 to DM v6.1 using minimap2 PAF cg:Z CIGAR	3	3	41.049	pPt-652912	DArT_marker	cigar_liftover_v403_to_v61	41.049	41.371	42.04	0.9909999999999997	41.049,41.371,42.04	pPt-473473,pPt-652912,pPt-653258	DArT_marker	cigar_liftover_v403_to_v61
10	17967322	21.197	pPt-471094	DArT_marker	cigar_liftover_v403_to_v61	TableS4 marker lifted from PGSC/DM v4.03 to DM v6.1 using minimap2 PAF cg:Z CIGAR	2	1	21.197	pPt-471094	DArT_marker	cigar_liftover_v403_to_v61	21.197	21.197	21.197	0.0	21.197,21.197	pPt-471094,pPt-471470	DArT_marker	cigar_liftover_v403_to_v61
10	17967543	21.197	pPt-533932	DArT_marker	cigar_liftover_v403_to_v61	TableS4 marker lifted from PGSC/DM v4.03 to DM v6.1 using minimap2 PAF cg:Z CIGAR	1	1	21.197	pPt-533932	DArT_marker	cigar_liftover_v403_to_v61	21.197	21.197	21.197	0.0	21.197	pPt-533932	DArT_marker	cigar_liftover_v403_to_v61
10	17967834	21.197	pPt-538467	DArT_marker	cigar_liftover_v403_to_v61	TableS4 marker lifted from PGSC/DM v4.03 to DM v6.1 using minimap2 PAF cg:Z CIGAR	1	1	21.197	pPt-538467	DArT_marker	cigar_liftover_v403_to_v61	21.197	21.197	21.197	0.0	21.197	pPt-538467	DArT_marker	cigar_liftover_v403_to_v61
10	21865280	20.867	pPt-535392	DArT_marker	cigar_liftover_v403_to_v61	TableS4 marker lifted from PGSC/DM v4.03 to DM v6.1 using minimap2 PAF cg:Z CIGAR	1	1	20.867	pPt-535392	DArT_marker	cigar_liftover_v403_to_v61	20.867	20.867	20.867	0.0	20.867	pPt-535392	DArT_marker	cigar_liftover_v403_to_v61
10	29044920	21.796	PM1358	repeat_region	cigar_liftover_v403_to_v61	TableS4 marker lifted from PGSC/DM v4.03 to DM v6.1 using minimap2 PAF cg:Z CIGAR	1	1	21.796	PM1358	repeat_region	cigar_liftover_v403_to_v61	21.796	21.796	21.796	0.0	21.796	PM1358	repeat_region	cigar_liftover_v403_to_v61
10	29688859	20.137	solcap_snp_c1_1	SNP	direct_spuddb_dm_v6_1	SolCAP SNP exact non-multimap position from SpudDB DM v6.1	1	1	20.137	solcap_snp_c1_1	SNP	direct_spuddb_dm_v6_1	20.137	20.137	20.137	0.0	20.137	solcap_snp_c1_1	SNP	direct_spuddb_dm_v6_1
10	30749475	21.352	solcap_snp_c1_5	SNP	direct_spuddb_dm_v6_1	SolCAP SNP exact non-multimap position from SpudDB DM v6.1	1	1	21.352	solcap_snp_c1_5	SNP	direct_spuddb_dm_v6_1	21.352	21.352	21.352	0.0	21.352	solcap_snp_c1_5	SNP	direct_spuddb_dm_v6_1
10	31387549	23.528	solcap_snp_c1_7	SNP	direct_spuddb_dm_v6_1	SolCAP SNP exact non-multimap position from SpudDB DM v6.1	1	1	23.528	solcap_snp_c1_7	SNP	direct_spuddb_dm_v6_1	23.528	23.528	23.528	0.0	23.528	solcap_snp_c1_7	SNP	direct_spuddb_dm_v6_1
10	35603439	25.672	solcap_snp_c1_3057	SNP	direct_spuddb_dm_v6_1	SolCAP SNP exact non-multimap position from SpudDB DM v6.1	1	1	25.672	solcap_snp_c1_3057	SNP	direct_spuddb_dm_v6_1	25.672	25.672	25.672	0.0	25.672	solcap_snp_c1_3057	SNP	direct_spuddb_dm_v6_1
10	36968160	23.048	solcap_snp_c1_3055	SNP	direct_spuddb_dm_v6_1	SolCAP SNP exact non-multimap position from SpudDB DM v6.1	1	1	23.048	solcap_snp_c1_3055	SNP	direct_spuddb_dm_v6_1	23.048	23.048	23.048	0.0	23.048	solcap_snp_c1_3055	SNP	direct_spuddb_dm_v6_1
10	44025840	26.215	PM1337	repeat_region	cigar_liftover_v403_to_v61	TableS4 marker lifted from PGSC/DM v4.03 to DM v6.1 using minimap2 PAF cg:Z CIGAR	1	1	26.215	PM1337	repeat_region	cigar_liftover_v403_to_v61	26.215	26.215	26.215	0.0	26.215	PM1337	repeat_region	cigar_liftover_v403_to_v61
10	44301243	26.728	solcap_snp_c1_11408	SNP	direct_spuddb_dm_v6_1	SolCAP SNP exact non-multimap position from SpudDB DM v6.1	1	1	26.728	solcap_snp_c1_11408	SNP	direct_spuddb_dm_v6_1	26.728	26.728	26.728	0.0	26.728	solcap_snp_c1_11408	SNP	direct_spuddb_dm_v6_1
10	45867762	26.604	solcap_snp_c1_14465	SNP	direct_spuddb_dm_v6_1	SolCAP SNP exact non-multimap position from SpudDB DM v6.1	1	1	26.604	solcap_snp_c1_14465	SNP	direct_spuddb_dm_v6_1	26.604	26.604	26.604	0.0	26.604	solcap_snp_c1_14465	SNP	direct_spuddb_dm_v6_1
10	46391532	27.672	solcap_snp_c1_12035	SNP	direct_spuddb_dm_v6_1	SolCAP SNP exact non-multimap position from SpudDB DM v6.1	1	1	27.672	solcap_snp_c1_12035	SNP	direct_spuddb_dm_v6_1	27.672	27.672	27.672	0.0	27.672	solcap_snp_c1_12035	SNP	direct_spuddb_dm_v6_1
10	47804246	36.083	pPt-654661	DArT_marker	cigar_liftover_v403_to_v61	TableS4 marker lifted from PGSC/DM v4.03 to DM v6.1 using minimap2 PAF cg:Z CIGAR	4	3	36.083	pPt-654661	DArT_marker	cigar_liftover_v403_to_v61	36.083	36.091	36.402	0.3190000000000026	36.083,36.091,36.091,36.402	pPt-536843,pPt-552174,pPt-552476,pPt-654661	DArT_marker	cigar_liftover_v403_to_v61
10	48174762	36.298	solcap_snp_c1_16004	SNP	direct_spuddb_dm_v6_1	SolCAP SNP exact non-multimap position from SpudDB DM v6.1	1	1	36.298	solcap_snp_c1_16004	SNP	direct_spuddb_dm_v6_1	36.298	36.298	36.298	0.0	36.298	solcap_snp_c1_16004	SNP	direct_spuddb_dm_v6_1
10	49042701	34.53	toPt-440832	DArT_marker	cigar_liftover_v403_to_v61	TableS4 marker lifted from PGSC/DM v4.03 to DM v6.1 using minimap2 PAF cg:Z CIGAR	1	1	34.53	toPt-440832	DArT_marker	cigar_liftover_v403_to_v61	34.53	34.53	34.53	0.0	34.53	toPt-440832	DArT_marker	cigar_liftover_v403_to_v61
10	49042767	34.53	pPt-539063	DArT_marker	cigar_liftover_v403_to_v61	TableS4 marker lifted from PGSC/DM v4.03 to DM v6.1 using minimap2 PAF cg:Z CIGAR	3	1	34.53	pPt-539063	DArT_marker	cigar_liftover_v403_to_v61	34.53	34.53	34.53	0.0	34.53,34.53,34.53	pPt-539063,pPt-552569,pPt-559421	DArT_marker	cigar_liftover_v403_to_v61
10	49233562	37.794	solcap_snp_c1_14606	SNP	direct_spuddb_dm_v6_1	SolCAP SNP exact non-multimap position from SpudDB DM v6.1	1	1	37.794	solcap_snp_c1_14606	SNP	direct_spuddb_dm_v6_1	37.794	37.794	37.794	0.0	37.794	solcap_snp_c1_14606	SNP	direct_spuddb_dm_v6_1
10	50430249	39.12	toPt-437059	DArT_marker	cigar_liftover_v403_to_v61	TableS4 marker lifted from PGSC/DM v4.03 to DM v6.1 using minimap2 PAF cg:Z CIGAR	2	1	39.12	toPt-437059	DArT_marker	cigar_liftover_v403_to_v61	39.12	39.12	39.12	0.0	39.12,39.12	toPt-437059,toPt-439655	DArT_marker	cigar_liftover_v403_to_v61
10	51855735	43.078	pPt-533924	DArT_marker	cigar_liftover_v403_to_v61	TableS4 marker lifted from PGSC/DM v4.03 to DM v6.1 using minimap2 PAF cg:Z CIGAR	1	1	43.078	pPt-533924	DArT_marker	cigar_liftover_v403_to_v61	43.078	43.078	43.078	0.0	43.078	pPt-533924	DArT_marker	cigar_liftover_v403_to_v61
10	51855778	43.41	pPt-650975	DArT_marker	cigar_liftover_v403_to_v61	TableS4 marker lifted from PGSC/DM v4.03 to DM v6.1 using minimap2 PAF cg:Z CIGAR	1	1	43.41	pPt-650975	DArT_marker	cigar_liftover_v403_to_v61	43.41	43.41	43.41	0.0	43.41	pPt-650975	DArT_marker	cigar_liftover_v403_to_v61
10	52087178	45.883	solcap_snp_c1_9498	SNP	direct_spuddb_dm_v6_1	SolCAP SNP exact non-multimap position from SpudDB DM v6.1	1	1	45.883	solcap_snp_c1_9498	SNP	direct_spuddb_dm_v6_1	45.883	45.883	45.883	0.0	45.883	solcap_snp_c1_9498	SNP	direct_spuddb_dm_v6_1
10	52898453	46.385	pPt-539509	DArT_marker	cigar_liftover_v403_to_v61	TableS4 marker lifted from PGSC/DM v4.03 to DM v6.1 using minimap2 PAF cg:Z CIGAR	1	1	46.385	pPt-539509	DArT_marker	cigar_liftover_v403_to_v61	46.385	46.385	46.385	0.0	46.385	pPt-539509	DArT_marker	cigar_liftover_v403_to_v61
10	52898639	46.379	pPt-653677	DArT_marker	cigar_liftover_v403_to_v61	TableS4 marker lifted from PGSC/DM v4.03 to DM v6.1 using minimap2 PAF cg:Z CIGAR	1	1	46.379	pPt-653677	DArT_marker	cigar_liftover_v403_to_v61	46.379	46.379	46.379	0.0	46.379	pPt-653677	DArT_marker	cigar_liftover_v403_to_v61
10	52898641	46.383	pPt-652127	DArT_marker	cigar_liftover_v403_to_v61	TableS4 marker lifted from PGSC/DM v4.03 to DM v6.1 using minimap2 PAF cg:Z CIGAR	1	1	46.383	pPt-652127	DArT_marker	cigar_liftover_v403_to_v61	46.383	46.383	46.383	0.0	46.383	pPt-652127	DArT_marker	cigar_liftover_v403_to_v61
10	52898643	45.911	toPt-440308	DArT_marker	cigar_liftover_v403_to_v61	TableS4 marker lifted from PGSC/DM v4.03 to DM v6.1 using minimap2 PAF cg:Z CIGAR	19	11	45.911	toPt-440308	DArT_marker	cigar_liftover_v403_to_v61	45.911	46.379	46.724	0.8129999999999953	45.911,46.312,46.353,46.379,46.379,46.379,46.379,46.379,46.379,46.379,46.383,46.383,46.383,46.385,46.387,46.388,46.445,46.693,46.724	pPt-458198,pPt-458453,pPt-458465,pPt-458714,pPt-459023,pPt-472481,pPt-535439,pPt-539190,pPt-650881,pPt-650893,pPt-654512,pPt-654751,toPt-437020,toPt-437558,toPt-438485,toPt-439251,toPt-439355,toPt-440308,toPt-440369	DArT_marker	cigar_liftover_v403_to_v61
10	52898816	46.295	capPt-673116	DArT_marker	cigar_liftover_v403_to_v61	TableS4 marker lifted from PGSC/DM v4.03 to DM v6.1 using minimap2 PAF cg:Z CIGAR	2	2	46.295	capPt-673116	DArT_marker	cigar_liftover_v403_to_v61	46.295	46.304	46.313	0.018000000000000682	46.295,46.313	capPt-672993,capPt-673116	DArT_marker	cigar_liftover_v403_to_v61
10	53051560	46.077	solcap_snp_c1_15222	SNP	direct_spuddb_dm_v6_1	SolCAP SNP exact non-multimap position from SpudDB DM v6.1	1	1	46.077	solcap_snp_c1_15222	SNP	direct_spuddb_dm_v6_1	46.077	46.077	46.077	0.0	46.077	solcap_snp_c1_15222	SNP	direct_spuddb_dm_v6_1
10	53142228	47.01	solcap_snp_c1_15216	SNP	direct_spuddb_dm_v6_1	SolCAP SNP exact non-multimap position from SpudDB DM v6.1	1	1	47.01	solcap_snp_c1_15216	SNP	direct_spuddb_dm_v6_1	47.01	47.01	47.01	0.0	47.01	solcap_snp_c1_15216	SNP	direct_spuddb_dm_v6_1
10	55214380	49.827	pPt-459092	DArT_marker	cigar_liftover_v403_to_v61	TableS4 marker lifted from PGSC/DM v4.03 to DM v6.1 using minimap2 PAF cg:Z CIGAR	1	1	49.827	pPt-459092	DArT_marker	cigar_liftover_v403_to_v61	49.827	49.827	49.827	0.0	49.827	pPt-459092	DArT_marker	cigar_liftover_v403_to_v61
10	55214381	49.755	pPt-458475	DArT_marker	cigar_liftover_v403_to_v61	TableS4 marker lifted from PGSC/DM v4.03 to DM v6.1 using minimap2 PAF cg:Z CIGAR	4	2	49.755	pPt-458475	DArT_marker	cigar_liftover_v403_to_v61	49.755	49.755	49.979	0.22399999999999665	49.755,49.755,49.755,49.979	pPt-457825,pPt-458475,pPt-539947,pPt-654281	DArT_marker	cigar_liftover_v403_to_v61
10	55254858	50.273	solcap_snp_c1_10324	SNP	direct_spuddb_dm_v6_1	SolCAP SNP exact non-multimap position from SpudDB DM v6.1	1	1	50.273	solcap_snp_c1_10324	SNP	direct_spuddb_dm_v6_1	50.273	50.273	50.273	0.0	50.273	solcap_snp_c1_10324	SNP	direct_spuddb_dm_v6_1
10	55257906	49.769	pPt-652171	DArT_marker	cigar_liftover_v403_to_v61	TableS4 marker lifted from PGSC/DM v4.03 to DM v6.1 using minimap2 PAF cg:Z CIGAR	1	1	49.769	pPt-652171	DArT_marker	cigar_liftover_v403_to_v61	49.769	49.769	49.769	0.0	49.769	pPt-652171	DArT_marker	cigar_liftover_v403_to_v61
10	57342715	57.701	solcap_snp_c1_9069	SNP	direct_spuddb_dm_v6_1	SolCAP SNP exact non-multimap position from SpudDB DM v6.1	1	1	57.701	solcap_snp_c1_9069	SNP	direct_spuddb_dm_v6_1	57.701	57.701	57.701	0.0	57.701	solcap_snp_c1_9069	SNP	direct_spuddb_dm_v6_1
10	57502157	57.235	solcap_snp_c1_12656	SNP	direct_spuddb_dm_v6_1	SolCAP SNP exact non-multimap position from SpudDB DM v6.1	1	1	57.235	solcap_snp_c1_12656	SNP	direct_spuddb_dm_v6_1	57.235	57.235	57.235	0.0	57.235	solcap_snp_c1_12656	SNP	direct_spuddb_dm_v6_1
10	57561186	59.216	pPt-458108	DArT_marker	cigar_liftover_v403_to_v61	TableS4 marker lifted from PGSC/DM v4.03 to DM v6.1 using minimap2 PAF cg:Z CIGAR	1	1	59.216	pPt-458108	DArT_marker	cigar_liftover_v403_to_v61	59.216	59.216	59.216	0.0	59.216	pPt-458108	DArT_marker	cigar_liftover_v403_to_v61
10	57586970	58.919	solcap_snp_c1_12614	SNP	direct_spuddb_dm_v6_1	SolCAP SNP exact non-multimap position from SpudDB DM v6.1	1	1	58.919	solcap_snp_c1_12614	SNP	direct_spuddb_dm_v6_1	58.919	58.919	58.919	0.0	58.919	solcap_snp_c1_12614	SNP	direct_spuddb_dm_v6_1
10	57944536	61.372	PM0139	repeat_region	cigar_liftover_v403_to_v61	TableS4 marker lifted from PGSC/DM v4.03 to DM v6.1 using minimap2 PAF cg:Z CIGAR	1	1	61.372	PM0139	repeat_region	cigar_liftover_v403_to_v61	61.372	61.372	61.372	0.0	61.372	PM0139	repeat_region	cigar_liftover_v403_to_v61
10	58324929	62.297	solcap_snp_c1_7206	SNP	direct_spuddb_dm_v6_1	SolCAP SNP exact non-multimap position from SpudDB DM v6.1	1	1	62.297	solcap_snp_c1_7206	SNP	direct_spuddb_dm_v6_1	62.297	62.297	62.297	0.0	62.297	solcap_snp_c1_7206	SNP	direct_spuddb_dm_v6_1
10	59199662	64.989	pPt-651366	DArT_marker	cigar_liftover_v403_to_v61	TableS4 marker lifted from PGSC/DM v4.03 to DM v6.1 using minimap2 PAF cg:Z CIGAR	1	1	64.989	pPt-651366	DArT_marker	cigar_liftover_v403_to_v61	64.989	64.989	64.989	0.0	64.989	pPt-651366	DArT_marker	cigar_liftover_v403_to_v61
10	59248708	68.865	solcap_snp_c1_8814	SNP	direct_spuddb_dm_v6_1	SolCAP SNP exact non-multimap position from SpudDB DM v6.1	1	1	68.865	solcap_snp_c1_8814	SNP	direct_spuddb_dm_v6_1	68.865	68.865	68.865	0.0	68.865	solcap_snp_c1_8814	SNP	direct_spuddb_dm_v6_1
10	59277472	67.349	toPt-437377	DArT_marker	cigar_liftover_v403_to_v61	TableS4 marker lifted from PGSC/DM v4.03 to DM v6.1 using minimap2 PAF cg:Z CIGAR	1	1	67.349	toPt-437377	DArT_marker	cigar_liftover_v403_to_v61	67.349	67.349	67.349	0.0	67.349	toPt-437377	DArT_marker	cigar_liftover_v403_to_v61
11	478455	6.415	pPt-473989	DArT_marker	cigar_liftover_v403_to_v61	TableS4 marker lifted from PGSC/DM v4.03 to DM v6.1 using minimap2 PAF cg:Z CIGAR	1	1	6.415	pPt-473989	DArT_marker	cigar_liftover_v403_to_v61	6.415	6.415	6.415	0.0	6.415	pPt-473989	DArT_marker	cigar_liftover_v403_to_v61
11	478459	6.415	pPt-656084	DArT_marker	cigar_liftover_v403_to_v61	TableS4 marker lifted from PGSC/DM v4.03 to DM v6.1 using minimap2 PAF cg:Z CIGAR	1	1	6.415	pPt-656084	DArT_marker	cigar_liftover_v403_to_v61	6.415	6.415	6.415	0.0	6.415	pPt-656084	DArT_marker	cigar_liftover_v403_to_v61
11	478466	6.415	pPt-654935	DArT_marker	cigar_liftover_v403_to_v61	TableS4 marker lifted from PGSC/DM v4.03 to DM v6.1 using minimap2 PAF cg:Z CIGAR	1	1	6.415	pPt-654935	DArT_marker	cigar_liftover_v403_to_v61	6.415	6.415	6.415	0.0	6.415	pPt-654935	DArT_marker	cigar_liftover_v403_to_v61
11	478667	6.415	toPt-440415	DArT_marker	cigar_liftover_v403_to_v61	TableS4 marker lifted from PGSC/DM v4.03 to DM v6.1 using minimap2 PAF cg:Z CIGAR	1	1	6.415	toPt-440415	DArT_marker	cigar_liftover_v403_to_v61	6.415	6.415	6.415	0.0	6.415	toPt-440415	DArT_marker	cigar_liftover_v403_to_v61
11	675706	7.188	solcap_snp_c1_4358	SNP	direct_spuddb_dm_v6_1	SolCAP SNP exact non-multimap position from SpudDB DM v6.1	1	1	7.188	solcap_snp_c1_4358	SNP	direct_spuddb_dm_v6_1	7.188	7.188	7.188	0.0	7.188	solcap_snp_c1_4358	SNP	direct_spuddb_dm_v6_1
11	1414041	10.24	pPt-652437	DArT_marker	cigar_liftover_v403_to_v61	TableS4 marker lifted from PGSC/DM v4.03 to DM v6.1 using minimap2 PAF cg:Z CIGAR	1	1	10.24	pPt-652437	DArT_marker	cigar_liftover_v403_to_v61	10.24	10.24	10.24	0.0	10.24	pPt-652437	DArT_marker	cigar_liftover_v403_to_v61
11	2579325	0.759	solcap_snp_c1_11111	SNP	direct_spuddb_dm_v6_1	SolCAP SNP exact non-multimap position from SpudDB DM v6.1	1	1	0.759	solcap_snp_c1_11111	SNP	direct_spuddb_dm_v6_1	0.759	0.759	0.759	0.0	0.759	solcap_snp_c1_11111	SNP	direct_spuddb_dm_v6_1
11	2822788	2.25	pPt-470834	DArT_marker	cigar_liftover_v403_to_v61	TableS4 marker lifted from PGSC/DM v4.03 to DM v6.1 using minimap2 PAF cg:Z CIGAR	1	1	2.25	pPt-470834	DArT_marker	cigar_liftover_v403_to_v61	2.25	2.25	2.25	0.0	2.25	pPt-470834	DArT_marker	cigar_liftover_v403_to_v61
11	2830372	1.658	pPt-534589	DArT_marker	cigar_liftover_v403_to_v61	TableS4 marker lifted from PGSC/DM v4.03 to DM v6.1 using minimap2 PAF cg:Z CIGAR	5	5	1.658	pPt-534589	DArT_marker	cigar_liftover_v403_to_v61	1.658	2.233	2.25	0.5920000000000001	1.658,2.226,2.233,2.244,2.25	pPt-534298,pPt-534589,pPt-536045,pPt-536761,pPt-538065	DArT_marker	cigar_liftover_v403_to_v61
11	2830392	2.216	pPt-653767	DArT_marker	cigar_liftover_v403_to_v61	TableS4 marker lifted from PGSC/DM v4.03 to DM v6.1 using minimap2 PAF cg:Z CIGAR	1	1	2.216	pPt-653767	DArT_marker	cigar_liftover_v403_to_v61	2.216	2.216	2.216	0.0	2.216	pPt-653767	DArT_marker	cigar_liftover_v403_to_v61
11	3258263	3.765	solcap_snp_c1_2189	SNP	direct_spuddb_dm_v6_1	SolCAP SNP exact non-multimap position from SpudDB DM v6.1	1	1	3.765	solcap_snp_c1_2189	SNP	direct_spuddb_dm_v6_1	3.765	3.765	3.765	0.0	3.765	solcap_snp_c1_2189	SNP	direct_spuddb_dm_v6_1
11	3575362	12.567	solcap_snp_c1_2132	SNP	direct_spuddb_dm_v6_1	SolCAP SNP exact non-multimap position from SpudDB DM v6.1	1	1	12.567	solcap_snp_c1_2132	SNP	direct_spuddb_dm_v6_1	12.567	12.567	12.567	0.0	12.567	solcap_snp_c1_2132	SNP	direct_spuddb_dm_v6_1
11	3695457	4.712	solcap_snp_c1_2311	SNP	direct_spuddb_dm_v6_1	SolCAP SNP exact non-multimap position from SpudDB DM v6.1	1	1	4.712	solcap_snp_c1_2311	SNP	direct_spuddb_dm_v6_1	4.712	4.712	4.712	0.0	4.712	solcap_snp_c1_2311	SNP	direct_spuddb_dm_v6_1
11	4000873	15.715	solcap_snp_c1_2254	SNP	direct_spuddb_dm_v6_1	SolCAP SNP exact non-multimap position from SpudDB DM v6.1	1	1	15.715	solcap_snp_c1_2254	SNP	direct_spuddb_dm_v6_1	15.715	15.715	15.715	0.0	15.715	solcap_snp_c1_2254	SNP	direct_spuddb_dm_v6_1
11	4002920	15.429	capPt-673113	DArT_marker	cigar_liftover_v403_to_v61	TableS4 marker lifted from PGSC/DM v4.03 to DM v6.1 using minimap2 PAF cg:Z CIGAR	1	1	15.429	capPt-673113	DArT_marker	cigar_liftover_v403_to_v61	15.429	15.429	15.429	0.0	15.429	capPt-673113	DArT_marker	cigar_liftover_v403_to_v61
11	4242408	5.452	solcap_snp_c1_2221	SNP	direct_spuddb_dm_v6_1	SolCAP SNP exact non-multimap position from SpudDB DM v6.1	1	1	5.452	solcap_snp_c1_2221	SNP	direct_spuddb_dm_v6_1	5.452	5.452	5.452	0.0	5.452	solcap_snp_c1_2221	SNP	direct_spuddb_dm_v6_1
11	5321940	17.585	solcap_snp_c1_16309	SNP	direct_spuddb_dm_v6_1	SolCAP SNP exact non-multimap position from SpudDB DM v6.1	1	1	17.585	solcap_snp_c1_16309	SNP	direct_spuddb_dm_v6_1	17.585	17.585	17.585	0.0	17.585	solcap_snp_c1_16309	SNP	direct_spuddb_dm_v6_1
11	5952475	18.836	toPt-436913	DArT_marker	cigar_liftover_v403_to_v61	TableS4 marker lifted from PGSC/DM v4.03 to DM v6.1 using minimap2 PAF cg:Z CIGAR	1	1	18.836	toPt-436913	DArT_marker	cigar_liftover_v403_to_v61	18.836	18.836	18.836	0.0	18.836	toPt-436913	DArT_marker	cigar_liftover_v403_to_v61
11	6166561	8.301	solcap_snp_c1_6633	SNP	direct_spuddb_dm_v6_1	SolCAP SNP exact non-multimap position from SpudDB DM v6.1	1	1	8.301	solcap_snp_c1_6633	SNP	direct_spuddb_dm_v6_1	8.301	8.301	8.301	0.0	8.301	solcap_snp_c1_6633	SNP	direct_spuddb_dm_v6_1
11	6316424	8.562	PM0206	repeat_region	cigar_liftover_v403_to_v61	TableS4 marker lifted from PGSC/DM v4.03 to DM v6.1 using minimap2 PAF cg:Z CIGAR	1	1	8.562	PM0206	repeat_region	cigar_liftover_v403_to_v61	8.562	8.562	8.562	0.0	8.562	PM0206	repeat_region	cigar_liftover_v403_to_v61
11	6413576	9.381	solcap_snp_c1_6643	SNP	direct_spuddb_dm_v6_1	SolCAP SNP exact non-multimap position from SpudDB DM v6.1	1	1	9.381	solcap_snp_c1_6643	SNP	direct_spuddb_dm_v6_1	9.381	9.381	9.381	0.0	9.381	solcap_snp_c1_6643	SNP	direct_spuddb_dm_v6_1
11	7232733	12.591	pPt-538888	DArT_marker	cigar_liftover_v403_to_v61	TableS4 marker lifted from PGSC/DM v4.03 to DM v6.1 using minimap2 PAF cg:Z CIGAR	1	1	12.591	pPt-538888	DArT_marker	cigar_liftover_v403_to_v61	12.591	12.591	12.591	0.0	12.591	pPt-538888	DArT_marker	cigar_liftover_v403_to_v61
11	7604661	16.273	PM0395	repeat_region	cigar_liftover_v403_to_v61	TableS4 marker lifted from PGSC/DM v4.03 to DM v6.1 using minimap2 PAF cg:Z CIGAR	1	1	16.273	PM0395	repeat_region	cigar_liftover_v403_to_v61	16.273	16.273	16.273	0.0	16.273	PM0395	repeat_region	cigar_liftover_v403_to_v61
11	8901167	26.204	solcap_snp_c1_4012	SNP	direct_spuddb_dm_v6_1	SolCAP SNP exact non-multimap position from SpudDB DM v6.1	1	1	26.204	solcap_snp_c1_4012	SNP	direct_spuddb_dm_v6_1	26.204	26.204	26.204	0.0	26.204	solcap_snp_c1_4012	SNP	direct_spuddb_dm_v6_1
11	9118092	26.74	solcap_snp_c1_4009	SNP	direct_spuddb_dm_v6_1	SolCAP SNP exact non-multimap position from SpudDB DM v6.1	1	1	26.74	solcap_snp_c1_4009	SNP	direct_spuddb_dm_v6_1	26.74	26.74	26.74	0.0	26.74	solcap_snp_c1_4009	SNP	direct_spuddb_dm_v6_1
11	9491422	27.637	solcap_snp_c1_3996	SNP	direct_spuddb_dm_v6_1	SolCAP SNP exact non-multimap position from SpudDB DM v6.1	1	1	27.637	solcap_snp_c1_3996	SNP	direct_spuddb_dm_v6_1	27.637	27.637	27.637	0.0	27.637	solcap_snp_c1_3996	SNP	direct_spuddb_dm_v6_1
11	9529080	27.499	toPt-437239	DArT_marker	cigar_liftover_v403_to_v61	TableS4 marker lifted from PGSC/DM v4.03 to DM v6.1 using minimap2 PAF cg:Z CIGAR	2	1	27.499	toPt-437239	DArT_marker	cigar_liftover_v403_to_v61	27.499	27.499	27.499	0.0	27.499,27.499	toPt-437239,toPt-437362	DArT_marker	cigar_liftover_v403_to_v61
11	9529123	27.698	toPt-438852	DArT_marker	cigar_liftover_v403_to_v61	TableS4 marker lifted from PGSC/DM v4.03 to DM v6.1 using minimap2 PAF cg:Z CIGAR	1	1	27.698	toPt-438852	DArT_marker	cigar_liftover_v403_to_v61	27.698	27.698	27.698	0.0	27.698	toPt-438852	DArT_marker	cigar_liftover_v403_to_v61
11	9529226	27.499	pPt-650908	DArT_marker	cigar_liftover_v403_to_v61	TableS4 marker lifted from PGSC/DM v4.03 to DM v6.1 using minimap2 PAF cg:Z CIGAR	3	1	27.499	pPt-650908	DArT_marker	cigar_liftover_v403_to_v61	27.499	27.499	27.499	0.0	27.499,27.499,27.499	pPt-650908,pPt-654251,pPt-655824	DArT_marker	cigar_liftover_v403_to_v61
11	10088223	22.701	toPt-437706	DArT_marker	cigar_liftover_v403_to_v61	TableS4 marker lifted from PGSC/DM v4.03 to DM v6.1 using minimap2 PAF cg:Z CIGAR	3	3	22.701	toPt-437706	DArT_marker	cigar_liftover_v403_to_v61	22.701	23.569	23.708	1.006999999999998	22.701,23.569,23.708	pPt-650846,toPt-437157,toPt-437706	DArT_marker	cigar_liftover_v403_to_v61
11	11819512	28.519	st_11798	repeat_region	cigar_liftover_v403_to_v61	TableS4 marker lifted from PGSC/DM v4.03 to DM v6.1 using minimap2 PAF cg:Z CIGAR	1	1	28.519	st_11798	repeat_region	cigar_liftover_v403_to_v61	28.519	28.519	28.519	0.0	28.519	st_11798	repeat_region	cigar_liftover_v403_to_v61
11	14527226	30.858	toPt-441400	DArT_marker	cigar_liftover_v403_to_v61	TableS4 marker lifted from PGSC/DM v4.03 to DM v6.1 using minimap2 PAF cg:Z CIGAR	2	2	30.858	toPt-441400	DArT_marker	cigar_liftover_v403_to_v61	30.858	31.4655	32.073	1.2149999999999999	30.858,32.073	pPt-650733,toPt-441400	DArT_marker	cigar_liftover_v403_to_v61
11	15387352	35.828	MICRO.1169.C1_977	match	cigar_liftover_v403_to_v61	TableS4 marker lifted from PGSC/DM v4.03 to DM v6.1 using minimap2 PAF cg:Z CIGAR	1	1	35.828	MICRO.1169.C1_977	match	cigar_liftover_v403_to_v61	35.828	35.828	35.828	0.0	35.828	MICRO.1169.C1_977	match	cigar_liftover_v403_to_v61
11	16224599	37.27	solcap_snp_c1_872	SNP	direct_spuddb_dm_v6_1	SolCAP SNP exact non-multimap position from SpudDB DM v6.1	1	1	37.27	solcap_snp_c1_872	SNP	direct_spuddb_dm_v6_1	37.27	37.27	37.27	0.0	37.27	solcap_snp_c1_872	SNP	direct_spuddb_dm_v6_1
11	27165202	34.197	PM1319	repeat_region	cigar_liftover_v403_to_v61	TableS4 marker lifted from PGSC/DM v4.03 to DM v6.1 using minimap2 PAF cg:Z CIGAR	1	1	34.197	PM1319	repeat_region	cigar_liftover_v403_to_v61	34.197	34.197	34.197	0.0	34.197	PM1319	repeat_region	cigar_liftover_v403_to_v61
11	27218620	15.236	pPt-657037	DArT_marker	cigar_liftover_v403_to_v61	TableS4 marker lifted from PGSC/DM v4.03 to DM v6.1 using minimap2 PAF cg:Z CIGAR	1	1	15.236	pPt-657037	DArT_marker	cigar_liftover_v403_to_v61	15.236	15.236	15.236	0.0	15.236	pPt-657037	DArT_marker	cigar_liftover_v403_to_v61
11	30013065	35.081	pPt-536357	DArT_marker	cigar_liftover_v403_to_v61	TableS4 marker lifted from PGSC/DM v4.03 to DM v6.1 using minimap2 PAF cg:Z CIGAR	1	1	35.081	pPt-536357	DArT_marker	cigar_liftover_v403_to_v61	35.081	35.081	35.081	0.0	35.081	pPt-536357	DArT_marker	cigar_liftover_v403_to_v61
11	32900636	33.402	MICRO.10953.C1_310	match	cigar_liftover_v403_to_v61	TableS4 marker lifted from PGSC/DM v4.03 to DM v6.1 using minimap2 PAF cg:Z CIGAR	1	1	33.402	MICRO.10953.C1_310	match	cigar_liftover_v403_to_v61	33.402	33.402	33.402	0.0	33.402	MICRO.10953.C1_310	match	cigar_liftover_v403_to_v61
11	36524120	36.791	pPt-473209	DArT_marker	cigar_liftover_v403_to_v61	TableS4 marker lifted from PGSC/DM v4.03 to DM v6.1 using minimap2 PAF cg:Z CIGAR	3	3	36.791	pPt-473209	DArT_marker	cigar_liftover_v403_to_v61	36.791	36.932	36.999	0.2080000000000055	36.791,36.932,36.999	pPt-473209,toPt-437465,toPt-440455	DArT_marker	cigar_liftover_v403_to_v61
11	36955055	36.63	pPt-651955	DArT_marker	cigar_liftover_v403_to_v61	TableS4 marker lifted from PGSC/DM v4.03 to DM v6.1 using minimap2 PAF cg:Z CIGAR	2	2	36.63	pPt-651955	DArT_marker	cigar_liftover_v403_to_v61	36.63	37.338499999999996	38.047	1.4169999999999945	36.63,38.047	pPt-457986,pPt-651955	DArT_marker	cigar_liftover_v403_to_v61
11	37615241	36.859	solcap_snp_c1_4359	SNP	direct_spuddb_dm_v6_1	SolCAP SNP exact non-multimap position from SpudDB DM v6.1	1	1	36.859	solcap_snp_c1_4359	SNP	direct_spuddb_dm_v6_1	36.859	36.859	36.859	0.0	36.859	solcap_snp_c1_4359	SNP	direct_spuddb_dm_v6_1
11	40128268	44.569	solcap_snp_c1_4818	SNP	direct_spuddb_dm_v6_1	SolCAP SNP exact non-multimap position from SpudDB DM v6.1	1	1	44.569	solcap_snp_c1_4818	SNP	direct_spuddb_dm_v6_1	44.569	44.569	44.569	0.0	44.569	solcap_snp_c1_4818	SNP	direct_spuddb_dm_v6_1
11	40806074	48.053	solcap_snp_c1_1300	SNP	direct_spuddb_dm_v6_1	SolCAP SNP exact non-multimap position from SpudDB DM v6.1	1	1	48.053	solcap_snp_c1_1300	SNP	direct_spuddb_dm_v6_1	48.053	48.053	48.053	0.0	48.053	solcap_snp_c1_1300	SNP	direct_spuddb_dm_v6_1
11	40969800	46.082	pPt-653469	DArT_marker	cigar_liftover_v403_to_v61	TableS4 marker lifted from PGSC/DM v4.03 to DM v6.1 using minimap2 PAF cg:Z CIGAR	1	1	46.082	pPt-653469	DArT_marker	cigar_liftover_v403_to_v61	46.082	46.082	46.082	0.0	46.082	pPt-653469	DArT_marker	cigar_liftover_v403_to_v61
11	41045136	45.74	pPt-458167	DArT_marker	cigar_liftover_v403_to_v61	TableS4 marker lifted from PGSC/DM v4.03 to DM v6.1 using minimap2 PAF cg:Z CIGAR	5	4	45.74	pPt-458167	DArT_marker	cigar_liftover_v403_to_v61	45.74	45.742	49.375	3.634999999999998	45.74,45.74,45.742,45.749,49.375	pPt-457758,pPt-457993,pPt-458167,pPt-656330,toPt-437675	DArT_marker	cigar_liftover_v403_to_v61
11	41200951	46.192	toPt-437761	DArT_marker	cigar_liftover_v403_to_v61	TableS4 marker lifted from PGSC/DM v4.03 to DM v6.1 using minimap2 PAF cg:Z CIGAR	8	3	46.192	toPt-437761	DArT_marker	cigar_liftover_v403_to_v61	46.192	46.212	46.238	0.045999999999999375	46.192,46.212,46.212,46.212,46.212,46.212,46.212,46.238	pPt-456627,pPt-472600,pPt-473142,pPt-654041,pPt-654319,pPt-655607,toPt-437421,toPt-437761	DArT_marker	cigar_liftover_v403_to_v61
11	41708288	42.971	MICRO.2270.C1_388	match	cigar_liftover_v403_to_v61	TableS4 marker lifted from PGSC/DM v4.03 to DM v6.1 using minimap2 PAF cg:Z CIGAR	1	1	42.971	MICRO.2270.C1_388	match	cigar_liftover_v403_to_v61	42.971	42.971	42.971	0.0	42.971	MICRO.2270.C1_388	match	cigar_liftover_v403_to_v61
11	42186332	47.372	solcap_snp_c1_6959	SNP	direct_spuddb_dm_v6_1	SolCAP SNP exact non-multimap position from SpudDB DM v6.1	1	1	47.372	solcap_snp_c1_6959	SNP	direct_spuddb_dm_v6_1	47.372	47.372	47.372	0.0	47.372	solcap_snp_c1_6959	SNP	direct_spuddb_dm_v6_1
11	42273649	50.616	solcap_snp_c1_6967	SNP	direct_spuddb_dm_v6_1	SolCAP SNP exact non-multimap position from SpudDB DM v6.1	1	1	50.616	solcap_snp_c1_6967	SNP	direct_spuddb_dm_v6_1	50.616	50.616	50.616	0.0	50.616	solcap_snp_c1_6967	SNP	direct_spuddb_dm_v6_1
11	42408537	47.907	solcap_snp_c1_6971	SNP	direct_spuddb_dm_v6_1	SolCAP SNP exact non-multimap position from SpudDB DM v6.1	1	1	47.907	solcap_snp_c1_6971	SNP	direct_spuddb_dm_v6_1	47.907	47.907	47.907	0.0	47.907	solcap_snp_c1_6971	SNP	direct_spuddb_dm_v6_1
11	42675626	52.117	MICRO.6802.C1_383	match	cigar_liftover_v403_to_v61	TableS4 marker lifted from PGSC/DM v4.03 to DM v6.1 using minimap2 PAF cg:Z CIGAR	1	1	52.117	MICRO.6802.C1_383	match	cigar_liftover_v403_to_v61	52.117	52.117	52.117	0.0	52.117	MICRO.6802.C1_383	match	cigar_liftover_v403_to_v61
11	42995363	52.997	pPt-652772	DArT_marker	cigar_liftover_v403_to_v61	TableS4 marker lifted from PGSC/DM v4.03 to DM v6.1 using minimap2 PAF cg:Z CIGAR	1	1	52.997	pPt-652772	DArT_marker	cigar_liftover_v403_to_v61	52.997	52.997	52.997	0.0	52.997	pPt-652772	DArT_marker	cigar_liftover_v403_to_v61
11	42995486	53.0	pPt-534514	DArT_marker	cigar_liftover_v403_to_v61	TableS4 marker lifted from PGSC/DM v4.03 to DM v6.1 using minimap2 PAF cg:Z CIGAR	1	1	53.0	pPt-534514	DArT_marker	cigar_liftover_v403_to_v61	53.0	53.0	53.0	0.0	53.0	pPt-534514	DArT_marker	cigar_liftover_v403_to_v61
11	43021081	53.299	solcap_snp_c1_4929	SNP	direct_spuddb_dm_v6_1	SolCAP SNP exact non-multimap position from SpudDB DM v6.1	1	1	53.299	solcap_snp_c1_4929	SNP	direct_spuddb_dm_v6_1	53.299	53.299	53.299	0.0	53.299	solcap_snp_c1_4929	SNP	direct_spuddb_dm_v6_1
11	43727992	53.878	solcap_snp_c1_4911	SNP	direct_spuddb_dm_v6_1	SolCAP SNP exact non-multimap position from SpudDB DM v6.1	1	1	53.878	solcap_snp_c1_4911	SNP	direct_spuddb_dm_v6_1	53.878	53.878	53.878	0.0	53.878	solcap_snp_c1_4911	SNP	direct_spuddb_dm_v6_1
11	43731390	53.049	solcap_snp_c1_4908	SNP	direct_spuddb_dm_v6_1	SolCAP SNP exact non-multimap position from SpudDB DM v6.1	1	1	53.049	solcap_snp_c1_4908	SNP	direct_spuddb_dm_v6_1	53.049	53.049	53.049	0.0	53.049	solcap_snp_c1_4908	SNP	direct_spuddb_dm_v6_1
11	43849896	54.559	pPt-471962	DArT_marker	cigar_liftover_v403_to_v61	TableS4 marker lifted from PGSC/DM v4.03 to DM v6.1 using minimap2 PAF cg:Z CIGAR	1	1	54.559	pPt-471962	DArT_marker	cigar_liftover_v403_to_v61	54.559	54.559	54.559	0.0	54.559	pPt-471962	DArT_marker	cigar_liftover_v403_to_v61
11	44454708	56.684	solcap_snp_c1_15798	SNP	direct_spuddb_dm_v6_1	SolCAP SNP exact non-multimap position from SpudDB DM v6.1	1	1	56.684	solcap_snp_c1_15798	SNP	direct_spuddb_dm_v6_1	56.684	56.684	56.684	0.0	56.684	solcap_snp_c1_15798	SNP	direct_spuddb_dm_v6_1
11	44455736	57.204	pPt-656631	DArT_marker	cigar_liftover_v403_to_v61	TableS4 marker lifted from PGSC/DM v4.03 to DM v6.1 using minimap2 PAF cg:Z CIGAR	1	1	57.204	pPt-656631	DArT_marker	cigar_liftover_v403_to_v61	57.204	57.204	57.204	0.0	57.204	pPt-656631	DArT_marker	cigar_liftover_v403_to_v61
11	44479312	55.172	pPt-656960	DArT_marker	cigar_liftover_v403_to_v61	TableS4 marker lifted from PGSC/DM v4.03 to DM v6.1 using minimap2 PAF cg:Z CIGAR	4	3	55.172	pPt-656960	DArT_marker	cigar_liftover_v403_to_v61	55.172	55.178	55.203	0.03100000000000591	55.172,55.172,55.184,55.203	pPt-652740,pPt-654406,pPt-656960,pPt-657161	DArT_marker	cigar_liftover_v403_to_v61
11	45525054	58.097	solcap_snp_c1_11568	SNP	direct_spuddb_dm_v6_1	SolCAP SNP exact non-multimap position from SpudDB DM v6.1	1	1	58.097	solcap_snp_c1_11568	SNP	direct_spuddb_dm_v6_1	58.097	58.097	58.097	0.0	58.097	solcap_snp_c1_11568	SNP	direct_spuddb_dm_v6_1
11	45740690	61.922	solcap_snp_c1_12902	SNP	direct_spuddb_dm_v6_1	SolCAP SNP exact non-multimap position from SpudDB DM v6.1	1	1	61.922	solcap_snp_c1_12902	SNP	direct_spuddb_dm_v6_1	61.922	61.922	61.922	0.0	61.922	solcap_snp_c1_12902	SNP	direct_spuddb_dm_v6_1
11	45763473	62.862	toPt-438709	DArT_marker	cigar_liftover_v403_to_v61	TableS4 marker lifted from PGSC/DM v4.03 to DM v6.1 using minimap2 PAF cg:Z CIGAR	1	1	62.862	toPt-438709	DArT_marker	cigar_liftover_v403_to_v61	62.862	62.862	62.862	0.0	62.862	toPt-438709	DArT_marker	cigar_liftover_v403_to_v61
12	261416	69.698	solcap_snp_c1_16130	SNP	direct_spuddb_dm_v6_1	SolCAP SNP exact non-multimap position from SpudDB DM v6.1	1	1	69.698	solcap_snp_c1_16130	SNP	direct_spuddb_dm_v6_1	69.698	69.698	69.698	0.0	69.698	solcap_snp_c1_16130	SNP	direct_spuddb_dm_v6_1
12	568082	69.512	solcap_snp_c1_1958	SNP	direct_spuddb_dm_v6_1	SolCAP SNP exact non-multimap position from SpudDB DM v6.1	1	1	69.512	solcap_snp_c1_1958	SNP	direct_spuddb_dm_v6_1	69.512	69.512	69.512	0.0	69.512	solcap_snp_c1_1958	SNP	direct_spuddb_dm_v6_1
12	1055654	63.238	pPt-650534	DArT_marker	cigar_liftover_v403_to_v61	TableS4 marker lifted from PGSC/DM v4.03 to DM v6.1 using minimap2 PAF cg:Z CIGAR	8	3	63.238	pPt-650534	DArT_marker	cigar_liftover_v403_to_v61	63.238	63.669	63.702	0.46399999999999864	63.238,63.669,63.669,63.669,63.669,63.669,63.669,63.702	pPt-473991,pPt-535270,pPt-536127,pPt-536187,pPt-537186,pPt-537503,pPt-552501,pPt-650534	DArT_marker	cigar_liftover_v403_to_v61
12	1294477	70.322	pPt-654952	DArT_marker	cigar_liftover_v403_to_v61	TableS4 marker lifted from PGSC/DM v4.03 to DM v6.1 using minimap2 PAF cg:Z CIGAR	1	1	70.322	pPt-654952	DArT_marker	cigar_liftover_v403_to_v61	70.322	70.322	70.322	0.0	70.322	pPt-654952	DArT_marker	cigar_liftover_v403_to_v61
12	1294480	75.166	toPt-439120	DArT_marker	cigar_liftover_v403_to_v61	TableS4 marker lifted from PGSC/DM v4.03 to DM v6.1 using minimap2 PAF cg:Z CIGAR	1	1	75.166	toPt-439120	DArT_marker	cigar_liftover_v403_to_v61	75.166	75.166	75.166	0.0	75.166	toPt-439120	DArT_marker	cigar_liftover_v403_to_v61
12	1294811	71.722	pPt-651410	DArT_marker	cigar_liftover_v403_to_v61	TableS4 marker lifted from PGSC/DM v4.03 to DM v6.1 using minimap2 PAF cg:Z CIGAR	1	1	71.722	pPt-651410	DArT_marker	cigar_liftover_v403_to_v61	71.722	71.722	71.722	0.0	71.722	pPt-651410	DArT_marker	cigar_liftover_v403_to_v61
12	1379657	68.531	STM0003	repeat_region	cigar_liftover_v403_to_v61	TableS4 marker lifted from PGSC/DM v4.03 to DM v6.1 using minimap2 PAF cg:Z CIGAR	1	1	68.531	STM0003	repeat_region	cigar_liftover_v403_to_v61	68.531	68.531	68.531	0.0	68.531	STM0003	repeat_region	cigar_liftover_v403_to_v61
12	1727004	67.548	toPt-441245	DArT_marker	cigar_liftover_v403_to_v61	TableS4 marker lifted from PGSC/DM v4.03 to DM v6.1 using minimap2 PAF cg:Z CIGAR	1	1	67.548	toPt-441245	DArT_marker	cigar_liftover_v403_to_v61	67.548	67.548	67.548	0.0	67.548	toPt-441245	DArT_marker	cigar_liftover_v403_to_v61
12	1781003	66.841	solcap_snp_c1_1948	SNP	direct_spuddb_dm_v6_1	SolCAP SNP exact non-multimap position from SpudDB DM v6.1	1	1	66.841	solcap_snp_c1_1948	SNP	direct_spuddb_dm_v6_1	66.841	66.841	66.841	0.0	66.841	solcap_snp_c1_1948	SNP	direct_spuddb_dm_v6_1
12	1904970	66.684	pPt-535005	DArT_marker	cigar_liftover_v403_to_v61	TableS4 marker lifted from PGSC/DM v4.03 to DM v6.1 using minimap2 PAF cg:Z CIGAR	1	1	66.684	pPt-535005	DArT_marker	cigar_liftover_v403_to_v61	66.684	66.684	66.684	0.0	66.684	pPt-535005	DArT_marker	cigar_liftover_v403_to_v61
12	3430218	60.796	solcap_snp_c1_2775	SNP	direct_spuddb_dm_v6_1	SolCAP SNP exact non-multimap position from SpudDB DM v6.1	1	1	60.796	solcap_snp_c1_2775	SNP	direct_spuddb_dm_v6_1	60.796	60.796	60.796	0.0	60.796	solcap_snp_c1_2775	SNP	direct_spuddb_dm_v6_1
12	3663191	60.994	solcap_snp_c1_2733	SNP	direct_spuddb_dm_v6_1	SolCAP SNP exact non-multimap position from SpudDB DM v6.1	1	1	60.994	solcap_snp_c1_2733	SNP	direct_spuddb_dm_v6_1	60.994	60.994	60.994	0.0	60.994	solcap_snp_c1_2733	SNP	direct_spuddb_dm_v6_1
12	4098875	50.571	solcap_snp_c1_2713	SNP	direct_spuddb_dm_v6_1	SolCAP SNP exact non-multimap position from SpudDB DM v6.1	1	1	50.571	solcap_snp_c1_2713	SNP	direct_spuddb_dm_v6_1	50.571	50.571	50.571	0.0	50.571	solcap_snp_c1_2713	SNP	direct_spuddb_dm_v6_1
12	5220235	48.624	pPt-655869	DArT_marker	cigar_liftover_v403_to_v61	TableS4 marker lifted from PGSC/DM v4.03 to DM v6.1 using minimap2 PAF cg:Z CIGAR	1	1	48.624	pPt-655869	DArT_marker	cigar_liftover_v403_to_v61	48.624	48.624	48.624	0.0	48.624	pPt-655869	DArT_marker	cigar_liftover_v403_to_v61
12	6017006	40.012	solcap_snp_c1_9741	SNP	direct_spuddb_dm_v6_1	SolCAP SNP exact non-multimap position from SpudDB DM v6.1	1	1	40.012	solcap_snp_c1_9741	SNP	direct_spuddb_dm_v6_1	40.012	40.012	40.012	0.0	40.012	solcap_snp_c1_9741	SNP	direct_spuddb_dm_v6_1
12	7297924	44.555	solcap_snp_c1_7491	SNP	direct_spuddb_dm_v6_1	SolCAP SNP exact non-multimap position from SpudDB DM v6.1	1	1	44.555	solcap_snp_c1_7491	SNP	direct_spuddb_dm_v6_1	44.555	44.555	44.555	0.0	44.555	solcap_snp_c1_7491	SNP	direct_spuddb_dm_v6_1
12	7339777	44.104	PM1295	repeat_region	cigar_liftover_v403_to_v61	TableS4 marker lifted from PGSC/DM v4.03 to DM v6.1 using minimap2 PAF cg:Z CIGAR	1	1	44.104	PM1295	repeat_region	cigar_liftover_v403_to_v61	44.104	44.104	44.104	0.0	44.104	PM1295	repeat_region	cigar_liftover_v403_to_v61
12	9186104	41.248	pPt-472737	DArT_marker	cigar_liftover_v403_to_v61	TableS4 marker lifted from PGSC/DM v4.03 to DM v6.1 using minimap2 PAF cg:Z CIGAR	1	1	41.248	pPt-472737	DArT_marker	cigar_liftover_v403_to_v61	41.248	41.248	41.248	0.0	41.248	pPt-472737	DArT_marker	cigar_liftover_v403_to_v61
12	9186109	41.258	pPt-471864	DArT_marker	cigar_liftover_v403_to_v61	TableS4 marker lifted from PGSC/DM v4.03 to DM v6.1 using minimap2 PAF cg:Z CIGAR	1	1	41.258	pPt-471864	DArT_marker	cigar_liftover_v403_to_v61	41.258	41.258	41.258	0.0	41.258	pPt-471864	DArT_marker	cigar_liftover_v403_to_v61
12	10054710	38.396	pPt-651561	DArT_marker	cigar_liftover_v403_to_v61	TableS4 marker lifted from PGSC/DM v4.03 to DM v6.1 using minimap2 PAF cg:Z CIGAR	1	1	38.396	pPt-651561	DArT_marker	cigar_liftover_v403_to_v61	38.396	38.396	38.396	0.0	38.396	pPt-651561	DArT_marker	cigar_liftover_v403_to_v61
12	10569816	33.693	pPt-650660	DArT_marker	cigar_liftover_v403_to_v61	TableS4 marker lifted from PGSC/DM v4.03 to DM v6.1 using minimap2 PAF cg:Z CIGAR	1	1	33.693	pPt-650660	DArT_marker	cigar_liftover_v403_to_v61	33.693	33.693	33.693	0.0	33.693	pPt-650660	DArT_marker	cigar_liftover_v403_to_v61
12	11124977	33.392	pPt-459526	DArT_marker	cigar_liftover_v403_to_v61	TableS4 marker lifted from PGSC/DM v4.03 to DM v6.1 using minimap2 PAF cg:Z CIGAR	2	2	33.392	pPt-459526	DArT_marker	cigar_liftover_v403_to_v61	33.392	33.3925	33.393	0.0009999999999976694	33.392,33.393	pPt-459526,pPt-552249	DArT_marker	cigar_liftover_v403_to_v61
12	11125054	33.393	pPt-655800	DArT_marker	cigar_liftover_v403_to_v61	TableS4 marker lifted from PGSC/DM v4.03 to DM v6.1 using minimap2 PAF cg:Z CIGAR	3	3	33.393	pPt-655800	DArT_marker	cigar_liftover_v403_to_v61	33.393	33.693	34.702	1.3089999999999975	33.393,33.693,34.702	pPt-456687,pPt-459333,pPt-655800	DArT_marker	cigar_liftover_v403_to_v61
12	11672516	31.439	STI0030	repeat_region	cigar_liftover_v403_to_v61	TableS4 marker lifted from PGSC/DM v4.03 to DM v6.1 using minimap2 PAF cg:Z CIGAR	1	1	31.439	STI0030	repeat_region	cigar_liftover_v403_to_v61	31.439	31.439	31.439	0.0	31.439	STI0030	repeat_region	cigar_liftover_v403_to_v61
12	12294109	29.089	pPt-651796	DArT_marker	cigar_liftover_v403_to_v61	TableS4 marker lifted from PGSC/DM v4.03 to DM v6.1 using minimap2 PAF cg:Z CIGAR	1	1	29.089	pPt-651796	DArT_marker	cigar_liftover_v403_to_v61	29.089	29.089	29.089	0.0	29.089	pPt-651796	DArT_marker	cigar_liftover_v403_to_v61
12	48402334	26.618	pPt-652236	DArT_marker	cigar_liftover_v403_to_v61	TableS4 marker lifted from PGSC/DM v4.03 to DM v6.1 using minimap2 PAF cg:Z CIGAR	1	1	26.618	pPt-652236	DArT_marker	cigar_liftover_v403_to_v61	26.618	26.618	26.618	0.0	26.618	pPt-652236	DArT_marker	cigar_liftover_v403_to_v61
12	49357724	27.502	solcap_snp_c1_8495	SNP	direct_spuddb_dm_v6_1	SolCAP SNP exact non-multimap position from SpudDB DM v6.1	1	1	27.502	solcap_snp_c1_8495	SNP	direct_spuddb_dm_v6_1	27.502	27.502	27.502	0.0	27.502	solcap_snp_c1_8495	SNP	direct_spuddb_dm_v6_1
12	50680228	28.975	solcap_snp_c1_14454	SNP	direct_spuddb_dm_v6_1	SolCAP SNP exact non-multimap position from SpudDB DM v6.1	1	1	28.975	solcap_snp_c1_14454	SNP	direct_spuddb_dm_v6_1	28.975	28.975	28.975	0.0	28.975	solcap_snp_c1_14454	SNP	direct_spuddb_dm_v6_1
12	53043716	20.153	pPt-652539	DArT_marker	cigar_liftover_v403_to_v61	TableS4 marker lifted from PGSC/DM v4.03 to DM v6.1 using minimap2 PAF cg:Z CIGAR	5	1	20.153	pPt-652539	DArT_marker	cigar_liftover_v403_to_v61	20.153	20.153	20.153	0.0	20.153,20.153,20.153,20.153,20.153	pPt-652539,pPt-653046,pPt-653269,pPt-653563,pPt-657374	DArT_marker	cigar_liftover_v403_to_v61
12	53805487	18.494	pPt-471963	DArT_marker	cigar_liftover_v403_to_v61	TableS4 marker lifted from PGSC/DM v4.03 to DM v6.1 using minimap2 PAF cg:Z CIGAR	3	3	18.494	pPt-471963	DArT_marker	cigar_liftover_v403_to_v61	18.494	18.554	18.573	0.07900000000000063	18.494,18.554,18.573	pPt-471963,pPt-654400,pPt-656136	DArT_marker	cigar_liftover_v403_to_v61
12	54445536	17.718	PM1351	repeat_region	cigar_liftover_v403_to_v61	TableS4 marker lifted from PGSC/DM v4.03 to DM v6.1 using minimap2 PAF cg:Z CIGAR	1	1	17.718	PM1351	repeat_region	cigar_liftover_v403_to_v61	17.718	17.718	17.718	0.0	17.718	PM1351	repeat_region	cigar_liftover_v403_to_v61
12	56281284	7.7	toPt-440819	DArT_marker	cigar_liftover_v403_to_v61	TableS4 marker lifted from PGSC/DM v4.03 to DM v6.1 using minimap2 PAF cg:Z CIGAR	1	1	7.7	toPt-440819	DArT_marker	cigar_liftover_v403_to_v61	7.7	7.7	7.7	0.0	7.7	toPt-440819	DArT_marker	cigar_liftover_v403_to_v61
12	57195889	0.807	pPt-457978	DArT_marker	cigar_liftover_v403_to_v61	TableS4 marker lifted from PGSC/DM v4.03 to DM v6.1 using minimap2 PAF cg:Z CIGAR	1	1	0.807	pPt-457978	DArT_marker	cigar_liftover_v403_to_v61	0.807	0.807	0.807	0.0	0.807	pPt-457978	DArT_marker	cigar_liftover_v403_to_v61
12	57795568	4.355	MICRO.1639.C1_470	match	cigar_liftover_v403_to_v61	TableS4 marker lifted from PGSC/DM v4.03 to DM v6.1 using minimap2 PAF cg:Z CIGAR	1	1	4.355	MICRO.1639.C1_470	match	cigar_liftover_v403_to_v61	4.355	4.355	4.355	0.0	4.355	MICRO.1639.C1_470	match	cigar_liftover_v403_to_v61
12	58521659	6.075	toPt-440828	DArT_marker	cigar_liftover_v403_to_v61	TableS4 marker lifted from PGSC/DM v4.03 to DM v6.1 using minimap2 PAF cg:Z CIGAR	6	3	6.075	toPt-440828	DArT_marker	cigar_liftover_v403_to_v61	6.075	6.428	6.428	0.35299999999999976	6.075,6.175,6.428,6.428,6.428,6.428	pPt-456682,pPt-458347,pPt-539794,pPt-656633,toPt-440828,toPt-440945	DArT_marker	cigar_liftover_v403_to_v61
12	59294379	4.693	toPt-438817	DArT_marker	cigar_liftover_v403_to_v61	TableS4 marker lifted from PGSC/DM v4.03 to DM v6.1 using minimap2 PAF cg:Z CIGAR	3	2	4.693	toPt-438817	DArT_marker	cigar_liftover_v403_to_v61	4.693	4.706	4.706	0.013000000000000789	4.693,4.706,4.706	toPt-438507,toPt-438817,toPt-438939	DArT_marker	cigar_liftover_v403_to_v61
12	59294388	4.693	toPt-441368	DArT_marker	cigar_liftover_v403_to_v61	TableS4 marker lifted from PGSC/DM v4.03 to DM v6.1 using minimap2 PAF cg:Z CIGAR	2	2	4.693	toPt-441368	DArT_marker	cigar_liftover_v403_to_v61	4.693	4.714499999999999	4.736	0.04300000000000015	4.693,4.736	toPt-441263,toPt-441368	DArT_marker	cigar_liftover_v403_to_v61
12	59573113	0.0	PM0459	repeat_region	cigar_liftover_v403_to_v61	TableS4 marker lifted from PGSC/DM v4.03 to DM v6.1 using minimap2 PAF cg:Z CIGAR	1	1	0.0	PM0459	repeat_region	cigar_liftover_v403_to_v61	0.0	0.0	0.0	0.0	0.0	PM0459	repeat_region	cigar_liftover_v403_to_v61
