chr	pos	cM	marker_id	marker_type	genetic_chr	old_seqid	old_start	old_end	old_midpoint	target_seqid	target_pos	paf_strand	mapq	paf_identity	paf_query_span	n_liftover_candidates	cigar_status	liftover_status
1	510709	4.532	pPt-535772	DArT_marker	1	ST4.03ch01	252892	253190	253041	chr01	510709	+	60	0.9954471544715447	128595	1	cigar_aligned_base	lifted_chr_agree
1	510709	4.532	pPt-540428	DArT_marker	1	ST4.03ch01	252892	253190	253041	chr01	510709	+	60	0.9954471544715447	128595	1	cigar_aligned_base	lifted_chr_agree
1	510709	4.532	pPt-653160	DArT_marker	1	ST4.03ch01	252892	253190	253041	chr01	510709	+	60	0.9954471544715447	128595	1	cigar_aligned_base	lifted_chr_agree
1	510709	4.532	pPt-656019	DArT_marker	1	ST4.03ch01	252892	253190	253041	chr01	510709	+	60	0.9954471544715447	128595	1	cigar_aligned_base	lifted_chr_agree
1	1469642	6.71	pPt-456694	DArT_marker	1	ST4.03ch01	1374201	1375293	1374747	chr01	1469642	+	60	0.9952126680169397	86756	1	cigar_aligned_base	lifted_chr_agree
1	2818203	10.169	PM0117	repeat_region	1	ST4.03ch01	2797308	2797439	2797373	chr01	2818203	+	60	0.9968999297317406	24574	1	cigar_aligned_base	lifted_chr_agree
1	2967161	8.698	solcap_stsnp_c1_6704	SNP	1	ST4.03ch01	2957398	2957398	2957398	chr01	2967161	+	60	0.9863544584120367	93410	1	cigar_aligned_base	lifted_chr_agree
1	3231168	11.907	solcap_stsnp_c1_6708	SNP	1	ST4.03ch01	3224553	3224553	3224553	chr01	3231168	+	60	0.9949673318029313	24596	1	cigar_aligned_base	lifted_chr_agree
1	3694828	15.768	solcap_stsnp_c1_6110	SNP	1	ST4.03ch01	3713077	3713077	3713077	chr01	3694828	+	60	0.9776592883249213	64352	1	cigar_aligned_base	lifted_chr_agree
1	4644404	15.567	solcap_stsnp_c1_15142	SNP	1	ST4.03ch01	4310143	4310143	4310143	chr01	4644404	+	60	0.9859159675191213	59244	1	cigar_aligned_base	lifted_chr_agree
1	5019507	13.291	pPt-470842	DArT_marker	1	ST4.03ch01	4625626	4626241	4625933	chr01	5019507	+	60	0.9948796367090661	43019	1	cigar_aligned_base	lifted_chr_agree
1	5019507	15.05	pPt-457620	DArT_marker	1	ST4.03ch01	4625626	4626241	4625933	chr01	5019507	+	60	0.9948796367090661	43019	1	cigar_aligned_base	lifted_chr_agree
1	5019507	15.074	pPt-471169	DArT_marker	1	ST4.03ch01	4625626	4626241	4625933	chr01	5019507	+	60	0.9948796367090661	43019	1	cigar_aligned_base	lifted_chr_agree
1	7138314	18.576	pPt-456745	DArT_marker	1	ST4.03ch01	6351796	6352238	6352017	chr01	7138314	-	60	0.9799162698355609	71245	1	cigar_aligned_base	lifted_chr_agree
1	7138314	18.576	pPt-470725	DArT_marker	1	ST4.03ch01	6351796	6352238	6352017	chr01	7138314	-	60	0.9799162698355609	71245	1	cigar_aligned_base	lifted_chr_agree
1	7138314	18.576	pPt-650054	DArT_marker	1	ST4.03ch01	6351796	6352238	6352017	chr01	7138314	-	60	0.9799162698355609	71245	1	cigar_aligned_base	lifted_chr_agree
1	7138314	18.576	pPt-651689	DArT_marker	1	ST4.03ch01	6351796	6352238	6352017	chr01	7138314	-	60	0.9799162698355609	71245	1	cigar_aligned_base	lifted_chr_agree
1	7138314	18.576	pPt-652449	DArT_marker	1	ST4.03ch01	6351796	6352238	6352017	chr01	7138314	-	60	0.9799162698355609	71245	1	cigar_aligned_base	lifted_chr_agree
1	7138314	18.576	pPt-656248	DArT_marker	1	ST4.03ch01	6351796	6352238	6352017	chr01	7138314	-	60	0.9799162698355609	71245	1	cigar_aligned_base	lifted_chr_agree
1	14107042	21.125	PM1279	repeat_region	1	ST4.03ch01	52317785	52317945	52317865	chr01	14107042	-	60	0.9914214226140832	33534	1	cigar_aligned_base	lifted_chr_agree
1	14815802	23.548	toPt-440099	DArT_marker	1	ST4.03ch01	51313840	51314408	51314124	chr01	14815802	-	60	0.9965216695985927	24926	1	cigar_aligned_base	lifted_chr_agree
1	19690776	0.0	PM1119	repeat_region	1	ST4.03ch01	55649335	55649476	55649405	chr01	19690776	+	60	0.9914212226718108	63420	1	cigar_aligned_base	lifted_chr_agree
1	25501380	24.371	PM0212	repeat_region	1	ST4.03ch01	22668816	22668973	22668894	chr01	25501380	-	60	0.9952547344808248	23260	1	cigar_aligned_base	lifted_chr_agree
1	28146217	24.847	pPt-653070	DArT_marker	1	ST4.03ch01	14207609	14208371	14207990	chr01	28146217	+	60	0.9930379259943073	25844	1	cigar_aligned_base	lifted_chr_agree
1	30619387	24.797	PM0531	repeat_region	1	ST4.03ch01	16625743	16625899	16625821	chr01	30619387	+	60	0.9908555441024886	136592	1	cigar_aligned_base	lifted_chr_agree
1	30900854	25.789	pPt-533936	DArT_marker	1	ST4.03ch01	16905758	16907431	16906594	chr01	30900854	+	60	0.997754368773477	24467	1	cigar_aligned_base	lifted_chr_agree
1	34774889	23.267	solcap_stsnp_c1_15714	SNP	1	ST4.03ch01	39325733	39325733	39325733	chr01	34774889	+	60	0.995360468559771	31047	1	cigar_aligned_base	lifted_chr_agree
1	54738957	27.244	solcap_stsnp_c1_14565	SNP	1	ST4.03ch01	44395738	44395738	44395738	chr01	54738957	-	60	0.998605962677819	63057	1	cigar_aligned_base	lifted_chr_agree
1	58507121	31.025	pPt-657377	DArT_marker	1	ST4.03ch01	56907490	56908006	56907748	chr01	58507121	+	60	0.9962699969607383	36170	1	cigar_aligned_base	lifted_chr_agree
1	60207942	27.828	solcap_stsnp_c1_806	SNP	1	ST4.03ch01	58566960	58566960	58566960	chr01	60207942	+	60	0.9933056478405315	120121	1	cigar_aligned_base	lifted_chr_agree
1	60877545	23.926	pPt-538302	DArT_marker	1	ST4.03ch01	59259078	59259535	59259306	chr01	60877545	+	60	0.9895113496589512	90514	1	cigar_aligned_base	lifted_chr_agree
1	60877545	23.926	pPt-654213	DArT_marker	1	ST4.03ch01	59259078	59259535	59259306	chr01	60877545	+	60	0.9895113496589512	90514	1	cigar_aligned_base	lifted_chr_agree
1	60877687	23.783	pPt-655709	DArT_marker	1	ST4.03ch01	59259078	59259819	59259448	chr01	60877687	+	60	0.9895113496589512	90514	1	cigar_aligned_base	lifted_chr_agree
1	60877687	23.881	pPt-471086	DArT_marker	1	ST4.03ch01	59259078	59259819	59259448	chr01	60877687	+	60	0.9895113496589512	90514	1	cigar_aligned_base	lifted_chr_agree
1	60877687	23.886	pPt-652802	DArT_marker	1	ST4.03ch01	59259078	59259819	59259448	chr01	60877687	+	60	0.9895113496589512	90514	1	cigar_aligned_base	lifted_chr_agree
1	60877687	23.926	pPt-651539	DArT_marker	1	ST4.03ch01	59259078	59259819	59259448	chr01	60877687	+	60	0.9895113496589512	90514	1	cigar_aligned_base	lifted_chr_agree
1	60877687	23.926	pPt-652383	DArT_marker	1	ST4.03ch01	59259078	59259819	59259448	chr01	60877687	+	60	0.9895113496589512	90514	1	cigar_aligned_base	lifted_chr_agree
1	61848057	28.945	pPt-458291	DArT_marker	1	ST4.03ch01	60203280	60203767	60203523	chr01	61848057	+	60	0.9663797957049787	37298	1	cigar_aligned_base	lifted_chr_agree
1	61848057	28.945	pPt-458363	DArT_marker	1	ST4.03ch01	60203280	60203767	60203523	chr01	61848057	+	60	0.9663797957049787	37298	1	cigar_aligned_base	lifted_chr_agree
1	61848057	28.945	pPt-472703	DArT_marker	1	ST4.03ch01	60203280	60203767	60203523	chr01	61848057	+	60	0.9663797957049787	37298	1	cigar_aligned_base	lifted_chr_agree
1	61848057	28.945	pPt-473803	DArT_marker	1	ST4.03ch01	60203280	60203767	60203523	chr01	61848057	+	60	0.9663797957049787	37298	1	cigar_aligned_base	lifted_chr_agree
1	61848057	28.945	pPt-538424	DArT_marker	1	ST4.03ch01	60203280	60203767	60203523	chr01	61848057	+	60	0.9663797957049787	37298	1	cigar_aligned_base	lifted_chr_agree
1	64336038	35.392	solcap_stsnp_c1_12109	SNP	1	ST4.03ch01	62803084	62803084	62803084	chr01	64336038	+	60	0.9831059129304743	47709	1	cigar_aligned_base	lifted_chr_agree
1	64684580	35.899	pPt-656959	DArT_marker	1	ST4.03ch01	63133710	63133814	63133762	chr01	64684580	+	60	0.9675654084282005	24657	1	cigar_aligned_base	lifted_chr_agree
1	65028487	38.541	pPt-537757	DArT_marker	1	ST4.03ch01	63470880	63471349	63471114	chr01	65028487	+	60	0.998412838374041	34418	1	cigar_aligned_base	lifted_chr_agree
1	65028487	38.564	pPt-656762	DArT_marker	1	ST4.03ch01	63470880	63471349	63471114	chr01	65028487	+	60	0.998412838374041	34418	1	cigar_aligned_base	lifted_chr_agree
1	65182850	36.587	pPt-653459	DArT_marker	1	ST4.03ch01	63878896	63879759	63879327	chr01	65182850	-	60	0.9923223696165728	22011	1	cigar_aligned_base	lifted_chr_agree
1	65627217	34.892	solcap_stsnp_c1_13685	SNP	1	ST4.03ch01	64120558	64120558	64120558	chr01	65627217	+	60	0.9932070075080444	39190	1	cigar_aligned_base	lifted_chr_agree
1	65721796	37.235	pPt-540205	DArT_marker	1	ST4.03ch01	64226782	64227226	64227004	chr01	65721796	+	60	0.9742385648924997	82572	1	cigar_aligned_base	lifted_chr_agree
1	65770396	38.253	toPt-438863	DArT_marker	1	ST4.03ch01	64275981	64276359	64276170	chr01	65770396	+	60	0.9742385648924997	82572	1	cigar_aligned_base	lifted_chr_agree
1	65770400	38.272	pPt-471293	DArT_marker	1	ST4.03ch01	64275981	64276368	64276174	chr01	65770400	+	60	0.9742385648924997	82572	1	cigar_aligned_base	lifted_chr_agree
1	65770400	38.272	pPt-473234	DArT_marker	1	ST4.03ch01	64275981	64276368	64276174	chr01	65770400	+	60	0.9742385648924997	82572	1	cigar_aligned_base	lifted_chr_agree
1	65770400	38.272	toPt-437797	DArT_marker	1	ST4.03ch01	64275981	64276368	64276174	chr01	65770400	+	60	0.9742385648924997	82572	1	cigar_aligned_base	lifted_chr_agree
1	65771363	38.325	pPt-538792	DArT_marker	1	ST4.03ch01	64276656	64277619	64277137	chr01	65771363	+	60	0.9742385648924997	82572	1	cigar_aligned_base	lifted_chr_agree
1	65771363	38.512	pPt-559008	DArT_marker	1	ST4.03ch01	64276656	64277619	64277137	chr01	65771363	+	60	0.9742385648924997	82572	1	cigar_aligned_base	lifted_chr_agree
1	65854890	38.926	solcap_stsnp_c1_14297	SNP	1	ST4.03ch01	64361950	64361950	64361950	chr01	65854890	+	60	0.9913409095847547	92273	1	cigar_aligned_base	lifted_chr_agree
1	66053547	28.479	toPt-441265	DArT_marker	1	ST4.03ch01	64561774	64562053	64561913	chr01	66053547	+	60	0.9720907052080737	36112	1	cigar_aligned_base	lifted_chr_agree
1	66053672	28.291	pPt-651042	DArT_marker	1	ST4.03ch01	64561774	64562302	64562038	chr01	66053672	+	60	0.9720907052080737	36112	1	cigar_aligned_base	lifted_chr_agree
1	66053672	28.454	pPt-474025	DArT_marker	1	ST4.03ch01	64561774	64562302	64562038	chr01	66053672	+	60	0.9720907052080737	36112	1	cigar_aligned_base	lifted_chr_agree
1	66053672	28.454	pPt-538504	DArT_marker	1	ST4.03ch01	64561774	64562302	64562038	chr01	66053672	+	60	0.9720907052080737	36112	1	cigar_aligned_base	lifted_chr_agree
1	66053672	28.454	pPt-651939	DArT_marker	1	ST4.03ch01	64561774	64562302	64562038	chr01	66053672	+	60	0.9720907052080737	36112	1	cigar_aligned_base	lifted_chr_agree
1	66053672	28.454	pPt-652287	DArT_marker	1	ST4.03ch01	64561774	64562302	64562038	chr01	66053672	+	60	0.9720907052080737	36112	1	cigar_aligned_base	lifted_chr_agree
1	66053672	28.454	pPt-653798	DArT_marker	1	ST4.03ch01	64561774	64562302	64562038	chr01	66053672	+	60	0.9720907052080737	36112	1	cigar_aligned_base	lifted_chr_agree
1	66053672	28.479	pPt-457542	DArT_marker	1	ST4.03ch01	64561774	64562302	64562038	chr01	66053672	+	60	0.9720907052080737	36112	1	cigar_aligned_base	lifted_chr_agree
1	66053672	28.626	pPt-470698	DArT_marker	1	ST4.03ch01	64561774	64562302	64562038	chr01	66053672	+	60	0.9720907052080737	36112	1	cigar_aligned_base	lifted_chr_agree
1	66053672	28.686	pPt-458288	DArT_marker	1	ST4.03ch01	64561774	64562302	64562038	chr01	66053672	+	60	0.9720907052080737	36112	1	cigar_aligned_base	lifted_chr_agree
1	66615373	42.286	pPt-651270	DArT_marker	1	ST4.03ch01	65130491	65131039	65130765	chr01	66615373	+	60	0.9964180631955993	7807	1	cigar_aligned_base	lifted_chr_agree
1	66757200	42.021	solcap_stsnp_c1_4402	SNP	1	ST4.03ch01	65274601	65274601	65274601	chr01	66757200	+	60	0.9999039108292496	31219	1	cigar_aligned_base	lifted_chr_agree
1	66897180	37.928	MICRO.8112.C1_325	match	1	ST4.03ch01	65418520	65418639	65418579	chr01	66897180	+	60	0.9854758067848436	48747	1	cigar_aligned_base	lifted_chr_agree
1	67001953	42.933	pPt-472755	DArT_marker	1	ST4.03ch01	65524738	65525333	65525035	chr01	67001953	+	60	0.9843015470526226	35202	1	cigar_aligned_base	lifted_chr_agree
1	67271838	41.733	solcap_stsnp_c1_4710	SNP	1	ST4.03ch01	65806975	65806975	65806975	chr01	67271838	+	60	0.9810993937541392	58884	1	cigar_aligned_base	lifted_chr_agree
1	67276340	43.333	pPt-652517	DArT_marker	1	ST4.03ch01	65811318	65811635	65811476	chr01	67276340	+	60	0.9810993937541392	58884	1	cigar_aligned_base	lifted_chr_agree
1	67305393	43.294	pPt-654672	DArT_marker	1	ST4.03ch01	65840420	65840724	65840572	chr01	67305393	+	60	0.9810993937541392	58884	1	cigar_aligned_base	lifted_chr_agree
1	67733812	38.902	solcap_stsnp_c1_4754	SNP	1	ST4.03ch01	66339796	66339796	66339796	chr01	67733812	+	60	0.9891837449640918	137702	1	cigar_aligned_base	lifted_chr_agree
1	67805574	38.905	solcap_stsnp_c1_4765	SNP	1	ST4.03ch01	66413929	66413929	66413929	chr01	67805574	+	60	0.9933224703664654	31298	1	cigar_aligned_base	lifted_chr_agree
1	67821222	40.067	pPt-534011	DArT_marker	1	ST4.03ch01	66429239	66429927	66429583	chr01	67821222	+	60	0.9933224703664654	31298	1	cigar_aligned_base	lifted_chr_agree
1	67821222	40.067	pPt-535700	DArT_marker	1	ST4.03ch01	66429239	66429927	66429583	chr01	67821222	+	60	0.9933224703664654	31298	1	cigar_aligned_base	lifted_chr_agree
1	67821222	40.069	pPt-457118	DArT_marker	1	ST4.03ch01	66429239	66429927	66429583	chr01	67821222	+	60	0.9933224703664654	31298	1	cigar_aligned_base	lifted_chr_agree
1	67821222	40.069	pPt-472804	DArT_marker	1	ST4.03ch01	66429239	66429927	66429583	chr01	67821222	+	60	0.9933224703664654	31298	1	cigar_aligned_base	lifted_chr_agree
1	67821222	40.069	pPt-472805	DArT_marker	1	ST4.03ch01	66429239	66429927	66429583	chr01	67821222	+	60	0.9933224703664654	31298	1	cigar_aligned_base	lifted_chr_agree
1	67821222	40.069	pPt-539066	DArT_marker	1	ST4.03ch01	66429239	66429927	66429583	chr01	67821222	+	60	0.9933224703664654	31298	1	cigar_aligned_base	lifted_chr_agree
1	67821419	40.067	pPt-459313	DArT_marker	1	ST4.03ch01	66429633	66429927	66429780	chr01	67821419	+	60	0.9933224703664654	31298	1	cigar_aligned_base	lifted_chr_agree
1	67821419	40.067	pPt-535430	DArT_marker	1	ST4.03ch01	66429633	66429927	66429780	chr01	67821419	+	60	0.9933224703664654	31298	1	cigar_aligned_base	lifted_chr_agree
1	67821419	40.069	pPt-534108	DArT_marker	1	ST4.03ch01	66429633	66429927	66429780	chr01	67821419	+	60	0.9933224703664654	31298	1	cigar_aligned_base	lifted_chr_agree
1	67932856	40.083	solcap_stsnp_c1_11230	SNP	1	ST4.03ch01	66577014	66577014	66577014	chr01	67932856	+	60	0.9983985993081949	47582	1	cigar_aligned_base	lifted_chr_agree
1	68306580	40.514	pPt-656549	DArT_marker	1	ST4.03ch01	66954331	66954597	66954464	chr01	68306580	+	60	0.9821341562449245	49415	1	cigar_aligned_base	lifted_chr_agree
1	69870533	43.932	pPt-472401	DArT_marker	1	ST4.03ch01	68651087	68651524	68651305	chr01	69870533	+	60	0.9200159808230124	97743	1	cigar_aligned_base	lifted_chr_agree
1	69870533	43.932	pPt-538973	DArT_marker	1	ST4.03ch01	68651087	68651524	68651305	chr01	69870533	+	60	0.9200159808230124	97743	1	cigar_aligned_base	lifted_chr_agree
1	71082823	46.072	capPt-674504	DArT_marker	1	ST4.03ch01	69883956	69884523	69884239	chr01	71082823	+	60	0.9847597497670704	151311	1	cigar_aligned_base	lifted_chr_agree
1	71116443	46.775	solcap_stsnp_c1_5760	SNP	1	ST4.03ch01	69918875	69918875	69918875	chr01	71116443	+	60	0.9847597497670704	151311	1	cigar_aligned_base	lifted_chr_agree
1	72006329	50.077	toPt-437056	DArT_marker	1	ST4.03ch01	70915597	70916082	70915839	chr01	72006329	+	60	0.9997031906999753	20215	1	cigar_aligned_base	lifted_chr_agree
1	72006329	50.123	pPt-533578	DArT_marker	1	ST4.03ch01	70915597	70916082	70915839	chr01	72006329	+	60	0.9997031906999753	20215	1	cigar_aligned_base	lifted_chr_agree
1	72006329	50.123	pPt-536820	DArT_marker	1	ST4.03ch01	70915597	70916082	70915839	chr01	72006329	+	60	0.9997031906999753	20215	1	cigar_aligned_base	lifted_chr_agree
1	72006329	50.123	pPt-537290	DArT_marker	1	ST4.03ch01	70915597	70916082	70915839	chr01	72006329	+	60	0.9997031906999753	20215	1	cigar_aligned_base	lifted_chr_agree
1	72006329	50.123	pPt-656118	DArT_marker	1	ST4.03ch01	70915597	70916082	70915839	chr01	72006329	+	60	0.9997031906999753	20215	1	cigar_aligned_base	lifted_chr_agree
1	72006329	50.123	pPt-656245	DArT_marker	1	ST4.03ch01	70915597	70916082	70915839	chr01	72006329	+	60	0.9997031906999753	20215	1	cigar_aligned_base	lifted_chr_agree
1	72006329	50.278	pPt-534179	DArT_marker	1	ST4.03ch01	70915597	70916082	70915839	chr01	72006329	+	60	0.9997031906999753	20215	1	cigar_aligned_base	lifted_chr_agree
1	72006529	50.123	toPt-440576	DArT_marker	1	ST4.03ch01	70915597	70916481	70916039	chr01	72006529	+	60	0.9997031906999753	20215	1	cigar_aligned_base	lifted_chr_agree
1	73171679	50.623	solcap_stsnp_c1_3845	SNP	1	ST4.03ch01	72070782	72070782	72070782	chr01	73171679	+	60	0.9949438258053621	100330	1	cigar_aligned_base	lifted_chr_agree
1	73309248	50.784	pPt-471360	DArT_marker	1	ST4.03ch01	72208169	72209024	72208596	chr01	73309248	+	60	0.9968893218500232	90479	1	cigar_aligned_base	lifted_chr_agree
1	73309248	50.784	pPt-558990	DArT_marker	1	ST4.03ch01	72208169	72209024	72208596	chr01	73309248	+	60	0.9968893218500232	90479	1	cigar_aligned_base	lifted_chr_agree
1	73309248	50.784	pPt-559125	DArT_marker	1	ST4.03ch01	72208169	72209024	72208596	chr01	73309248	+	60	0.9968893218500232	90479	1	cigar_aligned_base	lifted_chr_agree
1	73309248	50.784	toPt-439058	DArT_marker	1	ST4.03ch01	72208169	72209024	72208596	chr01	73309248	+	60	0.9968893218500232	90479	1	cigar_aligned_base	lifted_chr_agree
1	73834956	52.795	st_10066	repeat_region	1	ST4.03ch01	72742639	72742901	72742770	chr01	73834956	+	60	0.9945232613259294	118458	1	cigar_aligned_base	lifted_chr_agree
1	73882634	55.774	pPt-655473	DArT_marker	1	ST4.03ch01	72790987	72791359	72791173	chr01	73882634	+	60	0.9945232613259294	118458	1	cigar_aligned_base	lifted_chr_agree
1	73882634	56.708	pPt-457889	DArT_marker	1	ST4.03ch01	72790987	72791359	72791173	chr01	73882634	+	60	0.9945232613259294	118458	1	cigar_aligned_base	lifted_chr_agree
1	73882634	58.339	pPt-458782	DArT_marker	1	ST4.03ch01	72790987	72791359	72791173	chr01	73882634	+	60	0.9945232613259294	118458	1	cigar_aligned_base	lifted_chr_agree
1	73928936	59.934	solcap_stsnp_c1_6269	SNP	1	ST4.03ch01	72837041	72837041	72837041	chr01	73928936	+	60	0.9869769914192421	52668	1	cigar_aligned_base	lifted_chr_agree
1	74448862	56.522	solcap_stsnp_c1_6295	SNP	1	ST4.03ch01	73384602	73384602	73384602	chr01	74448862	+	60	0.9998239932413404	28408	1	cigar_aligned_base	lifted_chr_agree
1	74794275	62.3	solcap_stsnp_c1_14093	SNP	1	ST4.03ch01	73743526	73743526	73743526	chr01	74794275	+	60	0.9524631648653124	87060	1	cigar_aligned_base	lifted_chr_agree
1	74921059	57.545	solcap_stsnp_c1_15573	SNP	1	ST4.03ch01	73880230	73880230	73880230	chr01	74921059	+	60	0.9874032173947928	24655	1	cigar_aligned_base	lifted_chr_agree
1	75121299	59.529	solcap_stsnp_c1_4586	SNP	1	ST4.03ch01	74179524	74179524	74179524	chr01	75121299	+	60	0.9811518818631093	85681	1	cigar_aligned_base	lifted_chr_agree
1	75196506	61.635	solcap_stsnp_c1_4604	SNP	1	ST4.03ch01	74257861	74257861	74257861	chr01	75196506	+	60	0.9621157574079202	36212	1	cigar_aligned_base	lifted_chr_agree
1	75266586	61.148	solcap_stsnp_c1_4607	SNP	1	ST4.03ch01	74335053	74335053	74335053	chr01	75266586	+	60	0.9855937080375983	53618	1	cigar_aligned_base	lifted_chr_agree
1	75565740	60.081	pPt-650108	DArT_marker	1	ST4.03ch01	74636804	74637257	74637030	chr01	75565740	+	60	0.9994804857458276	30790	1	cigar_aligned_base	lifted_chr_agree
1	76781756	62.553	pPt-650006	DArT_marker	1	ST4.03ch01	75901446	75902146	75901796	chr01	76781756	+	60	0.9997063739440756	44264	1	cigar_aligned_base	lifted_chr_agree
1	76781756	62.562	pPt-472129	DArT_marker	1	ST4.03ch01	75901446	75902146	75901796	chr01	76781756	+	60	0.9997063739440756	44264	1	cigar_aligned_base	lifted_chr_agree
1	77039028	63.763	solcap_stsnp_c1_15429	SNP	1	ST4.03ch01	76207281	76207281	76207281	chr01	77039028	+	60	0.9957388784728141	11734	1	cigar_aligned_base	lifted_chr_agree
1	77072312	63.434	MICRO.10124.C1_261	match	1	ST4.03ch01	76242280	76242400	76242340	chr01	77072312	+	60	0.9968197430352372	7856	1	cigar_aligned_base	lifted_chr_agree
1	79520001	72.646	pPt-472090	DArT_marker	1	ST4.03ch01	78904100	78905091	78904595	chr01	79520001	+	60	0.9957370873401408	20264	1	cigar_aligned_base	lifted_chr_agree
1	79520001	72.892	pPt-471438	DArT_marker	1	ST4.03ch01	78904100	78905091	78904595	chr01	79520001	+	60	0.9957370873401408	20264	1	cigar_aligned_base	lifted_chr_agree
1	79768729	75.718	pPt-654710	DArT_marker	1	ST4.03ch01	79161850	79162194	79162022	chr01	79768729	+	60	0.9944917251817482	82490	1	cigar_aligned_base	lifted_chr_agree
1	79768729	75.842	pPt-654743	DArT_marker	1	ST4.03ch01	79161850	79162194	79162022	chr01	79768729	+	60	0.9944917251817482	82490	1	cigar_aligned_base	lifted_chr_agree
1	79880009	75.174	solcap_stsnp_c1_2501	SNP	1	ST4.03ch01	79276534	79276534	79276534	chr01	79880009	+	60	0.9987253781159249	76830	1	cigar_aligned_base	lifted_chr_agree
1	79911287	75.631	pPt-539883	DArT_marker	1	ST4.03ch01	79307443	79308509	79307976	chr01	79911287	+	60	0.9987253781159249	76830	1	cigar_aligned_base	lifted_chr_agree
1	79911289	75.631	pPt-533740	DArT_marker	1	ST4.03ch01	79307443	79308514	79307978	chr01	79911289	+	60	0.9987253781159249	76830	1	cigar_aligned_base	lifted_chr_agree
1	79911289	75.631	pPt-654187	DArT_marker	1	ST4.03ch01	79307443	79308514	79307978	chr01	79911289	+	60	0.9987253781159249	76830	1	cigar_aligned_base	lifted_chr_agree
1	79911289	75.631	pPt-654960	DArT_marker	1	ST4.03ch01	79307443	79308514	79307978	chr01	79911289	+	60	0.9987253781159249	76830	1	cigar_aligned_base	lifted_chr_agree
1	79911289	75.631	pPt-656584	DArT_marker	1	ST4.03ch01	79307443	79308514	79307978	chr01	79911289	+	60	0.9987253781159249	76830	1	cigar_aligned_base	lifted_chr_agree
1	79911289	75.639	pPt-653975	DArT_marker	1	ST4.03ch01	79307443	79308514	79307978	chr01	79911289	+	60	0.9987253781159249	76830	1	cigar_aligned_base	lifted_chr_agree
1	79911289	75.718	pPt-473160	DArT_marker	1	ST4.03ch01	79307443	79308514	79307978	chr01	79911289	+	60	0.9987253781159249	76830	1	cigar_aligned_base	lifted_chr_agree
1	79946769	76.723	pPt-538971	DArT_marker	1	ST4.03ch01	79343971	79344395	79344183	chr01	79946769	+	60	0.9974420587551353	12896	1	cigar_aligned_base	lifted_chr_agree
1	80095734	76.519	solcap_stsnp_c1_2517	SNP	1	ST4.03ch01	79481643	79481643	79481643	chr01	80095734	+	60	0.9845361934914174	46574	1	cigar_aligned_base	lifted_chr_agree
1	81517833	81.408	solcap_stsnp_c1_3297	SNP	1	ST4.03ch01	80945395	80945395	80945395	chr01	81517833	+	60	0.9937213314254383	153553	1	cigar_aligned_base	lifted_chr_agree
1	81813679	81.493	pPt-459291	DArT_marker	1	ST4.03ch01	81250992	81251547	81251269	chr01	81813679	+	60	0.9995070783548247	50714	1	cigar_aligned_base	lifted_chr_agree
1	81813679	81.493	pPt-653453	DArT_marker	1	ST4.03ch01	81250992	81251547	81251269	chr01	81813679	+	60	0.9995070783548247	50714	1	cigar_aligned_base	lifted_chr_agree
1	82100630	78.463	solcap_stsnp_c1_3281	SNP	1	ST4.03ch01	81598650	81598650	81598650	chr01	82100630	+	60	0.9764720461707326	127845	1	cigar_aligned_base	lifted_chr_agree
1	82331310	79.247	pPt-552365	DArT_marker	1	ST4.03ch01	81832489	81833011	81832750	chr01	82331310	+	60	0.9953333515268946	73291	1	cigar_aligned_base	lifted_chr_agree
1	82331310	79.247	pPt-552401	DArT_marker	1	ST4.03ch01	81832489	81833011	81832750	chr01	82331310	+	60	0.9953333515268946	73291	1	cigar_aligned_base	lifted_chr_agree
1	82331310	79.247	pPt-559324	DArT_marker	1	ST4.03ch01	81832489	81833011	81832750	chr01	82331310	+	60	0.9953333515268946	73291	1	cigar_aligned_base	lifted_chr_agree
1	82331310	79.25	pPt-471906	DArT_marker	1	ST4.03ch01	81832489	81833011	81832750	chr01	82331310	+	60	0.9953333515268946	73291	1	cigar_aligned_base	lifted_chr_agree
1	83144953	80.621	pPt-653927	DArT_marker	1	ST4.03ch01	82645851	82646461	82646156	chr01	83144953	+	60	0.9802275863629165	44808	1	cigar_aligned_base	lifted_chr_agree
1	83852715	81.476	solcap_stsnp_c1_1652	SNP	1	ST4.03ch01	83457092	83457092	83457092	chr01	83852715	+	60	0.9927576708977791	106546	1	cigar_aligned_base	lifted_chr_agree
1	83896183	81.579	solcap_stsnp_c1_1724	SNP	1	ST4.03ch01	83502074	83502074	83502074	chr01	83896183	+	60	0.9927576708977791	106546	1	cigar_aligned_base	lifted_chr_agree
1	83987313	82.021	solcap_stsnp_c1_1731	SNP	1	ST4.03ch01	83593936	83593936	83593936	chr01	83987313	+	60	0.9986667777685193	60671	1	cigar_aligned_base	lifted_chr_agree
1	84095795	82.017	solcap_stsnp_c1_1748	SNP	1	ST4.03ch01	83705685	83705685	83705685	chr01	84095795	+	60	0.9856143742537101	107780	1	cigar_aligned_base	lifted_chr_agree
1	84144580	82.023	solcap_stsnp_c1_1577	SNP	1	ST4.03ch01	83756771	83756771	83756771	chr01	84144580	+	60	0.9542100376288911	20457	1	cigar_aligned_base	lifted_chr_agree
1	84651365	82.34	pPt-537760	DArT_marker	1	ST4.03ch01	84283037	84283418	84283227	chr01	84651365	+	60	0.9884508353199289	105648	1	cigar_aligned_base	lifted_chr_agree
1	84651365	82.341	pPt-534144	DArT_marker	1	ST4.03ch01	84283037	84283418	84283227	chr01	84651365	+	60	0.9884508353199289	105648	1	cigar_aligned_base	lifted_chr_agree
1	84651365	82.341	pPt-535139	DArT_marker	1	ST4.03ch01	84283037	84283418	84283227	chr01	84651365	+	60	0.9884508353199289	105648	1	cigar_aligned_base	lifted_chr_agree
1	84651365	82.341	pPt-539598	DArT_marker	1	ST4.03ch01	84283037	84283418	84283227	chr01	84651365	+	60	0.9884508353199289	105648	1	cigar_aligned_base	lifted_chr_agree
1	84651365	82.351	pPt-457623	DArT_marker	1	ST4.03ch01	84283037	84283418	84283227	chr01	84651365	+	60	0.9884508353199289	105648	1	cigar_aligned_base	lifted_chr_agree
1	84651365	82.355	pPt-534579	DArT_marker	1	ST4.03ch01	84283037	84283418	84283227	chr01	84651365	+	60	0.9884508353199289	105648	1	cigar_aligned_base	lifted_chr_agree
1	84755311	81.766	pPt-456654	DArT_marker	1	ST4.03ch01	84395491	84395882	84395686	chr01	84755311	+	60	0.9976079267186649	88192	1	cigar_aligned_base	lifted_chr_agree
1	84755311	82.816	pPt-537798	DArT_marker	1	ST4.03ch01	84395491	84395882	84395686	chr01	84755311	+	60	0.9976079267186649	88192	1	cigar_aligned_base	lifted_chr_agree
1	84755311	82.915	pPt-653008	DArT_marker	1	ST4.03ch01	84395491	84395882	84395686	chr01	84755311	+	60	0.9976079267186649	88192	1	cigar_aligned_base	lifted_chr_agree
1	84812833	82.936	pPt-458339	DArT_marker	1	ST4.03ch01	84453662	84454271	84453966	chr01	84812833	+	60	0.9985595590998289	48432	1	cigar_aligned_base	lifted_chr_agree
1	84812833	82.936	pPt-536982	DArT_marker	1	ST4.03ch01	84453662	84454271	84453966	chr01	84812833	+	60	0.9985595590998289	48432	1	cigar_aligned_base	lifted_chr_agree
1	84812833	82.936	pPt-654680	DArT_marker	1	ST4.03ch01	84453662	84454271	84453966	chr01	84812833	+	60	0.9985595590998289	48432	1	cigar_aligned_base	lifted_chr_agree
1	84845644	83.125	solcap_stsnp_c1_10893	SNP	1	ST4.03ch01	84487050	84487050	84487050	chr01	84845644	+	60	0.9908024584487535	46041	1	cigar_aligned_base	lifted_chr_agree
1	85233404	85.393	STI0009	repeat_region	1	ST4.03ch01	84895641	84895913	84895777	chr01	85233404	+	60	0.99986839219127	46074	1	cigar_aligned_base	lifted_chr_agree
1	85589930	83.267	solcap_stsnp_c1_23	SNP	1	ST4.03ch01	85244059	85244059	85244059	chr01	85589930	+	60	0.9890174966352624	74940	1	cigar_aligned_base	lifted_chr_agree
1	85968224	83.891	pPt-457663	DArT_marker	1	ST4.03ch01	85669660	85670510	85670085	chr01	85968224	+	60	0.9862192719084256	85567	1	cigar_aligned_base	lifted_chr_agree
1	85968224	83.891	pPt-656956	DArT_marker	1	ST4.03ch01	85669660	85670510	85670085	chr01	85968224	+	60	0.9862192719084256	85567	1	cigar_aligned_base	lifted_chr_agree
1	85968224	83.894	pPt-650968	DArT_marker	1	ST4.03ch01	85669660	85670510	85670085	chr01	85968224	+	60	0.9862192719084256	85567	1	cigar_aligned_base	lifted_chr_agree
1	85968224	83.894	pPt-656365	DArT_marker	1	ST4.03ch01	85669660	85670510	85670085	chr01	85968224	+	60	0.9862192719084256	85567	1	cigar_aligned_base	lifted_chr_agree
1	85968224	83.922	pPt-457687	DArT_marker	1	ST4.03ch01	85669660	85670510	85670085	chr01	85968224	+	60	0.9862192719084256	85567	1	cigar_aligned_base	lifted_chr_agree
1	86427944	83.724	pPt-533874	DArT_marker	1	ST4.03ch01	86139051	86139809	86139430	chr01	86427944	+	60	0.8864181843851475	50824	1	cigar_aligned_base	lifted_chr_agree
1	86427944	83.732	pPt-538625	DArT_marker	1	ST4.03ch01	86139051	86139809	86139430	chr01	86427944	+	60	0.8864181843851475	50824	1	cigar_aligned_base	lifted_chr_agree
1	86427944	83.907	pPt-538059	DArT_marker	1	ST4.03ch01	86139051	86139809	86139430	chr01	86427944	+	60	0.8864181843851475	50824	1	cigar_aligned_base	lifted_chr_agree
1	86427944	83.911	pPt-472642	DArT_marker	1	ST4.03ch01	86139051	86139809	86139430	chr01	86427944	+	60	0.8864181843851475	50824	1	cigar_aligned_base	lifted_chr_agree
1	86427944	83.919	pPt-471801	DArT_marker	1	ST4.03ch01	86139051	86139809	86139430	chr01	86427944	+	60	0.8864181843851475	50824	1	cigar_aligned_base	lifted_chr_agree
1	86427944	83.923	pPt-552395	DArT_marker	1	ST4.03ch01	86139051	86139809	86139430	chr01	86427944	+	60	0.8864181843851475	50824	1	cigar_aligned_base	lifted_chr_agree
1	86427944	84.353	pPt-653806	DArT_marker	1	ST4.03ch01	86139051	86139809	86139430	chr01	86427944	+	60	0.8864181843851475	50824	1	cigar_aligned_base	lifted_chr_agree
1	86427944	85.105	pPt-473287	DArT_marker	1	ST4.03ch01	86139051	86139809	86139430	chr01	86427944	+	60	0.8864181843851475	50824	1	cigar_aligned_base	lifted_chr_agree
1	86449536	83.709	solcap_stsnp_c1_14689	SNP	1	ST4.03ch01	86161359	86161359	86161359	chr01	86449536	+	60	0.8864181843851475	50824	1	cigar_aligned_base	lifted_chr_agree
1	87140214	89.665	pPt-651049	DArT_marker	1	ST4.03ch01	87023904	87024239	87024071	chr01	87140214	+	60	0.999337428393954	72430	1	cigar_aligned_base	lifted_chr_agree
1	87140660	89.438	pPt-552373	DArT_marker	1	ST4.03ch01	87024236	87024799	87024517	chr01	87140660	+	60	0.999337428393954	72430	1	cigar_aligned_base	lifted_chr_agree
1	87140660	90.022	pPt-534481	DArT_marker	1	ST4.03ch01	87024236	87024799	87024517	chr01	87140660	+	60	0.999337428393954	72430	1	cigar_aligned_base	lifted_chr_agree
1	87140661	89.553	pPt-537128	DArT_marker	1	ST4.03ch01	87024236	87024800	87024518	chr01	87140661	+	60	0.999337428393954	72430	1	cigar_aligned_base	lifted_chr_agree
1	87140661	89.667	pPt-539661	DArT_marker	1	ST4.03ch01	87024236	87024800	87024518	chr01	87140661	+	60	0.999337428393954	72430	1	cigar_aligned_base	lifted_chr_agree
1	87140661	89.749	pPt-534826	DArT_marker	1	ST4.03ch01	87024236	87024800	87024518	chr01	87140661	+	60	0.999337428393954	72430	1	cigar_aligned_base	lifted_chr_agree
1	87140661	90.914	pPt-538047	DArT_marker	1	ST4.03ch01	87024236	87024800	87024518	chr01	87140661	+	60	0.999337428393954	72430	1	cigar_aligned_base	lifted_chr_agree
1	87140661	92.181	pPt-537048	DArT_marker	1	ST4.03ch01	87024236	87024800	87024518	chr01	87140661	+	60	0.999337428393954	72430	1	cigar_aligned_base	lifted_chr_agree
1	87140672	89.515	pPt-471907	DArT_marker	1	ST4.03ch01	87024236	87024822	87024529	chr01	87140672	+	60	0.999337428393954	72430	1	cigar_aligned_base	lifted_chr_agree
1	87140672	92.982	pPt-650685	DArT_marker	1	ST4.03ch01	87024236	87024822	87024529	chr01	87140672	+	60	0.999337428393954	72430	1	cigar_aligned_base	lifted_chr_agree
1	87459417	88.624	pPt-654259	DArT_marker	1	ST4.03ch01	87347849	87348967	87348408	chr01	87459417	+	60	0.9787032177318422	49767	1	cigar_aligned_base	lifted_chr_agree
1	87509482	87.967	pPt-457982	DArT_marker	1	ST4.03ch01	87400154	87400562	87400358	chr01	87509482	+	60	0.9785137120470128	65666	1	cigar_aligned_base	lifted_chr_agree
1	87509482	88.624	pPt-457198	DArT_marker	1	ST4.03ch01	87400154	87400562	87400358	chr01	87509482	+	60	0.9785137120470128	65666	1	cigar_aligned_base	lifted_chr_agree
1	87509482	88.624	pPt-533689	DArT_marker	1	ST4.03ch01	87400154	87400562	87400358	chr01	87509482	+	60	0.9785137120470128	65666	1	cigar_aligned_base	lifted_chr_agree
1	87509482	88.624	pPt-534300	DArT_marker	1	ST4.03ch01	87400154	87400562	87400358	chr01	87509482	+	60	0.9785137120470128	65666	1	cigar_aligned_base	lifted_chr_agree
1	87509482	88.624	pPt-536888	DArT_marker	1	ST4.03ch01	87400154	87400562	87400358	chr01	87509482	+	60	0.9785137120470128	65666	1	cigar_aligned_base	lifted_chr_agree
1	87509482	88.624	pPt-537292	DArT_marker	1	ST4.03ch01	87400154	87400562	87400358	chr01	87509482	+	60	0.9785137120470128	65666	1	cigar_aligned_base	lifted_chr_agree
1	87509482	88.624	pPt-537522	DArT_marker	1	ST4.03ch01	87400154	87400562	87400358	chr01	87509482	+	60	0.9785137120470128	65666	1	cigar_aligned_base	lifted_chr_agree
1	87509482	88.624	pPt-657049	DArT_marker	1	ST4.03ch01	87400154	87400562	87400358	chr01	87509482	+	60	0.9785137120470128	65666	1	cigar_aligned_base	lifted_chr_agree
1	87509482	88.639	pPt-534090	DArT_marker	1	ST4.03ch01	87400154	87400562	87400358	chr01	87509482	+	60	0.9785137120470128	65666	1	cigar_aligned_base	lifted_chr_agree
1	87509482	88.752	pPt-473327	DArT_marker	1	ST4.03ch01	87400154	87400562	87400358	chr01	87509482	+	60	0.9785137120470128	65666	1	cigar_aligned_base	lifted_chr_agree
1	87509482	88.787	pPt-456626	DArT_marker	1	ST4.03ch01	87400154	87400562	87400358	chr01	87509482	+	60	0.9785137120470128	65666	1	cigar_aligned_base	lifted_chr_agree
1	87509482	90.603	pPt-458685	DArT_marker	1	ST4.03ch01	87400154	87400562	87400358	chr01	87509482	+	60	0.9785137120470128	65666	1	cigar_aligned_base	lifted_chr_agree
1	87946251	86.917	pPt-655410	DArT_marker	1	ST4.03ch01	88094172	88094777	88094474	chr01	87946251	-	60	0.9903589680939874	98182	1	cigar_aligned_base	lifted_chr_agree
1	88088812	86.917	pPt-456497	DArT_marker	1	ST4.03ch01	87950287	87950946	87950616	chr01	88088812	-	60	0.9959476309226932	6400	1	cigar_aligned_base	lifted_chr_agree
1	88088812	86.917	pPt-458015	DArT_marker	1	ST4.03ch01	87950287	87950946	87950616	chr01	88088812	-	60	0.9959476309226932	6400	1	cigar_aligned_base	lifted_chr_agree
1	88088812	86.917	pPt-472846	DArT_marker	1	ST4.03ch01	87950287	87950946	87950616	chr01	88088812	-	60	0.9959476309226932	6400	1	cigar_aligned_base	lifted_chr_agree
1	88088812	86.917	pPt-473201	DArT_marker	1	ST4.03ch01	87950287	87950946	87950616	chr01	88088812	-	60	0.9959476309226932	6400	1	cigar_aligned_base	lifted_chr_agree
1	88088812	86.917	pPt-474062	DArT_marker	1	ST4.03ch01	87950287	87950946	87950616	chr01	88088812	-	60	0.9959476309226932	6400	1	cigar_aligned_base	lifted_chr_agree
1	88088812	86.917	pPt-537725	DArT_marker	1	ST4.03ch01	87950287	87950946	87950616	chr01	88088812	-	60	0.9959476309226932	6400	1	cigar_aligned_base	lifted_chr_agree
1	88088812	86.917	pPt-653866	DArT_marker	1	ST4.03ch01	87950287	87950946	87950616	chr01	88088812	-	60	0.9959476309226932	6400	1	cigar_aligned_base	lifted_chr_agree
1	88088812	86.917	pPt-656073	DArT_marker	1	ST4.03ch01	87950287	87950946	87950616	chr01	88088812	-	60	0.9959476309226932	6400	1	cigar_aligned_base	lifted_chr_agree
1	88088812	86.923	toPt-439369	DArT_marker	1	ST4.03ch01	87950287	87950946	87950616	chr01	88088812	-	60	0.9959476309226932	6400	1	cigar_aligned_base	lifted_chr_agree
1	88088812	86.926	pPt-473364	DArT_marker	1	ST4.03ch01	87950287	87950946	87950616	chr01	88088812	-	60	0.9959476309226932	6400	1	cigar_aligned_base	lifted_chr_agree
1	88088812	86.931	pPt-473868	DArT_marker	1	ST4.03ch01	87950287	87950946	87950616	chr01	88088812	-	60	0.9959476309226932	6400	1	cigar_aligned_base	lifted_chr_agree
1	88088812	86.938	pPt-458526	DArT_marker	1	ST4.03ch01	87950287	87950946	87950616	chr01	88088812	-	60	0.9959476309226932	6400	1	cigar_aligned_base	lifted_chr_agree
1	88088812	86.938	toPt-437318	DArT_marker	1	ST4.03ch01	87950287	87950946	87950616	chr01	88088812	-	60	0.9959476309226932	6400	1	cigar_aligned_base	lifted_chr_agree
1	88088812	86.948	pPt-474103	DArT_marker	1	ST4.03ch01	87950287	87950946	87950616	chr01	88088812	-	60	0.9959476309226932	6400	1	cigar_aligned_base	lifted_chr_agree
1	88093670	86.923	pPt-533911	DArT_marker	1	ST4.03ch01	87940287	87950946	87945616	chr01	88093670	-	60	0.9574128718398597	25074	1	cigar_aligned_base	lifted_chr_agree
1	88280205	86.481	pPt-654697	DArT_marker	1	ST4.03ch01	88344897	88346092	88345494	chr01	88280205	+	60	0.9930091963529667	102460	1	cigar_aligned_base	lifted_chr_agree
1	88322748	91.643	pPt-538725	DArT_marker	1	ST4.03ch01	88388780	88389640	88389210	chr01	88322748	+	60	0.9930091963529667	102460	1	cigar_aligned_base	lifted_chr_agree
1	88322820	91.647	pPt-655149	DArT_marker	1	ST4.03ch01	88388925	88389640	88389282	chr01	88322820	+	60	0.9930091963529667	102460	1	cigar_aligned_base	lifted_chr_agree
2	4202319	14.378	PM1368	repeat_region	2	ST4.03ch02	4181044	4181198	4181121	chr02	4202319	+	60	0.9968722602658578	42189	1	cigar_aligned_base	lifted_chr_agree
2	4694333	11.734	PM1293	repeat_region	2	ST4.03ch02	4678098	4678257	4678177	chr02	4694333	+	60	0.9882322061332517	114834	1	cigar_aligned_base	lifted_chr_agree
2	7817327	13.461	PM1360	repeat_region	2	ST4.03ch02	7829895	7830043	7829969	chr02	7817327	+	60	0.9996253278381416	24019	1	cigar_aligned_base	lifted_chr_agree
2	10911355	13.54	pPt-471592	DArT_marker	2	ST4.03ch02	11209848	11210342	11210095	chr02	10911355	+	60	0.9948252340405513	63603	1	cigar_aligned_base	lifted_chr_agree
2	10911355	13.54	pPt-473577	DArT_marker	2	ST4.03ch02	11209848	11210342	11210095	chr02	10911355	+	60	0.9948252340405513	63603	1	cigar_aligned_base	lifted_chr_agree
2	10911355	13.54	pPt-559360	DArT_marker	2	ST4.03ch02	11209848	11210342	11210095	chr02	10911355	+	60	0.9948252340405513	63603	1	cigar_aligned_base	lifted_chr_agree
2	10911355	13.54	pPt-652688	DArT_marker	2	ST4.03ch02	11209848	11210342	11210095	chr02	10911355	+	60	0.9948252340405513	63603	1	cigar_aligned_base	lifted_chr_agree
2	10911355	13.575	pPt-558945	DArT_marker	2	ST4.03ch02	11209848	11210342	11210095	chr02	10911355	+	60	0.9948252340405513	63603	1	cigar_aligned_base	lifted_chr_agree
2	10911356	13.54	toPt-441360	DArT_marker	2	ST4.03ch02	11209851	11210342	11210096	chr02	10911356	+	60	0.9948252340405513	63603	1	cigar_aligned_base	lifted_chr_agree
2	10911358	13.54	pPt-538192	DArT_marker	2	ST4.03ch02	11209854	11210342	11210098	chr02	10911358	+	60	0.9948252340405513	63603	1	cigar_aligned_base	lifted_chr_agree
2	10911360	12.988	toPt-439285	DArT_marker	2	ST4.03ch02	11209859	11210342	11210100	chr02	10911360	+	60	0.9948252340405513	63603	1	cigar_aligned_base	lifted_chr_agree
2	10911360	13.214	toPt-439990	DArT_marker	2	ST4.03ch02	11209859	11210342	11210100	chr02	10911360	+	60	0.9948252340405513	63603	1	cigar_aligned_base	lifted_chr_agree
2	10911360	13.442	toPt-440028	DArT_marker	2	ST4.03ch02	11209859	11210342	11210100	chr02	10911360	+	60	0.9948252340405513	63603	1	cigar_aligned_base	lifted_chr_agree
2	10911360	13.51	toPt-440387	DArT_marker	2	ST4.03ch02	11209859	11210342	11210100	chr02	10911360	+	60	0.9948252340405513	63603	1	cigar_aligned_base	lifted_chr_agree
2	10911360	13.515	toPt-437877	DArT_marker	2	ST4.03ch02	11209859	11210342	11210100	chr02	10911360	+	60	0.9948252340405513	63603	1	cigar_aligned_base	lifted_chr_agree
2	10911360	13.54	toPt-437875	DArT_marker	2	ST4.03ch02	11209859	11210342	11210100	chr02	10911360	+	60	0.9948252340405513	63603	1	cigar_aligned_base	lifted_chr_agree
2	10911360	13.54	toPt-439071	DArT_marker	2	ST4.03ch02	11209859	11210342	11210100	chr02	10911360	+	60	0.9948252340405513	63603	1	cigar_aligned_base	lifted_chr_agree
2	10911360	13.541	toPt-438192	DArT_marker	2	ST4.03ch02	11209859	11210342	11210100	chr02	10911360	+	60	0.9948252340405513	63603	1	cigar_aligned_base	lifted_chr_agree
2	10911360	13.564	toPt-438443	DArT_marker	2	ST4.03ch02	11209859	11210342	11210100	chr02	10911360	+	60	0.9948252340405513	63603	1	cigar_aligned_base	lifted_chr_agree
2	10911360	13.575	toPt-437033	DArT_marker	2	ST4.03ch02	11209859	11210342	11210100	chr02	10911360	+	60	0.9948252340405513	63603	1	cigar_aligned_base	lifted_chr_agree
2	10911360	13.575	toPt-438750	DArT_marker	2	ST4.03ch02	11209859	11210342	11210100	chr02	10911360	+	60	0.9948252340405513	63603	1	cigar_aligned_base	lifted_chr_agree
2	10911360	13.584	toPt-439726	DArT_marker	2	ST4.03ch02	11209859	11210342	11210100	chr02	10911360	+	60	0.9948252340405513	63603	1	cigar_aligned_base	lifted_chr_agree
2	10911360	13.649	toPt-438771	DArT_marker	2	ST4.03ch02	11209859	11210342	11210100	chr02	10911360	+	60	0.9948252340405513	63603	1	cigar_aligned_base	lifted_chr_agree
2	10911360	13.843	toPt-440363	DArT_marker	2	ST4.03ch02	11209859	11210342	11210100	chr02	10911360	+	60	0.9948252340405513	63603	1	cigar_aligned_base	lifted_chr_agree
2	13256806	13.29	pPt-456775	DArT_marker	2	ST4.03ch02	13695168	13696000	13695584	chr02	13256806	+	60	0.9981965734896303	36682	1	cigar_aligned_base	lifted_chr_agree
2	13854680	14.037	solcap_stsnp_c1_5228	SNP	2	ST4.03ch02	14350758	14350758	14350758	chr02	13854680	+	60	0.9948360507692561	125523	1	cigar_aligned_base	lifted_chr_agree
2	13914404	15.185	pPt-536865	DArT_marker	2	ST4.03ch02	14412955	14413578	14413266	chr02	13914404	+	60	0.9948360507692561	125523	1	cigar_aligned_base	lifted_chr_agree
2	13914404	15.189	pPt-533877	DArT_marker	2	ST4.03ch02	14412955	14413578	14413266	chr02	13914404	+	60	0.9948360507692561	125523	1	cigar_aligned_base	lifted_chr_agree
2	13914404	15.189	pPt-538416	DArT_marker	2	ST4.03ch02	14412955	14413578	14413266	chr02	13914404	+	60	0.9948360507692561	125523	1	cigar_aligned_base	lifted_chr_agree
2	13914404	15.189	pPt-552534	DArT_marker	2	ST4.03ch02	14412955	14413578	14413266	chr02	13914404	+	60	0.9948360507692561	125523	1	cigar_aligned_base	lifted_chr_agree
2	13914404	15.263	pPt-536293	DArT_marker	2	ST4.03ch02	14412955	14413578	14413266	chr02	13914404	+	60	0.9948360507692561	125523	1	cigar_aligned_base	lifted_chr_agree
2	14121419	13.665	pPt-650691	DArT_marker	2	ST4.03ch02	14613237	14613890	14613563	chr02	14121419	+	60	0.9090835570795458	58791	1	cigar_aligned_base	lifted_chr_agree
2	14121419	13.665	pPt-655001	DArT_marker	2	ST4.03ch02	14613237	14613890	14613563	chr02	14121419	+	60	0.9090835570795458	58791	1	cigar_aligned_base	lifted_chr_agree
2	14671637	14.595	toPt-437809	DArT_marker	2	ST4.03ch02	15153426	15154339	15153882	chr02	14671637	+	60	0.9681272949816402	20243	1	cigar_aligned_base	lifted_chr_agree
2	14671637	14.633	pPt-539217	DArT_marker	2	ST4.03ch02	15153426	15154339	15153882	chr02	14671637	+	60	0.9681272949816402	20243	1	cigar_aligned_base	lifted_chr_agree
2	14671637	14.633	pPt-653858	DArT_marker	2	ST4.03ch02	15153426	15154339	15153882	chr02	14671637	+	60	0.9681272949816402	20243	1	cigar_aligned_base	lifted_chr_agree
2	14671637	14.633	toPt-436909	DArT_marker	2	ST4.03ch02	15153426	15154339	15153882	chr02	14671637	+	60	0.9681272949816402	20243	1	cigar_aligned_base	lifted_chr_agree
2	14671637	14.633	toPt-437491	DArT_marker	2	ST4.03ch02	15153426	15154339	15153882	chr02	14671637	+	60	0.9681272949816402	20243	1	cigar_aligned_base	lifted_chr_agree
2	14671637	14.663	toPt-439915	DArT_marker	2	ST4.03ch02	15153426	15154339	15153882	chr02	14671637	+	60	0.9681272949816402	20243	1	cigar_aligned_base	lifted_chr_agree
2	14671640	14.625	pPt-458624	DArT_marker	2	ST4.03ch02	15153426	15154344	15153885	chr02	14671640	+	60	0.9681272949816402	20243	1	cigar_aligned_base	lifted_chr_agree
2	14671640	14.633	pPt-458041	DArT_marker	2	ST4.03ch02	15153426	15154344	15153885	chr02	14671640	+	60	0.9681272949816402	20243	1	cigar_aligned_base	lifted_chr_agree
2	15571371	6.462	pPt-540344	DArT_marker	2	ST4.03ch02	16194227	16194621	16194424	chr02	15571371	+	60	0.999009900990099	5048	1	cigar_aligned_base	lifted_chr_agree
2	16935460	14.581	pPt-457050	DArT_marker	2	ST4.03ch02	17707452	17707791	17707621	chr02	16935460	+	60	0.9734928172146421	16637	1	cigar_aligned_base	lifted_chr_agree
2	16935460	14.633	pPt-473486	DArT_marker	2	ST4.03ch02	17707452	17707791	17707621	chr02	16935460	+	60	0.9734928172146421	16637	1	cigar_aligned_base	lifted_chr_agree
2	16935460	14.633	pPt-535813	DArT_marker	2	ST4.03ch02	17707452	17707791	17707621	chr02	16935460	+	60	0.9734928172146421	16637	1	cigar_aligned_base	lifted_chr_agree
2	16935460	14.633	pPt-537240	DArT_marker	2	ST4.03ch02	17707452	17707791	17707621	chr02	16935460	+	60	0.9734928172146421	16637	1	cigar_aligned_base	lifted_chr_agree
2	16935460	14.641	pPt-533811	DArT_marker	2	ST4.03ch02	17707452	17707791	17707621	chr02	16935460	+	60	0.9734928172146421	16637	1	cigar_aligned_base	lifted_chr_agree
2	16935460	14.641	pPt-539333	DArT_marker	2	ST4.03ch02	17707452	17707791	17707621	chr02	16935460	+	60	0.9734928172146421	16637	1	cigar_aligned_base	lifted_chr_agree
2	16935460	14.65	pPt-655403	DArT_marker	2	ST4.03ch02	17707452	17707791	17707621	chr02	16935460	+	60	0.9734928172146421	16637	1	cigar_aligned_base	lifted_chr_agree
2	18485069	17.27	solcap_stsnp_c1_9122	SNP	2	ST4.03ch02	19199038	19199038	19199038	chr02	18485069	+	60	0.9818235617364839	23636	1	cigar_aligned_base	lifted_chr_agree
2	19406545	8.218	MICRO.7351.C1_583	match	2	ST4.03ch02	20235340	20235460	20235400	chr02	19406545	+	60	0.9882881380164895	84347	1	cigar_aligned_base	lifted_chr_agree
2	19873304	9.702	solcap_stsnp_c1_5749	SNP	2	ST4.03ch02	20754871	20754871	20754871	chr02	19873304	+	60	0.9903857447272605	181084	1	cigar_aligned_base	lifted_chr_agree
2	19921684	19.277	toPt-441199	DArT_marker	2	ST4.03ch02	20803552	20804035	20803793	chr02	19921684	+	60	0.9903857447272605	181084	1	cigar_aligned_base	lifted_chr_agree
2	19921687	19.498	pPt-654285	DArT_marker	2	ST4.03ch02	20803552	20804041	20803796	chr02	19921687	+	60	0.9903857447272605	181084	1	cigar_aligned_base	lifted_chr_agree
2	19921687	19.714	pPt-654515	DArT_marker	2	ST4.03ch02	20803552	20804041	20803796	chr02	19921687	+	60	0.9903857447272605	181084	1	cigar_aligned_base	lifted_chr_agree
2	19934163	9.818	pPt-456492	DArT_marker	2	ST4.03ch02	20815958	20816592	20816275	chr02	19934163	+	60	0.9903857447272605	181084	1	cigar_aligned_base	lifted_chr_agree
2	19934163	9.873	pPt-534726	DArT_marker	2	ST4.03ch02	20815958	20816592	20816275	chr02	19934163	+	60	0.9903857447272605	181084	1	cigar_aligned_base	lifted_chr_agree
2	19934163	9.873	pPt-535521	DArT_marker	2	ST4.03ch02	20815958	20816592	20816275	chr02	19934163	+	60	0.9903857447272605	181084	1	cigar_aligned_base	lifted_chr_agree
2	19934163	9.873	pPt-652512	DArT_marker	2	ST4.03ch02	20815958	20816592	20816275	chr02	19934163	+	60	0.9903857447272605	181084	1	cigar_aligned_base	lifted_chr_agree
2	19934163	10.098	pPt-457013	DArT_marker	2	ST4.03ch02	20815958	20816592	20816275	chr02	19934163	+	60	0.9903857447272605	181084	1	cigar_aligned_base	lifted_chr_agree
2	21787827	20.226	pPt-652662	DArT_marker	2	ST4.03ch02	22748763	22749453	22749108	chr02	21787827	+	60	0.9996854975036364	25435	1	cigar_aligned_base	lifted_chr_agree
2	21787829	20.205	pPt-472525	DArT_marker	2	ST4.03ch02	22748763	22749458	22749110	chr02	21787829	+	60	0.9996854975036364	25435	1	cigar_aligned_base	lifted_chr_agree
2	21787829	20.222	pPt-472164	DArT_marker	2	ST4.03ch02	22748763	22749458	22749110	chr02	21787829	+	60	0.9996854975036364	25435	1	cigar_aligned_base	lifted_chr_agree
2	21787829	20.235	toPt-439000	DArT_marker	2	ST4.03ch02	22748763	22749458	22749110	chr02	21787829	+	60	0.9996854975036364	25435	1	cigar_aligned_base	lifted_chr_agree
2	21787829	20.24	toPt-438463	DArT_marker	2	ST4.03ch02	22748763	22749458	22749110	chr02	21787829	+	60	0.9996854975036364	25435	1	cigar_aligned_base	lifted_chr_agree
2	21787829	20.305	toPt-763687	DArT_marker	2	ST4.03ch02	22748763	22749458	22749110	chr02	21787829	+	60	0.9996854975036364	25435	1	cigar_aligned_base	lifted_chr_agree
2	21787829	20.313	toPt-439754	DArT_marker	2	ST4.03ch02	22748763	22749458	22749110	chr02	21787829	+	60	0.9996854975036364	25435	1	cigar_aligned_base	lifted_chr_agree
2	21787829	20.57	toPt-438472	DArT_marker	2	ST4.03ch02	22748763	22749458	22749110	chr02	21787829	+	60	0.9996854975036364	25435	1	cigar_aligned_base	lifted_chr_agree
2	21787829	20.782	toPt-763794	DArT_marker	2	ST4.03ch02	22748763	22749458	22749110	chr02	21787829	+	60	0.9996854975036364	25435	1	cigar_aligned_base	lifted_chr_agree
2	21788784	20.452	solcap_stsnp_c1_9725	SNP	2	ST4.03ch02	22750065	22750065	22750065	chr02	21788784	+	60	0.9996854975036364	25435	1	cigar_aligned_base	lifted_chr_agree
2	21808866	20.269	solcap_stsnp_c1_9732	SNP	2	ST4.03ch02	22770204	22770204	22770204	chr02	21808866	+	60	0.9940063761955367	23391	1	cigar_aligned_base	lifted_chr_agree
2	21965487	18.876	solcap_stsnp_c1_16347	SNP	2	ST4.03ch02	22932497	22932497	22932497	chr02	21965487	+	60	0.9980461117624072	12781	1	cigar_aligned_base	lifted_chr_agree
2	23885399	22.668	solcap_stsnp_c1_15404	SNP	2	ST4.03ch02	24858189	24858189	24858189	chr02	23885399	+	60	0.9959751189169411	16567	1	cigar_aligned_base	lifted_chr_agree
2	25017414	22.273	solcap_stsnp_c1_11486	SNP	2	ST4.03ch02	26169748	26169748	26169748	chr02	25017414	+	60	0.9944245127508969	82306	1	cigar_aligned_base	lifted_chr_agree
2	25370147	22.448	solcap_stsnp_c1_9302	SNP	2	ST4.03ch02	26527354	26527354	26527354	chr02	25370147	+	60	0.9910743801652893	43039	1	cigar_aligned_base	lifted_chr_agree
2	25639644	23.334	solcap_stsnp_c1_9369	SNP	2	ST4.03ch02	26799085	26799085	26799085	chr02	25639644	+	60	0.9988978380669775	11793	1	cigar_aligned_base	lifted_chr_agree
2	25706037	23.433	solcap_stsnp_c1_9376	SNP	2	ST4.03ch02	26907575	26907575	26907575	chr02	25706037	+	60	0.9997572520937007	8239	1	cigar_aligned_base	lifted_chr_agree
2	25999493	26.967	solcap_stsnp_c1_13468	SNP	2	ST4.03ch02	27200020	27200020	27200020	chr02	25999493	+	60	0.9956080347129663	172004	1	cigar_aligned_base	lifted_chr_agree
2	26349683	26.33	pPt-534957	DArT_marker	2	ST4.03ch02	27602423	27603355	27602889	chr02	26349683	+	60	0.9905335628227194	44341	1	cigar_aligned_base	lifted_chr_agree
2	26349683	26.342	pPt-471559	DArT_marker	2	ST4.03ch02	27602423	27603355	27602889	chr02	26349683	+	60	0.9905335628227194	44341	1	cigar_aligned_base	lifted_chr_agree
2	26349683	26.389	pPt-456569	DArT_marker	2	ST4.03ch02	27602423	27603355	27602889	chr02	26349683	+	60	0.9905335628227194	44341	1	cigar_aligned_base	lifted_chr_agree
2	26349683	26.389	pPt-457024	DArT_marker	2	ST4.03ch02	27602423	27603355	27602889	chr02	26349683	+	60	0.9905335628227194	44341	1	cigar_aligned_base	lifted_chr_agree
2	26349683	26.389	pPt-535729	DArT_marker	2	ST4.03ch02	27602423	27603355	27602889	chr02	26349683	+	60	0.9905335628227194	44341	1	cigar_aligned_base	lifted_chr_agree
2	26349683	26.389	pPt-536743	DArT_marker	2	ST4.03ch02	27602423	27603355	27602889	chr02	26349683	+	60	0.9905335628227194	44341	1	cigar_aligned_base	lifted_chr_agree
2	26349683	26.389	pPt-537022	DArT_marker	2	ST4.03ch02	27602423	27603355	27602889	chr02	26349683	+	60	0.9905335628227194	44341	1	cigar_aligned_base	lifted_chr_agree
2	26349683	26.389	pPt-552093	DArT_marker	2	ST4.03ch02	27602423	27603355	27602889	chr02	26349683	+	60	0.9905335628227194	44341	1	cigar_aligned_base	lifted_chr_agree
2	27276103	27.36	pPt-655861	DArT_marker	2	ST4.03ch02	28668409	28669048	28668728	chr02	27276103	+	60	0.9851324061726043	131904	1	cigar_aligned_base	lifted_chr_agree
2	27276114	27.361	pPt-657436	DArT_marker	2	ST4.03ch02	28668431	28669048	28668739	chr02	27276114	+	60	0.9851324061726043	131904	1	cigar_aligned_base	lifted_chr_agree
2	27276127	27.36	toPt-439196	DArT_marker	2	ST4.03ch02	28668456	28669048	28668752	chr02	27276127	+	60	0.9851324061726043	131904	1	cigar_aligned_base	lifted_chr_agree
2	27276729	27.36	pPt-538679	DArT_marker	2	ST4.03ch02	28669045	28669664	28669354	chr02	27276729	+	60	0.9851324061726043	131904	1	cigar_aligned_base	lifted_chr_agree
2	27276729	27.36	pPt-653551	DArT_marker	2	ST4.03ch02	28669045	28669664	28669354	chr02	27276729	+	60	0.9851324061726043	131904	1	cigar_aligned_base	lifted_chr_agree
2	27276729	27.36	pPt-655142	DArT_marker	2	ST4.03ch02	28669045	28669664	28669354	chr02	27276729	+	60	0.9851324061726043	131904	1	cigar_aligned_base	lifted_chr_agree
2	27276729	27.36	pPt-655218	DArT_marker	2	ST4.03ch02	28669045	28669664	28669354	chr02	27276729	+	60	0.9851324061726043	131904	1	cigar_aligned_base	lifted_chr_agree
2	27345592	29.172	pPt-657053	DArT_marker	2	ST4.03ch02	28742026	28743315	28742670	chr02	27345592	+	60	0.9955743277353347	59813	1	cigar_aligned_base	lifted_chr_agree
2	27451374	28.327	PM1332	repeat_region	2	ST4.03ch02	28850257	28850363	28850310	chr02	27451374	+	60	0.9949734009131656	48011	1	cigar_aligned_base	lifted_chr_agree
2	27527543	29.406	solcap_stsnp_c1_5078	SNP	2	ST4.03ch02	28927255	28927255	28927255	chr02	27527543	+	60	0.9951529745917076	33290	1	cigar_aligned_base	lifted_chr_agree
2	27569702	27.835	pPt-536176	DArT_marker	2	ST4.03ch02	28969500	28969995	28969747	chr02	27569702	+	60	0.9958015594207865	93379	1	cigar_aligned_base	lifted_chr_agree
2	27569702	27.835	pPt-539540	DArT_marker	2	ST4.03ch02	28969500	28969995	28969747	chr02	27569702	+	60	0.9958015594207865	93379	1	cigar_aligned_base	lifted_chr_agree
2	27569702	27.835	pPt-559060	DArT_marker	2	ST4.03ch02	28969500	28969995	28969747	chr02	27569702	+	60	0.9958015594207865	93379	1	cigar_aligned_base	lifted_chr_agree
2	27569702	27.896	toPt-437905	DArT_marker	2	ST4.03ch02	28969500	28969995	28969747	chr02	27569702	+	60	0.9958015594207865	93379	1	cigar_aligned_base	lifted_chr_agree
2	27569702	27.923	pPt-656854	DArT_marker	2	ST4.03ch02	28969500	28969995	28969747	chr02	27569702	+	60	0.9958015594207865	93379	1	cigar_aligned_base	lifted_chr_agree
2	27569702	27.956	pPt-539421	DArT_marker	2	ST4.03ch02	28969500	28969995	28969747	chr02	27569702	+	60	0.9958015594207865	93379	1	cigar_aligned_base	lifted_chr_agree
2	27620643	28.867	solcap_stsnp_c1_16340	SNP	2	ST4.03ch02	29020687	29020687	29020687	chr02	27620643	+	60	0.9958015594207865	93379	1	cigar_aligned_base	lifted_chr_agree
2	27646352	27.157	solcap_stsnp_c1_16341	SNP	2	ST4.03ch02	29045616	29045616	29045616	chr02	27646352	+	60	1.0	11255	1	cigar_aligned_base	lifted_chr_agree
2	28041279	29.172	pPt-656979	DArT_marker	2	ST4.03ch02	29456209	29456470	29456339	chr02	28041279	+	60	0.9877894632485976	124256	1	cigar_aligned_base	lifted_chr_agree
2	28041279	29.178	pPt-657208	DArT_marker	2	ST4.03ch02	29456209	29456470	29456339	chr02	28041279	+	60	0.9877894632485976	124256	1	cigar_aligned_base	lifted_chr_agree
2	28460955	30.435	solcap_stsnp_c1_13929	SNP	2	ST4.03ch02	29929027	29929027	29929027	chr02	28460955	+	60	0.9983553504164677	37695	1	cigar_aligned_base	lifted_chr_agree
2	28477644	29.713	pPt-653009	DArT_marker	2	ST4.03ch02	29945433	29946086	29945759	chr02	28477644	+	60	0.9983553504164677	37695	1	cigar_aligned_base	lifted_chr_agree
2	28582692	30.371	solcap_stsnp_c1_13914	SNP	2	ST4.03ch02	30053177	30053177	30053177	chr02	28582692	+	60	0.982916108650115	60183	1	cigar_aligned_base	lifted_chr_agree
2	28703842	31.795	solcap_stsnp_c1_16350	SNP	2	ST4.03ch02	30217175	30217175	30217175	chr02	28703842	+	60	0.988686917005501	41690	1	cigar_aligned_base	lifted_chr_agree
2	28924425	33.115	pPt-653576	DArT_marker	2	ST4.03ch02	30441073	30441391	30441232	chr02	28924425	+	60	0.990607223177669	22635	1	cigar_aligned_base	lifted_chr_agree
2	28925922	31.488	pPt-537833	DArT_marker	2	ST4.03ch02	30442179	30443198	30442688	chr02	28925922	+	60	0.990607223177669	22635	1	cigar_aligned_base	lifted_chr_agree
2	28925922	31.558	pPt-537683	DArT_marker	2	ST4.03ch02	30442179	30443198	30442688	chr02	28925922	+	60	0.990607223177669	22635	1	cigar_aligned_base	lifted_chr_agree
2	29271350	32.236	pPt-456765	DArT_marker	2	ST4.03ch02	30800868	30801736	30801302	chr02	29271350	+	60	0.9887237195517273	87652	1	cigar_aligned_base	lifted_chr_agree
2	29271350	32.236	pPt-457369	DArT_marker	2	ST4.03ch02	30800868	30801736	30801302	chr02	29271350	+	60	0.9887237195517273	87652	1	cigar_aligned_base	lifted_chr_agree
2	29271350	32.236	pPt-651454	DArT_marker	2	ST4.03ch02	30800868	30801736	30801302	chr02	29271350	+	60	0.9887237195517273	87652	1	cigar_aligned_base	lifted_chr_agree
2	29271350	32.236	pPt-655168	DArT_marker	2	ST4.03ch02	30800868	30801736	30801302	chr02	29271350	+	60	0.9887237195517273	87652	1	cigar_aligned_base	lifted_chr_agree
2	29271350	32.236	pPt-655443	DArT_marker	2	ST4.03ch02	30800868	30801736	30801302	chr02	29271350	+	60	0.9887237195517273	87652	1	cigar_aligned_base	lifted_chr_agree
2	29489664	33.796	pPt-458471	DArT_marker	2	ST4.03ch02	31057039	31058057	31057548	chr02	29489664	+	60	0.9984380452302222	61386	1	cigar_aligned_base	lifted_chr_agree
2	29489664	33.796	pPt-473223	DArT_marker	2	ST4.03ch02	31057039	31058057	31057548	chr02	29489664	+	60	0.9984380452302222	61386	1	cigar_aligned_base	lifted_chr_agree
2	29489666	33.796	pPt-472441	DArT_marker	2	ST4.03ch02	31057044	31058057	31057550	chr02	29489666	+	60	0.9984380452302222	61386	1	cigar_aligned_base	lifted_chr_agree
2	29568246	32.097	pPt-650762	DArT_marker	2	ST4.03ch02	31136285	31137041	31136663	chr02	29568246	+	60	0.9772683116378473	20223	1	cigar_aligned_base	lifted_chr_agree
2	29568246	36.173	pPt-651609	DArT_marker	2	ST4.03ch02	31136285	31137041	31136663	chr02	29568246	+	60	0.9772683116378473	20223	1	cigar_aligned_base	lifted_chr_agree
2	29643643	34.422	pPt-473662	DArT_marker	2	ST4.03ch02	31211505	31211886	31211695	chr02	29643643	+	60	0.998001998001998	13012	1	cigar_aligned_base	lifted_chr_agree
2	29734369	32.524	pPt-652571	DArT_marker	2	ST4.03ch02	31303107	31303459	31303283	chr02	29734369	+	60	0.9824108398312668	39229	1	cigar_aligned_base	lifted_chr_agree
2	29779831	36.843	pPt-655073	DArT_marker	2	ST4.03ch02	31356692	31357219	31356955	chr02	29779831	+	60	0.9398415947316899	74056	1	cigar_aligned_base	lifted_chr_agree
2	30080945	35.092	solcap_stsnp_c1_13234	SNP	2	ST4.03ch02	31663570	31663570	31663570	chr02	30080945	+	60	0.9984371092773193	32939	1	cigar_aligned_base	lifted_chr_agree
2	30096020	34.375	pPt-652302	DArT_marker	2	ST4.03ch02	31679395	31679860	31679627	chr02	30096020	+	60	0.9984371092773193	32939	1	cigar_aligned_base	lifted_chr_agree
2	30096020	34.422	pPt-471594	DArT_marker	2	ST4.03ch02	31679395	31679860	31679627	chr02	30096020	+	60	0.9984371092773193	32939	1	cigar_aligned_base	lifted_chr_agree
2	30096020	34.422	pPt-650228	DArT_marker	2	ST4.03ch02	31679395	31679860	31679627	chr02	30096020	+	60	0.9984371092773193	32939	1	cigar_aligned_base	lifted_chr_agree
2	30096020	34.422	pPt-651413	DArT_marker	2	ST4.03ch02	31679395	31679860	31679627	chr02	30096020	+	60	0.9984371092773193	32939	1	cigar_aligned_base	lifted_chr_agree
2	30096020	34.433	pPt-473200	DArT_marker	2	ST4.03ch02	31679395	31679860	31679627	chr02	30096020	+	60	0.9984371092773193	32939	1	cigar_aligned_base	lifted_chr_agree
2	30220612	36.429	pPt-653297	DArT_marker	2	ST4.03ch02	31807610	31808349	31807979	chr02	30220612	+	60	0.9988371362122069	31788	1	cigar_aligned_base	lifted_chr_agree
2	30220612	36.452	pPt-472177	DArT_marker	2	ST4.03ch02	31807610	31808349	31807979	chr02	30220612	+	60	0.9988371362122069	31788	1	cigar_aligned_base	lifted_chr_agree
2	30220612	36.467	pPt-458525	DArT_marker	2	ST4.03ch02	31807610	31808349	31807979	chr02	30220612	+	60	0.9988371362122069	31788	1	cigar_aligned_base	lifted_chr_agree
2	30220615	36.467	pPt-473017	DArT_marker	2	ST4.03ch02	31807615	31808349	31807982	chr02	30220615	+	60	0.9988371362122069	31788	1	cigar_aligned_base	lifted_chr_agree
2	30264125	34.856	STI0036	repeat_region	2	ST4.03ch02	31851231	31851359	31851295	chr02	30264125	+	60	0.9930622736946848	36206	1	cigar_aligned_base	lifted_chr_agree
2	30450017	35.561	solcap_stsnp_c1_11588	SNP	2	ST4.03ch02	32077377	32077377	32077377	chr02	30450017	+	60	0.9911749246133842	36124	1	cigar_aligned_base	lifted_chr_agree
2	30473947	34.232	pPt-535744	DArT_marker	2	ST4.03ch02	32101379	32101781	32101580	chr02	30473947	+	60	0.9911749246133842	36124	1	cigar_aligned_base	lifted_chr_agree
2	30473947	34.427	pPt-537775	DArT_marker	2	ST4.03ch02	32101379	32101781	32101580	chr02	30473947	+	60	0.9911749246133842	36124	1	cigar_aligned_base	lifted_chr_agree
2	30473947	34.445	pPt-533986	DArT_marker	2	ST4.03ch02	32101379	32101781	32101580	chr02	30473947	+	60	0.9911749246133842	36124	1	cigar_aligned_base	lifted_chr_agree
2	30473947	34.445	pPt-535213	DArT_marker	2	ST4.03ch02	32101379	32101781	32101580	chr02	30473947	+	60	0.9911749246133842	36124	1	cigar_aligned_base	lifted_chr_agree
2	30473947	34.445	pPt-535618	DArT_marker	2	ST4.03ch02	32101379	32101781	32101580	chr02	30473947	+	60	0.9911749246133842	36124	1	cigar_aligned_base	lifted_chr_agree
2	30473947	34.445	pPt-535940	DArT_marker	2	ST4.03ch02	32101379	32101781	32101580	chr02	30473947	+	60	0.9911749246133842	36124	1	cigar_aligned_base	lifted_chr_agree
2	30473947	34.456	pPt-457179	DArT_marker	2	ST4.03ch02	32101379	32101781	32101580	chr02	30473947	+	60	0.9911749246133842	36124	1	cigar_aligned_base	lifted_chr_agree
2	30473947	35.283	pPt-535985	DArT_marker	2	ST4.03ch02	32101379	32101781	32101580	chr02	30473947	+	60	0.9911749246133842	36124	1	cigar_aligned_base	lifted_chr_agree
2	30564337	34.658	pPt-458651	DArT_marker	2	ST4.03ch02	32192991	32193551	32193271	chr02	30564337	+	60	0.9992067230223853	80657	1	cigar_aligned_base	lifted_chr_agree
2	30564337	34.658	pPt-535208	DArT_marker	2	ST4.03ch02	32192991	32193551	32193271	chr02	30564337	+	60	0.9992067230223853	80657	1	cigar_aligned_base	lifted_chr_agree
2	30564337	34.658	pPt-535464	DArT_marker	2	ST4.03ch02	32192991	32193551	32193271	chr02	30564337	+	60	0.9992067230223853	80657	1	cigar_aligned_base	lifted_chr_agree
2	30564337	34.658	pPt-539519	DArT_marker	2	ST4.03ch02	32192991	32193551	32193271	chr02	30564337	+	60	0.9992067230223853	80657	1	cigar_aligned_base	lifted_chr_agree
2	30564337	34.658	pPt-540339	DArT_marker	2	ST4.03ch02	32192991	32193551	32193271	chr02	30564337	+	60	0.9992067230223853	80657	1	cigar_aligned_base	lifted_chr_agree
2	30564337	34.679	pPt-471714	DArT_marker	2	ST4.03ch02	32192991	32193551	32193271	chr02	30564337	+	60	0.9992067230223853	80657	1	cigar_aligned_base	lifted_chr_agree
2	30564343	34.658	pPt-534861	DArT_marker	2	ST4.03ch02	32193004	32193551	32193277	chr02	30564343	+	60	0.9992067230223853	80657	1	cigar_aligned_base	lifted_chr_agree
2	31029025	40.582	pPt-539763	DArT_marker	2	ST4.03ch02	32683809	32684210	32684009	chr02	31029025	+	60	0.9929415582659491	36974	1	cigar_aligned_base	lifted_chr_agree
2	31029025	40.981	pPt-540267	DArT_marker	2	ST4.03ch02	32683809	32684210	32684009	chr02	31029025	+	60	0.9929415582659491	36974	1	cigar_aligned_base	lifted_chr_agree
2	32844860	42.671	pPt-651930	DArT_marker	2	ST4.03ch02	34719310	34719797	34719553	chr02	32844860	+	60	0.9826281322301086	26551	1	cigar_aligned_base	lifted_chr_agree
2	32845083	42.671	pPt-470960	DArT_marker	2	ST4.03ch02	34719310	34720242	34719776	chr02	32845083	+	60	0.9826281322301086	26551	1	cigar_aligned_base	lifted_chr_agree
2	33716215	43.862	solcap_stsnp_c1_14822	SNP	2	ST4.03ch02	35677298	35677298	35677298	chr02	33716215	+	60	0.994938501481734	38123	1	cigar_aligned_base	lifted_chr_agree
2	34203746	45.178	solcap_stsnp_c1_5877	SNP	2	ST4.03ch02	36198536	36198536	36198536	chr02	34203746	+	60	0.9832118063135834	45574	1	cigar_aligned_base	lifted_chr_agree
2	34661319	49.569	solcap_stsnp_c1_5850	SNP	2	ST4.03ch02	36660072	36660072	36660072	chr02	34661319	+	60	0.9922608888251925	79188	1	cigar_aligned_base	lifted_chr_agree
2	35334126	47.129	solcap_stsnp_c1_12377	SNP	2	ST4.03ch02	37341815	37341815	37341815	chr02	35334126	+	60	0.9423966810276049	25065	1	cigar_aligned_base	lifted_chr_agree
2	35468438	46.584	solcap_stsnp_c1_16172	SNP	2	ST4.03ch02	37475092	37475092	37475092	chr02	35468438	+	60	0.9948955058257813	26914	1	cigar_aligned_base	lifted_chr_agree
2	37223835	52.624	STM5114	repeat_region	2	ST4.03ch02	39350024	39350314	39350169	chr02	37223835	+	60	0.9931116872553505	39328	1	cigar_aligned_base	lifted_chr_agree
2	37554578	49.869	pPt-654889	DArT_marker	2	ST4.03ch02	39682895	39683573	39683234	chr02	37554578	+	60	0.9998261051020763	28753	1	cigar_aligned_base	lifted_chr_agree
2	37554653	49.917	pPt-472677	DArT_marker	2	ST4.03ch02	39683037	39683581	39683309	chr02	37554653	+	60	0.9998261051020763	28753	1	cigar_aligned_base	lifted_chr_agree
2	37641699	52.801	STI0052	repeat_region	2	ST4.03ch02	39772679	39772832	39772755	chr02	37641699	+	60	0.9740165854540146	151204	1	cigar_aligned_base	lifted_chr_agree
2	38533031	56.587	pPt-538916	DArT_marker	2	ST4.03ch02	40690137	40690908	40690522	chr02	38533031	+	60	0.9895112183882824	91052	1	cigar_aligned_base	lifted_chr_agree
2	38576610	56.372	MICRO.7848.C1_786	match	2	ST4.03ch02	40774698	40774818	40774758	chr02	38576610	+	60	0.9874105159219946	24511	1	cigar_aligned_base	lifted_chr_agree
2	38576828	56.97	MICRO.7848.C1_567	match	2	ST4.03ch02	40774916	40775036	40774976	chr02	38576828	+	60	0.9874105159219946	24511	1	cigar_aligned_base	lifted_chr_agree
2	38857937	60.141	pPt-653333	DArT_marker	2	ST4.03ch02	41063190	41063553	41063371	chr02	38857937	+	60	0.9979961067216306	35473	1	cigar_aligned_base	lifted_chr_agree
2	38857937	60.447	pPt-657004	DArT_marker	2	ST4.03ch02	41063190	41063553	41063371	chr02	38857937	+	60	0.9979961067216306	35473	1	cigar_aligned_base	lifted_chr_agree
2	38857937	60.469	pPt-472448	DArT_marker	2	ST4.03ch02	41063190	41063553	41063371	chr02	38857937	+	60	0.9979961067216306	35473	1	cigar_aligned_base	lifted_chr_agree
2	38857937	60.474	pPt-534555	DArT_marker	2	ST4.03ch02	41063190	41063553	41063371	chr02	38857937	+	60	0.9979961067216306	35473	1	cigar_aligned_base	lifted_chr_agree
2	39157665	59.058	solcap_stsnp_c1_7931	SNP	2	ST4.03ch02	41432006	41432006	41432006	chr02	39157665	+	60	0.9998253641158186	28628	1	cigar_aligned_base	lifted_chr_agree
2	39402181	61.224	pPt-656018	DArT_marker	2	ST4.03ch02	41672503	41672822	41672662	chr02	39402181	+	60	0.9997913188647746	43139	1	cigar_aligned_base	lifted_chr_agree
2	39557238	61.77	PM0200	repeat_region	2	ST4.03ch02	41811218	41811352	41811285	chr02	39557238	+	60	0.9978615506812488	49307	1	cigar_aligned_base	lifted_chr_agree
2	40296554	63.435	solcap_stsnp_c1_7346	SNP	2	ST4.03ch02	42597150	42597150	42597150	chr02	40296554	+	60	0.9905187307740929	74126	1	cigar_aligned_base	lifted_chr_agree
2	40424964	63.429	st_11672	repeat_region	2	ST4.03ch02	42727803	42728010	42727906	chr02	40424964	+	60	0.9967093346214225	99990	1	cigar_aligned_base	lifted_chr_agree
2	40466543	20.212	pPt-537723	DArT_marker	2	ST4.03ch02	42770979	42771339	42771159	chr02	40466543	+	60	0.9665632136792177	33885	1	cigar_aligned_base	lifted_chr_agree
2	40707520	67.494	toPt-436878	DArT_marker	2	ST4.03ch02	43130343	43130979	43130661	chr02	40707520	+	60	0.9811800610376399	43252	1	cigar_aligned_base	lifted_chr_agree
2	40707520	67.494	toPt-438004	DArT_marker	2	ST4.03ch02	43130343	43130979	43130661	chr02	40707520	+	60	0.9811800610376399	43252	1	cigar_aligned_base	lifted_chr_agree
2	40707520	67.5	toPt-437942	DArT_marker	2	ST4.03ch02	43130343	43130979	43130661	chr02	40707520	+	60	0.9811800610376399	43252	1	cigar_aligned_base	lifted_chr_agree
2	40707550	67.493	pPt-471945	DArT_marker	2	ST4.03ch02	43130343	43131040	43130691	chr02	40707550	+	60	0.9811800610376399	43252	1	cigar_aligned_base	lifted_chr_agree
2	40707550	67.494	pPt-657574	DArT_marker	2	ST4.03ch02	43130343	43131040	43130691	chr02	40707550	+	60	0.9811800610376399	43252	1	cigar_aligned_base	lifted_chr_agree
2	40707550	67.495	pPt-473780	DArT_marker	2	ST4.03ch02	43130343	43131040	43130691	chr02	40707550	+	60	0.9811800610376399	43252	1	cigar_aligned_base	lifted_chr_agree
2	40707550	67.496	pPt-654471	DArT_marker	2	ST4.03ch02	43130343	43131040	43130691	chr02	40707550	+	60	0.9811800610376399	43252	1	cigar_aligned_base	lifted_chr_agree
2	40707550	67.497	pPt-652964	DArT_marker	2	ST4.03ch02	43130343	43131040	43130691	chr02	40707550	+	60	0.9811800610376399	43252	1	cigar_aligned_base	lifted_chr_agree
2	41240921	64.916	solcap_stsnp_c1_8429	SNP	2	ST4.03ch02	43675446	43675446	43675446	chr02	41240921	+	60	0.9960425234732676	12840	1	cigar_aligned_base	lifted_chr_agree
2	41258971	64.924	pPt-458627	DArT_marker	2	ST4.03ch02	43692608	43693425	43693016	chr02	41258971	+	60	0.9932432432432432	48631	1	cigar_aligned_base	lifted_chr_agree
2	41258971	64.931	pPt-654915	DArT_marker	2	ST4.03ch02	43692608	43693425	43693016	chr02	41258971	+	60	0.9932432432432432	48631	1	cigar_aligned_base	lifted_chr_agree
2	41493084	64.924	pPt-653043	DArT_marker	2	ST4.03ch02	42847404	42848148	42847776	chr02	41493084	-	60	0.9841218053289832	18376	1	cigar_aligned_base	lifted_chr_agree
2	41493216	64.911	toPt-437191	DArT_marker	2	ST4.03ch02	42847404	42847884	42847644	chr02	41493216	-	60	0.9841218053289832	18376	1	cigar_aligned_base	lifted_chr_agree
2	41493216	64.911	toPt-439122	DArT_marker	2	ST4.03ch02	42847404	42847884	42847644	chr02	41493216	-	60	0.9841218053289832	18376	1	cigar_aligned_base	lifted_chr_agree
2	41493216	64.911	toPt-439399	DArT_marker	2	ST4.03ch02	42847404	42847884	42847644	chr02	41493216	-	60	0.9841218053289832	18376	1	cigar_aligned_base	lifted_chr_agree
2	41493216	64.911	toPt-763866	DArT_marker	2	ST4.03ch02	42847404	42847884	42847644	chr02	41493216	-	60	0.9841218053289832	18376	1	cigar_aligned_base	lifted_chr_agree
2	41493216	65.612	toPt-438776	DArT_marker	2	ST4.03ch02	42847404	42847884	42847644	chr02	41493216	-	60	0.9841218053289832	18376	1	cigar_aligned_base	lifted_chr_agree
2	41493238	64.924	pPt-655780	DArT_marker	2	ST4.03ch02	42847404	42847841	42847622	chr02	41493238	-	60	0.9841218053289832	18376	1	cigar_aligned_base	lifted_chr_agree
2	41878492	66.529	solcap_stsnp_c1_8464	SNP	2	ST4.03ch02	44331700	44331700	44331700	chr02	41878492	+	60	0.9917907037472254	61390	1	cigar_aligned_base	lifted_chr_agree
2	41893405	64.911	pPt-535437	DArT_marker	2	ST4.03ch02	44346524	44346692	44346608	chr02	41893405	+	60	0.9917907037472254	61390	1	cigar_aligned_base	lifted_chr_agree
2	41893538	64.924	pPt-536585	DArT_marker	2	ST4.03ch02	44346524	44346959	44346741	chr02	41893538	+	60	0.9917907037472254	61390	1	cigar_aligned_base	lifted_chr_agree
2	41893538	64.924	pPt-537080	DArT_marker	2	ST4.03ch02	44346524	44346959	44346741	chr02	41893538	+	60	0.9917907037472254	61390	1	cigar_aligned_base	lifted_chr_agree
2	41893538	64.924	pPt-539701	DArT_marker	2	ST4.03ch02	44346524	44346959	44346741	chr02	41893538	+	60	0.9917907037472254	61390	1	cigar_aligned_base	lifted_chr_agree
2	41893538	64.924	pPt-539725	DArT_marker	2	ST4.03ch02	44346524	44346959	44346741	chr02	41893538	+	60	0.9917907037472254	61390	1	cigar_aligned_base	lifted_chr_agree
2	41893538	64.924	pPt-539797	DArT_marker	2	ST4.03ch02	44346524	44346959	44346741	chr02	41893538	+	60	0.9917907037472254	61390	1	cigar_aligned_base	lifted_chr_agree
2	41893538	64.924	pPt-539862	DArT_marker	2	ST4.03ch02	44346524	44346959	44346741	chr02	41893538	+	60	0.9917907037472254	61390	1	cigar_aligned_base	lifted_chr_agree
2	41893538	64.924	pPt-655448	DArT_marker	2	ST4.03ch02	44346524	44346959	44346741	chr02	41893538	+	60	0.9917907037472254	61390	1	cigar_aligned_base	lifted_chr_agree
2	41893542	64.924	pPt-656117	DArT_marker	2	ST4.03ch02	44346532	44346959	44346745	chr02	41893542	+	60	0.9917907037472254	61390	1	cigar_aligned_base	lifted_chr_agree
2	41893545	64.927	pPt-653627	DArT_marker	2	ST4.03ch02	44346538	44346959	44346748	chr02	41893545	+	60	0.9917907037472254	61390	1	cigar_aligned_base	lifted_chr_agree
2	41893640	64.922	pPt-459203	DArT_marker	2	ST4.03ch02	44346728	44346959	44346843	chr02	41893640	+	60	0.9917907037472254	61390	1	cigar_aligned_base	lifted_chr_agree
2	41893640	64.924	pPt-536858	DArT_marker	2	ST4.03ch02	44346728	44346959	44346843	chr02	41893640	+	60	0.9917907037472254	61390	1	cigar_aligned_base	lifted_chr_agree
2	41893640	64.924	pPt-652500	DArT_marker	2	ST4.03ch02	44346728	44346959	44346843	chr02	41893640	+	60	0.9917907037472254	61390	1	cigar_aligned_base	lifted_chr_agree
2	42131765	65.395	solcap_stsnp_c1_8485	SNP	2	ST4.03ch02	44590397	44590397	44590397	chr02	42131765	+	60	0.9774018267656107	146596	1	cigar_aligned_base	lifted_chr_agree
2	42567199	67.77	solcap_stsnp_c1_12534	SNP	2	ST4.03ch02	45033905	45033905	45033905	chr02	42567199	+	60	0.9954872531740775	178804	1	cigar_aligned_base	lifted_chr_agree
2	44199967	71.022	solcap_stsnp_c1_7864	SNP	2	ST4.03ch02	46684930	46684930	46684930	chr02	44199967	+	60	0.9878789783560668	193050	1	cigar_aligned_base	lifted_chr_agree
2	44271733	71.402	solcap_stsnp_c1_14740	SNP	2	ST4.03ch02	46757863	46757863	46757863	chr02	44271733	+	60	0.9998877917414721	35648	1	cigar_aligned_base	lifted_chr_agree
2	44550044	74.981	st_2696	repeat_region	2	ST4.03ch02	47051201	47051324	47051262	chr02	44550044	+	60	0.9994933373866343	19737	1	cigar_aligned_base	lifted_chr_agree
2	44564163	69.531	pPt-657174	DArT_marker	2	ST4.03ch02	47065551	47066190	47065870	chr02	44564163	+	60	0.985091822392221	43321	1	cigar_aligned_base	lifted_chr_agree
2	45008494	69.354	pPt-458738	DArT_marker	2	ST4.03ch02	47508259	47508882	47508570	chr02	45008494	+	60	0.9893849215045186	114022	1	cigar_aligned_base	lifted_chr_agree
2	45008494	69.354	pPt-472659	DArT_marker	2	ST4.03ch02	47508259	47508882	47508570	chr02	45008494	+	60	0.9893849215045186	114022	1	cigar_aligned_base	lifted_chr_agree
2	45008494	69.354	pPt-533752	DArT_marker	2	ST4.03ch02	47508259	47508882	47508570	chr02	45008494	+	60	0.9893849215045186	114022	1	cigar_aligned_base	lifted_chr_agree
2	45008494	69.354	pPt-538767	DArT_marker	2	ST4.03ch02	47508259	47508882	47508570	chr02	45008494	+	60	0.9893849215045186	114022	1	cigar_aligned_base	lifted_chr_agree
2	45008494	69.354	pPt-651072	DArT_marker	2	ST4.03ch02	47508259	47508882	47508570	chr02	45008494	+	60	0.9893849215045186	114022	1	cigar_aligned_base	lifted_chr_agree
2	45008494	69.354	pPt-651165	DArT_marker	2	ST4.03ch02	47508259	47508882	47508570	chr02	45008494	+	60	0.9893849215045186	114022	1	cigar_aligned_base	lifted_chr_agree
2	45008494	69.354	pPt-652785	DArT_marker	2	ST4.03ch02	47508259	47508882	47508570	chr02	45008494	+	60	0.9893849215045186	114022	1	cigar_aligned_base	lifted_chr_agree
2	45028521	74.22	pPt-538521	DArT_marker	2	ST4.03ch02	47528337	47528780	47528558	chr02	45028521	+	60	0.9893849215045186	114022	1	cigar_aligned_base	lifted_chr_agree
2	45046071	73.462	solcap_stsnp_c1_10633	SNP	2	ST4.03ch02	47547061	47547061	47547061	chr02	45046071	+	60	0.9893849215045186	114022	1	cigar_aligned_base	lifted_chr_agree
2	45993304	76.016	pPt-539113	DArT_marker	2	ST4.03ch02	48494336	48494927	48494631	chr02	45993304	+	60	0.9936711185104482	83661	1	cigar_aligned_base	lifted_chr_agree
2	45993314	76.036	pPt-655621	DArT_marker	2	ST4.03ch02	48494336	48494947	48494641	chr02	45993314	+	60	0.9936711185104482	83661	1	cigar_aligned_base	lifted_chr_agree
2	45993317	75.948	pPt-651715	DArT_marker	2	ST4.03ch02	48494336	48494952	48494644	chr02	45993317	+	60	0.9936711185104482	83661	1	cigar_aligned_base	lifted_chr_agree
2	45993317	76.016	pPt-471328	DArT_marker	2	ST4.03ch02	48494336	48494952	48494644	chr02	45993317	+	60	0.9936711185104482	83661	1	cigar_aligned_base	lifted_chr_agree
2	45993317	76.016	pPt-652599	DArT_marker	2	ST4.03ch02	48494336	48494952	48494644	chr02	45993317	+	60	0.9936711185104482	83661	1	cigar_aligned_base	lifted_chr_agree
3	298626	19.123	pPt-473254	DArT_marker	3	ST4.03ch03	238842	239361	239101	chr03	298626	+	60	0.9989430520351141	102087	1	cigar_aligned_base	lifted_chr_agree
3	405443	19.33	capPt-706966	DArT_marker	3	ST4.03ch03	346415	346681	346548	chr03	405443	+	60	0.9987715803452856	30929	1	cigar_aligned_base	lifted_chr_agree
3	405461	16.717	pPt-539952	DArT_marker	3	ST4.03ch03	346415	346718	346566	chr03	405461	+	60	0.9987715803452856	30929	1	cigar_aligned_base	lifted_chr_agree
3	405461	18.938	pPt-552380	DArT_marker	3	ST4.03ch03	346415	346718	346566	chr03	405461	+	60	0.9987715803452856	30929	1	cigar_aligned_base	lifted_chr_agree
3	405461	19.187	pPt-559366	DArT_marker	3	ST4.03ch03	346415	346718	346566	chr03	405461	+	60	0.9987715803452856	30929	1	cigar_aligned_base	lifted_chr_agree
3	405461	19.25	pPt-536203	DArT_marker	3	ST4.03ch03	346415	346718	346566	chr03	405461	+	60	0.9987715803452856	30929	1	cigar_aligned_base	lifted_chr_agree
3	405461	19.259	pPt-539732	DArT_marker	3	ST4.03ch03	346415	346718	346566	chr03	405461	+	60	0.9987715803452856	30929	1	cigar_aligned_base	lifted_chr_agree
3	405461	19.263	pPt-533896	DArT_marker	3	ST4.03ch03	346415	346718	346566	chr03	405461	+	60	0.9987715803452856	30929	1	cigar_aligned_base	lifted_chr_agree
3	405461	19.264	pPt-473407	DArT_marker	3	ST4.03ch03	346415	346718	346566	chr03	405461	+	60	0.9987715803452856	30929	1	cigar_aligned_base	lifted_chr_agree
3	405461	19.274	pPt-534891	DArT_marker	3	ST4.03ch03	346415	346718	346566	chr03	405461	+	60	0.9987715803452856	30929	1	cigar_aligned_base	lifted_chr_agree
3	405461	19.274	pPt-535297	DArT_marker	3	ST4.03ch03	346415	346718	346566	chr03	405461	+	60	0.9987715803452856	30929	1	cigar_aligned_base	lifted_chr_agree
3	405461	19.274	pPt-539707	DArT_marker	3	ST4.03ch03	346415	346718	346566	chr03	405461	+	60	0.9987715803452856	30929	1	cigar_aligned_base	lifted_chr_agree
3	405461	19.274	pPt-559430	DArT_marker	3	ST4.03ch03	346415	346718	346566	chr03	405461	+	60	0.9987715803452856	30929	1	cigar_aligned_base	lifted_chr_agree
3	560044	15.536	PM1287	repeat_region	3	ST4.03ch03	504560	504757	504658	chr03	560044	+	60	0.9810809177179667	232163	1	cigar_aligned_base	lifted_chr_agree
3	1181780	2.066	pPt-653222	DArT_marker	3	ST4.03ch03	1181608	1181843	1181725	chr03	1181780	+	60	0.997810050714615	8672	1	cigar_aligned_base	lifted_chr_agree
3	2021811	3.303	pPt-472246	DArT_marker	3	ST4.03ch03	1935947	1936646	1936296	chr03	2021811	+	60	0.9930240265120133	60548	1	cigar_aligned_base	lifted_chr_agree
3	2021811	3.493	pPt-650777	DArT_marker	3	ST4.03ch03	1935947	1936646	1936296	chr03	2021811	+	60	0.9930240265120133	60548	1	cigar_aligned_base	lifted_chr_agree
3	2021811	3.513	pPt-471060	DArT_marker	3	ST4.03ch03	1935947	1936646	1936296	chr03	2021811	+	60	0.9930240265120133	60548	1	cigar_aligned_base	lifted_chr_agree
3	2022606	3.513	pPt-654214	DArT_marker	3	ST4.03ch03	1936639	1937543	1937091	chr03	2022606	+	60	0.9930240265120133	60548	1	cigar_aligned_base	lifted_chr_agree
3	2647267	5.423	solcap_stsnp_c1_14813	SNP	3	ST4.03ch03	2565354	2565354	2565354	chr03	2647267	+	60	0.9926437255305997	49427	1	cigar_aligned_base	lifted_chr_agree
3	2851481	5.21	solcap_stsnp_c1_13889	SNP	3	ST4.03ch03	2764068	2764068	2764068	chr03	2851481	+	60	0.9619071924724263	91605	1	cigar_aligned_base	lifted_chr_agree
3	4654255	9.846	pPt-653290	DArT_marker	3	ST4.03ch03	4710957	4711345	4711151	chr03	4654255	+	60	0.9970313695485845	32604	1	cigar_aligned_base	lifted_chr_agree
3	4654255	9.934	pPt-539298	DArT_marker	3	ST4.03ch03	4710957	4711345	4711151	chr03	4654255	+	60	0.9970313695485845	32604	1	cigar_aligned_base	lifted_chr_agree
3	4654255	9.936	pPt-458310	DArT_marker	3	ST4.03ch03	4710957	4711345	4711151	chr03	4654255	+	60	0.9970313695485845	32604	1	cigar_aligned_base	lifted_chr_agree
3	4654255	9.936	pPt-459107	DArT_marker	3	ST4.03ch03	4710957	4711345	4711151	chr03	4654255	+	60	0.9970313695485845	32604	1	cigar_aligned_base	lifted_chr_agree
3	4654255	9.936	pPt-534941	DArT_marker	3	ST4.03ch03	4710957	4711345	4711151	chr03	4654255	+	60	0.9970313695485845	32604	1	cigar_aligned_base	lifted_chr_agree
3	4654255	9.936	pPt-537032	DArT_marker	3	ST4.03ch03	4710957	4711345	4711151	chr03	4654255	+	60	0.9970313695485845	32604	1	cigar_aligned_base	lifted_chr_agree
3	4654255	9.936	pPt-538184	DArT_marker	3	ST4.03ch03	4710957	4711345	4711151	chr03	4654255	+	60	0.9970313695485845	32604	1	cigar_aligned_base	lifted_chr_agree
3	4654255	9.936	pPt-538252	DArT_marker	3	ST4.03ch03	4710957	4711345	4711151	chr03	4654255	+	60	0.9970313695485845	32604	1	cigar_aligned_base	lifted_chr_agree
3	4654255	9.936	pPt-540110	DArT_marker	3	ST4.03ch03	4710957	4711345	4711151	chr03	4654255	+	60	0.9970313695485845	32604	1	cigar_aligned_base	lifted_chr_agree
3	4654255	9.936	pPt-540341	DArT_marker	3	ST4.03ch03	4710957	4711345	4711151	chr03	4654255	+	60	0.9970313695485845	32604	1	cigar_aligned_base	lifted_chr_agree
3	4654255	9.936	pPt-651772	DArT_marker	3	ST4.03ch03	4710957	4711345	4711151	chr03	4654255	+	60	0.9970313695485845	32604	1	cigar_aligned_base	lifted_chr_agree
3	4654255	9.936	toPt-438894	DArT_marker	3	ST4.03ch03	4710957	4711345	4711151	chr03	4654255	+	60	0.9970313695485845	32604	1	cigar_aligned_base	lifted_chr_agree
3	4654255	9.937	toPt-438408	DArT_marker	3	ST4.03ch03	4710957	4711345	4711151	chr03	4654255	+	60	0.9970313695485845	32604	1	cigar_aligned_base	lifted_chr_agree
3	4654255	9.939	pPt-657327	DArT_marker	3	ST4.03ch03	4710957	4711345	4711151	chr03	4654255	+	60	0.9970313695485845	32604	1	cigar_aligned_base	lifted_chr_agree
3	4654255	9.947	pPt-471371	DArT_marker	3	ST4.03ch03	4710957	4711345	4711151	chr03	4654255	+	60	0.9970313695485845	32604	1	cigar_aligned_base	lifted_chr_agree
3	6722327	11.521	PM0107	repeat_region	3	ST4.03ch03	7152497	7152638	7152567	chr03	6722327	+	60	0.9857881136950905	37147	1	cigar_aligned_base	lifted_chr_agree
3	28208377	13.38	solcap_stsnp_c1_10555	SNP	3	ST4.03ch03	13393873	13393873	13393873	chr03	28208377	+	60	0.9938604049978458	9283	1	cigar_aligned_base	lifted_chr_agree
3	31640737	16.443	solcap_stsnp_c1_10746	SNP	3	ST4.03ch03	17038501	17038501	17038501	chr03	31640737	+	60	0.9996961963786608	16454	1	cigar_aligned_base	lifted_chr_agree
3	39577744	27.871	solcap_stsnp_c1_11338	SNP	3	ST4.03ch03	40332683	40332683	40332683	chr03	39577744	+	60	0.9892612679429534	65765	1	cigar_aligned_base	lifted_chr_agree
3	41027995	30.501	PM0442	repeat_region	3	ST4.03ch03	42010922	42011030	42010976	chr03	41027995	+	60	0.9887482419127989	109423	1	cigar_aligned_base	lifted_chr_agree
3	41247283	35.853	solcap_stsnp_c1_6856	SNP	3	ST4.03ch03	42234330	42234330	42234330	chr03	41247283	+	60	0.9899655710208045	33873	1	cigar_aligned_base	lifted_chr_agree
3	44060272	40.788	solcap_stsnp_c1_6307	SNP	3	ST4.03ch03	48741845	48741845	48741845	chr03	44060272	-	60	0.9830858360524739	75668	1	cigar_aligned_base	lifted_chr_agree
3	45443059	40.659	toPt-437726	DArT_marker	3	ST4.03ch03	47333284	47334231	47333757	chr03	45443059	-	60	0.8777599655130606	66181	1	cigar_aligned_base	lifted_chr_agree
3	45443059	40.739	pPt-471637	DArT_marker	3	ST4.03ch03	47333284	47334231	47333757	chr03	45443059	-	60	0.8777599655130606	66181	1	cigar_aligned_base	lifted_chr_agree
3	45536119	40.742	toPt-437061	DArT_marker	3	ST4.03ch03	47247954	47248830	47248392	chr03	45536119	-	60	0.9851131806131467	29360	1	cigar_aligned_base	lifted_chr_agree
3	45681640	40.739	pPt-473188	DArT_marker	3	ST4.03ch03	47101592	47102310	47101951	chr03	45681640	-	60	0.9827586206896551	96399	1	cigar_aligned_base	lifted_chr_agree
3	45681640	40.739	pPt-559455	DArT_marker	3	ST4.03ch03	47101592	47102310	47101951	chr03	45681640	-	60	0.9827586206896551	96399	1	cigar_aligned_base	lifted_chr_agree
3	45681640	40.739	pPt-650595	DArT_marker	3	ST4.03ch03	47101592	47102310	47101951	chr03	45681640	-	60	0.9827586206896551	96399	1	cigar_aligned_base	lifted_chr_agree
3	45681640	40.739	pPt-651391	DArT_marker	3	ST4.03ch03	47101592	47102310	47101951	chr03	45681640	-	60	0.9827586206896551	96399	1	cigar_aligned_base	lifted_chr_agree
3	45681640	40.739	pPt-651596	DArT_marker	3	ST4.03ch03	47101592	47102310	47101951	chr03	45681640	-	60	0.9827586206896551	96399	1	cigar_aligned_base	lifted_chr_agree
3	45681640	40.739	pPt-652569	DArT_marker	3	ST4.03ch03	47101592	47102310	47101951	chr03	45681640	-	60	0.9827586206896551	96399	1	cigar_aligned_base	lifted_chr_agree
3	45681640	40.739	pPt-653732	DArT_marker	3	ST4.03ch03	47101592	47102310	47101951	chr03	45681640	-	60	0.9827586206896551	96399	1	cigar_aligned_base	lifted_chr_agree
3	46014559	41.146	PM0153	repeat_region	3	ST4.03ch03	46778746	46778882	46778814	chr03	46014559	-	60	0.9990681612629155	36985	1	cigar_aligned_base	lifted_chr_agree
3	49544130	42.759	pPt-539261	DArT_marker	3	ST4.03ch03	50664480	50664910	50664695	chr03	49544130	+	60	0.9876217404963871	31649	1	cigar_aligned_base	lifted_chr_agree
3	49974935	40.166	pPt-651011	DArT_marker	3	ST4.03ch03	51105641	51106284	51105962	chr03	49974935	+	60	0.9910684750248098	21751	1	cigar_aligned_base	lifted_chr_agree
3	50132450	40.982	pPt-537894	DArT_marker	3	ST4.03ch03	51264408	51265020	51264714	chr03	50132450	+	60	0.9917820400778866	65267	1	cigar_aligned_base	lifted_chr_agree
3	50132450	41.009	pPt-537401	DArT_marker	3	ST4.03ch03	51264408	51265020	51264714	chr03	50132450	+	60	0.9917820400778866	65267	1	cigar_aligned_base	lifted_chr_agree
3	50132450	41.014	pPt-473680	DArT_marker	3	ST4.03ch03	51264408	51265020	51264714	chr03	50132450	+	60	0.9917820400778866	65267	1	cigar_aligned_base	lifted_chr_agree
3	50132450	41.015	pPt-534220	DArT_marker	3	ST4.03ch03	51264408	51265020	51264714	chr03	50132450	+	60	0.9917820400778866	65267	1	cigar_aligned_base	lifted_chr_agree
3	50132450	41.024	pPt-535689	DArT_marker	3	ST4.03ch03	51264408	51265020	51264714	chr03	50132450	+	60	0.9917820400778866	65267	1	cigar_aligned_base	lifted_chr_agree
3	50132450	41.024	pPt-655514	DArT_marker	3	ST4.03ch03	51264408	51265020	51264714	chr03	50132450	+	60	0.9917820400778866	65267	1	cigar_aligned_base	lifted_chr_agree
3	50132450	41.024	toPt-437030	DArT_marker	3	ST4.03ch03	51264408	51265020	51264714	chr03	50132450	+	60	0.9917820400778866	65267	1	cigar_aligned_base	lifted_chr_agree
3	50132450	41.925	pPt-657192	DArT_marker	3	ST4.03ch03	51264408	51265020	51264714	chr03	50132450	+	60	0.9917820400778866	65267	1	cigar_aligned_base	lifted_chr_agree
3	50132471	41.024	pPt-655189	DArT_marker	3	ST4.03ch03	51264450	51265020	51264735	chr03	50132471	+	60	0.9917820400778866	65267	1	cigar_aligned_base	lifted_chr_agree
3	50133108	41.024	pPt-537817	DArT_marker	3	ST4.03ch03	51265017	51265727	51265372	chr03	50133108	+	60	0.9917820400778866	65267	1	cigar_aligned_base	lifted_chr_agree
3	50277811	42.086	pPt-536347	DArT_marker	3	ST4.03ch03	51411154	51411461	51411307	chr03	50277811	+	60	0.9803711634546752	146381	1	cigar_aligned_base	lifted_chr_agree
3	50277811	42.987	pPt-472721	DArT_marker	3	ST4.03ch03	51411154	51411461	51411307	chr03	50277811	+	60	0.9803711634546752	146381	1	cigar_aligned_base	lifted_chr_agree
3	50277811	42.987	pPt-535581	DArT_marker	3	ST4.03ch03	51411154	51411461	51411307	chr03	50277811	+	60	0.9803711634546752	146381	1	cigar_aligned_base	lifted_chr_agree
3	50277811	42.987	pPt-536452	DArT_marker	3	ST4.03ch03	51411154	51411461	51411307	chr03	50277811	+	60	0.9803711634546752	146381	1	cigar_aligned_base	lifted_chr_agree
3	50277811	42.987	pPt-559412	DArT_marker	3	ST4.03ch03	51411154	51411461	51411307	chr03	50277811	+	60	0.9803711634546752	146381	1	cigar_aligned_base	lifted_chr_agree
3	52547092	50.086	pPt-538396	DArT_marker	3	ST4.03ch03	53961979	53962888	53962433	chr03	52547092	+	60	0.9931169444631891	15846	1	cigar_aligned_base	lifted_chr_agree
3	52547092	50.278	pPt-471162	DArT_marker	3	ST4.03ch03	53961979	53962888	53962433	chr03	52547092	+	60	0.9931169444631891	15846	1	cigar_aligned_base	lifted_chr_agree
3	52548334	49.929	solcap_stsnp_c1_4565	SNP	3	ST4.03ch03	53963674	53963674	53963674	chr03	52548334	+	60	0.9931169444631891	15846	1	cigar_aligned_base	lifted_chr_agree
3	52594978	61.505	solcap_stsnp_c1_14158	SNP	3	ST4.03ch03	53993257	53993257	53993257	chr03	52594978	+	60	0.9881123919308358	47186	1	cigar_aligned_base	lifted_chr_agree
3	52661197	60.637	MICRO.8012.C1_335	match	3	ST4.03ch03	54059927	54060047	54059987	chr03	52661197	+	60	0.9953335039364152	66361	1	cigar_aligned_base	lifted_chr_agree
3	52713842	60.839	solcap_stsnp_c1_14161	SNP	3	ST4.03ch03	54112707	54112707	54112707	chr03	52713842	+	60	0.9939705183071802	53001	1	cigar_aligned_base	lifted_chr_agree
3	52945574	60.345	MICRO.8582.C1_613	match	3	ST4.03ch03	54349475	54349595	54349535	chr03	52945574	+	60	1.0	7803	1	cigar_aligned_base	lifted_chr_agree
3	53054120	62.36	solcap_stsnp_c1_7093	SNP	3	ST4.03ch03	54469120	54469120	54469120	chr03	53054120	+	60	0.9856160777877558	73883	1	cigar_aligned_base	lifted_chr_agree
3	53120835	62.141	st_6851	repeat_region	3	ST4.03ch03	54537160	54537385	54537272	chr03	53120835	+	60	0.9976766239924134	42176	1	cigar_aligned_base	lifted_chr_agree
3	54206466	58.868	pPt-656781	DArT_marker	3	ST4.03ch03	55643482	55644091	55643786	chr03	54206466	+	60	0.9918535301369407	60014	1	cigar_aligned_base	lifted_chr_agree
3	54206470	58.794	pPt-655434	DArT_marker	3	ST4.03ch03	55643482	55644099	55643790	chr03	54206470	+	60	0.9918535301369407	60014	1	cigar_aligned_base	lifted_chr_agree
3	54206470	58.818	pPt-536239	DArT_marker	3	ST4.03ch03	55643482	55644099	55643790	chr03	54206470	+	60	0.9918535301369407	60014	1	cigar_aligned_base	lifted_chr_agree
3	54206470	58.861	pPt-552745	DArT_marker	3	ST4.03ch03	55643482	55644099	55643790	chr03	54206470	+	60	0.9918535301369407	60014	1	cigar_aligned_base	lifted_chr_agree
3	54206470	58.868	pPt-456937	DArT_marker	3	ST4.03ch03	55643482	55644099	55643790	chr03	54206470	+	60	0.9918535301369407	60014	1	cigar_aligned_base	lifted_chr_agree
3	54206470	58.868	pPt-458742	DArT_marker	3	ST4.03ch03	55643482	55644099	55643790	chr03	54206470	+	60	0.9918535301369407	60014	1	cigar_aligned_base	lifted_chr_agree
3	54206470	58.868	pPt-458822	DArT_marker	3	ST4.03ch03	55643482	55644099	55643790	chr03	54206470	+	60	0.9918535301369407	60014	1	cigar_aligned_base	lifted_chr_agree
3	54206470	58.868	pPt-459091	DArT_marker	3	ST4.03ch03	55643482	55644099	55643790	chr03	54206470	+	60	0.9918535301369407	60014	1	cigar_aligned_base	lifted_chr_agree
3	54206470	58.868	pPt-534669	DArT_marker	3	ST4.03ch03	55643482	55644099	55643790	chr03	54206470	+	60	0.9918535301369407	60014	1	cigar_aligned_base	lifted_chr_agree
3	54206470	58.868	pPt-536431	DArT_marker	3	ST4.03ch03	55643482	55644099	55643790	chr03	54206470	+	60	0.9918535301369407	60014	1	cigar_aligned_base	lifted_chr_agree
3	54206470	58.868	pPt-537344	DArT_marker	3	ST4.03ch03	55643482	55644099	55643790	chr03	54206470	+	60	0.9918535301369407	60014	1	cigar_aligned_base	lifted_chr_agree
3	54206470	58.868	pPt-537355	DArT_marker	3	ST4.03ch03	55643482	55644099	55643790	chr03	54206470	+	60	0.9918535301369407	60014	1	cigar_aligned_base	lifted_chr_agree
3	54206470	58.868	pPt-537746	DArT_marker	3	ST4.03ch03	55643482	55644099	55643790	chr03	54206470	+	60	0.9918535301369407	60014	1	cigar_aligned_base	lifted_chr_agree
3	54206470	58.868	pPt-540316	DArT_marker	3	ST4.03ch03	55643482	55644099	55643790	chr03	54206470	+	60	0.9918535301369407	60014	1	cigar_aligned_base	lifted_chr_agree
3	54206470	58.868	pPt-559022	DArT_marker	3	ST4.03ch03	55643482	55644099	55643790	chr03	54206470	+	60	0.9918535301369407	60014	1	cigar_aligned_base	lifted_chr_agree
3	54206470	58.868	pPt-654669	DArT_marker	3	ST4.03ch03	55643482	55644099	55643790	chr03	54206470	+	60	0.9918535301369407	60014	1	cigar_aligned_base	lifted_chr_agree
3	54206470	58.868	pPt-655586	DArT_marker	3	ST4.03ch03	55643482	55644099	55643790	chr03	54206470	+	60	0.9918535301369407	60014	1	cigar_aligned_base	lifted_chr_agree
3	54206470	58.868	pPt-655879	DArT_marker	3	ST4.03ch03	55643482	55644099	55643790	chr03	54206470	+	60	0.9918535301369407	60014	1	cigar_aligned_base	lifted_chr_agree
3	54206470	58.868	pPt-656568	DArT_marker	3	ST4.03ch03	55643482	55644099	55643790	chr03	54206470	+	60	0.9918535301369407	60014	1	cigar_aligned_base	lifted_chr_agree
3	54206473	58.868	pPt-534739	DArT_marker	3	ST4.03ch03	55643487	55644099	55643793	chr03	54206473	+	60	0.9918535301369407	60014	1	cigar_aligned_base	lifted_chr_agree
3	54206642	58.827	toPt-438413	DArT_marker	3	ST4.03ch03	55643826	55644099	55643962	chr03	54206642	+	60	0.9918535301369407	60014	1	cigar_aligned_base	lifted_chr_agree
3	55719577	75.374	pPt-540141	DArT_marker	3	ST4.03ch03	57239693	57240102	57239897	chr03	55719577	+	60	0.9877122492225555	72526	1	cigar_aligned_base	lifted_chr_agree
3	55741820	75.418	PM0022	repeat_region	3	ST4.03ch03	57262578	57262795	57262686	chr03	55741820	+	60	0.9877122492225555	72526	1	cigar_aligned_base	lifted_chr_agree
3	55788821	74.668	STM5115	repeat_region	3	ST4.03ch03	57309573	57309795	57309684	chr03	55788821	+	60	0.9910224153705398	17485	1	cigar_aligned_base	lifted_chr_agree
3	56160724	69.526	pPt-651952	DArT_marker	3	ST4.03ch03	57692744	57693067	57692905	chr03	56160724	+	60	0.9775775556801247	73444	1	cigar_aligned_base	lifted_chr_agree
3	56239009	69.368	pPt-473898	DArT_marker	3	ST4.03ch03	57776198	57776935	57776566	chr03	56239009	+	60	0.996612524971771	37795	1	cigar_aligned_base	lifted_chr_agree
3	56239009	69.526	pPt-538681	DArT_marker	3	ST4.03ch03	57776198	57776935	57776566	chr03	56239009	+	60	0.996612524971771	37795	1	cigar_aligned_base	lifted_chr_agree
3	56239009	69.526	pPt-653762	DArT_marker	3	ST4.03ch03	57776198	57776935	57776566	chr03	56239009	+	60	0.996612524971771	37795	1	cigar_aligned_base	lifted_chr_agree
3	56427199	69.398	solcap_stsnp_c1_86	SNP	3	ST4.03ch03	57978544	57978544	57978544	chr03	56427199	+	60	0.9988731124633762	27324	1	cigar_aligned_base	lifted_chr_agree
3	56912914	71.847	solcap_stsnp_c1_59	SNP	3	ST4.03ch03	58440752	58440752	58440752	chr03	56912914	+	60	0.9895041741924206	121099	1	cigar_aligned_base	lifted_chr_agree
3	57127483	71.2	solcap_stsnp_c1_27	SNP	3	ST4.03ch03	58654343	58654343	58654343	chr03	57127483	+	60	0.9909300884457214	17590	1	cigar_aligned_base	lifted_chr_agree
3	57226145	71.591	pPt-535097	DArT_marker	3	ST4.03ch03	58753107	58753517	58753312	chr03	57226145	+	60	0.984947814356377	42707	1	cigar_aligned_base	lifted_chr_agree
3	57226145	71.591	pPt-657322	DArT_marker	3	ST4.03ch03	58753107	58753517	58753312	chr03	57226145	+	60	0.984947814356377	42707	1	cigar_aligned_base	lifted_chr_agree
3	57226145	71.623	pPt-473975	DArT_marker	3	ST4.03ch03	58753107	58753517	58753312	chr03	57226145	+	60	0.984947814356377	42707	1	cigar_aligned_base	lifted_chr_agree
3	57226145	71.623	pPt-533737	DArT_marker	3	ST4.03ch03	58753107	58753517	58753312	chr03	57226145	+	60	0.984947814356377	42707	1	cigar_aligned_base	lifted_chr_agree
3	57226145	71.925	toPt-439424	DArT_marker	3	ST4.03ch03	58753107	58753517	58753312	chr03	57226145	+	60	0.984947814356377	42707	1	cigar_aligned_base	lifted_chr_agree
3	57226145	73.737	pPt-534133	DArT_marker	3	ST4.03ch03	58753107	58753517	58753312	chr03	57226145	+	60	0.984947814356377	42707	1	cigar_aligned_base	lifted_chr_agree
3	57226214	71.601	toPt-439697	DArT_marker	3	ST4.03ch03	58753246	58753517	58753381	chr03	57226214	+	60	0.984947814356377	42707	1	cigar_aligned_base	lifted_chr_agree
3	57226214	71.626	toPt-439572	DArT_marker	3	ST4.03ch03	58753246	58753517	58753381	chr03	57226214	+	60	0.984947814356377	42707	1	cigar_aligned_base	lifted_chr_agree
3	57226214	73.093	toPt-439764	DArT_marker	3	ST4.03ch03	58753246	58753517	58753381	chr03	57226214	+	60	0.984947814356377	42707	1	cigar_aligned_base	lifted_chr_agree
3	57325451	70.154	pPt-657473	DArT_marker	3	ST4.03ch03	58854832	58855509	58855170	chr03	57325451	+	60	0.991384202239468	125952	1	cigar_aligned_base	lifted_chr_agree
3	57325451	71.573	pPt-653616	DArT_marker	3	ST4.03ch03	58854832	58855509	58855170	chr03	57325451	+	60	0.991384202239468	125952	1	cigar_aligned_base	lifted_chr_agree
3	57325451	71.623	pPt-473465	DArT_marker	3	ST4.03ch03	58854832	58855509	58855170	chr03	57325451	+	60	0.991384202239468	125952	1	cigar_aligned_base	lifted_chr_agree
3	57325451	71.623	pPt-657007	DArT_marker	3	ST4.03ch03	58854832	58855509	58855170	chr03	57325451	+	60	0.991384202239468	125952	1	cigar_aligned_base	lifted_chr_agree
3	57325471	71.382	toPt-440042	DArT_marker	3	ST4.03ch03	58854872	58855509	58855190	chr03	57325471	+	60	0.991384202239468	125952	1	cigar_aligned_base	lifted_chr_agree
3	57325471	71.45	toPt-439604	DArT_marker	3	ST4.03ch03	58854872	58855509	58855190	chr03	57325471	+	60	0.991384202239468	125952	1	cigar_aligned_base	lifted_chr_agree
3	57325471	71.598	toPt-437008	DArT_marker	3	ST4.03ch03	58854872	58855509	58855190	chr03	57325471	+	60	0.991384202239468	125952	1	cigar_aligned_base	lifted_chr_agree
3	57326019	71.514	solcap_stsnp_c1_155	SNP	3	ST4.03ch03	58855738	58855738	58855738	chr03	57326019	+	60	0.991384202239468	125952	1	cigar_aligned_base	lifted_chr_agree
3	57408932	71.008	solcap_stsnp_c1_152	SNP	3	ST4.03ch03	58940134	58940134	58940134	chr03	57408932	+	60	0.9967043416247056	93559	1	cigar_aligned_base	lifted_chr_agree
3	57560149	71.278	solcap_stsnp_c1_137	SNP	3	ST4.03ch03	59094965	59094965	59094965	chr03	57560149	+	60	0.994771732694002	69234	1	cigar_aligned_base	lifted_chr_agree
3	57691004	72.208	pPt-471961	DArT_marker	3	ST4.03ch03	59228352	59228775	59228563	chr03	57691004	+	60	0.9931975658251492	165954	1	cigar_aligned_base	lifted_chr_agree
3	57691004	72.208	pPt-540117	DArT_marker	3	ST4.03ch03	59228352	59228775	59228563	chr03	57691004	+	60	0.9931975658251492	165954	1	cigar_aligned_base	lifted_chr_agree
3	57691004	72.208	pPt-651828	DArT_marker	3	ST4.03ch03	59228352	59228775	59228563	chr03	57691004	+	60	0.9931975658251492	165954	1	cigar_aligned_base	lifted_chr_agree
3	57691004	72.212	pPt-539409	DArT_marker	3	ST4.03ch03	59228352	59228775	59228563	chr03	57691004	+	60	0.9931975658251492	165954	1	cigar_aligned_base	lifted_chr_agree
3	57780537	71.095	toPt-439349	DArT_marker	3	ST4.03ch03	59319133	59319731	59319432	chr03	57780537	+	60	0.9749476959390591	36623	1	cigar_aligned_base	lifted_chr_agree
3	57780537	72.203	pPt-456510	DArT_marker	3	ST4.03ch03	59319133	59319731	59319432	chr03	57780537	+	60	0.9749476959390591	36623	1	cigar_aligned_base	lifted_chr_agree
3	57780537	72.208	pPt-458007	DArT_marker	3	ST4.03ch03	59319133	59319731	59319432	chr03	57780537	+	60	0.9749476959390591	36623	1	cigar_aligned_base	lifted_chr_agree
3	57780537	72.208	pPt-458254	DArT_marker	3	ST4.03ch03	59319133	59319731	59319432	chr03	57780537	+	60	0.9749476959390591	36623	1	cigar_aligned_base	lifted_chr_agree
3	57780537	72.208	pPt-472007	DArT_marker	3	ST4.03ch03	59319133	59319731	59319432	chr03	57780537	+	60	0.9749476959390591	36623	1	cigar_aligned_base	lifted_chr_agree
3	57780537	72.208	pPt-651446	DArT_marker	3	ST4.03ch03	59319133	59319731	59319432	chr03	57780537	+	60	0.9749476959390591	36623	1	cigar_aligned_base	lifted_chr_agree
3	57780537	72.208	pPt-652423	DArT_marker	3	ST4.03ch03	59319133	59319731	59319432	chr03	57780537	+	60	0.9749476959390591	36623	1	cigar_aligned_base	lifted_chr_agree
3	57780537	72.208	pPt-654175	DArT_marker	3	ST4.03ch03	59319133	59319731	59319432	chr03	57780537	+	60	0.9749476959390591	36623	1	cigar_aligned_base	lifted_chr_agree
3	57780537	72.208	pPt-655476	DArT_marker	3	ST4.03ch03	59319133	59319731	59319432	chr03	57780537	+	60	0.9749476959390591	36623	1	cigar_aligned_base	lifted_chr_agree
3	57780537	72.208	pPt-656324	DArT_marker	3	ST4.03ch03	59319133	59319731	59319432	chr03	57780537	+	60	0.9749476959390591	36623	1	cigar_aligned_base	lifted_chr_agree
3	57780537	72.21	pPt-471811	DArT_marker	3	ST4.03ch03	59319133	59319731	59319432	chr03	57780537	+	60	0.9749476959390591	36623	1	cigar_aligned_base	lifted_chr_agree
3	57780537	72.214	toPt-437382	DArT_marker	3	ST4.03ch03	59319133	59319731	59319432	chr03	57780537	+	60	0.9749476959390591	36623	1	cigar_aligned_base	lifted_chr_agree
3	57780537	72.217	toPt-440447	DArT_marker	3	ST4.03ch03	59319133	59319731	59319432	chr03	57780537	+	60	0.9749476959390591	36623	1	cigar_aligned_base	lifted_chr_agree
3	58908938	77.376	pPt-472006	DArT_marker	3	ST4.03ch03	60494220	60495243	60494731	chr03	58908938	+	60	0.9970258200928225	114847	1	cigar_aligned_base	lifted_chr_agree
3	59115146	89.435	pPt-458799	DArT_marker	3	ST4.03ch03	60702180	60702399	60702289	chr03	59115146	+	60	0.982549585316335	121741	1	cigar_aligned_base	lifted_chr_agree
3	59115426	67.721	pPt-654031	DArT_marker	3	ST4.03ch03	60702404	60702734	60702569	chr03	59115426	+	60	0.982549585316335	121741	1	cigar_aligned_base	lifted_chr_agree
3	59115426	67.722	pPt-458962	DArT_marker	3	ST4.03ch03	60702404	60702734	60702569	chr03	59115426	+	60	0.982549585316335	121741	1	cigar_aligned_base	lifted_chr_agree
3	59115426	67.722	pPt-652385	DArT_marker	3	ST4.03ch03	60702404	60702734	60702569	chr03	59115426	+	60	0.982549585316335	121741	1	cigar_aligned_base	lifted_chr_agree
3	59115426	67.722	pPt-653916	DArT_marker	3	ST4.03ch03	60702404	60702734	60702569	chr03	59115426	+	60	0.982549585316335	121741	1	cigar_aligned_base	lifted_chr_agree
3	59115426	67.722	pPt-654716	DArT_marker	3	ST4.03ch03	60702404	60702734	60702569	chr03	59115426	+	60	0.982549585316335	121741	1	cigar_aligned_base	lifted_chr_agree
4	3604957	13.213	pPt-558903	DArT_marker	4	ST4.03ch04	2486447	2487220	2486833	chr04	3604957	+	60	0.9997815878562848	9156	1	cigar_aligned_base	lifted_chr_agree
4	3604958	13.213	pPt-652719	DArT_marker	4	ST4.03ch04	2486448	2487220	2486834	chr04	3604958	+	60	0.9997815878562848	9156	1	cigar_aligned_base	lifted_chr_agree
4	5758565	14.319	toPt-440837	DArT_marker	4	ST4.03ch04	4598949	4599406	4599177	chr04	5758565	+	60	0.9898692069252287	39794	1	cigar_aligned_base	lifted_chr_agree
4	5758565	14.584	pPt-471876	DArT_marker	4	ST4.03ch04	4598949	4599406	4599177	chr04	5758565	+	60	0.9898692069252287	39794	1	cigar_aligned_base	lifted_chr_agree
4	5758565	14.584	pPt-535804	DArT_marker	4	ST4.03ch04	4598949	4599406	4599177	chr04	5758565	+	60	0.9898692069252287	39794	1	cigar_aligned_base	lifted_chr_agree
4	5758565	14.584	pPt-536148	DArT_marker	4	ST4.03ch04	4598949	4599406	4599177	chr04	5758565	+	60	0.9898692069252287	39794	1	cigar_aligned_base	lifted_chr_agree
4	5758565	14.584	pPt-552148	DArT_marker	4	ST4.03ch04	4598949	4599406	4599177	chr04	5758565	+	60	0.9898692069252287	39794	1	cigar_aligned_base	lifted_chr_agree
4	5758565	14.584	pPt-552669	DArT_marker	4	ST4.03ch04	4598949	4599406	4599177	chr04	5758565	+	60	0.9898692069252287	39794	1	cigar_aligned_base	lifted_chr_agree
4	5985321	11.354	pPt-654865	DArT_marker	4	ST4.03ch04	4827250	4827953	4827601	chr04	5985321	+	60	0.9994573511955231	29483	1	cigar_aligned_base	lifted_chr_agree
4	6088928	15.765	toPt-437441	DArT_marker	4	ST4.03ch04	4931213	4931794	4931503	chr04	6088928	+	60	0.987239077157103	82570	1	cigar_aligned_base	lifted_chr_agree
4	6088928	15.781	pPt-456699	DArT_marker	4	ST4.03ch04	4931213	4931794	4931503	chr04	6088928	+	60	0.987239077157103	82570	1	cigar_aligned_base	lifted_chr_agree
4	6088928	15.781	pPt-538780	DArT_marker	4	ST4.03ch04	4931213	4931794	4931503	chr04	6088928	+	60	0.987239077157103	82570	1	cigar_aligned_base	lifted_chr_agree
4	6088928	15.781	toPt-437673	DArT_marker	4	ST4.03ch04	4931213	4931794	4931503	chr04	6088928	+	60	0.987239077157103	82570	1	cigar_aligned_base	lifted_chr_agree
4	6088928	15.789	pPt-473111	DArT_marker	4	ST4.03ch04	4931213	4931794	4931503	chr04	6088928	+	60	0.987239077157103	82570	1	cigar_aligned_base	lifted_chr_agree
4	6088928	15.811	toPt-437452	DArT_marker	4	ST4.03ch04	4931213	4931794	4931503	chr04	6088928	+	60	0.987239077157103	82570	1	cigar_aligned_base	lifted_chr_agree
4	6433647	25.755	CTG237LGIV	match	4	ST4.03ch04	5271804	5271924	5271864	chr04	6433647	+	60	0.9606744932331427	49911	1	cigar_aligned_base	lifted_chr_agree
4	7094613	19.481	solcap_stsnp_c1_3745	SNP	4	ST4.03ch04	6166320	6166320	6166320	chr04	7094613	+	60	0.9943929243581118	112883	1	cigar_aligned_base	lifted_chr_agree
4	7127130	19.381	solcap_stsnp_c1_3731	SNP	4	ST4.03ch04	6198955	6198955	6198955	chr04	7127130	+	60	0.9943929243581118	112883	1	cigar_aligned_base	lifted_chr_agree
4	7824438	28.251	solcap_stsnp_c1_3704	SNP	4	ST4.03ch04	7036157	7036157	7036157	chr04	7824438	+	60	0.9928053869984894	117477	1	cigar_aligned_base	lifted_chr_agree
4	8195239	20.794	solcap_stsnp_c1_14449	SNP	4	ST4.03ch04	7473690	7473690	7473690	chr04	8195239	+	60	0.9864621665905611	37221	1	cigar_aligned_base	lifted_chr_agree
4	8703882	22.411	solcap_stsnp_c1_11722	SNP	4	ST4.03ch04	7966312	7966312	7966312	chr04	8703882	+	60	0.9991928974979822	16097	1	cigar_aligned_base	lifted_chr_agree
4	8910901	21.903	MICRO.4670.C1_254	match	4	ST4.03ch04	8176001	8176121	8176061	chr04	8910901	+	60	0.9852856869864323	38859	1	cigar_aligned_base	lifted_chr_agree
4	10586974	26.401	solcap_stsnp_c1_8343	SNP	4	ST4.03ch04	9315476	9315476	9315476	chr04	10586974	+	60	0.9813393766405141	71408	1	cigar_aligned_base	lifted_chr_agree
4	10723513	33.524	pPt-652727	DArT_marker	4	ST4.03ch04	9452504	9453067	9452785	chr04	10723513	+	60	0.9992038216560509	6276	1	cigar_aligned_base	lifted_chr_agree
4	11091062	26.59	pPt-472050	DArT_marker	4	ST4.03ch04	9811650	9812728	9812189	chr04	11091062	+	60	0.9864096519206768	14415	1	cigar_aligned_base	lifted_chr_agree
4	11114394	27.895	STM5140	repeat_region	4	ST4.03ch04	9835626	9835806	9835716	chr04	11114394	+	60	0.9997435239805078	13043	1	cigar_aligned_base	lifted_chr_agree
4	12318153	30.848	MICRO.592.C12_920	match	4	ST4.03ch04	11023275	11023391	11023333	chr04	12318153	+	60	0.9872777250723686	41093	1	cigar_aligned_base	lifted_chr_agree
4	12347963	30.875	solcap_stsnp_c1_11133	SNP	4	ST4.03ch04	11053641	11053641	11053641	chr04	12347963	+	60	0.9872777250723686	41093	1	cigar_aligned_base	lifted_chr_agree
4	12644502	38.503	solcap_stsnp_c1_11135	SNP	4	ST4.03ch04	11350257	11350257	11350257	chr04	12644502	+	60	0.9622965209064794	25064	1	cigar_aligned_base	lifted_chr_agree
4	15552387	35.851	PM0529	repeat_region	4	ST4.03ch04	23272208	23272350	23272279	chr04	15552387	-	60	0.9959700374531835	66692	1	cigar_aligned_base	lifted_chr_agree
4	15719975	29.548	PM1316	repeat_region	4	ST4.03ch04	23104954	23105134	23105044	chr04	15719975	-	60	0.9938803180768808	82403	1	cigar_aligned_base	lifted_chr_agree
4	19302965	36.725	solcap_stsnp_c1_12827	SNP	4	ST4.03ch04	18481454	18481454	18481454	chr04	19302965	-	60	0.9998377183195732	49295	1	cigar_aligned_base	lifted_chr_agree
4	23917036	40.2	solcap_stsnp_c1_14569	SNP	4	ST4.03ch04	34965195	34965195	34965195	chr04	23917036	+	60	0.9999535445507758	21526	1	cigar_aligned_base	lifted_chr_agree
4	47263783	40.781	pPt-457515	DArT_marker	4	ST4.03ch04	48923119	48924185	48923652	chr04	47263783	+	60	0.9958864603438382	133827	1	cigar_aligned_base	lifted_chr_agree
4	47269331	40.831	solcap_stsnp_c1_5418	SNP	4	ST4.03ch04	48929200	48929200	48929200	chr04	47269331	+	60	0.9958864603438382	133827	1	cigar_aligned_base	lifted_chr_agree
4	48473968	42.561	pPt-559222	DArT_marker	4	ST4.03ch04	50150577	50151288	50150932	chr04	48473968	+	60	0.9708679614239367	44348	1	cigar_aligned_base	lifted_chr_agree
4	49914181	43.765	toPt-437326	DArT_marker	4	ST4.03ch04	51636809	51637630	51637219	chr04	49914181	+	60	0.9954485478347245	67997	1	cigar_aligned_base	lifted_chr_agree
4	49914261	43.76	pPt-457943	DArT_marker	4	ST4.03ch04	51636809	51637790	51637299	chr04	49914261	+	60	0.9954485478347245	67997	1	cigar_aligned_base	lifted_chr_agree
4	50227241	43.118	solcap_stsnp_c1_15760	SNP	4	ST4.03ch04	52037629	52037629	52037629	chr04	50227241	+	60	0.9994475392477327	21713	1	cigar_aligned_base	lifted_chr_agree
4	50674993	45.15	solcap_stsnp_c1_16295	SNP	4	ST4.03ch04	52463994	52463994	52463994	chr04	50674993	+	60	0.9842030464251876	55732	1	cigar_aligned_base	lifted_chr_agree
4	52541427	49.216	solcap_stsnp_c1_15986	SNP	4	ST4.03ch04	54393863	54393863	54393863	chr04	52541427	+	60	0.9995791245791246	24568	1	cigar_aligned_base	lifted_chr_agree
4	52773387	49.975	solcap_stsnp_c1_15877	SNP	4	ST4.03ch04	54673969	54673969	54673969	chr04	52773387	+	60	0.9988946786672983	25325	1	cigar_aligned_base	lifted_chr_agree
4	53560088	55.323	pPt-473312	DArT_marker	4	ST4.03ch04	55658145	55659356	55658750	chr04	53560088	+	60	0.9990879241152864	5480	1	cigar_aligned_base	lifted_chr_agree
4	55346958	50.792	pPt-473463	DArT_marker	4	ST4.03ch04	57596834	57597906	57597370	chr04	55346958	+	60	0.9904203603088362	41628	1	cigar_aligned_base	lifted_chr_agree
4	55620892	39.546	pPt-657518	DArT_marker	4	ST4.03ch04	57870856	57871450	57871153	chr04	55620892	+	60	0.9958703939008895	9411	1	cigar_aligned_base	lifted_chr_agree
4	55755503	52.693	MICRO.8127.C1_1918	match	4	ST4.03ch04	58008563	58008683	58008623	chr04	55755503	+	60	0.9971179601939443	60438	1	cigar_aligned_base	lifted_chr_agree
4	55814875	53.409	solcap_stsnp_c1_10454	SNP	4	ST4.03ch04	58068136	58068136	58068136	chr04	55814875	+	60	0.9943812587792832	43985	1	cigar_aligned_base	lifted_chr_agree
4	55864113	53.406	solcap_stsnp_c1_10441	SNP	4	ST4.03ch04	58117285	58117285	58117285	chr04	55864113	+	60	0.9943695479777954	37976	1	cigar_aligned_base	lifted_chr_agree
4	56199106	55.627	solcap_stsnp_c1_10453	SNP	4	ST4.03ch04	58453468	58453468	58453468	chr04	56199106	+	60	0.9966498312225578	39394	1	cigar_aligned_base	lifted_chr_agree
4	58823229	58.849	solcap_stsnp_c1_11352	SNP	4	ST4.03ch04	61194011	61194011	61194011	chr04	58823229	+	60	0.9984485330681253	50238	1	cigar_aligned_base	lifted_chr_agree
4	59195814	58.662	pPt-559556	DArT_marker	4	ST4.03ch04	61550562	61551156	61550859	chr04	59195814	+	60	0.9991146054681966	28229	1	cigar_aligned_base	lifted_chr_agree
4	59210384	58.819	pPt-471760	DArT_marker	4	ST4.03ch04	61564250	61565163	61564706	chr04	59210384	+	60	0.9751393605433459	46432	1	cigar_aligned_base	lifted_chr_agree
4	59210482	58.819	pPt-559203	DArT_marker	4	ST4.03ch04	61564544	61565064	61564804	chr04	59210482	+	60	0.9751393605433459	46432	1	cigar_aligned_base	lifted_chr_agree
4	60379241	64.567	solcap_stsnp_c1_9742	SNP	4	ST4.03ch04	62775677	62775677	62775677	chr04	60379241	+	60	0.9930729550478998	47731	1	cigar_aligned_base	lifted_chr_agree
4	60379368	64.968	MICRO.327.C2_896	match	4	ST4.03ch04	62775745	62775864	62775804	chr04	60379368	+	60	0.9930729550478998	47731	1	cigar_aligned_base	lifted_chr_agree
4	61042106	62.407	solcap_stsnp_c1_11669	SNP	4	ST4.03ch04	63462226	63462226	63462226	chr04	61042106	+	60	0.979194280060485	106076	1	cigar_aligned_base	lifted_chr_agree
4	61195999	62.959	solcap_stsnp_c1_11679	SNP	4	ST4.03ch04	63668872	63668872	63668872	chr04	61195999	+	60	0.9999369741278795	32562	1	cigar_aligned_base	lifted_chr_agree
4	63428072	75.44	solcap_stsnp_c1_8332	SNP	4	ST4.03ch04	66149485	66149485	66149485	chr04	63428072	+	60	0.9865755465772659	70131	1	cigar_aligned_base	lifted_chr_agree
4	64032193	75.766	solcap_stsnp_c1_13165	SNP	4	ST4.03ch04	66778241	66778241	66778241	chr04	64032193	+	60	0.9746365949136137	119891	1	cigar_aligned_base	lifted_chr_agree
4	64477959	78.714	solcap_stsnp_c1_9618	SNP	4	ST4.03ch04	67293626	67293626	67293626	chr04	64477959	+	60	0.9977294137539554	42117	1	cigar_aligned_base	lifted_chr_agree
4	64598435	79.5	solcap_stsnp_c1_15844	SNP	4	ST4.03ch04	67420038	67420038	67420038	chr04	64598435	+	60	0.9808521795023597	58502	1	cigar_aligned_base	lifted_chr_agree
4	64846870	79.5	solcap_stsnp_c1_16389	SNP	4	ST4.03ch04	67754403	67754403	67754403	chr04	64846870	+	60	0.9814615797958087	55822	1	cigar_aligned_base	lifted_chr_agree
4	65177035	83.886	solcap_stsnp_c1_10413	SNP	4	ST4.03ch04	68094967	68094967	68094967	chr04	65177035	+	60	0.9978898996530057	21914	1	cigar_aligned_base	lifted_chr_agree
4	65204794	84.544	pPt-471982	DArT_marker	4	ST4.03ch04	68123507	68124391	68123949	chr04	65204794	+	60	0.9997885499814981	37828	1	cigar_aligned_base	lifted_chr_agree
4	65204794	84.544	pPt-656860	DArT_marker	4	ST4.03ch04	68123507	68124391	68123949	chr04	65204794	+	60	0.9997885499814981	37828	1	cigar_aligned_base	lifted_chr_agree
4	65513708	84.498	solcap_stsnp_c1_3168	SNP	4	ST4.03ch04	68440055	68440055	68440055	chr04	65513708	+	60	0.9754483541430193	88316	1	cigar_aligned_base	lifted_chr_agree
4	65797678	82.372	solcap_stsnp_c1_13085	SNP	4	ST4.03ch04	68734083	68734083	68734083	chr04	65797678	+	60	0.9744467359983617	68164	1	cigar_aligned_base	lifted_chr_agree
4	66123270	83.162	solcap_stsnp_c1_4180	SNP	4	ST4.03ch04	69079236	69079236	69079236	chr04	66123270	+	60	0.7470105085155212	50860	1	cigar_aligned_base	lifted_chr_agree
4	66783619	88.566	solcap_stsnp_c1_4111	SNP	4	ST4.03ch04	69829790	69829790	69829790	chr04	66783619	+	60	0.9998599086604466	35691	1	cigar_aligned_base	lifted_chr_agree
4	66814329	87.999	solcap_stsnp_c1_4179	SNP	4	ST4.03ch04	69865339	69865339	69865339	chr04	66814329	+	60	0.9996286456994316	39097	1	cigar_aligned_base	lifted_chr_agree
4	66981576	88.867	solcap_stsnp_c1_10207	SNP	4	ST4.03ch04	70032110	70032110	70032110	chr04	66981576	+	60	0.9844935934056965	50698	1	cigar_aligned_base	lifted_chr_agree
4	67014289	89.282	pPt-471909	DArT_marker	4	ST4.03ch04	70066824	70067683	70067253	chr04	67014289	+	60	0.9844935934056965	50698	1	cigar_aligned_base	lifted_chr_agree
4	67037168	88.718	solcap_stsnp_c1_10218	SNP	4	ST4.03ch04	70090208	70090208	70090208	chr04	67037168	+	60	0.9882053430440527	62622	1	cigar_aligned_base	lifted_chr_agree
4	67140935	89.649	pPt-458391	DArT_marker	4	ST4.03ch04	70194881	70195210	70195045	chr04	67140935	+	60	0.999495708036879	91193	1	cigar_aligned_base	lifted_chr_agree
4	67140935	89.856	pPt-458171	DArT_marker	4	ST4.03ch04	70194881	70195210	70195045	chr04	67140935	+	60	0.999495708036879	91193	1	cigar_aligned_base	lifted_chr_agree
4	67383618	69.8	solcap_stsnp_c1_6748	SNP	4	ST4.03ch04	70441799	70441799	70441799	chr04	67383618	+	60	1.0	5865	1	cigar_aligned_base	lifted_chr_agree
4	67495185	91.066	pPt-457973	DArT_marker	4	ST4.03ch04	70555748	70556498	70556123	chr04	67495185	+	60	0.9920477137176938	195835	1	cigar_aligned_base	lifted_chr_agree
4	67495185	91.373	pPt-538094	DArT_marker	4	ST4.03ch04	70555748	70556498	70556123	chr04	67495185	+	60	0.9920477137176938	195835	1	cigar_aligned_base	lifted_chr_agree
4	67495185	91.396	pPt-537599	DArT_marker	4	ST4.03ch04	70555748	70556498	70556123	chr04	67495185	+	60	0.9920477137176938	195835	1	cigar_aligned_base	lifted_chr_agree
4	67495185	91.396	pPt-537600	DArT_marker	4	ST4.03ch04	70555748	70556498	70556123	chr04	67495185	+	60	0.9920477137176938	195835	1	cigar_aligned_base	lifted_chr_agree
4	67495185	91.396	pPt-655705	DArT_marker	4	ST4.03ch04	70555748	70556498	70556123	chr04	67495185	+	60	0.9920477137176938	195835	1	cigar_aligned_base	lifted_chr_agree
4	67495185	91.428	pPt-458062	DArT_marker	4	ST4.03ch04	70555748	70556498	70556123	chr04	67495185	+	60	0.9920477137176938	195835	1	cigar_aligned_base	lifted_chr_agree
4	67495185	91.428	pPt-539574	DArT_marker	4	ST4.03ch04	70555748	70556498	70556123	chr04	67495185	+	60	0.9920477137176938	195835	1	cigar_aligned_base	lifted_chr_agree
4	67495185	91.428	pPt-540321	DArT_marker	4	ST4.03ch04	70555748	70556498	70556123	chr04	67495185	+	60	0.9920477137176938	195835	1	cigar_aligned_base	lifted_chr_agree
4	67495185	91.43	pPt-457379	DArT_marker	4	ST4.03ch04	70555748	70556498	70556123	chr04	67495185	+	60	0.9920477137176938	195835	1	cigar_aligned_base	lifted_chr_agree
4	67495185	91.43	pPt-471670	DArT_marker	4	ST4.03ch04	70555748	70556498	70556123	chr04	67495185	+	60	0.9920477137176938	195835	1	cigar_aligned_base	lifted_chr_agree
4	67495185	91.432	pPt-456750	DArT_marker	4	ST4.03ch04	70555748	70556498	70556123	chr04	67495185	+	60	0.9920477137176938	195835	1	cigar_aligned_base	lifted_chr_agree
4	67527578	91.264	solcap_stsnp_c1_13350	SNP	4	ST4.03ch04	70589264	70589264	70589264	chr04	67527578	+	60	0.9920477137176938	195835	1	cigar_aligned_base	lifted_chr_agree
4	67538822	90.601	solcap_stsnp_c1_10710	SNP	4	ST4.03ch04	70600509	70600509	70600509	chr04	67538822	+	60	0.9920477137176938	195835	1	cigar_aligned_base	lifted_chr_agree
4	67580640	90.981	solcap_stsnp_c1_10694	SNP	4	ST4.03ch04	70642454	70642454	70642454	chr04	67580640	+	60	0.9920477137176938	195835	1	cigar_aligned_base	lifted_chr_agree
4	67727483	92.321	pPt-651198	DArT_marker	4	ST4.03ch04	70793814	70794532	70794173	chr04	67727483	+	60	0.996944711840288	47650	1	cigar_aligned_base	lifted_chr_agree
4	67727483	92.379	pPt-457992	DArT_marker	4	ST4.03ch04	70793814	70794532	70794173	chr04	67727483	+	60	0.996944711840288	47650	1	cigar_aligned_base	lifted_chr_agree
4	67782718	92.286	solcap_stsnp_c1_10675	SNP	4	ST4.03ch04	70849404	70849404	70849404	chr04	67782718	+	60	0.998289136013687	23049	1	cigar_aligned_base	lifted_chr_agree
4	68140674	95.148	PM0436	repeat_region	4	ST4.03ch04	71213512	71213686	71213599	chr04	68140674	+	60	0.995738623233285	109782	1	cigar_aligned_base	lifted_chr_agree
4	68210423	95.613	solcap_stsnp_c1_3567	SNP	4	ST4.03ch04	71284964	71284964	71284964	chr04	68210423	+	60	0.995738623233285	109782	1	cigar_aligned_base	lifted_chr_agree
4	68365308	93.842	pPt-652167	DArT_marker	4	ST4.03ch04	71441735	71441993	71441864	chr04	68365308	+	60	0.9860298023581212	182886	1	cigar_aligned_base	lifted_chr_agree
4	68509887	96.133	solcap_stsnp_c1_3526	SNP	4	ST4.03ch04	71589190	71589190	71589190	chr04	68509887	+	60	0.9860298023581212	182886	1	cigar_aligned_base	lifted_chr_agree
4	68685699	98.99	pPt-538856	DArT_marker	4	ST4.03ch04	71768394	71769085	71768739	chr04	68685699	+	60	0.9923986784399949	171527	1	cigar_aligned_base	lifted_chr_agree
4	68685699	98.99	pPt-652745	DArT_marker	4	ST4.03ch04	71768394	71769085	71768739	chr04	68685699	+	60	0.9923986784399949	171527	1	cigar_aligned_base	lifted_chr_agree
4	68685699	99.402	toPt-438080	DArT_marker	4	ST4.03ch04	71768394	71769085	71768739	chr04	68685699	+	60	0.9923986784399949	171527	1	cigar_aligned_base	lifted_chr_agree
4	68848251	98.338	pPt-458464	DArT_marker	4	ST4.03ch04	71933612	71934304	71933958	chr04	68848251	+	60	0.9918853944149517	142704	1	cigar_aligned_base	lifted_chr_agree
4	68848251	98.338	pPt-649958	DArT_marker	4	ST4.03ch04	71933613	71934304	71933958	chr04	68848251	+	60	0.9918853944149517	142704	1	cigar_aligned_base	lifted_chr_agree
4	68943378	99.734	solcap_stsnp_c1_3460	SNP	4	ST4.03ch04	72029728	72029728	72029728	chr04	68943378	+	60	0.9918853944149517	142704	1	cigar_aligned_base	lifted_chr_agree
5	475917	1.616	PM0427	repeat_region	5	ST4.03ch05	377753	377968	377860	chr05	475917	+	60	0.9893640281617601	209415	1	cigar_aligned_base	lifted_chr_agree
5	639346	2.77	pPt-655590	DArT_marker	5	ST4.03ch05	547578	548050	547814	chr05	639346	+	60	0.993880971249659	77321	1	cigar_aligned_base	lifted_chr_agree
5	1135681	0.0	solcap_stsnp_c1_15684	SNP	5	ST4.03ch05	1041105	1041105	1041105	chr05	1135681	+	60	0.725300542824392	78422	1	cigar_aligned_base	lifted_chr_agree
5	1270609	2.394	pPt-473439	DArT_marker	5	ST4.03ch05	1180424	1180846	1180635	chr05	1270609	+	60	0.9829875704193866	137355	1	cigar_aligned_base	lifted_chr_agree
5	1270609	2.48	pPt-654447	DArT_marker	5	ST4.03ch05	1180424	1180846	1180635	chr05	1270609	+	60	0.9829875704193866	137355	1	cigar_aligned_base	lifted_chr_agree
5	1270609	2.533	pPt-654184	DArT_marker	5	ST4.03ch05	1180424	1180846	1180635	chr05	1270609	+	60	0.9829875704193866	137355	1	cigar_aligned_base	lifted_chr_agree
5	1270609	2.533	pPt-654475	DArT_marker	5	ST4.03ch05	1180424	1180846	1180635	chr05	1270609	+	60	0.9829875704193866	137355	1	cigar_aligned_base	lifted_chr_agree
5	1270609	2.533	pPt-654593	DArT_marker	5	ST4.03ch05	1180424	1180846	1180635	chr05	1270609	+	60	0.9829875704193866	137355	1	cigar_aligned_base	lifted_chr_agree
5	1270609	2.533	pPt-657073	DArT_marker	5	ST4.03ch05	1180424	1180846	1180635	chr05	1270609	+	60	0.9829875704193866	137355	1	cigar_aligned_base	lifted_chr_agree
5	2282813	7.183	pPt-472364	DArT_marker	5	ST4.03ch05	2225784	2226762	2226273	chr05	2282813	+	60	0.997430461874478	46682	1	cigar_aligned_base	lifted_chr_agree
5	2282818	7.381	pPt-457354	DArT_marker	5	ST4.03ch05	2225784	2226772	2226278	chr05	2282818	+	60	0.997430461874478	46682	1	cigar_aligned_base	lifted_chr_agree
5	2630849	8.294	PM0064	repeat_region	5	ST4.03ch05	2594842	2594971	2594906	chr05	2630849	+	60	0.9624474323283777	33497	1	cigar_aligned_base	lifted_chr_agree
5	4038758	13.686	pPt-456666	DArT_marker	5	ST4.03ch05	4038581	4039289	4038935	chr05	4038758	+	60	0.992710667979305	100716	1	cigar_aligned_base	lifted_chr_agree
5	4038758	13.686	pPt-457642	DArT_marker	5	ST4.03ch05	4038581	4039289	4038935	chr05	4038758	+	60	0.992710667979305	100716	1	cigar_aligned_base	lifted_chr_agree
5	4235715	15.191	PM0371	repeat_region	5	ST4.03ch05	4238737	4238891	4238814	chr05	4235715	+	60	0.9947198092318174	41745	1	cigar_aligned_base	lifted_chr_agree
5	4389823	14.666	solcap_stsnp_c1_7354	SNP	5	ST4.03ch05	4437785	4437785	4437785	chr05	4389823	+	60	0.9979415670650731	60236	1	cigar_aligned_base	lifted_chr_agree
5	4396977	15.341	Ctg498_265	match	5	ST4.03ch05	4444887	4444988	4444937	chr05	4396977	+	60	0.9979415670650731	60236	1	cigar_aligned_base	lifted_chr_agree
5	4728482	17.547	STI0032	repeat_region	5	ST4.03ch05	4787606	4787726	4787666	chr05	4728482	+	60	0.9928779245969208	66025	1	cigar_aligned_base	lifted_chr_agree
5	4881689	18.195	Ctg355_111	match	5	ST4.03ch05	4989766	4989886	4989826	chr05	4881689	+	60	0.976414382700528	62115	1	cigar_aligned_base	lifted_chr_agree
5	7316844	25.697	solcap_stsnp_c1_15785	SNP	5	ST4.03ch05	7052194	7052194	7052194	chr05	7316844	+	60	0.9960159362549801	35301	1	cigar_aligned_base	lifted_chr_agree
5	7431667	25.559	pPt-459286	DArT_marker	5	ST4.03ch05	7169451	7170436	7169943	chr05	7431667	+	60	0.9871288390467695	71159	1	cigar_aligned_base	lifted_chr_agree
5	7431667	25.559	pPt-474001	DArT_marker	5	ST4.03ch05	7169451	7170436	7169943	chr05	7431667	+	60	0.9871288390467695	71159	1	cigar_aligned_base	lifted_chr_agree
5	7431822	25.855	toPt-440648	DArT_marker	5	ST4.03ch05	7169760	7170436	7170098	chr05	7431822	+	60	0.9871288390467695	71159	1	cigar_aligned_base	lifted_chr_agree
5	7432544	25.559	pPt-536549	DArT_marker	5	ST4.03ch05	7170433	7171208	7170820	chr05	7432544	+	60	0.9871288390467695	71159	1	cigar_aligned_base	lifted_chr_agree
5	7432544	25.559	pPt-650675	DArT_marker	5	ST4.03ch05	7170433	7171208	7170820	chr05	7432544	+	60	0.9871288390467695	71159	1	cigar_aligned_base	lifted_chr_agree
5	7432544	25.559	pPt-654105	DArT_marker	5	ST4.03ch05	7170433	7171208	7170820	chr05	7432544	+	60	0.9871288390467695	71159	1	cigar_aligned_base	lifted_chr_agree
5	7432643	25.559	pPt-656044	DArT_marker	5	ST4.03ch05	7170630	7171208	7170919	chr05	7432643	+	60	0.9871288390467695	71159	1	cigar_aligned_base	lifted_chr_agree
5	8024295	30.434	solcap_stsnp_c1_11256	SNP	5	ST4.03ch05	7769482	7769482	7769482	chr05	8024295	+	60	0.9872181683230352	109663	1	cigar_aligned_base	lifted_chr_agree
5	8024571	24.559	pPt-473272	DArT_marker	5	ST4.03ch05	7769625	7769892	7769758	chr05	8024571	+	60	0.9872181683230352	109663	1	cigar_aligned_base	lifted_chr_agree
5	8385142	29.911	solcap_stsnp_c1_11075	SNP	5	ST4.03ch05	8166560	8166560	8166560	chr05	8385142	+	60	0.987568530223138	29569	1	cigar_aligned_base	lifted_chr_agree
5	8386983	30.081	solcap_stsnp_c1_11072	SNP	5	ST4.03ch05	8169193	8169193	8169193	chr05	8386983	+	60	0.987568530223138	29569	1	cigar_aligned_base	lifted_chr_agree
5	8602330	30.653	solcap_stsnp_c1_11084	SNP	5	ST4.03ch05	8384233	8384233	8384233	chr05	8602330	+	60	0.998207171314741	55290	1	cigar_aligned_base	lifted_chr_agree
5	9449720	21.774	pPt-651169	DArT_marker	5	ST4.03ch05	9284230	9284496	9284363	chr05	9449720	+	60	0.9732261493489237	60149	1	cigar_aligned_base	lifted_chr_agree
5	9449726	31.411	pPt-655308	DArT_marker	5	ST4.03ch05	9284230	9284508	9284369	chr05	9449726	+	60	0.9732261493489237	60149	1	cigar_aligned_base	lifted_chr_agree
5	9450228	34.87	pPt-651584	DArT_marker	5	ST4.03ch05	9284687	9285056	9284871	chr05	9450228	+	60	0.9732261493489237	60149	1	cigar_aligned_base	lifted_chr_agree
5	9567990	32.615	pPt-655797	DArT_marker	5	ST4.03ch05	9403926	9404265	9404095	chr05	9567990	+	60	0.9966260617116852	50973	1	cigar_aligned_base	lifted_chr_agree
5	9567992	32.552	pPt-655778	DArT_marker	5	ST4.03ch05	9403926	9404269	9404097	chr05	9567992	+	60	0.9966260617116852	50973	1	cigar_aligned_base	lifted_chr_agree
5	9628286	34.123	capPt-706997	DArT_marker	5	ST4.03ch05	9465968	9466190	9466079	chr05	9628286	+	60	0.994975556762629	22717	1	cigar_aligned_base	lifted_chr_agree
5	10378317	35.517	capPt-706777	DArT_marker	5	ST4.03ch05	10311328	10311771	10311549	chr05	10378317	+	60	0.9981138098139927	34412	1	cigar_aligned_base	lifted_chr_agree
5	10378317	35.517	pPt-472225	DArT_marker	5	ST4.03ch05	10311328	10311771	10311549	chr05	10378317	+	60	0.9981138098139927	34412	1	cigar_aligned_base	lifted_chr_agree
5	10378317	35.517	pPt-473808	DArT_marker	5	ST4.03ch05	10311328	10311771	10311549	chr05	10378317	+	60	0.9981138098139927	34412	1	cigar_aligned_base	lifted_chr_agree
5	10378317	35.517	pPt-534484	DArT_marker	5	ST4.03ch05	10311328	10311771	10311549	chr05	10378317	+	60	0.9981138098139927	34412	1	cigar_aligned_base	lifted_chr_agree
5	10378317	35.517	pPt-535365	DArT_marker	5	ST4.03ch05	10311328	10311771	10311549	chr05	10378317	+	60	0.9981138098139927	34412	1	cigar_aligned_base	lifted_chr_agree
5	10378317	35.517	pPt-535534	DArT_marker	5	ST4.03ch05	10311328	10311771	10311549	chr05	10378317	+	60	0.9981138098139927	34412	1	cigar_aligned_base	lifted_chr_agree
5	10378317	35.517	pPt-535801	DArT_marker	5	ST4.03ch05	10311328	10311771	10311549	chr05	10378317	+	60	0.9981138098139927	34412	1	cigar_aligned_base	lifted_chr_agree
5	10378317	35.517	pPt-536553	DArT_marker	5	ST4.03ch05	10311328	10311771	10311549	chr05	10378317	+	60	0.9981138098139927	34412	1	cigar_aligned_base	lifted_chr_agree
5	10378317	35.517	pPt-539538	DArT_marker	5	ST4.03ch05	10311328	10311771	10311549	chr05	10378317	+	60	0.9981138098139927	34412	1	cigar_aligned_base	lifted_chr_agree
5	10378317	35.517	pPt-539560	DArT_marker	5	ST4.03ch05	10311328	10311771	10311549	chr05	10378317	+	60	0.9981138098139927	34412	1	cigar_aligned_base	lifted_chr_agree
5	10378317	35.517	pPt-540087	DArT_marker	5	ST4.03ch05	10311328	10311771	10311549	chr05	10378317	+	60	0.9981138098139927	34412	1	cigar_aligned_base	lifted_chr_agree
5	10378317	35.517	pPt-540107	DArT_marker	5	ST4.03ch05	10311328	10311771	10311549	chr05	10378317	+	60	0.9981138098139927	34412	1	cigar_aligned_base	lifted_chr_agree
5	10378317	35.517	pPt-540214	DArT_marker	5	ST4.03ch05	10311328	10311771	10311549	chr05	10378317	+	60	0.9981138098139927	34412	1	cigar_aligned_base	lifted_chr_agree
5	10378317	35.517	pPt-540369	DArT_marker	5	ST4.03ch05	10311328	10311771	10311549	chr05	10378317	+	60	0.9981138098139927	34412	1	cigar_aligned_base	lifted_chr_agree
5	10378317	35.517	pPt-552033	DArT_marker	5	ST4.03ch05	10311328	10311771	10311549	chr05	10378317	+	60	0.9981138098139927	34412	1	cigar_aligned_base	lifted_chr_agree
5	10378317	35.517	pPt-650995	DArT_marker	5	ST4.03ch05	10311328	10311771	10311549	chr05	10378317	+	60	0.9981138098139927	34412	1	cigar_aligned_base	lifted_chr_agree
5	10378317	35.517	pPt-657122	DArT_marker	5	ST4.03ch05	10311328	10311771	10311549	chr05	10378317	+	60	0.9981138098139927	34412	1	cigar_aligned_base	lifted_chr_agree
5	10378317	35.646	pPt-539614	DArT_marker	5	ST4.03ch05	10311328	10311771	10311549	chr05	10378317	+	60	0.9981138098139927	34412	1	cigar_aligned_base	lifted_chr_agree
5	11180796	34.424	pPt-650026	DArT_marker	5	ST4.03ch05	11201229	11201631	11201430	chr05	11180796	+	60	0.9996797232809147	31450	1	cigar_aligned_base	lifted_chr_agree
5	11200619	38.474	st_19532	repeat_region	5	ST4.03ch05	11221142	11221364	11221253	chr05	11200619	+	60	0.9996797232809147	31450	1	cigar_aligned_base	lifted_chr_agree
5	14275791	40.25	PM0467	repeat_region	5	ST4.03ch05	14088345	14088486	14088415	chr05	14275791	+	60	0.9824130879345603	34565	1	cigar_aligned_base	lifted_chr_agree
5	19158499	41.333	PM0193	repeat_region	5	ST4.03ch05	19212611	19212707	19212659	chr05	19158499	+	60	0.9935234632428133	26346	1	cigar_aligned_base	lifted_chr_agree
5	19193259	43.718	pPt-655937	DArT_marker	5	ST4.03ch05	19247251	19247641	19247446	chr05	19193259	+	60	0.9948251835151473	112647	1	cigar_aligned_base	lifted_chr_agree
5	19193259	43.722	capPt-673080	DArT_marker	5	ST4.03ch05	19247251	19247641	19247446	chr05	19193259	+	60	0.9948251835151473	112647	1	cigar_aligned_base	lifted_chr_agree
5	19193259	43.722	pPt-471393	DArT_marker	5	ST4.03ch05	19247251	19247641	19247446	chr05	19193259	+	60	0.9948251835151473	112647	1	cigar_aligned_base	lifted_chr_agree
5	19193259	43.722	pPt-534665	DArT_marker	5	ST4.03ch05	19247251	19247641	19247446	chr05	19193259	+	60	0.9948251835151473	112647	1	cigar_aligned_base	lifted_chr_agree
5	19193259	43.722	pPt-534855	DArT_marker	5	ST4.03ch05	19247251	19247641	19247446	chr05	19193259	+	60	0.9948251835151473	112647	1	cigar_aligned_base	lifted_chr_agree
5	19193259	43.722	pPt-536975	DArT_marker	5	ST4.03ch05	19247251	19247641	19247446	chr05	19193259	+	60	0.9948251835151473	112647	1	cigar_aligned_base	lifted_chr_agree
5	19193259	43.722	pPt-552511	DArT_marker	5	ST4.03ch05	19247251	19247641	19247446	chr05	19193259	+	60	0.9948251835151473	112647	1	cigar_aligned_base	lifted_chr_agree
5	19193259	43.722	pPt-559477	DArT_marker	5	ST4.03ch05	19247251	19247641	19247446	chr05	19193259	+	60	0.9948251835151473	112647	1	cigar_aligned_base	lifted_chr_agree
5	19193259	43.722	pPt-652211	DArT_marker	5	ST4.03ch05	19247251	19247641	19247446	chr05	19193259	+	60	0.9948251835151473	112647	1	cigar_aligned_base	lifted_chr_agree
5	19193259	43.722	pPt-654510	DArT_marker	5	ST4.03ch05	19247251	19247641	19247446	chr05	19193259	+	60	0.9948251835151473	112647	1	cigar_aligned_base	lifted_chr_agree
5	19193259	43.723	pPt-458498	DArT_marker	5	ST4.03ch05	19247251	19247641	19247446	chr05	19193259	+	60	0.9948251835151473	112647	1	cigar_aligned_base	lifted_chr_agree
5	19193259	43.725	pPt-536484	DArT_marker	5	ST4.03ch05	19247251	19247641	19247446	chr05	19193259	+	60	0.9948251835151473	112647	1	cigar_aligned_base	lifted_chr_agree
5	19193259	43.725	pPt-654394	DArT_marker	5	ST4.03ch05	19247251	19247641	19247446	chr05	19193259	+	60	0.9948251835151473	112647	1	cigar_aligned_base	lifted_chr_agree
5	19583215	41.173	solcap_stsnp_c1_6338	SNP	5	ST4.03ch05	19622602	19622602	19622602	chr05	19583215	+	60	0.9945936250896792	78048	1	cigar_aligned_base	lifted_chr_agree
5	19645498	43.685	pPt-655798	DArT_marker	5	ST4.03ch05	19685852	19686177	19686014	chr05	19645498	+	60	0.9978184991273996	55406	1	cigar_aligned_base	lifted_chr_agree
5	21950637	41.224	pPt-651016	DArT_marker	5	ST4.03ch05	21979226	21980028	21979627	chr05	21950637	+	60	0.9864463133189908	51136	1	cigar_aligned_base	lifted_chr_agree
5	46558005	44.75	pPt-536003	DArT_marker	5	ST4.03ch05	42991241	42991531	42991386	chr05	46558005	+	60	0.9833842473613603	61659	1	cigar_aligned_base	lifted_chr_agree
5	46558005	44.75	pPt-536421	DArT_marker	5	ST4.03ch05	42991241	42991531	42991386	chr05	46558005	+	60	0.9833842473613603	61659	1	cigar_aligned_base	lifted_chr_agree
5	46558005	44.75	pPt-536717	DArT_marker	5	ST4.03ch05	42991241	42991531	42991386	chr05	46558005	+	60	0.9833842473613603	61659	1	cigar_aligned_base	lifted_chr_agree
5	46729149	44.911	pPt-657402	DArT_marker	5	ST4.03ch05	43162278	43162777	43162527	chr05	46729149	+	60	0.9996034630890225	15127	1	cigar_aligned_base	lifted_chr_agree
5	46729168	44.896	pPt-652574	DArT_marker	5	ST4.03ch05	43162278	43162815	43162546	chr05	46729168	+	60	0.9996034630890225	15127	1	cigar_aligned_base	lifted_chr_agree
5	46729168	44.911	pPt-538805	DArT_marker	5	ST4.03ch05	43162278	43162815	43162546	chr05	46729168	+	60	0.9996034630890225	15127	1	cigar_aligned_base	lifted_chr_agree
5	46729168	44.911	pPt-653203	DArT_marker	5	ST4.03ch05	43162278	43162815	43162546	chr05	46729168	+	60	0.9996034630890225	15127	1	cigar_aligned_base	lifted_chr_agree
5	46729168	45.056	toPt-439005	DArT_marker	5	ST4.03ch05	43162278	43162815	43162546	chr05	46729168	+	60	0.9996034630890225	15127	1	cigar_aligned_base	lifted_chr_agree
5	46729168	45.168	toPt-439314	DArT_marker	5	ST4.03ch05	43162278	43162815	43162546	chr05	46729168	+	60	0.9996034630890225	15127	1	cigar_aligned_base	lifted_chr_agree
5	46729171	44.896	pPt-653617	DArT_marker	5	ST4.03ch05	43162283	43162815	43162549	chr05	46729171	+	60	0.9996034630890225	15127	1	cigar_aligned_base	lifted_chr_agree
5	46885747	46.14	pPt-472679	DArT_marker	5	ST4.03ch05	43324190	43324964	43324577	chr05	46885747	+	60	0.9844609741186061	40039	1	cigar_aligned_base	lifted_chr_agree
5	48957667	48.95	toPt-437086	DArT_marker	5	ST4.03ch05	45526928	45527603	45527265	chr05	48957667	+	60	0.9912944073162153	56832	1	cigar_aligned_base	lifted_chr_agree
5	48957667	49.452	toPt-763812	DArT_marker	5	ST4.03ch05	45526928	45527603	45527265	chr05	48957667	+	60	0.9912944073162153	56832	1	cigar_aligned_base	lifted_chr_agree
5	49352371	48.365	pPt-654254	DArT_marker	5	ST4.03ch05	45980559	45981080	45980819	chr05	49352371	+	60	0.9844037285671527	94684	1	cigar_aligned_base	lifted_chr_agree
5	49352371	48.379	pPt-656906	DArT_marker	5	ST4.03ch05	45980559	45981080	45980819	chr05	49352371	+	60	0.9844037285671527	94684	1	cigar_aligned_base	lifted_chr_agree
5	49352371	48.379	pPt-656912	DArT_marker	5	ST4.03ch05	45980559	45981080	45980819	chr05	49352371	+	60	0.9844037285671527	94684	1	cigar_aligned_base	lifted_chr_agree
5	51442454	52.096	STM5146	repeat_region	5	ST4.03ch05	48231243	48231546	48231394	chr05	51442454	+	60	0.9921499314337955	167068	1	cigar_aligned_base	lifted_chr_agree
5	51470172	56.967	solcap_stsnp_c1_3413	SNP	5	ST4.03ch05	48260244	48260244	48260244	chr05	51470172	+	60	0.9921499314337955	167068	1	cigar_aligned_base	lifted_chr_agree
5	51816472	56.434	PM0333	repeat_region	5	ST4.03ch05	48615228	48615428	48615328	chr05	51816472	+	60	0.9867422052645778	28125	1	cigar_aligned_base	lifted_chr_agree
5	52067622	56.012	pPt-458238	DArT_marker	5	ST4.03ch05	48916694	48917271	48916982	chr05	52067622	+	60	0.9850717434447391	56919	1	cigar_aligned_base	lifted_chr_agree
5	52206315	55.528	solcap_stsnp_c1_12486	SNP	5	ST4.03ch05	49089754	49089754	49089754	chr05	52206315	+	60	0.977606840602057	63814	1	cigar_aligned_base	lifted_chr_agree
5	52213095	58.059	pPt-457947	DArT_marker	5	ST4.03ch05	49096306	49096762	49096534	chr05	52213095	+	60	0.977606840602057	63814	1	cigar_aligned_base	lifted_chr_agree
5	52213173	58.059	pPt-472014	DArT_marker	5	ST4.03ch05	49096306	49096919	49096612	chr05	52213173	+	60	0.977606840602057	63814	1	cigar_aligned_base	lifted_chr_agree
5	52213173	58.059	pPt-472350	DArT_marker	5	ST4.03ch05	49096306	49096919	49096612	chr05	52213173	+	60	0.977606840602057	63814	1	cigar_aligned_base	lifted_chr_agree
5	52213173	58.059	pPt-473087	DArT_marker	5	ST4.03ch05	49096306	49096919	49096612	chr05	52213173	+	60	0.977606840602057	63814	1	cigar_aligned_base	lifted_chr_agree
5	54704835	63.803	toPt-438407	DArT_marker	5	ST4.03ch05	51530496	51530796	51530646	chr05	54704835	+	60	0.9847858881612782	236855	1	cigar_aligned_base	lifted_chr_agree
5	54704901	63.759	pPt-535674	DArT_marker	5	ST4.03ch05	51530496	51530929	51530712	chr05	54704901	+	60	0.9847858881612782	236855	1	cigar_aligned_base	lifted_chr_agree
5	54704901	63.759	pPt-654505	DArT_marker	5	ST4.03ch05	51530496	51530929	51530712	chr05	54704901	+	60	0.9847858881612782	236855	1	cigar_aligned_base	lifted_chr_agree
5	54704901	63.78	pPt-533813	DArT_marker	5	ST4.03ch05	51530496	51530929	51530712	chr05	54704901	+	60	0.9847858881612782	236855	1	cigar_aligned_base	lifted_chr_agree
5	54704901	63.78	pPt-535984	DArT_marker	5	ST4.03ch05	51530496	51530929	51530712	chr05	54704901	+	60	0.9847858881612782	236855	1	cigar_aligned_base	lifted_chr_agree
5	54704901	64.138	pPt-459311	DArT_marker	5	ST4.03ch05	51530496	51530929	51530712	chr05	54704901	+	60	0.9847858881612782	236855	1	cigar_aligned_base	lifted_chr_agree
5	55169241	61.677	solcap_stsnp_c1_1199	SNP	5	ST4.03ch05	52004790	52004790	52004790	chr05	55169241	+	60	0.9808492304035181	137001	1	cigar_aligned_base	lifted_chr_agree
6	581390	0.539	MICRO.337.C1_891	match	6	ST4.03ch06	247964	248072	248018	chr06	581390	+	60	0.9933939433579698	46414	1	cigar_aligned_base	lifted_chr_agree
6	657165	2.632	pPt-540411	DArT_marker	6	ST4.03ch06	324235	325460	324847	chr06	657165	+	60	0.9909900637346106	128173	1	cigar_aligned_base	lifted_chr_agree
6	952101	1.564	solcap_stsnp_c1_9246	SNP	6	ST4.03ch06	619604	619604	619604	chr06	952101	+	60	0.9756476432420187	61760	1	cigar_aligned_base	lifted_chr_agree
6	960035	2.392	toPt-441146	DArT_marker	6	ST4.03ch06	627360	627714	627537	chr06	960035	+	60	0.9756476432420187	61760	1	cigar_aligned_base	lifted_chr_agree
6	1199195	4.255	pPt-654984	DArT_marker	6	ST4.03ch06	911602	921738	916670	chr06	1199195	+	60	0.9990714230441848	12923	1	cigar_aligned_base	lifted_chr_agree
6	2349513	5.93	solcap_stsnp_c1_15546	SNP	6	ST4.03ch06	1807416	1807416	1807416	chr06	2349513	+	60	0.9909153083323835	89299	1	cigar_aligned_base	lifted_chr_agree
6	2429309	3.779	solcap_stsnp_c1_13631	SNP	6	ST4.03ch06	1898990	1898990	1898990	chr06	2429309	+	60	0.9933518719728919	63558	1	cigar_aligned_base	lifted_chr_agree
6	8768118	10.831	PM0439	repeat_region	6	ST4.03ch06	8358190	8358349	8358269	chr06	8768118	+	60	0.9977831036548832	33347	1	cigar_aligned_base	lifted_chr_agree
6	15797597	14.488	PM0329	repeat_region	6	ST4.03ch06	14382297	14382425	14382361	chr06	15797597	+	60	0.9941990219567429	121872	1	cigar_aligned_base	lifted_chr_agree
6	22311521	10.048	solcap_stsnp_c1_16621	SNP	6	ST4.03ch06	21067273	21067273	21067273	chr06	22311521	+	60	0.9853798698554889	11831	1	cigar_aligned_base	lifted_chr_agree
6	26740064	10.048	solcap_stsnp_c1_1574	SNP	6	ST4.03ch06	25513947	25513947	25513947	chr06	26740064	+	60	0.9976441332373536	30548	1	cigar_aligned_base	lifted_chr_agree
6	31440571	11.745	solcap_stsnp_c1_3690	SNP	6	ST4.03ch06	30469105	30469105	30469105	chr06	31440571	+	60	0.9956353165245783	88329	1	cigar_aligned_base	lifted_chr_agree
6	31603941	14.191	solcap_stsnp_c1_3692	SNP	6	ST4.03ch06	30648503	30648503	30648503	chr06	31603941	+	60	0.9198169904230158	104289	1	cigar_aligned_base	lifted_chr_agree
6	32505188	13.254	solcap_stsnp_c1_9854	SNP	6	ST4.03ch06	31631878	31631878	31631878	chr06	32505188	+	60	0.9905668639201312	79798	1	cigar_aligned_base	lifted_chr_agree
6	38149442	19.842	MICRO.669.C3_729	match	6	ST4.03ch06	37561212	37561332	37561272	chr06	38149442	+	60	0.9465085542257141	26461	1	cigar_aligned_base	lifted_chr_agree
6	38373978	18.79	solcap_stsnp_c1_12691	SNP	6	ST4.03ch06	37867794	37867794	37867794	chr06	38373978	+	60	0.9904273817150179	54430	1	cigar_aligned_base	lifted_chr_agree
6	39565020	21.601	solcap_stsnp_c1_9977	SNP	6	ST4.03ch06	39125335	39125335	39125335	chr06	39565020	+	60	0.9851926444833625	115740	1	cigar_aligned_base	lifted_chr_agree
6	39650201	21.648	pPt-473740	DArT_marker	6	ST4.03ch06	39213779	39214257	39214018	chr06	39650201	+	60	0.9902435550491383	14036	1	cigar_aligned_base	lifted_chr_agree
6	41307916	25.755	PM1285	repeat_region	6	ST4.03ch06	40818921	40819026	40818973	chr06	41307916	+	60	0.9760084867937873	37159	1	cigar_aligned_base	lifted_chr_agree
6	43280390	26.692	solcap_stsnp_c1_12700	SNP	6	ST4.03ch06	42838897	42838897	42838897	chr06	43280390	+	60	0.9874823225180815	127127	1	cigar_aligned_base	lifted_chr_agree
6	44446174	28.379	pPt-657258	DArT_marker	6	ST4.03ch06	44024787	44025254	44025020	chr06	44446174	+	60	0.9990211007178594	9190	1	cigar_aligned_base	lifted_chr_agree
6	44446174	28.386	pPt-651347	DArT_marker	6	ST4.03ch06	44024787	44025254	44025020	chr06	44446174	+	60	0.9990211007178594	9190	1	cigar_aligned_base	lifted_chr_agree
6	44446174	28.386	pPt-653976	DArT_marker	6	ST4.03ch06	44024787	44025254	44025020	chr06	44446174	+	60	0.9990211007178594	9190	1	cigar_aligned_base	lifted_chr_agree
6	46242956	33.377	PM0478	repeat_region	6	ST4.03ch06	45968343	45968493	45968418	chr06	46242956	+	60	0.9896648702567158	77893	1	cigar_aligned_base	lifted_chr_agree
6	46359572	34.322	pPt-655645	DArT_marker	6	ST4.03ch06	46084205	46084530	46084367	chr06	46359572	+	60	0.997234429459009	53386	1	cigar_aligned_base	lifted_chr_agree
6	46359578	34.293	toPt-440683	DArT_marker	6	ST4.03ch06	46084217	46084530	46084373	chr06	46359578	+	60	0.997234429459009	53386	1	cigar_aligned_base	lifted_chr_agree
6	46767211	34.322	pPt-651124	DArT_marker	6	ST4.03ch06	46502256	46502905	46502580	chr06	46767211	+	60	0.9926550488992635	49690	1	cigar_aligned_base	lifted_chr_agree
6	46767211	34.322	toPt-438543	DArT_marker	6	ST4.03ch06	46502256	46502905	46502580	chr06	46767211	+	60	0.9926550488992635	49690	1	cigar_aligned_base	lifted_chr_agree
6	46767221	34.322	pPt-656865	DArT_marker	6	ST4.03ch06	46502256	46502924	46502590	chr06	46767221	+	60	0.9926550488992635	49690	1	cigar_aligned_base	lifted_chr_agree
6	46953988	34.72	pPt-651721	DArT_marker	6	ST4.03ch06	46692260	46692814	46692537	chr06	46953988	+	60	0.9730628533422016	38379	1	cigar_aligned_base	lifted_chr_agree
6	46953988	34.739	pPt-651404	DArT_marker	6	ST4.03ch06	46692260	46692814	46692537	chr06	46953988	+	60	0.9730628533422016	38379	1	cigar_aligned_base	lifted_chr_agree
6	46953988	34.746	pPt-471837	DArT_marker	6	ST4.03ch06	46692260	46692814	46692537	chr06	46953988	+	60	0.9730628533422016	38379	1	cigar_aligned_base	lifted_chr_agree
6	46953988	34.746	pPt-651120	DArT_marker	6	ST4.03ch06	46692260	46692814	46692537	chr06	46953988	+	60	0.9730628533422016	38379	1	cigar_aligned_base	lifted_chr_agree
6	46953988	34.746	pPt-654185	DArT_marker	6	ST4.03ch06	46692260	46692814	46692537	chr06	46953988	+	60	0.9730628533422016	38379	1	cigar_aligned_base	lifted_chr_agree
6	46953988	34.746	pPt-656001	DArT_marker	6	ST4.03ch06	46692260	46692814	46692537	chr06	46953988	+	60	0.9730628533422016	38379	1	cigar_aligned_base	lifted_chr_agree
6	46953988	34.746	pPt-657025	DArT_marker	6	ST4.03ch06	46692260	46692814	46692537	chr06	46953988	+	60	0.9730628533422016	38379	1	cigar_aligned_base	lifted_chr_agree
6	46953988	34.746	pPt-657043	DArT_marker	6	ST4.03ch06	46692260	46692814	46692537	chr06	46953988	+	60	0.9730628533422016	38379	1	cigar_aligned_base	lifted_chr_agree
6	47466211	36.353	pPt-473454	DArT_marker	6	ST4.03ch06	47254569	47255051	47254810	chr06	47466211	+	60	0.9961231962093474	32389	1	cigar_aligned_base	lifted_chr_agree
6	47661512	35.296	pPt-471807	DArT_marker	6	ST4.03ch06	47436679	47437401	47437040	chr06	47661512	+	60	0.9873911379079338	41488	1	cigar_aligned_base	lifted_chr_agree
6	47755595	35.296	pPt-655304	DArT_marker	6	ST4.03ch06	47535160	47535588	47535374	chr06	47755595	+	60	0.998724971666037	21168	1	cigar_aligned_base	lifted_chr_agree
6	47803974	35.302	pPt-539300	DArT_marker	6	ST4.03ch06	47592238	47592926	47592582	chr06	47803974	+	60	0.9869911539847096	58114	1	cigar_aligned_base	lifted_chr_agree
6	47803974	35.378	pPt-654814	DArT_marker	6	ST4.03ch06	47592238	47592926	47592582	chr06	47803974	+	60	0.9869911539847096	58114	1	cigar_aligned_base	lifted_chr_agree
6	48711146	38.833	solcap_stsnp_c1_15368	SNP	6	ST4.03ch06	48433233	48433233	48433233	chr06	48711146	+	60	0.9981146406966335	74164	1	cigar_aligned_base	lifted_chr_agree
6	48910377	39.705	solcap_stsnp_c1_9450	SNP	6	ST4.03ch06	48637692	48637692	48637692	chr06	48910377	+	60	0.9964534075104311	58255	1	cigar_aligned_base	lifted_chr_agree
6	49075146	41.998	solcap_stsnp_c1_14891	SNP	6	ST4.03ch06	48802529	48802529	48802529	chr06	49075146	+	60	0.9942538496376812	35270	1	cigar_aligned_base	lifted_chr_agree
6	49254652	41.191	pPt-536932	DArT_marker	6	ST4.03ch06	48984189	48984792	48984490	chr06	49254652	+	60	0.9551064562128141	20272	1	cigar_aligned_base	lifted_chr_agree
6	49254652	41.565	pPt-552581	DArT_marker	6	ST4.03ch06	48984189	48984792	48984490	chr06	49254652	+	60	0.9551064562128141	20272	1	cigar_aligned_base	lifted_chr_agree
6	49705566	45.148	solcap_stsnp_c1_10650	SNP	6	ST4.03ch06	49501437	49501437	49501437	chr06	49705566	+	60	0.9999102870813397	34928	1	cigar_aligned_base	lifted_chr_agree
6	50154057	47.364	MICRO.2094.C3_1290	match	6	ST4.03ch06	49873807	49873927	49873867	chr06	50154057	+	60	0.9998370273794003	18408	1	cigar_aligned_base	lifted_chr_agree
6	50445762	47.03	solcap_stsnp_c1_2059	SNP	6	ST4.03ch06	50217473	50217473	50217473	chr06	50445762	+	60	0.9910252100840337	63640	1	cigar_aligned_base	lifted_chr_agree
6	50917006	49.367	solcap_stsnp_c1_2104	SNP	6	ST4.03ch06	50712481	50712481	50712481	chr06	50917006	+	60	0.9917276814386641	42751	1	cigar_aligned_base	lifted_chr_agree
6	51088498	49.809	STM5126	repeat_region	6	ST4.03ch06	50922602	50922921	50922761	chr06	51088498	+	60	0.9940164288802421	58325	1	cigar_aligned_base	lifted_chr_agree
6	51115427	49.89	pPt-473107	DArT_marker	6	ST4.03ch06	50950005	50950430	50950217	chr06	51115427	+	60	0.9940164288802421	58325	1	cigar_aligned_base	lifted_chr_agree
6	51115427	49.898	pPt-459221	DArT_marker	6	ST4.03ch06	50950005	50950430	50950217	chr06	51115427	+	60	0.9940164288802421	58325	1	cigar_aligned_base	lifted_chr_agree
6	51115427	49.898	pPt-538089	DArT_marker	6	ST4.03ch06	50950005	50950430	50950217	chr06	51115427	+	60	0.9940164288802421	58325	1	cigar_aligned_base	lifted_chr_agree
6	51115427	49.898	pPt-540407	DArT_marker	6	ST4.03ch06	50950005	50950430	50950217	chr06	51115427	+	60	0.9940164288802421	58325	1	cigar_aligned_base	lifted_chr_agree
6	51115427	49.918	pPt-458137	DArT_marker	6	ST4.03ch06	50950005	50950430	50950217	chr06	51115427	+	60	0.9940164288802421	58325	1	cigar_aligned_base	lifted_chr_agree
6	52334463	53.795	solcap_stsnp_c1_2967	SNP	6	ST4.03ch06	52237562	52237562	52237562	chr06	52334463	+	60	0.9365482983944886	83819	1	cigar_aligned_base	lifted_chr_agree
6	52623052	56.733	solcap_stsnp_c1_3007	SNP	6	ST4.03ch06	52531445	52531445	52531445	chr06	52623052	+	60	0.9918086933544722	37787	1	cigar_aligned_base	lifted_chr_agree
6	52789918	56.51	pPt-538867	DArT_marker	6	ST4.03ch06	52703212	52703585	52703398	chr06	52789918	+	60	0.9948058822556366	60264	1	cigar_aligned_base	lifted_chr_agree
6	52789918	56.512	pPt-458846	DArT_marker	6	ST4.03ch06	52703212	52703585	52703398	chr06	52789918	+	60	0.9948058822556366	60264	1	cigar_aligned_base	lifted_chr_agree
6	52789918	56.512	pPt-459086	DArT_marker	6	ST4.03ch06	52703211	52703585	52703398	chr06	52789918	+	60	0.9948058822556366	60264	1	cigar_aligned_base	lifted_chr_agree
6	52789918	56.512	pPt-473709	DArT_marker	6	ST4.03ch06	52703212	52703585	52703398	chr06	52789918	+	60	0.9948058822556366	60264	1	cigar_aligned_base	lifted_chr_agree
6	52789918	56.512	pPt-653729	DArT_marker	6	ST4.03ch06	52703212	52703585	52703398	chr06	52789918	+	60	0.9948058822556366	60264	1	cigar_aligned_base	lifted_chr_agree
6	52789918	56.512	pPt-654150	DArT_marker	6	ST4.03ch06	52703212	52703585	52703398	chr06	52789918	+	60	0.9948058822556366	60264	1	cigar_aligned_base	lifted_chr_agree
6	52789918	56.512	toPt-437027	DArT_marker	6	ST4.03ch06	52703212	52703585	52703398	chr06	52789918	+	60	0.9948058822556366	60264	1	cigar_aligned_base	lifted_chr_agree
6	52789918	56.512	toPt-438329	DArT_marker	6	ST4.03ch06	52703212	52703585	52703398	chr06	52789918	+	60	0.9948058822556366	60264	1	cigar_aligned_base	lifted_chr_agree
6	52789918	56.512	toPt-438646	DArT_marker	6	ST4.03ch06	52703212	52703585	52703398	chr06	52789918	+	60	0.9948058822556366	60264	1	cigar_aligned_base	lifted_chr_agree
6	52789918	56.512	toPt-440708	DArT_marker	6	ST4.03ch06	52703212	52703585	52703398	chr06	52789918	+	60	0.9948058822556366	60264	1	cigar_aligned_base	lifted_chr_agree
6	52789918	56.512	toPt-763712	DArT_marker	6	ST4.03ch06	52703212	52703585	52703398	chr06	52789918	+	60	0.9948058822556366	60264	1	cigar_aligned_base	lifted_chr_agree
6	52789918	56.526	toPt-439265	DArT_marker	6	ST4.03ch06	52703212	52703585	52703398	chr06	52789918	+	60	0.9948058822556366	60264	1	cigar_aligned_base	lifted_chr_agree
6	52789918	56.589	pPt-559453	DArT_marker	6	ST4.03ch06	52703212	52703585	52703398	chr06	52789918	+	60	0.9948058822556366	60264	1	cigar_aligned_base	lifted_chr_agree
6	52789918	56.589	pPt-651425	DArT_marker	6	ST4.03ch06	52703212	52703585	52703398	chr06	52789918	+	60	0.9948058822556366	60264	1	cigar_aligned_base	lifted_chr_agree
6	52789918	56.589	pPt-653760	DArT_marker	6	ST4.03ch06	52703212	52703585	52703398	chr06	52789918	+	60	0.9948058822556366	60264	1	cigar_aligned_base	lifted_chr_agree
6	52789918	56.589	pPt-657084	DArT_marker	6	ST4.03ch06	52703212	52703585	52703398	chr06	52789918	+	60	0.9948058822556366	60264	1	cigar_aligned_base	lifted_chr_agree
6	52789918	56.589	toPt-437684	DArT_marker	6	ST4.03ch06	52703212	52703585	52703398	chr06	52789918	+	60	0.9948058822556366	60264	1	cigar_aligned_base	lifted_chr_agree
6	52789918	56.589	toPt-763665	DArT_marker	6	ST4.03ch06	52703212	52703585	52703398	chr06	52789918	+	60	0.9948058822556366	60264	1	cigar_aligned_base	lifted_chr_agree
6	52789918	56.83	pPt-654313	DArT_marker	6	ST4.03ch06	52703212	52703585	52703398	chr06	52789918	+	60	0.9948058822556366	60264	1	cigar_aligned_base	lifted_chr_agree
6	52789918	56.872	toPt-763680	DArT_marker	6	ST4.03ch06	52703212	52703585	52703398	chr06	52789918	+	60	0.9948058822556366	60264	1	cigar_aligned_base	lifted_chr_agree
6	52789918	56.872	toPt-763749	DArT_marker	6	ST4.03ch06	52703212	52703585	52703398	chr06	52789918	+	60	0.9948058822556366	60264	1	cigar_aligned_base	lifted_chr_agree
6	52818057	56.512	pPt-537569	DArT_marker	6	ST4.03ch06	52731262	52731485	52731373	chr06	52818057	+	60	0.9894450911913077	13087	1	cigar_aligned_base	lifted_chr_agree
6	52818160	56.512	pPt-457208	DArT_marker	6	ST4.03ch06	52731176	52731776	52731476	chr06	52818160	+	60	0.9894450911913077	13087	1	cigar_aligned_base	lifted_chr_agree
6	52818160	56.512	pPt-458203	DArT_marker	6	ST4.03ch06	52731176	52731776	52731476	chr06	52818160	+	60	0.9894450911913077	13087	1	cigar_aligned_base	lifted_chr_agree
6	52818160	56.512	pPt-473415	DArT_marker	6	ST4.03ch06	52731176	52731776	52731476	chr06	52818160	+	60	0.9894450911913077	13087	1	cigar_aligned_base	lifted_chr_agree
6	52818160	56.512	pPt-537371	DArT_marker	6	ST4.03ch06	52731176	52731776	52731476	chr06	52818160	+	60	0.9894450911913077	13087	1	cigar_aligned_base	lifted_chr_agree
6	52818160	56.512	pPt-656870	DArT_marker	6	ST4.03ch06	52731176	52731776	52731476	chr06	52818160	+	60	0.9894450911913077	13087	1	cigar_aligned_base	lifted_chr_agree
6	52818160	56.52	pPt-650815	DArT_marker	6	ST4.03ch06	52731176	52731776	52731476	chr06	52818160	+	60	0.9894450911913077	13087	1	cigar_aligned_base	lifted_chr_agree
6	52818160	57.181	pPt-473433	DArT_marker	6	ST4.03ch06	52731176	52731776	52731476	chr06	52818160	+	60	0.9894450911913077	13087	1	cigar_aligned_base	lifted_chr_agree
6	52818203	56.512	pPt-552171	DArT_marker	6	ST4.03ch06	52731262	52731776	52731519	chr06	52818203	+	60	0.9894450911913077	13087	1	cigar_aligned_base	lifted_chr_agree
6	52818378	56.512	pPt-537345	DArT_marker	6	ST4.03ch06	52731612	52731776	52731694	chr06	52818378	+	60	0.9894450911913077	13087	1	cigar_aligned_base	lifted_chr_agree
6	52818378	56.52	pPt-537183	DArT_marker	6	ST4.03ch06	52731612	52731776	52731694	chr06	52818378	+	60	0.9894450911913077	13087	1	cigar_aligned_base	lifted_chr_agree
6	52936397	55.805	pPt-474058	DArT_marker	6	ST4.03ch06	52851407	52851788	52851597	chr06	52936397	+	60	0.9960139826956232	65039	1	cigar_aligned_base	lifted_chr_agree
6	52936397	55.817	pPt-539079	DArT_marker	6	ST4.03ch06	52851407	52851788	52851597	chr06	52936397	+	60	0.9960139826956232	65039	1	cigar_aligned_base	lifted_chr_agree
6	52936397	55.826	pPt-558943	DArT_marker	6	ST4.03ch06	52851407	52851788	52851597	chr06	52936397	+	60	0.9960139826956232	65039	1	cigar_aligned_base	lifted_chr_agree
6	52936397	55.826	pPt-655315	DArT_marker	6	ST4.03ch06	52851407	52851788	52851597	chr06	52936397	+	60	0.9960139826956232	65039	1	cigar_aligned_base	lifted_chr_agree
6	53214964	59.125	pPt-472490	DArT_marker	6	ST4.03ch06	53135496	53136616	53136056	chr06	53214964	+	60	0.9814142587483665	40857	1	cigar_aligned_base	lifted_chr_agree
6	53508393	58.876	pPt-655572	DArT_marker	6	ST4.03ch06	53436645	53437172	53436908	chr06	53508393	+	60	0.9795235463866888	131696	1	cigar_aligned_base	lifted_chr_agree
6	53508393	58.876	pPt-656391	DArT_marker	6	ST4.03ch06	53436645	53437172	53436908	chr06	53508393	+	60	0.9795235463866888	131696	1	cigar_aligned_base	lifted_chr_agree
6	53508393	58.876	toPt-437058	DArT_marker	6	ST4.03ch06	53436645	53437172	53436908	chr06	53508393	+	60	0.9795235463866888	131696	1	cigar_aligned_base	lifted_chr_agree
6	53705309	57.158	pPt-653838	DArT_marker	6	ST4.03ch06	53635434	53635721	53635577	chr06	53705309	+	60	0.9970608981895133	25496	1	cigar_aligned_base	lifted_chr_agree
6	53705309	57.158	pPt-656749	DArT_marker	6	ST4.03ch06	53635434	53635721	53635577	chr06	53705309	+	60	0.9970608981895133	25496	1	cigar_aligned_base	lifted_chr_agree
6	54427947	59.255	pPt-538623	DArT_marker	6	ST4.03ch06	54449380	54450325	54449852	chr06	54427947	+	60	0.9805634556359643	147546	1	cigar_aligned_base	lifted_chr_agree
6	54428164	59.255	toPt-438314	DArT_marker	6	ST4.03ch06	54449813	54450325	54450069	chr06	54428164	+	60	0.9805634556359643	147546	1	cigar_aligned_base	lifted_chr_agree
6	54428164	59.255	toPt-440510	DArT_marker	6	ST4.03ch06	54449813	54450325	54450069	chr06	54428164	+	60	0.9805634556359643	147546	1	cigar_aligned_base	lifted_chr_agree
6	54428165	59.274	toPt-437131	DArT_marker	6	ST4.03ch06	54449816	54450325	54450070	chr06	54428165	+	60	0.9805634556359643	147546	1	cigar_aligned_base	lifted_chr_agree
6	54454794	59.255	pPt-471879	DArT_marker	6	ST4.03ch06	54476486	54477503	54476994	chr06	54454794	+	60	0.9805634556359643	147546	1	cigar_aligned_base	lifted_chr_agree
6	54454794	59.255	pPt-533617	DArT_marker	6	ST4.03ch06	54476486	54477503	54476994	chr06	54454794	+	60	0.9805634556359643	147546	1	cigar_aligned_base	lifted_chr_agree
6	54454794	59.255	pPt-653319	DArT_marker	6	ST4.03ch06	54476486	54477503	54476994	chr06	54454794	+	60	0.9805634556359643	147546	1	cigar_aligned_base	lifted_chr_agree
6	54680829	62.481	solcap_stsnp_c1_7681	SNP	6	ST4.03ch06	54711868	54711868	54711868	chr06	54680829	+	60	0.9852547828452263	88874	1	cigar_aligned_base	lifted_chr_agree
6	54781274	62.205	solcap_stsnp_c1_7690	SNP	6	ST4.03ch06	54814887	54814887	54814887	chr06	54781274	+	60	0.9717995755548362	27798	1	cigar_aligned_base	lifted_chr_agree
6	56414140	64.186	solcap_stsnp_c1_8659	SNP	6	ST4.03ch06	56645417	56645417	56645417	chr06	56414140	+	60	0.9998272436727995	11577	1	cigar_aligned_base	lifted_chr_agree
6	56675891	65.315	solcap_stsnp_c1_14917	SNP	6	ST4.03ch06	56908573	56908573	56908573	chr06	56675891	+	60	0.9820564117763287	81485	1	cigar_aligned_base	lifted_chr_agree
6	56749446	65.401	solcap_stsnp_c1_14920	SNP	6	ST4.03ch06	56983782	56983782	56983782	chr06	56749446	+	60	0.8806627401332086	51820	1	cigar_aligned_base	lifted_chr_agree
6	56910485	65.312	solcap_stsnp_c1_14796	SNP	6	ST4.03ch06	57150369	57150369	57150369	chr06	56910485	+	60	0.9929220831007257	156777	1	cigar_aligned_base	lifted_chr_agree
6	56970498	65.335	solcap_stsnp_c1_12101	SNP	6	ST4.03ch06	57210742	57210742	57210742	chr06	56970498	+	60	0.9944213245318217	55746	1	cigar_aligned_base	lifted_chr_agree
6	57097701	65.327	solcap_stsnp_c1_12088	SNP	6	ST4.03ch06	57338343	57338343	57338343	chr06	57097701	+	60	0.9971313363124339	124468	1	cigar_aligned_base	lifted_chr_agree
6	57334590	65.943	solcap_stsnp_c1_3074	SNP	6	ST4.03ch06	57581258	57581258	57581258	chr06	57334590	+	60	0.9854280829937708	175322	1	cigar_aligned_base	lifted_chr_agree
6	57561751	69.041	solcap_stsnp_c1_3130	SNP	6	ST4.03ch06	57870264	57870264	57870264	chr06	57561751	+	60	0.9936432154064855	37058	1	cigar_aligned_base	lifted_chr_agree
6	57940708	67.158	pPt-654600	DArT_marker	6	ST4.03ch06	58295162	58295592	58295377	chr06	57940708	+	60	0.9839363409267623	60422	1	cigar_aligned_base	lifted_chr_agree
6	57940757	67.33	pPt-536324	DArT_marker	6	ST4.03ch06	58295162	58295691	58295426	chr06	57940757	+	60	0.9839363409267623	60422	1	cigar_aligned_base	lifted_chr_agree
6	57940757	67.357	pPt-656983	DArT_marker	6	ST4.03ch06	58295162	58295691	58295426	chr06	57940757	+	60	0.9839363409267623	60422	1	cigar_aligned_base	lifted_chr_agree
6	57940757	67.499	pPt-654787	DArT_marker	6	ST4.03ch06	58295162	58295691	58295426	chr06	57940757	+	60	0.9839363409267623	60422	1	cigar_aligned_base	lifted_chr_agree
6	57940757	67.615	pPt-651850	DArT_marker	6	ST4.03ch06	58295162	58295691	58295426	chr06	57940757	+	60	0.9839363409267623	60422	1	cigar_aligned_base	lifted_chr_agree
6	57940757	67.624	pPt-653243	DArT_marker	6	ST4.03ch06	58295162	58295691	58295426	chr06	57940757	+	60	0.9839363409267623	60422	1	cigar_aligned_base	lifted_chr_agree
6	57940757	67.631	pPt-653219	DArT_marker	6	ST4.03ch06	58295162	58295691	58295426	chr06	57940757	+	60	0.9839363409267623	60422	1	cigar_aligned_base	lifted_chr_agree
6	57940757	67.773	pPt-472810	DArT_marker	6	ST4.03ch06	58295162	58295691	58295426	chr06	57940757	+	60	0.9839363409267623	60422	1	cigar_aligned_base	lifted_chr_agree
6	57940757	67.781	pPt-534883	DArT_marker	6	ST4.03ch06	58295162	58295691	58295426	chr06	57940757	+	60	0.9839363409267623	60422	1	cigar_aligned_base	lifted_chr_agree
6	57940757	67.781	pPt-534969	DArT_marker	6	ST4.03ch06	58295162	58295691	58295426	chr06	57940757	+	60	0.9839363409267623	60422	1	cigar_aligned_base	lifted_chr_agree
6	57940757	68.307	pPt-536159	DArT_marker	6	ST4.03ch06	58295162	58295691	58295426	chr06	57940757	+	60	0.9839363409267623	60422	1	cigar_aligned_base	lifted_chr_agree
6	57940757	68.584	pPt-652880	DArT_marker	6	ST4.03ch06	58295162	58295691	58295426	chr06	57940757	+	60	0.9839363409267623	60422	1	cigar_aligned_base	lifted_chr_agree
6	57940764	68.338	pPt-651057	DArT_marker	6	ST4.03ch06	58295176	58295691	58295433	chr06	57940764	+	60	0.9839363409267623	60422	1	cigar_aligned_base	lifted_chr_agree
6	58017580	70.516	solcap_stsnp_c1_3091	SNP	6	ST4.03ch06	58373079	58373079	58373079	chr06	58017580	+	60	0.9973410292162521	61791	1	cigar_aligned_base	lifted_chr_agree
6	58861652	69.772	pPt-559151	DArT_marker	6	ST4.03ch06	59235384	59236480	59235932	chr06	58861652	+	60	0.8701625751631747	52122	1	cigar_aligned_base	lifted_chr_agree
7	687291	2.659	solcap_stsnp_c1_13671	SNP	7	ST4.03ch07	568317	568317	568317	chr07	687291	+	60	0.9904617511574276	174557	1	cigar_aligned_base	lifted_chr_agree
7	707517	0.0	solcap_stsnp_c1_11523	SNP	7	ST4.03ch07	588227	588227	588227	chr07	707517	+	60	0.9904617511574276	174557	1	cigar_aligned_base	lifted_chr_agree
7	1777118	2.985	pPt-457784	DArT_marker	7	ST4.03ch07	1718146	1718756	1718451	chr07	1777118	+	60	0.9934534311449531	21400	1	cigar_aligned_base	lifted_chr_agree
7	1964588	3.231	solcap_stsnp_c1_13563	SNP	7	ST4.03ch07	1908011	1908011	1908011	chr07	1964588	+	60	0.9940399145119051	33108	1	cigar_aligned_base	lifted_chr_agree
7	2550535	4.562	solcap_stsnp_c1_8163	SNP	7	ST4.03ch07	2586450	2586450	2586450	chr07	2550535	+	60	0.9948690795859965	81415	1	cigar_aligned_base	lifted_chr_agree
7	3303107	9.087	solcap_stsnp_c1_10959	SNP	7	ST4.03ch07	3477893	3477893	3477893	chr07	3303107	+	60	0.9755908485559244	50242	1	cigar_aligned_base	lifted_chr_agree
7	3407150	8.738	solcap_stsnp_c1_10985	SNP	7	ST4.03ch07	3588118	3588118	3588118	chr07	3407150	+	60	0.9961552484173544	30057	1	cigar_aligned_base	lifted_chr_agree
7	3960282	8.714	solcap_stsnp_c1_13776	SNP	7	ST4.03ch07	4159979	4159979	4159979	chr07	3960282	+	60	0.9998670124343374	30074	1	cigar_aligned_base	lifted_chr_agree
7	6096223	11.434	solcap_stsnp_c1_11935	SNP	7	ST4.03ch07	6466545	6466545	6466545	chr07	6096223	+	60	0.984584425990676	110147	1	cigar_aligned_base	lifted_chr_agree
7	6982491	12.249	pPt-471502	DArT_marker	7	ST4.03ch07	7458916	7459322	7459119	chr07	6982491	+	60	0.9963797734438865	86976	1	cigar_aligned_base	lifted_chr_agree
7	36788141	17.964	solcap_stsnp_c1_2672	SNP	7	ST4.03ch07	34754163	34754163	34754163	chr07	36788141	+	60	0.9951570918336461	33036	1	cigar_aligned_base	lifted_chr_agree
7	37737782	17.66	solcap_stsnp_c1_513	SNP	7	ST4.03ch07	35757925	35757925	35757925	chr07	37737782	+	60	0.8158929552579697	80702	1	cigar_aligned_base	lifted_chr_agree
7	38834428	17.656	solcap_stsnp_c1_480	SNP	7	ST4.03ch07	36868686	36868686	36868686	chr07	38834428	+	60	0.9902772597289569	40467	1	cigar_aligned_base	lifted_chr_agree
7	39206389	18.719	solcap_stsnp_c1_499	SNP	7	ST4.03ch07	37222437	37222437	37222437	chr07	39206389	+	60	0.9836277865137361	43265	1	cigar_aligned_base	lifted_chr_agree
7	40163523	18.989	PM0062	repeat_region	7	ST4.03ch07	38142690	38142844	38142767	chr07	40163523	+	60	0.9948981926332647	43761	1	cigar_aligned_base	lifted_chr_agree
7	40931544	20.081	solcap_stsnp_c1_1547	SNP	7	ST4.03ch07	38879205	38879205	38879205	chr07	40931544	+	60	0.9952022590505956	72856	1	cigar_aligned_base	lifted_chr_agree
7	41028350	16.133	pPt-653774	DArT_marker	7	ST4.03ch07	38957039	38957428	38957233	chr07	41028350	+	60	0.6941319214648136	46407	1	cigar_aligned_base	lifted_chr_agree
7	41802263	20.061	solcap_stsnp_c1_15703	SNP	7	ST4.03ch07	40014790	40014790	40014790	chr07	41802263	+	60	0.9761901085496348	65559	1	cigar_aligned_base	lifted_chr_agree
7	42043713	21.168	pPt-473141	DArT_marker	7	ST4.03ch07	40259033	40259756	40259394	chr07	42043713	+	60	0.9758131609281813	100658	1	cigar_aligned_base	lifted_chr_agree
7	42043713	21.54	pPt-471799	DArT_marker	7	ST4.03ch07	40259033	40259756	40259394	chr07	42043713	+	60	0.9758131609281813	100658	1	cigar_aligned_base	lifted_chr_agree
7	42363903	22.057	PM0378	repeat_region	7	ST4.03ch07	40580534	40580678	40580606	chr07	42363903	+	60	0.9893764434180139	49382	1	cigar_aligned_base	lifted_chr_agree
7	42776916	23.593	pPt-471395	DArT_marker	7	ST4.03ch07	40995113	40995523	40995318	chr07	42776916	+	60	0.995050570260383	61047	1	cigar_aligned_base	lifted_chr_agree
7	42776916	23.599	pPt-655523	DArT_marker	7	ST4.03ch07	40995113	40995523	40995318	chr07	42776916	+	60	0.995050570260383	61047	1	cigar_aligned_base	lifted_chr_agree
7	42776916	23.637	pPt-651645	DArT_marker	7	ST4.03ch07	40995113	40995523	40995318	chr07	42776916	+	60	0.995050570260383	61047	1	cigar_aligned_base	lifted_chr_agree
7	42805703	23.718	solcap_stsnp_c1_3157	SNP	7	ST4.03ch07	41024627	41024627	41024627	chr07	42805703	+	60	0.995050570260383	61047	1	cigar_aligned_base	lifted_chr_agree
7	42816299	23.737	pPt-470983	DArT_marker	7	ST4.03ch07	41035076	41035339	41035207	chr07	42816299	+	60	0.995050570260383	61047	1	cigar_aligned_base	lifted_chr_agree
7	42816299	23.737	pPt-536523	DArT_marker	7	ST4.03ch07	41035076	41035339	41035207	chr07	42816299	+	60	0.995050570260383	61047	1	cigar_aligned_base	lifted_chr_agree
7	42816299	23.737	pPt-536765	DArT_marker	7	ST4.03ch07	41035076	41035339	41035207	chr07	42816299	+	60	0.995050570260383	61047	1	cigar_aligned_base	lifted_chr_agree
7	42816299	23.743	pPt-653377	DArT_marker	7	ST4.03ch07	41035076	41035339	41035207	chr07	42816299	+	60	0.995050570260383	61047	1	cigar_aligned_base	lifted_chr_agree
7	42816299	23.753	pPt-471145	DArT_marker	7	ST4.03ch07	41035076	41035339	41035207	chr07	42816299	+	60	0.995050570260383	61047	1	cigar_aligned_base	lifted_chr_agree
7	42816299	23.806	pPt-654638	DArT_marker	7	ST4.03ch07	41035076	41035339	41035207	chr07	42816299	+	60	0.995050570260383	61047	1	cigar_aligned_base	lifted_chr_agree
7	42905909	21.748	pPt-650032	DArT_marker	7	ST4.03ch07	41125199	41125891	41125545	chr07	42905909	+	60	0.9914876138407717	70139	1	cigar_aligned_base	lifted_chr_agree
7	42924498	24.555	solcap_stsnp_c1_3164	SNP	7	ST4.03ch07	41144119	41144119	41144119	chr07	42924498	+	60	0.9914876138407717	70139	1	cigar_aligned_base	lifted_chr_agree
7	43259765	25.019	solcap_stsnp_c1_14131	SNP	7	ST4.03ch07	41535900	41535900	41535900	chr07	43259765	+	60	0.9997521224515089	16137	1	cigar_aligned_base	lifted_chr_agree
7	43596257	26.686	solcap_stsnp_c1_7505	SNP	7	ST4.03ch07	41886603	41886603	41886603	chr07	43596257	+	60	0.9818501262804524	63052	1	cigar_aligned_base	lifted_chr_agree
7	43818233	26.662	PM1300	repeat_region	7	ST4.03ch07	42104380	42104526	42104453	chr07	43818233	+	60	0.9968821309956847	89129	1	cigar_aligned_base	lifted_chr_agree
7	44206993	28.701	toPt-439283	DArT_marker	7	ST4.03ch07	42492088	42492465	42492276	chr07	44206993	+	60	0.9991872855336825	22140	1	cigar_aligned_base	lifted_chr_agree
7	44340304	26.06	solcap_stsnp_c1_7378	SNP	7	ST4.03ch07	42672779	42672779	42672779	chr07	44340304	+	60	0.987363040020019	56162	1	cigar_aligned_base	lifted_chr_agree
7	45551001	30.844	pPt-458625	DArT_marker	7	ST4.03ch07	44021714	44022378	44022046	chr07	45551001	+	60	0.999136628534427	18531	1	cigar_aligned_base	lifted_chr_agree
7	45551032	30.71	pPt-458072	DArT_marker	7	ST4.03ch07	44021714	44022441	44022077	chr07	45551032	+	60	0.999136628534427	18531	1	cigar_aligned_base	lifted_chr_agree
7	45551032	30.844	pPt-536420	DArT_marker	7	ST4.03ch07	44021714	44022441	44022077	chr07	45551032	+	60	0.999136628534427	18531	1	cigar_aligned_base	lifted_chr_agree
7	45551036	30.844	pPt-537308	DArT_marker	7	ST4.03ch07	44021722	44022441	44022081	chr07	45551036	+	60	0.999136628534427	18531	1	cigar_aligned_base	lifted_chr_agree
7	45917172	33.209	solcap_stsnp_c1_11480	SNP	7	ST4.03ch07	44417406	44417406	44417406	chr07	45917172	+	60	0.9920300257192416	67038	1	cigar_aligned_base	lifted_chr_agree
7	46503550	34.276	MICRO.1442.C1_559	match	7	ST4.03ch07	45012312	45012432	45012372	chr07	46503550	+	60	0.9999324962872957	14813	1	cigar_aligned_base	lifted_chr_agree
7	46645602	32.819	pPt-456752	DArT_marker	7	ST4.03ch07	45155864	45156179	45156021	chr07	46645602	+	60	0.9888427607680332	50093	1	cigar_aligned_base	lifted_chr_agree
7	48305218	40.502	pPt-654476	DArT_marker	7	ST4.03ch07	46942356	46942722	46942539	chr07	48305218	+	60	0.9985516774814434	106223	1	cigar_aligned_base	lifted_chr_agree
7	48420904	43.89	MICRO.381.C1_1588	match	7	ST4.03ch07	47102837	47102957	47102897	chr07	48420904	+	60	0.9829051931251155	80635	1	cigar_aligned_base	lifted_chr_agree
7	48569615	42.701	pPt-456702	DArT_marker	7	ST4.03ch07	47307064	47307450	47307257	chr07	48569615	+	60	0.9880773309003033	80931	1	cigar_aligned_base	lifted_chr_agree
7	48569615	42.701	pPt-474056	DArT_marker	7	ST4.03ch07	47307064	47307450	47307257	chr07	48569615	+	60	0.9880773309003033	80931	1	cigar_aligned_base	lifted_chr_agree
7	48569615	42.701	pPt-654764	DArT_marker	7	ST4.03ch07	47307064	47307450	47307257	chr07	48569615	+	60	0.9880773309003033	80931	1	cigar_aligned_base	lifted_chr_agree
7	48814328	43.254	solcap_stsnp_c1_7986	SNP	7	ST4.03ch07	47557387	47557387	47557387	chr07	48814328	+	60	0.9708753050115748	63860	1	cigar_aligned_base	lifted_chr_agree
7	50710645	44.577	solcap_stsnp_c1_10457	SNP	7	ST4.03ch07	49665986	49665986	49665986	chr07	50710645	+	60	0.9928149556613775	59791	1	cigar_aligned_base	lifted_chr_agree
7	52065648	49.52	pPt-534974	DArT_marker	7	ST4.03ch07	51037783	51038303	51038043	chr07	52065648	+	60	0.9842959168265224	180573	1	cigar_aligned_base	lifted_chr_agree
7	52065648	49.701	pPt-536459	DArT_marker	7	ST4.03ch07	51037783	51038303	51038043	chr07	52065648	+	60	0.9842959168265224	180573	1	cigar_aligned_base	lifted_chr_agree
7	52065648	49.701	pPt-540134	DArT_marker	7	ST4.03ch07	51037783	51038303	51038043	chr07	52065648	+	60	0.9842959168265224	180573	1	cigar_aligned_base	lifted_chr_agree
7	52065648	49.701	pPt-559458	DArT_marker	7	ST4.03ch07	51037783	51038303	51038043	chr07	52065648	+	60	0.9842959168265224	180573	1	cigar_aligned_base	lifted_chr_agree
7	52065657	49.662	pPt-538032	DArT_marker	7	ST4.03ch07	51037783	51038322	51038052	chr07	52065657	+	60	0.9842959168265224	180573	1	cigar_aligned_base	lifted_chr_agree
7	52065657	49.701	pPt-535682	DArT_marker	7	ST4.03ch07	51037783	51038322	51038052	chr07	52065657	+	60	0.9842959168265224	180573	1	cigar_aligned_base	lifted_chr_agree
7	52065657	49.701	pPt-536453	DArT_marker	7	ST4.03ch07	51037783	51038322	51038052	chr07	52065657	+	60	0.9842959168265224	180573	1	cigar_aligned_base	lifted_chr_agree
7	52065657	49.895	pPt-458491	DArT_marker	7	ST4.03ch07	51037783	51038322	51038052	chr07	52065657	+	60	0.9842959168265224	180573	1	cigar_aligned_base	lifted_chr_agree
7	52098992	50.116	solcap_stsnp_c1_9894	SNP	7	ST4.03ch07	51072311	51072311	51072311	chr07	52098992	+	60	0.9842959168265224	180573	1	cigar_aligned_base	lifted_chr_agree
7	52498605	50.491	solcap_stsnp_c1_8687	SNP	7	ST4.03ch07	51525589	51525589	51525589	chr07	52498605	+	60	0.9981504485852312	36179	1	cigar_aligned_base	lifted_chr_agree
7	52974360	53.523	solcap_stsnp_c1_8704	SNP	7	ST4.03ch07	51997428	51997428	51997428	chr07	52974360	+	60	0.999755108704525	36746	1	cigar_aligned_base	lifted_chr_agree
7	53799659	56.745	solcap_stsnp_c1_4045	SNP	7	ST4.03ch07	52826938	52826938	52826938	chr07	53799659	+	60	0.9978918030443793	28044	1	cigar_aligned_base	lifted_chr_agree
7	54633421	58.595	toPt-437364	DArT_marker	7	ST4.03ch07	53697115	53697759	53697437	chr07	54633421	+	60	0.9958810876543774	162877	1	cigar_aligned_base	lifted_chr_agree
7	54633421	58.638	toPt-439886	DArT_marker	7	ST4.03ch07	53697115	53697759	53697437	chr07	54633421	+	60	0.9958810876543774	162877	1	cigar_aligned_base	lifted_chr_agree
7	54633421	59.44	toPt-437358	DArT_marker	7	ST4.03ch07	53697115	53697759	53697437	chr07	54633421	+	60	0.9958810876543774	162877	1	cigar_aligned_base	lifted_chr_agree
7	54633422	58.595	pPt-657441	DArT_marker	7	ST4.03ch07	53697115	53697761	53697438	chr07	54633422	+	60	0.9958810876543774	162877	1	cigar_aligned_base	lifted_chr_agree
7	54633569	58.595	pPt-472393	DArT_marker	7	ST4.03ch07	53697115	53698055	53697585	chr07	54633569	+	60	0.9958810876543774	162877	1	cigar_aligned_base	lifted_chr_agree
7	54633569	58.601	pPt-651978	DArT_marker	7	ST4.03ch07	53697115	53698055	53697585	chr07	54633569	+	60	0.9958810876543774	162877	1	cigar_aligned_base	lifted_chr_agree
7	54699766	57.539	pPt-650152	DArT_marker	7	ST4.03ch07	53764094	53764591	53764342	chr07	54699766	+	60	0.9957737104825292	60567	1	cigar_aligned_base	lifted_chr_agree
7	54699766	57.547	pPt-537778	DArT_marker	7	ST4.03ch07	53764094	53764591	53764342	chr07	54699766	+	60	0.9957737104825292	60567	1	cigar_aligned_base	lifted_chr_agree
7	54699766	57.548	pPt-537919	DArT_marker	7	ST4.03ch07	53764094	53764591	53764342	chr07	54699766	+	60	0.9957737104825292	60567	1	cigar_aligned_base	lifted_chr_agree
7	54699766	57.55	pPt-537524	DArT_marker	7	ST4.03ch07	53764094	53764591	53764342	chr07	54699766	+	60	0.9957737104825292	60567	1	cigar_aligned_base	lifted_chr_agree
7	55420180	61.614	pPt-471273	DArT_marker	7	ST4.03ch07	54509561	54510324	54509942	chr07	55420180	+	60	0.9857450592028221	69057	1	cigar_aligned_base	lifted_chr_agree
7	55702706	62.147	pPt-656739	DArT_marker	7	ST4.03ch07	54784029	54784418	54784223	chr07	55702706	+	60	0.9886206767899116	189786	1	cigar_aligned_base	lifted_chr_agree
7	55702706	62.16	pPt-654556	DArT_marker	7	ST4.03ch07	54784029	54784418	54784223	chr07	55702706	+	60	0.9886206767899116	189786	1	cigar_aligned_base	lifted_chr_agree
7	55767754	62.093	pPt-459335	DArT_marker	7	ST4.03ch07	54849089	54849460	54849274	chr07	55767754	+	60	0.9886206767899116	189786	1	cigar_aligned_base	lifted_chr_agree
7	55767754	62.173	pPt-539276	DArT_marker	7	ST4.03ch07	54849089	54849460	54849274	chr07	55767754	+	60	0.9886206767899116	189786	1	cigar_aligned_base	lifted_chr_agree
7	56166710	63.43	pPt-456574	DArT_marker	7	ST4.03ch07	55259255	55259941	55259598	chr07	56166710	+	60	0.9884913275880877	146605	1	cigar_aligned_base	lifted_chr_agree
7	56166710	63.43	pPt-457969	DArT_marker	7	ST4.03ch07	55259255	55259941	55259598	chr07	56166710	+	60	0.9884913275880877	146605	1	cigar_aligned_base	lifted_chr_agree
7	56166710	63.43	pPt-471686	DArT_marker	7	ST4.03ch07	55259255	55259941	55259598	chr07	56166710	+	60	0.9884913275880877	146605	1	cigar_aligned_base	lifted_chr_agree
7	56166710	63.43	pPt-539050	DArT_marker	7	ST4.03ch07	55259255	55259941	55259598	chr07	56166710	+	60	0.9884913275880877	146605	1	cigar_aligned_base	lifted_chr_agree
7	56166710	63.434	pPt-471856	DArT_marker	7	ST4.03ch07	55259255	55259941	55259598	chr07	56166710	+	60	0.9884913275880877	146605	1	cigar_aligned_base	lifted_chr_agree
7	56166710	63.438	pPt-457779	DArT_marker	7	ST4.03ch07	55259255	55259941	55259598	chr07	56166710	+	60	0.9884913275880877	146605	1	cigar_aligned_base	lifted_chr_agree
7	56384329	62.711	pPt-537071	DArT_marker	7	ST4.03ch07	55481229	55481417	55481323	chr07	56384329	+	60	0.9911486670839552	125861	1	cigar_aligned_base	lifted_chr_agree
7	56384329	62.719	pPt-533574	DArT_marker	7	ST4.03ch07	55481229	55481417	55481323	chr07	56384329	+	60	0.9911486670839552	125861	1	cigar_aligned_base	lifted_chr_agree
7	56384329	62.737	pPt-535925	DArT_marker	7	ST4.03ch07	55481229	55481417	55481323	chr07	56384329	+	60	0.9911486670839552	125861	1	cigar_aligned_base	lifted_chr_agree
7	56445834	61.66	pPt-652491	DArT_marker	7	ST4.03ch07	55546189	55546534	55546361	chr07	56445834	+	60	0.9941390364097411	41798	1	cigar_aligned_base	lifted_chr_agree
7	56651862	63.806	solcap_stsnp_c1_8815	SNP	7	ST4.03ch07	55754417	55754417	55754417	chr07	56651862	+	60	0.9876855651062725	201239	1	cigar_aligned_base	lifted_chr_agree
7	56801943	62.715	pPt-653355	DArT_marker	7	ST4.03ch07	55905753	55906508	55906130	chr07	56801943	+	60	0.9953331276745528	257008	1	cigar_aligned_base	lifted_chr_agree
7	56916171	64.94	pPt-656876	DArT_marker	7	ST4.03ch07	56020877	56021789	56021333	chr07	56916171	+	60	0.9953331276745528	257008	1	cigar_aligned_base	lifted_chr_agree
7	57383958	67.064	STM3009	repeat_region	7	ST4.03ch07	56498441	56498586	56498513	chr07	57383958	+	60	0.9948263883756338	67866	1	cigar_aligned_base	lifted_chr_agree
7	57433724	66.796	MICRO.1437.C1_390	match	7	ST4.03ch07	56548595	56548715	56548655	chr07	57433724	+	60	0.9858986347484571	26734	1	cigar_aligned_base	lifted_chr_agree
8	2404959	11.123	pPt-536600	DArT_marker	8	ST4.03ch08	1770993	1771431	1771212	chr08	2404959	+	60	0.9914575277377613	44091	1	cigar_aligned_base	lifted_chr_agree
8	2404959	11.496	pPt-535256	DArT_marker	8	ST4.03ch08	1770993	1771431	1771212	chr08	2404959	+	60	0.9914575277377613	44091	1	cigar_aligned_base	lifted_chr_agree
8	2404959	11.818	pPt-654861	DArT_marker	8	ST4.03ch08	1770993	1771431	1771212	chr08	2404959	+	60	0.9914575277377613	44091	1	cigar_aligned_base	lifted_chr_agree
8	2404959	11.836	pPt-536985	DArT_marker	8	ST4.03ch08	1770993	1771431	1771212	chr08	2404959	+	60	0.9914575277377613	44091	1	cigar_aligned_base	lifted_chr_agree
8	2404959	11.838	pPt-535397	DArT_marker	8	ST4.03ch08	1770993	1771431	1771212	chr08	2404959	+	60	0.9914575277377613	44091	1	cigar_aligned_base	lifted_chr_agree
8	2404959	11.848	pPt-654186	DArT_marker	8	ST4.03ch08	1770993	1771431	1771212	chr08	2404959	+	60	0.9914575277377613	44091	1	cigar_aligned_base	lifted_chr_agree
8	2404959	12.158	toPt-439085	DArT_marker	8	ST4.03ch08	1770993	1771431	1771212	chr08	2404959	+	60	0.9914575277377613	44091	1	cigar_aligned_base	lifted_chr_agree
8	2404959	12.255	pPt-536330	DArT_marker	8	ST4.03ch08	1770993	1771431	1771212	chr08	2404959	+	60	0.9914575277377613	44091	1	cigar_aligned_base	lifted_chr_agree
8	2404959	12.38	pPt-654072	DArT_marker	8	ST4.03ch08	1770993	1771431	1771212	chr08	2404959	+	60	0.9914575277377613	44091	1	cigar_aligned_base	lifted_chr_agree
8	2404959	12.681	pPt-650234	DArT_marker	8	ST4.03ch08	1770993	1771431	1771212	chr08	2404959	+	60	0.9914575277377613	44091	1	cigar_aligned_base	lifted_chr_agree
8	3532796	11.852	pPt-536257	DArT_marker	8	ST4.03ch08	2913343	2913881	2913612	chr08	3532796	+	60	0.9752083013852682	39202	1	cigar_aligned_base	lifted_chr_agree
8	3532796	11.974	pPt-650705	DArT_marker	8	ST4.03ch08	2913343	2913881	2913612	chr08	3532796	+	60	0.9752083013852682	39202	1	cigar_aligned_base	lifted_chr_agree
8	4399786	10.679	solcap_stsnp_c1_7740	SNP	8	ST4.03ch08	3575848	3575848	3575848	chr08	4399786	+	60	0.9744793622970661	48506	1	cigar_aligned_base	lifted_chr_agree
8	4596385	12.496	solcap_stsnp_c1_10248	SNP	8	ST4.03ch08	3773576	3773576	3773576	chr08	4596385	+	60	0.9942931681069623	55194	1	cigar_aligned_base	lifted_chr_agree
8	5692745	14.87	pPt-552322	DArT_marker	8	ST4.03ch08	4846507	4846728	4846617	chr08	5692745	+	60	0.9904853033767439	245620	1	cigar_aligned_base	lifted_chr_agree
8	5692745	15.705	pPt-539822	DArT_marker	8	ST4.03ch08	4846507	4846728	4846617	chr08	5692745	+	60	0.9904853033767439	245620	1	cigar_aligned_base	lifted_chr_agree
8	6321786	15.476	solcap_stsnp_c1_8381	SNP	8	ST4.03ch08	5482413	5482413	5482413	chr08	6321786	+	60	0.9757243061909119	33621	1	cigar_aligned_base	lifted_chr_agree
8	6360631	17.137	pPt-538019	DArT_marker	8	ST4.03ch08	5521548	5521861	5521704	chr08	6360631	+	60	0.9840844747111486	13248	1	cigar_aligned_base	lifted_chr_agree
8	6621353	17.641	pPt-654824	DArT_marker	8	ST4.03ch08	5796610	5796942	5796776	chr08	6621353	+	60	0.9703763471846003	52311	1	cigar_aligned_base	lifted_chr_agree
8	6621355	16.622	toPt-441100	DArT_marker	8	ST4.03ch08	5796610	5796947	5796778	chr08	6621355	+	60	0.9703763471846003	52311	1	cigar_aligned_base	lifted_chr_agree
8	6621355	17.621	pPt-458577	DArT_marker	8	ST4.03ch08	5796610	5796947	5796778	chr08	6621355	+	60	0.9703763471846003	52311	1	cigar_aligned_base	lifted_chr_agree
8	6621355	17.626	pPt-459421	DArT_marker	8	ST4.03ch08	5796610	5796947	5796778	chr08	6621355	+	60	0.9703763471846003	52311	1	cigar_aligned_base	lifted_chr_agree
8	6621355	17.627	pPt-458451	DArT_marker	8	ST4.03ch08	5796610	5796947	5796778	chr08	6621355	+	60	0.9703763471846003	52311	1	cigar_aligned_base	lifted_chr_agree
8	6621355	17.634	pPt-456608	DArT_marker	8	ST4.03ch08	5796610	5796947	5796778	chr08	6621355	+	60	0.9703763471846003	52311	1	cigar_aligned_base	lifted_chr_agree
8	6621355	17.641	pPt-472630	DArT_marker	8	ST4.03ch08	5796610	5796947	5796778	chr08	6621355	+	60	0.9703763471846003	52311	1	cigar_aligned_base	lifted_chr_agree
8	6621355	17.641	pPt-533828	DArT_marker	8	ST4.03ch08	5796610	5796947	5796778	chr08	6621355	+	60	0.9703763471846003	52311	1	cigar_aligned_base	lifted_chr_agree
8	6621355	17.641	pPt-534254	DArT_marker	8	ST4.03ch08	5796610	5796947	5796778	chr08	6621355	+	60	0.9703763471846003	52311	1	cigar_aligned_base	lifted_chr_agree
8	6621355	17.641	pPt-534865	DArT_marker	8	ST4.03ch08	5796610	5796947	5796778	chr08	6621355	+	60	0.9703763471846003	52311	1	cigar_aligned_base	lifted_chr_agree
8	6621355	17.641	pPt-534921	DArT_marker	8	ST4.03ch08	5796610	5796947	5796778	chr08	6621355	+	60	0.9703763471846003	52311	1	cigar_aligned_base	lifted_chr_agree
8	6621355	17.641	pPt-535317	DArT_marker	8	ST4.03ch08	5796610	5796947	5796778	chr08	6621355	+	60	0.9703763471846003	52311	1	cigar_aligned_base	lifted_chr_agree
8	6621355	17.641	pPt-535761	DArT_marker	8	ST4.03ch08	5796610	5796947	5796778	chr08	6621355	+	60	0.9703763471846003	52311	1	cigar_aligned_base	lifted_chr_agree
8	6621355	17.641	pPt-535784	DArT_marker	8	ST4.03ch08	5796610	5796947	5796778	chr08	6621355	+	60	0.9703763471846003	52311	1	cigar_aligned_base	lifted_chr_agree
8	6621355	17.641	pPt-535983	DArT_marker	8	ST4.03ch08	5796610	5796947	5796778	chr08	6621355	+	60	0.9703763471846003	52311	1	cigar_aligned_base	lifted_chr_agree
8	6621355	17.641	pPt-536560	DArT_marker	8	ST4.03ch08	5796610	5796947	5796778	chr08	6621355	+	60	0.9703763471846003	52311	1	cigar_aligned_base	lifted_chr_agree
8	6621355	17.641	pPt-537369	DArT_marker	8	ST4.03ch08	5796610	5796947	5796778	chr08	6621355	+	60	0.9703763471846003	52311	1	cigar_aligned_base	lifted_chr_agree
8	6621355	17.641	pPt-537915	DArT_marker	8	ST4.03ch08	5796610	5796947	5796778	chr08	6621355	+	60	0.9703763471846003	52311	1	cigar_aligned_base	lifted_chr_agree
8	6621355	17.641	pPt-539400	DArT_marker	8	ST4.03ch08	5796610	5796947	5796778	chr08	6621355	+	60	0.9703763471846003	52311	1	cigar_aligned_base	lifted_chr_agree
8	6621355	17.641	pPt-539876	DArT_marker	8	ST4.03ch08	5796610	5796947	5796778	chr08	6621355	+	60	0.9703763471846003	52311	1	cigar_aligned_base	lifted_chr_agree
8	6621355	17.641	pPt-552674	DArT_marker	8	ST4.03ch08	5796610	5796947	5796778	chr08	6621355	+	60	0.9703763471846003	52311	1	cigar_aligned_base	lifted_chr_agree
8	6621355	17.641	pPt-651799	DArT_marker	8	ST4.03ch08	5796610	5796947	5796778	chr08	6621355	+	60	0.9703763471846003	52311	1	cigar_aligned_base	lifted_chr_agree
8	6621355	17.641	pPt-654979	DArT_marker	8	ST4.03ch08	5796610	5796947	5796778	chr08	6621355	+	60	0.9703763471846003	52311	1	cigar_aligned_base	lifted_chr_agree
8	6621355	17.641	pPt-657575	DArT_marker	8	ST4.03ch08	5796610	5796947	5796778	chr08	6621355	+	60	0.9703763471846003	52311	1	cigar_aligned_base	lifted_chr_agree
8	6846144	16.231	pPt-540163	DArT_marker	8	ST4.03ch08	6024718	6025829	6025273	chr08	6846144	+	60	0.9600614439324117	78514	1	cigar_aligned_base	lifted_chr_agree
8	6846218	16.242	pPt-535167	DArT_marker	8	ST4.03ch08	6024713	6025982	6025347	chr08	6846218	+	60	0.9600614439324117	78514	1	cigar_aligned_base	lifted_chr_agree
8	6846218	16.254	pPt-535564	DArT_marker	8	ST4.03ch08	6024713	6025982	6025347	chr08	6846218	+	60	0.9600614439324117	78514	1	cigar_aligned_base	lifted_chr_agree
8	6846221	16.249	pPt-540053	DArT_marker	8	ST4.03ch08	6024718	6025982	6025350	chr08	6846221	+	60	0.9600614439324117	78514	1	cigar_aligned_base	lifted_chr_agree
8	6846460	16.254	pPt-472956	DArT_marker	8	ST4.03ch08	6025196	6025982	6025589	chr08	6846460	+	60	0.9600614439324117	78514	1	cigar_aligned_base	lifted_chr_agree
8	7332182	17.603	pPt-552386	DArT_marker	8	ST4.03ch08	6529848	6530243	6530045	chr08	7332182	+	60	0.985395114318004	22875	1	cigar_aligned_base	lifted_chr_agree
8	7332182	17.617	pPt-473897	DArT_marker	8	ST4.03ch08	6529848	6530243	6530045	chr08	7332182	+	60	0.985395114318004	22875	1	cigar_aligned_base	lifted_chr_agree
8	7332182	17.638	pPt-536516	DArT_marker	8	ST4.03ch08	6529848	6530243	6530045	chr08	7332182	+	60	0.985395114318004	22875	1	cigar_aligned_base	lifted_chr_agree
8	7332182	17.641	pPt-473632	DArT_marker	8	ST4.03ch08	6529848	6530243	6530045	chr08	7332182	+	60	0.985395114318004	22875	1	cigar_aligned_base	lifted_chr_agree
8	7332182	17.641	pPt-533695	DArT_marker	8	ST4.03ch08	6529848	6530243	6530045	chr08	7332182	+	60	0.985395114318004	22875	1	cigar_aligned_base	lifted_chr_agree
8	7332182	17.641	pPt-650744	DArT_marker	8	ST4.03ch08	6529848	6530243	6530045	chr08	7332182	+	60	0.985395114318004	22875	1	cigar_aligned_base	lifted_chr_agree
8	7332182	17.641	pPt-651154	DArT_marker	8	ST4.03ch08	6529848	6530243	6530045	chr08	7332182	+	60	0.985395114318004	22875	1	cigar_aligned_base	lifted_chr_agree
8	7332182	17.641	pPt-653216	DArT_marker	8	ST4.03ch08	6529848	6530243	6530045	chr08	7332182	+	60	0.985395114318004	22875	1	cigar_aligned_base	lifted_chr_agree
8	8091997	16.102	solcap_stsnp_c1_15451	SNP	8	ST4.03ch08	7440493	7440493	7440493	chr08	8091997	+	60	0.9947267200198523	16116	1	cigar_aligned_base	lifted_chr_agree
8	8472056	17.856	solcap_stsnp_c1_14167	SNP	8	ST4.03ch08	7796733	7796733	7796733	chr08	8472056	+	60	0.9942844964544504	51478	1	cigar_aligned_base	lifted_chr_agree
8	30025340	19.828	solcap_stsnp_c1_6262	SNP	8	ST4.03ch08	20584401	20584401	20584401	chr08	30025340	-	60	0.9958027590255356	34091	1	cigar_aligned_base	lifted_chr_agree
8	32376862	21.378	pPt-458602	DArT_marker	8	ST4.03ch08	18223895	18224807	18224351	chr08	32376862	-	60	0.9919900213399057	66528	1	cigar_aligned_base	lifted_chr_agree
8	32376862	21.378	pPt-471176	DArT_marker	8	ST4.03ch08	18223895	18224807	18224351	chr08	32376862	-	60	0.9919900213399057	66528	1	cigar_aligned_base	lifted_chr_agree
8	32376862	21.378	pPt-533735	DArT_marker	8	ST4.03ch08	18223895	18224807	18224351	chr08	32376862	-	60	0.9919900213399057	66528	1	cigar_aligned_base	lifted_chr_agree
8	36863638	23.574	PM1305	repeat_region	8	ST4.03ch08	33316584	33316731	33316657	chr08	36863638	+	60	0.9965098472167813	28075	1	cigar_aligned_base	lifted_chr_agree
8	38130833	25.092	solcap_stsnp_c1_9824	SNP	8	ST4.03ch08	34577448	34577448	34577448	chr08	38130833	+	60	0.9976549933138239	51534	1	cigar_aligned_base	lifted_chr_agree
8	38300248	25.921	solcap_stsnp_c1_9821	SNP	8	ST4.03ch08	34744066	34744066	34744066	chr08	38300248	+	60	0.9989326429577144	44129	1	cigar_aligned_base	lifted_chr_agree
8	38684199	25.783	PM0495	repeat_region	8	ST4.03ch08	35135904	35136025	35135964	chr08	38684199	+	60	0.9588600104151872	23929	1	cigar_aligned_base	lifted_chr_agree
8	38961474	25.817	solcap_stsnp_c1_11720	SNP	8	ST4.03ch08	35418204	35418204	35418204	chr08	38961474	+	60	0.9952255350405662	30550	1	cigar_aligned_base	lifted_chr_agree
8	40872159	29.947	pPt-650709	DArT_marker	8	ST4.03ch08	37454465	37454869	37454667	chr08	40872159	+	60	0.9933596955905394	97012	1	cigar_aligned_base	lifted_chr_agree
8	40872315	29.939	pPt-457647	DArT_marker	8	ST4.03ch08	37454465	37455182	37454823	chr08	40872315	+	60	0.9933596955905394	97012	1	cigar_aligned_base	lifted_chr_agree
8	40872315	29.947	pPt-471803	DArT_marker	8	ST4.03ch08	37454465	37455182	37454823	chr08	40872315	+	60	0.9933596955905394	97012	1	cigar_aligned_base	lifted_chr_agree
8	40872315	29.947	pPt-533903	DArT_marker	8	ST4.03ch08	37454465	37455182	37454823	chr08	40872315	+	60	0.9933596955905394	97012	1	cigar_aligned_base	lifted_chr_agree
8	40872315	29.947	pPt-534611	DArT_marker	8	ST4.03ch08	37454465	37455182	37454823	chr08	40872315	+	60	0.9933596955905394	97012	1	cigar_aligned_base	lifted_chr_agree
8	40872315	29.947	pPt-534973	DArT_marker	8	ST4.03ch08	37454465	37455182	37454823	chr08	40872315	+	60	0.9933596955905394	97012	1	cigar_aligned_base	lifted_chr_agree
8	40872315	29.947	pPt-535207	DArT_marker	8	ST4.03ch08	37454465	37455182	37454823	chr08	40872315	+	60	0.9933596955905394	97012	1	cigar_aligned_base	lifted_chr_agree
8	40872315	29.947	pPt-536425	DArT_marker	8	ST4.03ch08	37454465	37455182	37454823	chr08	40872315	+	60	0.9933596955905394	97012	1	cigar_aligned_base	lifted_chr_agree
8	40872315	29.947	pPt-537375	DArT_marker	8	ST4.03ch08	37454465	37455182	37454823	chr08	40872315	+	60	0.9933596955905394	97012	1	cigar_aligned_base	lifted_chr_agree
8	40872315	29.947	pPt-552202	DArT_marker	8	ST4.03ch08	37454465	37455182	37454823	chr08	40872315	+	60	0.9933596955905394	97012	1	cigar_aligned_base	lifted_chr_agree
8	40872315	29.947	pPt-652007	DArT_marker	8	ST4.03ch08	37454465	37455182	37454823	chr08	40872315	+	60	0.9933596955905394	97012	1	cigar_aligned_base	lifted_chr_agree
8	40872315	29.947	pPt-652840	DArT_marker	8	ST4.03ch08	37454465	37455182	37454823	chr08	40872315	+	60	0.9933596955905394	97012	1	cigar_aligned_base	lifted_chr_agree
8	40872315	29.947	pPt-653371	DArT_marker	8	ST4.03ch08	37454465	37455182	37454823	chr08	40872315	+	60	0.9933596955905394	97012	1	cigar_aligned_base	lifted_chr_agree
8	40872315	29.947	pPt-655322	DArT_marker	8	ST4.03ch08	37454465	37455182	37454823	chr08	40872315	+	60	0.9933596955905394	97012	1	cigar_aligned_base	lifted_chr_agree
8	40872315	29.947	pPt-655913	DArT_marker	8	ST4.03ch08	37454465	37455182	37454823	chr08	40872315	+	60	0.9933596955905394	97012	1	cigar_aligned_base	lifted_chr_agree
8	40872315	29.958	pPt-473966	DArT_marker	8	ST4.03ch08	37454465	37455182	37454823	chr08	40872315	+	60	0.9933596955905394	97012	1	cigar_aligned_base	lifted_chr_agree
8	40872315	29.962	pPt-456696	DArT_marker	8	ST4.03ch08	37454465	37455182	37454823	chr08	40872315	+	60	0.9933596955905394	97012	1	cigar_aligned_base	lifted_chr_agree
8	40872315	29.962	pPt-653294	DArT_marker	8	ST4.03ch08	37454465	37455182	37454823	chr08	40872315	+	60	0.9933596955905394	97012	1	cigar_aligned_base	lifted_chr_agree
8	40872318	29.947	pPt-559585	DArT_marker	8	ST4.03ch08	37454470	37455182	37454826	chr08	40872318	+	60	0.9933596955905394	97012	1	cigar_aligned_base	lifted_chr_agree
8	42826029	26.91	pPt-653036	DArT_marker	8	ST4.03ch08	39687219	39687792	39687505	chr08	42826029	+	60	0.9950410685499348	65128	1	cigar_aligned_base	lifted_chr_agree
8	42826030	26.294	pPt-536995	DArT_marker	8	ST4.03ch08	39687220	39687792	39687506	chr08	42826030	+	60	0.9950410685499348	65128	1	cigar_aligned_base	lifted_chr_agree
8	42826030	26.7	pPt-534622	DArT_marker	8	ST4.03ch08	39687220	39687792	39687506	chr08	42826030	+	60	0.9950410685499348	65128	1	cigar_aligned_base	lifted_chr_agree
8	43117840	27.618	solcap_stsnp_c1_14109	SNP	8	ST4.03ch08	40060217	40060217	40060217	chr08	43117840	+	60	0.9815174103951803	39155	1	cigar_aligned_base	lifted_chr_agree
8	44459370	29.081	solcap_stsnp_c1_12166	SNP	8	ST4.03ch08	41635071	41635071	41635071	chr08	44459370	+	60	0.95829357575337	66325	1	cigar_aligned_base	lifted_chr_agree
8	45919434	37.056	solcap_stsnp_c1_6029	SNP	8	ST4.03ch08	43364866	43364866	43364866	chr08	45919434	+	60	0.9829914646721912	80578	1	cigar_aligned_base	lifted_chr_agree
8	47690843	38.252	solcap_stsnp_c1_5094	SNP	8	ST4.03ch08	45264835	45264835	45264835	chr08	47690843	+	60	0.9924601774537092	76904	1	cigar_aligned_base	lifted_chr_agree
8	47850822	55.508	pPt-539116	DArT_marker	8	ST4.03ch08	45425520	45425968	45425744	chr08	47850822	+	60	0.9825584179276001	83737	1	cigar_aligned_base	lifted_chr_agree
8	49096599	40.105	pPt-458325	DArT_marker	8	ST4.03ch08	46718470	46718957	46718713	chr08	49096599	+	60	0.9695287515839015	16539	1	cigar_aligned_base	lifted_chr_agree
8	49097136	40.171	pPt-470707	DArT_marker	8	ST4.03ch08	46718954	46719546	46719250	chr08	49097136	+	60	0.9695287515839015	16539	1	cigar_aligned_base	lifted_chr_agree
8	49097627	38.768	pPt-538788	DArT_marker	8	ST4.03ch08	46719543	46719939	46719741	chr08	49097627	+	60	0.9695287515839015	16539	1	cigar_aligned_base	lifted_chr_agree
8	49097627	41.175	pPt-540454	DArT_marker	8	ST4.03ch08	46719543	46719939	46719741	chr08	49097627	+	60	0.9695287515839015	16539	1	cigar_aligned_base	lifted_chr_agree
8	49098091	39.358	pPt-654934	DArT_marker	8	ST4.03ch08	46719936	46720475	46720205	chr08	49098091	+	60	0.9695287515839015	16539	1	cigar_aligned_base	lifted_chr_agree
8	50132511	48.691	pPt-471414	DArT_marker	8	ST4.03ch08	47913908	47914668	47914288	chr08	50132511	-	60	0.9920679886685553	1765	1	cigar_aligned_base	lifted_chr_agree
8	50559167	47.864	pPt-652927	DArT_marker	8	ST4.03ch08	47991532	47992266	47991899	chr08	50559167	+	60	0.9934368496878502	12484	1	cigar_aligned_base	lifted_chr_agree
8	51291201	45.063	pPt-536535	DArT_marker	8	ST4.03ch08	48738148	48738528	48738338	chr08	51291201	+	60	0.8784436066539982	177197	1	cigar_aligned_base	lifted_chr_agree
8	51291201	45.105	pPt-473161	DArT_marker	8	ST4.03ch08	48738148	48738528	48738338	chr08	51291201	+	60	0.8784436066539982	177197	1	cigar_aligned_base	lifted_chr_agree
8	51291201	45.246	pPt-651578	DArT_marker	8	ST4.03ch08	48738148	48738528	48738338	chr08	51291201	+	60	0.8784436066539982	177197	1	cigar_aligned_base	lifted_chr_agree
8	51291201	45.246	pPt-655631	DArT_marker	8	ST4.03ch08	48738148	48738528	48738338	chr08	51291201	+	60	0.8784436066539982	177197	1	cigar_aligned_base	lifted_chr_agree
8	51291201	45.246	pPt-655699	DArT_marker	8	ST4.03ch08	48738148	48738528	48738338	chr08	51291201	+	60	0.8784436066539982	177197	1	cigar_aligned_base	lifted_chr_agree
8	51291201	45.286	pPt-537377	DArT_marker	8	ST4.03ch08	48738148	48738528	48738338	chr08	51291201	+	60	0.8784436066539982	177197	1	cigar_aligned_base	lifted_chr_agree
8	51453176	42.436	pPt-540363	DArT_marker	8	ST4.03ch08	48895598	48895801	48895699	chr08	51453176	+	60	0.9931872393732947	58830	1	cigar_aligned_base	lifted_chr_agree
8	52479275	52.899	pPt-552015	DArT_marker	8	ST4.03ch08	50000406	50001318	50000862	chr08	52479275	+	60	0.9700918143614106	88713	1	cigar_aligned_base	lifted_chr_agree
8	52479275	54.0	pPt-472125	DArT_marker	8	ST4.03ch08	50000406	50001318	50000862	chr08	52479275	+	60	0.9700918143614106	88713	1	cigar_aligned_base	lifted_chr_agree
8	52479275	54.038	pPt-552419	DArT_marker	8	ST4.03ch08	50000406	50001318	50000862	chr08	52479275	+	60	0.9700918143614106	88713	1	cigar_aligned_base	lifted_chr_agree
8	52515079	56.397	STI0022	repeat_region	8	ST4.03ch08	50039007	50039119	50039063	chr08	52515079	+	60	0.9700918143614106	88713	1	cigar_aligned_base	lifted_chr_agree
8	52622373	56.619	pPt-472750	DArT_marker	8	ST4.03ch08	50146766	50147788	50147277	chr08	52622373	+	60	0.9990038738240177	9029	1	cigar_aligned_base	lifted_chr_agree
8	53103373	55.508	pPt-457562	DArT_marker	8	ST4.03ch08	50644649	50645405	50645027	chr08	53103373	+	60	0.995484753477224	82597	1	cigar_aligned_base	lifted_chr_agree
8	53103373	55.508	pPt-650700	DArT_marker	8	ST4.03ch08	50644649	50645405	50645027	chr08	53103373	+	60	0.995484753477224	82597	1	cigar_aligned_base	lifted_chr_agree
8	53103373	55.508	pPt-651318	DArT_marker	8	ST4.03ch08	50644649	50645405	50645027	chr08	53103373	+	60	0.995484753477224	82597	1	cigar_aligned_base	lifted_chr_agree
8	53103373	55.508	pPt-656593	DArT_marker	8	ST4.03ch08	50644649	50645405	50645027	chr08	53103373	+	60	0.995484753477224	82597	1	cigar_aligned_base	lifted_chr_agree
8	53103373	55.508	pPt-657155	DArT_marker	8	ST4.03ch08	50644649	50645405	50645027	chr08	53103373	+	60	0.995484753477224	82597	1	cigar_aligned_base	lifted_chr_agree
8	53149549	55.981	pPt-533914	DArT_marker	8	ST4.03ch08	50691187	50691701	50691444	chr08	53149549	+	60	0.995484753477224	82597	1	cigar_aligned_base	lifted_chr_agree
8	53149549	55.99	pPt-456633	DArT_marker	8	ST4.03ch08	50691187	50691701	50691444	chr08	53149549	+	60	0.995484753477224	82597	1	cigar_aligned_base	lifted_chr_agree
8	53149549	55.99	pPt-471609	DArT_marker	8	ST4.03ch08	50691187	50691701	50691444	chr08	53149549	+	60	0.995484753477224	82597	1	cigar_aligned_base	lifted_chr_agree
8	53149549	55.99	pPt-472146	DArT_marker	8	ST4.03ch08	50691187	50691701	50691444	chr08	53149549	+	60	0.995484753477224	82597	1	cigar_aligned_base	lifted_chr_agree
8	53149549	55.99	pPt-534069	DArT_marker	8	ST4.03ch08	50691187	50691701	50691444	chr08	53149549	+	60	0.995484753477224	82597	1	cigar_aligned_base	lifted_chr_agree
8	53149549	55.99	pPt-535408	DArT_marker	8	ST4.03ch08	50691187	50691701	50691444	chr08	53149549	+	60	0.995484753477224	82597	1	cigar_aligned_base	lifted_chr_agree
8	53149549	55.99	pPt-650451	DArT_marker	8	ST4.03ch08	50691187	50691701	50691444	chr08	53149549	+	60	0.995484753477224	82597	1	cigar_aligned_base	lifted_chr_agree
8	53149549	55.99	pPt-654390	DArT_marker	8	ST4.03ch08	50691187	50691701	50691444	chr08	53149549	+	60	0.995484753477224	82597	1	cigar_aligned_base	lifted_chr_agree
8	53149549	55.99	pPt-654681	DArT_marker	8	ST4.03ch08	50691187	50691701	50691444	chr08	53149549	+	60	0.995484753477224	82597	1	cigar_aligned_base	lifted_chr_agree
8	53149549	56.128	pPt-653213	DArT_marker	8	ST4.03ch08	50691187	50691701	50691444	chr08	53149549	+	60	0.995484753477224	82597	1	cigar_aligned_base	lifted_chr_agree
8	53301457	55.99	pPt-653413	DArT_marker	8	ST4.03ch08	50840051	50841050	50840550	chr08	53301457	+	60	0.9947249434815373	14591	1	cigar_aligned_base	lifted_chr_agree
8	53440117	55.99	pPt-534647	DArT_marker	8	ST4.03ch08	51028175	51028701	51028438	chr08	53440117	+	60	0.9957253429063518	97209	1	cigar_aligned_base	lifted_chr_agree
8	53440117	55.99	pPt-537695	DArT_marker	8	ST4.03ch08	51028175	51028701	51028438	chr08	53440117	+	60	0.9957253429063518	97209	1	cigar_aligned_base	lifted_chr_agree
8	53440117	55.99	pPt-539449	DArT_marker	8	ST4.03ch08	51028175	51028701	51028438	chr08	53440117	+	60	0.9957253429063518	97209	1	cigar_aligned_base	lifted_chr_agree
8	53440117	55.99	pPt-540054	DArT_marker	8	ST4.03ch08	51028175	51028701	51028438	chr08	53440117	+	60	0.9957253429063518	97209	1	cigar_aligned_base	lifted_chr_agree
8	53440117	55.99	pPt-540397	DArT_marker	8	ST4.03ch08	51028175	51028701	51028438	chr08	53440117	+	60	0.9957253429063518	97209	1	cigar_aligned_base	lifted_chr_agree
8	53440117	55.99	pPt-552215	DArT_marker	8	ST4.03ch08	51028175	51028701	51028438	chr08	53440117	+	60	0.9957253429063518	97209	1	cigar_aligned_base	lifted_chr_agree
8	53440117	55.99	pPt-552409	DArT_marker	8	ST4.03ch08	51028175	51028701	51028438	chr08	53440117	+	60	0.9957253429063518	97209	1	cigar_aligned_base	lifted_chr_agree
8	53440159	55.985	pPt-539475	DArT_marker	8	ST4.03ch08	51028175	51028785	51028480	chr08	53440159	+	60	0.9957253429063518	97209	1	cigar_aligned_base	lifted_chr_agree
8	53440159	55.99	pPt-459284	DArT_marker	8	ST4.03ch08	51028175	51028785	51028480	chr08	53440159	+	60	0.9957253429063518	97209	1	cigar_aligned_base	lifted_chr_agree
8	53440159	55.99	pPt-459500	DArT_marker	8	ST4.03ch08	51028175	51028785	51028480	chr08	53440159	+	60	0.9957253429063518	97209	1	cigar_aligned_base	lifted_chr_agree
8	53440159	55.99	pPt-534054	DArT_marker	8	ST4.03ch08	51028175	51028785	51028480	chr08	53440159	+	60	0.9957253429063518	97209	1	cigar_aligned_base	lifted_chr_agree
8	53440159	55.99	pPt-535433	DArT_marker	8	ST4.03ch08	51028175	51028785	51028480	chr08	53440159	+	60	0.9957253429063518	97209	1	cigar_aligned_base	lifted_chr_agree
8	53440159	55.99	pPt-539923	DArT_marker	8	ST4.03ch08	51028175	51028785	51028480	chr08	53440159	+	60	0.9957253429063518	97209	1	cigar_aligned_base	lifted_chr_agree
8	53440159	55.99	pPt-653826	DArT_marker	8	ST4.03ch08	51028175	51028785	51028480	chr08	53440159	+	60	0.9957253429063518	97209	1	cigar_aligned_base	lifted_chr_agree
8	53440159	55.99	pPt-654553	DArT_marker	8	ST4.03ch08	51028175	51028785	51028480	chr08	53440159	+	60	0.9957253429063518	97209	1	cigar_aligned_base	lifted_chr_agree
8	53440159	55.99	pPt-654580	DArT_marker	8	ST4.03ch08	51028175	51028785	51028480	chr08	53440159	+	60	0.9957253429063518	97209	1	cigar_aligned_base	lifted_chr_agree
8	53440159	55.99	pPt-655076	DArT_marker	8	ST4.03ch08	51028175	51028785	51028480	chr08	53440159	+	60	0.9957253429063518	97209	1	cigar_aligned_base	lifted_chr_agree
8	53440159	55.99	pPt-656301	DArT_marker	8	ST4.03ch08	51028175	51028785	51028480	chr08	53440159	+	60	0.9957253429063518	97209	1	cigar_aligned_base	lifted_chr_agree
8	54709742	57.256	toPt-441074	DArT_marker	8	ST4.03ch08	52197211	52197530	52197370	chr08	54709742	+	60	0.9714508049219396	62200	1	cigar_aligned_base	lifted_chr_agree
8	55027732	60.448	PM1350	repeat_region	8	ST4.03ch08	52529531	52529760	52529645	chr08	55027732	+	60	0.9880367347846389	53534	1	cigar_aligned_base	lifted_chr_agree
8	56271396	59.685	solcap_stsnp_c1_8296	SNP	8	ST4.03ch08	53823572	53823572	53823572	chr08	56271396	+	60	0.9998493522145224	19913	1	cigar_aligned_base	lifted_chr_agree
8	57177168	62.25	solcap_stsnp_c1_5485	SNP	8	ST4.03ch08	54751329	54751329	54751329	chr08	57177168	+	60	0.9897075769105338	231839	1	cigar_aligned_base	lifted_chr_agree
8	57178514	62.647	pPt-654618	DArT_marker	8	ST4.03ch08	54752387	54752963	54752675	chr08	57178514	+	60	0.9897075769105338	231839	1	cigar_aligned_base	lifted_chr_agree
8	57178514	62.649	pPt-534465	DArT_marker	8	ST4.03ch08	54752387	54752963	54752675	chr08	57178514	+	60	0.9897075769105338	231839	1	cigar_aligned_base	lifted_chr_agree
8	57274863	62.253	solcap_stsnp_c1_5509	SNP	8	ST4.03ch08	54850467	54850467	54850467	chr08	57274863	+	60	0.9897075769105338	231839	1	cigar_aligned_base	lifted_chr_agree
8	57290176	62.647	pPt-559141	DArT_marker	8	ST4.03ch08	54865428	54866133	54865780	chr08	57290176	+	60	0.9897075769105338	231839	1	cigar_aligned_base	lifted_chr_agree
8	57290181	62.647	pPt-655892	DArT_marker	8	ST4.03ch08	54865428	54866143	54865785	chr08	57290181	+	60	0.9897075769105338	231839	1	cigar_aligned_base	lifted_chr_agree
8	57358335	63.404	solcap_stsnp_c1_5532	SNP	8	ST4.03ch08	54936660	54936660	54936660	chr08	57358335	+	60	0.9764059282461788	71190	1	cigar_aligned_base	lifted_chr_agree
8	57510401	63.222	pPt-472859	DArT_marker	8	ST4.03ch08	55093758	55094135	55093946	chr08	57510401	+	60	0.9954198189028667	161882	1	cigar_aligned_base	lifted_chr_agree
8	57510401	63.222	pPt-534737	DArT_marker	8	ST4.03ch08	55093758	55094135	55093946	chr08	57510401	+	60	0.9954198189028667	161882	1	cigar_aligned_base	lifted_chr_agree
8	57510401	63.222	pPt-538016	DArT_marker	8	ST4.03ch08	55093758	55094135	55093946	chr08	57510401	+	60	0.9954198189028667	161882	1	cigar_aligned_base	lifted_chr_agree
8	57510401	63.222	pPt-652905	DArT_marker	8	ST4.03ch08	55093758	55094134	55093946	chr08	57510401	+	60	0.9954198189028667	161882	1	cigar_aligned_base	lifted_chr_agree
8	57639250	64.333	MICRO.9324.C1_542	match	8	ST4.03ch08	55225590	55225710	55225650	chr08	57639250	+	60	0.9795766389618838	118037	1	cigar_aligned_base	lifted_chr_agree
8	57690192	64.687	solcap_stsnp_c1_5605	SNP	8	ST4.03ch08	55277958	55277958	55277958	chr08	57690192	+	60	0.9795766389618838	118037	1	cigar_aligned_base	lifted_chr_agree
8	57771519	64.377	solcap_stsnp_c1_5612	SNP	8	ST4.03ch08	55365435	55365435	55365435	chr08	57771519	+	60	0.9838606463270031	106718	1	cigar_aligned_base	lifted_chr_agree
8	57947606	63.83	pPt-534657	DArT_marker	8	ST4.03ch08	55544248	55544656	55544452	chr08	57947606	+	60	0.9892485319565403	35250	1	cigar_aligned_base	lifted_chr_agree
8	57947606	63.831	pPt-535660	DArT_marker	8	ST4.03ch08	55544248	55544656	55544452	chr08	57947606	+	60	0.9892485319565403	35250	1	cigar_aligned_base	lifted_chr_agree
8	57947606	63.831	pPt-537356	DArT_marker	8	ST4.03ch08	55544248	55544656	55544452	chr08	57947606	+	60	0.9892485319565403	35250	1	cigar_aligned_base	lifted_chr_agree
8	57947687	63.741	pPt-456511	DArT_marker	8	ST4.03ch08	55544248	55544819	55544533	chr08	57947687	+	60	0.9892485319565403	35250	1	cigar_aligned_base	lifted_chr_agree
8	57947687	63.83	pPt-456583	DArT_marker	8	ST4.03ch08	55544248	55544819	55544533	chr08	57947687	+	60	0.9892485319565403	35250	1	cigar_aligned_base	lifted_chr_agree
8	57947687	63.83	pPt-458832	DArT_marker	8	ST4.03ch08	55544248	55544819	55544533	chr08	57947687	+	60	0.9892485319565403	35250	1	cigar_aligned_base	lifted_chr_agree
8	57947687	63.83	pPt-650038	DArT_marker	8	ST4.03ch08	55544248	55544819	55544533	chr08	57947687	+	60	0.9892485319565403	35250	1	cigar_aligned_base	lifted_chr_agree
8	57947687	63.83	pPt-651102	DArT_marker	8	ST4.03ch08	55544248	55544819	55544533	chr08	57947687	+	60	0.9892485319565403	35250	1	cigar_aligned_base	lifted_chr_agree
8	57947687	63.83	pPt-651563	DArT_marker	8	ST4.03ch08	55544248	55544819	55544533	chr08	57947687	+	60	0.9892485319565403	35250	1	cigar_aligned_base	lifted_chr_agree
8	57947687	63.839	pPt-472709	DArT_marker	8	ST4.03ch08	55544248	55544819	55544533	chr08	57947687	+	60	0.9892485319565403	35250	1	cigar_aligned_base	lifted_chr_agree
8	57947687	63.869	pPt-473215	DArT_marker	8	ST4.03ch08	55544248	55544819	55544533	chr08	57947687	+	60	0.9892485319565403	35250	1	cigar_aligned_base	lifted_chr_agree
8	57947687	63.946	pPt-472371	DArT_marker	8	ST4.03ch08	55544248	55544819	55544533	chr08	57947687	+	60	0.9892485319565403	35250	1	cigar_aligned_base	lifted_chr_agree
8	57962958	65.034	pPt-471848	DArT_marker	8	ST4.03ch08	55559909	55560419	55560164	chr08	57962958	+	60	0.9892485319565403	35250	1	cigar_aligned_base	lifted_chr_agree
8	58072885	63.683	toPt-438550	DArT_marker	8	ST4.03ch08	55671343	55671841	55671592	chr08	58072885	+	60	0.9905061095860545	101735	1	cigar_aligned_base	lifted_chr_agree
8	58072885	63.724	toPt-439386	DArT_marker	8	ST4.03ch08	55671343	55671841	55671592	chr08	58072885	+	60	0.9905061095860545	101735	1	cigar_aligned_base	lifted_chr_agree
8	58072885	63.726	toPt-440196	DArT_marker	8	ST4.03ch08	55671343	55671841	55671592	chr08	58072885	+	60	0.9905061095860545	101735	1	cigar_aligned_base	lifted_chr_agree
8	58072885	63.726	toPt-440354	DArT_marker	8	ST4.03ch08	55671343	55671841	55671592	chr08	58072885	+	60	0.9905061095860545	101735	1	cigar_aligned_base	lifted_chr_agree
8	58072885	63.727	toPt-440599	DArT_marker	8	ST4.03ch08	55671343	55671841	55671592	chr08	58072885	+	60	0.9905061095860545	101735	1	cigar_aligned_base	lifted_chr_agree
8	58072885	63.729	pPt-653047	DArT_marker	8	ST4.03ch08	55671343	55671841	55671592	chr08	58072885	+	60	0.9905061095860545	101735	1	cigar_aligned_base	lifted_chr_agree
8	58072885	63.73	pPt-651985	DArT_marker	8	ST4.03ch08	55671343	55671841	55671592	chr08	58072885	+	60	0.9905061095860545	101735	1	cigar_aligned_base	lifted_chr_agree
8	58072885	63.733	pPt-655827	DArT_marker	8	ST4.03ch08	55671343	55671841	55671592	chr08	58072885	+	60	0.9905061095860545	101735	1	cigar_aligned_base	lifted_chr_agree
8	58072885	63.798	toPt-436952	DArT_marker	8	ST4.03ch08	55671343	55671841	55671592	chr08	58072885	+	60	0.9905061095860545	101735	1	cigar_aligned_base	lifted_chr_agree
8	58072885	63.806	toPt-439069	DArT_marker	8	ST4.03ch08	55671343	55671841	55671592	chr08	58072885	+	60	0.9905061095860545	101735	1	cigar_aligned_base	lifted_chr_agree
8	58422287	65.698	solcap_stsnp_c1_5166	SNP	8	ST4.03ch08	56026923	56026923	56026923	chr08	58422287	+	60	0.930178173015542	168337	1	cigar_aligned_base	lifted_chr_agree
8	58604496	66.412	pPt-651323	DArT_marker	8	ST4.03ch08	56233584	56233811	56233697	chr08	58604496	+	60	0.992050762138224	103617	1	cigar_aligned_base	lifted_chr_agree
8	58624649	65.997	PM0024	repeat_region	8	ST4.03ch08	56255483	56255720	56255601	chr08	58624649	+	60	0.992050762138224	103617	1	cigar_aligned_base	lifted_chr_agree
8	58764444	67.791	pPt-457615	DArT_marker	8	ST4.03ch08	56395927	56396656	56396291	chr08	58764444	+	60	0.9636688505062537	52331	1	cigar_aligned_base	lifted_chr_agree
8	58764544	65.62	pPt-536343	DArT_marker	8	ST4.03ch08	56396122	56396661	56396391	chr08	58764544	+	60	0.9636688505062537	52331	1	cigar_aligned_base	lifted_chr_agree
8	58764544	65.62	pPt-653345	DArT_marker	8	ST4.03ch08	56396122	56396661	56396391	chr08	58764544	+	60	0.9636688505062537	52331	1	cigar_aligned_base	lifted_chr_agree
8	59058754	65.895	pPt-458570	DArT_marker	8	ST4.03ch08	56695437	56695796	56695616	chr08	59058754	+	60	0.9961973955345952	47115	1	cigar_aligned_base	lifted_chr_agree
8	59147191	66.946	STGBSS	repeat_region	8	ST4.03ch08	56785488	56785616	56785552	chr08	59147191	+	60	0.9983344798870343	27574	1	cigar_aligned_base	lifted_chr_agree
8	59147419	66.376	STM1105	repeat_region	8	ST4.03ch08	56785724	56785837	56785780	chr08	59147419	+	60	0.9983344798870343	27574	1	cigar_aligned_base	lifted_chr_agree
9	831875	4.927	solcap_stsnp_c1_14376	SNP	9	ST4.03ch09	817955	817955	817955	chr09	831875	+	60	0.995290943650745	82318	1	cigar_aligned_base	lifted_chr_agree
9	2345795	15.594	pPt-458562	DArT_marker	9	ST4.03ch09	2497722	2498434	2498078	chr09	2345795	+	60	0.9819849405362295	42514	1	cigar_aligned_base	lifted_chr_agree
9	2345796	15.594	pPt-654539	DArT_marker	9	ST4.03ch09	2497722	2498437	2498079	chr09	2345796	+	60	0.9819849405362295	42514	1	cigar_aligned_base	lifted_chr_agree
9	2345796	15.594	toPt-439769	DArT_marker	9	ST4.03ch09	2497722	2498437	2498079	chr09	2345796	+	60	0.9819849405362295	42514	1	cigar_aligned_base	lifted_chr_agree
9	2345959	15.561	pPt-535215	DArT_marker	9	ST4.03ch09	2498047	2498437	2498242	chr09	2345959	+	60	0.9819849405362295	42514	1	cigar_aligned_base	lifted_chr_agree
9	2345959	15.594	pPt-535707	DArT_marker	9	ST4.03ch09	2498047	2498437	2498242	chr09	2345959	+	60	0.9819849405362295	42514	1	cigar_aligned_base	lifted_chr_agree
9	2345959	15.594	pPt-536424	DArT_marker	9	ST4.03ch09	2498047	2498437	2498242	chr09	2345959	+	60	0.9819849405362295	42514	1	cigar_aligned_base	lifted_chr_agree
9	2544553	15.584	pPt-654939	DArT_marker	9	ST4.03ch09	2709106	2709629	2709367	chr09	2544553	+	60	0.9691447615975918	64992	1	cigar_aligned_base	lifted_chr_agree
9	3476267	17.957	PM0054	repeat_region	9	ST4.03ch09	3666003	3666183	3666093	chr09	3476267	+	60	0.999685707550876	12727	1	cigar_aligned_base	lifted_chr_agree
9	3571359	19.944	STM5145	repeat_region	9	ST4.03ch09	3765670	3765987	3765828	chr09	3571359	+	60	0.9811163168067962	128072	1	cigar_aligned_base	lifted_chr_agree
9	4114138	20.566	solcap_stsnp_c1_1426	SNP	9	ST4.03ch09	4373995	4373995	4373995	chr09	4114138	+	60	0.9806065607592325	82590	1	cigar_aligned_base	lifted_chr_agree
9	9559911	33.402	toPt-440358	DArT_marker	9	ST4.03ch09	9674584	9675212	9674898	chr09	9559911	+	60	0.9978166733379426	28236	1	cigar_aligned_base	lifted_chr_agree
9	12397029	40.061	PM1307	repeat_region	9	ST4.03ch09	12652170	12652329	12652249	chr09	12397029	+	60	0.9944450417517829	27807	1	cigar_aligned_base	lifted_chr_agree
9	18288931	39.474	pPt-472210	DArT_marker	9	ST4.03ch09	18580695	18581407	18581051	chr09	18288931	+	60	0.9995301193496852	10641	1	cigar_aligned_base	lifted_chr_agree
9	18288931	39.474	pPt-651294	DArT_marker	9	ST4.03ch09	18580695	18581408	18581051	chr09	18288931	+	60	0.9995301193496852	10641	1	cigar_aligned_base	lifted_chr_agree
9	18288931	39.586	pPt-656396	DArT_marker	9	ST4.03ch09	18580695	18581408	18581051	chr09	18288931	+	60	0.9995301193496852	10641	1	cigar_aligned_base	lifted_chr_agree
9	18288931	39.586	pPt-656821	DArT_marker	9	ST4.03ch09	18580695	18581408	18581051	chr09	18288931	+	60	0.9995301193496852	10641	1	cigar_aligned_base	lifted_chr_agree
9	18288987	39.586	pPt-657409	DArT_marker	9	ST4.03ch09	18580807	18581408	18581107	chr09	18288987	+	60	0.9995301193496852	10641	1	cigar_aligned_base	lifted_chr_agree
9	34137870	39.625	solcap_stsnp_c1_2319	SNP	9	ST4.03ch09	39333997	39333997	39333997	chr09	34137870	-	60	0.998206525488032	28990	1	cigar_aligned_base	lifted_chr_agree
9	43274545	39.59	pPt-651168	DArT_marker	9	ST4.03ch09	25403116	25403532	25403324	chr09	43274545	-	60	0.9953591801218216	31016	1	cigar_aligned_base	lifted_chr_agree
9	43807359	39.406	st_2663	repeat_region	9	ST4.03ch09	24776245	24776429	24776337	chr09	43807359	-	60	0.9990661841951675	8563	1	cigar_aligned_base	lifted_chr_agree
9	46801847	39.514	solcap_stsnp_c1_8209	SNP	9	ST4.03ch09	21578970	21578970	21578970	chr09	46801847	-	60	0.9947144394031526	21270	1	cigar_aligned_base	lifted_chr_agree
9	51477883	40.83	pPt-559310	DArT_marker	9	ST4.03ch09	44841244	44842056	44841650	chr09	51477883	+	60	0.995662100456621	23522	1	cigar_aligned_base	lifted_chr_agree
9	51504901	40.858	pPt-540331	DArT_marker	9	ST4.03ch09	44867712	44868527	44868119	chr09	51504901	+	60	0.5684544999077077	43506	1	cigar_aligned_base	lifted_chr_agree
9	51505710	40.858	pPt-655753	DArT_marker	9	ST4.03ch09	44868524	44869333	44868928	chr09	51505710	+	60	0.5684544999077077	43506	1	cigar_aligned_base	lifted_chr_agree
9	51505710	40.858	pPt-657361	DArT_marker	9	ST4.03ch09	44868524	44869333	44868928	chr09	51505710	+	60	0.5684544999077077	43506	1	cigar_aligned_base	lifted_chr_agree
9	52227267	38.757	toPt-439232	DArT_marker	9	ST4.03ch09	45574872	45575177	45575024	chr09	52227267	+	60	0.9887980932924754	29210	1	cigar_aligned_base	lifted_chr_agree
9	52971231	39.275	pPt-655972	DArT_marker	9	ST4.03ch09	46386579	46387108	46386843	chr09	52971231	+	60	0.9967118507582875	14902	1	cigar_aligned_base	lifted_chr_agree
9	53488920	48.091	pPt-535745	DArT_marker	9	ST4.03ch09	46918654	46919689	46919171	chr09	53488920	+	60	0.9963680917166237	45702	1	cigar_aligned_base	lifted_chr_agree
9	54181202	45.609	solcap_stsnp_c1_12794	SNP	9	ST4.03ch09	47545577	47545577	47545577	chr09	54181202	+	60	0.9769785179483591	28633	1	cigar_aligned_base	lifted_chr_agree
9	54297084	45.817	solcap_stsnp_c1_12802	SNP	9	ST4.03ch09	47662364	47662364	47662364	chr09	54297084	+	60	0.989864796994596	99603	1	cigar_aligned_base	lifted_chr_agree
9	54406078	49.282	MICRO.637.C1_809	match	9	ST4.03ch09	47755686	47755806	47755746	chr09	54406078	+	60	0.9931788018148708	64549	1	cigar_aligned_base	lifted_chr_agree
9	54716891	46.308	MICRO.1131.C1_434	match	9	ST4.03ch09	48072864	48072978	48072921	chr09	54716891	+	60	0.9857754027213617	132803	1	cigar_aligned_base	lifted_chr_agree
9	54815626	46.593	solcap_stsnp_c1_6181	SNP	9	ST4.03ch09	48171616	48171616	48171616	chr09	54815626	+	60	0.9988084225709851	63889	1	cigar_aligned_base	lifted_chr_agree
9	54925535	47.698	pPt-657115	DArT_marker	9	ST4.03ch09	48282819	48283380	48283099	chr09	54925535	+	60	0.9982749128280418	54479	1	cigar_aligned_base	lifted_chr_agree
9	55253949	51.48	solcap_stsnp_c1_13514	SNP	9	ST4.03ch09	48627701	48627701	48627701	chr09	55253949	+	60	0.9951969406105121	134084	1	cigar_aligned_base	lifted_chr_agree
9	55353103	56.142	solcap_stsnp_c1_13519	SNP	9	ST4.03ch09	48726726	48726726	48726726	chr09	55353103	+	60	0.988510373595814	54502	1	cigar_aligned_base	lifted_chr_agree
9	56104281	50.736	solcap_stsnp_c1_16459	SNP	9	ST4.03ch09	49537802	49537802	49537802	chr09	56104281	+	60	0.9996319168950145	25167	1	cigar_aligned_base	lifted_chr_agree
9	56226267	51.182	pPt-656192	DArT_marker	9	ST4.03ch09	49658815	49659100	49658957	chr09	56226267	+	60	0.9957788243502529	28642	1	cigar_aligned_base	lifted_chr_agree
9	56226267	51.182	pPt-656602	DArT_marker	9	ST4.03ch09	49658815	49659100	49658957	chr09	56226267	+	60	0.9957788243502529	28642	1	cigar_aligned_base	lifted_chr_agree
9	56226267	51.631	toPt-437343	DArT_marker	9	ST4.03ch09	49658815	49659100	49658957	chr09	56226267	+	60	0.9957788243502529	28642	1	cigar_aligned_base	lifted_chr_agree
9	56552391	54.987	solcap_stsnp_c1_11692	SNP	9	ST4.03ch09	49981471	49981471	49981471	chr09	56552391	+	60	0.9848414066401404	125960	1	cigar_aligned_base	lifted_chr_agree
9	56555736	55.203	solcap_stsnp_c1_11691	SNP	9	ST4.03ch09	49984816	49984816	49984816	chr09	56555736	+	60	0.9848414066401404	125960	1	cigar_aligned_base	lifted_chr_agree
9	56953438	55.642	solcap_stsnp_c1_15363	SNP	9	ST4.03ch09	50471688	50471688	50471688	chr09	56953438	+	60	0.9824531124151421	52753	1	cigar_aligned_base	lifted_chr_agree
9	57976818	58.667	solcap_stsnp_c1_11906	SNP	9	ST4.03ch09	51184363	51184363	51184363	chr09	57976818	+	60	0.9808660271137691	57423	1	cigar_aligned_base	lifted_chr_agree
9	58329653	61.222	solcap_stsnp_c1_1419	SNP	9	ST4.03ch09	51583177	51583177	51583177	chr09	58329653	+	60	0.9967398391653989	18397	1	cigar_aligned_base	lifted_chr_agree
9	58413779	61.264	solcap_stsnp_c1_1401	SNP	9	ST4.03ch09	51667526	51667526	51667526	chr09	58413779	+	60	0.9617026098122899	78605	1	cigar_aligned_base	lifted_chr_agree
9	58912293	60.697	solcap_stsnp_c1_12054	SNP	9	ST4.03ch09	52192393	52192393	52192393	chr09	58912293	+	60	0.9988770879146587	43306	1	cigar_aligned_base	lifted_chr_agree
9	59165401	61.638	MICRO.7279.C2_1718	match	9	ST4.03ch09	52448862	52448982	52448922	chr09	59165401	+	60	0.9573266915732669	12044	1	cigar_aligned_base	lifted_chr_agree
9	59431650	62.801	pPt-534078	DArT_marker	9	ST4.03ch09	52751262	52751532	52751397	chr09	59431650	+	60	0.9830750094338304	71924	1	cigar_aligned_base	lifted_chr_agree
9	59431650	62.809	pPt-534451	DArT_marker	9	ST4.03ch09	52751262	52751532	52751397	chr09	59431650	+	60	0.9830750094338304	71924	1	cigar_aligned_base	lifted_chr_agree
9	59431650	62.809	pPt-535128	DArT_marker	9	ST4.03ch09	52751262	52751532	52751397	chr09	59431650	+	60	0.9830750094338304	71924	1	cigar_aligned_base	lifted_chr_agree
9	59431650	62.809	pPt-654366	DArT_marker	9	ST4.03ch09	52751262	52751532	52751397	chr09	59431650	+	60	0.9830750094338304	71924	1	cigar_aligned_base	lifted_chr_agree
9	59431650	62.809	pPt-656578	DArT_marker	9	ST4.03ch09	52751262	52751532	52751397	chr09	59431650	+	60	0.9830750094338304	71924	1	cigar_aligned_base	lifted_chr_agree
9	59431650	62.809	pPt-657090	DArT_marker	9	ST4.03ch09	52751262	52751532	52751397	chr09	59431650	+	60	0.9830750094338304	71924	1	cigar_aligned_base	lifted_chr_agree
9	59431706	62.809	pPt-538179	DArT_marker	9	ST4.03ch09	52751262	52751645	52751453	chr09	59431706	+	60	0.9830750094338304	71924	1	cigar_aligned_base	lifted_chr_agree
9	59431737	62.792	toPt-439913	DArT_marker	9	ST4.03ch09	52751262	52751707	52751484	chr09	59431737	+	60	0.9830750094338304	71924	1	cigar_aligned_base	lifted_chr_agree
9	59431742	62.727	pPt-539594	DArT_marker	9	ST4.03ch09	52751262	52751716	52751489	chr09	59431742	+	60	0.9830750094338304	71924	1	cigar_aligned_base	lifted_chr_agree
9	59431742	62.803	pPt-474105	DArT_marker	9	ST4.03ch09	52751262	52751716	52751489	chr09	59431742	+	60	0.9830750094338304	71924	1	cigar_aligned_base	lifted_chr_agree
9	59431742	62.803	pPt-539858	DArT_marker	9	ST4.03ch09	52751262	52751716	52751489	chr09	59431742	+	60	0.9830750094338304	71924	1	cigar_aligned_base	lifted_chr_agree
9	59431742	62.809	pPt-533701	DArT_marker	9	ST4.03ch09	52751262	52751716	52751489	chr09	59431742	+	60	0.9830750094338304	71924	1	cigar_aligned_base	lifted_chr_agree
9	59431742	62.809	pPt-534581	DArT_marker	9	ST4.03ch09	52751262	52751716	52751489	chr09	59431742	+	60	0.9830750094338304	71924	1	cigar_aligned_base	lifted_chr_agree
9	59431742	63.059	pPt-535743	DArT_marker	9	ST4.03ch09	52751262	52751716	52751489	chr09	59431742	+	60	0.9830750094338304	71924	1	cigar_aligned_base	lifted_chr_agree
9	59431743	62.809	pPt-535726	DArT_marker	9	ST4.03ch09	52751262	52751719	52751490	chr09	59431743	+	60	0.9830750094338304	71924	1	cigar_aligned_base	lifted_chr_agree
9	59431743	62.809	pPt-538953	DArT_marker	9	ST4.03ch09	52751262	52751719	52751490	chr09	59431743	+	60	0.9830750094338304	71924	1	cigar_aligned_base	lifted_chr_agree
9	59431743	62.809	pPt-539293	DArT_marker	9	ST4.03ch09	52751262	52751719	52751490	chr09	59431743	+	60	0.9830750094338304	71924	1	cigar_aligned_base	lifted_chr_agree
9	59431745	62.801	toPt-438737	DArT_marker	9	ST4.03ch09	52751262	52751722	52751492	chr09	59431745	+	60	0.9830750094338304	71924	1	cigar_aligned_base	lifted_chr_agree
9	59431745	62.807	toPt-438452	DArT_marker	9	ST4.03ch09	52751262	52751722	52751492	chr09	59431745	+	60	0.9830750094338304	71924	1	cigar_aligned_base	lifted_chr_agree
9	59431745	62.809	toPt-763864	DArT_marker	9	ST4.03ch09	52751262	52751722	52751492	chr09	59431745	+	60	0.9830750094338304	71924	1	cigar_aligned_base	lifted_chr_agree
9	59431846	62.784	toPt-438644	DArT_marker	9	ST4.03ch09	52751269	52751917	52751593	chr09	59431846	+	60	0.9830750094338304	71924	1	cigar_aligned_base	lifted_chr_agree
9	59440237	62.801	pPt-472613	DArT_marker	9	ST4.03ch09	52759602	52760549	52760075	chr09	59440237	+	60	0.9830750094338304	71924	1	cigar_aligned_base	lifted_chr_agree
9	59440237	62.801	pPt-472930	DArT_marker	9	ST4.03ch09	52759602	52760549	52760075	chr09	59440237	+	60	0.9830750094338304	71924	1	cigar_aligned_base	lifted_chr_agree
9	59440240	62.801	pPt-653066	DArT_marker	9	ST4.03ch09	52759607	52760549	52760078	chr09	59440240	+	60	0.9830750094338304	71924	1	cigar_aligned_base	lifted_chr_agree
9	59596669	62.151	pPt-473763	DArT_marker	9	ST4.03ch09	52920333	52921583	52920958	chr09	59596669	+	60	0.994851368040215	57866	1	cigar_aligned_base	lifted_chr_agree
9	59826894	60.865	toPt-437854	DArT_marker	9	ST4.03ch09	53153374	53153668	53153521	chr09	59826894	+	60	0.9997046288872948	23699	1	cigar_aligned_base	lifted_chr_agree
9	59826894	60.913	pPt-536647	DArT_marker	9	ST4.03ch09	53153374	53153668	53153521	chr09	59826894	+	60	0.9997046288872948	23699	1	cigar_aligned_base	lifted_chr_agree
9	59826894	60.913	pPt-654554	DArT_marker	9	ST4.03ch09	53153374	53153668	53153521	chr09	59826894	+	60	0.9997046288872948	23699	1	cigar_aligned_base	lifted_chr_agree
9	59826894	60.913	pPt-655102	DArT_marker	9	ST4.03ch09	53153374	53153668	53153521	chr09	59826894	+	60	0.9997046288872948	23699	1	cigar_aligned_base	lifted_chr_agree
9	59826894	60.913	toPt-438410	DArT_marker	9	ST4.03ch09	53153374	53153668	53153521	chr09	59826894	+	60	0.9997046288872948	23699	1	cigar_aligned_base	lifted_chr_agree
9	59826894	60.936	toPt-438090	DArT_marker	9	ST4.03ch09	53153374	53153668	53153521	chr09	59826894	+	60	0.9997046288872948	23699	1	cigar_aligned_base	lifted_chr_agree
9	59826894	61.019	pPt-458756	DArT_marker	9	ST4.03ch09	53153374	53153668	53153521	chr09	59826894	+	60	0.9997046288872948	23699	1	cigar_aligned_base	lifted_chr_agree
9	59872799	61.24	MICRO.58.C1_516	match	9	ST4.03ch09	53199209	53199328	53199268	chr09	59872799	+	60	0.9984247834077186	22854	1	cigar_aligned_base	lifted_chr_agree
9	59918955	64.076	pPt-559613	DArT_marker	9	ST4.03ch09	53246750	53247501	53247125	chr09	59918955	+	60	0.9873260386739205	51304	1	cigar_aligned_base	lifted_chr_agree
9	59920002	60.46	pPt-656850	DArT_marker	9	ST4.03ch09	53247951	53248394	53248172	chr09	59920002	+	60	0.9873260386739205	51304	1	cigar_aligned_base	lifted_chr_agree
9	59920002	60.462	pPt-652951	DArT_marker	9	ST4.03ch09	53247951	53248394	53248172	chr09	59920002	+	60	0.9873260386739205	51304	1	cigar_aligned_base	lifted_chr_agree
9	60263196	63.201	pPt-472165	DArT_marker	9	ST4.03ch09	53658035	53658690	53658362	chr09	60263196	+	60	0.9858260270734189	96911	1	cigar_aligned_base	lifted_chr_agree
9	60709618	64.656	pPt-652777	DArT_marker	9	ST4.03ch09	54108478	54108868	54108673	chr09	60709618	+	60	0.9991461019554265	35119	1	cigar_aligned_base	lifted_chr_agree
9	60883822	65.375	solcap_stsnp_c1_6937	SNP	9	ST4.03ch09	54320106	54320106	54320106	chr09	60883822	+	60	0.9860987468328426	29305	1	cigar_aligned_base	lifted_chr_agree
9	61013927	65.671	solcap_stsnp_c1_6941	SNP	9	ST4.03ch09	54464052	54464052	54464052	chr09	61013927	+	60	0.9873175752674337	54399	1	cigar_aligned_base	lifted_chr_agree
9	61110298	66.79	solcap_stsnp_c1_6949	SNP	9	ST4.03ch09	54546257	54546257	54546257	chr09	61110298	+	60	0.9910974583732807	52662	1	cigar_aligned_base	lifted_chr_agree
9	61680912	69.522	pPt-457457	DArT_marker	9	ST4.03ch09	55154744	55155379	55155061	chr09	61680912	+	60	0.996654641458938	111671	1	cigar_aligned_base	lifted_chr_agree
9	61680990	68.99	toPt-763577	DArT_marker	9	ST4.03ch09	55154899	55155379	55155139	chr09	61680990	+	60	0.996654641458938	111671	1	cigar_aligned_base	lifted_chr_agree
9	61762534	66.664	solcap_stsnp_c1_8939	SNP	9	ST4.03ch09	55239607	55239607	55239607	chr09	61762534	+	60	0.9871989020869812	42535	1	cigar_aligned_base	lifted_chr_agree
9	62033713	70.956	solcap_stsnp_c1_8955	SNP	9	ST4.03ch09	55561008	55561008	55561008	chr09	62033713	+	60	0.99778198186444	33401	1	cigar_aligned_base	lifted_chr_agree
9	62320987	70.016	pPt-536054	DArT_marker	9	ST4.03ch09	55938649	55939267	55938958	chr09	62320987	+	60	0.9860120426123206	75555	1	cigar_aligned_base	lifted_chr_agree
9	62320987	70.466	pPt-657501	DArT_marker	9	ST4.03ch09	55938649	55939267	55938958	chr09	62320987	+	60	0.9860120426123206	75555	1	cigar_aligned_base	lifted_chr_agree
9	62885757	72.562	solcap_stsnp_c1_6586	SNP	9	ST4.03ch09	56510511	56510511	56510511	chr09	62885757	+	60	0.9960152051382881	38118	1	cigar_aligned_base	lifted_chr_agree
9	63001833	72.703	pPt-473671	DArT_marker	9	ST4.03ch09	56628774	56629345	56629059	chr09	63001833	+	60	0.9913661109220824	70765	1	cigar_aligned_base	lifted_chr_agree
9	63001833	72.719	pPt-457241	DArT_marker	9	ST4.03ch09	56628774	56629345	56629059	chr09	63001833	+	60	0.9913661109220824	70765	1	cigar_aligned_base	lifted_chr_agree
9	63001833	72.719	toPt-441351	DArT_marker	9	ST4.03ch09	56628774	56629345	56629059	chr09	63001833	+	60	0.9913661109220824	70765	1	cigar_aligned_base	lifted_chr_agree
9	63001833	72.731	pPt-652619	DArT_marker	9	ST4.03ch09	56628774	56629345	56629059	chr09	63001833	+	60	0.9913661109220824	70765	1	cigar_aligned_base	lifted_chr_agree
9	63001833	72.756	pPt-539765	DArT_marker	9	ST4.03ch09	56628774	56629345	56629059	chr09	63001833	+	60	0.9913661109220824	70765	1	cigar_aligned_base	lifted_chr_agree
9	63001833	72.778	pPt-654358	DArT_marker	9	ST4.03ch09	56628774	56629345	56629059	chr09	63001833	+	60	0.9913661109220824	70765	1	cigar_aligned_base	lifted_chr_agree
9	63001833	72.953	pPt-471444	DArT_marker	9	ST4.03ch09	56628774	56629345	56629059	chr09	63001833	+	60	0.9913661109220824	70765	1	cigar_aligned_base	lifted_chr_agree
9	63001833	72.979	pPt-535101	DArT_marker	9	ST4.03ch09	56628774	56629345	56629059	chr09	63001833	+	60	0.9913661109220824	70765	1	cigar_aligned_base	lifted_chr_agree
9	63001885	72.719	capPt-672308	DArT_marker	9	ST4.03ch09	56628877	56629345	56629111	chr09	63001885	+	60	0.9913661109220824	70765	1	cigar_aligned_base	lifted_chr_agree
9	63339315	73.536	pPt-536181	DArT_marker	9	ST4.03ch09	56972802	56973194	56972998	chr09	63339315	+	60	0.9997639096560951	12704	1	cigar_aligned_base	lifted_chr_agree
9	63339316	73.514	pPt-540196	DArT_marker	9	ST4.03ch09	56972801	56973198	56972999	chr09	63339316	+	60	0.9997639096560951	12704	1	cigar_aligned_base	lifted_chr_agree
9	63339316	73.536	pPt-534159	DArT_marker	9	ST4.03ch09	56972801	56973198	56972999	chr09	63339316	+	60	0.9997639096560951	12704	1	cigar_aligned_base	lifted_chr_agree
9	63339316	73.536	pPt-537322	DArT_marker	9	ST4.03ch09	56972801	56973198	56972999	chr09	63339316	+	60	0.9997639096560951	12704	1	cigar_aligned_base	lifted_chr_agree
9	63339316	73.536	toPt-436891	DArT_marker	9	ST4.03ch09	56972801	56973198	56972999	chr09	63339316	+	60	0.9997639096560951	12704	1	cigar_aligned_base	lifted_chr_agree
9	63339316	73.552	toPt-437259	DArT_marker	9	ST4.03ch09	56972801	56973198	56972999	chr09	63339316	+	60	0.9997639096560951	12704	1	cigar_aligned_base	lifted_chr_agree
9	63987896	74.856	pPt-653366	DArT_marker	9	ST4.03ch09	57730956	57731489	57731222	chr09	63987896	+	60	0.9761607628555886	93925	1	cigar_aligned_base	lifted_chr_agree
9	63987896	74.869	pPt-472784	DArT_marker	9	ST4.03ch09	57730956	57731489	57731222	chr09	63987896	+	60	0.9761607628555886	93925	1	cigar_aligned_base	lifted_chr_agree
9	63987896	74.871	pPt-656657	DArT_marker	9	ST4.03ch09	57730956	57731489	57731222	chr09	63987896	+	60	0.9761607628555886	93925	1	cigar_aligned_base	lifted_chr_agree
9	63987896	74.88	pPt-656930	DArT_marker	9	ST4.03ch09	57730956	57731489	57731222	chr09	63987896	+	60	0.9761607628555886	93925	1	cigar_aligned_base	lifted_chr_agree
9	63987896	74.896	pPt-552198	DArT_marker	9	ST4.03ch09	57730956	57731489	57731222	chr09	63987896	+	60	0.9761607628555886	93925	1	cigar_aligned_base	lifted_chr_agree
9	63987896	74.897	pPt-457188	DArT_marker	9	ST4.03ch09	57730956	57731489	57731222	chr09	63987896	+	60	0.9761607628555886	93925	1	cigar_aligned_base	lifted_chr_agree
9	63987896	74.928	pPt-458523	DArT_marker	9	ST4.03ch09	57730956	57731489	57731222	chr09	63987896	+	60	0.9761607628555886	93925	1	cigar_aligned_base	lifted_chr_agree
9	63987896	74.928	pPt-535113	DArT_marker	9	ST4.03ch09	57730956	57731489	57731222	chr09	63987896	+	60	0.9761607628555886	93925	1	cigar_aligned_base	lifted_chr_agree
9	63987896	74.928	pPt-537439	DArT_marker	9	ST4.03ch09	57730956	57731489	57731222	chr09	63987896	+	60	0.9761607628555886	93925	1	cigar_aligned_base	lifted_chr_agree
9	63987896	74.928	pPt-537678	DArT_marker	9	ST4.03ch09	57730956	57731489	57731222	chr09	63987896	+	60	0.9761607628555886	93925	1	cigar_aligned_base	lifted_chr_agree
9	63987896	74.928	pPt-538103	DArT_marker	9	ST4.03ch09	57730956	57731489	57731222	chr09	63987896	+	60	0.9761607628555886	93925	1	cigar_aligned_base	lifted_chr_agree
9	63987896	74.928	pPt-538230	DArT_marker	9	ST4.03ch09	57730956	57731489	57731222	chr09	63987896	+	60	0.9761607628555886	93925	1	cigar_aligned_base	lifted_chr_agree
9	63987896	74.928	pPt-559506	DArT_marker	9	ST4.03ch09	57730956	57731489	57731222	chr09	63987896	+	60	0.9761607628555886	93925	1	cigar_aligned_base	lifted_chr_agree
9	63987896	74.928	pPt-653776	DArT_marker	9	ST4.03ch09	57730956	57731489	57731222	chr09	63987896	+	60	0.9761607628555886	93925	1	cigar_aligned_base	lifted_chr_agree
9	63987896	74.928	pPt-654882	DArT_marker	9	ST4.03ch09	57730956	57731489	57731222	chr09	63987896	+	60	0.9761607628555886	93925	1	cigar_aligned_base	lifted_chr_agree
9	63987896	74.928	pPt-656559	DArT_marker	9	ST4.03ch09	57730956	57731489	57731222	chr09	63987896	+	60	0.9761607628555886	93925	1	cigar_aligned_base	lifted_chr_agree
9	63987896	74.929	pPt-540222	DArT_marker	9	ST4.03ch09	57730956	57731489	57731222	chr09	63987896	+	60	0.9761607628555886	93925	1	cigar_aligned_base	lifted_chr_agree
9	63987896	74.991	pPt-473247	DArT_marker	9	ST4.03ch09	57730956	57731489	57731222	chr09	63987896	+	60	0.9761607628555886	93925	1	cigar_aligned_base	lifted_chr_agree
9	63987896	75.034	pPt-537616	DArT_marker	9	ST4.03ch09	57730956	57731489	57731222	chr09	63987896	+	60	0.9761607628555886	93925	1	cigar_aligned_base	lifted_chr_agree
9	63987896	75.051	pPt-473222	DArT_marker	9	ST4.03ch09	57730956	57731489	57731222	chr09	63987896	+	60	0.9761607628555886	93925	1	cigar_aligned_base	lifted_chr_agree
9	63987896	75.329	pPt-456463	DArT_marker	9	ST4.03ch09	57730956	57731489	57731222	chr09	63987896	+	60	0.9761607628555886	93925	1	cigar_aligned_base	lifted_chr_agree
9	63987925	76.288	toPt-441141	DArT_marker	9	ST4.03ch09	57731116	57731386	57731251	chr09	63987925	+	60	0.9761607628555886	93925	1	cigar_aligned_base	lifted_chr_agree
9	64007875	75.748	solcap_stsnp_c1_12726	SNP	9	ST4.03ch09	57751201	57751201	57751201	chr09	64007875	+	60	0.9761607628555886	93925	1	cigar_aligned_base	lifted_chr_agree
9	64428872	76.93	solcap_stsnp_c1_913	SNP	9	ST4.03ch09	58290581	58290581	58290581	chr09	64428872	+	60	0.9946302418069236	59585	1	cigar_aligned_base	lifted_chr_agree
9	64828084	79.161	solcap_stsnp_c1_900	SNP	9	ST4.03ch09	58704357	58704357	58704357	chr09	64828084	+	60	0.9907358949639627	109583	1	cigar_aligned_base	lifted_chr_agree
9	65556720	80.75	pPt-473452	DArT_marker	9	ST4.03ch09	59464644	59465007	59464825	chr09	65556720	+	60	0.9205431110943367	100238	1	cigar_aligned_base	lifted_chr_agree
9	65556720	80.766	pPt-458402	DArT_marker	9	ST4.03ch09	59464644	59465007	59464825	chr09	65556720	+	60	0.9205431110943367	100238	1	cigar_aligned_base	lifted_chr_agree
9	65556720	80.766	pPt-654857	DArT_marker	9	ST4.03ch09	59464644	59465007	59464825	chr09	65556720	+	60	0.9205431110943367	100238	1	cigar_aligned_base	lifted_chr_agree
9	65658883	80.749	pPt-535814	DArT_marker	9	ST4.03ch09	59576968	59577729	59577348	chr09	65658883	+	60	0.9952279549477897	39473	1	cigar_aligned_base	lifted_chr_agree
9	65658883	80.757	pPt-536015	DArT_marker	9	ST4.03ch09	59576968	59577729	59577348	chr09	65658883	+	60	0.9952279549477897	39473	1	cigar_aligned_base	lifted_chr_agree
9	65658883	80.766	pPt-458601	DArT_marker	9	ST4.03ch09	59576968	59577729	59577348	chr09	65658883	+	60	0.9952279549477897	39473	1	cigar_aligned_base	lifted_chr_agree
9	65658883	80.766	pPt-533882	DArT_marker	9	ST4.03ch09	59576968	59577728	59577348	chr09	65658883	+	60	0.9952279549477897	39473	1	cigar_aligned_base	lifted_chr_agree
9	65658883	80.766	pPt-540287	DArT_marker	9	ST4.03ch09	59576968	59577729	59577348	chr09	65658883	+	60	0.9952279549477897	39473	1	cigar_aligned_base	lifted_chr_agree
9	65687488	80.766	pPt-538575	DArT_marker	9	ST4.03ch09	59606333	59606666	59606499	chr09	65687488	+	60	0.9952279549477897	39473	1	cigar_aligned_base	lifted_chr_agree
9	65687488	80.766	pPt-652142	DArT_marker	9	ST4.03ch09	59606333	59606666	59606499	chr09	65687488	+	60	0.9952279549477897	39473	1	cigar_aligned_base	lifted_chr_agree
9	65687488	80.766	pPt-653168	DArT_marker	9	ST4.03ch09	59606333	59606666	59606499	chr09	65687488	+	60	0.9952279549477897	39473	1	cigar_aligned_base	lifted_chr_agree
9	66300693	82.423	solcap_stsnp_c1_6619	SNP	9	ST4.03ch09	60101725	60101725	60101725	chr09	66300693	+	60	0.9830287485305119	95068	1	cigar_aligned_base	lifted_chr_agree
9	66320339	82.536	solcap_stsnp_c1_6621	SNP	9	ST4.03ch09	60121835	60121835	60121835	chr09	66320339	+	60	0.9830287485305119	95068	1	cigar_aligned_base	lifted_chr_agree
9	66777078	87.866	solcap_stsnp_c1_10580	SNP	9	ST4.03ch09	60570402	60570402	60570402	chr09	66777078	+	60	0.9972985857301764	25335	1	cigar_aligned_base	lifted_chr_agree
9	66778416	86.542	solcap_stsnp_c1_10582	SNP	9	ST4.03ch09	60571740	60571740	60571740	chr09	66778416	+	60	0.9972985857301764	25335	1	cigar_aligned_base	lifted_chr_agree
9	67360701	86.621	solcap_stsnp_c1_8547	SNP	9	ST4.03ch09	61241394	61241394	61241394	chr09	67360701	+	60	0.9721175261264348	97097	1	cigar_aligned_base	lifted_chr_agree
10	291396	2.595	solcap_stsnp_c1_305	SNP	10	ST4.03ch10	339062	339062	339062	chr10	291396	+	60	0.9922530512931204	128010	1	cigar_aligned_base	lifted_chr_agree
10	294026	3.01	pPt-539370	DArT_marker	10	ST4.03ch10	341492	341892	341692	chr10	294026	+	60	0.9922530512931204	128010	1	cigar_aligned_base	lifted_chr_agree
10	294026	3.01	pPt-650911	DArT_marker	10	ST4.03ch10	341492	341892	341692	chr10	294026	+	60	0.9922530512931204	128010	1	cigar_aligned_base	lifted_chr_agree
10	294026	3.01	pPt-652185	DArT_marker	10	ST4.03ch10	341492	341892	341692	chr10	294026	+	60	0.9922530512931204	128010	1	cigar_aligned_base	lifted_chr_agree
10	294026	3.01	pPt-652699	DArT_marker	10	ST4.03ch10	341492	341892	341692	chr10	294026	+	60	0.9922530512931204	128010	1	cigar_aligned_base	lifted_chr_agree
10	294026	3.537	pPt-654733	DArT_marker	10	ST4.03ch10	341492	341892	341692	chr10	294026	+	60	0.9922530512931204	128010	1	cigar_aligned_base	lifted_chr_agree
10	645046	3.784	MICRO.2880.C1_913	match	10	ST4.03ch10	695877	695997	695937	chr10	645046	+	60	0.9923339496515432	70778	1	cigar_aligned_base	lifted_chr_agree
10	675172	4.383	pPt-472610	DArT_marker	10	ST4.03ch10	725997	726214	726105	chr10	675172	+	60	0.9923339496515432	70778	1	cigar_aligned_base	lifted_chr_agree
10	675172	4.383	pPt-650953	DArT_marker	10	ST4.03ch10	725997	726214	726105	chr10	675172	+	60	0.9923339496515432	70778	1	cigar_aligned_base	lifted_chr_agree
10	920818	4.183	st_15123	repeat_region	10	ST4.03ch10	980326	980527	980426	chr10	920818	+	60	0.9798755506796716	58195	1	cigar_aligned_base	lifted_chr_agree
10	965693	7.902	pPt-456767	DArT_marker	10	ST4.03ch10	1024740	1025488	1025114	chr10	965693	+	60	0.9960017769880053	22446	1	cigar_aligned_base	lifted_chr_agree
10	1480102	0.0	PM0417	repeat_region	10	ST4.03ch10	1553205	1553349	1553277	chr10	1480102	+	60	0.9783752917225285	40056	1	cigar_aligned_base	lifted_chr_agree
10	1614384	6.575	solcap_stsnp_c1_261	SNP	10	ST4.03ch10	1699433	1699433	1699433	chr10	1614384	+	60	0.9930259257355335	126241	1	cigar_aligned_base	lifted_chr_agree
10	1826253	9.56	solcap_stsnp_c1_272	SNP	10	ST4.03ch10	1922202	1922202	1922202	chr10	1826253	+	60	0.9968422009178064	132823	1	cigar_aligned_base	lifted_chr_agree
10	2034738	7.58	pPt-473086	DArT_marker	10	ST4.03ch10	2134922	2135211	2135066	chr10	2034738	+	60	0.9708745943247067	75091	1	cigar_aligned_base	lifted_chr_agree
10	2034836	7.609	pPt-653521	DArT_marker	10	ST4.03ch10	2134921	2135408	2135164	chr10	2034836	+	60	0.9708745943247067	75091	1	cigar_aligned_base	lifted_chr_agree
10	2034836	7.609	pPt-656726	DArT_marker	10	ST4.03ch10	2134921	2135408	2135164	chr10	2034836	+	60	0.9708745943247067	75091	1	cigar_aligned_base	lifted_chr_agree
10	2034837	7.569	pPt-537963	DArT_marker	10	ST4.03ch10	2134921	2135409	2135165	chr10	2034837	+	60	0.9708745943247067	75091	1	cigar_aligned_base	lifted_chr_agree
10	2034837	7.6	pPt-539897	DArT_marker	10	ST4.03ch10	2134921	2135409	2135165	chr10	2034837	+	60	0.9708745943247067	75091	1	cigar_aligned_base	lifted_chr_agree
10	2034837	7.609	pPt-552086	DArT_marker	10	ST4.03ch10	2134921	2135409	2135165	chr10	2034837	+	60	0.9708745943247067	75091	1	cigar_aligned_base	lifted_chr_agree
10	2034837	7.609	pPt-653123	DArT_marker	10	ST4.03ch10	2134921	2135409	2135165	chr10	2034837	+	60	0.9708745943247067	75091	1	cigar_aligned_base	lifted_chr_agree
10	2034837	7.609	pPt-653829	DArT_marker	10	ST4.03ch10	2134921	2135409	2135165	chr10	2034837	+	60	0.9708745943247067	75091	1	cigar_aligned_base	lifted_chr_agree
10	2034837	7.657	pPt-456962	DArT_marker	10	ST4.03ch10	2134921	2135409	2135165	chr10	2034837	+	60	0.9708745943247067	75091	1	cigar_aligned_base	lifted_chr_agree
10	2034837	7.657	pPt-533816	DArT_marker	10	ST4.03ch10	2134921	2135409	2135165	chr10	2034837	+	60	0.9708745943247067	75091	1	cigar_aligned_base	lifted_chr_agree
10	2034837	7.657	pPt-534244	DArT_marker	10	ST4.03ch10	2134921	2135409	2135165	chr10	2034837	+	60	0.9708745943247067	75091	1	cigar_aligned_base	lifted_chr_agree
10	2034837	7.657	pPt-535657	DArT_marker	10	ST4.03ch10	2134921	2135409	2135165	chr10	2034837	+	60	0.9708745943247067	75091	1	cigar_aligned_base	lifted_chr_agree
10	2034837	7.657	pPt-537357	DArT_marker	10	ST4.03ch10	2134921	2135409	2135165	chr10	2034837	+	60	0.9708745943247067	75091	1	cigar_aligned_base	lifted_chr_agree
10	2034837	7.657	pPt-539398	DArT_marker	10	ST4.03ch10	2134921	2135409	2135165	chr10	2034837	+	60	0.9708745943247067	75091	1	cigar_aligned_base	lifted_chr_agree
10	2034837	7.657	pPt-540171	DArT_marker	10	ST4.03ch10	2134921	2135409	2135165	chr10	2034837	+	60	0.9708745943247067	75091	1	cigar_aligned_base	lifted_chr_agree
10	2034837	7.657	pPt-552624	DArT_marker	10	ST4.03ch10	2134921	2135409	2135165	chr10	2034837	+	60	0.9708745943247067	75091	1	cigar_aligned_base	lifted_chr_agree
10	2034837	7.657	pPt-552651	DArT_marker	10	ST4.03ch10	2134921	2135409	2135165	chr10	2034837	+	60	0.9708745943247067	75091	1	cigar_aligned_base	lifted_chr_agree
10	2034837	7.657	pPt-559414	DArT_marker	10	ST4.03ch10	2134921	2135409	2135165	chr10	2034837	+	60	0.9708745943247067	75091	1	cigar_aligned_base	lifted_chr_agree
10	2034837	7.657	pPt-655039	DArT_marker	10	ST4.03ch10	2134921	2135409	2135165	chr10	2034837	+	60	0.9708745943247067	75091	1	cigar_aligned_base	lifted_chr_agree
10	2034840	7.609	pPt-540164	DArT_marker	10	ST4.03ch10	2134928	2135409	2135168	chr10	2034840	+	60	0.9708745943247067	75091	1	cigar_aligned_base	lifted_chr_agree
10	2346214	8.962	solcap_stsnp_c1_289	SNP	10	ST4.03ch10	2468562	2468562	2468562	chr10	2346214	+	60	0.9850321534462613	128338	1	cigar_aligned_base	lifted_chr_agree
10	2361285	10.322	pPt-456590	DArT_marker	10	ST4.03ch10	2483523	2484870	2484196	chr10	2361285	+	60	0.9850321534462613	128338	1	cigar_aligned_base	lifted_chr_agree
10	3132180	12.432	pPt-533808	DArT_marker	10	ST4.03ch10	3320902	3321306	3321104	chr10	3132180	+	60	0.9864400697221368	117462	1	cigar_aligned_base	lifted_chr_agree
10	3132180	12.432	pPt-652758	DArT_marker	10	ST4.03ch10	3320902	3321306	3321104	chr10	3132180	+	60	0.9864400697221368	117462	1	cigar_aligned_base	lifted_chr_agree
10	3132180	12.432	pPt-652869	DArT_marker	10	ST4.03ch10	3320902	3321306	3321104	chr10	3132180	+	60	0.9864400697221368	117462	1	cigar_aligned_base	lifted_chr_agree
10	3132180	12.489	toPt-439062	DArT_marker	10	ST4.03ch10	3320902	3321306	3321104	chr10	3132180	+	60	0.9864400697221368	117462	1	cigar_aligned_base	lifted_chr_agree
10	3132180	12.624	pPt-472889	DArT_marker	10	ST4.03ch10	3320902	3321306	3321104	chr10	3132180	+	60	0.9864400697221368	117462	1	cigar_aligned_base	lifted_chr_agree
10	3132180	12.624	pPt-652078	DArT_marker	10	ST4.03ch10	3320902	3321306	3321104	chr10	3132180	+	60	0.9864400697221368	117462	1	cigar_aligned_base	lifted_chr_agree
10	3132266	12.432	pPt-457178	DArT_marker	10	ST4.03ch10	3320902	3321479	3321190	chr10	3132266	+	60	0.9864400697221368	117462	1	cigar_aligned_base	lifted_chr_agree
10	4106371	14.581	pPt-473652	DArT_marker	10	ST4.03ch10	4448569	4449062	4448815	chr10	4106371	+	60	0.9907340739216897	117323	1	cigar_aligned_base	lifted_chr_agree
10	4106371	14.608	pPt-657368	DArT_marker	10	ST4.03ch10	4448569	4449062	4448815	chr10	4106371	+	60	0.9907340739216897	117323	1	cigar_aligned_base	lifted_chr_agree
10	6642729	22.556	solcap_stsnp_c1_14047	SNP	10	ST4.03ch10	20040041	20040041	20040041	chr10	6642729	+	60	0.9870926431435986	67425	1	cigar_aligned_base	lifted_chr_agree
10	7780322	21.884	PM0126	repeat_region	10	ST4.03ch10	38202603	38202737	38202670	chr10	7780322	-	60	0.9996452328159645	11274	1	cigar_aligned_base	lifted_chr_agree
10	10737387	18.531	pPt-473173	DArT_marker	10	ST4.03ch10	23467781	23468618	23468199	chr10	10737387	+	60	0.9625821572323839	94488	1	cigar_aligned_base	lifted_chr_agree
10	10737388	19.247	pPt-656604	DArT_marker	10	ST4.03ch10	23467781	23468619	23468200	chr10	10737388	+	60	0.9625821572323839	94488	1	cigar_aligned_base	lifted_chr_agree
10	10753815	19.435	STM0051	repeat_region	10	ST4.03ch10	23484569	23484685	23484627	chr10	10753815	+	60	0.9625821572323839	94488	1	cigar_aligned_base	lifted_chr_agree
10	11815345	18.998	PM1302	repeat_region	10	ST4.03ch10	24559355	24559501	24559428	chr10	11815345	+	60	0.9973335966818092	40500	1	cigar_aligned_base	lifted_chr_agree
10	16026853	20.595	PM1355	repeat_region	10	ST4.03ch10	10064256	10064418	10064337	chr10	16026853	+	60	0.93213009964279	44026	1	cigar_aligned_base	lifted_chr_agree
10	17962311	41.049	pPt-652912	DArT_marker	10	ST4.03ch10	27044463	27045342	27044902	chr10	17962311	-	60	0.9789950887797506	26470	1	cigar_aligned_base	lifted_chr_agree
10	17962311	41.371	pPt-473473	DArT_marker	10	ST4.03ch10	27044463	27045342	27044902	chr10	17962311	-	60	0.9789950887797506	26470	1	cigar_aligned_base	lifted_chr_agree
10	17962311	42.04	pPt-653258	DArT_marker	10	ST4.03ch10	27044463	27045342	27044902	chr10	17962311	-	60	0.9789950887797506	26470	1	cigar_aligned_base	lifted_chr_agree
10	17967322	21.197	pPt-471094	DArT_marker	10	ST4.03ch10	27039596	27040187	27039891	chr10	17967322	-	60	0.9789950887797506	26470	1	cigar_aligned_base	lifted_chr_agree
10	17967322	21.197	pPt-471470	DArT_marker	10	ST4.03ch10	27039596	27040187	27039891	chr10	17967322	-	60	0.9789950887797506	26470	1	cigar_aligned_base	lifted_chr_agree
10	17967543	21.197	pPt-533932	DArT_marker	10	ST4.03ch10	27039153	27040187	27039670	chr10	17967543	-	60	0.9789950887797506	26470	1	cigar_aligned_base	lifted_chr_agree
10	17967834	21.197	pPt-538467	DArT_marker	10	ST4.03ch10	27039153	27039606	27039379	chr10	17967834	-	60	0.9789950887797506	26470	1	cigar_aligned_base	lifted_chr_agree
10	21865280	20.867	pPt-535392	DArT_marker	10	ST4.03ch10	8237167	8237756	8237461	chr10	21865280	-	60	0.9996356254229348	19207	1	cigar_aligned_base	lifted_chr_agree
10	29044920	21.796	PM1358	repeat_region	10	ST4.03ch10	34634281	34634425	34634353	chr10	29044920	-	60	0.9979616855973886	203128	1	cigar_aligned_base	lifted_chr_agree
10	29677960	20.137	solcap_stsnp_c1_1	SNP	10	ST4.03ch10	33993379	33993379	33993379	chr10	29677960	-	60	0.7575531099942079	41596	1	cigar_aligned_base	lifted_chr_agree
10	30749482	21.352	solcap_stsnp_c1_5	SNP	10	ST4.03ch10	32869283	32869283	32869283	chr10	30749482	-	60	0.9974398809654056	45660	1	cigar_aligned_base	lifted_chr_agree
10	31387549	23.528	solcap_stsnp_c1_7	SNP	10	ST4.03ch10	32251718	32251718	32251718	chr10	31387549	-	60	0.988902810094863	22841	1	cigar_aligned_base	lifted_chr_agree
10	35603439	25.672	solcap_stsnp_c1_3057	SNP	10	ST4.03ch10	28438797	28438797	28438797	chr10	35603439	+	60	0.9886207573082205	76388	1	cigar_aligned_base	lifted_chr_agree
10	36968160	23.048	solcap_stsnp_c1_3055	SNP	10	ST4.03ch10	29814382	29814382	29814382	chr10	36968160	+	60	0.9877119348810817	102490	1	cigar_aligned_base	lifted_chr_agree
10	44025840	26.215	PM1337	repeat_region	10	ST4.03ch10	43480126	43480323	43480224	chr10	44025840	+	60	0.9904963041182682	25568	1	cigar_aligned_base	lifted_chr_agree
10	44301243	26.728	solcap_stsnp_c1_11408	SNP	10	ST4.03ch10	43758532	43758532	43758532	chr10	44301243	+	60	0.9923423615857826	94773	1	cigar_aligned_base	lifted_chr_agree
10	45867762	26.604	solcap_stsnp_c1_14465	SNP	10	ST4.03ch10	45347792	45347792	45347792	chr10	45867762	+	60	0.9925865800865801	36867	1	cigar_aligned_base	lifted_chr_agree
10	46391532	27.672	solcap_stsnp_c1_12035	SNP	10	ST4.03ch10	45888736	45888736	45888736	chr10	46391532	+	60	0.9827555136611265	72503	1	cigar_aligned_base	lifted_chr_agree
10	47804246	36.083	pPt-654661	DArT_marker	10	ST4.03ch10	47119159	47119823	47119491	chr10	47804246	+	60	0.9998359445492576	24381	1	cigar_aligned_base	lifted_chr_agree
10	47804246	36.091	pPt-536843	DArT_marker	10	ST4.03ch10	47119159	47119823	47119491	chr10	47804246	+	60	0.9998359445492576	24381	1	cigar_aligned_base	lifted_chr_agree
10	47804246	36.091	pPt-552476	DArT_marker	10	ST4.03ch10	47119159	47119823	47119491	chr10	47804246	+	60	0.9998359445492576	24381	1	cigar_aligned_base	lifted_chr_agree
10	47804246	36.402	pPt-552174	DArT_marker	10	ST4.03ch10	47119159	47119823	47119491	chr10	47804246	+	60	0.9998359445492576	24381	1	cigar_aligned_base	lifted_chr_agree
10	48174762	36.298	solcap_stsnp_c1_16004	SNP	10	ST4.03ch10	47538553	47538553	47538553	chr10	48174762	+	60	0.9998438573480732	32018	1	cigar_aligned_base	lifted_chr_agree
10	49042701	34.53	toPt-440832	DArT_marker	10	ST4.03ch10	48147586	48148247	48147916	chr10	49042701	+	60	0.9880263132585739	105223	1	cigar_aligned_base	lifted_chr_agree
10	49042767	34.53	pPt-539063	DArT_marker	10	ST4.03ch10	48147586	48148378	48147982	chr10	49042767	+	60	0.9880263132585739	105223	1	cigar_aligned_base	lifted_chr_agree
10	49042767	34.53	pPt-552569	DArT_marker	10	ST4.03ch10	48147586	48148378	48147982	chr10	49042767	+	60	0.9880263132585739	105223	1	cigar_aligned_base	lifted_chr_agree
10	49042767	34.53	pPt-559421	DArT_marker	10	ST4.03ch10	48147586	48148378	48147982	chr10	49042767	+	60	0.9880263132585739	105223	1	cigar_aligned_base	lifted_chr_agree
10	49233562	37.794	solcap_stsnp_c1_14606	SNP	10	ST4.03ch10	48376904	48376904	48376904	chr10	49233562	+	60	1.0	15429	1	cigar_aligned_base	lifted_chr_agree
10	50430249	39.12	toPt-437059	DArT_marker	10	ST4.03ch10	49406173	49406475	49406324	chr10	50430249	+	60	0.9949066213921901	38871	1	cigar_aligned_base	lifted_chr_agree
10	50430249	39.12	toPt-439655	DArT_marker	10	ST4.03ch10	49406173	49406475	49406324	chr10	50430249	+	60	0.9949066213921901	38871	1	cigar_aligned_base	lifted_chr_agree
10	51855735	43.078	pPt-533924	DArT_marker	10	ST4.03ch10	50901994	50902299	50902146	chr10	51855735	+	60	0.9562309578657947	12905	1	cigar_aligned_base	lifted_chr_agree
10	51855778	43.41	pPt-650975	DArT_marker	10	ST4.03ch10	50901994	50902385	50902189	chr10	51855778	+	60	0.9562309578657947	12905	1	cigar_aligned_base	lifted_chr_agree
10	52087178	45.883	solcap_stsnp_c1_9498	SNP	10	ST4.03ch10	51153536	51153536	51153536	chr10	52087178	+	60	0.9915327311536124	73438	1	cigar_aligned_base	lifted_chr_agree
10	52898453	46.385	pPt-539509	DArT_marker	10	ST4.03ch10	52004351	52004565	52004458	chr10	52898453	+	60	0.9977558743289624	22680	1	cigar_aligned_base	lifted_chr_agree
10	52898639	46.379	pPt-653677	DArT_marker	10	ST4.03ch10	52004351	52004938	52004644	chr10	52898639	+	60	0.9977558743289624	22680	1	cigar_aligned_base	lifted_chr_agree
10	52898641	46.383	pPt-652127	DArT_marker	10	ST4.03ch10	52004351	52004941	52004646	chr10	52898641	+	60	0.9977558743289624	22680	1	cigar_aligned_base	lifted_chr_agree
10	52898643	45.911	toPt-440308	DArT_marker	10	ST4.03ch10	52004351	52004946	52004648	chr10	52898643	+	60	0.9977558743289624	22680	1	cigar_aligned_base	lifted_chr_agree
10	52898643	46.312	pPt-458453	DArT_marker	10	ST4.03ch10	52004351	52004946	52004648	chr10	52898643	+	60	0.9977558743289624	22680	1	cigar_aligned_base	lifted_chr_agree
10	52898643	46.353	pPt-650893	DArT_marker	10	ST4.03ch10	52004351	52004946	52004648	chr10	52898643	+	60	0.9977558743289624	22680	1	cigar_aligned_base	lifted_chr_agree
10	52898643	46.379	pPt-458714	DArT_marker	10	ST4.03ch10	52004351	52004946	52004648	chr10	52898643	+	60	0.9977558743289624	22680	1	cigar_aligned_base	lifted_chr_agree
10	52898643	46.379	pPt-459023	DArT_marker	10	ST4.03ch10	52004351	52004946	52004648	chr10	52898643	+	60	0.9977558743289624	22680	1	cigar_aligned_base	lifted_chr_agree
10	52898643	46.379	pPt-472481	DArT_marker	10	ST4.03ch10	52004351	52004946	52004648	chr10	52898643	+	60	0.9977558743289624	22680	1	cigar_aligned_base	lifted_chr_agree
10	52898643	46.379	pPt-539190	DArT_marker	10	ST4.03ch10	52004351	52004946	52004648	chr10	52898643	+	60	0.9977558743289624	22680	1	cigar_aligned_base	lifted_chr_agree
10	52898643	46.379	toPt-437020	DArT_marker	10	ST4.03ch10	52004351	52004946	52004648	chr10	52898643	+	60	0.9977558743289624	22680	1	cigar_aligned_base	lifted_chr_agree
10	52898643	46.379	toPt-437558	DArT_marker	10	ST4.03ch10	52004351	52004946	52004648	chr10	52898643	+	60	0.9977558743289624	22680	1	cigar_aligned_base	lifted_chr_agree
10	52898643	46.379	toPt-439355	DArT_marker	10	ST4.03ch10	52004351	52004946	52004648	chr10	52898643	+	60	0.9977558743289624	22680	1	cigar_aligned_base	lifted_chr_agree
10	52898643	46.383	pPt-535439	DArT_marker	10	ST4.03ch10	52004351	52004946	52004648	chr10	52898643	+	60	0.9977558743289624	22680	1	cigar_aligned_base	lifted_chr_agree
10	52898643	46.383	pPt-650881	DArT_marker	10	ST4.03ch10	52004351	52004946	52004648	chr10	52898643	+	60	0.9977558743289624	22680	1	cigar_aligned_base	lifted_chr_agree
10	52898643	46.383	pPt-654512	DArT_marker	10	ST4.03ch10	52004351	52004946	52004648	chr10	52898643	+	60	0.9977558743289624	22680	1	cigar_aligned_base	lifted_chr_agree
10	52898643	46.385	pPt-654751	DArT_marker	10	ST4.03ch10	52004351	52004946	52004648	chr10	52898643	+	60	0.9977558743289624	22680	1	cigar_aligned_base	lifted_chr_agree
10	52898643	46.387	toPt-438485	DArT_marker	10	ST4.03ch10	52004351	52004946	52004648	chr10	52898643	+	60	0.9977558743289624	22680	1	cigar_aligned_base	lifted_chr_agree
10	52898643	46.388	toPt-439251	DArT_marker	10	ST4.03ch10	52004351	52004946	52004648	chr10	52898643	+	60	0.9977558743289624	22680	1	cigar_aligned_base	lifted_chr_agree
10	52898643	46.445	toPt-440369	DArT_marker	10	ST4.03ch10	52004351	52004946	52004648	chr10	52898643	+	60	0.9977558743289624	22680	1	cigar_aligned_base	lifted_chr_agree
10	52898643	46.693	pPt-458198	DArT_marker	10	ST4.03ch10	52004351	52004946	52004648	chr10	52898643	+	60	0.9977558743289624	22680	1	cigar_aligned_base	lifted_chr_agree
10	52898643	46.724	pPt-458465	DArT_marker	10	ST4.03ch10	52004351	52004946	52004648	chr10	52898643	+	60	0.9977558743289624	22680	1	cigar_aligned_base	lifted_chr_agree
10	52898816	46.295	capPt-673116	DArT_marker	10	ST4.03ch10	52004696	52004946	52004821	chr10	52898816	+	60	0.9977558743289624	22680	1	cigar_aligned_base	lifted_chr_agree
10	52898816	46.313	capPt-672993	DArT_marker	10	ST4.03ch10	52004696	52004946	52004821	chr10	52898816	+	60	0.9977558743289624	22680	1	cigar_aligned_base	lifted_chr_agree
10	53051560	46.077	solcap_stsnp_c1_15222	SNP	10	ST4.03ch10	52168250	52168250	52168250	chr10	53051560	+	60	0.9708535181864412	76238	1	cigar_aligned_base	lifted_chr_agree
10	53142228	47.01	solcap_stsnp_c1_15216	SNP	10	ST4.03ch10	52262080	52262080	52262080	chr10	53142228	+	60	0.9896014931189367	49824	1	cigar_aligned_base	lifted_chr_agree
10	55214380	49.827	pPt-459092	DArT_marker	10	ST4.03ch10	54347437	54347635	54347536	chr10	55214380	+	60	0.9998846464413427	17336	1	cigar_aligned_base	lifted_chr_agree
10	55214381	49.755	pPt-458475	DArT_marker	10	ST4.03ch10	54347437	54347637	54347537	chr10	55214381	+	60	0.9998846464413427	17336	1	cigar_aligned_base	lifted_chr_agree
10	55214381	49.755	pPt-539947	DArT_marker	10	ST4.03ch10	54347437	54347637	54347537	chr10	55214381	+	60	0.9998846464413427	17336	1	cigar_aligned_base	lifted_chr_agree
10	55214381	49.755	pPt-654281	DArT_marker	10	ST4.03ch10	54347438	54347637	54347537	chr10	55214381	+	60	0.9998846464413427	17336	1	cigar_aligned_base	lifted_chr_agree
10	55214381	49.979	pPt-457825	DArT_marker	10	ST4.03ch10	54347437	54347637	54347537	chr10	55214381	+	60	0.9998846464413427	17336	1	cigar_aligned_base	lifted_chr_agree
10	55254858	50.273	solcap_stsnp_c1_10324	SNP	10	ST4.03ch10	54389816	54389816	54389816	chr10	55254858	+	60	0.9982393831770027	32933	1	cigar_aligned_base	lifted_chr_agree
10	55257906	49.769	pPt-652171	DArT_marker	10	ST4.03ch10	54392723	54393006	54392864	chr10	55257906	+	60	0.9982393831770027	32933	1	cigar_aligned_base	lifted_chr_agree
10	57342715	57.701	solcap_stsnp_c1_9069	SNP	10	ST4.03ch10	56513750	56513750	56513750	chr10	57342715	+	60	0.9811122770199371	11436	1	cigar_aligned_base	lifted_chr_agree
10	57502157	57.235	solcap_stsnp_c1_12656	SNP	10	ST4.03ch10	56677034	56677034	56677034	chr10	57502157	+	60	0.9989838987025168	25777	1	cigar_aligned_base	lifted_chr_agree
10	57561186	59.216	pPt-458108	DArT_marker	10	ST4.03ch10	56735717	56736329	56736023	chr10	57561186	+	60	0.9651764486504125	41420	1	cigar_aligned_base	lifted_chr_agree
10	57586970	58.919	solcap_stsnp_c1_12614	SNP	10	ST4.03ch10	56762745	56762745	56762745	chr10	57586970	+	60	0.9939533196275245	33221	1	cigar_aligned_base	lifted_chr_agree
10	57944536	61.372	PM0139	repeat_region	10	ST4.03ch10	57164395	57164527	57164461	chr10	57944536	+	60	0.9942674085314449	5930	1	cigar_aligned_base	lifted_chr_agree
10	58324929	62.297	solcap_stsnp_c1_7206	SNP	10	ST4.03ch10	57553566	57553566	57553566	chr10	58324929	+	60	0.983316154830057	162951	1	cigar_aligned_base	lifted_chr_agree
10	59199662	64.989	pPt-651366	DArT_marker	10	ST4.03ch10	58436102	58436438	58436270	chr10	59199662	+	60	0.9875526732614088	66514	1	cigar_aligned_base	lifted_chr_agree
10	59248708	68.865	solcap_stsnp_c1_8814	SNP	10	ST4.03ch10	58485780	58485780	58485780	chr10	59248708	+	60	0.9709001105277701	59009	1	cigar_aligned_base	lifted_chr_agree
10	59277472	67.349	toPt-437377	DArT_marker	10	ST4.03ch10	58515787	58516258	58516022	chr10	59277472	+	60	0.9709001105277701	59009	1	cigar_aligned_base	lifted_chr_agree
11	478455	6.415	pPt-473989	DArT_marker	11	ST4.03ch11	177588	178547	178067	chr11	478455	+	60	0.9991448606122798	78390	1	cigar_aligned_base	lifted_chr_agree
11	478459	6.415	pPt-656084	DArT_marker	11	ST4.03ch11	177595	178547	178071	chr11	478459	+	60	0.9991448606122798	78390	1	cigar_aligned_base	lifted_chr_agree
11	478466	6.415	pPt-654935	DArT_marker	11	ST4.03ch11	177610	178547	178078	chr11	478466	+	60	0.9991448606122798	78390	1	cigar_aligned_base	lifted_chr_agree
11	478667	6.415	toPt-440415	DArT_marker	11	ST4.03ch11	178012	178547	178279	chr11	478667	+	60	0.9991448606122798	78390	1	cigar_aligned_base	lifted_chr_agree
11	675706	7.188	solcap_stsnp_c1_4358	SNP	11	ST4.03ch11	389661	389661	389661	chr11	675706	+	60	0.9892568082558041	83386	1	cigar_aligned_base	lifted_chr_agree
11	1414041	10.24	pPt-652437	DArT_marker	11	ST4.03ch11	1113942	1114428	1114185	chr11	1414041	+	60	0.9892862388650325	116895	1	cigar_aligned_base	lifted_chr_agree
11	2579325	0.759	solcap_stsnp_c1_11111	SNP	11	ST4.03ch11	1788796	1788796	1788796	chr11	2579325	+	60	0.989491089258787	171539	1	cigar_aligned_base	lifted_chr_agree
11	2822788	2.25	pPt-470834	DArT_marker	11	ST4.03ch11	2066774	2067723	2067248	chr11	2822788	+	60	0.980406882624877	59473	1	cigar_aligned_base	lifted_chr_agree
11	2830372	1.658	pPt-534589	DArT_marker	11	ST4.03ch11	2074467	2075021	2074744	chr11	2830372	+	60	0.980406882624877	59473	1	cigar_aligned_base	lifted_chr_agree
11	2830372	2.226	pPt-536045	DArT_marker	11	ST4.03ch11	2074467	2075021	2074744	chr11	2830372	+	60	0.980406882624877	59473	1	cigar_aligned_base	lifted_chr_agree
11	2830372	2.233	pPt-538065	DArT_marker	11	ST4.03ch11	2074467	2075021	2074744	chr11	2830372	+	60	0.980406882624877	59473	1	cigar_aligned_base	lifted_chr_agree
11	2830372	2.244	pPt-534298	DArT_marker	11	ST4.03ch11	2074467	2075021	2074744	chr11	2830372	+	60	0.980406882624877	59473	1	cigar_aligned_base	lifted_chr_agree
11	2830372	2.25	pPt-536761	DArT_marker	11	ST4.03ch11	2074467	2075021	2074744	chr11	2830372	+	60	0.980406882624877	59473	1	cigar_aligned_base	lifted_chr_agree
11	2830392	2.216	pPt-653767	DArT_marker	11	ST4.03ch11	2074467	2075061	2074764	chr11	2830392	+	60	0.980406882624877	59473	1	cigar_aligned_base	lifted_chr_agree
11	3258263	3.765	solcap_stsnp_c1_2189	SNP	11	ST4.03ch11	2511414	2511414	2511414	chr11	3258263	+	60	0.9821613160459552	33789	1	cigar_aligned_base	lifted_chr_agree
11	3575362	12.567	solcap_stsnp_c1_2132	SNP	11	ST4.03ch11	2848337	2848337	2848337	chr11	3575362	+	60	0.9814640180898204	304192	1	cigar_aligned_base	lifted_chr_agree
11	3695457	4.712	solcap_stsnp_c1_2311	SNP	11	ST4.03ch11	2969989	2969989	2969989	chr11	3695457	+	60	0.9814640180898204	304192	1	cigar_aligned_base	lifted_chr_agree
11	4000873	15.715	solcap_stsnp_c1_2254	SNP	11	ST4.03ch11	3288879	3288879	3288879	chr11	4000873	+	60	0.9925159343639816	117884	1	cigar_aligned_base	lifted_chr_agree
11	4002920	15.429	capPt-673113	DArT_marker	11	ST4.03ch11	3290643	3291209	3290926	chr11	4002920	+	60	0.9925159343639816	117884	1	cigar_aligned_base	lifted_chr_agree
11	4242408	5.452	solcap_stsnp_c1_2221	SNP	11	ST4.03ch11	3582609	3582609	3582609	chr11	4242408	+	60	0.9940270539321895	69131	1	cigar_aligned_base	lifted_chr_agree
11	5321940	17.585	solcap_stsnp_c1_16309	SNP	11	ST4.03ch11	4666456	4666456	4666456	chr11	5321940	+	60	0.9777059351173568	53504	1	cigar_aligned_base	lifted_chr_agree
11	5952475	18.836	toPt-436913	DArT_marker	11	ST4.03ch11	5048877	5049757	5049317	chr11	5952475	+	60	0.9912131114489966	128054	1	cigar_aligned_base	lifted_chr_agree
11	6166561	8.301	solcap_stsnp_c1_6633	SNP	11	ST4.03ch11	5263076	5263076	5263076	chr11	6166561	+	60	0.9570241439029005	68642	1	cigar_aligned_base	lifted_chr_agree
11	6316424	8.562	PM0206	repeat_region	11	ST4.03ch11	5416623	5416798	5416710	chr11	6316424	+	60	0.9939975482943738	23653	1	cigar_aligned_base	lifted_chr_agree
11	6413576	9.381	solcap_stsnp_c1_6643	SNP	11	ST4.03ch11	5515254	5515254	5515254	chr11	6413576	+	60	0.9784596659246328	64650	1	cigar_aligned_base	lifted_chr_agree
11	7232733	12.591	pPt-538888	DArT_marker	11	ST4.03ch11	6258183	6258833	6258508	chr11	7232733	+	60	0.9700248890812683	19012	1	cigar_aligned_base	lifted_chr_agree
11	7604661	16.273	PM0395	repeat_region	11	ST4.03ch11	6639216	6639319	6639267	chr11	7604661	+	60	0.9977798921661909	3151	1	cigar_aligned_base	lifted_chr_agree
11	8901167	26.204	solcap_stsnp_c1_4012	SNP	11	ST4.03ch11	8059092	8059092	8059092	chr11	8901167	+	60	0.990770763596955	115493	1	cigar_aligned_base	lifted_chr_agree
11	9118092	26.74	solcap_stsnp_c1_4009	SNP	11	ST4.03ch11	8279431	8279431	8279431	chr11	9118092	+	60	0.9883669483203298	94850	1	cigar_aligned_base	lifted_chr_agree
11	9491422	27.637	solcap_stsnp_c1_3996	SNP	11	ST4.03ch11	8660284	8660284	8660284	chr11	9491422	+	60	0.999433677321923	15888	1	cigar_aligned_base	lifted_chr_agree
11	9529080	27.499	toPt-437239	DArT_marker	11	ST4.03ch11	8699467	8699829	8699648	chr11	9529080	+	60	0.9911121170967255	67261	1	cigar_aligned_base	lifted_chr_agree
11	9529080	27.499	toPt-437362	DArT_marker	11	ST4.03ch11	8699467	8699829	8699648	chr11	9529080	+	60	0.9911121170967255	67261	1	cigar_aligned_base	lifted_chr_agree
11	9529123	27.698	toPt-438852	DArT_marker	11	ST4.03ch11	8699553	8699829	8699691	chr11	9529123	+	60	0.9911121170967255	67261	1	cigar_aligned_base	lifted_chr_agree
11	9529226	27.499	pPt-650908	DArT_marker	11	ST4.03ch11	8699467	8700121	8699794	chr11	9529226	+	60	0.9911121170967255	67261	1	cigar_aligned_base	lifted_chr_agree
11	9529226	27.499	pPt-654251	DArT_marker	11	ST4.03ch11	8699467	8700121	8699794	chr11	9529226	+	60	0.9911121170967255	67261	1	cigar_aligned_base	lifted_chr_agree
11	9529226	27.499	pPt-655824	DArT_marker	11	ST4.03ch11	8699467	8700121	8699794	chr11	9529226	+	60	0.9911121170967255	67261	1	cigar_aligned_base	lifted_chr_agree
11	10088223	22.701	toPt-437706	DArT_marker	11	ST4.03ch11	9271686	9271998	9271842	chr11	10088223	+	60	0.9881070174417477	51147	1	cigar_aligned_base	lifted_chr_agree
11	10088223	23.569	toPt-437157	DArT_marker	11	ST4.03ch11	9271686	9271998	9271842	chr11	10088223	+	60	0.9881070174417477	51147	1	cigar_aligned_base	lifted_chr_agree
11	10088223	23.708	pPt-650846	DArT_marker	11	ST4.03ch11	9271686	9271998	9271842	chr11	10088223	+	60	0.9881070174417477	51147	1	cigar_aligned_base	lifted_chr_agree
11	11819512	28.519	st_11798	repeat_region	11	ST4.03ch11	11112831	11113269	11113050	chr11	11819512	+	60	0.995930382688633	96669	1	cigar_aligned_base	lifted_chr_agree
11	14527226	30.858	toPt-441400	DArT_marker	11	ST4.03ch11	13800448	13800764	13800606	chr11	14527226	+	60	0.9904325106670927	53086	1	cigar_aligned_base	lifted_chr_agree
11	14527226	32.073	pPt-650733	DArT_marker	11	ST4.03ch11	13800448	13800764	13800606	chr11	14527226	+	60	0.9904325106670927	53086	1	cigar_aligned_base	lifted_chr_agree
11	15387352	35.828	MICRO.1169.C1_977	match	11	ST4.03ch11	14665488	14665607	14665547	chr11	15387352	+	60	0.9847669433549211	10838	1	cigar_aligned_base	lifted_chr_agree
11	17854808	37.27	solcap_stsnp_c1_872	SNP	11	ST4.03ch11	17223119	17223119	17223119	chr11	17854808	+	60	0.9895458701615362	32802	1	cigar_aligned_base	lifted_chr_agree
11	27165202	34.197	PM1319	repeat_region	11	ST4.03ch11	18680438	18680647	18680542	chr11	27165202	-	60	0.9994304590500057	8778	1	cigar_aligned_base	lifted_chr_agree
11	27218620	15.236	pPt-657037	DArT_marker	11	ST4.03ch11	18628777	18629214	18628995	chr11	27218620	-	60	0.9998800527767783	8337	1	cigar_aligned_base	lifted_chr_agree
11	30013065	35.081	pPt-536357	DArT_marker	11	ST4.03ch11	27850466	27850795	27850630	chr11	30013065	+	60	0.9998906625847365	9145	1	cigar_aligned_base	lifted_chr_agree
11	32900636	33.402	MICRO.10953.C1_310	match	11	ST4.03ch11	30891933	30892053	30891993	chr11	32900636	+	60	0.9911516996448503	49266	1	cigar_aligned_base	lifted_chr_agree
11	36524120	36.791	pPt-473209	DArT_marker	11	ST4.03ch11	34617396	34618215	34617805	chr11	36524120	+	60	0.9905213805569677	101325	1	cigar_aligned_base	lifted_chr_agree
11	36524120	36.932	toPt-437465	DArT_marker	11	ST4.03ch11	34617396	34618215	34617805	chr11	36524120	+	60	0.9905213805569677	101325	1	cigar_aligned_base	lifted_chr_agree
11	36524120	36.999	toPt-440455	DArT_marker	11	ST4.03ch11	34617396	34618215	34617805	chr11	36524120	+	60	0.9905213805569677	101325	1	cigar_aligned_base	lifted_chr_agree
11	36955055	36.63	pPt-651955	DArT_marker	11	ST4.03ch11	35058959	35059195	35059077	chr11	36955055	+	60	0.9795365991493412	33616	1	cigar_aligned_base	lifted_chr_agree
11	36955055	38.047	pPt-457986	DArT_marker	11	ST4.03ch11	35058959	35059195	35059077	chr11	36955055	+	60	0.9795365991493412	33616	1	cigar_aligned_base	lifted_chr_agree
11	37615241	36.859	solcap_stsnp_c1_4359	SNP	11	ST4.03ch11	35737669	35737669	35737669	chr11	37615241	+	60	0.9950607240397467	34260	1	cigar_aligned_base	lifted_chr_agree
11	40128268	44.569	solcap_stsnp_c1_4818	SNP	11	ST4.03ch11	38528580	38528580	38528580	chr11	40128268	+	60	1.0	18438	1	cigar_aligned_base	lifted_chr_agree
11	40806074	48.053	solcap_stsnp_c1_1300	SNP	11	ST4.03ch11	39238993	39238993	39238993	chr11	40806074	+	60	0.9812338520403132	101502	1	cigar_aligned_base	lifted_chr_agree
11	40969800	46.082	pPt-653469	DArT_marker	11	ST4.03ch11	39404391	39404717	39404554	chr11	40969800	+	60	0.9828907048008172	15637	1	cigar_aligned_base	lifted_chr_agree
11	41045136	45.74	pPt-458167	DArT_marker	11	ST4.03ch11	39480636	39480998	39480817	chr11	41045136	+	60	0.9985032831208961	21092	1	cigar_aligned_base	lifted_chr_agree
11	41045136	45.74	pPt-656330	DArT_marker	11	ST4.03ch11	39480636	39480998	39480817	chr11	41045136	+	60	0.9985032831208961	21092	1	cigar_aligned_base	lifted_chr_agree
11	41045136	45.742	pPt-457993	DArT_marker	11	ST4.03ch11	39480636	39480998	39480817	chr11	41045136	+	60	0.9985032831208961	21092	1	cigar_aligned_base	lifted_chr_agree
11	41045136	45.749	toPt-437675	DArT_marker	11	ST4.03ch11	39480636	39480998	39480817	chr11	41045136	+	60	0.9985032831208961	21092	1	cigar_aligned_base	lifted_chr_agree
11	41045136	49.375	pPt-457758	DArT_marker	11	ST4.03ch11	39480636	39480998	39480817	chr11	41045136	+	60	0.9985032831208961	21092	1	cigar_aligned_base	lifted_chr_agree
11	41200951	46.192	toPt-437761	DArT_marker	11	ST4.03ch11	39650331	39650718	39650524	chr11	41200951	+	60	0.9901336196611787	85839	1	cigar_aligned_base	lifted_chr_agree
11	41200951	46.212	pPt-456627	DArT_marker	11	ST4.03ch11	39650331	39650718	39650524	chr11	41200951	+	60	0.9901336196611787	85839	1	cigar_aligned_base	lifted_chr_agree
11	41200951	46.212	pPt-472600	DArT_marker	11	ST4.03ch11	39650331	39650718	39650524	chr11	41200951	+	60	0.9901336196611787	85839	1	cigar_aligned_base	lifted_chr_agree
11	41200951	46.212	pPt-473142	DArT_marker	11	ST4.03ch11	39650331	39650718	39650524	chr11	41200951	+	60	0.9901336196611787	85839	1	cigar_aligned_base	lifted_chr_agree
11	41200951	46.212	pPt-654041	DArT_marker	11	ST4.03ch11	39650331	39650718	39650524	chr11	41200951	+	60	0.9901336196611787	85839	1	cigar_aligned_base	lifted_chr_agree
11	41200951	46.212	pPt-654319	DArT_marker	11	ST4.03ch11	39650331	39650718	39650524	chr11	41200951	+	60	0.9901336196611787	85839	1	cigar_aligned_base	lifted_chr_agree
11	41200951	46.212	pPt-655607	DArT_marker	11	ST4.03ch11	39650331	39650718	39650524	chr11	41200951	+	60	0.9901336196611787	85839	1	cigar_aligned_base	lifted_chr_agree
11	41200951	46.238	toPt-437421	DArT_marker	11	ST4.03ch11	39650331	39650718	39650524	chr11	41200951	+	60	0.9901336196611787	85839	1	cigar_aligned_base	lifted_chr_agree
11	41708288	42.971	MICRO.2270.C1_388	match	11	ST4.03ch11	40163564	40163673	40163618	chr11	41708288	+	60	0.9968782073212453	23318	1	cigar_aligned_base	lifted_chr_agree
11	42186332	47.372	solcap_stsnp_c1_6959	SNP	11	ST4.03ch11	40688589	40688589	40688589	chr11	42186332	+	60	0.997794855760528	60986	1	cigar_aligned_base	lifted_chr_agree
11	42273649	50.616	solcap_stsnp_c1_6967	SNP	11	ST4.03ch11	40777221	40777221	40777221	chr11	42273649	+	60	0.984607324167585	56335	1	cigar_aligned_base	lifted_chr_agree
11	42408537	47.907	solcap_stsnp_c1_6971	SNP	11	ST4.03ch11	40966771	40966771	40966771	chr11	42408537	+	60	0.9639030286126026	85967	1	cigar_aligned_base	lifted_chr_agree
11	42675626	52.117	MICRO.6802.C1_383	match	11	ST4.03ch11	41239941	41240061	41240001	chr11	42675626	+	60	0.9822910902047592	24973	1	cigar_aligned_base	lifted_chr_agree
11	42995363	52.997	pPt-652772	DArT_marker	11	ST4.03ch11	41565752	41566311	41566031	chr11	42995363	+	60	0.9785251995675419	203392	1	cigar_aligned_base	lifted_chr_agree
11	42995486	53.0	pPt-534514	DArT_marker	11	ST4.03ch11	41565997	41566311	41566154	chr11	42995486	+	60	0.9785251995675419	203392	1	cigar_aligned_base	lifted_chr_agree
11	43021081	53.299	solcap_stsnp_c1_4929	SNP	11	ST4.03ch11	41592085	41592085	41592085	chr11	43021081	+	60	0.9785251995675419	203392	1	cigar_aligned_base	lifted_chr_agree
11	43727992	53.878	solcap_stsnp_c1_4911	SNP	11	ST4.03ch11	42274809	42274809	42274809	chr11	43727992	+	60	0.9364048932140603	79260	1	cigar_aligned_base	lifted_chr_agree
11	43731390	53.049	solcap_stsnp_c1_4908	SNP	11	ST4.03ch11	42278644	42278644	42278644	chr11	43731390	+	60	0.9364048932140603	79260	1	cigar_aligned_base	lifted_chr_agree
11	43849896	54.559	pPt-471962	DArT_marker	11	ST4.03ch11	42369950	42370424	42370187	chr11	43849896	+	60	0.9847558893820416	59402	1	cigar_aligned_base	lifted_chr_agree
11	43917643	55.774	PM1298	repeat_region	11	ST4.03ch11	42442361	42442520	42442440	chr11	43917643	+	60	0.9135262383521334	54414	1	cigar_aligned_base	lifted_chr_agree
11	44454708	56.684	solcap_stsnp_c1_15798	SNP	11	ST4.03ch11	42975265	42975265	42975265	chr11	44454708	+	60	0.9927342503557415	46896	1	cigar_aligned_base	lifted_chr_agree
11	44455736	57.204	pPt-656631	DArT_marker	11	ST4.03ch11	42976091	42976496	42976293	chr11	44455736	+	60	0.9927342503557415	46896	1	cigar_aligned_base	lifted_chr_agree
11	44479312	55.172	pPt-656960	DArT_marker	11	ST4.03ch11	42999142	42999727	42999434	chr11	44479312	+	60	0.9667543418558775	57447	1	cigar_aligned_base	lifted_chr_agree
11	44479312	55.172	pPt-657161	DArT_marker	11	ST4.03ch11	42999142	42999727	42999434	chr11	44479312	+	60	0.9667543418558775	57447	1	cigar_aligned_base	lifted_chr_agree
11	44479312	55.184	pPt-654406	DArT_marker	11	ST4.03ch11	42999142	42999727	42999434	chr11	44479312	+	60	0.9667543418558775	57447	1	cigar_aligned_base	lifted_chr_agree
11	44479312	55.203	pPt-652740	DArT_marker	11	ST4.03ch11	42999142	42999727	42999434	chr11	44479312	+	60	0.9667543418558775	57447	1	cigar_aligned_base	lifted_chr_agree
11	45525054	58.097	solcap_stsnp_c1_11568	SNP	11	ST4.03ch11	44062079	44062079	44062079	chr11	45525054	+	60	0.9938670543535362	164590	1	cigar_aligned_base	lifted_chr_agree
11	45740690	61.922	solcap_stsnp_c1_12902	SNP	11	ST4.03ch11	44338817	44338817	44338817	chr11	45740690	+	60	0.9806778716039631	172687	1	cigar_aligned_base	lifted_chr_agree
11	45763473	62.862	toPt-438709	DArT_marker	11	ST4.03ch11	44362744	44363198	44362971	chr11	45763473	+	60	0.9806778716039631	172687	1	cigar_aligned_base	lifted_chr_agree
12	261556	69.698	solcap_stsnp_c1_16130	SNP	12	ST4.03ch12	61145303	61145303	61145303	chr12	261556	-	60	0.9988487728408367	41538	1	cigar_aligned_base	lifted_chr_agree
12	568082	69.512	solcap_stsnp_c1_1958	SNP	12	ST4.03ch12	60814894	60814894	60814894	chr12	568082	-	60	0.9984765512414049	24262	1	cigar_aligned_base	lifted_chr_agree
12	1055654	63.238	pPt-650534	DArT_marker	12	ST4.03ch12	60383884	60384500	60384192	chr12	1055654	-	60	0.9861574446872963	156118	1	cigar_aligned_base	lifted_chr_agree
12	1055654	63.669	pPt-473991	DArT_marker	12	ST4.03ch12	60383884	60384500	60384192	chr12	1055654	-	60	0.9861574446872963	156118	1	cigar_aligned_base	lifted_chr_agree
12	1055654	63.669	pPt-535270	DArT_marker	12	ST4.03ch12	60383884	60384500	60384192	chr12	1055654	-	60	0.9861574446872963	156118	1	cigar_aligned_base	lifted_chr_agree
12	1055654	63.669	pPt-536127	DArT_marker	12	ST4.03ch12	60383884	60384500	60384192	chr12	1055654	-	60	0.9861574446872963	156118	1	cigar_aligned_base	lifted_chr_agree
12	1055654	63.669	pPt-536187	DArT_marker	12	ST4.03ch12	60383884	60384500	60384192	chr12	1055654	-	60	0.9861574446872963	156118	1	cigar_aligned_base	lifted_chr_agree
12	1055654	63.669	pPt-537186	DArT_marker	12	ST4.03ch12	60383884	60384500	60384192	chr12	1055654	-	60	0.9861574446872963	156118	1	cigar_aligned_base	lifted_chr_agree
12	1055654	63.669	pPt-552501	DArT_marker	12	ST4.03ch12	60383884	60384500	60384192	chr12	1055654	-	60	0.9861574446872963	156118	1	cigar_aligned_base	lifted_chr_agree
12	1055654	63.702	pPt-537503	DArT_marker	12	ST4.03ch12	60383884	60384500	60384192	chr12	1055654	-	60	0.9861574446872963	156118	1	cigar_aligned_base	lifted_chr_agree
12	1294477	70.322	pPt-654952	DArT_marker	12	ST4.03ch12	60141487	60141970	60141728	chr12	1294477	-	60	0.9895022203569586	177867	1	cigar_aligned_base	lifted_chr_agree
12	1294480	75.166	toPt-439120	DArT_marker	12	ST4.03ch12	60141480	60141970	60141725	chr12	1294480	-	60	0.9895022203569586	177867	1	cigar_aligned_base	lifted_chr_agree
12	1294811	71.722	pPt-651410	DArT_marker	12	ST4.03ch12	60140818	60141970	60141394	chr12	1294811	-	60	0.9895022203569586	177867	1	cigar_aligned_base	lifted_chr_agree
12	1379657	68.531	STM0003	repeat_region	12	ST4.03ch12	60055231	60055365	60055298	chr12	1379657	-	60	0.9895022203569586	177867	1	cigar_aligned_base	lifted_chr_agree
12	1727004	67.548	toPt-441245	DArT_marker	12	ST4.03ch12	59674345	59701259	59687802	chr12	1727004	-	60	0.9842341973996238	61822	1	cigar_aligned_base	lifted_chr_agree
12	1781062	66.841	solcap_stsnp_c1_1948	SNP	12	ST4.03ch12	59631381	59631381	59631381	chr12	1781062	-	60	0.9723948645828607	44948	1	cigar_aligned_base	lifted_chr_agree
12	1904970	66.684	pPt-535005	DArT_marker	12	ST4.03ch12	59501502	59502378	59501940	chr12	1904970	-	60	0.9916405345324532	120001	1	cigar_aligned_base	lifted_chr_agree
12	3217727	61.988	pPt-651467	DArT_marker	12	ST4.03ch12	58104753	58105288	58105020	chr12	3217727	-	60	0.9308581555671176	125736	1	cigar_aligned_base	lifted_chr_agree
12	3217727	61.988	pPt-654605	DArT_marker	12	ST4.03ch12	58104753	58105288	58105020	chr12	3217727	-	60	0.9308581555671176	125736	1	cigar_aligned_base	lifted_chr_agree
12	3217727	61.99	pPt-651742	DArT_marker	12	ST4.03ch12	58104753	58105288	58105020	chr12	3217727	-	60	0.9308581555671176	125736	1	cigar_aligned_base	lifted_chr_agree
12	3428243	60.796	solcap_stsnp_c1_2775	SNP	12	ST4.03ch12	57883176	57883176	57883176	chr12	3428243	-	60	0.9943195293001615	268734	1	cigar_aligned_base	lifted_chr_agree
12	3663466	60.994	solcap_stsnp_c1_2733	SNP	12	ST4.03ch12	57645115	57645115	57645115	chr12	3663466	-	60	0.9895176094904586	133440	1	cigar_aligned_base	lifted_chr_agree
12	4100592	50.571	solcap_stsnp_c1_2713	SNP	12	ST4.03ch12	57202531	57202531	57202531	chr12	4100592	-	60	0.9812116674825074	72041	1	cigar_aligned_base	lifted_chr_agree
12	5220235	48.624	pPt-655869	DArT_marker	12	ST4.03ch12	56060277	56061400	56060838	chr12	5220235	-	60	0.985583666222814	56281	1	cigar_aligned_base	lifted_chr_agree
12	6016931	40.012	solcap_stsnp_c1_9741	SNP	12	ST4.03ch12	55182926	55182926	55182926	chr12	6016931	-	60	0.997733889109435	61018	1	cigar_aligned_base	lifted_chr_agree
12	7296871	44.555	solcap_stsnp_c1_7491	SNP	12	ST4.03ch12	53755787	53755787	53755787	chr12	7296871	-	60	0.9872159703358772	47060	1	cigar_aligned_base	lifted_chr_agree
12	7339777	44.104	PM1295	repeat_region	12	ST4.03ch12	53711008	53711159	53711083	chr12	7339777	-	60	0.9956684092606423	6685	1	cigar_aligned_base	lifted_chr_agree
12	9186104	41.248	pPt-472737	DArT_marker	12	ST4.03ch12	51729096	51730049	51729572	chr12	9186104	-	60	0.956868260665729	30327	1	cigar_aligned_base	lifted_chr_agree
12	9186109	41.258	pPt-471864	DArT_marker	12	ST4.03ch12	51729086	51730049	51729567	chr12	9186109	-	60	0.956868260665729	30327	1	cigar_aligned_base	lifted_chr_agree
12	10054710	38.396	pPt-651561	DArT_marker	12	ST4.03ch12	50731263	50732143	50731703	chr12	10054710	-	60	0.992835895931962	23870	1	cigar_aligned_base	lifted_chr_agree
12	10569816	33.693	pPt-650660	DArT_marker	12	ST4.03ch12	50172109	50172657	50172383	chr12	10569816	-	60	0.9855761409850882	55236	1	cigar_aligned_base	lifted_chr_agree
12	11124977	33.392	pPt-459526	DArT_marker	12	ST4.03ch12	49601356	49601665	49601510	chr12	11124977	-	60	0.9803410063234342	48411	1	cigar_aligned_base	lifted_chr_agree
12	11124977	33.393	pPt-552249	DArT_marker	12	ST4.03ch12	49601356	49601665	49601510	chr12	11124977	-	60	0.9803410063234342	48411	1	cigar_aligned_base	lifted_chr_agree
12	11125054	33.393	pPt-655800	DArT_marker	12	ST4.03ch12	49601202	49601665	49601433	chr12	11125054	-	60	0.9803410063234342	48411	1	cigar_aligned_base	lifted_chr_agree
12	11125054	33.693	pPt-459333	DArT_marker	12	ST4.03ch12	49601202	49601665	49601433	chr12	11125054	-	60	0.9803410063234342	48411	1	cigar_aligned_base	lifted_chr_agree
12	11125054	34.702	pPt-456687	DArT_marker	12	ST4.03ch12	49601202	49601665	49601433	chr12	11125054	-	60	0.9803410063234342	48411	1	cigar_aligned_base	lifted_chr_agree
12	11672516	31.439	STI0030	repeat_region	12	ST4.03ch12	49058524	49058624	49058574	chr12	11672516	-	60	0.9943747443065594	29176	1	cigar_aligned_base	lifted_chr_agree
12	12294109	29.089	pPt-651796	DArT_marker	12	ST4.03ch12	39686739	39687222	39686980	chr12	12294109	+	60	0.998915768787694	14752	1	cigar_aligned_base	lifted_chr_agree
12	48402334	26.618	pPt-652236	DArT_marker	12	ST4.03ch12	11574383	11574660	11574521	chr12	48402334	-	60	0.9918429669064514	122820	1	cigar_aligned_base	lifted_chr_agree
12	49357723	27.502	solcap_stsnp_c1_8495	SNP	12	ST4.03ch12	10560077	10560077	10560077	chr12	49357723	-	60	0.9979265764117575	16659	1	cigar_aligned_base	lifted_chr_agree
12	50680489	28.975	solcap_stsnp_c1_14454	SNP	12	ST4.03ch12	9183274	9183274	9183274	chr12	50680489	-	60	0.9782055361119949	31592	1	cigar_aligned_base	lifted_chr_agree
12	51331911	28.228	pPt-656291	DArT_marker	12	ST4.03ch12	8576485	8577047	8576766	chr12	51331911	-	60	0.380372179332318	43471	1	cigar_aligned_base	lifted_chr_agree
12	51331911	28.234	pPt-536168	DArT_marker	12	ST4.03ch12	8576485	8577047	8576766	chr12	51331911	-	60	0.380372179332318	43471	1	cigar_aligned_base	lifted_chr_agree
12	51331911	28.234	pPt-537885	DArT_marker	12	ST4.03ch12	8576485	8577047	8576766	chr12	51331911	-	60	0.380372179332318	43471	1	cigar_aligned_base	lifted_chr_agree
12	51331911	28.234	pPt-651901	DArT_marker	12	ST4.03ch12	8576485	8577047	8576766	chr12	51331911	-	60	0.380372179332318	43471	1	cigar_aligned_base	lifted_chr_agree
12	51331911	28.234	pPt-653200	DArT_marker	12	ST4.03ch12	8576485	8577047	8576766	chr12	51331911	-	60	0.380372179332318	43471	1	cigar_aligned_base	lifted_chr_agree
12	51331911	28.234	pPt-654468	DArT_marker	12	ST4.03ch12	8576485	8577047	8576766	chr12	51331911	-	60	0.380372179332318	43471	1	cigar_aligned_base	lifted_chr_agree
12	51331911	28.234	pPt-654613	DArT_marker	12	ST4.03ch12	8576485	8577047	8576766	chr12	51331911	-	60	0.380372179332318	43471	1	cigar_aligned_base	lifted_chr_agree
12	51331911	28.234	pPt-655080	DArT_marker	12	ST4.03ch12	8576485	8577047	8576766	chr12	51331911	-	60	0.380372179332318	43471	1	cigar_aligned_base	lifted_chr_agree
12	51331911	28.234	pPt-655812	DArT_marker	12	ST4.03ch12	8576485	8577047	8576766	chr12	51331911	-	60	0.380372179332318	43471	1	cigar_aligned_base	lifted_chr_agree
12	51331911	28.234	pPt-656069	DArT_marker	12	ST4.03ch12	8576485	8577047	8576766	chr12	51331911	-	60	0.380372179332318	43471	1	cigar_aligned_base	lifted_chr_agree
12	51331911	28.245	toPt-437297	DArT_marker	12	ST4.03ch12	8576485	8577047	8576766	chr12	51331911	-	60	0.380372179332318	43471	1	cigar_aligned_base	lifted_chr_agree
12	51331911	28.245	toPt-437587	DArT_marker	12	ST4.03ch12	8576485	8577047	8576766	chr12	51331911	-	60	0.380372179332318	43471	1	cigar_aligned_base	lifted_chr_agree
12	51331911	28.299	pPt-473728	DArT_marker	12	ST4.03ch12	8576485	8577047	8576766	chr12	51331911	-	60	0.380372179332318	43471	1	cigar_aligned_base	lifted_chr_agree
12	51331911	28.299	toPt-438810	DArT_marker	12	ST4.03ch12	8576485	8577047	8576766	chr12	51331911	-	60	0.380372179332318	43471	1	cigar_aligned_base	lifted_chr_agree
12	51331911	28.436	pPt-537662	DArT_marker	12	ST4.03ch12	8576485	8577047	8576766	chr12	51331911	-	60	0.380372179332318	43471	1	cigar_aligned_base	lifted_chr_agree
12	51331912	28.245	pPt-537219	DArT_marker	12	ST4.03ch12	8576485	8577045	8576765	chr12	51331912	-	60	0.380372179332318	43471	1	cigar_aligned_base	lifted_chr_agree
12	53043716	20.153	pPt-652539	DArT_marker	12	ST4.03ch12	6693065	6693442	6693253	chr12	53043716	-	60	0.9813765765765766	70191	1	cigar_aligned_base	lifted_chr_agree
12	53043716	20.153	pPt-653046	DArT_marker	12	ST4.03ch12	6693065	6693442	6693253	chr12	53043716	-	60	0.9813765765765766	70191	1	cigar_aligned_base	lifted_chr_agree
12	53043716	20.153	pPt-653269	DArT_marker	12	ST4.03ch12	6693065	6693442	6693253	chr12	53043716	-	60	0.9813765765765766	70191	1	cigar_aligned_base	lifted_chr_agree
12	53043716	20.153	pPt-653563	DArT_marker	12	ST4.03ch12	6693065	6693442	6693253	chr12	53043716	-	60	0.9813765765765766	70191	1	cigar_aligned_base	lifted_chr_agree
12	53043716	20.153	pPt-657374	DArT_marker	12	ST4.03ch12	6693065	6693442	6693253	chr12	53043716	-	60	0.9813765765765766	70191	1	cigar_aligned_base	lifted_chr_agree
12	53805487	18.494	pPt-471963	DArT_marker	12	ST4.03ch12	5937649	5937967	5937808	chr12	53805487	-	60	0.9909720764224228	28827	1	cigar_aligned_base	lifted_chr_agree
12	53805487	18.554	pPt-656136	DArT_marker	12	ST4.03ch12	5937649	5937967	5937808	chr12	53805487	-	60	0.9909720764224228	28827	1	cigar_aligned_base	lifted_chr_agree
12	53805487	18.573	pPt-654400	DArT_marker	12	ST4.03ch12	5937649	5937967	5937808	chr12	53805487	-	60	0.9909720764224228	28827	1	cigar_aligned_base	lifted_chr_agree
12	54445536	17.718	PM1351	repeat_region	12	ST4.03ch12	5292675	5292844	5292759	chr12	54445536	-	60	0.9992578849721707	60381	1	cigar_aligned_base	lifted_chr_agree
12	56281284	7.7	toPt-440819	DArT_marker	12	ST4.03ch12	3148266	3148603	3148434	chr12	56281284	-	60	0.9879362038071922	231244	1	cigar_aligned_base	lifted_chr_agree
12	57195889	0.807	pPt-457978	DArT_marker	12	ST4.03ch12	2490658	2492214	2491436	chr12	57195889	-	60	0.982771570744531	64869	1	cigar_aligned_base	lifted_chr_agree
12	57795568	4.355	MICRO.1639.C1_470	match	12	ST4.03ch12	1872508	1872628	1872568	chr12	57795568	-	60	0.986440726264147	213995	1	cigar_aligned_base	lifted_chr_agree
12	58521659	6.075	toPt-440828	DArT_marker	12	ST4.03ch12	1133291	1133730	1133510	chr12	58521659	-	60	0.9794458278983359	126940	1	cigar_aligned_base	lifted_chr_agree
12	58521659	6.175	toPt-440945	DArT_marker	12	ST4.03ch12	1133291	1133730	1133510	chr12	58521659	-	60	0.9794458278983359	126940	1	cigar_aligned_base	lifted_chr_agree
12	58521659	6.428	pPt-456682	DArT_marker	12	ST4.03ch12	1133291	1133730	1133510	chr12	58521659	-	60	0.9794458278983359	126940	1	cigar_aligned_base	lifted_chr_agree
12	58521659	6.428	pPt-458347	DArT_marker	12	ST4.03ch12	1133291	1133730	1133510	chr12	58521659	-	60	0.9794458278983359	126940	1	cigar_aligned_base	lifted_chr_agree
12	58521659	6.428	pPt-539794	DArT_marker	12	ST4.03ch12	1133291	1133730	1133510	chr12	58521659	-	60	0.9794458278983359	126940	1	cigar_aligned_base	lifted_chr_agree
12	58521659	6.428	pPt-656633	DArT_marker	12	ST4.03ch12	1133291	1133730	1133510	chr12	58521659	-	60	0.9794458278983359	126940	1	cigar_aligned_base	lifted_chr_agree
12	59294379	4.693	toPt-438817	DArT_marker	12	ST4.03ch12	356279	356962	356620	chr12	59294379	-	60	0.9840923795324763	71067	1	cigar_aligned_base	lifted_chr_agree
12	59294379	4.706	toPt-438507	DArT_marker	12	ST4.03ch12	356279	356962	356620	chr12	59294379	-	60	0.9840923795324763	71067	1	cigar_aligned_base	lifted_chr_agree
12	59294379	4.706	toPt-438939	DArT_marker	12	ST4.03ch12	356279	356962	356620	chr12	59294379	-	60	0.9840923795324763	71067	1	cigar_aligned_base	lifted_chr_agree
12	59294388	4.693	toPt-441368	DArT_marker	12	ST4.03ch12	356279	356944	356611	chr12	59294388	-	60	0.9840923795324763	71067	1	cigar_aligned_base	lifted_chr_agree
12	59294388	4.736	toPt-441263	DArT_marker	12	ST4.03ch12	356279	356944	356611	chr12	59294388	-	60	0.9840923795324763	71067	1	cigar_aligned_base	lifted_chr_agree
12	59573113	0.0	PM0459	repeat_region	12	ST4.03ch12	73725	73903	73814	chr12	59573113	-	60	0.995586367257304	46445	1	cigar_aligned_base	lifted_chr_agree
