chr	pos	cM	marker_id	linkage_group	marker_class	pident
1	53051	68.89	CaSNP4386	1	genomic_SNP	100.0
1	102859	67.32	CaTSNP9058	1	transcript_SNP	100.0
1	104906	38.72	CaSNP3521	1	genomic_SNP	99.17
1	224302	64.76	CaTSNP7648	1	transcript_SNP	100.0
1	270677	64.76	CaTSNP7878	1	transcript_SNP	100.0
1	270677	65.1	CaTSNP6043	1	transcript_SNP	100.0
1	274430	64.23	CaTSNP8842	1	transcript_SNP	100.0
1	275601	64.81	CaSNP5042	1	genomic_SNP	100.0
1	339218	43.25	CaTSNP6569	1	transcript_SNP	100.0
1	390253	43.25	CaTSNP6190	1	transcript_SNP	100.0
1	428030	64.18	CaTSNP6089	1	transcript_SNP	100.0
1	472832	63.23	CaTSNP8268	1	transcript_SNP	100.0
1	534943	63.21	CaTSNP6703	1	transcript_SNP	99.17
1	575983	63.21	CaTSNP8163	1	transcript_SNP	100.0
1	617411	63.23	CaTSNP6032	1	transcript_SNP	99.17
1	677518	61.62	CaTSNP7969	1	transcript_SNP	99.07
1	692702	61.64	CaTSNP6614	1	transcript_SNP	100.0
1	700451	61.64	CaTSNP8807	1	transcript_SNP	100.0
1	728644	61.54	CaTSNP8286	1	transcript_SNP	100.0
1	873274	60.24	CaSNP2284	1	genomic_SNP	99.17
1	930220	60.17	CaTSNP7271	1	transcript_SNP	100.0
1	1023528	60.1	CaTSNP8701	1	transcript_SNP	100.0
1	1032780	59.58	CaTSNP8226	1	transcript_SNP	100.0
1	1059311	59.49	CaTSNP8900	1	transcript_SNP	98.35
1	1074197	59.56	CaTSNP8052	1	transcript_SNP	100.0
1	1078154	59.58	CaTSNP7091	1	transcript_SNP	98.04
1	1116547	58.75	CaTSNP8046	1	transcript_SNP	100.0
1	1285465	56.34	CaTSNP7143	1	transcript_SNP	100.0
1	1298670	56.34	CaTSNP7298	1	transcript_SNP	100.0
1	1357384	55.68	CaTSNP6991	1	transcript_SNP	100.0
1	1436371	54.74	CaTSNP9027	1	transcript_SNP	100.0
1	1449848	54.72	CaTSNP6726	1	transcript_SNP	100.0
1	1482054	59.43	CaTSNP7404	1	transcript_SNP	99.17
1	1529261	54.19	CaTSNP6902	1	transcript_SNP	100.0
1	1545619	52.98	CaTSNP6994	1	transcript_SNP	99.17
1	1556513	52.37	CaSNP2980	1	genomic_SNP	99.17
1	1586226	52.99	CaTSNP6172	1	transcript_SNP	100.0
1	1645787	52.99	CaTSNP7711	1	transcript_SNP	100.0
1	1661594	52.99	CaTSNP6426	1	transcript_SNP	100.0
1	1697543	52.63	CaTSNP7947	1	transcript_SNP	100.0
1	1701354	52.55	CaTSNP6467	1	transcript_SNP	100.0
1	1721682	52.53	CaTSNP8831	1	transcript_SNP	99.08
1	1963382	48.48	CaSNP4371	1	genomic_SNP	100.0
1	2002742	48.4	CaSNP2580	1	genomic_SNP	99.17
1	2093725	48.7	CaSNP3216	1	genomic_SNP	100.0
1	2172622	48.8	CaTSNP6382	1	transcript_SNP	98.33
1	2240911	49.12	CaTSNP8851	1	transcript_SNP	100.0
1	2312700	48.89	CaTSNP6235	1	transcript_SNP	99.17
1	2366409	48.8	CaTSNP7789	1	transcript_SNP	100.0
1	2401506	48.89	CaTSNP8302	1	transcript_SNP	99.17
1	2405407	48.91	CaTSNP7833	1	transcript_SNP	100.0
1	2458544	48.9	CaTSNP7434	1	transcript_SNP	100.0
1	2510083	47.88	CaSNP3587	1	genomic_SNP	99.17
1	2610544	47.95	CaSNP2079	1	genomic_SNP	100.0
1	2629654	48.93	CaTSNP8603	1	transcript_SNP	100.0
1	2671566	48.94	CaTSNP8821	1	transcript_SNP	99.17
1	2775421	48.12	CaSNP3611	1	genomic_SNP	99.17
1	2782907	48.9	CaTSNP6336	1	transcript_SNP	100.0
1	2844646	31.4	CaSNP3970	1	genomic_SNP	99.18
1	2870526	48.02	CaSNP5149	1	genomic_SNP	100.0
1	2988533	47.25	CaSNP1932	1	genomic_SNP	99.17
1	3144453	47.45	CaSNP2970	1	genomic_SNP	100.0
1	3194745	46.84	CaTSNP7521	1	transcript_SNP	99.17
1	3253313	45.88	CaTSNP7033	1	transcript_SNP	100.0
1	3364023	44.46	CaSNP2834	1	genomic_SNP	99.17
1	3428866	44.23	CaTSNP8422	1	transcript_SNP	100.0
1	3443592	44.39	CaSNP3397	1	genomic_SNP	99.17
1	3493000	44.61	CaTSNP7596	1	transcript_SNP	100.0
1	3503153	44.17	CaTSNP9030	1	transcript_SNP	100.0
1	3734955	43.88	CaTSNP8512	1	transcript_SNP	100.0
1	3740129	44.2	CaTSNP7877	1	transcript_SNP	100.0
1	3740362	44.55	CaTSNP7894	1	transcript_SNP	100.0
1	3749864	44.43	CaSNP2891	1	genomic_SNP	99.17
1	3853408	42.47	CaTSNP8564	1	transcript_SNP	100.0
1	3973267	42.8	CaTSNP8233	1	transcript_SNP	100.0
1	3979688	42.7	CaTSNP8940	1	transcript_SNP	100.0
1	4019136	42.72	CaTSNP6729	1	transcript_SNP	100.0
1	4089485	40.26	CaSNP2093	1	genomic_SNP	99.17
1	4110012	42.72	CaTSNP8684	1	transcript_SNP	100.0
1	4202129	39.51	CaSNP2358	1	genomic_SNP	100.0
1	4291273	41.78	CaTSNP7490	1	transcript_SNP	99.17
1	4301678	39.78	CaSNP3732	1	genomic_SNP	100.0
1	4342969	39.65	CaSNP2078	1	genomic_SNP	99.17
1	4347357	41.67	CaTSNP7505	1	transcript_SNP	100.0
1	4423984	41.58	CaTSNP6611	1	transcript_SNP	100.0
1	4479405	39.93	CaSNP3120	1	genomic_SNP	99.17
1	4508055	41.57	CaTSNP8203	1	transcript_SNP	100.0
1	4559566	39.55	CaSNP3802	1	genomic_SNP	99.17
1	4635658	41.56	CaTSNP9022	1	transcript_SNP	100.0
1	4761676	41.74	CaTSNP6847	1	transcript_SNP	100.0
1	4767475	39.65	CaSNP3961	1	genomic_SNP	100.0
1	4782196	40.82	CaTSNP8480	1	transcript_SNP	99.17
1	4827466	39.42	CaSNP2191	1	genomic_SNP	99.17
1	4848108	41.21	CaTSNP6245	1	transcript_SNP	99.17
1	4866236	40.19	CaTSNP8513	1	transcript_SNP	100.0
1	4944514	38.94	CaSNP4039	1	genomic_SNP	99.17
1	5071624	40.34	CaTSNP8663	1	transcript_SNP	99.17
1	5156294	40.41	CaTSNP7645	1	transcript_SNP	100.0
1	5206182	38.55	CaSNP3527	1	genomic_SNP	100.0
1	5236419	40.93	CaTSNP8659	1	transcript_SNP	100.0
1	5289000	40.14	CaTSNP8971	1	transcript_SNP	100.0
1	5378529	36.68	CaTSNP7911	1	transcript_SNP	100.0
1	5379446	37.16	CaSNP4572	1	genomic_SNP	100.0
1	5577346	36.47	CaTSNP7173	1	transcript_SNP	100.0
1	5593468	36.52	CaTSNP9053	1	transcript_SNP	100.0
1	5666445	36.12	CaTSNP8594	1	transcript_SNP	100.0
1	5791118	36.11	CaTSNP6202	1	transcript_SNP	100.0
1	5843492	36.82	CaSNP2731	1	genomic_SNP	100.0
1	5977226	36.83	CaSNP2004	1	genomic_SNP	100.0
1	6162857	36.5	CaTSNP6170	1	transcript_SNP	98.35
1	6224656	36.54	CaTSNP6214	1	transcript_SNP	99.17
1	6236963	37.06	CaSNP2262	1	genomic_SNP	100.0
1	6248543	36.55	CaTSNP6685	1	transcript_SNP	100.0
1	6278973	36.59	CaTSNP6206	1	transcript_SNP	100.0
1	6295735	34.31	CaTSNP7669	1	transcript_SNP	100.0
1	6584835	36.42	CaSNP2327	1	genomic_SNP	100.0
1	6592786	35.7	CaTSNP8323	1	transcript_SNP	100.0
1	6662460	35.29	CaTSNP6814	1	transcript_SNP	100.0
1	6679329	35.64	CaTSNP9043	1	transcript_SNP	100.0
1	6706092	35.41	CaTSNP8887	1	transcript_SNP	99.17
1	6733448	37.13	CaSNP3513	1	genomic_SNP	99.17
1	6821190	36.71	CaSNP5053	1	genomic_SNP	100.0
1	6869152	36.15	CaTSNP7576	1	transcript_SNP	100.0
1	6879834	35.85	CaTSNP8246	1	transcript_SNP	99.17
1	6889092	36.27	CaTSNP8652	1	transcript_SNP	99.0
1	6920397	35.65	CaTSNP7543	1	transcript_SNP	100.0
1	6938283	35.84	CaTSNP7659	1	transcript_SNP	100.0
1	7039355	37.07	CaSNP5105	1	genomic_SNP	99.17
1	7196527	36.59	CaTSNP8945	1	transcript_SNP	99.17
1	7250380	36.64	CaTSNP7175	1	transcript_SNP	99.0
1	7281436	36.74	CaTSNP7030	1	transcript_SNP	99.14
1	7370303	37.44	CaSNP2790	1	genomic_SNP	100.0
1	7417588	36.93	CaSNP4130	1	genomic_SNP	99.17
1	7439417	37.07	CaTSNP7163	1	transcript_SNP	100.0
1	7446805	37.37	CaTSNP6633	1	transcript_SNP	100.0
1	7488426	37.28	CaTSNP7101	1	transcript_SNP	98.0
1	7540456	37.61	CaSNP2419	1	genomic_SNP	100.0
1	7652891	37.93	CaTSNP8859	1	transcript_SNP	98.35
1	7778983	38.09	CaTSNP6393	1	transcript_SNP	99.17
1	8037830	37.74	CaTSNP7069	1	transcript_SNP	100.0
1	8045744	37.97	CaTSNP7634	1	transcript_SNP	100.0
1	8224321	38.17	CaSNP4302	1	genomic_SNP	100.0
1	8394258	38.17	CaSNP2214	1	genomic_SNP	100.0
1	8550386	38.81	CaTSNP8683	1	transcript_SNP	98.35
1	8587069	38.92	CaTSNP8916	1	transcript_SNP	100.0
1	8603612	38.81	CaTSNP6209	1	transcript_SNP	99.17
1	8614492	38.92	CaTSNP7244	1	transcript_SNP	100.0
1	8712703	72.17	CaTSNP8496	1	transcript_SNP	100.0
1	8751669	72.74	CaTSNP6085	1	transcript_SNP	99.17
1	8839722	72.74	CaTSNP6065	1	transcript_SNP	100.0
1	8872763	73.97	CaTSNP6975	1	transcript_SNP	100.0
1	9059492	74.11	CaTSNP9023	1	transcript_SNP	100.0
1	9104554	74.31	CaTSNP6357	1	transcript_SNP	100.0
1	9379750	75.71	CaSNP2653	1	genomic_SNP	100.0
1	9403882	75.12	CaTSNP7578	1	transcript_SNP	100.0
1	9407897	74.95	CaTSNP6784	1	transcript_SNP	99.17
1	9489005	74.7	CaTSNP8394	1	transcript_SNP	100.0
1	9555955	74.74	CaTSNP8655	1	transcript_SNP	100.0
1	9555955	74.74	CaTSNP8717	1	transcript_SNP	100.0
1	9592133	74.83	CaTSNP8688	1	transcript_SNP	100.0
1	9703160	74.71	CaTSNP6297	1	transcript_SNP	99.17
1	9741700	74.98	CaTSNP7624	1	transcript_SNP	100.0
1	9749470	74.96	CaTSNP7169	1	transcript_SNP	100.0
1	9810272	74.9	CaTSNP8651	1	transcript_SNP	100.0
1	10068147	76.47	CaTSNP6332	1	transcript_SNP	99.08
1	10113298	77.11	CaTSNP6840	1	transcript_SNP	100.0
1	10135581	77.07	CaSNP5050	1	genomic_SNP	100.0
1	10206872	77.06	CaTSNP7937	1	transcript_SNP	100.0
1	10278046	77.08	CaTSNP8047	1	transcript_SNP	100.0
1	10319443	77.08	CaTSNP6704	1	transcript_SNP	100.0
1	10337749	77.07	CaSNP2064	1	genomic_SNP	100.0
1	10355636	77.12	CaTSNP8171	1	transcript_SNP	100.0
1	10494662	77.35	CaTSNP8113	1	transcript_SNP	99.17
1	10495483	77.35	CaTSNP8295	1	transcript_SNP	100.0
1	10552139	77.35	CaTSNP8069	1	transcript_SNP	100.0
1	10713100	77.85	CaTSNP8839	1	transcript_SNP	100.0
1	10740093	78.08	CaTSNP8125	1	transcript_SNP	100.0
1	10759238	78.63	CaTSNP6908	1	transcript_SNP	99.17
1	10775940	78.73	CaTSNP9110	1	transcript_SNP	100.0
1	10821275	78.73	CaTSNP6875	1	transcript_SNP	100.0
1	10868422	78.53	CaTSNP7054	1	transcript_SNP	96.43
1	10901156	79.03	CaSNP3291	1	genomic_SNP	99.17
1	10992087	78.92	CaSNP2427	1	genomic_SNP	100.0
1	11000902	78.76	CaTSNP8980	1	transcript_SNP	100.0
1	11052800	78.67	CaTSNP8029	1	transcript_SNP	99.17
1	11106617	78.82	CaSNP5094	1	genomic_SNP	100.0
1	11125934	78.73	CaTSNP8639	1	transcript_SNP	100.0
1	11157191	78.75	CaTSNP8258	1	transcript_SNP	99.17
1	11169456	78.73	CaTSNP7867	1	transcript_SNP	100.0
1	11242388	78.73	CaTSNP8749	1	transcript_SNP	99.17
1	11336946	78.57	CaTSNP6469	1	transcript_SNP	100.0
1	11385455	79.07	CaTSNP6253	1	transcript_SNP	100.0
1	11461467	79.17	CaTSNP8571	1	transcript_SNP	100.0
1	11492190	79.02	CaTSNP8189	1	transcript_SNP	100.0
1	11496318	78.84	CaSNP2145	1	genomic_SNP	99.17
1	11523026	79.17	CaTSNP7805	1	transcript_SNP	100.0
1	11644034	78.88	CaSNP4929	1	genomic_SNP	96.58
1	11686339	78.99	CaTSNP7906	1	transcript_SNP	100.0
1	11796382	78.78	CaSNP2364	1	genomic_SNP	100.0
1	11843169	79.36	CaTSNP8176	1	transcript_SNP	100.0
1	11909976	78.63	CaSNP2343	1	genomic_SNP	100.0
1	11923828	78.81	CaTSNP6183	1	transcript_SNP	100.0
1	11935620	78.88	CaTSNP7727	1	transcript_SNP	100.0
1	11970803	78.99	CaTSNP8162	1	transcript_SNP	99.17
1	12210242	78.46	CaTSNP8573	1	transcript_SNP	100.0
1	12226818	78.71	CaTSNP6417	1	transcript_SNP	99.17
1	12242306	78.69	CaTSNP7413	1	transcript_SNP	99.11
1	12253532	78.71	CaTSNP7896	1	transcript_SNP	100.0
1	12273617	78.68	CaTSNP7388	1	transcript_SNP	100.0
1	12290640	78.68	CaTSNP7214	1	transcript_SNP	100.0
1	12302835	78.3	CaTSNP6371	1	transcript_SNP	100.0
1	12305802	78.43	CaTSNP8012	1	transcript_SNP	99.17
1	12340884	77.95	CaTSNP8588	1	transcript_SNP	100.0
1	12382449	78.26	CaTSNP7715	1	transcript_SNP	100.0
1	12431209	72.83	CaTSNP8929	1	transcript_SNP	99.17
1	12477882	71.73	CaSNP3037	1	genomic_SNP	99.17
1	12485168	72.65	CaTSNP7299	1	transcript_SNP	99.17
1	12518739	72.8	CaTSNP8742	1	transcript_SNP	100.0
1	12565622	71.61	CaSNP2127	1	genomic_SNP	100.0
1	12732612	72.18	CaTSNP7165	1	transcript_SNP	99.0
1	12757126	71.77	CaSNP2141	1	genomic_SNP	100.0
1	12814412	72.13	CaTSNP8866	1	transcript_SNP	99.17
1	12834057	71.7	CaTSNP6913	1	transcript_SNP	100.0
1	12963689	70.11	CaTSNP6348	1	transcript_SNP	99.17
1	13167681	69.96	CaTSNP6520	1	transcript_SNP	100.0
1	13435133	67.93	CaSNP4196	1	genomic_SNP	99.17
1	13500778	68.72	CaTSNP8352	1	transcript_SNP	100.0
1	13537207	66.91	CaSNP3439	1	genomic_SNP	99.17
1	13609969	66.23	CaSNP2105	1	genomic_SNP	100.0
1	13684144	65.77	CaSNP3072	1	genomic_SNP	100.0
1	13684915	66.25	CaTSNP6171	1	transcript_SNP	100.0
1	13684915	66.25	CaTSNP7834	1	transcript_SNP	100.0
1	13759905	66.31	CaSNP4075	1	genomic_SNP	100.0
1	14074630	63.07	CaTSNP6898	1	transcript_SNP	99.17
1	14101916	63.1	CaTSNP8546	1	transcript_SNP	100.0
1	14257311	63.11	CaTSNP8835	1	transcript_SNP	100.0
1	14713070	62.56	CaTSNP7534	1	transcript_SNP	100.0
1	14734426	62.09	CaTSNP6597	1	transcript_SNP	99.17
1	14800098	60.05	CaSNP2647	1	genomic_SNP	99.17
1	14801406	60.99	CaTSNP7876	1	transcript_SNP	99.17
1	14850861	59.41	CaSNP2919	1	genomic_SNP	100.0
1	14951446	60.33	CaTSNP7515	1	transcript_SNP	100.0
1	14977958	60.33	CaTSNP6608	1	transcript_SNP	100.0
1	15009353	59.11	CaSNP2024	1	genomic_SNP	99.17
1	15021616	60.39	CaTSNP8892	1	transcript_SNP	100.0
1	15090472	60.55	CaTSNP6927	1	transcript_SNP	100.0
1	15147941	60.56	CaTSNP8538	1	transcript_SNP	100.0
1	15292667	59.48	CaSNP3592	1	genomic_SNP	99.17
1	15378692	60.46	CaTSNP7888	1	transcript_SNP	100.0
1	15465004	59.11	CaSNP3849	1	genomic_SNP	98.36
1	15530962	59.57	CaSNP2779	1	genomic_SNP	100.0
1	15742743	59.18	CaSNP3851	1	genomic_SNP	99.17
1	15770411	60.56	CaTSNP7608	1	transcript_SNP	100.0
1	15939477	57.06	CaSNP2270	1	genomic_SNP	99.17
1	15987017	58.65	CaTSNP8646	1	transcript_SNP	100.0
1	16040495	56.4	CaSNP4530	1	genomic_SNP	99.17
1	16062829	58.04	CaTSNP6106	1	transcript_SNP	100.0
1	16077015	57.03	CaSNP4132	1	genomic_SNP	100.0
1	16208216	55.78	CaSNP3457	1	genomic_SNP	97.46
1	16379480	53.87	CaSNP2132	1	genomic_SNP	99.17
1	16514998	53.87	CaSNP2426	1	genomic_SNP	100.0
1	16520544	46.9	CaTSNP8860	1	transcript_SNP	100.0
1	16528015	47.25	CaTSNP8870	1	transcript_SNP	100.0
1	16589996	47.25	CaTSNP8326	1	transcript_SNP	99.17
1	16608017	47.09	CaTSNP7295	1	transcript_SNP	99.17
1	16680525	47.09	CaTSNP6616	1	transcript_SNP	100.0
1	16711917	53.11	CaSNP3847	1	genomic_SNP	100.0
1	16745516	47.12	CaTSNP7567	1	transcript_SNP	100.0
1	16793502	45.81	CaTSNP8973	1	transcript_SNP	100.0
1	16799337	47.56	CaSNP2445	1	genomic_SNP	99.17
1	16814074	45.37	CaTSNP7636	1	transcript_SNP	100.0
1	16874215	45.56	CaTSNP6243	1	transcript_SNP	100.0
1	16908636	45.8	CaTSNP6035	1	transcript_SNP	99.17
1	16945816	45.63	CaTSNP7713	1	transcript_SNP	100.0
1	16961998	45.56	CaTSNP9057	1	transcript_SNP	99.17
1	16994692	45.37	CaTSNP7675	1	transcript_SNP	100.0
1	17048460	46.78	CaTSNP8058	1	transcript_SNP	100.0
1	17059599	45.58	CaTSNP6465	1	transcript_SNP	100.0
1	17094741	46.13	CaTSNP7330	1	transcript_SNP	99.17
1	17172155	39.61	CaSNP3257	1	genomic_SNP	99.17
1	17238487	39.94	CaTSNP7759	1	transcript_SNP	100.0
1	17317152	39.71	CaSNP4081	1	genomic_SNP	99.17
1	17398557	38.85	CaTSNP7154	1	transcript_SNP	100.0
1	17437211	38.55	CaTSNP7211	1	transcript_SNP	100.0
1	17457935	39.67	CaSNP2627	1	genomic_SNP	99.17
1	17527883	40.43	CaSNP1972	1	genomic_SNP	99.17
1	17536861	39.51	CaTSNP8648	1	transcript_SNP	100.0
1	17749683	39.59	CaTSNP7655	1	transcript_SNP	99.17
1	17833848	40.42	CaSNP3090	1	genomic_SNP	99.17
1	17847033	39.55	CaTSNP6408	1	transcript_SNP	100.0
1	17879056	40.08	CaSNP3246	1	genomic_SNP	99.17
1	17883782	39.33	CaTSNP8001	1	transcript_SNP	99.17
1	17983252	51.76	CaTSNP6173	1	transcript_SNP	99.01
1	18031714	52.07	CaTSNP8554	1	transcript_SNP	100.0
1	18052492	51.58	CaSNP3484	1	genomic_SNP	100.0
1	18085383	52.24	CaTSNP6117	1	transcript_SNP	100.0
1	18096521	51.58	CaSNP2037	1	genomic_SNP	99.17
1	18111969	51.92	CaTSNP7953	1	transcript_SNP	99.17
1	18257866	51.42	CaTSNP6846	1	transcript_SNP	100.0
1	18288435	51.81	CaTSNP8995	1	transcript_SNP	99.17
1	18458610	51.58	CaSNP3925	1	genomic_SNP	99.17
1	18501551	51.58	CaSNP2910	1	genomic_SNP	100.0
1	18702433	51.15	CaSNP4970	1	genomic_SNP	99.17
1	18754892	50.86	CaSNP4040	1	genomic_SNP	100.0
1	18798635	50.45	CaSNP3987	1	genomic_SNP	99.17
1	18940681	51.86	CaTSNP7854	1	transcript_SNP	99.17
1	18941706	50.5	CaSNP2241	1	genomic_SNP	100.0
1	18942272	51.86	CaTSNP7232	1	transcript_SNP	100.0
1	19002283	50.45	CaSNP3275	1	genomic_SNP	100.0
1	19034134	50.39	CaSNP3940	1	genomic_SNP	100.0
1	19079804	51.67	CaTSNP6014	1	transcript_SNP	97.14
1	19164976	50.14	CaSNP3844	1	genomic_SNP	100.0
1	19254795	50.14	CaSNP3779	1	genomic_SNP	99.17
1	19338209	51.69	CaTSNP6831	1	transcript_SNP	99.17
1	19348852	50.14	CaSNP3152	1	genomic_SNP	99.17
1	19376119	50.11	CaSNP2832	1	genomic_SNP	100.0
1	19440308	50.14	CaSNP4824	1	genomic_SNP	100.0
1	19529454	49.72	CaSNP3766	1	genomic_SNP	99.17
1	19573063	51.53	CaTSNP6258	1	transcript_SNP	100.0
1	19583474	49.72	CaSNP2681	1	genomic_SNP	100.0
1	19678598	49.74	CaSNP3198	1	genomic_SNP	99.17
1	19877654	49.71	CaSNP3095	1	genomic_SNP	100.0
1	19908214	51.78	CaTSNP6073	1	transcript_SNP	99.17
1	19962394	49.71	CaSNP3557	1	genomic_SNP	100.0
1	19975390	51.16	CaTSNP8159	1	transcript_SNP	100.0
1	20087736	49.75	CaSNP3501	1	genomic_SNP	100.0
1	21591117	49.77	CaSNP5064	1	genomic_SNP	99.17
1	21740918	49.75	CaSNP2807	1	genomic_SNP	99.17
1	21963477	51.78	CaTSNP8551	1	transcript_SNP	100.0
1	22017525	51.42	CaSNP3787	1	genomic_SNP	100.0
1	22179090	49.74	CaSNP3976	1	genomic_SNP	99.17
1	22252044	49.75	CaSNP3995	1	genomic_SNP	100.0
1	22346285	48.96	CaSNP4889	1	genomic_SNP	100.0
1	22375111	49.74	CaSNP2920	1	genomic_SNP	100.0
1	22446968	49.76	CaSNP2759	1	genomic_SNP	100.0
1	22578477	49.76	CaSNP2290	1	genomic_SNP	99.17
1	22700949	49.75	CaSNP2503	1	genomic_SNP	99.17
1	23129673	49.74	CaSNP3073	1	genomic_SNP	99.17
1	23276312	49.71	CaSNP2021	1	genomic_SNP	100.0
1	23339194	49.75	CaSNP2518	1	genomic_SNP	99.17
1	23677570	49.75	CaSNP4412	1	genomic_SNP	100.0
1	24061679	51.53	CaTSNP7893	1	transcript_SNP	100.0
1	24073698	49.71	CaSNP3394	1	genomic_SNP	99.17
1	24136861	49.75	CaSNP3300	1	genomic_SNP	100.0
1	24221491	49.75	CaSNP2948	1	genomic_SNP	99.17
1	24274713	49.72	CaSNP4848	1	genomic_SNP	99.17
1	24475150	49.75	CaSNP4616	1	genomic_SNP	100.0
1	24587913	49.74	CaSNP4377	1	genomic_SNP	99.17
1	24653810	49.79	CaSNP4610	1	genomic_SNP	99.17
1	24763607	51.49	CaTSNP8327	1	transcript_SNP	100.0
1	24796740	51.51	CaTSNP6800	1	transcript_SNP	100.0
1	24882501	49.76	CaSNP3361	1	genomic_SNP	100.0
1	24987519	49.82	CaSNP4742	1	genomic_SNP	100.0
1	25186259	51.55	CaTSNP7630	1	transcript_SNP	100.0
1	25194630	51.51	CaTSNP6646	1	transcript_SNP	100.0
1	25242222	49.79	CaSNP4564	1	genomic_SNP	99.17
1	25309902	49.7	CaSNP2558	1	genomic_SNP	100.0
1	25469878	49.84	CaSNP2146	1	genomic_SNP	100.0
1	25721485	49.79	CaSNP2421	1	genomic_SNP	100.0
1	25800075	49.77	CaSNP3555	1	genomic_SNP	99.17
1	25971425	49.66	CaSNP2009	1	genomic_SNP	100.0
1	26130029	51.78	CaTSNP8095	1	transcript_SNP	100.0
1	26174568	49.73	CaSNP2844	1	genomic_SNP	98.36
1	26266021	49.7	CaSNP3810	1	genomic_SNP	99.17
1	26364603	49.7	CaSNP3212	1	genomic_SNP	99.17
1	26709457	51.26	CaSNP3430	1	genomic_SNP	99.17
1	26785646	51.92	CaTSNP6786	1	transcript_SNP	100.0
1	26792946	51.44	CaSNP2162	1	genomic_SNP	99.17
1	27090413	51.79	CaSNP3985	1	genomic_SNP	99.17
1	27197417	49.75	CaSNP3712	1	genomic_SNP	99.17
1	27316064	52.97	CaSNP5139	1	genomic_SNP	99.17
1	27539633	49.7	CaSNP2839	1	genomic_SNP	99.17
1	27694731	49.75	CaSNP2864	1	genomic_SNP	100.0
1	27860652	49.75	CaSNP5061	1	genomic_SNP	100.0
1	28030797	49.75	CaSNP4466	1	genomic_SNP	100.0
1	28088501	49.75	CaSNP3099	1	genomic_SNP	100.0
1	28151984	49.75	CaSNP3044	1	genomic_SNP	99.17
1	28163740	49.74	CaSNP3348	1	genomic_SNP	99.17
1	28265628	49.71	CaSNP2608	1	genomic_SNP	100.0
1	28535153	49.75	CaSNP2878	1	genomic_SNP	99.17
1	28561982	49.75	CaSNP4289	1	genomic_SNP	100.0
1	28591890	49.66	CaSNP3174	1	genomic_SNP	99.17
1	28848640	49.82	CaSNP3315	1	genomic_SNP	99.17
1	28960888	49.78	CaSNP4722	1	genomic_SNP	99.17
1	29116430	49.74	CaSNP3848	1	genomic_SNP	100.0
1	29227038	49.79	CaSNP2213	1	genomic_SNP	100.0
1	29341738	49.72	CaSNP2708	1	genomic_SNP	100.0
1	29437772	49.74	CaSNP3447	1	genomic_SNP	100.0
1	29624574	49.75	CaSNP3877	1	genomic_SNP	99.17
1	30086702	49.74	CaSNP3334	1	genomic_SNP	100.0
1	30357349	49.86	CaSNP2085	1	genomic_SNP	99.17
1	30608545	49.76	CaSNP3704	1	genomic_SNP	100.0
1	30709461	49.72	CaSNP5059	1	genomic_SNP	100.0
1	30792704	49.73	CaSNP2520	1	genomic_SNP	100.0
1	31070338	49.73	CaSNP4325	1	genomic_SNP	99.17
1	31235554	49.89	CaSNP2741	1	genomic_SNP	99.17
1	31415052	51.12	CaSNP2330	1	genomic_SNP	99.17
1	31565735	49.74	CaSNP4152	1	genomic_SNP	99.17
1	31984500	49.75	CaSNP2546	1	genomic_SNP	99.17
1	32057242	49.74	CaSNP4810	1	genomic_SNP	100.0
1	32238167	49.77	CaSNP2989	1	genomic_SNP	100.0
1	33045531	49.71	CaSNP4262	1	genomic_SNP	99.17
1	33110484	49.7	CaSNP4027	1	genomic_SNP	100.0
1	33159845	49.75	CaSNP4256	1	genomic_SNP	99.17
1	33340560	49.7	CaSNP2446	1	genomic_SNP	100.0
1	33538091	49.79	CaSNP4327	1	genomic_SNP	99.17
1	33613145	49.83	CaSNP2551	1	genomic_SNP	99.17
1	34250039	49.75	CaSNP2847	1	genomic_SNP	99.17
1	34342987	49.72	CaSNP2999	1	genomic_SNP	99.17
1	34377708	49.75	CaSNP3920	1	genomic_SNP	100.0
1	34471288	54.56	CaSNP3270	1	genomic_SNP	99.17
1	34617053	49.78	CaSNP4699	1	genomic_SNP	99.17
1	34651671	49.72	CaSNP4759	1	genomic_SNP	100.0
1	34711423	49.71	CaSNP3502	1	genomic_SNP	98.35
1	34843998	49.75	CaSNP2776	1	genomic_SNP	99.17
1	34934915	49.75	CaSNP3909	1	genomic_SNP	99.17
1	35042514	49.74	CaSNP4932	1	genomic_SNP	99.17
1	35057752	49.75	CaSNP2704	1	genomic_SNP	100.0
1	35341868	49.71	CaSNP4499	1	genomic_SNP	100.0
1	35356038	49.72	CaSNP3876	1	genomic_SNP	100.0
1	36022556	49.74	CaSNP4943	1	genomic_SNP	99.17
1	36471216	49.7	CaSNP2226	1	genomic_SNP	100.0
1	36555228	49.73	CaSNP3637	1	genomic_SNP	100.0
1	36625252	49.8	CaSNP5117	1	genomic_SNP	99.17
1	37322454	49.79	CaSNP3395	1	genomic_SNP	100.0
1	37537413	49.83	CaSNP4906	1	genomic_SNP	99.17
1	37693379	49.75	CaSNP5071	1	genomic_SNP	99.17
1	38034727	49.75	CaSNP2833	1	genomic_SNP	99.17
1	38266136	51.49	CaTSNP6965	1	transcript_SNP	100.0
1	38300767	49.7	CaSNP2601	1	genomic_SNP	99.17
1	38386763	49.79	CaSNP4887	1	genomic_SNP	99.17
1	38436027	49.7	CaSNP2117	1	genomic_SNP	100.0
1	38884940	50.02	CaSNP4876	1	genomic_SNP	100.0
1	39201542	49.75	CaSNP5003	1	genomic_SNP	99.17
1	39288528	49.79	CaSNP4350	1	genomic_SNP	100.0
1	39339529	49.75	CaSNP4737	1	genomic_SNP	99.17
1	39437207	49.7	CaSNP2746	1	genomic_SNP	100.0
1	39517867	49.79	CaSNP4704	1	genomic_SNP	100.0
1	39569455	49.69	CaSNP4107	1	genomic_SNP	100.0
1	39664201	49.74	CaSNP2820	1	genomic_SNP	99.17
1	39780604	49.76	CaSNP3967	1	genomic_SNP	100.0
1	39801812	49.8	CaSNP2233	1	genomic_SNP	100.0
1	40003378	49.7	CaSNP3990	1	genomic_SNP	100.0
1	40016445	49.74	CaSNP3191	1	genomic_SNP	99.17
1	40170767	49.72	CaSNP4740	1	genomic_SNP	99.17
1	40362409	49.74	CaSNP2754	1	genomic_SNP	100.0
1	40478553	48.22	CaSNP2286	1	genomic_SNP	100.0
1	40630363	48.14	CaSNP5022	1	genomic_SNP	99.17
1	40691913	48.23	CaSNP2815	1	genomic_SNP	100.0
1	40704279	47.67	CaTSNP7474	1	transcript_SNP	100.0
1	40914853	48.24	CaSNP3574	1	genomic_SNP	99.17
1	40935927	47.65	CaTSNP8066	1	transcript_SNP	100.0
1	40996049	47.85	CaTSNP7961	1	transcript_SNP	100.0
1	41008088	48.09	CaSNP2104	1	genomic_SNP	99.17
1	41159851	48.23	CaSNP4567	1	genomic_SNP	99.17
1	41213344	47.86	CaTSNP7166	1	transcript_SNP	100.0
1	41305884	47.85	CaTSNP9146	1	transcript_SNP	100.0
1	41319030	48.04	CaSNP2325	1	genomic_SNP	99.17
1	41358680	47.66	CaTSNP9126	1	transcript_SNP	100.0
1	41486506	48.01	CaTSNP7296	1	transcript_SNP	100.0
1	41544235	47.85	CaTSNP6801	1	transcript_SNP	100.0
1	41795677	46.14	CaTSNP8733	1	transcript_SNP	99.17
1	41822419	46.34	CaTSNP6974	1	transcript_SNP	99.17
1	41822683	46.15	CaTSNP8541	1	transcript_SNP	100.0
1	41859617	46.14	CaTSNP6093	1	transcript_SNP	100.0
1	41882201	46.29	CaTSNP9092	1	transcript_SNP	100.0
1	42137711	49.73	CaSNP2545	1	genomic_SNP	99.17
1	42288607	49.71	CaSNP2462	1	genomic_SNP	99.17
1	42300104	51.51	CaTSNP7520	1	transcript_SNP	99.17
1	42467320	49.68	CaSNP4099	1	genomic_SNP	98.36
1	42485481	51.34	CaTSNP6512	1	transcript_SNP	100.0
1	42650782	49.75	CaSNP3857	1	genomic_SNP	99.17
1	42826050	49.74	CaSNP2048	1	genomic_SNP	99.17
1	42962049	49.75	CaSNP3368	1	genomic_SNP	100.0
1	43025842	49.77	CaSNP4556	1	genomic_SNP	99.17
1	43070685	49.7	CaSNP3428	1	genomic_SNP	99.17
1	43254306	49.91	CaSNP4260	1	genomic_SNP	99.17
1	43384787	49.8	CaSNP3399	1	genomic_SNP	100.0
1	43403254	49.79	CaSNP3744	1	genomic_SNP	100.0
1	43532353	51.22	CaTSNP6410	1	transcript_SNP	99.17
1	43596403	49.3	CaSNP3329	1	genomic_SNP	99.17
1	43665595	48.51	CaTSNP7412	1	transcript_SNP	100.0
1	43679742	48.84	CaSNP2565	1	genomic_SNP	99.17
1	43755287	48.92	CaSNP3441	1	genomic_SNP	100.0
1	43790047	48.56	CaSNP2525	1	genomic_SNP	100.0
1	43883535	48.92	CaSNP2397	1	genomic_SNP	99.17
1	43941624	48.2	CaTSNP8160	1	transcript_SNP	100.0
1	43957819	45.4	CaTSNP7201	1	transcript_SNP	100.0
1	43990964	47.87	CaTSNP8863	1	transcript_SNP	100.0
1	43992423	48.24	CaSNP1992	1	genomic_SNP	100.0
1	44070145	48.23	CaSNP3896	1	genomic_SNP	100.0
1	44081099	47.81	CaTSNP7513	1	transcript_SNP	100.0
1	44575339	49.74	CaSNP2185	1	genomic_SNP	99.17
1	45415292	49.74	CaSNP4372	1	genomic_SNP	99.17
1	45467789	49.74	CaSNP3017	1	genomic_SNP	100.0
1	45540482	49.76	CaSNP4593	1	genomic_SNP	100.0
1	46719849	72.06	CaTSNP6670	1	transcript_SNP	100.0
1	46738279	71.84	CaSNP2182	1	genomic_SNP	99.17
1	46913187	47.65	CaTSNP6375	1	transcript_SNP	99.14
1	46941875	47.85	CaTSNP7614	1	transcript_SNP	100.0
1	46959505	47.85	CaTSNP7784	1	transcript_SNP	100.0
1	46971093	48.23	CaSNP2236	1	genomic_SNP	99.17
1	47091614	47.72	CaSNP2414	1	genomic_SNP	100.0
1	47233757	46.82	CaSNP4839	1	genomic_SNP	99.17
1	47444741	46.98	CaSNP2115	1	genomic_SNP	100.0
1	47888922	45.8	CaTSNP8629	1	transcript_SNP	95.28
1	47909166	47.07	CaSNP3302	1	genomic_SNP	100.0
1	47946288	45.54	CaTSNP8324	1	transcript_SNP	100.0
1	47996410	47.07	CaSNP2285	1	genomic_SNP	99.17
1	48029076	45.52	CaTSNP8133	1	transcript_SNP	100.0
1	48029076	45.54	CaTSNP8198	1	transcript_SNP	100.0
1	48051422	45.57	CaTSNP8448	1	transcript_SNP	100.0
1	48084065	46.62	CaSNP2479	1	genomic_SNP	100.0
1	48154538	45.84	CaTSNP8386	1	transcript_SNP	100.0
1	48161728	47.07	CaSNP3130	1	genomic_SNP	100.0
1	48195174	45.46	CaTSNP6986	1	transcript_SNP	100.0
1	48197831	46.76	CaSNP4328	1	genomic_SNP	99.17
1	48305112	45.21	CaTSNP7916	1	transcript_SNP	100.0
1	48336170	45.21	CaTSNP6878	1	transcript_SNP	100.0
1	48358915	45.46	CaTSNP7393	1	transcript_SNP	100.0
2	1530692	74.19	CaSNP4589	2	genomic_SNP	100.0
2	1584126	74.1	CaTSNP6519	2	transcript_SNP	100.0
2	1588869	74.08	CaTSNP7010	2	transcript_SNP	100.0
2	1622330	74.46	CaSNP5040	2	genomic_SNP	100.0
2	1647379	74.54	CaTSNP7936	2	transcript_SNP	100.0
2	1746837	74.54	CaTSNP9145	2	transcript_SNP	99.17
2	1747793	74.48	CaTSNP8126	2	transcript_SNP	100.0
2	1755364	74.95	CaSNP2711	2	genomic_SNP	99.17
2	1844182	75.36	CaSNP2664	2	genomic_SNP	100.0
2	1882698	75.78	CaTSNP8580	2	transcript_SNP	100.0
2	1974471	75.75	CaSNP2063	2	genomic_SNP	100.0
2	2069957	76.2	CaTSNP8065	2	transcript_SNP	100.0
2	2265289	76.69	CaTSNP6811	2	transcript_SNP	100.0
2	2274397	76.74	CaTSNP8087	2	transcript_SNP	100.0
2	2367754	76.75	CaTSNP6543	2	transcript_SNP	100.0
2	2412626	76.92	CaTSNP6657	2	transcript_SNP	100.0
2	2546713	77.77	CaTSNP7986	2	transcript_SNP	100.0
2	2579400	77.7	CaTSNP8007	2	transcript_SNP	100.0
2	2720848	77.7	CaTSNP9106	2	transcript_SNP	100.0
2	2754866	77.72	CaTSNP8730	2	transcript_SNP	100.0
2	2790562	77.76	CaTSNP8533	2	transcript_SNP	100.0
2	2853122	78.22	CaSNP2225	2	genomic_SNP	99.17
2	2861555	77.83	CaTSNP8378	2	transcript_SNP	100.0
2	2902616	78.19	CaSNP4031	2	genomic_SNP	99.17
2	3008436	78.2	CaTSNP9020	2	transcript_SNP	100.0
2	3014839	78.27	CaSNP1970	2	genomic_SNP	99.17
2	3099818	78.2	CaTSNP7196	2	transcript_SNP	100.0
2	3119840	78.53	CaTSNP7743	2	transcript_SNP	99.17
2	3140298	78.53	CaTSNP8687	2	transcript_SNP	100.0
2	3296054	78.97	CaSNP2098	2	genomic_SNP	99.17
2	3343920	79.14	CaTSNP6381	2	transcript_SNP	100.0
2	3362469	78.95	CaSNP3228	2	genomic_SNP	99.17
2	3510644	79.26	CaSNP1989	2	genomic_SNP	100.0
2	3533761	79.21	CaTSNP9091	2	transcript_SNP	100.0
2	3582922	79.37	CaTSNP8377	2	transcript_SNP	100.0
2	3654153	79.05	CaTSNP6388	2	transcript_SNP	99.16
2	3759746	78.99	CaTSNP8317	2	transcript_SNP	100.0
2	3838376	78.7	CaTSNP8838	2	transcript_SNP	100.0
2	3916004	78.63	CaSNP5036	2	genomic_SNP	100.0
2	3982316	77.97	CaTSNP7478	2	transcript_SNP	100.0
2	3998035	77.71	CaTSNP8849	2	transcript_SNP	100.0
2	4138371	75.27	CaSNP2780	2	genomic_SNP	99.17
2	5019739	77.22	CaSNP5127	2	genomic_SNP	99.17
2	5087355	76.58	CaTSNP8152	2	transcript_SNP	100.0
2	5100763	77.22	CaSNP2869	2	genomic_SNP	100.0
2	5166842	77.19	CaSNP2515	2	genomic_SNP	100.0
2	5360289	77.43	CaSNP2707	2	genomic_SNP	100.0
2	5360561	76.7	CaTSNP8642	2	transcript_SNP	100.0
2	5445041	73.19	CaTSNP7765	2	transcript_SNP	100.0
2	5568334	72.86	CaSNP3363	2	genomic_SNP	99.17
2	5639730	78.09	CaSNP4904	2	genomic_SNP	99.17
2	5804542	72.78	CaTSNP6978	2	transcript_SNP	100.0
2	5886046	72.78	CaTSNP8111	2	transcript_SNP	98.33
2	5936440	72.91	CaTSNP8931	2	transcript_SNP	100.0
2	5989328	73.08	CaSNP2193	2	genomic_SNP	100.0
2	6147729	72.93	CaSNP2228	2	genomic_SNP	99.17
2	6399250	72.81	CaTSNP7325	2	transcript_SNP	99.17
2	6755459	72.89	CaSNP2378	2	genomic_SNP	100.0
2	6870130	72.07	CaSNP4277	2	genomic_SNP	100.0
2	7052823	72.1	CaSNP4171	2	genomic_SNP	100.0
2	7098804	71.28	CaTSNP8579	2	transcript_SNP	100.0
2	8584363	71.12	CaSNP2982	2	genomic_SNP	100.0
2	8592970	71.2	CaTSNP9102	2	transcript_SNP	100.0
2	8800537	68.81	CaSNP4535	2	genomic_SNP	100.0
2	8835392	69.32	CaSNP3661	2	genomic_SNP	100.0
2	9240164	69.28	CaTSNP8994	2	transcript_SNP	100.0
2	9263307	69.01	CaSNP3973	2	genomic_SNP	99.17
2	9290872	69.27	CaSNP3944	2	genomic_SNP	99.17
2	9420041	69.28	CaTSNP7690	2	transcript_SNP	100.0
2	9457071	69.27	CaSNP2901	2	genomic_SNP	99.17
2	9826145	71.2	CaTSNP8179	2	transcript_SNP	100.0
2	9845566	70.8	CaSNP4537	2	genomic_SNP	99.18
2	9898818	71.16	CaTSNP7077	2	transcript_SNP	100.0
2	10006412	71.16	CaTSNP8524	2	transcript_SNP	100.0
2	10056241	71.19	CaSNP2791	2	genomic_SNP	100.0
2	10068953	71.13	CaTSNP9045	2	transcript_SNP	100.0
2	10195678	64.39	CaSNP2810	2	genomic_SNP	100.0
2	10284110	54.35	CaTSNP7098	2	transcript_SNP	100.0
2	10356521	55.43	CaSNP2954	2	genomic_SNP	100.0
2	10375932	54.51	CaTSNP6624	2	transcript_SNP	100.0
2	10476180	55.57	CaSNP4042	2	genomic_SNP	99.17
2	10476987	54.54	CaTSNP6862	2	transcript_SNP	100.0
2	10589258	55.39	CaSNP2698	2	genomic_SNP	99.17
2	10597354	54.14	CaTSNP7795	2	transcript_SNP	99.09
2	10613738	54.51	CaTSNP6636	2	transcript_SNP	100.0
2	10629944	55.22	CaSNP3891	2	genomic_SNP	100.0
2	10637628	54.51	CaTSNP7963	2	transcript_SNP	100.0
2	10746769	55.39	CaSNP5109	2	genomic_SNP	99.17
2	11228065	55.42	CaSNP4788	2	genomic_SNP	99.17
2	11250742	55.39	CaSNP3067	2	genomic_SNP	100.0
2	11262329	54.51	CaTSNP8952	2	transcript_SNP	99.05
2	11528505	55.65	CaSNP4456	2	genomic_SNP	99.17
2	11769644	55.66	CaSNP2495	2	genomic_SNP	99.17
2	11863925	55.61	CaSNP4380	2	genomic_SNP	99.17
2	12012753	55.66	CaSNP3047	2	genomic_SNP	99.17
2	12075930	55.55	CaSNP4333	2	genomic_SNP	99.18
2	12143960	54.65	CaTSNP8825	2	transcript_SNP	99.17
2	12176778	55.61	CaSNP4491	2	genomic_SNP	98.36
2	12227206	55.57	CaSNP3367	2	genomic_SNP	99.17
2	12280995	55.63	CaSNP5096	2	genomic_SNP	99.17
2	12299664	54.85	CaTSNP6662	2	transcript_SNP	100.0
2	12409304	55.72	CaSNP4712	2	genomic_SNP	100.0
2	12484918	54.22	CaTSNP8609	2	transcript_SNP	99.17
2	12567306	56.86	CaSNP2868	2	genomic_SNP	99.17
2	12630194	56.46	CaTSNP6789	2	transcript_SNP	100.0
2	12655738	56.83	CaSNP2235	2	genomic_SNP	99.17
2	12743265	56.8	CaSNP4274	2	genomic_SNP	100.0
2	12768694	56.68	CaSNP4951	2	genomic_SNP	100.0
2	12798355	55.21	CaTSNP9034	2	transcript_SNP	100.0
2	12862414	56.84	CaSNP4592	2	genomic_SNP	99.17
2	13082921	56.83	CaSNP2120	2	genomic_SNP	100.0
2	13220541	56.91	CaSNP3964	2	genomic_SNP	99.17
2	13378897	55.21	CaSNP4419	2	genomic_SNP	100.0
2	13437554	57.08	CaSNP2685	2	genomic_SNP	99.17
2	13633560	56.57	CaTSNP6759	2	transcript_SNP	100.0
2	13710970	57.09	CaSNP5002	2	genomic_SNP	99.17
2	13746922	57.08	CaSNP2764	2	genomic_SNP	100.0
2	13774384	56.56	CaTSNP6362	2	transcript_SNP	100.0
2	13792366	56.35	CaTSNP8857	2	transcript_SNP	100.0
2	13847758	57.09	CaSNP4010	2	genomic_SNP	99.17
2	14012388	57.09	CaSNP2849	2	genomic_SNP	100.0
2	14095529	56.35	CaTSNP7998	2	transcript_SNP	99.17
2	14095529	56.57	CaTSNP7873	2	transcript_SNP	100.0
2	14120759	57.08	CaSNP2211	2	genomic_SNP	99.17
2	15173635	57.08	CaSNP4275	2	genomic_SNP	100.0
2	15217482	57.07	CaSNP2136	2	genomic_SNP	100.0
2	15389713	56.57	CaTSNP6482	2	transcript_SNP	100.0
2	15412642	56.57	CaTSNP6547	2	transcript_SNP	100.0
2	15431598	57.08	CaSNP3420	2	genomic_SNP	99.17
2	15688657	57.08	CaSNP4738	2	genomic_SNP	99.17
2	15825051	57.08	CaSNP5085	2	genomic_SNP	99.17
2	16165210	57.08	CaSNP4428	2	genomic_SNP	99.17
2	16287265	58.61	CaSNP2452	2	genomic_SNP	100.0
2	16417113	58.61	CaSNP3820	2	genomic_SNP	100.0
2	16637246	58.68	CaSNP2872	2	genomic_SNP	100.0
2	16741328	58.64	CaSNP2649	2	genomic_SNP	99.17
2	16837307	58.62	CaSNP3914	2	genomic_SNP	99.17
2	16949962	58.48	CaSNP3639	2	genomic_SNP	100.0
2	17019023	58.61	CaSNP3845	2	genomic_SNP	100.0
2	17150362	58.61	CaSNP2886	2	genomic_SNP	100.0
2	17195136	58.47	CaSNP4321	2	genomic_SNP	99.17
2	17343332	58.65	CaSNP2349	2	genomic_SNP	100.0
2	17476090	58.61	CaSNP3733	2	genomic_SNP	99.17
2	17656849	58.64	CaSNP2302	2	genomic_SNP	100.0
2	17800249	58.65	CaSNP3006	2	genomic_SNP	100.0
2	17901757	58.65	CaSNP3866	2	genomic_SNP	99.17
2	18357180	58.62	CaSNP4678	2	genomic_SNP	99.17
2	18477294	58.58	CaSNP4361	2	genomic_SNP	99.17
2	18653875	58.62	CaSNP3343	2	genomic_SNP	99.17
2	18718925	58.65	CaSNP3913	2	genomic_SNP	100.0
2	18804764	58.66	CaSNP3922	2	genomic_SNP	99.17
2	18865007	58.6	CaSNP2373	2	genomic_SNP	100.0
2	19360333	58.55	CaSNP3782	2	genomic_SNP	99.17
2	19427277	58.28	CaSNP4908	2	genomic_SNP	99.17
2	19576598	58.65	CaSNP4675	2	genomic_SNP	99.17
2	20109517	58.61	CaSNP5025	2	genomic_SNP	100.0
2	20349102	58.65	CaSNP2581	2	genomic_SNP	99.17
2	20409788	58.6	CaSNP4976	2	genomic_SNP	99.17
2	20552035	58.65	CaSNP2939	2	genomic_SNP	100.0
2	20746990	58.58	CaSNP4956	2	genomic_SNP	100.0
2	20808261	58.62	CaSNP3554	2	genomic_SNP	99.17
2	20882045	58.61	CaSNP3128	2	genomic_SNP	100.0
2	20892585	57.36	CaTSNP6356	2	transcript_SNP	100.0
2	21365966	58.61	CaSNP3220	2	genomic_SNP	100.0
2	21458658	58.65	CaSNP2836	2	genomic_SNP	100.0
2	21759818	58.4	CaSNP4621	2	genomic_SNP	99.18
2	21852808	58.64	CaSNP2578	2	genomic_SNP	100.0
2	21920476	58.65	CaSNP3354	2	genomic_SNP	100.0
2	21974261	58.61	CaSNP4463	2	genomic_SNP	100.0
2	22133954	58.61	CaSNP4195	2	genomic_SNP	100.0
2	22164208	58.65	CaSNP4853	2	genomic_SNP	100.0
2	22212075	57.08	CaTSNP8507	2	transcript_SNP	100.0
2	22342487	58.65	CaSNP3169	2	genomic_SNP	99.17
2	22372691	58.66	CaSNP3235	2	genomic_SNP	99.17
2	22522955	58.56	CaSNP2861	2	genomic_SNP	100.0
2	22728862	62.63	CaSNP2014	2	genomic_SNP	100.0
2	22798480	57.51	CaTSNP6933	2	transcript_SNP	100.0
2	22905881	58.64	CaSNP2069	2	genomic_SNP	99.17
2	22990201	57.34	CaTSNP6369	2	transcript_SNP	100.0
2	23209676	58.64	CaSNP2243	2	genomic_SNP	100.0
2	23259739	58.71	CaSNP3145	2	genomic_SNP	99.17
2	23308406	58.65	CaSNP3422	2	genomic_SNP	99.17
2	23886175	58.65	CaSNP2377	2	genomic_SNP	100.0
2	23959622	57.51	CaTSNP8131	2	transcript_SNP	100.0
2	24049606	58.57	CaSNP2154	2	genomic_SNP	100.0
2	24203587	59.21	CaSNP2570	2	genomic_SNP	99.17
2	24292339	59.22	CaSNP3520	2	genomic_SNP	100.0
2	24344940	57.32	CaTSNP8455	2	transcript_SNP	100.0
2	24354786	55.98	CaTSNP7826	2	transcript_SNP	100.0
2	24365921	58.25	CaSNP2819	2	genomic_SNP	100.0
2	24561223	58.24	CaSNP3889	2	genomic_SNP	100.0
2	24580164	57.28	CaTSNP8353	2	transcript_SNP	100.0
2	24708274	59.21	CaSNP2307	2	genomic_SNP	99.17
2	24782109	57.27	CaTSNP6285	2	transcript_SNP	99.17
2	24803523	59.35	CaSNP2770	2	genomic_SNP	100.0
2	24841429	58.28	CaSNP3158	2	genomic_SNP	99.17
2	24904793	56.42	CaTSNP7609	2	transcript_SNP	100.0
2	25013370	58.28	CaSNP3778	2	genomic_SNP	100.0
2	25105360	58.28	CaSNP3127	2	genomic_SNP	100.0
2	25151094	58.23	CaSNP2903	2	genomic_SNP	100.0
2	25213362	57.3	CaTSNP7315	2	transcript_SNP	100.0
2	25274356	58.32	CaSNP1965	2	genomic_SNP	100.0
2	25510302	59.21	CaSNP2605	2	genomic_SNP	99.17
2	25568440	58.04	CaSNP3022	2	genomic_SNP	100.0
2	25569938	57.57	CaTSNP9132	2	transcript_SNP	100.0
2	25621928	58.05	CaSNP2782	2	genomic_SNP	99.17
2	25796914	58.04	CaSNP3651	2	genomic_SNP	99.17
2	25880940	58.06	CaSNP3205	2	genomic_SNP	100.0
2	25934965	58.04	CaSNP3027	2	genomic_SNP	99.17
2	26027915	57.44	CaTSNP8405	2	transcript_SNP	100.0
2	26031452	58.08	CaSNP2579	2	genomic_SNP	99.17
2	26117059	57.57	CaTSNP7626	2	transcript_SNP	100.0
2	26417152	57.44	CaTSNP8534	2	transcript_SNP	99.17
2	26458524	58.06	CaSNP4126	2	genomic_SNP	100.0
2	26467124	57.45	CaTSNP7791	2	transcript_SNP	99.17
2	26510988	57.55	CaTSNP8420	2	transcript_SNP	99.08
2	26534868	58.02	CaSNP3500	2	genomic_SNP	100.0
2	26584688	58.04	CaSNP2386	2	genomic_SNP	100.0
2	26605730	57.44	CaTSNP6127	2	transcript_SNP	99.17
2	26688794	58.25	CaSNP3511	2	genomic_SNP	100.0
2	26807421	58.13	CaSNP2029	2	genomic_SNP	100.0
2	27062865	58.11	CaSNP2865	2	genomic_SNP	99.17
2	27179908	58.19	CaSNP4268	2	genomic_SNP	99.17
2	27305215	62.25	CaSNP2733	2	genomic_SNP	100.0
2	27342156	62.78	CaSNP3785	2	genomic_SNP	99.17
2	27376854	62.65	CaSNP2658	2	genomic_SNP	99.17
2	27437109	62.62	CaSNP3627	2	genomic_SNP	100.0
2	27535505	63.12	CaSNP4591	2	genomic_SNP	100.0
2	27701715	62.62	CaSNP2491	2	genomic_SNP	99.13
2	27704029	63.59	CaTSNP6429	2	transcript_SNP	100.0
2	27724431	63.51	CaTSNP7403	2	transcript_SNP	100.0
2	27819199	63.88	CaTSNP7324	2	transcript_SNP	100.0
2	27832214	63.2	CaSNP2005	2	genomic_SNP	99.17
2	27978419	63.36	CaSNP2475	2	genomic_SNP	99.17
2	28060922	64.06	CaTSNP6761	2	transcript_SNP	100.0
2	28076668	64.01	CaTSNP7146	2	transcript_SNP	99.12
2	28084085	64.56	CaTSNP9099	2	transcript_SNP	100.0
2	28156310	63.8	CaSNP2180	2	genomic_SNP	100.0
2	28159138	64.26	CaTSNP6103	2	transcript_SNP	99.17
2	28184803	64.29	CaTSNP9080	2	transcript_SNP	100.0
2	28203928	64.33	CaTSNP7361	2	transcript_SNP	95.04
2	28321140	64.26	CaTSNP6982	2	transcript_SNP	100.0
2	28553143	63.78	CaSNP4122	2	genomic_SNP	99.17
2	29006462	63.8	CaSNP5093	2	genomic_SNP	99.17
2	29107924	64.12	CaSNP3825	2	genomic_SNP	100.0
2	29232072	65.64	CaSNP3589	2	genomic_SNP	99.17
2	29301283	64.18	CaSNP4869	2	genomic_SNP	100.0
2	29342979	63.77	CaSNP3617	2	genomic_SNP	99.17
2	29463648	64.35	CaTSNP8175	2	transcript_SNP	100.0
2	29623123	64.21	CaSNP4860	2	genomic_SNP	100.0
2	29865141	63.8	CaSNP4749	2	genomic_SNP	100.0
2	29945903	64.22	CaSNP5086	2	genomic_SNP	99.17
2	30027622	64.3	CaTSNP7045	2	transcript_SNP	100.0
2	30046488	64.29	CaTSNP6269	2	transcript_SNP	100.0
2	30505340	64.66	CaTSNP6833	2	transcript_SNP	100.0
2	30508256	65.11	CaSNP3756	2	genomic_SNP	100.0
2	30686477	64.91	CaSNP4649	2	genomic_SNP	100.0
2	30716424	64.83	CaSNP2169	2	genomic_SNP	100.0
2	30734017	64.68	CaTSNP6092	2	transcript_SNP	98.29
2	30802061	65.82	CaSNP2902	2	genomic_SNP	97.52
2	30950287	64.74	CaTSNP8855	2	transcript_SNP	100.0
2	31088778	64.78	CaSNP3986	2	genomic_SNP	99.17
2	31089853	65.11	CaTSNP7601	2	transcript_SNP	100.0
2	31136797	64.66	CaSNP3278	2	genomic_SNP	100.0
2	31213271	65.1	CaTSNP6316	2	transcript_SNP	100.0
2	31214813	64.56	CaSNP3462	2	genomic_SNP	100.0
2	31324127	64.82	CaSNP2012	2	genomic_SNP	100.0
2	31582661	64.22	CaSNP5016	2	genomic_SNP	99.17
2	31835460	64.24	CaSNP2289	2	genomic_SNP	99.17
2	31946409	64.97	CaSNP2510	2	genomic_SNP	95.87
2	32073265	64.71	CaTSNP7458	2	transcript_SNP	100.0
2	32121136	64.92	CaTSNP8516	2	transcript_SNP	100.0
2	32121490	64.94	CaTSNP6188	2	transcript_SNP	100.0
2	32267382	64.76	CaSNP3243	2	genomic_SNP	99.17
2	32325653	64.93	CaSNP3658	2	genomic_SNP	99.17
2	32407084	65.08	CaSNP2673	2	genomic_SNP	98.35
2	32421758	64.38	CaSNP2679	2	genomic_SNP	99.17
2	32511672	63.32	CaTSNP6471	2	transcript_SNP	100.0
2	32564701	64.86	CaSNP2905	2	genomic_SNP	99.17
2	32605370	63.38	CaTSNP7385	2	transcript_SNP	100.0
2	32745628	63.32	CaTSNP7988	2	transcript_SNP	99.17
2	32754224	63.33	CaTSNP6996	2	transcript_SNP	100.0
2	32765118	63.28	CaTSNP6852	2	transcript_SNP	100.0
2	32865991	61.84	CaTSNP8020	2	transcript_SNP	100.0
2	32901942	61.84	CaTSNP6809	2	transcript_SNP	100.0
2	32933925	61.89	CaTSNP7991	2	transcript_SNP	99.17
2	32949096	61.89	CaTSNP8812	2	transcript_SNP	99.18
2	32978740	61.84	CaTSNP7204	2	transcript_SNP	100.0
2	32993358	61.8	CaTSNP6865	2	transcript_SNP	100.0
2	33104624	60.9	CaTSNP7407	2	transcript_SNP	100.0
2	33174434	58.85	CaTSNP8370	2	transcript_SNP	100.0
2	33248395	60.75	CaTSNP6904	2	transcript_SNP	100.0
2	33300963	58.97	CaSNP4403	2	genomic_SNP	99.17
2	33330094	58.53	CaTSNP8210	2	transcript_SNP	100.0
2	33358304	58.41	CaTSNP7265	2	transcript_SNP	100.0
2	33373235	58.93	CaSNP4183	2	genomic_SNP	100.0
2	33393961	58.6	CaSNP4020	2	genomic_SNP	100.0
2	33489283	60.63	CaTSNP8021	2	transcript_SNP	100.0
2	33492546	59.03	CaSNP5120	2	genomic_SNP	99.17
2	33552427	59.21	CaSNP3680	2	genomic_SNP	100.0
2	33692368	59.42	CaTSNP7557	2	transcript_SNP	100.0
2	33698583	58.52	CaSNP1962	2	genomic_SNP	100.0
2	33789689	59.01	CaTSNP7230	2	transcript_SNP	100.0
2	33865215	58.64	CaSNP3681	2	genomic_SNP	99.17
2	33915610	38.7	CaSNP3540	2	genomic_SNP	100.0
2	33932298	59.01	CaTSNP8972	2	transcript_SNP	100.0
2	34111727	58.64	CaSNP4490	2	genomic_SNP	99.17
2	34138204	58.64	CaSNP3175	2	genomic_SNP	99.17
2	34162584	59.01	CaTSNP6830	2	transcript_SNP	100.0
2	34222585	58.82	CaTSNP7304	2	transcript_SNP	100.0
2	34237573	58.28	CaTSNP6942	2	transcript_SNP	100.0
2	34300522	58.91	CaTSNP8705	2	transcript_SNP	100.0
2	34343801	58.88	CaTSNP6427	2	transcript_SNP	99.17
2	34383860	58.49	CaSNP2812	2	genomic_SNP	100.0
2	34424913	58.77	CaTSNP8565	2	transcript_SNP	99.17
2	34440308	58.49	CaSNP2796	2	genomic_SNP	100.0
2	34609283	58.49	CaSNP2975	2	genomic_SNP	100.0
2	34629993	58.83	CaTSNP6734	2	transcript_SNP	100.0
2	34736753	58.56	CaSNP2593	2	genomic_SNP	99.17
2	34848365	51.81	CaTSNP6517	2	transcript_SNP	100.0
2	34902185	52.59	CaTSNP7439	2	transcript_SNP	100.0
2	35131250	51.3	CaSNP5112	2	genomic_SNP	100.0
2	35189471	48.76	CaSNP2334	2	genomic_SNP	99.17
2	35209335	48.55	CaTSNP6629	2	transcript_SNP	100.0
2	35618216	46.61	CaTSNP7375	2	transcript_SNP	100.0
2	35720038	46.68	CaTSNP6648	2	transcript_SNP	99.17
2	35830758	46.55	CaTSNP6162	2	transcript_SNP	100.0
2	35844940	46.59	CaTSNP6329	2	transcript_SNP	100.0
2	35892892	46.83	CaSNP4617	2	genomic_SNP	99.18
2	35894922	46.76	CaTSNP7316	2	transcript_SNP	97.37
2	35915434	46.86	CaTSNP8331	2	transcript_SNP	93.08
2	36050240	47.68	CaTSNP8898	2	transcript_SNP	100.0
2	36069106	47.7	CaSNP2540	2	genomic_SNP	100.0
2	36100197	47.89	CaTSNP7347	2	transcript_SNP	100.0
2	36105324	47.9	CaTSNP7000	2	transcript_SNP	100.0
2	36116843	48.73	CaTSNP8013	2	transcript_SNP	100.0
2	36127005	48.47	CaSNP2451	2	genomic_SNP	99.17
2	36191465	49.03	CaTSNP7687	2	transcript_SNP	100.0
2	36202826	48.62	CaSNP2781	2	genomic_SNP	99.17
2	36213115	49.92	CaTSNP6791	2	transcript_SNP	100.0
2	36330809	50.4	CaTSNP8786	2	transcript_SNP	100.0
2	36332073	51.21	CaSNP2025	2	genomic_SNP	100.0
2	36357352	50.42	CaTSNP7885	2	transcript_SNP	100.0
2	36378748	50.5	CaTSNP6227	2	transcript_SNP	100.0
2	36461241	51.4	CaTSNP7371	2	transcript_SNP	99.17
2	36477403	51.41	CaTSNP8477	2	transcript_SNP	100.0
2	36492083	51.42	CaTSNP8454	2	transcript_SNP	100.0
2	36562262	51.43	CaTSNP6664	2	transcript_SNP	100.0
3	147563	67.33	CaTSNP9087	3	transcript_SNP	99.17
3	171759	67.45	CaSNP3285	3	genomic_SNP	100.0
3	213850	67.39	CaSNP3162	3	genomic_SNP	99.17
3	292820	67.1	CaTSNP7332	3	transcript_SNP	99.17
3	608527	68.33	CaSNP2835	3	genomic_SNP	99.17
3	685671	68.19	CaSNP3038	3	genomic_SNP	100.0
3	828899	68.4	CaSNP2890	3	genomic_SNP	100.0
3	1154640	68.35	CaSNP4864	3	genomic_SNP	100.0
3	1200584	68.38	CaSNP2880	3	genomic_SNP	99.17
3	1299208	68.39	CaSNP4105	3	genomic_SNP	100.0
3	1328174	68.34	CaSNP4681	3	genomic_SNP	100.0
3	1390226	68.98	CaSNP3525	3	genomic_SNP	100.0
3	1608152	68.26	CaSNP3071	3	genomic_SNP	100.0
3	1624980	68.01	CaTSNP7435	3	transcript_SNP	100.0
3	1693988	68.39	CaSNP4517	3	genomic_SNP	99.17
3	2008998	68.39	CaSNP3423	3	genomic_SNP	100.0
3	2060361	68.35	CaSNP4627	3	genomic_SNP	100.0
3	2107682	68.34	CaSNP4044	3	genomic_SNP	99.17
3	2319456	68.34	CaSNP3433	3	genomic_SNP	100.0
3	2674665	67.38	CaSNP5011	3	genomic_SNP	99.17
3	2831663	67.38	CaSNP3337	3	genomic_SNP	99.17
3	2861401	67.33	CaTSNP6541	3	transcript_SNP	100.0
3	2863352	67.35	CaSNP3981	3	genomic_SNP	99.17
3	2900296	67.2	CaTSNP7770	3	transcript_SNP	100.0
3	2900296	67.33	CaTSNP6264	3	transcript_SNP	99.11
3	2923763	67.34	CaSNP2978	3	genomic_SNP	100.0
3	2983735	67.33	CaTSNP6055	3	transcript_SNP	99.1
3	3041683	67.24	CaSNP4680	3	genomic_SNP	99.17
3	3088283	67.33	CaTSNP7018	3	transcript_SNP	99.17
3	3314946	67.39	CaSNP4467	3	genomic_SNP	100.0
3	3617697	67.33	CaTSNP7011	3	transcript_SNP	100.0
3	3631544	67.38	CaSNP4094	3	genomic_SNP	99.17
3	3666453	67.33	CaTSNP7580	3	transcript_SNP	100.0
3	3720163	66.97	CaSNP4127	3	genomic_SNP	100.0
3	3772687	67.38	CaSNP3323	3	genomic_SNP	99.17
3	4328260	67.38	CaSNP4012	3	genomic_SNP	99.17
3	4432371	67.38	CaSNP4304	3	genomic_SNP	99.17
3	4476137	67.38	CaSNP3882	3	genomic_SNP	99.17
3	4508154	67.27	CaSNP4561	3	genomic_SNP	100.0
3	4539687	67.39	CaSNP2300	3	genomic_SNP	100.0
3	4701174	67.38	CaSNP4427	3	genomic_SNP	100.0
3	4767584	67.33	CaTSNP7218	3	transcript_SNP	100.0
3	4774091	67.37	CaSNP4431	3	genomic_SNP	99.17
3	4813116	63.42	CaSNP2785	3	genomic_SNP	99.17
3	4914457	67.38	CaSNP4287	3	genomic_SNP	100.0
3	5079521	67.39	CaSNP4509	3	genomic_SNP	99.17
3	5105438	67.38	CaSNP4247	3	genomic_SNP	99.17
3	5106193	67.33	CaTSNP6064	3	transcript_SNP	100.0
3	5156029	67.33	CaTSNP7591	3	transcript_SNP	99.17
3	5217859	67.38	CaSNP4267	3	genomic_SNP	99.17
3	5405441	67.3	CaTSNP9024	3	transcript_SNP	100.0
3	5447885	67.29	CaSNP3254	3	genomic_SNP	100.0
3	5545387	67.16	CaSNP3473	3	genomic_SNP	99.17
3	5734346	67.38	CaSNP3019	3	genomic_SNP	100.0
3	6315229	68.35	CaSNP2884	3	genomic_SNP	100.0
3	6346656	68.38	CaSNP4542	3	genomic_SNP	99.17
3	6423509	68.35	CaSNP3276	3	genomic_SNP	100.0
3	6510416	68.35	CaSNP4702	3	genomic_SNP	99.17
3	6888672	67.22	CaTSNP6219	3	transcript_SNP	100.0
3	6900185	67.38	CaSNP3620	3	genomic_SNP	99.17
3	7024620	67.38	CaSNP2789	3	genomic_SNP	99.17
3	7087692	67.37	CaSNP2876	3	genomic_SNP	100.0
3	7244916	67.38	CaSNP2991	3	genomic_SNP	100.0
3	7329629	67.38	CaSNP2296	3	genomic_SNP	100.0
3	7384669	67.38	CaSNP3573	3	genomic_SNP	99.17
3	7438267	67.38	CaSNP4269	3	genomic_SNP	100.0
3	7480982	67.36	CaSNP4762	3	genomic_SNP	100.0
3	7538231	67.38	CaSNP5136	3	genomic_SNP	100.0
3	7653729	67.38	CaSNP2966	3	genomic_SNP	99.17
3	7693806	67.21	CaTSNP8957	3	transcript_SNP	100.0
3	7695701	67.36	CaSNP3392	3	genomic_SNP	100.0
3	8555877	67.38	CaSNP5118	3	genomic_SNP	100.0
3	8691578	68.33	CaSNP3543	3	genomic_SNP	99.17
3	8720066	68.35	CaSNP4173	3	genomic_SNP	99.17
3	8800638	68.35	CaSNP2662	3	genomic_SNP	100.0
3	9142294	68.42	CaSNP5125	3	genomic_SNP	99.17
3	9258058	68.38	CaSNP3146	3	genomic_SNP	99.17
3	9276521	68.33	CaSNP2517	3	genomic_SNP	99.17
3	9438091	68.35	CaSNP4414	3	genomic_SNP	99.17
3	9478271	68.4	CaSNP3123	3	genomic_SNP	99.17
3	9560232	68.33	CaSNP4636	3	genomic_SNP	99.17
3	9788500	68.34	CaSNP3588	3	genomic_SNP	100.0
3	9792020	43.55	CaTSNP6574	3	transcript_SNP	100.0
3	9879210	68.35	CaSNP3116	3	genomic_SNP	100.0
3	9925431	68.33	CaSNP2642	3	genomic_SNP	99.17
3	10109359	68.34	CaSNP4365	3	genomic_SNP	99.17
3	10322213	68.33	CaSNP3868	3	genomic_SNP	99.17
3	10435672	68.34	CaSNP3834	3	genomic_SNP	100.0
3	10470516	68.38	CaSNP3850	3	genomic_SNP	99.17
3	10538898	68.22	CaSNP4359	3	genomic_SNP	100.0
3	10613650	68.34	CaSNP2703	3	genomic_SNP	100.0
3	10738876	68.23	CaSNP3598	3	genomic_SNP	99.17
3	10835077	68.57	CaSNP4925	3	genomic_SNP	100.0
3	10870695	68.01	CaTSNP7356	3	transcript_SNP	100.0
3	10983310	68.33	CaSNP4048	3	genomic_SNP	99.17
3	11028255	68.38	CaSNP3595	3	genomic_SNP	99.17
3	11224427	68.34	CaSNP4013	3	genomic_SNP	100.0
3	11327070	68.02	CaTSNP7641	3	transcript_SNP	100.0
3	11341908	68.34	CaSNP3832	3	genomic_SNP	99.17
3	11638878	68.01	CaTSNP8756	3	transcript_SNP	100.0
3	11692367	68.39	CaSNP2143	3	genomic_SNP	100.0
3	11824677	68.33	CaSNP3107	3	genomic_SNP	99.17
3	11988151	68.37	CaSNP4746	3	genomic_SNP	100.0
3	12381450	68.33	CaSNP2606	3	genomic_SNP	99.17
3	12599850	68.33	CaSNP3762	3	genomic_SNP	99.17
3	12769785	68.4	CaSNP5134	3	genomic_SNP	100.0
3	12882147	68.35	CaSNP4856	3	genomic_SNP	99.17
3	13341094	68.34	CaSNP2816	3	genomic_SNP	100.0
3	13401828	68.33	CaSNP3983	3	genomic_SNP	100.0
3	13767897	68.38	CaSNP2544	3	genomic_SNP	99.17
3	14025795	67.85	CaTSNP8802	3	transcript_SNP	100.0
3	14476609	68.39	CaSNP3113	3	genomic_SNP	100.0
3	14618354	68.35	CaSNP4602	3	genomic_SNP	99.17
3	14792363	68.4	CaSNP3110	3	genomic_SNP	100.0
3	15002621	68.31	CaSNP4014	3	genomic_SNP	100.0
3	15145938	68.38	CaSNP4500	3	genomic_SNP	99.17
3	15205508	68.01	CaTSNP7718	3	transcript_SNP	100.0
3	15249691	68.39	CaSNP4673	3	genomic_SNP	100.0
3	15287355	68.33	CaSNP3138	3	genomic_SNP	99.17
3	15467756	68.4	CaSNP1942	3	genomic_SNP	99.18
3	15745810	68.35	CaSNP3266	3	genomic_SNP	100.0
3	15758525	68.01	CaTSNP8415	3	transcript_SNP	100.0
3	15948377	68.23	CaSNP5091	3	genomic_SNP	99.17
3	15980738	67.84	CaTSNP6775	3	transcript_SNP	100.0
3	16029933	68.35	CaSNP4246	3	genomic_SNP	100.0
3	16065473	68.02	CaTSNP8781	3	transcript_SNP	100.0
3	16069461	68.01	CaTSNP9144	3	transcript_SNP	100.0
3	16069461	68.03	CaTSNP6010	3	transcript_SNP	100.0
3	16082128	68.34	CaSNP4709	3	genomic_SNP	100.0
3	16286804	68.5	CaSNP4443	3	genomic_SNP	100.0
3	16373719	68.33	CaSNP3050	3	genomic_SNP	100.0
3	16418642	68.4	CaSNP4518	3	genomic_SNP	100.0
3	16679686	71.98	CaSNP3466	3	genomic_SNP	98.36
3	16753197	68.39	CaSNP4204	3	genomic_SNP	100.0
3	16831365	68.38	CaSNP2478	3	genomic_SNP	100.0
3	16928120	68.35	CaSNP3134	3	genomic_SNP	100.0
3	17004808	68.33	CaSNP3282	3	genomic_SNP	99.17
3	17055569	67.84	CaTSNP7338	3	transcript_SNP	100.0
3	17103830	70.87	CaSNP3353	3	genomic_SNP	99.17
3	17153760	68.32	CaSNP5010	3	genomic_SNP	99.17
3	17199543	68.38	CaSNP4719	3	genomic_SNP	99.17
3	17269430	68.34	CaSNP2958	3	genomic_SNP	100.0
3	17554654	68.33	CaSNP4188	3	genomic_SNP	99.17
3	17628341	68.37	CaSNP3835	3	genomic_SNP	100.0
3	17749623	68.38	CaSNP4271	3	genomic_SNP	99.17
3	17775528	68.34	CaSNP3738	3	genomic_SNP	99.18
3	17831323	68.34	CaSNP4823	3	genomic_SNP	99.17
3	17859177	68.33	CaSNP4672	3	genomic_SNP	100.0
3	17984081	68.39	CaSNP3696	3	genomic_SNP	100.0
3	18216371	68.38	CaSNP4053	3	genomic_SNP	99.17
3	18260543	68.34	CaSNP3677	3	genomic_SNP	100.0
3	18351012	68.33	CaSNP3767	3	genomic_SNP	99.17
3	18355016	68.02	CaTSNP8000	3	transcript_SNP	99.17
3	18384807	68.33	CaSNP4657	3	genomic_SNP	99.17
3	18469041	68.01	CaTSNP6461	3	transcript_SNP	100.0
3	18481937	68.33	CaSNP3317	3	genomic_SNP	100.0
3	18659588	68.34	CaSNP4604	3	genomic_SNP	100.0
3	18730747	68.01	CaTSNP8869	3	transcript_SNP	100.0
3	18823259	65.33	CaTSNP8519	3	transcript_SNP	100.0
3	18968732	68.38	CaSNP4986	3	genomic_SNP	99.17
3	19014429	68.34	CaSNP4640	3	genomic_SNP	100.0
3	19047744	68.35	CaSNP2000	3	genomic_SNP	100.0
3	19206622	68.39	CaSNP4713	3	genomic_SNP	100.0
3	19446976	68.39	CaSNP2693	3	genomic_SNP	100.0
3	19542422	68.33	CaSNP3040	3	genomic_SNP	100.0
3	19615769	68.34	CaSNP4082	3	genomic_SNP	100.0
3	19798108	68.35	CaSNP3160	3	genomic_SNP	100.0
3	19857344	68.23	CaTSNP8112	3	transcript_SNP	100.0
3	19863467	68.38	CaSNP4506	3	genomic_SNP	99.17
3	19915246	68.34	CaSNP2304	3	genomic_SNP	99.17
3	20027407	66.66	CaSNP2676	3	genomic_SNP	99.17
3	20102703	66.34	CaTSNP7494	3	transcript_SNP	100.0
3	20241823	66.62	CaSNP2896	3	genomic_SNP	99.17
3	20292686	66.62	CaSNP3404	3	genomic_SNP	99.17
3	20387471	66.23	CaSNP2239	3	genomic_SNP	100.0
3	20528843	66.3	CaTSNP8329	3	transcript_SNP	100.0
3	20558219	66.62	CaSNP3225	3	genomic_SNP	100.0
3	20673964	66.23	CaSNP2862	3	genomic_SNP	100.0
3	20754915	66.62	CaSNP4080	3	genomic_SNP	99.17
3	20831082	66.62	CaSNP2269	3	genomic_SNP	99.18
3	20880703	66.34	CaTSNP6327	3	transcript_SNP	99.17
3	21046195	65.84	CaTSNP9141	3	transcript_SNP	100.0
3	21100219	65.76	CaTSNP7012	3	transcript_SNP	100.0
3	21293559	65.26	CaTSNP6157	3	transcript_SNP	100.0
3	21382217	65.25	CaTSNP6074	3	transcript_SNP	100.0
3	21443302	65.26	CaTSNP8911	3	transcript_SNP	100.0
3	21469314	65.51	CaTSNP8004	3	transcript_SNP	99.17
3	21486122	65.54	CaSNP1973	3	genomic_SNP	100.0
3	21597669	64.6	CaTSNP8260	3	transcript_SNP	100.0
3	21627537	65.04	CaTSNP8022	3	transcript_SNP	100.0
3	21656276	65.33	CaTSNP8199	3	transcript_SNP	99.09
3	21717105	64.35	CaTSNP7266	3	transcript_SNP	100.0
3	21812403	66.19	CaSNP4664	3	genomic_SNP	100.0
3	21866214	64.6	CaSNP4235	3	genomic_SNP	99.18
3	22002732	63.66	CaTSNP8034	3	transcript_SNP	100.0
3	22060199	63.63	CaTSNP7106	3	transcript_SNP	100.0
3	22186514	63.06	CaTSNP8698	3	transcript_SNP	99.04
3	22462494	62.52	CaTSNP6743	3	transcript_SNP	100.0
3	22545229	62.76	CaSNP4156	3	genomic_SNP	99.17
3	22630254	62.41	CaSNP2256	3	genomic_SNP	100.0
3	22681658	62.05	CaTSNP7913	3	transcript_SNP	100.0
3	22767386	62.76	CaSNP4030	3	genomic_SNP	99.17
3	22839624	62.38	CaSNP2846	3	genomic_SNP	100.0
3	22844448	62.23	CaTSNP7773	3	transcript_SNP	100.0
3	22883782	62.32	CaTSNP6900	3	transcript_SNP	100.0
3	22927772	62.21	CaTSNP7334	3	transcript_SNP	98.18
3	22997262	61.74	CaSNP2894	3	genomic_SNP	100.0
3	23205154	62.68	CaTSNP8950	3	transcript_SNP	100.0
3	23216312	62.56	CaTSNP6984	3	transcript_SNP	100.0
3	23277775	62.43	CaSNP3290	3	genomic_SNP	99.17
3	23344730	61.98	CaSNP2207	3	genomic_SNP	99.17
3	23356691	60.76	CaTSNP8449	3	transcript_SNP	99.17
3	23401890	61.01	CaTSNP8333	3	transcript_SNP	100.0
3	23459918	61.64	CaSNP4641	3	genomic_SNP	99.17
3	23472279	61.32	CaTSNP8045	3	transcript_SNP	100.0
3	23492491	61.44	CaTSNP8033	3	transcript_SNP	99.16
3	23511826	61.38	CaSNP3417	3	genomic_SNP	100.0
3	23517400	61.16	CaTSNP6113	3	transcript_SNP	100.0
3	23527652	61.75	CaSNP2882	3	genomic_SNP	100.0
3	23633796	61.75	CaSNP2543	3	genomic_SNP	99.17
3	23649557	61.43	CaTSNP7747	3	transcript_SNP	100.0
3	23649557	61.49	CaTSNP7871	3	transcript_SNP	100.0
3	23665596	61.75	CaSNP2633	3	genomic_SNP	99.17
3	23763954	61.43	CaTSNP7742	3	transcript_SNP	100.0
3	23823713	61.43	CaTSNP8827	3	transcript_SNP	100.0
3	23833602	60.15	CaTSNP9077	3	transcript_SNP	100.0
3	23944387	60.6	CaTSNP8489	3	transcript_SNP	99.17
3	23979388	60.95	CaTSNP7721	3	transcript_SNP	99.17
3	24089458	60.6	CaTSNP7586	3	transcript_SNP	100.0
3	24113161	59.79	CaTSNP6884	3	transcript_SNP	100.0
3	24129334	59.75	CaTSNP7473	3	transcript_SNP	100.0
3	24323785	59.46	CaTSNP8884	3	transcript_SNP	100.0
3	24427203	59.79	CaTSNP8798	3	transcript_SNP	100.0
3	24465790	59.62	CaTSNP9049	3	transcript_SNP	99.17
3	24502905	59.58	CaTSNP6143	3	transcript_SNP	100.0
3	24546140	59.92	CaSNP1957	3	genomic_SNP	100.0
3	24657282	59.33	CaSNP3699	3	genomic_SNP	100.0
3	24896336	58.7	CaTSNP8464	3	transcript_SNP	100.0
3	25010127	59.34	CaSNP3575	3	genomic_SNP	99.17
3	25268008	58.73	CaTSNP8096	3	transcript_SNP	100.0
3	25485424	57.7	CaTSNP8068	3	transcript_SNP	100.0
3	25527800	57.87	CaTSNP8761	3	transcript_SNP	99.17
3	25531646	57.87	CaTSNP7673	3	transcript_SNP	100.0
3	25537529	57.87	CaTSNP7891	3	transcript_SNP	100.0
3	25565991	57.7	CaTSNP6621	3	transcript_SNP	100.0
3	25700745	56.12	CaSNP2130	3	genomic_SNP	100.0
3	25869669	56.12	CaSNP2556	3	genomic_SNP	100.0
3	25944082	54.45	CaSNP4812	3	genomic_SNP	99.18
3	26135519	54.68	CaTSNP8587	3	transcript_SNP	100.0
3	26304410	53.85	CaSNP2333	3	genomic_SNP	99.17
3	26317322	54.03	CaTSNP7321	3	transcript_SNP	100.0
3	26449675	54.01	CaTSNP6560	3	transcript_SNP	100.0
3	26467738	53.86	CaSNP2232	3	genomic_SNP	99.17
3	26514391	53.88	CaTSNP8788	3	transcript_SNP	100.0
3	26576095	53.9	CaSNP3411	3	genomic_SNP	99.17
3	26606831	53.71	CaTSNP6562	3	transcript_SNP	99.17
3	26616909	53.71	CaTSNP7037	3	transcript_SNP	100.0
3	26624264	53.71	CaTSNP8205	3	transcript_SNP	100.0
3	26631074	53.62	CaSNP2090	3	genomic_SNP	100.0
3	26638330	53.23	CaTSNP9103	3	transcript_SNP	100.0
3	26647946	53.23	CaTSNP8633	3	transcript_SNP	100.0
3	26676826	53.22	CaTSNP7812	3	transcript_SNP	96.08
3	26733435	53.23	CaTSNP8817	3	transcript_SNP	100.0
3	26733589	53.08	CaSNP5047	3	genomic_SNP	100.0
3	26738674	53.33	CaTSNP8750	3	transcript_SNP	100.0
3	26869761	53.23	CaTSNP6826	3	transcript_SNP	100.0
3	26948613	52.74	CaTSNP8597	3	transcript_SNP	100.0
3	27134049	50.19	CaTSNP7508	3	transcript_SNP	100.0
3	27282207	52.52	CaSNP3383	3	genomic_SNP	100.0
3	27349439	50.33	CaTSNP8417	3	transcript_SNP	100.0
3	27605849	50.34	CaTSNP7160	3	transcript_SNP	100.0
3	27621211	50.32	CaTSNP6990	3	transcript_SNP	100.0
3	27623366	50.69	CaTSNP6577	3	transcript_SNP	98.98
3	27680598	49.93	CaTSNP7651	3	transcript_SNP	100.0
3	27759166	49.54	CaTSNP8922	3	transcript_SNP	99.17
3	27770475	51.6	CaSNP2122	3	genomic_SNP	100.0
3	27878225	49.67	CaTSNP6675	3	transcript_SNP	99.13
3	27885431	49.8	CaTSNP8406	3	transcript_SNP	99.17
3	27980630	49.67	CaTSNP7924	3	transcript_SNP	99.17
3	28077938	51.53	CaSNP4514	3	genomic_SNP	99.17
3	28081144	49.6	CaTSNP7302	3	transcript_SNP	100.0
3	28278407	51.6	CaSNP3294	3	genomic_SNP	100.0
3	28352086	49.65	CaTSNP8645	3	transcript_SNP	100.0
3	28352086	49.67	CaTSNP6977	3	transcript_SNP	100.0
3	28389491	51.6	CaSNP3053	3	genomic_SNP	99.17
3	28528466	49.47	CaTSNP9159	3	transcript_SNP	100.0
3	28555738	49.62	CaTSNP6961	3	transcript_SNP	100.0
3	28752586	48.79	CaTSNP8279	3	transcript_SNP	100.0
3	28765496	48.7	CaTSNP8076	3	transcript_SNP	99.17
3	28765496	48.79	CaTSNP7865	3	transcript_SNP	99.17
3	28829430	50.4	CaSNP3818	3	genomic_SNP	100.0
3	28848571	48.72	CaTSNP7048	3	transcript_SNP	100.0
3	28866374	47.74	CaTSNP8272	3	transcript_SNP	100.0
3	28877736	48.75	CaSNP4389	3	genomic_SNP	100.0
3	28905439	46.99	CaTSNP7929	3	transcript_SNP	100.0
3	28905523	47.81	CaTSNP8799	3	transcript_SNP	99.17
3	28956401	48.92	CaSNP2496	3	genomic_SNP	100.0
3	29063089	47.66	CaTSNP9134	3	transcript_SNP	99.17
3	29360317	48.12	CaSNP3244	3	genomic_SNP	100.0
3	29411644	46.85	CaTSNP9122	3	transcript_SNP	100.0
3	29438737	46.81	CaTSNP6177	3	transcript_SNP	99.17
3	29458296	47.8	CaSNP2738	3	genomic_SNP	100.0
3	29509323	46.85	CaTSNP8689	3	transcript_SNP	100.0
3	29611504	46.28	CaTSNP8910	3	transcript_SNP	100.0
3	29676964	43.54	CaTSNP7415	3	transcript_SNP	100.0
3	29690846	43.59	CaTSNP7902	3	transcript_SNP	99.17
3	29713718	43.63	CaTSNP7333	3	transcript_SNP	100.0
3	29803962	43.63	CaTSNP8660	3	transcript_SNP	99.17
3	29868911	43.7	CaTSNP8590	3	transcript_SNP	99.17
3	29882931	43.64	CaTSNP8873	3	transcript_SNP	100.0
3	29904469	43.64	CaTSNP6647	3	transcript_SNP	100.0
3	29974535	43.59	CaTSNP6774	3	transcript_SNP	99.17
3	30136843	42.09	CaTSNP6613	3	transcript_SNP	100.0
3	30206436	42.33	CaSNP2875	3	genomic_SNP	99.17
3	30348312	42.08	CaTSNP9130	3	transcript_SNP	100.0
3	30358817	41.92	CaTSNP7440	3	transcript_SNP	100.0
3	30376280	42.06	CaTSNP8760	3	transcript_SNP	100.0
3	30480260	42.04	CaTSNP6061	3	transcript_SNP	100.0
3	30732721	41.27	CaTSNP6914	3	transcript_SNP	100.0
3	30772566	41.22	CaTSNP7083	3	transcript_SNP	100.0
3	30898080	41.17	CaTSNP9129	3	transcript_SNP	100.0
3	30933008	40.84	CaTSNP9072	3	transcript_SNP	100.0
3	30933752	40.84	CaTSNP8537	3	transcript_SNP	100.0
3	31011665	40.33	CaSNP4484	3	genomic_SNP	100.0
3	31024000	40.27	CaTSNP6294	3	transcript_SNP	100.0
3	31091875	40.28	CaTSNP6997	3	transcript_SNP	100.0
3	31098542	40.22	CaSNP2443	3	genomic_SNP	100.0
3	31113388	40.26	CaTSNP6744	3	transcript_SNP	100.0
3	31184563	40.33	CaSNP2121	3	genomic_SNP	100.0
3	31269143	40.19	CaSNP2983	3	genomic_SNP	99.17
3	31270189	40.3	CaTSNP6788	3	transcript_SNP	99.17
3	31570955	39.73	CaSNP4984	3	genomic_SNP	99.17
3	31625684	39.25	CaTSNP8404	3	transcript_SNP	100.0
3	31625684	39.44	CaTSNP8958	3	transcript_SNP	100.0
3	31696648	39.79	CaTSNP6022	3	transcript_SNP	100.0
3	31759172	39.56	CaTSNP6154	3	transcript_SNP	99.16
3	31912969	38.49	CaTSNP9138	3	transcript_SNP	100.0
3	31976621	39.05	CaSNP2088	3	genomic_SNP	99.17
3	32367238	38.68	CaSNP2932	3	genomic_SNP	99.17
3	32478836	38.54	CaTSNP6442	3	transcript_SNP	100.0
3	32487989	38.29	CaTSNP8552	3	transcript_SNP	100.0
3	32497547	38.49	CaTSNP7678	3	transcript_SNP	100.0
3	32505286	39.16	CaSNP3549	3	genomic_SNP	100.0
3	32552332	38.54	CaTSNP8967	3	transcript_SNP	99.17
3	32619435	38.57	CaTSNP7441	3	transcript_SNP	100.0
3	32662014	38.54	CaTSNP8202	3	transcript_SNP	100.0
3	32693924	38.57	CaTSNP8215	3	transcript_SNP	100.0
3	32701478	38.49	CaTSNP8909	3	transcript_SNP	100.0
3	32708184	38.49	CaTSNP9119	3	transcript_SNP	100.0
3	32719518	38.49	CaTSNP9004	3	transcript_SNP	100.0
3	32735897	38.54	CaTSNP6999	3	transcript_SNP	100.0
3	32746543	38.93	CaSNP2949	3	genomic_SNP	99.17
3	32845172	37.66	CaTSNP8721	3	transcript_SNP	100.0
3	32900387	38.02	CaTSNP7536	3	transcript_SNP	100.0
3	32972809	37.57	CaTSNP8497	3	transcript_SNP	100.0
3	32981833	37.66	CaTSNP6654	3	transcript_SNP	99.17
3	33074672	37.69	CaTSNP8018	3	transcript_SNP	99.17
3	33178290	37.55	CaTSNP7314	3	transcript_SNP	99.14
3	33244137	39.2	CaSNP4923	3	genomic_SNP	99.17
3	33323059	68.33	CaSNP4367	3	genomic_SNP	99.17
3	33398287	68.33	CaSNP2215	3	genomic_SNP	99.17
3	33613152	68.4	CaSNP4745	3	genomic_SNP	99.17
3	34247468	37.33	CaTSNP7990	3	transcript_SNP	100.0
3	34281185	36.76	CaTSNP6567	3	transcript_SNP	100.0
3	34315685	35.99	CaSNP1980	3	genomic_SNP	99.17
3	34326428	36.76	CaTSNP7652	3	transcript_SNP	100.0
3	34382889	34.48	CaSNP4902	3	genomic_SNP	99.17
3	34434077	36.74	CaTSNP6655	3	transcript_SNP	100.0
3	34499542	35.99	CaSNP2281	3	genomic_SNP	99.17
3	34691672	36.76	CaTSNP7639	3	transcript_SNP	100.0
3	34697829	36.76	CaTSNP6504	3	transcript_SNP	99.11
3	34730089	36.74	CaTSNP8727	3	transcript_SNP	98.97
3	34781006	36.74	CaTSNP6929	3	transcript_SNP	100.0
3	34865649	35.82	CaSNP1999	3	genomic_SNP	99.17
3	34876346	36.74	CaTSNP8067	3	transcript_SNP	100.0
3	34945577	36.76	CaTSNP7568	3	transcript_SNP	100.0
3	34952763	35.81	CaSNP3576	3	genomic_SNP	100.0
3	35210676	36.74	CaTSNP7041	3	transcript_SNP	100.0
3	35221965	36.68	CaTSNP8488	3	transcript_SNP	100.0
3	35233918	36.74	CaTSNP8238	3	transcript_SNP	100.0
3	35294419	36.74	CaTSNP6910	3	transcript_SNP	100.0
3	35298521	36.75	CaTSNP8815	3	transcript_SNP	100.0
3	35350842	36.66	CaTSNP7827	3	transcript_SNP	100.0
3	35491088	36.03	CaTSNP7079	3	transcript_SNP	100.0
3	35565710	36.03	CaTSNP8358	3	transcript_SNP	100.0
3	35606608	35.78	CaTSNP8267	3	transcript_SNP	99.17
3	35659521	35.95	CaTSNP8217	3	transcript_SNP	100.0
3	35659761	35.93	CaTSNP8703	3	transcript_SNP	100.0
3	35672171	35.98	CaTSNP6514	3	transcript_SNP	100.0
3	35779828	36.03	CaTSNP8515	3	transcript_SNP	100.0
3	35946994	35.95	CaTSNP8981	3	transcript_SNP	100.0
3	36049789	35.57	CaTSNP6165	3	transcript_SNP	99.17
3	36134519	35.6	CaTSNP6578	3	transcript_SNP	100.0
3	36154881	35.6	CaTSNP6384	3	transcript_SNP	99.17
3	36200244	35.54	CaTSNP6973	3	transcript_SNP	97.52
3	36229800	35.56	CaTSNP8289	3	transcript_SNP	99.17
3	36245501	35.29	CaTSNP8822	3	transcript_SNP	100.0
3	36259339	35.21	CaSNP5063	3	genomic_SNP	100.0
3	36310708	35.11	CaTSNP7761	3	transcript_SNP	100.0
3	36310708	35.34	CaTSNP7822	3	transcript_SNP	100.0
3	36394119	35.28	CaTSNP6834	3	transcript_SNP	100.0
3	36397507	35.6	CaTSNP6580	3	transcript_SNP	99.16
3	36524967	35.41	CaTSNP6148	3	transcript_SNP	99.17
3	36548818	35.44	CaTSNP9136	3	transcript_SNP	100.0
3	36607879	34.67	CaSNP3289	3	genomic_SNP	100.0
3	36620692	35.06	CaTSNP7245	3	transcript_SNP	100.0
3	36710786	34.88	CaTSNP7800	3	transcript_SNP	100.0
3	36710786	35.12	CaTSNP6021	3	transcript_SNP	100.0
3	36733211	34.51	CaTSNP7883	3	transcript_SNP	100.0
3	36809852	34.51	CaTSNP6876	3	transcript_SNP	100.0
3	36816174	34.49	CaTSNP6658	3	transcript_SNP	100.0
3	36821248	34.46	CaTSNP7951	3	transcript_SNP	100.0
3	37068012	32.05	CaTSNP8345	3	transcript_SNP	100.0
3	37101409	31.96	CaTSNP8581	3	transcript_SNP	100.0
3	37306231	31.72	CaTSNP8064	3	transcript_SNP	98.97
3	37318583	31.6	CaTSNP7504	3	transcript_SNP	100.0
3	37326294	31.61	CaTSNP6717	3	transcript_SNP	100.0
3	37606276	31.31	CaSNP2166	3	genomic_SNP	99.17
3	37636787	31.19	CaSNP2522	3	genomic_SNP	100.0
3	37759615	30.34	CaTSNP9113	3	transcript_SNP	100.0
3	37822326	29.7	CaSNP1926	3	genomic_SNP	100.0
3	37859308	29.89	CaTSNP7301	3	transcript_SNP	100.0
3	37972983	29.7	CaSNP3518	3	genomic_SNP	100.0
3	38019193	29.72	CaTSNP8050	3	transcript_SNP	100.0
3	38019193	29.76	CaTSNP6288	3	transcript_SNP	100.0
3	38020976	29.55	CaSNP3358	3	genomic_SNP	99.17
3	38069576	29.76	CaTSNP7456	3	transcript_SNP	100.0
3	38186146	29.4	CaTSNP7433	3	transcript_SNP	100.0
3	38223435	29.21	CaSNP3076	3	genomic_SNP	100.0
3	38236132	29.37	CaTSNP6184	3	transcript_SNP	100.0
3	38275684	28.65	CaTSNP8191	3	transcript_SNP	100.0
3	38314783	28.65	CaTSNP8777	3	transcript_SNP	100.0
3	38479118	28.38	CaTSNP7493	3	transcript_SNP	99.17
3	38608750	28.07	CaTSNP6037	3	transcript_SNP	100.0
3	38620703	27.91	CaTSNP6392	3	transcript_SNP	100.0
3	38723653	27.19	CaTSNP6815	3	transcript_SNP	100.0
3	38764366	27.19	CaTSNP8330	3	transcript_SNP	100.0
3	38852855	27.21	CaTSNP6958	3	transcript_SNP	100.0
3	38969128	27.68	CaSNP3052	3	genomic_SNP	99.17
3	38986756	27.21	CaTSNP8359	3	transcript_SNP	100.0
3	38994554	27.28	CaSNP3400	3	genomic_SNP	99.17
3	39065480	26.69	CaTSNP7672	3	transcript_SNP	100.0
3	39095025	26.3	CaTSNP7546	3	transcript_SNP	100.0
3	39201568	23.4	CaSNP2042	3	genomic_SNP	99.17
3	39242332	22.79	CaTSNP8104	3	transcript_SNP	100.0
3	39242524	22.79	CaTSNP8002	3	transcript_SNP	100.0
3	39352622	22.77	CaTSNP6601	3	transcript_SNP	100.0
3	39472421	22.65	CaTSNP7207	3	transcript_SNP	100.0
3	39556535	21.49	CaTSNP6635	3	transcript_SNP	100.0
3	39620262	19.15	CaTSNP8584	3	transcript_SNP	100.0
3	39631016	19.15	CaTSNP7519	3	transcript_SNP	99.17
3	39673380	18.81	CaTSNP8442	3	transcript_SNP	100.0
3	39728462	18.95	CaTSNP8602	3	transcript_SNP	99.17
3	39787445	19.17	CaTSNP7859	3	transcript_SNP	99.17
3	39788712	19.34	CaTSNP8574	3	transcript_SNP	99.17
3	39837703	19.53	CaSNP3391	3	genomic_SNP	100.0
3	39959163	19.6	CaSNP3004	3	genomic_SNP	100.0
4	154596	106.5	CaTSNP7354	4	transcript_SNP	100.0
4	215898	106.7	CaTSNP8303	4	transcript_SNP	100.0
4	228459	106.7	CaTSNP6062	4	transcript_SNP	99.17
4	318622	105.8	CaSNP2889	4	genomic_SNP	100.0
4	397134	106.3	CaTSNP6728	4	transcript_SNP	99.17
4	409619	106.6	CaTSNP8381	4	transcript_SNP	100.0
4	462477	107.1	CaTSNP7003	4	transcript_SNP	99.17
4	555642	107.2	CaTSNP6970	4	transcript_SNP	100.0
4	579380	107.1	CaTSNP7381	4	transcript_SNP	100.0
4	769701	107.3	CaTSNP8656	4	transcript_SNP	100.0
4	827630	107.3	CaTSNP6023	4	transcript_SNP	99.17
4	967507	107.8	CaTSNP8032	4	transcript_SNP	100.0
4	1051828	107.8	CaTSNP7075	4	transcript_SNP	100.0
4	1061092	107.8	CaTSNP8567	4	transcript_SNP	100.0
4	1168064	108.1	CaTSNP7007	4	transcript_SNP	100.0
4	1179436	108.1	CaTSNP7460	4	transcript_SNP	100.0
4	1187367	108.1	CaTSNP8913	4	transcript_SNP	100.0
4	1195339	106.1	CaSNP3386	4	genomic_SNP	100.0
4	1210301	108.1	CaTSNP6105	4	transcript_SNP	99.17
4	1252113	106.2	CaSNP2709	4	genomic_SNP	100.0
4	1475171	108.4	CaTSNP8589	4	transcript_SNP	100.0
4	1515783	106.1	CaSNP2598	4	genomic_SNP	99.17
4	1562589	108.4	CaTSNP8803	4	transcript_SNP	100.0
4	1571374	108.4	CaTSNP8098	4	transcript_SNP	100.0
4	1742468	106.1	CaSNP1931	4	genomic_SNP	99.17
4	1828221	108.5	CaTSNP8263	4	transcript_SNP	99.17
4	1867228	108.5	CaTSNP8492	4	transcript_SNP	98.35
4	1869648	108.4	CaTSNP8265	4	transcript_SNP	100.0
4	1982746	108.8	CaTSNP8976	4	transcript_SNP	100.0
4	2108702	108.8	CaTSNP8743	4	transcript_SNP	100.0
4	2242391	108.9	CaTSNP9046	4	transcript_SNP	99.17
4	2313969	108.9	CaTSNP6199	4	transcript_SNP	99.17
4	2325875	105.7	CaSNP3827	4	genomic_SNP	100.0
4	2467686	108.9	CaTSNP9021	4	transcript_SNP	100.0
4	2490689	108.9	CaTSNP6334	4	transcript_SNP	100.0
4	2655392	109.5	CaTSNP6052	4	transcript_SNP	100.0
4	2977760	105.9	CaSNP2994	4	genomic_SNP	99.17
4	2992305	109.8	CaTSNP8747	4	transcript_SNP	100.0
4	3149440	110.5	CaTSNP7587	4	transcript_SNP	100.0
4	3168974	110.5	CaTSNP8700	4	transcript_SNP	99.17
4	3243118	111.2	CaTSNP7056	4	transcript_SNP	100.0
4	3368202	111.6	CaTSNP7191	4	transcript_SNP	99.17
4	3390694	111.6	CaTSNP7632	4	transcript_SNP	99.17
4	3481185	112.5	CaTSNP7039	4	transcript_SNP	100.0
4	3537370	112.5	CaTSNP7879	4	transcript_SNP	98.21
4	3616197	114.3	CaSNP5054	4	genomic_SNP	99.17
4	3696439	112.8	CaTSNP7670	4	transcript_SNP	100.0
4	3722522	113.5	CaTSNP7202	4	transcript_SNP	100.0
4	3731725	113.5	CaTSNP8074	4	transcript_SNP	100.0
4	3794957	114.4	CaSNP1941	4	genomic_SNP	100.0
4	3900514	113.5	CaTSNP7796	4	transcript_SNP	100.0
4	4047443	114.4	CaSNP5130	4	genomic_SNP	99.17
4	4108228	113.5	CaTSNP8837	4	transcript_SNP	99.12
4	4202148	114.7	CaSNP3726	4	genomic_SNP	100.0
4	4328127	114.6	CaSNP2328	4	genomic_SNP	100.0
4	4389081	113.7	CaTSNP9082	4	transcript_SNP	100.0
4	4430777	113.6	CaTSNP8084	4	transcript_SNP	100.0
4	4535625	113.5	CaTSNP6224	4	transcript_SNP	100.0
4	4604126	113.6	CaTSNP7096	4	transcript_SNP	100.0
4	4610318	113.6	CaTSNP7732	4	transcript_SNP	100.0
4	4617214	113.6	CaTSNP8999	4	transcript_SNP	100.0
4	4661247	113.6	CaTSNP6682	4	transcript_SNP	99.17
4	4855792	113.6	CaTSNP7250	4	transcript_SNP	99.17
4	5016142	113.6	CaTSNP7476	4	transcript_SNP	100.0
4	5022113	113.6	CaTSNP6300	4	transcript_SNP	100.0
4	5056451	113.6	CaTSNP6678	4	transcript_SNP	100.0
4	5262226	115.9	CaTSNP6295	4	transcript_SNP	100.0
4	5340765	115.8	CaSNP2164	4	genomic_SNP	99.17
4	5449825	116.3	CaTSNP8290	4	transcript_SNP	100.0
4	5476205	115.9	CaSNP4055	4	genomic_SNP	99.17
4	5527842	116.3	CaTSNP8586	4	transcript_SNP	99.17
4	5560520	116.6	CaTSNP8247	4	transcript_SNP	100.0
4	5652497	116.9	CaTSNP7109	4	transcript_SNP	100.0
4	5829098	117.6	CaTSNP6526	4	transcript_SNP	99.1
4	5932669	117.9	CaTSNP7823	4	transcript_SNP	99.17
4	6040483	118.1	CaTSNP6570	4	transcript_SNP	100.0
4	6165373	118.1	CaTSNP6609	4	transcript_SNP	99.17
4	6250975	118.1	CaTSNP7661	4	transcript_SNP	100.0
4	6328769	118.1	CaTSNP8729	4	transcript_SNP	100.0
4	6460593	118.5	CaTSNP7221	4	transcript_SNP	100.0
4	6593058	118.5	CaTSNP6564	4	transcript_SNP	100.0
4	6621198	118.5	CaTSNP7731	4	transcript_SNP	100.0
4	6630089	118.5	CaTSNP7290	4	transcript_SNP	99.17
4	6715326	118.6	CaTSNP6659	4	transcript_SNP	100.0
4	6720716	118.6	CaTSNP8968	4	transcript_SNP	98.98
4	6727702	121.6	CaSNP1922	4	genomic_SNP	100.0
4	6743238	118.6	CaTSNP6583	4	transcript_SNP	100.0
4	6793060	118.8	CaTSNP8270	4	transcript_SNP	100.0
4	6851228	118.7	CaTSNP6312	4	transcript_SNP	100.0
4	6884715	118.7	CaTSNP6802	4	transcript_SNP	100.0
4	6941899	118.7	CaTSNP6301	4	transcript_SNP	99.17
4	6941899	118.8	CaTSNP7804	4	transcript_SNP	100.0
4	6955006	120.6	CaSNP5082	4	genomic_SNP	99.17
4	7069390	118.8	CaTSNP8548	4	transcript_SNP	100.0
4	7202266	118.9	CaTSNP7783	4	transcript_SNP	100.0
4	7342682	118.9	CaTSNP8276	4	transcript_SNP	99.04
4	7392410	118.7	CaTSNP7933	4	transcript_SNP	100.0
4	7418678	118.7	CaTSNP6139	4	transcript_SNP	100.0
4	7440484	120.5	CaSNP3928	4	genomic_SNP	99.17
4	7492319	120.4	CaSNP4501	4	genomic_SNP	99.17
4	7521027	120.5	CaSNP3453	4	genomic_SNP	99.17
4	7529170	118.9	CaTSNP8783	4	transcript_SNP	99.06
4	7615542	120.8	CaSNP2342	4	genomic_SNP	99.17
4	7698727	118.9	CaTSNP7987	4	transcript_SNP	100.0
4	7781931	118.8	CaTSNP8235	4	transcript_SNP	100.0
4	7799445	118.9	CaTSNP7495	4	transcript_SNP	100.0
4	7866134	118.8	CaTSNP7619	4	transcript_SNP	100.0
4	7918893	118.9	CaTSNP7450	4	transcript_SNP	100.0
4	7960768	118.7	CaTSNP6107	4	transcript_SNP	98.04
4	8025609	118.7	CaTSNP9152	4	transcript_SNP	100.0
4	8067620	118.8	CaTSNP7311	4	transcript_SNP	99.17
4	8082112	118.7	CaTSNP8605	4	transcript_SNP	100.0
4	8127528	118.6	CaTSNP8520	4	transcript_SNP	100.0
4	8149106	118.7	CaTSNP6218	4	transcript_SNP	99.17
4	8299239	118.6	CaTSNP7436	4	transcript_SNP	99.17
4	8306799	118.6	CaTSNP6808	4	transcript_SNP	99.17
4	8349804	118.6	CaTSNP7425	4	transcript_SNP	99.17
4	8512666	118.6	CaTSNP7832	4	transcript_SNP	99.17
4	8703213	118.6	CaTSNP7449	4	transcript_SNP	100.0
4	8805116	119.6	CaSNP1945	4	genomic_SNP	99.17
4	8874787	118.6	CaTSNP8149	4	transcript_SNP	100.0
4	8955380	118.8	CaTSNP7430	4	transcript_SNP	100.0
4	8993921	118.8	CaTSNP6671	4	transcript_SNP	100.0
4	9121372	118.3	CaTSNP7551	4	transcript_SNP	99.03
4	9144226	120.1	CaSNP2404	4	genomic_SNP	99.17
4	9194386	118.8	CaTSNP6888	4	transcript_SNP	100.0
4	9291162	118.5	CaTSNP7348	4	transcript_SNP	100.0
4	9402324	118.2	CaTSNP6718	4	transcript_SNP	99.11
4	9429927	117.7	CaSNP3670	4	genomic_SNP	99.17
4	9514882	118.3	CaTSNP7516	4	transcript_SNP	100.0
4	9583880	117.3	CaTSNP8249	4	transcript_SNP	100.0
4	9622320	117.7	CaSNP1935	4	genomic_SNP	100.0
4	9666335	117.6	CaSNP2429	4	genomic_SNP	100.0
4	9672617	117.3	CaTSNP7278	4	transcript_SNP	100.0
4	9742064	117.6	CaTSNP6887	4	transcript_SNP	100.0
4	9920305	117.3	CaTSNP7148	4	transcript_SNP	99.17
4	9978339	116.8	CaSNP2806	4	genomic_SNP	99.17
4	10079426	108.2	CaTSNP6481	4	transcript_SNP	100.0
4	10099553	108.2	CaTSNP8186	4	transcript_SNP	100.0
4	10182266	108.2	CaTSNP6499	4	transcript_SNP	100.0
4	10236372	107.3	CaSNP3018	4	genomic_SNP	99.17
4	10361694	108.2	CaTSNP6016	4	transcript_SNP	100.0
4	10366376	108.2	CaTSNP8392	4	transcript_SNP	100.0
4	10547295	106.5	CaSNP2240	4	genomic_SNP	100.0
4	10553223	107.6	CaTSNP7701	4	transcript_SNP	100.0
4	10727304	106.1	CaSNP4079	4	genomic_SNP	100.0
4	10747423	107.5	CaTSNP6131	4	transcript_SNP	100.0
4	10747423	107.6	CaTSNP7868	4	transcript_SNP	100.0
4	10832420	107.6	CaTSNP6639	4	transcript_SNP	100.0
4	10848397	106.6	CaSNP2176	4	genomic_SNP	100.0
4	10893209	107.5	CaTSNP6187	4	transcript_SNP	100.0
4	10906852	106.4	CaSNP2065	4	genomic_SNP	100.0
4	11040400	107.5	CaTSNP7227	4	transcript_SNP	100.0
4	11053295	107.5	CaTSNP8042	4	transcript_SNP	100.0
4	11092306	106.4	CaSNP2534	4	genomic_SNP	99.17
4	11113064	107.6	CaTSNP7252	4	transcript_SNP	100.0
4	11233316	107.5	CaTSNP6466	4	transcript_SNP	99.11
4	11284856	107.5	CaTSNP8941	4	transcript_SNP	100.0
4	11285766	107.6	CaTSNP7781	4	transcript_SNP	99.02
4	11309479	107.5	CaTSNP6420	4	transcript_SNP	100.0
4	11386180	107.6	CaTSNP7945	4	transcript_SNP	100.0
4	11572454	106.4	CaSNP3607	4	genomic_SNP	100.0
4	11589864	106.4	CaSNP3341	4	genomic_SNP	100.0
4	11628123	107.5	CaTSNP8214	4	transcript_SNP	100.0
4	11645018	107.4	CaTSNP7882	4	transcript_SNP	100.0
4	11724029	107.4	CaTSNP8572	4	transcript_SNP	100.0
4	11746078	107.4	CaTSNP6919	4	transcript_SNP	100.0
4	11857563	107.4	CaTSNP7200	4	transcript_SNP	100.0
4	11966764	107.6	CaTSNP9108	4	transcript_SNP	100.0
4	12175417	107.1	CaTSNP7235	4	transcript_SNP	100.0
4	12237490	107.1	CaTSNP7142	4	transcript_SNP	99.17
4	12275096	105.3	CaSNP2380	4	genomic_SNP	99.17
4	12286134	105.1	CaSNP4816	4	genomic_SNP	98.36
4	12329402	107.1	CaTSNP8250	4	transcript_SNP	100.0
4	12360762	105.4	CaSNP3103	4	genomic_SNP	100.0
4	12435365	107.8	CaTSNP8731	4	transcript_SNP	100.0
4	12449342	105.3	CaSNP4534	4	genomic_SNP	99.17
4	12498456	107.5	CaTSNP8920	4	transcript_SNP	99.17
4	12526606	67.3	CaTSNP8071	4	transcript_SNP	99.17
4	12556174	67.3	CaTSNP6819	4	transcript_SNP	99.17
4	12569220	66.59	CaTSNP7925	4	transcript_SNP	99.17
4	12595497	107.5	CaTSNP9156	4	transcript_SNP	99.17
4	12780410	107.8	CaTSNP6557	4	transcript_SNP	99.17
4	12857073	107.8	CaTSNP8264	4	transcript_SNP	100.0
4	12870073	107.8	CaTSNP7907	4	transcript_SNP	100.0
4	13035842	105.2	CaSNP4609	4	genomic_SNP	99.17
4	13062972	107.8	CaTSNP6710	4	transcript_SNP	100.0
4	13100807	107.8	CaTSNP6069	4	transcript_SNP	100.0
4	13310986	107.9	CaTSNP7560	4	transcript_SNP	99.17
4	13319010	107.9	CaTSNP6473	4	transcript_SNP	99.17
4	13485315	107.8	CaTSNP8858	4	transcript_SNP	100.0
4	13584145	107.6	CaTSNP8791	4	transcript_SNP	100.0
4	13722346	107.6	CaTSNP6676	4	transcript_SNP	100.0
4	13958970	108.1	CaTSNP7022	4	transcript_SNP	100.0
4	13961897	108.2	CaTSNP7183	4	transcript_SNP	100.0
4	14031726	108.1	CaTSNP7078	4	transcript_SNP	100.0
4	14060460	108.1	CaTSNP7195	4	transcript_SNP	100.0
4	14202365	108.1	CaTSNP6046	4	transcript_SNP	100.0
4	14253463	105.4	CaSNP4038	4	genomic_SNP	99.17
4	14304250	105.1	CaSNP4344	4	genomic_SNP	100.0
4	14427632	108.2	CaTSNP6901	4	transcript_SNP	100.0
4	14438187	108.2	CaTSNP6383	4	transcript_SNP	100.0
4	14606547	108.2	CaTSNP7090	4	transcript_SNP	100.0
4	14628074	108.5	CaTSNP7198	4	transcript_SNP	100.0
4	14681451	108.4	CaTSNP6402	4	transcript_SNP	99.17
4	14721836	108.6	CaTSNP6529	4	transcript_SNP	100.0
4	14804927	108.4	CaTSNP8535	4	transcript_SNP	100.0
4	14829787	108.4	CaTSNP7035	4	transcript_SNP	99.17
4	14883792	108.4	CaTSNP8868	4	transcript_SNP	99.17
4	14889251	104.8	CaSNP3210	4	genomic_SNP	100.0
4	14890302	108.5	CaTSNP7103	4	transcript_SNP	98.33
4	14899580	108.5	CaTSNP8792	4	transcript_SNP	99.17
4	14947819	108.1	CaTSNP6343	4	transcript_SNP	100.0
4	15007201	108.1	CaTSNP7585	4	transcript_SNP	100.0
4	15024229	104.7	CaSNP2879	4	genomic_SNP	99.17
4	15063279	104.2	CaSNP4054	4	genomic_SNP	100.0
4	15112579	104.3	CaSNP4258	4	genomic_SNP	100.0
4	15185417	115.2	CaSNP4089	4	genomic_SNP	100.0
4	15191892	107.9	CaTSNP6305	4	transcript_SNP	100.0
4	15204278	107.9	CaTSNP7584	4	transcript_SNP	100.0
4	15211908	104.4	CaSNP3953	4	genomic_SNP	100.0
4	15297000	104.3	CaSNP2384	4	genomic_SNP	99.17
4	15353879	107.9	CaTSNP8840	4	transcript_SNP	100.0
4	15358389	107.8	CaTSNP6358	4	transcript_SNP	99.17
4	15358389	107.9	CaTSNP6968	4	transcript_SNP	100.0
4	15364523	107.9	CaTSNP6363	4	transcript_SNP	99.17
4	15364523	107.9	CaTSNP8746	4	transcript_SNP	99.17
4	15370598	104.3	CaSNP2714	4	genomic_SNP	99.17
4	15403073	107.9	CaTSNP7025	4	transcript_SNP	100.0
4	15463092	107.9	CaTSNP7908	4	transcript_SNP	100.0
4	15472838	104.3	CaSNP2436	4	genomic_SNP	100.0
4	15473497	107.8	CaTSNP6820	4	transcript_SNP	100.0
4	15585871	104.2	CaSNP3029	4	genomic_SNP	99.17
4	15695738	104.2	CaTSNP6439	4	transcript_SNP	100.0
4	15703070	103.6	CaSNP2527	4	genomic_SNP	99.17
4	15771060	103.6	CaSNP3771	4	genomic_SNP	98.36
4	15858004	103.4	CaSNP2600	4	genomic_SNP	98.36
4	15900376	104.1	CaTSNP6002	4	transcript_SNP	100.0
4	15939730	104.2	CaTSNP6634	4	transcript_SNP	98.35
4	16029358	103.5	CaSNP2184	4	genomic_SNP	100.0
4	16211037	102.8	CaSNP2930	4	genomic_SNP	99.17
4	16215775	103.5	CaTSNP7635	4	transcript_SNP	100.0
4	16261817	102.9	CaSNP3753	4	genomic_SNP	99.17
4	16316377	102.6	CaSNP2845	4	genomic_SNP	100.0
4	16429206	103.3	CaTSNP6261	4	transcript_SNP	99.17
4	16443815	102.6	CaSNP2458	4	genomic_SNP	100.0
4	16446961	103.3	CaTSNP8414	4	transcript_SNP	100.0
4	16461950	103.4	CaTSNP7260	4	transcript_SNP	100.0
4	16469251	103.4	CaTSNP6058	4	transcript_SNP	100.0
4	16511309	103.4	CaTSNP8677	4	transcript_SNP	100.0
4	16624156	103.4	CaTSNP8319	4	transcript_SNP	99.17
4	16757837	100.1	CaSNP4461	4	genomic_SNP	99.17
4	16765705	101.4	CaTSNP7141	4	transcript_SNP	100.0
4	16773022	101.5	CaTSNP8227	4	transcript_SNP	100.0
4	16809411	101.5	CaTSNP6807	4	transcript_SNP	100.0
4	16849862	100.9	CaTSNP6849	4	transcript_SNP	100.0
4	16895142	99.42	CaSNP2472	4	genomic_SNP	100.0
4	16997364	99.32	CaSNP2129	4	genomic_SNP	100.0
4	17004363	101.1	CaTSNP7448	4	transcript_SNP	97.52
4	17040415	101.1	CaTSNP8391	4	transcript_SNP	100.0
4	17191562	100.9	CaTSNP6453	4	transcript_SNP	99.17
4	17237249	100.9	CaTSNP6289	4	transcript_SNP	100.0
4	17270326	99.69	CaTSNP9079	4	transcript_SNP	99.08
4	17319935	99.66	CaTSNP8895	4	transcript_SNP	100.0
4	17343722	99.75	CaTSNP6872	4	transcript_SNP	99.17
4	17363378	98.06	CaSNP2925	4	genomic_SNP	99.17
4	17427412	99.69	CaTSNP6134	4	transcript_SNP	98.35
4	17472799	99.62	CaTSNP8438	4	transcript_SNP	100.0
4	17612136	99.62	CaTSNP9037	4	transcript_SNP	100.0
4	17639530	99.62	CaTSNP6136	4	transcript_SNP	100.0
4	17639747	99.69	CaTSNP6135	4	transcript_SNP	99.17
4	17641902	98.63	CaSNP2178	4	genomic_SNP	98.35
4	17718997	99.76	CaTSNP6185	4	transcript_SNP	100.0
4	17967438	98.42	CaTSNP7638	4	transcript_SNP	100.0
4	17995380	94.65	CaSNP2440	4	genomic_SNP	100.0
4	18078529	97.8	CaTSNP8824	4	transcript_SNP	100.0
4	18082161	94.55	CaSNP2634	4	genomic_SNP	99.17
4	18123052	97.95	CaTSNP6399	4	transcript_SNP	99.17
4	18128054	97.64	CaTSNP8288	4	transcript_SNP	99.17
4	18207457	97.8	CaTSNP7509	4	transcript_SNP	100.0
4	18216382	94.61	CaSNP2287	4	genomic_SNP	100.0
4	18462231	94.52	CaSNP3649	4	genomic_SNP	99.17
4	18494373	97.96	CaTSNP8891	4	transcript_SNP	100.0
4	18504255	97.84	CaTSNP8284	4	transcript_SNP	100.0
4	18544914	97.64	CaTSNP6979	4	transcript_SNP	100.0
4	18550605	97.97	CaTSNP6893	4	transcript_SNP	99.17
4	18725527	94.61	CaSNP5007	4	genomic_SNP	99.17
4	18755126	94.53	CaSNP2489	4	genomic_SNP	99.17
4	18882449	97.93	CaTSNP8037	4	transcript_SNP	100.0
4	18904053	97.95	CaTSNP8145	4	transcript_SNP	100.0
4	18904240	97.8	CaTSNP8367	4	transcript_SNP	99.17
4	18943490	97.87	CaTSNP8460	4	transcript_SNP	99.17
4	18945960	94.49	CaSNP2952	4	genomic_SNP	99.17
4	18999985	97.82	CaTSNP8755	4	transcript_SNP	99.17
4	19025571	94.55	CaSNP4218	4	genomic_SNP	99.17
4	19195473	97.66	CaTSNP6764	4	transcript_SNP	100.0
4	19230759	94.79	CaSNP4631	4	genomic_SNP	99.17
4	19261278	97.82	CaTSNP6537	4	transcript_SNP	100.0
4	19283625	94.51	CaSNP2454	4	genomic_SNP	100.0
4	19387124	94.41	CaSNP4761	4	genomic_SNP	99.17
4	19531134	94.6	CaSNP2080	4	genomic_SNP	99.17
4	19551809	96.99	CaTSNP8880	4	transcript_SNP	100.0
4	19583588	97.15	CaTSNP8451	4	transcript_SNP	100.0
4	19590707	97.18	CaTSNP6101	4	transcript_SNP	100.0
4	19655104	94.16	CaSNP1964	4	genomic_SNP	99.17
4	19946896	94.21	CaSNP2045	4	genomic_SNP	99.17
4	19974420	94.16	CaSNP4647	4	genomic_SNP	99.17
4	20041437	94.27	CaSNP3231	4	genomic_SNP	100.0
4	20094273	94.15	CaSNP2623	4	genomic_SNP	99.17
4	20223032	96.98	CaTSNP6832	4	transcript_SNP	100.0
4	20309151	96.59	CaTSNP7862	4	transcript_SNP	100.0
4	20309565	96.55	CaTSNP8048	4	transcript_SNP	100.0
4	20310322	96.38	CaTSNP7751	4	transcript_SNP	100.0
4	20310322	96.58	CaTSNP6030	4	transcript_SNP	100.0
4	20310322	96.58	CaTSNP6031	4	transcript_SNP	99.17
4	20349469	96.36	CaTSNP6551	4	transcript_SNP	100.0
4	20373799	96.8	CaTSNP9059	4	transcript_SNP	100.0
4	20609846	94.35	CaSNP3659	4	genomic_SNP	99.17
4	20619830	96.36	CaTSNP6328	4	transcript_SNP	100.0
4	20677534	94.4	CaSNP3739	4	genomic_SNP	100.0
4	20708063	94.44	CaSNP4715	4	genomic_SNP	99.17
4	20877061	94.09	CaSNP2140	4	genomic_SNP	100.0
4	21087543	94.33	CaSNP4560	4	genomic_SNP	99.17
4	21138561	94.35	CaSNP2237	4	genomic_SNP	97.56
4	21696164	96.36	CaTSNP6599	4	transcript_SNP	100.0
4	21760964	94.39	CaSNP2863	4	genomic_SNP	100.0
4	21882347	96.58	CaTSNP8620	4	transcript_SNP	100.0
4	21895323	94.37	CaSNP5023	4	genomic_SNP	99.17
4	22040302	94.4	CaSNP2374	4	genomic_SNP	100.0
4	22102456	94.35	CaSNP2344	4	genomic_SNP	100.0
4	22184014	94.06	CaSNP3434	4	genomic_SNP	100.0
4	22310664	94.36	CaSNP2119	4	genomic_SNP	100.0
4	22733134	94.02	CaSNP4292	4	genomic_SNP	99.17
4	22764141	94.38	CaSNP4510	4	genomic_SNP	100.0
4	22861207	94.04	CaSNP2125	4	genomic_SNP	100.0
4	22900987	94.03	CaSNP3663	4	genomic_SNP	98.35
4	22960087	94.04	CaSNP2675	4	genomic_SNP	99.17
4	23051725	94.04	CaSNP2500	4	genomic_SNP	99.17
4	23053878	96.25	CaTSNP6231	4	transcript_SNP	99.17
4	23064947	96.74	CaTSNP7491	4	transcript_SNP	100.0
4	23169209	94.35	CaSNP3936	4	genomic_SNP	99.17
4	23454386	94.04	CaSNP2984	4	genomic_SNP	100.0
4	23588604	94.36	CaSNP3079	4	genomic_SNP	100.0
4	23644754	94.42	CaSNP3862	4	genomic_SNP	100.0
4	23676359	96.35	CaTSNP7989	4	transcript_SNP	100.0
4	23681318	94.42	CaSNP3398	4	genomic_SNP	100.0
4	23920600	94.39	CaSNP1952	4	genomic_SNP	99.17
4	24054131	96.13	CaTSNP8527	4	transcript_SNP	99.15
4	24090493	94.35	CaSNP3673	4	genomic_SNP	99.17
4	24119185	94.37	CaSNP3097	4	genomic_SNP	99.17
4	24224227	94.33	CaSNP4425	4	genomic_SNP	100.0
4	24406457	94.78	CaSNP2641	4	genomic_SNP	100.0
4	24645101	94.37	CaSNP4150	4	genomic_SNP	99.17
4	24747896	94.37	CaSNP2749	4	genomic_SNP	100.0
4	25221802	94.02	CaSNP3880	4	genomic_SNP	100.0
4	25251179	96.36	CaTSNP8399	4	transcript_SNP	99.17
4	25252272	94.1	CaSNP4481	4	genomic_SNP	99.17
4	25389453	94.02	CaSNP4696	4	genomic_SNP	98.35
4	25533991	93.87	CaSNP2960	4	genomic_SNP	100.0
4	25654449	94.03	CaSNP2332	4	genomic_SNP	100.0
4	25881017	94.02	CaSNP4103	4	genomic_SNP	99.17
4	26033409	94.37	CaSNP5138	4	genomic_SNP	99.17
4	26082648	94.37	CaSNP5009	4	genomic_SNP	99.17
4	26107537	94.38	CaSNP3232	4	genomic_SNP	100.0
4	26230515	94.37	CaSNP4108	4	genomic_SNP	98.35
4	26343138	96.5	CaTSNP7524	4	transcript_SNP	99.16
4	26373014	94.03	CaSNP3978	4	genomic_SNP	99.17
4	26415326	96.45	CaTSNP6858	4	transcript_SNP	99.17
4	26521806	94.38	CaSNP2702	4	genomic_SNP	100.0
4	26648412	94.37	CaSNP3635	4	genomic_SNP	99.17
4	26939571	94.04	CaSNP2432	4	genomic_SNP	99.17
4	26968010	96.22	CaTSNP6897	4	transcript_SNP	99.17
4	27123653	96.45	CaTSNP9120	4	transcript_SNP	99.17
4	27182900	94.38	CaSNP2482	4	genomic_SNP	100.0
4	27369708	94.41	CaSNP4679	4	genomic_SNP	97.52
4	27778848	94.41	CaSNP2599	4	genomic_SNP	100.0
4	27870537	94.38	CaSNP4356	4	genomic_SNP	98.37
4	27971515	94.04	CaSNP3177	4	genomic_SNP	99.17
4	28300265	94.37	CaSNP3425	4	genomic_SNP	100.0
4	28355549	94.41	CaSNP2981	4	genomic_SNP	99.17
4	28420026	94.42	CaSNP3666	4	genomic_SNP	99.17
4	28510166	94.03	CaSNP3579	4	genomic_SNP	100.0
4	28792125	94.37	CaSNP4971	4	genomic_SNP	99.17
4	28858562	96.36	CaTSNP6738	4	transcript_SNP	100.0
4	28960344	93.89	CaSNP3693	4	genomic_SNP	99.17
4	29068212	94.36	CaSNP2401	4	genomic_SNP	100.0
4	29190153	94.69	CaSNP4352	4	genomic_SNP	99.17
4	29268951	94.04	CaSNP3449	4	genomic_SNP	99.11
4	29331720	94.16	CaSNP4422	4	genomic_SNP	99.18
4	29521489	94.04	CaSNP3184	4	genomic_SNP	99.17
4	29625493	94.1	CaSNP2574	4	genomic_SNP	99.16
4	29645474	95.84	CaTSNP8696	4	transcript_SNP	99.17
4	29697363	94.37	CaSNP4141	4	genomic_SNP	99.17
4	29749793	94.37	CaSNP4697	4	genomic_SNP	100.0
4	29780147	94.08	CaSNP3951	4	genomic_SNP	100.0
4	29943697	94.03	CaSNP5092	4	genomic_SNP	99.17
4	29960366	94.26	CaSNP4660	4	genomic_SNP	99.17
4	30105196	96.66	CaTSNP6421	4	transcript_SNP	99.17
4	30192351	94.38	CaSNP4478	4	genomic_SNP	99.17
4	30328416	94.1	CaSNP2231	4	genomic_SNP	98.33
4	30403577	94.36	CaSNP4686	4	genomic_SNP	100.0
4	30543240	94.41	CaSNP5072	4	genomic_SNP	98.35
4	30652762	94.04	CaSNP3380	4	genomic_SNP	98.35
4	31012470	94.02	CaSNP3854	4	genomic_SNP	95.87
4	31604384	94.38	CaSNP2147	4	genomic_SNP	99.17
4	31734364	93.04	CaSNP3655	4	genomic_SNP	98.35
4	31892775	92.85	CaSNP2195	4	genomic_SNP	98.35
4	31940388	92.8	CaSNP4624	4	genomic_SNP	99.17
4	32068567	92.78	CaSNP2107	4	genomic_SNP	99.17
4	32219011	92.63	CaSNP2138	4	genomic_SNP	95.87
4	32249027	93.17	CaTSNP7880	4	transcript_SNP	98.35
4	32249892	92.84	CaSNP3923	4	genomic_SNP	100.0
4	32391124	93.2	CaTSNP8991	4	transcript_SNP	98.29
4	32534249	92.28	CaSNP4019	4	genomic_SNP	98.35
4	32628247	92.88	CaSNP4947	4	genomic_SNP	99.17
4	32682175	92.8	CaSNP3408	4	genomic_SNP	98.35
4	32779717	92.76	CaSNP3904	4	genomic_SNP	99.17
4	32842655	92.84	CaSNP4245	4	genomic_SNP	99.17
4	33055851	94.03	CaSNP5081	4	genomic_SNP	99.17
4	33151616	94.08	CaSNP3531	4	genomic_SNP	100.0
4	33220522	96.66	CaTSNP9133	4	transcript_SNP	100.0
4	33318537	94.03	CaSNP2997	4	genomic_SNP	99.17
4	33332114	94.37	CaSNP4136	4	genomic_SNP	99.17
4	33393545	94.03	CaSNP2199	4	genomic_SNP	100.0
4	34064390	94.7	CaSNP3559	4	genomic_SNP	99.17
4	34375718	94.37	CaSNP3129	4	genomic_SNP	100.0
4	34419301	94.26	CaSNP3256	4	genomic_SNP	99.17
4	34481205	94.04	CaSNP2690	4	genomic_SNP	100.0
4	34743788	96.8	CaTSNP7555	4	transcript_SNP	100.0
4	35045650	92.41	CaSNP2771	4	genomic_SNP	100.0
4	35065268	93.12	CaTSNP7362	4	transcript_SNP	100.0
4	35128877	92.4	CaSNP4682	4	genomic_SNP	99.17
4	35395287	92.77	CaSNP3306	4	genomic_SNP	99.17
4	35521181	92.8	CaSNP4659	4	genomic_SNP	100.0
4	35719216	91.85	CaSNP4093	4	genomic_SNP	99.17
4	35764494	90.07	CaSNP2615	4	genomic_SNP	98.35
4	36754542	90.36	CaSNP4826	4	genomic_SNP	99.17
4	36830862	91.44	CaTSNP6234	4	transcript_SNP	100.0
4	36847646	90.89	CaSNP2152	4	genomic_SNP	99.17
4	36886834	90.93	CaSNP4043	4	genomic_SNP	99.17
4	37096087	92.49	CaTSNP6045	4	transcript_SNP	99.17
4	37104198	91.5	CaSNP3033	4	genomic_SNP	97.52
4	37152765	91.34	CaTSNP6191	4	transcript_SNP	100.0
4	37286498	72.49	CaSNP4339	4	genomic_SNP	97.52
4	37326910	89.6	CaSNP3786	4	genomic_SNP	100.0
4	37365020	91.25	CaTSNP7944	4	transcript_SNP	99.17
4	37365703	89.69	CaSNP2134	4	genomic_SNP	100.0
4	37418734	91.34	CaTSNP6109	4	transcript_SNP	99.17
4	37550010	89.13	CaSNP4186	4	genomic_SNP	98.35
4	37578772	89.4	CaSNP2697	4	genomic_SNP	100.0
4	37712108	90.81	CaTSNP7663	4	transcript_SNP	98.08
4	37731887	89.09	CaSNP3799	4	genomic_SNP	99.17
4	37936355	90.87	CaTSNP8109	4	transcript_SNP	100.0
4	38035473	89.38	CaSNP2555	4	genomic_SNP	100.0
4	38159348	90.82	CaTSNP7552	4	transcript_SNP	100.0
4	38184529	89.42	CaSNP2006	4	genomic_SNP	100.0
4	38302326	90.35	CaTSNP6431	4	transcript_SNP	100.0
4	38359109	88.47	CaSNP5114	4	genomic_SNP	99.17
4	38515080	86.54	CaSNP2278	4	genomic_SNP	98.35
4	38591985	86.78	CaSNP3492	4	genomic_SNP	100.0
4	38679509	86.78	CaSNP1956	4	genomic_SNP	99.17
4	38879966	86.17	CaSNP3226	4	genomic_SNP	98.35
4	39036275	86.43	CaSNP2040	4	genomic_SNP	98.35
4	39048316	88.79	CaTSNP6810	4	transcript_SNP	100.0
4	39239304	87.51	CaSNP3189	4	genomic_SNP	100.0
4	39702894	87.55	CaSNP3405	4	genomic_SNP	100.0
4	39714707	87.71	CaTSNP6075	4	transcript_SNP	100.0
4	39743621	87.55	CaSNP3338	4	genomic_SNP	100.0
4	39803992	87.41	CaSNP2068	4	genomic_SNP	100.0
4	39943278	82.66	CaSNP2773	4	genomic_SNP	99.17
4	40002306	87.55	CaSNP4085	4	genomic_SNP	98.36
4	40246687	87.4	CaTSNP8321	4	transcript_SNP	100.0
4	40272569	87.27	CaSNP3390	4	genomic_SNP	100.0
4	40311741	87.06	CaSNP4694	4	genomic_SNP	99.17
4	40597111	83.1	CaTSNP8063	4	transcript_SNP	100.0
4	40599200	82.82	CaSNP3754	4	genomic_SNP	100.0
4	40750555	81.55	CaSNP4058	4	genomic_SNP	100.0
4	40907303	81.36	CaSNP4665	4	genomic_SNP	99.17
4	40925598	81.36	CaSNP3168	4	genomic_SNP	99.17
4	41126440	81.8	CaTSNP6153	4	transcript_SNP	94.87
4	41152683	78.25	CaSNP2095	4	genomic_SNP	98.35
4	41193684	81.34	CaTSNP8338	4	transcript_SNP	100.0
4	41207392	76.76	CaSNP2814	4	genomic_SNP	100.0
4	41288797	76.07	CaSNP3199	4	genomic_SNP	100.0
4	41291026	80.42	CaTSNP6506	4	transcript_SNP	100.0
4	41319315	80.49	CaTSNP8328	4	transcript_SNP	99.17
4	41378228	80.49	CaTSNP7754	4	transcript_SNP	99.17
4	41391305	80.49	CaTSNP8665	4	transcript_SNP	100.0
4	41405332	80.4	CaTSNP8470	4	transcript_SNP	99.05
4	41556232	76.7	CaSNP2203	4	genomic_SNP	100.0
4	41602942	80.33	CaTSNP6441	4	transcript_SNP	99.17
4	41629064	80.33	CaTSNP8974	4	transcript_SNP	100.0
4	41735614	76.66	CaSNP5113	4	genomic_SNP	100.0
4	41861988	79.21	CaTSNP8208	4	transcript_SNP	100.0
4	41932075	79.17	CaTSNP7294	4	transcript_SNP	99.17
4	41965376	74.78	CaSNP2550	4	genomic_SNP	100.0
4	41986493	79.16	CaTSNP7647	4	transcript_SNP	100.0
4	42044821	78.29	CaTSNP8325	4	transcript_SNP	100.0
4	42113044	74.96	CaSNP4050	4	genomic_SNP	100.0
4	43442312	91.5	CaTSNP8982	4	transcript_SNP	99.17
4	43451619	90.31	CaSNP2575	4	genomic_SNP	98.35
4	43676569	78.24	CaTSNP7958	4	transcript_SNP	100.0
4	43703002	73.52	CaSNP5058	4	genomic_SNP	99.17
4	43729956	77.38	CaTSNP8431	4	transcript_SNP	100.0
4	43829029	77.76	CaTSNP9124	4	transcript_SNP	100.0
4	43890554	77.07	CaTSNP6091	4	transcript_SNP	100.0
4	43945182	76.24	CaSNP2498	4	genomic_SNP	100.0
4	43980771	76.77	CaTSNP7419	4	transcript_SNP	99.17
4	44120749	76.65	CaTSNP9008	4	transcript_SNP	100.0
4	44158520	76.1	CaSNP2249	4	genomic_SNP	99.17
4	44181082	76.32	CaTSNP9071	4	transcript_SNP	99.06
4	44186432	76.67	CaTSNP8555	4	transcript_SNP	100.0
4	44205388	76.52	CaTSNP6497	4	transcript_SNP	100.0
4	44249365	76.52	CaTSNP6948	4	transcript_SNP	100.0
4	44258398	76.07	CaSNP2557	4	genomic_SNP	99.17
4	44316250	76.16	CaTSNP6340	4	transcript_SNP	100.0
4	44393382	75.49	CaTSNP8943	4	transcript_SNP	100.0
4	44558618	74.72	CaTSNP7600	4	transcript_SNP	100.0
4	44743768	70.39	CaSNP2173	4	genomic_SNP	100.0
4	44830444	70.61	CaSNP2504	4	genomic_SNP	99.17
4	44907130	70.46	CaSNP2494	4	genomic_SNP	99.17
4	44940553	70.73	CaTSNP7522	4	transcript_SNP	100.0
4	45009566	70.28	CaTSNP8787	4	transcript_SNP	100.0
4	45010587	70.61	CaSNP2921	4	genomic_SNP	99.17
4	45022854	70.49	CaTSNP6930	4	transcript_SNP	100.0
4	45096152	70.82	CaSNP3642	4	genomic_SNP	100.0
4	45188962	70.6	CaTSNP6097	4	transcript_SNP	100.0
4	45220642	70.32	CaTSNP8107	4	transcript_SNP	100.0
4	45265979	70.46	CaSNP4990	4	genomic_SNP	99.17
4	45320026	69.64	CaSNP3826	4	genomic_SNP	99.17
4	45342521	69.62	CaTSNP6737	4	transcript_SNP	100.0
4	45709083	67.37	CaSNP2729	4	genomic_SNP	99.17
4	45802419	67.57	CaSNP3274	4	genomic_SNP	99.17
4	45833143	67.24	CaSNP3694	4	genomic_SNP	100.0
4	45894294	67.55	CaTSNP8517	4	transcript_SNP	99.17
4	45945955	66.5	CaSNP2196	4	genomic_SNP	100.0
4	46075875	66.5	CaSNP3078	4	genomic_SNP	100.0
4	46133736	66.6	CaTSNP8963	4	transcript_SNP	100.0
4	46260761	66.34	CaSNP2387	4	genomic_SNP	99.17
4	46287303	66.11	CaTSNP8539	4	transcript_SNP	100.0
4	46373652	60.53	CaSNP2448	4	genomic_SNP	99.17
4	46429798	63.64	CaTSNP7270	4	transcript_SNP	100.0
4	46533858	59.39	CaSNP2493	4	genomic_SNP	100.0
4	46595862	59.31	CaSNP4159	4	genomic_SNP	99.17
4	46632033	63.62	CaTSNP6607	4	transcript_SNP	100.0
4	46740994	63.65	CaTSNP6128	4	transcript_SNP	100.0
4	47190290	63.7	CaTSNP7703	4	transcript_SNP	99.17
4	47217431	63.64	CaTSNP8763	4	transcript_SNP	99.17
4	47326319	62.47	CaTSNP8318	4	transcript_SNP	99.17
4	47327608	58.04	CaSNP3794	4	genomic_SNP	100.0
4	47486413	57.26	CaSNP1947	4	genomic_SNP	100.0
4	47564821	61.79	CaTSNP6376	4	transcript_SNP	100.0
4	47607000	56.62	CaSNP5076	4	genomic_SNP	100.0
4	47609130	59.83	CaTSNP8690	4	transcript_SNP	100.0
4	47692637	56.45	CaSNP3804	4	genomic_SNP	99.17
4	47779832	59.81	CaTSNP7193	4	transcript_SNP	100.0
4	47897319	59.81	CaTSNP7285	4	transcript_SNP	100.0
4	48008838	56.47	CaSNP2961	4	genomic_SNP	100.0
4	48106449	56.4	CaSNP2670	4	genomic_SNP	99.17
4	48109095	59.83	CaTSNP6530	4	transcript_SNP	100.0
4	48124926	59.83	CaTSNP6622	4	transcript_SNP	100.0
4	48142963	59.83	CaTSNP8934	4	transcript_SNP	100.0
4	48224544	59.9	CaTSNP7563	4	transcript_SNP	100.0
4	48268868	56.27	CaSNP1930	4	genomic_SNP	99.17
4	48301581	59.42	CaTSNP7790	4	transcript_SNP	100.0
4	48331180	59.42	CaTSNP6015	4	transcript_SNP	100.0
4	48652394	58.24	CaTSNP6521	4	transcript_SNP	100.0
4	48795418	56.95	CaSNP4911	4	genomic_SNP	99.17
4	48930265	58.01	CaTSNP6953	4	transcript_SNP	99.17
4	48980027	58.04	CaTSNP7197	4	transcript_SNP	100.0
4	48983741	57.42	CaTSNP8408	4	transcript_SNP	100.0
4	49050322	57.62	CaTSNP8099	4	transcript_SNP	99.15
4	49059879	57.05	CaSNP2683	4	genomic_SNP	99.17
4	49079193	57.59	CaTSNP6860	4	transcript_SNP	100.0
4	49105962	57.05	CaSNP3571	4	genomic_SNP	99.17
5	1270400	61.78	CaTSNP7379	5	transcript_SNP	100.0
5	1292562	61.65	CaSNP3815	5	genomic_SNP	100.0
5	2265376	56.31	CaSNP2264	5	genomic_SNP	100.0
5	2623548	56.25	CaSNP4552	5	genomic_SNP	100.0
5	2796208	56.26	CaSNP3163	5	genomic_SNP	100.0
5	2867332	56.34	CaSNP2674	5	genomic_SNP	99.17
5	2944711	56.27	CaSNP2483	5	genomic_SNP	100.0
5	3012392	56.26	CaSNP2151	5	genomic_SNP	100.0
5	3166734	56.14	CaSNP3902	5	genomic_SNP	100.0
5	3221843	56.13	CaSNP4901	5	genomic_SNP	99.17
5	3318389	56.4	CaSNP4476	5	genomic_SNP	99.17
5	3519879	56.26	CaSNP4582	5	genomic_SNP	100.0
5	4449401	56.24	CaSNP3675	5	genomic_SNP	100.0
5	4823183	55.96	CaSNP4475	5	genomic_SNP	100.0
5	4873216	56.24	CaSNP3614	5	genomic_SNP	99.17
5	5002370	56.34	CaSNP2508	5	genomic_SNP	99.17
5	5055650	56.24	CaSNP4106	5	genomic_SNP	99.17
5	5164943	56.14	CaSNP3491	5	genomic_SNP	99.17
5	6123239	56.3	CaSNP4250	5	genomic_SNP	100.0
5	6159386	56.14	CaSNP4757	5	genomic_SNP	100.0
5	6298892	56.06	CaSNP2990	5	genomic_SNP	99.18
5	6395715	56.07	CaSNP3475	5	genomic_SNP	100.0
5	7056637	55.94	CaSNP3318	5	genomic_SNP	100.0
5	7147654	55.98	CaTSNP6719	5	transcript_SNP	100.0
5	7154054	55.61	CaSNP4116	5	genomic_SNP	99.17
5	7300256	56.25	CaSNP3750	5	genomic_SNP	100.0
5	7340261	56.32	CaSNP3952	5	genomic_SNP	100.0
5	7440461	56.24	CaSNP2922	5	genomic_SNP	99.17
5	7472503	56.29	CaTSNP8876	5	transcript_SNP	100.0
5	7572634	60.49	CaSNP3879	5	genomic_SNP	99.17
5	7637528	60.64	CaSNP2840	5	genomic_SNP	100.0
5	7666215	60.68	CaSNP3167	5	genomic_SNP	99.17
5	7869581	60.25	CaSNP3372	5	genomic_SNP	100.0
5	7890183	60.2	CaSNP2951	5	genomic_SNP	100.0
5	8112383	60.09	CaSNP5097	5	genomic_SNP	99.17
5	8519634	58.14	CaSNP2624	5	genomic_SNP	100.0
5	8554140	58.28	CaTSNP6595	5	transcript_SNP	100.0
5	8572571	58.27	CaTSNP7318	5	transcript_SNP	100.0
5	8778080	58.09	CaSNP4603	5	genomic_SNP	99.17
5	8812225	58.29	CaTSNP6531	5	transcript_SNP	100.0
5	8832958	58.11	CaSNP4457	5	genomic_SNP	99.17
5	8860914	58.21	CaSNP3517	5	genomic_SNP	100.0
5	8862460	58.29	CaTSNP7241	5	transcript_SNP	99.17
5	8946218	58.09	CaSNP2874	5	genomic_SNP	99.17
5	9031096	57.98	CaSNP4637	5	genomic_SNP	99.17
5	9078808	58.25	CaTSNP8758	5	transcript_SNP	100.0
5	9150393	58.09	CaSNP2298	5	genomic_SNP	99.17
5	9215252	58.36	CaSNP2274	5	genomic_SNP	100.0
5	9349846	58.18	CaSNP4057	5	genomic_SNP	100.0
5	9561914	58.17	CaSNP3222	5	genomic_SNP	100.0
5	9648781	58.67	CaTSNP6090	5	transcript_SNP	100.0
5	9760965	59.47	CaSNP2887	5	genomic_SNP	99.17
5	9959776	60.24	CaTSNP6706	5	transcript_SNP	100.0
5	9986414	60.17	CaSNP2198	5	genomic_SNP	99.17
5	10083776	60.09	CaSNP2965	5	genomic_SNP	99.17
5	10160161	60.24	CaTSNP7810	5	transcript_SNP	100.0
5	10162667	60.47	CaTSNP9114	5	transcript_SNP	100.0
5	10164751	60.11	CaSNP2855	5	genomic_SNP	99.17
5	10186984	60.24	CaTSNP8055	5	transcript_SNP	100.0
5	10518475	60.11	CaSNP4559	5	genomic_SNP	99.17
5	10791001	58.25	CaSNP4029	5	genomic_SNP	99.17
5	10859134	58.21	CaSNP2870	5	genomic_SNP	100.0
5	10927515	58.25	CaSNP4453	5	genomic_SNP	99.17
5	11000538	58.17	CaSNP2724	5	genomic_SNP	100.0
5	11116672	58.18	CaSNP4868	5	genomic_SNP	100.0
5	11373162	56.25	CaSNP3668	5	genomic_SNP	99.17
5	11500385	56.14	CaSNP3493	5	genomic_SNP	100.0
5	11616236	56.14	CaSNP4730	5	genomic_SNP	99.17
5	11767327	58.1	CaSNP3567	5	genomic_SNP	99.17
5	11856070	58.14	CaSNP4307	5	genomic_SNP	99.17
5	11934795	58.29	CaTSNP7177	5	transcript_SNP	100.0
5	11990690	58.14	CaSNP1978	5	genomic_SNP	99.17
5	12228518	58.17	CaSNP2860	5	genomic_SNP	100.0
5	12244614	58.31	CaTSNP8618	5	transcript_SNP	100.0
5	12331974	58.36	CaSNP4112	5	genomic_SNP	99.17
5	12435878	58.23	CaSNP2261	5	genomic_SNP	100.0
5	13756471	56.03	CaSNP2189	5	genomic_SNP	99.17
5	13995584	56.23	CaSNP4189	5	genomic_SNP	99.17
5	14084863	56.25	CaSNP4139	5	genomic_SNP	99.17
5	14232179	56.24	CaSNP2383	5	genomic_SNP	99.17
5	14296603	56.36	CaSNP3119	5	genomic_SNP	100.0
5	15223995	56.38	CaSNP4338	5	genomic_SNP	100.0
5	15277435	56.06	CaSNP3063	5	genomic_SNP	100.0
5	15347283	56.25	CaSNP4653	5	genomic_SNP	100.0
5	15376443	56.09	CaSNP3149	5	genomic_SNP	100.0
5	15554650	56.29	CaSNP3021	5	genomic_SNP	99.17
5	15812591	56.3	CaSNP1986	5	genomic_SNP	99.17
5	15847600	56.14	CaSNP4907	5	genomic_SNP	99.17
5	16087706	56.31	CaSNP3755	5	genomic_SNP	100.0
5	16244620	56.21	CaSNP4315	5	genomic_SNP	99.17
5	16524720	56.29	CaSNP3224	5	genomic_SNP	99.17
5	16607577	56.17	CaSNP3342	5	genomic_SNP	99.17
5	16676044	56.27	CaTSNP8005	5	transcript_SNP	99.17
5	16684867	56.06	CaSNP4766	5	genomic_SNP	100.0
5	16713435	56.36	CaSNP4462	5	genomic_SNP	100.0
5	16992513	56.34	CaSNP3803	5	genomic_SNP	99.17
5	17381351	56.03	CaSNP2359	5	genomic_SNP	99.17
5	17438824	56.09	CaSNP3811	5	genomic_SNP	99.17
5	17620923	55.96	CaSNP2998	5	genomic_SNP	99.17
5	17918351	56.25	CaSNP5144	5	genomic_SNP	100.0
5	18227980	56.28	CaSNP3346	5	genomic_SNP	100.0
5	18356407	56.14	CaSNP3339	5	genomic_SNP	99.17
5	19404656	56.24	CaSNP4578	5	genomic_SNP	99.17
5	19522072	56.34	CaSNP3991	5	genomic_SNP	99.17
5	19686129	55.9	CaSNP4342	5	genomic_SNP	99.17
5	19931719	55.93	CaSNP4837	5	genomic_SNP	99.17
5	20457005	55.43	CaSNP5069	5	genomic_SNP	99.17
5	20598070	55.56	CaSNP4005	5	genomic_SNP	100.0
5	20671208	55.91	CaSNP2512	5	genomic_SNP	100.0
5	20730350	55.94	CaSNP4967	5	genomic_SNP	99.17
5	20755574	55.59	CaSNP3912	5	genomic_SNP	100.0
5	20832709	55.69	CaSNP3452	5	genomic_SNP	99.17
5	20892474	55.99	CaSNP4874	5	genomic_SNP	100.0
5	20951160	56.25	CaSNP4797	5	genomic_SNP	100.0
5	21159561	56.15	CaSNP2955	5	genomic_SNP	99.17
5	21224335	56.12	CaSNP3451	5	genomic_SNP	99.17
5	21231020	56.26	CaTSNP7237	5	transcript_SNP	100.0
5	21394030	56.29	CaSNP4493	5	genomic_SNP	99.17
5	21478059	56.31	CaSNP2410	5	genomic_SNP	100.0
5	21764875	55.59	CaTSNP7792	5	transcript_SNP	100.0
5	21769572	55.3	CaTSNP8676	5	transcript_SNP	100.0
5	21819374	55.92	CaSNP3718	5	genomic_SNP	99.17
5	22014513	55.32	CaTSNP7477	5	transcript_SNP	100.0
5	22015687	55.61	CaSNP2371	5	genomic_SNP	100.0
5	22161421	55.72	CaSNP2945	5	genomic_SNP	99.17
5	22196835	55.94	CaSNP4736	5	genomic_SNP	99.17
5	22236925	55.71	CaSNP5000	5	genomic_SNP	99.17
5	22344682	55.5	CaSNP3624	5	genomic_SNP	100.0
5	22419677	55.57	CaTSNP6389	5	transcript_SNP	100.0
5	22447609	55.48	CaSNP3765	5	genomic_SNP	100.0
5	22588246	55.59	CaTSNP7471	5	transcript_SNP	100.0
5	22608060	55.42	CaSNP2640	5	genomic_SNP	99.17
5	22628150	55.95	CaSNP3722	5	genomic_SNP	99.17
5	22779048	55.57	CaTSNP7174	5	transcript_SNP	100.0
5	22938100	55.48	CaSNP3547	5	genomic_SNP	99.18
5	22987750	55.53	CaSNP2893	5	genomic_SNP	100.0
5	23104662	55.93	CaSNP5104	5	genomic_SNP	99.17
5	23320614	55.45	CaSNP2316	5	genomic_SNP	100.0
5	23512084	55.53	CaSNP5074	5	genomic_SNP	99.17
5	23617386	55.65	CaSNP4498	5	genomic_SNP	100.0
5	23699219	55.95	CaTSNP6347	5	transcript_SNP	100.0
5	23738281	55.94	CaSNP2352	5	genomic_SNP	100.0
5	23786354	55.71	CaSNP4924	5	genomic_SNP	100.0
5	23932876	55.48	CaSNP2091	5	genomic_SNP	100.0
5	23983554	55.72	CaSNP3563	5	genomic_SNP	99.17
5	24066748	55.88	CaSNP2217	5	genomic_SNP	100.0
5	24250507	55.56	CaSNP3534	5	genomic_SNP	99.17
5	24289413	55.71	CaSNP3230	5	genomic_SNP	99.17
5	24320130	55.59	CaTSNP7541	5	transcript_SNP	100.0
5	24329618	55.41	CaSNP4071	5	genomic_SNP	100.0
5	24450588	55.89	CaSNP2439	5	genomic_SNP	100.0
5	24501692	55.72	CaSNP2972	5	genomic_SNP	99.17
5	24610851	55.57	CaTSNP6051	5	transcript_SNP	100.0
5	24641823	55.94	CaSNP2066	5	genomic_SNP	99.17
5	24717697	55.33	CaTSNP7199	5	transcript_SNP	100.0
5	24817442	55.35	CaSNP3299	5	genomic_SNP	100.0
5	24887688	55.57	CaSNP2946	5	genomic_SNP	100.0
5	25040193	55.52	CaTSNP8395	5	transcript_SNP	100.0
5	25067836	55.57	CaSNP2375	5	genomic_SNP	99.17
5	25097092	55.49	CaSNP4544	5	genomic_SNP	99.17
5	25207973	55.52	CaSNP4841	5	genomic_SNP	99.17
5	25469214	55.59	CaSNP2466	5	genomic_SNP	100.0
5	25473526	55.49	CaTSNP8753	5	transcript_SNP	100.0
5	25540664	55.48	CaSNP4630	5	genomic_SNP	99.17
5	25582722	55.38	CaSNP4565	5	genomic_SNP	100.0
5	25597077	55.43	CaSNP4978	5	genomic_SNP	100.0
5	25619073	54.9	CaSNP3946	5	genomic_SNP	100.0
5	25681335	55.57	CaSNP5030	5	genomic_SNP	99.17
5	25706433	55.55	CaSNP2209	5	genomic_SNP	99.17
5	26024784	55.53	CaTSNP6057	5	transcript_SNP	99.17
5	26089733	55.52	CaTSNP8709	5	transcript_SNP	100.0
5	26168224	55.5	CaTSNP7132	5	transcript_SNP	100.0
5	26235998	55.54	CaTSNP7962	5	transcript_SNP	100.0
5	26291446	55.51	CaTSNP7368	5	transcript_SNP	100.0
5	26321677	55.55	CaSNP4773	5	genomic_SNP	99.17
5	26366987	55.37	CaSNP2118	5	genomic_SNP	100.0
5	26725061	58.91	CaSNP4100	5	genomic_SNP	99.17
5	27042883	58.9	CaSNP4988	5	genomic_SNP	99.17
5	27140700	59.35	CaSNP2293	5	genomic_SNP	100.0
5	27260743	59.35	CaSNP2362	5	genomic_SNP	99.17
5	27332122	58.89	CaSNP2793	5	genomic_SNP	100.0
5	27362791	60.99	CaTSNP6923	5	transcript_SNP	99.17
5	27476784	58.89	CaSNP2074	5	genomic_SNP	99.17
5	27481690	59.4	CaTSNP6077	5	transcript_SNP	99.17
5	27553657	58.9	CaSNP2877	5	genomic_SNP	99.17
5	27744418	59.39	CaTSNP6081	5	transcript_SNP	100.0
5	27749408	59.3	CaSNP2158	5	genomic_SNP	99.17
5	27874484	59.37	CaTSNP8121	5	transcript_SNP	100.0
5	27886680	59.05	CaSNP2837	5	genomic_SNP	99.18
5	27917655	58.9	CaSNP3069	5	genomic_SNP	99.17
5	28116189	59.41	CaSNP2218	5	genomic_SNP	99.17
5	28121216	60.17	CaTSNP6270	5	transcript_SNP	100.0
5	28152624	59.92	CaTSNP6755	5	transcript_SNP	100.0
5	28157752	59.87	CaTSNP8613	5	transcript_SNP	100.0
5	28267492	59.4	CaSNP2082	5	genomic_SNP	99.17
5	28329522	59.92	CaTSNP7036	5	transcript_SNP	100.0
5	28362695	60.42	CaSNP2435	5	genomic_SNP	100.0
5	28459690	60.55	CaSNP2824	5	genomic_SNP	100.0
5	28540828	60.77	CaTSNP8905	5	transcript_SNP	100.0
5	28612147	60.43	CaTSNP7583	5	transcript_SNP	100.0
5	28632058	59.97	CaSNP5090	5	genomic_SNP	100.0
5	28665994	60.42	CaTSNP8357	5	transcript_SNP	100.0
5	28676473	61.13	CaTSNP7564	5	transcript_SNP	100.0
5	28730679	61.04	CaSNP2461	5	genomic_SNP	99.17
5	28746543	61.02	CaSNP2028	5	genomic_SNP	100.0
5	28916874	61.08	CaTSNP6903	5	transcript_SNP	100.0
5	28944731	61.65	CaSNP4064	5	genomic_SNP	100.0
5	29261519	62.33	CaSNP1927	5	genomic_SNP	100.0
5	29303328	63.24	CaTSNP6693	5	transcript_SNP	100.0
5	29342997	62.68	CaSNP2110	5	genomic_SNP	100.0
5	29364446	62.88	CaTSNP8194	5	transcript_SNP	100.0
5	29398772	62.85	CaTSNP8053	5	transcript_SNP	100.0
5	29484874	62.05	CaSNP2542	5	genomic_SNP	99.17
5	29598509	62.82	CaTSNP8397	5	transcript_SNP	99.17
5	29639280	62.03	CaSNP2041	5	genomic_SNP	99.17
5	29658541	62.22	CaTSNP6698	5	transcript_SNP	100.0
5	29808202	63.45	CaTSNP9089	5	transcript_SNP	99.06
5	30098685	109.2	CaTSNP8296	5	transcript_SNP	100.0
5	30123407	108.8	CaTSNP7806	5	transcript_SNP	100.0
5	30152592	110.4	CaSNP1929	5	genomic_SNP	100.0
5	30217934	109.1	CaTSNP7322	5	transcript_SNP	99.17
5	30258520	109.1	CaTSNP7424	5	transcript_SNP	100.0
5	30304287	109.1	CaTSNP8806	5	transcript_SNP	100.0
5	30360185	109.1	CaTSNP9019	5	transcript_SNP	99.17
5	30425604	110.4	CaSNP4622	5	genomic_SNP	100.0
5	30559093	109.2	CaTSNP7780	5	transcript_SNP	100.0
5	30595127	109.1	CaTSNP7803	5	transcript_SNP	100.0
5	30595127	109.2	CaTSNP6070	5	transcript_SNP	100.0
5	30656566	109.2	CaTSNP8707	5	transcript_SNP	100.0
5	30726135	107.7	CaTSNP8269	5	transcript_SNP	100.0
5	30808646	106.1	CaTSNP6677	5	transcript_SNP	100.0
5	30884770	105.6	CaTSNP8740	5	transcript_SNP	100.0
5	30939147	105.6	CaTSNP6632	5	transcript_SNP	99.17
5	30963176	105.5	CaTSNP9078	5	transcript_SNP	99.17
5	31046568	105.5	CaTSNP8988	5	transcript_SNP	100.0
5	31089340	105.5	CaTSNP8490	5	transcript_SNP	100.0
5	31180729	105.2	CaTSNP8127	5	transcript_SNP	100.0
5	31370118	104.5	CaTSNP6549	5	transcript_SNP	100.0
5	31373672	104.5	CaTSNP8425	5	transcript_SNP	100.0
5	31481732	104.5	CaTSNP6142	5	transcript_SNP	100.0
5	31510522	104.6	CaTSNP7231	5	transcript_SNP	100.0
5	31626602	104.1	CaTSNP6735	5	transcript_SNP	100.0
5	31676757	104.2	CaTSNP6006	5	transcript_SNP	100.0
5	31696244	104.2	CaTSNP8608	5	transcript_SNP	100.0
5	31705657	104.1	CaTSNP9048	5	transcript_SNP	100.0
5	31709223	104.1	CaTSNP8549	5	transcript_SNP	100.0
5	31739309	103.5	CaSNP2033	5	genomic_SNP	100.0
5	31743138	104.1	CaTSNP9064	5	transcript_SNP	98.0
5	31866966	103.2	CaSNP4830	5	genomic_SNP	98.36
5	31890888	104.7	CaTSNP7312	5	transcript_SNP	100.0
5	32043944	103.8	CaTSNP8097	5	transcript_SNP	100.0
5	32098088	103.5	CaTSNP7335	5	transcript_SNP	100.0
5	32166154	103.1	CaSNP4416	5	genomic_SNP	99.17
5	32347098	102.6	CaSNP3897	5	genomic_SNP	100.0
5	32398254	102.9	CaTSNP6992	5	transcript_SNP	100.0
5	32495094	102.9	CaTSNP7261	5	transcript_SNP	100.0
5	32566541	103.4	CaTSNP7213	5	transcript_SNP	100.0
5	32627180	101.9	CaSNP1955	5	genomic_SNP	100.0
5	32689143	102.1	CaSNP3901	5	genomic_SNP	100.0
5	32839343	102.4	CaTSNP8038	5	transcript_SNP	100.0
5	32930611	101.9	CaTSNP8400	5	transcript_SNP	99.17
5	32993788	102.1	CaTSNP8282	5	transcript_SNP	99.17
5	33014916	102.1	CaTSNP7758	5	transcript_SNP	100.0
5	33027680	102.1	CaTSNP8436	5	transcript_SNP	100.0
5	33188966	102.3	CaTSNP6053	5	transcript_SNP	99.17
5	33245722	101.8	CaSNP2532	5	genomic_SNP	100.0
5	33349598	102.2	CaTSNP6868	5	transcript_SNP	100.0
5	33369316	102.4	CaTSNP6448	5	transcript_SNP	100.0
5	33529706	102.3	CaTSNP6767	5	transcript_SNP	100.0
5	33605040	98.37	CaTSNP7382	5	transcript_SNP	100.0
5	33620617	98.44	CaTSNP9067	5	transcript_SNP	100.0
5	33663713	97.95	CaTSNP6812	5	transcript_SNP	99.14
5	33719508	97.5	CaTSNP7884	5	transcript_SNP	99.17
5	33721550	97.63	CaTSNP8704	5	transcript_SNP	98.18
5	33898420	97.84	CaTSNP7686	5	transcript_SNP	100.0
5	33945980	97.95	CaTSNP7664	5	transcript_SNP	100.0
5	33979897	97.85	CaTSNP8601	5	transcript_SNP	100.0
5	34004939	97.88	CaTSNP6425	5	transcript_SNP	99.17
5	34022362	97.36	CaSNP2898	5	genomic_SNP	99.17
5	34141156	97.81	CaTSNP7053	5	transcript_SNP	100.0
5	34150631	97.52	CaSNP2346	5	genomic_SNP	100.0
5	34163921	97.79	CaTSNP7734	5	transcript_SNP	99.17
5	34190404	97.89	CaTSNP8504	5	transcript_SNP	99.17
5	34247097	97.79	CaTSNP8472	5	transcript_SNP	100.0
5	34270652	97.36	CaSNP5033	5	genomic_SNP	99.17
5	34411077	97.75	CaTSNP8970	5	transcript_SNP	100.0
5	34437338	97.63	CaTSNP6145	5	transcript_SNP	100.0
5	34439594	98.02	CaSNP1951	5	genomic_SNP	100.0
5	34521252	97.95	CaTSNP8185	5	transcript_SNP	100.0
5	34807248	97.81	CaTSNP7910	5	transcript_SNP	100.0
5	34845963	97.83	CaTSNP7313	5	transcript_SNP	100.0
5	34906930	97.67	CaTSNP6489	5	transcript_SNP	99.17
5	34920370	97.64	CaTSNP7558	5	transcript_SNP	100.0
5	34988593	97.54	CaTSNP8281	5	transcript_SNP	100.0
5	35122422	97.19	CaTSNP6936	5	transcript_SNP	100.0
5	35177525	97.19	CaTSNP8540	5	transcript_SNP	100.0
5	35213601	97.19	CaTSNP6241	5	transcript_SNP	100.0
5	35295094	96.17	CaTSNP6071	5	transcript_SNP	100.0
5	35328882	96.12	CaTSNP7475	5	transcript_SNP	100.0
5	35335002	97.19	CaTSNP7401	5	transcript_SNP	100.0
5	35431698	97.19	CaTSNP6816	5	transcript_SNP	99.17
5	35477380	95.96	CaSNP2212	5	genomic_SNP	100.0
5	35483760	97.21	CaTSNP8401	5	transcript_SNP	100.0
5	35517268	95.96	CaSNP2541	5	genomic_SNP	99.17
5	35685574	95.3	CaTSNP7676	5	transcript_SNP	100.0
5	35790382	95.35	CaTSNP8298	5	transcript_SNP	100.0
5	35860261	95.43	CaTSNP7992	5	transcript_SNP	100.0
5	35940831	97.11	CaTSNP7982	5	transcript_SNP	99.17
5	35947132	97.07	CaTSNP7904	5	transcript_SNP	100.0
5	35984038	97.07	CaTSNP7932	5	transcript_SNP	99.04
5	36235962	97.1	CaTSNP9125	5	transcript_SNP	99.12
5	36335454	97.19	CaSNP2155	5	genomic_SNP	100.0
5	36407969	97.27	CaSNP2020	5	genomic_SNP	99.17
5	36412342	97.07	CaTSNP8647	5	transcript_SNP	100.0
5	36427783	97.07	CaTSNP9153	5	transcript_SNP	99.17
5	36431184	97.1	CaTSNP7097	5	transcript_SNP	100.0
5	36504797	92.38	CaTSNP7674	5	transcript_SNP	100.0
5	36534002	92.63	CaTSNP6323	5	transcript_SNP	91.96
5	36666850	92.19	CaTSNP9085	5	transcript_SNP	100.0
5	36755799	92.19	CaTSNP8748	5	transcript_SNP	100.0
5	36797173	92.19	CaTSNP8944	5	transcript_SNP	100.0
5	36859589	92.07	CaTSNP8578	5	transcript_SNP	100.0
5	36861113	92.5	CaTSNP6542	5	transcript_SNP	100.0
5	36943921	91.23	CaTSNP6684	5	transcript_SNP	99.17
5	36969383	91.59	CaTSNP7723	5	transcript_SNP	99.17
5	37018326	92.42	CaSNP2013	5	genomic_SNP	100.0
5	37021843	91.21	CaTSNP8768	5	transcript_SNP	100.0
5	37045853	92.14	CaSNP3208	5	genomic_SNP	99.17
5	37082648	91.68	CaTSNP8277	5	transcript_SNP	100.0
5	37085054	92.07	CaSNP2934	5	genomic_SNP	99.17
5	37194361	91.44	CaTSNP8315	5	transcript_SNP	99.17
5	37249593	91.92	CaTSNP6279	5	transcript_SNP	100.0
5	37250834	92.18	CaSNP2926	5	genomic_SNP	99.17
5	37342546	91.44	CaTSNP7967	5	transcript_SNP	100.0
5	37354020	92.28	CaSNP2056	5	genomic_SNP	100.0
5	37383281	91.56	CaTSNP6705	5	transcript_SNP	99.17
5	37425840	91.54	CaTSNP6326	5	transcript_SNP	100.0
5	37461232	91.24	CaTSNP8003	5	transcript_SNP	100.0
5	37730883	90.3	CaTSNP7073	5	transcript_SNP	100.0
5	37739496	89.71	CaTSNP6548	5	transcript_SNP	100.0
5	37969061	89.06	CaTSNP6584	5	transcript_SNP	100.0
5	38030176	89.01	CaTSNP6317	5	transcript_SNP	99.18
5	38030353	89.02	CaTSNP7809	5	transcript_SNP	100.0
5	38359453	88.85	CaSNP2099	5	genomic_SNP	100.0
5	38386891	88.12	CaSNP4732	5	genomic_SNP	100.0
5	38390254	87.09	CaTSNP7145	5	transcript_SNP	100.0
5	38701146	63.45	CaTSNP8834	5	transcript_SNP	100.0
5	38723943	63.12	CaTSNP8810	5	transcript_SNP	99.17
5	38817969	62.72	CaSNP2071	5	genomic_SNP	100.0
5	38899814	64.18	CaTSNP9017	5	transcript_SNP	100.0
5	38926160	66.13	CaSNP3863	5	genomic_SNP	100.0
5	38984687	65.52	CaTSNP6385	5	transcript_SNP	99.17
5	38996220	65.5	CaTSNP7666	5	transcript_SNP	100.0
5	39116248	65.7	CaSNP4430	5	genomic_SNP	99.17
5	39242381	65.48	CaSNP2727	5	genomic_SNP	99.17
5	39250981	65.21	CaTSNP8674	5	transcript_SNP	100.0
5	39660394	66.39	CaSNP3989	5	genomic_SNP	100.0
5	39717637	66.41	CaSNP2549	5	genomic_SNP	99.17
5	39753898	66.77	CaTSNP6432	5	transcript_SNP	99.17
5	39867993	66.61	CaTSNP6524	5	transcript_SNP	99.17
5	39975978	66.67	CaTSNP8631	5	transcript_SNP	100.0
5	39985042	66.8	CaTSNP7710	5	transcript_SNP	99.17
5	40002030	66.74	CaTSNP7137	5	transcript_SNP	100.0
5	40019233	66.67	CaTSNP6727	5	transcript_SNP	99.17
5	40061937	66.61	CaTSNP8853	5	transcript_SNP	99.17
5	40077397	66.61	CaTSNP6823	5	transcript_SNP	100.0
5	40293309	66.89	CaSNP3401	5	genomic_SNP	100.0
5	40342250	66.5	CaTSNP6197	5	transcript_SNP	100.0
5	40466123	67.07	CaTSNP6509	5	transcript_SNP	100.0
5	40481287	67.27	CaTSNP7405	5	transcript_SNP	100.0
5	40639266	67.07	CaTSNP6067	5	transcript_SNP	99.17
5	40710746	67.58	CaTSNP7549	5	transcript_SNP	100.0
5	40720920	67.74	CaTSNP8680	5	transcript_SNP	100.0
5	40813009	67.55	CaTSNP9098	5	transcript_SNP	100.0
5	40824230	67.85	CaTSNP8658	5	transcript_SNP	100.0
5	40891029	67.48	CaTSNP7985	5	transcript_SNP	100.0
5	40912072	67.72	CaSNP1948	5	genomic_SNP	100.0
5	40937022	67.66	CaTSNP7089	5	transcript_SNP	98.35
5	41027386	67.93	CaTSNP8506	5	transcript_SNP	100.0
5	41072545	67.79	CaSNP2529	5	genomic_SNP	100.0
5	41121182	67.63	CaTSNP7282	5	transcript_SNP	100.0
5	41295716	69.5	CaTSNP8715	5	transcript_SNP	100.0
5	41403102	69.55	CaTSNP6278	5	transcript_SNP	100.0
5	41408540	69.47	CaSNP4091	5	genomic_SNP	99.17
5	41481699	69.45	CaSNP2092	5	genomic_SNP	100.0
5	41521138	69.61	CaTSNP8144	5	transcript_SNP	100.0
5	41530209	69.55	CaTSNP7080	5	transcript_SNP	100.0
5	41635262	69.61	CaTSNP6464	5	transcript_SNP	99.17
5	41740861	69.45	CaSNP2144	5	genomic_SNP	99.17
5	41771235	69.47	CaSNP4340	5	genomic_SNP	99.17
5	41886276	69.5	CaSNP4024	5	genomic_SNP	99.17
5	41911805	69.61	CaTSNP7020	5	transcript_SNP	100.0
5	41950405	69.55	CaTSNP6666	5	transcript_SNP	100.0
5	42023373	69.52	CaTSNP8848	5	transcript_SNP	100.0
5	42043596	69.78	CaSNP2406	5	genomic_SNP	99.17
5	42053213	69.55	CaTSNP6192	5	transcript_SNP	100.0
5	42099239	69.55	CaTSNP8805	5	transcript_SNP	100.0
5	42100070	69.61	CaTSNP8716	5	transcript_SNP	100.0
5	42127522	69.55	CaTSNP6628	5	transcript_SNP	100.0
5	42168647	69.75	CaTSNP8257	5	transcript_SNP	100.0
5	42262008	69.55	CaTSNP6150	5	transcript_SNP	100.0
5	42277818	69.5	CaSNP2928	5	genomic_SNP	99.17
5	42295387	69.47	CaSNP3424	5	genomic_SNP	100.0
5	42338404	69.37	CaTSNP7277	5	transcript_SNP	100.0
5	42360102	70.08	CaTSNP8014	5	transcript_SNP	99.17
5	42376972	69.81	CaSNP3030	5	genomic_SNP	99.17
5	42406164	69.93	CaSNP5029	5	genomic_SNP	100.0
5	42431576	69.9	CaSNP3252	5	genomic_SNP	100.0
5	42507142	69.99	CaTSNP7616	5	transcript_SNP	100.0
5	42563164	70.02	CaTSNP8772	5	transcript_SNP	99.17
5	42592088	69.97	CaTSNP6346	5	transcript_SNP	100.0
5	42614073	69.91	CaTSNP8765	5	transcript_SNP	100.0
5	42667091	69.91	CaTSNP6239	5	transcript_SNP	100.0
5	42744658	70.06	CaTSNP8830	5	transcript_SNP	100.0
5	42906943	70.63	CaTSNP7539	5	transcript_SNP	99.17
5	42927329	70.38	CaSNP3761	5	genomic_SNP	99.17
5	42969837	70.6	CaTSNP6699	5	transcript_SNP	99.17
5	43064783	70.23	CaSNP2473	5	genomic_SNP	99.17
5	43081134	70.54	CaTSNP8668	5	transcript_SNP	100.0
5	43113758	70.54	CaTSNP8412	5	transcript_SNP	100.0
5	43264639	70.59	CaTSNP6741	5	transcript_SNP	99.16
5	43299885	70.54	CaTSNP8040	5	transcript_SNP	100.0
5	43332711	70.24	CaSNP1937	5	genomic_SNP	100.0
5	43357603	70.77	CaTSNP7980	5	transcript_SNP	100.0
5	43384949	70.54	CaTSNP6510	5	transcript_SNP	100.0
5	43406976	70.54	CaTSNP7094	5	transcript_SNP	100.0
5	43416683	70.59	CaTSNP6556	5	transcript_SNP	99.17
5	43457367	70.69	CaTSNP7398	5	transcript_SNP	100.0
5	43498668	70.59	CaTSNP6287	5	transcript_SNP	100.0
5	43512445	70.59	CaTSNP7553	5	transcript_SNP	100.0
5	43522161	70.63	CaTSNP8623	5	transcript_SNP	100.0
5	43530567	70.54	CaTSNP8346	5	transcript_SNP	100.0
5	43684830	71.13	CaTSNP6314	5	transcript_SNP	100.0
5	43753830	71.12	CaTSNP8011	5	transcript_SNP	99.17
5	43779606	71.12	CaTSNP7280	5	transcript_SNP	100.0
5	43818617	70.4	CaSNP2487	5	genomic_SNP	100.0
5	43835587	71.05	CaTSNP6937	5	transcript_SNP	99.17
5	43879281	71.1	CaTSNP6281	5	transcript_SNP	100.0
5	43952418	71.05	CaTSNP7772	5	transcript_SNP	100.0
5	43952418	71.1	CaTSNP6319	5	transcript_SNP	99.17
5	43959229	70.39	CaSNP2509	5	genomic_SNP	100.0
5	44071545	71.12	CaTSNP8754	5	transcript_SNP	100.0
5	44102309	71.5	CaTSNP7374	5	transcript_SNP	99.17
5	44125085	71.48	CaTSNP6581	5	transcript_SNP	100.0
5	44158725	71.88	CaTSNP7308	5	transcript_SNP	100.0
5	44165342	72.61	CaSNP2808	5	genomic_SNP	99.17
5	44278982	71.77	CaTSNP8450	5	transcript_SNP	100.0
5	44278982	71.81	CaTSNP9040	5	transcript_SNP	100.0
5	44321203	71.88	CaTSNP7700	5	transcript_SNP	100.0
5	44367083	72.67	CaSNP1987	5	genomic_SNP	99.17
5	44462323	72.89	CaSNP2023	5	genomic_SNP	100.0
5	44569205	71.88	CaTSNP7628	5	transcript_SNP	100.0
5	44668047	71.75	CaTSNP8139	5	transcript_SNP	100.0
5	44671255	72.85	CaSNP2174	5	genomic_SNP	100.0
5	44699689	71.7	CaTSNP7994	5	transcript_SNP	100.0
5	44718807	71.75	CaTSNP7159	5	transcript_SNP	100.0
5	44734512	71.79	CaTSNP7709	5	transcript_SNP	99.17
5	44747130	73.2	CaSNP3621	5	genomic_SNP	99.17
5	44846890	73.17	CaTSNP6934	5	transcript_SNP	100.0
5	44889036	72.97	CaTSNP6068	5	transcript_SNP	100.0
5	44934008	73.07	CaTSNP8661	5	transcript_SNP	100.0
5	44980020	73.15	CaTSNP8871	5	transcript_SNP	100.0
5	45144843	74.59	CaSNP2825	5	genomic_SNP	99.17
5	45168495	74.74	CaTSNP6554	5	transcript_SNP	100.0
5	45224574	74.45	CaSNP2554	5	genomic_SNP	100.0
5	45341407	76.41	CaTSNP8595	5	transcript_SNP	100.0
5	45360528	76.41	CaTSNP8212	5	transcript_SNP	99.17
5	45386048	76.51	CaTSNP6491	5	transcript_SNP	100.0
5	45390001	76.5	CaTSNP6803	5	transcript_SNP	100.0
5	45400765	76.41	CaTSNP8252	5	transcript_SNP	100.0
5	45482541	76.4	CaTSNP8826	5	transcript_SNP	100.0
5	45526413	76.41	CaTSNP7966	5	transcript_SNP	100.0
5	45539591	76.41	CaTSNP8168	5	transcript_SNP	100.0
5	45599210	77.29	CaTSNP7853	5	transcript_SNP	100.0
5	45661109	77.79	CaTSNP6175	5	transcript_SNP	100.0
5	45661172	77.79	CaTSNP8530	5	transcript_SNP	100.0
5	45674572	77.79	CaTSNP6290	5	transcript_SNP	100.0
5	45747498	77.79	CaTSNP7172	5	transcript_SNP	100.0
5	45758273	77.85	CaTSNP6712	5	transcript_SNP	100.0
5	45835561	77.85	CaTSNP8846	5	transcript_SNP	100.0
5	45858277	77.79	CaTSNP6612	5	transcript_SNP	100.0
5	45955887	77.79	CaTSNP9042	5	transcript_SNP	99.17
5	45979586	79.68	CaSNP2585	5	genomic_SNP	99.17
5	46010513	79.94	CaSNP4600	5	genomic_SNP	100.0
5	46038732	77.79	CaTSNP6661	5	transcript_SNP	100.0
5	46135622	77.88	CaTSNP6409	5	transcript_SNP	100.0
5	46138920	77.79	CaTSNP7973	5	transcript_SNP	100.0
5	46144105	77.81	CaTSNP8499	5	transcript_SNP	100.0
5	46260822	77.79	CaTSNP9014	5	transcript_SNP	100.0
5	46369652	77.89	CaTSNP8117	5	transcript_SNP	100.0
5	46461021	77.7	CaTSNP8785	5	transcript_SNP	100.0
5	46523869	78.39	CaTSNP8523	5	transcript_SNP	100.0
5	46585174	78.32	CaTSNP7852	5	transcript_SNP	98.99
5	46613843	78.32	CaTSNP8867	5	transcript_SNP	100.0
5	46737675	78.78	CaTSNP6490	5	transcript_SNP	100.0
5	46764593	79.89	CaSNP2571	5	genomic_SNP	99.17
5	46766322	78.78	CaTSNP9157	5	transcript_SNP	100.0
5	46790016	78.78	CaTSNP8283	5	transcript_SNP	100.0
5	46816774	79.66	CaSNP2492	5	genomic_SNP	100.0
5	46854957	78.84	CaTSNP9050	5	transcript_SNP	100.0
5	46932024	78.95	CaTSNP7021	5	transcript_SNP	100.0
5	47059187	79.6	CaTSNP7396	5	transcript_SNP	100.0
5	47165299	80.94	CaTSNP8363	5	transcript_SNP	100.0
5	47209915	81.31	CaTSNP8637	5	transcript_SNP	100.0
5	47217167	80.79	CaTSNP6430	5	transcript_SNP	99.17
5	47232708	82.2	CaSNP3432	5	genomic_SNP	99.17
5	47286486	80.99	CaTSNP9012	5	transcript_SNP	100.0
5	47325430	80.94	CaTSNP6483	5	transcript_SNP	100.0
5	47358486	81.2	CaTSNP6536	5	transcript_SNP	99.17
5	47482147	81.83	CaTSNP8889	5	transcript_SNP	100.0
5	47537312	81.86	CaTSNP8923	5	transcript_SNP	100.0
5	47591066	81.9	CaTSNP6215	5	transcript_SNP	100.0
5	47613599	82.62	CaSNP2317	5	genomic_SNP	99.17
5	47693263	82.46	CaTSNP8409	5	transcript_SNP	100.0
5	47795579	82.35	CaTSNP7695	5	transcript_SNP	99.17
5	47941783	83.33	CaTSNP8925	5	transcript_SNP	100.0
5	48006806	84.73	CaTSNP7420	5	transcript_SNP	100.0
5	48118179	85.92	CaSNP2357	5	genomic_SNP	99.17
6	151313	56.08	CaSNP3654	6	genomic_SNP	99.17
6	210401	57.05	CaTSNP6606	6	transcript_SNP	100.0
6	228748	56.98	CaTSNP7210	6	transcript_SNP	100.0
6	369316	56.95	CaTSNP7359	6	transcript_SNP	100.0
6	475603	56.98	CaTSNP6586	6	transcript_SNP	100.0
6	538283	57.05	CaTSNP8320	6	transcript_SNP	99.17
6	544775	56.58	CaSNP2842	6	genomic_SNP	100.0
6	560581	56.99	CaTSNP6048	6	transcript_SNP	100.0
6	579418	56.98	CaTSNP7955	6	transcript_SNP	100.0
6	667080	56.97	CaTSNP6422	6	transcript_SNP	100.0
6	718681	56.96	CaTSNP7858	6	transcript_SNP	100.0
6	790606	56.98	CaTSNP8248	6	transcript_SNP	100.0
6	899427	56.99	CaTSNP6715	6	transcript_SNP	100.0
6	957744	56.98	CaTSNP8335	6	transcript_SNP	100.0
6	1116023	57.61	CaTSNP6254	6	transcript_SNP	100.0
6	1237422	57.56	CaTSNP8134	6	transcript_SNP	99.17
6	1273232	57.52	CaTSNP6604	6	transcript_SNP	100.0
6	1310320	57.61	CaTSNP6302	6	transcript_SNP	100.0
6	1592060	58.58	CaSNP4101	6	genomic_SNP	99.17
6	1702900	58.52	CaSNP1936	6	genomic_SNP	99.17
6	1794593	57.71	CaTSNP7059	6	transcript_SNP	100.0
6	1804366	57.53	CaTSNP8897	6	transcript_SNP	99.17
6	1842363	56.85	CaTSNP6050	6	transcript_SNP	100.0
6	1869487	56.82	CaTSNP8023	6	transcript_SNP	100.0
6	2001757	56.65	CaTSNP9025	6	transcript_SNP	100.0
6	2078416	48.78	CaTSNP7983	6	transcript_SNP	99.17
6	2117976	48.61	CaTSNP9115	6	transcript_SNP	100.0
6	2151269	48.79	CaTSNP7744	6	transcript_SNP	100.0
6	2204947	49.21	CaTSNP7537	6	transcript_SNP	100.0
6	2258466	48.73	CaTSNP9158	6	transcript_SNP	99.17
6	2294842	48.82	CaTSNP6708	6	transcript_SNP	98.99
6	2313683	49.21	CaTSNP8019	6	transcript_SNP	100.0
6	2320997	48.84	CaTSNP6732	6	transcript_SNP	99.17
6	2379161	49.19	CaTSNP6804	6	transcript_SNP	100.0
6	2379161	49.2	CaTSNP8043	6	transcript_SNP	100.0
6	2461408	49.41	CaTSNP6189	6	transcript_SNP	100.0
6	2563428	49.77	CaTSNP6244	6	transcript_SNP	100.0
6	2601034	49.66	CaTSNP8334	6	transcript_SNP	100.0
6	2672551	50.53	CaSNP5037	6	genomic_SNP	99.17
6	2681594	50.3	CaTSNP7492	6	transcript_SNP	100.0
6	2771070	50.01	CaTSNP8154	6	transcript_SNP	100.0
6	2787875	50.19	CaTSNP8297	6	transcript_SNP	100.0
6	2802942	50.11	CaTSNP6861	6	transcript_SNP	100.0
6	2828504	50.3	CaTSNP6503	6	transcript_SNP	100.0
6	2830080	50.48	CaTSNP8776	6	transcript_SNP	100.0
6	2835916	50.24	CaTSNP8933	6	transcript_SNP	100.0
6	2851686	50.3	CaTSNP7126	6	transcript_SNP	100.0
6	2904981	50.2	CaTSNP6398	6	transcript_SNP	100.0
6	2925962	50.01	CaTSNP8784	6	transcript_SNP	100.0
6	2982434	50.93	CaTSNP6561	6	transcript_SNP	100.0
6	3010702	50.89	CaTSNP7981	6	transcript_SNP	100.0
6	3137669	51.62	CaSNP3454	6	genomic_SNP	99.17
6	3226237	51.22	CaSNP2251	6	genomic_SNP	100.0
6	3303437	51.16	CaSNP2659	6	genomic_SNP	100.0
6	3546676	36.29	CaSNP5035	6	genomic_SNP	99.17
6	3720161	51.76	CaSNP4663	6	genomic_SNP	100.0
6	3843578	53.52	CaSNP1923	6	genomic_SNP	99.17
6	4525903	48.24	CaSNP5034	6	genomic_SNP	99.17
6	4681686	65.92	CaSNP2769	6	genomic_SNP	99.17
6	4933393	51.62	CaSNP3911	6	genomic_SNP	99.17
6	4994876	51.07	CaSNP3193	6	genomic_SNP	100.0
6	5440691	67.06	CaTSNP7353	6	transcript_SNP	100.0
6	5452998	67.15	CaSNP2060	6	genomic_SNP	100.0
6	5518028	67.09	CaTSNP8816	6	transcript_SNP	100.0
6	5565556	67.16	CaTSNP8485	6	transcript_SNP	100.0
6	5581711	67.08	CaSNP2394	6	genomic_SNP	100.0
6	5586894	67.25	CaTSNP8829	6	transcript_SNP	100.0
6	5600996	66.62	CaTSNP6674	6	transcript_SNP	100.0
6	5690597	66.56	CaTSNP7328	6	transcript_SNP	100.0
6	5760689	67.29	CaSNP4154	6	genomic_SNP	100.0
6	5965296	67.09	CaTSNP6967	6	transcript_SNP	100.0
6	6025818	67.66	CaSNP2899	6	genomic_SNP	100.0
6	6119975	67.66	CaSNP2187	6	genomic_SNP	100.0
6	6142003	67.36	CaTSNP9032	6	transcript_SNP	100.0
6	6191629	67.45	CaTSNP8550	6	transcript_SNP	100.0
6	6246748	67.45	CaTSNP7851	6	transcript_SNP	100.0
6	6248260	67.38	CaTSNP8959	6	transcript_SNP	100.0
6	6345924	67.66	CaSNP2017	6	genomic_SNP	100.0
6	6428891	68.91	CaTSNP8241	6	transcript_SNP	100.0
6	6563269	68.86	CaTSNP8487	6	transcript_SNP	100.0
6	6618126	69.38	CaSNP2044	6	genomic_SNP	99.17
6	6773754	69.22	CaTSNP8379	6	transcript_SNP	100.0
6	6791144	69.5	CaSNP4898	6	genomic_SNP	99.17
6	6817579	69.33	CaTSNP8653	6	transcript_SNP	100.0
6	6877925	69.46	CaTSNP8907	6	transcript_SNP	100.0
6	6900929	69.55	CaTSNP8979	6	transcript_SNP	100.0
6	6943708	69.74	CaSNP4574	6	genomic_SNP	100.0
6	6958590	69.83	CaSNP5065	6	genomic_SNP	99.17
6	7372283	70.84	CaTSNP8937	6	transcript_SNP	100.0
6	7397026	70.8	CaTSNP8407	6	transcript_SNP	100.0
6	7417336	70.72	CaTSNP7825	6	transcript_SNP	100.0
6	7531148	71.19	CaTSNP7274	6	transcript_SNP	100.0
6	7700194	71.56	CaSNP2450	6	genomic_SNP	100.0
6	7706726	71.68	CaTSNP8569	6	transcript_SNP	100.0
6	7740909	71.44	CaTSNP6028	6	transcript_SNP	100.0
6	7773917	71.37	CaSNP4519	6	genomic_SNP	100.0
6	7850100	71.7	CaTSNP7817	6	transcript_SNP	100.0
6	7876049	71.56	CaSNP1963	6	genomic_SNP	100.0
6	7984456	71.44	CaSNP3515	6	genomic_SNP	100.0
6	8056943	71.44	CaSNP1960	6	genomic_SNP	100.0
6	8366551	72.27	CaTSNP7939	6	transcript_SNP	99.17
6	8396387	72.44	CaTSNP8927	6	transcript_SNP	99.17
6	8658208	72.47	CaTSNP6320	6	transcript_SNP	100.0
6	8687683	72.77	CaSNP2230	6	genomic_SNP	99.17
6	8691714	72.49	CaTSNP7472	6	transcript_SNP	100.0
6	8706554	72.38	CaTSNP7503	6	transcript_SNP	100.0
6	8749522	76.09	CaTSNP8435	6	transcript_SNP	99.17
6	8801956	73.82	CaSNP4615	6	genomic_SNP	99.17
6	8869829	76.17	CaTSNP7161	6	transcript_SNP	99.17
6	8966034	74.7	CaSNP2486	6	genomic_SNP	100.0
6	8980656	76.36	CaTSNP8165	6	transcript_SNP	100.0
6	9052800	76.36	CaTSNP7329	6	transcript_SNP	100.0
6	9108559	74.52	CaSNP4018	6	genomic_SNP	100.0
6	9177784	76.36	CaTSNP7351	6	transcript_SNP	100.0
6	9273106	76.07	CaTSNP9075	6	transcript_SNP	100.0
6	9339139	75.97	CaTSNP6275	6	transcript_SNP	100.0
6	9354864	74.58	CaSNP2977	6	genomic_SNP	99.17
6	9389116	76.05	CaTSNP8365	6	transcript_SNP	100.0
6	9410386	75.91	CaTSNP8545	6	transcript_SNP	100.0
6	9458704	75.91	CaTSNP6354	6	transcript_SNP	100.0
6	9521748	74.58	CaSNP2011	6	genomic_SNP	99.17
6	9716082	75.97	CaTSNP7972	6	transcript_SNP	100.0
6	9746282	75.97	CaTSNP7850	6	transcript_SNP	100.0
6	9994202	75.97	CaTSNP6407	6	transcript_SNP	99.17
6	10012719	74.33	CaSNP2057	6	genomic_SNP	100.0
6	10053634	76.16	CaTSNP7105	6	transcript_SNP	97.52
6	10097512	74.37	CaSNP2447	6	genomic_SNP	98.36
6	10150724	75.99	CaTSNP6750	6	transcript_SNP	100.0
6	10212188	75.7	CaTSNP6443	6	transcript_SNP	99.17
6	10252374	75.62	CaTSNP8251	6	transcript_SNP	100.0
6	10398492	74.33	CaSNP2437	6	genomic_SNP	90.91
6	10568596	75.55	CaTSNP6225	6	transcript_SNP	99.17
6	10678150	75.7	CaTSNP8371	6	transcript_SNP	99.06
6	10803046	75.74	CaTSNP7206	6	transcript_SNP	97.06
6	10869047	75.55	CaSNP2163	6	genomic_SNP	99.17
6	10888233	76.04	CaTSNP8285	6	transcript_SNP	99.17
6	10889399	76.04	CaTSNP8292	6	transcript_SNP	100.0
6	10918956	75.75	CaTSNP7613	6	transcript_SNP	100.0
6	11285661	76.21	CaSNP2497	6	genomic_SNP	100.0
6	11949290	95.39	CaSNP3773	6	genomic_SNP	100.0
6	11988348	95.25	CaSNP5019	6	genomic_SNP	100.0
6	12280981	95.28	CaSNP4836	6	genomic_SNP	100.0
6	12411466	75.87	CaSNP2309	6	genomic_SNP	99.17
6	12590898	83.96	CaSNP5057	6	genomic_SNP	100.0
6	12647923	83.74	CaTSNP8223	6	transcript_SNP	100.0
6	12730445	83.74	CaTSNP8625	6	transcript_SNP	100.0
6	12763914	83.96	CaSNP2223	6	genomic_SNP	100.0
6	12845292	83.77	CaTSNP6593	6	transcript_SNP	100.0
6	12886107	83.77	CaTSNP7938	6	transcript_SNP	100.0
6	13122465	83.67	CaTSNP7233	6	transcript_SNP	100.0
6	13131682	83.54	CaTSNP9015	6	transcript_SNP	100.0
6	13191969	83.69	CaSNP2625	6	genomic_SNP	99.17
6	13239916	83.67	CaSNP3241	6	genomic_SNP	99.17
6	13243594	83.61	CaTSNP8724	6	transcript_SNP	100.0
6	13303064	83.72	CaSNP2651	6	genomic_SNP	100.0
6	13336255	83.7	CaSNP2735	6	genomic_SNP	99.17
6	13348048	83.61	CaTSNP7133	6	transcript_SNP	100.0
6	13394748	83.56	CaTSNP6025	6	transcript_SNP	99.17
6	13524857	83.47	CaTSNP8662	6	transcript_SNP	100.0
6	13566942	83.17	CaSNP5066	6	genomic_SNP	99.17
6	13650065	82.98	CaTSNP6462	6	transcript_SNP	100.0
6	13697892	82.65	CaSNP4364	6	genomic_SNP	98.36
6	13714897	82.81	CaTSNP6112	6	transcript_SNP	100.0
6	13763186	82.6	CaSNP2323	6	genomic_SNP	99.17
6	13817556	82.72	CaTSNP9123	6	transcript_SNP	100.0
6	13820222	82.81	CaTSNP9041	6	transcript_SNP	99.17
6	13901769	82.6	CaSNP2938	6	genomic_SNP	100.0
6	13936696	82.81	CaTSNP6318	6	transcript_SNP	100.0
6	13946544	82.67	CaSNP2762	6	genomic_SNP	100.0
6	13986558	82.72	CaTSNP7162	6	transcript_SNP	100.0
6	14103435	82.6	CaSNP1969	6	genomic_SNP	99.17
6	14112084	82.91	CaTSNP8951	6	transcript_SNP	100.0
6	14166123	82.73	CaTSNP7383	6	transcript_SNP	99.17
6	14177644	82.61	CaTSNP7402	6	transcript_SNP	99.17
6	14254394	82.6	CaSNP2257	6	genomic_SNP	100.0
6	14319009	82.62	CaTSNP8939	6	transcript_SNP	100.0
6	14322231	82.58	CaSNP3157	6	genomic_SNP	100.0
6	14377573	82.55	CaTSNP6565	6	transcript_SNP	100.0
6	14428238	82.55	CaTSNP7646	6	transcript_SNP	100.0
6	14527802	82.55	CaTSNP6640	6	transcript_SNP	100.0
6	14608073	82.54	CaTSNP6163	6	transcript_SNP	100.0
6	14678926	82.6	CaSNP1993	6	genomic_SNP	99.17
6	14722982	82.84	CaTSNP8054	6	transcript_SNP	100.0
6	14836772	82.67	CaTSNP6947	6	transcript_SNP	100.0
6	14885510	82.54	CaTSNP8673	6	transcript_SNP	100.0
6	14962053	82.52	CaTSNP7507	6	transcript_SNP	100.0
6	15024269	82.6	CaSNP2058	6	genomic_SNP	99.17
6	15092004	82.25	CaSNP2648	6	genomic_SNP	100.0
6	15093409	82.48	CaTSNP7453	6	transcript_SNP	100.0
6	15134444	82.58	CaTSNP7835	6	transcript_SNP	99.02
6	15267321	82.62	CaTSNP8341	6	transcript_SNP	100.0
6	15304685	82.5	CaTSNP7208	6	transcript_SNP	100.0
6	15317551	82.5	CaTSNP6086	6	transcript_SNP	100.0
6	15340040	82.62	CaTSNP8495	6	transcript_SNP	100.0
6	15372403	82.49	CaTSNP8167	6	transcript_SNP	100.0
6	15434211	82.25	CaSNP3565	6	genomic_SNP	100.0
6	15504311	82.46	CaTSNP8228	6	transcript_SNP	100.0
6	15752848	82.61	CaTSNP8664	6	transcript_SNP	100.0
6	15803168	82.24	CaSNP3200	6	genomic_SNP	100.0
6	15827654	82.49	CaTSNP8949	6	transcript_SNP	99.17
6	15879556	82.85	CaTSNP8278	6	transcript_SNP	99.06
6	15919500	82.27	CaSNP2097	6	genomic_SNP	100.0
6	16114968	82.6	CaTSNP6476	6	transcript_SNP	100.0
6	16138805	82.7	CaSNP1961	6	genomic_SNP	100.0
6	16302308	82.27	CaSNP4046	6	genomic_SNP	99.17
6	16492153	82.37	CaSNP3122	6	genomic_SNP	100.0
6	16562200	82.76	CaTSNP8718	6	transcript_SNP	100.0
6	16649345	82.8	CaTSNP7158	6	transcript_SNP	100.0
6	16726257	82.8	CaTSNP8364	6	transcript_SNP	100.0
6	16742640	82.8	CaTSNP8712	6	transcript_SNP	100.0
6	16804981	82.41	CaSNP3253	6	genomic_SNP	99.17
6	16833639	82.46	CaSNP2112	6	genomic_SNP	100.0
6	16880617	82.73	CaTSNP8961	6	transcript_SNP	100.0
6	16936502	82.42	CaTSNP8310	6	transcript_SNP	99.17
6	17031849	82.6	CaTSNP6894	6	transcript_SNP	100.0
6	17066479	81.91	CaSNP3458	6	genomic_SNP	99.17
6	17094950	81.91	CaSNP4883	6	genomic_SNP	99.15
6	17132466	81.91	CaSNP1971	6	genomic_SNP	99.17
6	17133202	82.43	CaTSNP7500	6	transcript_SNP	98.98
6	17146741	82.43	CaTSNP6168	6	transcript_SNP	100.0
6	17254358	82.85	CaTSNP8964	6	transcript_SNP	100.0
6	17263619	82.3	CaSNP3656	6	genomic_SNP	100.0
6	17338659	82.3	CaSNP2748	6	genomic_SNP	99.17
6	17414926	82.47	CaSNP2076	6	genomic_SNP	99.17
6	17753899	82.2	CaSNP2315	6	genomic_SNP	99.17
6	17801883	82.3	CaSNP2022	6	genomic_SNP	99.17
6	17866933	82.35	CaTSNP7409	6	transcript_SNP	99.17
6	18284886	85.15	CaTSNP8262	6	transcript_SNP	100.0
6	18317359	84.22	CaSNP3207	6	genomic_SNP	100.0
6	18443959	84.34	CaTSNP7364	6	transcript_SNP	99.17
6	18455084	84.34	CaTSNP8355	6	transcript_SNP	100.0
6	18470704	83.89	CaSNP4458	6	genomic_SNP	99.17
6	18530203	83.96	CaSNP2096	6	genomic_SNP	99.17
6	18561861	84.65	CaTSNP8989	6	transcript_SNP	100.0
6	18648337	83.96	CaSNP4557	6	genomic_SNP	100.0
6	18768012	88.9	CaTSNP7291	6	transcript_SNP	100.0
6	18841953	88.73	CaSNP1921	6	genomic_SNP	100.0
6	18853049	87.94	CaTSNP8987	6	transcript_SNP	100.0
6	18956194	88.07	CaTSNP6591	6	transcript_SNP	100.0
6	18982227	88.31	CaTSNP7462	6	transcript_SNP	100.0
6	19035231	89.51	CaSNP2234	6	genomic_SNP	100.0
6	19072735	88.81	CaTSNP7620	6	transcript_SNP	100.0
6	19116634	88.8	CaTSNP9039	6	transcript_SNP	100.0
6	19119761	88.81	CaTSNP6748	6	transcript_SNP	100.0
6	19156229	88.9	CaTSNP7691	6	transcript_SNP	100.0
6	19198953	88.07	CaTSNP6166	6	transcript_SNP	100.0
6	19217024	88.36	CaTSNP8986	6	transcript_SNP	99.09
6	19259996	88.07	CaTSNP8172	6	transcript_SNP	100.0
6	19263370	88.31	CaTSNP7838	6	transcript_SNP	100.0
6	19324016	88.79	CaTSNP6695	6	transcript_SNP	99.12
6	19467583	88.51	CaTSNP6178	6	transcript_SNP	100.0
6	19483934	88.78	CaTSNP7914	6	transcript_SNP	100.0
6	19494509	88.77	CaTSNP7510	6	transcript_SNP	99.17
6	19522620	88.71	CaTSNP6009	6	transcript_SNP	100.0
6	19527363	88.51	CaTSNP6229	6	transcript_SNP	100.0
6	19527363	88.85	CaTSNP6228	6	transcript_SNP	100.0
6	19556291	89.3	CaSNP2661	6	genomic_SNP	100.0
6	19675057	89.33	CaTSNP6620	6	transcript_SNP	100.0
6	19716520	89.27	CaTSNP7249	6	transcript_SNP	100.0
6	20516855	89.65	CaSNP4216	6	genomic_SNP	99.17
6	20519295	89.52	CaTSNP7147	6	transcript_SNP	100.0
6	20557811	89.52	CaTSNP8229	6	transcript_SNP	100.0
6	20563486	89.47	CaSNP1975	6	genomic_SNP	100.0
6	20614591	89.39	CaTSNP6256	6	transcript_SNP	100.0
6	20744196	89.73	CaSNP3185	6	genomic_SNP	99.17
6	20778666	89.54	CaTSNP6119	6	transcript_SNP	100.0
6	20778666	89.54	CaTSNP7821	6	transcript_SNP	100.0
6	20779907	89.58	CaSNP2913	6	genomic_SNP	99.17
6	20872060	89.93	CaSNP2267	6	genomic_SNP	99.17
6	20924172	89.28	CaSNP3057	6	genomic_SNP	99.18
6	20998659	89.43	CaTSNP7779	6	transcript_SNP	99.17
6	20998659	89.43	CaTSNP7837	6	transcript_SNP	99.17
6	21063518	89.52	CaTSNP7593	6	transcript_SNP	100.0
6	21090993	89.65	CaSNP4525	6	genomic_SNP	100.0
6	21161254	89.28	CaSNP3900	6	genomic_SNP	100.0
6	21163167	89.33	CaTSNP7084	6	transcript_SNP	99.05
6	21183288	89.52	CaTSNP7052	6	transcript_SNP	100.0
6	21218306	89.65	CaSNP3508	6	genomic_SNP	99.17
6	21279321	89.58	CaSNP4037	6	genomic_SNP	99.17
6	21369751	89.49	CaTSNP8644	6	transcript_SNP	100.0
6	21373098	89.15	CaTSNP7797	6	transcript_SNP	100.0
6	21430346	89.28	CaSNP2101	6	genomic_SNP	100.0
6	21506224	89.28	CaSNP4276	6	genomic_SNP	100.0
6	21554454	89.63	CaSNP2142	6	genomic_SNP	100.0
6	21586022	89.52	CaTSNP6644	6	transcript_SNP	100.0
6	21674185	89.88	CaSNP2499	6	genomic_SNP	100.0
6	21751642	89.5	CaSNP2438	6	genomic_SNP	100.0
6	21893466	89.93	CaSNP2590	6	genomic_SNP	99.17
6	21939159	90.23	CaTSNP7099	6	transcript_SNP	100.0
6	21984145	90.23	CaTSNP8514	6	transcript_SNP	99.17
6	22009080	90.03	CaSNP2988	6	genomic_SNP	100.0
6	22087244	90.44	CaSNP3552	6	genomic_SNP	99.17
6	22133906	90.49	CaSNP3325	6	genomic_SNP	99.17
6	22203284	90.6	CaTSNP8779	6	transcript_SNP	100.0
6	22217104	90.6	CaTSNP7487	6	transcript_SNP	100.0
6	22358458	90.6	CaTSNP6824	6	transcript_SNP	100.0
6	22372894	90.62	CaTSNP7745	6	transcript_SNP	99.17
6	22483844	90.49	CaSNP2077	6	genomic_SNP	99.17
6	22982752	93.01	CaSNP3701	6	genomic_SNP	99.17
6	23001584	92.98	CaSNP2716	6	genomic_SNP	99.17
6	23017416	92.54	CaTSNP9105	6	transcript_SNP	100.0
6	23145038	92.62	CaTSNP7949	6	transcript_SNP	100.0
6	23190959	92.92	CaSNP2031	6	genomic_SNP	99.17
6	23297216	93.26	CaTSNP6368	6	transcript_SNP	99.17
6	23299077	93.19	CaTSNP8467	6	transcript_SNP	99.17
6	23361525	93.06	CaTSNP6433	6	transcript_SNP	100.0
6	23380313	93.1	CaTSNP6669	6	transcript_SNP	99.17
6	23405510	93.1	CaTSNP8344	6	transcript_SNP	100.0
6	23422626	93.51	CaSNP2019	6	genomic_SNP	100.0
6	23445384	93.44	CaTSNP7920	6	transcript_SNP	100.0
6	23513953	93.35	CaTSNP7934	6	transcript_SNP	100.0
6	23542408	93.5	CaSNP4676	6	genomic_SNP	100.0
6	23603887	93.44	CaTSNP7625	6	transcript_SNP	100.0
6	23606539	93.8	CaSNP2341	6	genomic_SNP	100.0
6	23907762	93.88	CaSNP2190	6	genomic_SNP	98.36
6	23929669	93.5	CaSNP3419	6	genomic_SNP	100.0
6	23931168	93.44	CaTSNP6627	6	transcript_SNP	100.0
6	23964309	93.41	CaTSNP7194	6	transcript_SNP	100.0
6	24051712	93.5	CaSNP2761	6	genomic_SNP	100.0
6	24168771	93.85	CaSNP2620	6	genomic_SNP	99.17
6	24346894	93.47	CaSNP1976	6	genomic_SNP	100.0
6	24374595	93.49	CaTSNP6403	6	transcript_SNP	100.0
6	24456965	93.53	CaTSNP8016	6	transcript_SNP	100.0
6	24474378	93.93	CaSNP5126	6	genomic_SNP	99.17
6	24586465	93.83	CaTSNP6828	6	transcript_SNP	100.0
6	24653901	94.48	CaSNP2788	6	genomic_SNP	99.17
6	24663559	94.48	CaSNP4708	6	genomic_SNP	99.17
6	26353116	87.31	CaTSNP6158	6	transcript_SNP	100.0
6	26405857	87.1	CaTSNP8627	6	transcript_SNP	100.0
6	26424151	88.93	CaSNP2049	6	genomic_SNP	99.17
6	26451157	86.86	CaTSNP6434	6	transcript_SNP	100.0
6	26472894	87.09	CaTSNP6843	6	transcript_SNP	100.0
6	26549947	88.61	CaSNP2159	6	genomic_SNP	100.0
6	26656332	88.87	CaSNP3133	6	genomic_SNP	98.36
6	26734039	87.18	CaTSNP8024	6	transcript_SNP	100.0
6	26758049	85.77	CaTSNP7464	6	transcript_SNP	100.0
6	26769216	87.6	CaTSNP7627	6	transcript_SNP	100.0
6	26811216	87.24	CaTSNP6118	6	transcript_SNP	100.0
6	26819556	87.34	CaTSNP6758	6	transcript_SNP	99.17
6	27055020	89.44	CaTSNP6108	6	transcript_SNP	100.0
6	27146001	89.97	CaSNP2622	6	genomic_SNP	99.17
6	27312500	90.56	CaSNP3931	6	genomic_SNP	100.0
6	27330059	89.94	CaTSNP8423	6	transcript_SNP	100.0
6	27378942	89.61	CaTSNP8312	6	transcript_SNP	100.0
6	27490446	91.19	CaSNP2582	6	genomic_SNP	99.17
6	27511541	90.58	CaTSNP7144	6	transcript_SNP	100.0
6	27665617	90.23	CaTSNP7107	6	transcript_SNP	100.0
6	27823690	91.28	CaSNP2911	6	genomic_SNP	99.17
6	27853106	90.62	CaTSNP6589	6	transcript_SNP	99.0
6	27896961	90.58	CaTSNP6944	6	transcript_SNP	100.0
6	27937045	91.28	CaSNP4751	6	genomic_SNP	100.0
6	27983191	90.82	CaSNP3164	6	genomic_SNP	100.0
6	28026031	90.82	CaSNP3281	6	genomic_SNP	99.17
6	28103881	91.3	CaSNP3389	6	genomic_SNP	100.0
6	28174893	89.95	CaSNP2828	6	genomic_SNP	99.17
6	28584174	91.11	CaSNP3147	6	genomic_SNP	99.17
6	28593788	90.55	CaTSNP6324	6	transcript_SNP	100.0
6	28859886	90.99	CaSNP2353	6	genomic_SNP	99.17
6	28916143	90.82	CaSNP2959	6	genomic_SNP	100.0
6	28977897	91.24	CaSNP3481	6	genomic_SNP	99.17
6	29268289	95.19	CaTSNP8187	6	transcript_SNP	100.0
6	29276728	95.26	CaSNP2248	6	genomic_SNP	99.17
6	29277822	95.15	CaTSNP6745	6	transcript_SNP	100.0
6	29364766	95.26	CaSNP2126	6	genomic_SNP	100.0
6	29644578	95.17	CaSNP4825	6	genomic_SNP	99.17
6	29691987	95.22	CaSNP4391	6	genomic_SNP	99.17
6	29925640	95.25	CaSNP3042	6	genomic_SNP	99.17
6	29941329	95.15	CaTSNP6588	6	transcript_SNP	100.0
6	29962287	94.92	CaSNP3764	6	genomic_SNP	99.17
6	30109931	95.12	CaSNP3538	6	genomic_SNP	100.0
6	30179419	95.18	CaSNP3728	6	genomic_SNP	100.0
6	30282718	95.15	CaTSNP8901	6	transcript_SNP	99.16
6	30303758	95.13	CaSNP3528	6	genomic_SNP	100.0
6	30403478	95.27	CaSNP4207	6	genomic_SNP	99.18
6	30417459	95.13	CaTSNP6437	6	transcript_SNP	99.17
6	30445274	95.27	CaSNP4787	6	genomic_SNP	99.18
6	30487590	95.24	CaSNP5001	6	genomic_SNP	100.0
6	30567154	95.43	CaSNP2684	6	genomic_SNP	99.17
6	30642701	95.26	CaSNP4314	6	genomic_SNP	99.17
6	30674109	95.15	CaTSNP9011	6	transcript_SNP	100.0
6	30862546	95.26	CaSNP4335	6	genomic_SNP	99.17
6	30930887	95.18	CaSNP2247	6	genomic_SNP	99.17
6	31013014	95.22	CaSNP2416	6	genomic_SNP	99.17
6	31252924	95.25	CaSNP2441	6	genomic_SNP	99.17
6	31345230	95.26	CaSNP3041	6	genomic_SNP	100.0
6	31423039	95.27	CaSNP4891	6	genomic_SNP	99.17
6	31475466	95.26	CaSNP4382	6	genomic_SNP	99.17
6	31575635	95.62	CaTSNP7071	6	transcript_SNP	100.0
6	31616028	95.18	CaSNP4133	6	genomic_SNP	100.0
6	31652173	95.43	CaTSNP8429	6	transcript_SNP	99.17
6	31654122	96.05	CaSNP4348	6	genomic_SNP	100.0
6	31889712	95.46	CaTSNP7421	6	transcript_SNP	99.17
6	31892718	95.25	CaSNP2467	6	genomic_SNP	100.0
6	31978370	95.19	CaSNP4444	6	genomic_SNP	100.0
6	31990346	85.98	CaTSNP7139	6	transcript_SNP	100.0
6	32034989	95.26	CaSNP3007	6	genomic_SNP	99.17
6	32100332	95.17	CaSNP2220	6	genomic_SNP	99.17
6	32141010	95.23	CaSNP2968	6	genomic_SNP	100.0
6	32142331	95.46	CaTSNP6179	6	transcript_SNP	99.17
6	32152843	95.67	CaTSNP8218	6	transcript_SNP	100.0
6	32278935	95.49	CaTSNP8778	6	transcript_SNP	100.0
6	32286972	95.46	CaTSNP8714	6	transcript_SNP	100.0
6	32493135	95.18	CaSNP2113	6	genomic_SNP	100.0
6	33123363	95.39	CaSNP3229	6	genomic_SNP	99.17
6	33168973	95.47	CaTSNP7345	6	transcript_SNP	100.0
6	33524880	95.24	CaSNP4877	6	genomic_SNP	99.17
6	33621308	95.28	CaSNP3031	6	genomic_SNP	100.0
6	33748067	95.38	CaSNP2850	6	genomic_SNP	100.0
6	34242341	95.15	CaSNP3223	6	genomic_SNP	100.0
6	34398377	95.17	CaSNP2157	6	genomic_SNP	99.17
6	34503035	95.46	CaSNP4242	6	genomic_SNP	99.17
6	34536249	95.46	CaTSNP9150	6	transcript_SNP	99.17
6	34622991	95.66	CaTSNP8123	6	transcript_SNP	99.17
6	34632886	95.47	CaTSNP8081	6	transcript_SNP	99.01
6	34651667	95.46	CaTSNP9139	6	transcript_SNP	100.0
6	34720031	95.29	CaSNP3640	6	genomic_SNP	100.0
6	34753154	95.01	CaSNP3710	6	genomic_SNP	100.0
6	34823355	95.29	CaSNP3596	6	genomic_SNP	99.17
6	34889930	95.15	CaSNP2751	6	genomic_SNP	99.17
6	34975530	95.29	CaSNP2297	6	genomic_SNP	99.17
6	34978379	95.47	CaTSNP6697	6	transcript_SNP	100.0
6	35223503	95.44	CaSNP4208	6	genomic_SNP	100.0
6	35267952	95.44	CaSNP4424	6	genomic_SNP	99.17
6	35505057	95.43	CaSNP2431	6	genomic_SNP	100.0
6	35541719	95.37	CaSNP3393	6	genomic_SNP	100.0
6	35754945	95.36	CaSNP5089	6	genomic_SNP	100.0
6	35955028	95.17	CaSNP2699	6	genomic_SNP	99.17
6	36092554	95.4	CaTSNP8337	6	transcript_SNP	100.0
6	36213042	95.18	CaSNP2823	6	genomic_SNP	99.17
6	36352532	95.15	CaSNP4847	6	genomic_SNP	100.0
6	36370898	95.44	CaSNP3494	6	genomic_SNP	99.17
6	36836644	95.13	CaSNP4655	6	genomic_SNP	99.17
6	36901879	106.7	CaSNP4739	6	genomic_SNP	100.0
6	37055253	95.28	CaSNP3093	6	genomic_SNP	100.0
6	37234959	95.28	CaSNP3833	6	genomic_SNP	99.17
6	37356861	95.44	CaSNP4198	6	genomic_SNP	99.17
6	37439861	95.29	CaSNP3613	6	genomic_SNP	99.17
6	37661643	95.44	CaSNP3112	6	genomic_SNP	99.17
6	37730761	95.44	CaSNP4495	6	genomic_SNP	99.17
6	37814535	95.39	CaSNP3945	6	genomic_SNP	100.0
6	38075034	95.42	CaSNP4098	6	genomic_SNP	100.0
6	38355301	95.18	CaSNP4845	6	genomic_SNP	100.0
6	38437864	95.17	CaSNP2710	6	genomic_SNP	99.17
6	38644271	95.25	CaSNP3310	6	genomic_SNP	99.17
6	38728626	95.29	CaSNP3632	6	genomic_SNP	100.0
6	38791020	95.48	CaSNP3660	6	genomic_SNP	99.17
6	38853405	95.17	CaSNP4248	6	genomic_SNP	100.0
6	39178867	95.39	CaSNP4273	6	genomic_SNP	100.0
6	39242007	95.18	CaSNP3013	6	genomic_SNP	100.0
6	39324408	95.44	CaSNP4684	6	genomic_SNP	99.17
6	39382371	95.17	CaSNP4639	6	genomic_SNP	99.17
6	39432878	95.18	CaSNP3415	6	genomic_SNP	100.0
6	39616537	95.44	CaSNP2468	6	genomic_SNP	100.0
6	39700551	95.22	CaSNP4579	6	genomic_SNP	99.17
6	39821206	95.83	CaSNP3369	6	genomic_SNP	100.0
6	39850073	95.18	CaSNP3969	6	genomic_SNP	100.0
6	40009297	95.43	CaSNP2721	6	genomic_SNP	99.17
6	40095283	95.44	CaSNP3678	6	genomic_SNP	99.17
6	40140648	95.44	CaSNP3482	6	genomic_SNP	100.0
6	40253911	95.25	CaSNP2102	6	genomic_SNP	100.0
6	40352697	95.3	CaSNP4123	6	genomic_SNP	100.0
6	40496349	95.44	CaSNP3870	6	genomic_SNP	100.0
6	40552085	95.38	CaSNP3516	6	genomic_SNP	100.0
6	40667738	95.28	CaSNP4832	6	genomic_SNP	100.0
6	40778678	95.13	CaSNP3609	6	genomic_SNP	99.17
6	40867941	95.18	CaSNP4581	6	genomic_SNP	99.17
6	40881763	95.38	CaTSNP6367	6	transcript_SNP	100.0
6	40958976	95.46	CaTSNP7529	6	transcript_SNP	100.0
6	40962735	95.22	CaSNP4104	6	genomic_SNP	99.17
6	41251765	95.53	CaTSNP7915	6	transcript_SNP	100.0
6	41280616	95.17	CaSNP4025	6	genomic_SNP	99.17
6	41418292	95.28	CaSNP2537	6	genomic_SNP	100.0
6	41471429	95.18	CaSNP4007	6	genomic_SNP	99.17
6	41516908	95.2	CaSNP4441	6	genomic_SNP	99.17
6	41684260	95.44	CaSNP3262	6	genomic_SNP	100.0
6	41741212	95.29	CaSNP2962	6	genomic_SNP	99.17
6	41868528	95.14	CaSNP4487	6	genomic_SNP	100.0
6	41938424	95.28	CaSNP4061	6	genomic_SNP	99.17
6	42316061	95.17	CaSNP4077	6	genomic_SNP	99.17
6	42376452	95.2	CaSNP4521	6	genomic_SNP	100.0
6	42523587	95.25	CaSNP3602	6	genomic_SNP	99.17
6	42919899	95.28	CaSNP5099	6	genomic_SNP	99.17
6	43814153	95.18	CaSNP2354	6	genomic_SNP	99.17
6	43950779	95.46	CaTSNP7167	6	transcript_SNP	100.0
6	44012843	95.17	CaSNP1990	6	genomic_SNP	100.0
6	44022850	95.65	CaTSNP8630	6	transcript_SNP	100.0
6	44056250	95.51	CaTSNP6854	6	transcript_SNP	99.17
6	44179438	95.19	CaSNP3529	6	genomic_SNP	99.17
6	44247133	95.4	CaSNP4301	6	genomic_SNP	99.17
6	44371287	95.39	CaSNP4586	6	genomic_SNP	100.0
6	44431078	95.29	CaSNP3171	6	genomic_SNP	100.0
6	45037509	95.28	CaSNP4815	6	genomic_SNP	99.17
6	45115986	95.47	CaTSNP7999	6	transcript_SNP	99.17
6	45207771	95.17	CaSNP2715	6	genomic_SNP	100.0
6	45308876	95.43	CaSNP3979	6	genomic_SNP	100.0
6	46519375	95.28	CaSNP2417	6	genomic_SNP	100.0
6	46615285	95.13	CaSNP4786	6	genomic_SNP	100.0
6	46698043	95.18	CaSNP3296	6	genomic_SNP	99.17
6	46955683	95.4	CaSNP2255	6	genomic_SNP	100.0
6	47025467	95.11	CaSNP4618	6	genomic_SNP	99.17
6	47264308	95.28	CaSNP3535	6	genomic_SNP	100.0
6	47377340	95.46	CaSNP2355	6	genomic_SNP	100.0
6	47433325	95.46	CaTSNP6645	6	transcript_SNP	100.0
6	47450137	95.17	CaSNP3055	6	genomic_SNP	99.17
6	47539868	95.29	CaSNP3716	6	genomic_SNP	100.0
6	47593778	95.18	CaSNP3853	6	genomic_SNP	98.36
6	47824347	95.44	CaSNP3239	6	genomic_SNP	100.0
6	47884222	95.13	CaSNP3065	6	genomic_SNP	99.17
6	47997785	95.29	CaSNP3546	6	genomic_SNP	100.0
6	48107127	95.47	CaTSNP7429	6	transcript_SNP	100.0
6	48163226	95.46	CaTSNP8511	6	transcript_SNP	99.17
6	48173821	95.16	CaSNP2418	6	genomic_SNP	99.17
6	48225577	95.03	CaSNP4455	6	genomic_SNP	99.17
6	48362552	95.13	CaSNP3775	6	genomic_SNP	99.18
6	48699499	95.27	CaSNP4023	6	genomic_SNP	100.0
6	48732943	95.28	CaSNP4504	6	genomic_SNP	99.17
6	48888241	95.29	CaSNP4397	6	genomic_SNP	100.0
6	49081356	95.43	CaSNP4257	6	genomic_SNP	100.0
6	49102487	95.46	CaTSNP8918	6	transcript_SNP	100.0
6	49179222	95.17	CaSNP4140	6	genomic_SNP	99.17
6	49232571	95.47	CaTSNP8638	6	transcript_SNP	99.17
6	49332612	95.47	CaTSNP7948	6	transcript_SNP	100.0
6	49383271	95.49	CaTSNP6242	6	transcript_SNP	99.17
6	49475290	95.17	CaSNP5067	6	genomic_SNP	100.0
6	49521559	95.47	CaTSNP8635	6	transcript_SNP	100.0
6	49634053	95.48	CaTSNP6370	6	transcript_SNP	100.0
6	49762890	95.27	CaSNP3035	6	genomic_SNP	100.0
6	49874913	95.48	CaTSNP6265	6	transcript_SNP	99.17
6	49925827	95.44	CaSNP2116	6	genomic_SNP	100.0
6	49928230	95.46	CaTSNP9097	6	transcript_SNP	100.0
6	49959730	95.47	CaTSNP6615	6	transcript_SNP	100.0
6	50032063	95.21	CaSNP3591	6	genomic_SNP	99.17
6	50056522	95.5	CaSNP2363	6	genomic_SNP	99.17
6	50217956	95.46	CaTSNP7935	6	transcript_SNP	100.0
6	50243802	95.25	CaSNP2405	6	genomic_SNP	99.17
6	50392768	95.39	CaSNP2750	6	genomic_SNP	100.0
6	50463072	95.29	CaSNP3445	6	genomic_SNP	99.17
6	50519704	95.17	CaSNP2786	6	genomic_SNP	99.17
6	50597431	95.46	CaTSNP6566	6	transcript_SNP	100.0
6	50690360	95.48	CaTSNP7454	6	transcript_SNP	100.0
6	50708491	95.47	CaTSNP7485	6	transcript_SNP	99.17
6	50738905	95.31	CaSNP4963	6	genomic_SNP	100.0
6	50778682	95.44	CaSNP5073	6	genomic_SNP	100.0
6	50916190	95.37	CaSNP4941	6	genomic_SNP	100.0
6	50948100	95.17	CaSNP3066	6	genomic_SNP	99.17
6	51012313	95.18	CaSNP4601	6	genomic_SNP	100.0
6	51015628	95.47	CaTSNP8861	6	transcript_SNP	100.0
6	51056848	95.18	CaSNP3685	6	genomic_SNP	99.17
6	51263338	94.08	CaTSNP6740	6	transcript_SNP	99.09
6	51264349	94.32	CaSNP3351	6	genomic_SNP	100.0
6	51339557	94.1	CaTSNP8150	6	transcript_SNP	100.0
6	51381171	94.1	CaTSNP6111	6	transcript_SNP	100.0
6	51407947	94.08	CaTSNP8693	6	transcript_SNP	97.39
6	51419533	94.08	CaTSNP8360	6	transcript_SNP	100.0
6	51420947	94.46	CaSNP3118	6	genomic_SNP	100.0
6	51457063	94.48	CaSNP3893	6	genomic_SNP	99.17
6	51878768	95.43	CaSNP2986	6	genomic_SNP	100.0
6	52043435	94.48	CaSNP2778	6	genomic_SNP	99.17
6	52089322	94.47	CaSNP4733	6	genomic_SNP	99.17
6	52166378	94.18	CaSNP4293	6	genomic_SNP	99.17
6	52348588	94.08	CaTSNP6772	6	transcript_SNP	98.17
6	52414581	94.43	CaSNP2411	6	genomic_SNP	99.17
6	52449598	94.08	CaTSNP6212	6	transcript_SNP	100.0
6	52452323	94.08	CaTSNP6211	6	transcript_SNP	100.0
6	52510295	93.89	CaTSNP7775	6	transcript_SNP	100.0
6	52510295	94.08	CaTSNP7831	6	transcript_SNP	99.17
6	52602223	94.49	CaSNP2055	6	genomic_SNP	100.0
6	52684102	94.48	CaSNP3166	6	genomic_SNP	100.0
6	53095650	94.49	CaSNP4021	6	genomic_SNP	99.17
6	53134182	94.49	CaSNP2181	6	genomic_SNP	100.0
6	53165449	94.1	CaTSNP8372	6	transcript_SNP	100.0
6	53267234	93.85	CaTSNP7660	6	transcript_SNP	100.0
6	53349518	87.89	CaTSNP8946	6	transcript_SNP	100.0
6	53422936	89.28	CaSNP3770	6	genomic_SNP	99.17
6	53454843	88.6	CaSNP4632	6	genomic_SNP	99.17
6	53484829	89.28	CaSNP2800	6	genomic_SNP	99.17
6	53614160	87.47	CaSNP3993	6	genomic_SNP	99.17
6	53694062	88.04	CaSNP2273	6	genomic_SNP	99.17
6	53743295	86.75	CaTSNP8266	6	transcript_SNP	100.0
6	53765717	86.37	CaSNP3618	6	genomic_SNP	100.0
6	53819765	86.24	CaSNP2038	6	genomic_SNP	100.0
6	54116638	88.66	CaSNP3560	6	genomic_SNP	99.17
6	54152249	88.04	CaSNP4896	6	genomic_SNP	99.17
6	54237815	87.1	CaTSNP6680	6	transcript_SNP	100.0
6	54265364	88.91	CaSNP4343	6	genomic_SNP	99.17
6	54268481	87.04	CaTSNP8936	6	transcript_SNP	99.17
6	54335453	77.83	CaSNP4084	6	genomic_SNP	100.0
6	54358318	87.56	CaTSNP6733	6	transcript_SNP	100.0
6	54686559	95.17	CaSNP2393	6	genomic_SNP	99.17
6	54809303	95.19	CaSNP3382	6	genomic_SNP	100.0
6	54856617	95.43	CaSNP4407	6	genomic_SNP	100.0
6	54972801	95.17	CaSNP5080	6	genomic_SNP	99.17
6	54996962	95.17	CaSNP4332	6	genomic_SNP	99.17
6	55177074	95.24	CaSNP3298	6	genomic_SNP	100.0
6	55249118	95.4	CaSNP3965	6	genomic_SNP	100.0
6	55490108	95.3	CaSNP4547	6	genomic_SNP	98.35
6	55670829	95.4	CaSNP4950	6	genomic_SNP	99.17
6	55695510	95.44	CaTSNP7461	6	transcript_SNP	100.0
6	55719441	95.39	CaSNP2657	6	genomic_SNP	99.17
6	55894159	95.24	CaSNP4590	6	genomic_SNP	99.17
6	56027280	95.46	CaTSNP7042	6	transcript_SNP	100.0
6	56101390	95.01	CaSNP3305	6	genomic_SNP	100.0
6	56163120	95.36	CaSNP2303	6	genomic_SNP	100.0
6	57375099	85.28	CaTSNP6284	6	transcript_SNP	100.0
6	57546022	83.58	CaTSNP8155	6	transcript_SNP	100.0
6	57688937	82.13	CaTSNP8173	6	transcript_SNP	100.0
6	57721635	81.61	CaSNP5068	6	genomic_SNP	100.0
6	57813173	80.99	CaTSNP7903	6	transcript_SNP	100.0
6	57930322	79.28	CaTSNP8028	6	transcript_SNP	100.0
6	57937744	79.25	CaTSNP9074	6	transcript_SNP	100.0
6	57948266	79.19	CaTSNP6468	6	transcript_SNP	100.0
6	58063039	78.44	CaTSNP9069	6	transcript_SNP	100.0
6	58080238	78.88	CaTSNP7696	6	transcript_SNP	100.0
6	58172928	78.65	CaTSNP8990	6	transcript_SNP	100.0
6	58187278	78.43	CaTSNP7400	6	transcript_SNP	99.12
6	58272811	78.2	CaTSNP6110	6	transcript_SNP	100.0
6	58296728	78.27	CaTSNP9016	6	transcript_SNP	100.0
6	58385066	78.27	CaTSNP7303	6	transcript_SNP	100.0
6	58410613	78.27	CaTSNP7157	6	transcript_SNP	100.0
6	58434472	79.8	CaSNP4962	6	genomic_SNP	99.17
6	58529519	80.16	CaSNP2717	6	genomic_SNP	99.17
6	58555110	77.94	CaTSNP6414	6	transcript_SNP	100.0
6	58613889	77.11	CaTSNP8039	6	transcript_SNP	100.0
6	58643965	77.11	CaTSNP7662	6	transcript_SNP	100.0
6	58651641	77.15	CaTSNP8077	6	transcript_SNP	100.0
6	58780551	76.4	CaSNP1946	6	genomic_SNP	100.0
6	58880047	75.31	CaTSNP8184	6	transcript_SNP	100.0
6	58908045	75.02	CaTSNP6959	6	transcript_SNP	100.0
6	58951583	74.59	CaTSNP8559	6	transcript_SNP	100.0
6	59151216	74.59	CaTSNP8739	6	transcript_SNP	100.0
6	59156846	72.87	CaSNP2133	6	genomic_SNP	99.17
6	59168775	73.99	CaTSNP6186	6	transcript_SNP	99.17
6	59184155	73.61	CaTSNP7111	6	transcript_SNP	100.0
6	59195318	72.73	CaSNP4488	6	genomic_SNP	99.17
6	59224156	72.97	CaTSNP8769	6	transcript_SNP	100.0
6	59229294	71.69	CaSNP3295	6	genomic_SNP	99.17
7	15626	69.38	CaTSNP6976	7	transcript_SNP	100.0
7	218403	68.48	CaSNP3469	7	genomic_SNP	100.0
7	229858	69.47	CaTSNP8348	7	transcript_SNP	100.0
7	676799	69.72	CaTSNP9121	7	transcript_SNP	99.17
7	683245	69.79	CaTSNP8036	7	transcript_SNP	100.0
7	781651	70.32	CaTSNP8854	7	transcript_SNP	99.17
7	799392	70.29	CaTSNP9081	7	transcript_SNP	99.06
7	845488	70.3	CaTSNP6029	7	transcript_SNP	99.17
7	922332	70.39	CaTSNP8962	7	transcript_SNP	100.0
7	923236	69.29	CaSNP2969	7	genomic_SNP	100.0
7	989421	70.3	CaTSNP8132	7	transcript_SNP	100.0
7	1010674	68.63	CaSNP4060	7	genomic_SNP	99.17
7	1025158	68.67	CaSNP4379	7	genomic_SNP	100.0
7	1063095	70.32	CaTSNP6411	7	transcript_SNP	99.17
7	1089771	70.27	CaTSNP7861	7	transcript_SNP	100.0
7	1171922	68.59	CaSNP2227	7	genomic_SNP	98.36
7	1293562	70.34	CaTSNP6681	7	transcript_SNP	99.17
7	1348496	70.36	CaTSNP8166	7	transcript_SNP	100.0
7	1434040	70.33	CaTSNP8912	7	transcript_SNP	100.0
7	1466676	70.33	CaTSNP8881	7	transcript_SNP	100.0
7	1480931	70.33	CaTSNP8713	7	transcript_SNP	100.0
7	1488342	70.21	CaTSNP6151	7	transcript_SNP	99.17
7	1511570	70.42	CaTSNP8899	7	transcript_SNP	100.0
7	1641892	70.35	CaTSNP7714	7	transcript_SNP	100.0
7	1740801	70.33	CaTSNP7253	7	transcript_SNP	98.06
7	1862909	70.34	CaTSNP6592	7	transcript_SNP	100.0
7	1941088	70.44	CaTSNP8343	7	transcript_SNP	99.09
7	2152661	70.75	CaTSNP8670	7	transcript_SNP	99.17
7	2172775	70.76	CaTSNP8695	7	transcript_SNP	100.0
7	2270578	69.64	CaSNP2114	7	genomic_SNP	100.0
7	2364536	70.75	CaTSNP7288	7	transcript_SNP	100.0
7	2369110	70.75	CaTSNP7621	7	transcript_SNP	100.0
7	2374452	69.35	CaSNP3165	7	genomic_SNP	99.18
7	2451028	71.2	CaTSNP6495	7	transcript_SNP	100.0
7	2462387	71.22	CaTSNP7643	7	transcript_SNP	100.0
7	2552722	69.74	CaSNP1939	7	genomic_SNP	100.0
7	2614612	71.62	CaTSNP7185	7	transcript_SNP	100.0
7	2713145	67.97	CaTSNP7839	7	transcript_SNP	100.0
7	2950784	72.65	CaSNP2408	7	genomic_SNP	100.0
7	3012725	72.33	CaTSNP9084	7	transcript_SNP	99.17
7	3040045	72.31	CaTSNP7219	7	transcript_SNP	100.0
7	3089725	72.33	CaTSNP8493	7	transcript_SNP	100.0
7	3148070	72.33	CaTSNP6475	7	transcript_SNP	100.0
7	3191911	72.64	CaSNP5121	7	genomic_SNP	100.0
7	3217916	72.31	CaTSNP7511	7	transcript_SNP	100.0
7	3237270	72.15	CaTSNP6123	7	transcript_SNP	99.07
7	3286022	72.98	CaSNP5051	7	genomic_SNP	99.17
7	3306754	73.29	CaTSNP8314	7	transcript_SNP	100.0
7	3352164	73.42	CaTSNP9044	7	transcript_SNP	100.0
7	3355627	73.42	CaTSNP8593	7	transcript_SNP	100.0
7	3453471	73.78	CaTSNP8562	7	transcript_SNP	99.17
7	3491484	74.31	CaTSNP9151	7	transcript_SNP	100.0
7	3506646	73.77	CaSNP1966	7	genomic_SNP	99.17
7	3692063	74.06	CaTSNP6360	7	transcript_SNP	100.0
7	3798239	74.96	CaTSNP8734	7	transcript_SNP	100.0
7	3932870	75.02	CaTSNP8975	7	transcript_SNP	100.0
7	3984419	74.97	CaTSNP8764	7	transcript_SNP	99.17
7	4106393	74.94	CaTSNP7373	7	transcript_SNP	100.0
7	4190822	75.75	CaTSNP6397	7	transcript_SNP	100.0
7	4239978	75.79	CaTSNP6455	7	transcript_SNP	100.0
7	4290107	75.79	CaTSNP8313	7	transcript_SNP	100.0
7	4335248	76.16	CaTSNP8486	7	transcript_SNP	100.0
7	4470378	76.2	CaTSNP7930	7	transcript_SNP	100.0
7	4484159	76.15	CaTSNP6851	7	transcript_SNP	100.0
7	4487561	76.2	CaTSNP6963	7	transcript_SNP	100.0
7	4559903	76.16	CaSNP2701	7	genomic_SNP	99.17
7	4567493	76.2	CaTSNP7438	7	transcript_SNP	99.17
7	4573620	76.2	CaTSNP8254	7	transcript_SNP	100.0
7	4598778	76.19	CaTSNP6374	7	transcript_SNP	100.0
7	4725727	76.11	CaTSNP9047	7	transcript_SNP	100.0
7	4747668	76.27	CaTSNP6821	7	transcript_SNP	100.0
7	4769149	76.22	CaTSNP8757	7	transcript_SNP	99.17
7	4778251	76.29	CaTSNP8124	7	transcript_SNP	99.17
7	4812606	76.2	CaTSNP8273	7	transcript_SNP	100.0
7	4900922	76.56	CaTSNP6625	7	transcript_SNP	100.0
7	4907315	76.59	CaTSNP7452	7	transcript_SNP	100.0
7	4953857	76.55	CaSNP2561	7	genomic_SNP	99.17
7	5252858	76.64	CaTSNP6782	7	transcript_SNP	100.0
7	5307296	76.56	CaTSNP7931	7	transcript_SNP	100.0
7	5316038	76.59	CaTSNP6276	7	transcript_SNP	100.0
7	5317109	76.58	CaSNP1944	7	genomic_SNP	99.17
7	5528402	76.59	CaTSNP6121	7	transcript_SNP	100.0
7	5563740	76.5	CaSNP2457	7	genomic_SNP	99.17
7	5568566	76.62	CaTSNP6886	7	transcript_SNP	100.0
7	5595795	76.72	CaTSNP6945	7	transcript_SNP	100.0
7	5657161	76.62	CaTSNP6419	7	transcript_SNP	100.0
7	5734209	76.55	CaSNP3330	7	genomic_SNP	100.0
7	5846767	76.81	CaSNP2188	7	genomic_SNP	100.0
7	5946761	76.74	CaTSNP6338	7	transcript_SNP	98.98
7	6029991	76.99	CaTSNP8161	7	transcript_SNP	100.0
7	6114594	76.96	CaTSNP8954	7	transcript_SNP	99.17
7	6156018	77.01	CaTSNP7829	7	transcript_SNP	100.0
7	6229181	76.82	CaTSNP7819	7	transcript_SNP	100.0
7	6243807	76.99	CaTSNP8771	7	transcript_SNP	99.17
7	6257765	76.82	CaTSNP6176	7	transcript_SNP	100.0
7	6257765	76.96	CaTSNP8385	7	transcript_SNP	100.0
7	6387377	78.71	CaTSNP6563	7	transcript_SNP	100.0
7	6397545	78.7	CaTSNP7952	7	transcript_SNP	100.0
7	6564979	78.67	CaTSNP6511	7	transcript_SNP	100.0
7	6769902	79.39	CaTSNP8368	7	transcript_SNP	100.0
7	6792172	79.44	CaTSNP8568	7	transcript_SNP	100.0
7	6838895	79.46	CaTSNP9109	7	transcript_SNP	100.0
7	6857364	79.24	CaSNP2010	7	genomic_SNP	99.17
7	7119733	79.41	CaTSNP6386	7	transcript_SNP	100.0
7	7227124	80.41	CaTSNP7530	7	transcript_SNP	100.0
7	7301247	80.65	CaTSNP6102	7	transcript_SNP	99.17
7	7329964	80.39	CaTSNP6478	7	transcript_SNP	100.0
7	7342250	80.33	CaSNP3676	7	genomic_SNP	99.17
7	7392279	80.48	CaTSNP7272	7	transcript_SNP	100.0
7	7405682	80.44	CaTSNP8890	7	transcript_SNP	100.0
7	7424763	80.78	CaTSNP8294	7	transcript_SNP	100.0
7	7574159	80.67	CaTSNP8151	7	transcript_SNP	100.0
7	7699249	80.96	CaTSNP6939	7	transcript_SNP	100.0
7	7725501	80.87	CaTSNP8471	7	transcript_SNP	100.0
7	7799451	81.03	CaSNP3674	7	genomic_SNP	97.56
7	7986440	80.95	CaTSNP8070	7	transcript_SNP	100.0
7	7992919	80.77	CaTSNP6754	7	transcript_SNP	99.1
7	8041472	80.87	CaTSNP7547	7	transcript_SNP	100.0
7	8046695	80.93	CaTSNP7178	7	transcript_SNP	100.0
7	8052850	80.96	CaSNP2568	7	genomic_SNP	100.0
7	8270046	80.87	CaTSNP8542	7	transcript_SNP	100.0
7	8355207	81.19	CaSNP3519	7	genomic_SNP	100.0
7	8383068	81.19	CaSNP3211	7	genomic_SNP	100.0
7	8487790	81.46	CaTSNP8852	7	transcript_SNP	100.0
7	8515595	81.46	CaTSNP8462	7	transcript_SNP	100.0
7	8680411	81.54	CaSNP1920	7	genomic_SNP	100.0
7	8794506	81.7	CaTSNP6412	7	transcript_SNP	99.17
7	8825066	81.66	CaTSNP7912	7	transcript_SNP	99.17
7	8848748	81.6	CaTSNP6855	7	transcript_SNP	100.0
7	8916460	81.76	CaTSNP8402	7	transcript_SNP	100.0
7	8937391	81.61	CaTSNP6753	7	transcript_SNP	100.0
7	9478742	81.98	CaTSNP8177	7	transcript_SNP	99.15
7	9536012	81.89	CaTSNP9031	7	transcript_SNP	100.0
7	9549816	81.89	CaTSNP7950	7	transcript_SNP	97.46
7	9622452	81.89	CaTSNP7152	7	transcript_SNP	100.0
7	9737779	83.39	CaSNP1974	7	genomic_SNP	100.0
7	9806368	72.8	CaTSNP7760	7	transcript_SNP	100.0
7	9813520	72.73	CaTSNP8418	7	transcript_SNP	100.0
7	9827892	71.94	CaSNP2061	7	genomic_SNP	100.0
7	9927740	71.71	CaSNP2449	7	genomic_SNP	100.0
7	9999718	72.25	CaTSNP6001	7	transcript_SNP	100.0
7	10004600	71.79	CaSNP2434	7	genomic_SNP	99.17
7	10019384	72.13	CaTSNP6649	7	transcript_SNP	100.0
7	10047534	72.25	CaTSNP6418	7	transcript_SNP	100.0
7	10073151	72.49	CaTSNP7589	7	transcript_SNP	100.0
7	10089539	72.17	CaTSNP6339	7	transcript_SNP	100.0
7	10091466	72.25	CaTSNP6829	7	transcript_SNP	100.0
7	10137398	70.25	CaTSNP7123	7	transcript_SNP	100.0
7	10151974	70.23	CaTSNP7615	7	transcript_SNP	100.0
7	10329033	68.44	CaSNP2787	7	genomic_SNP	99.17
7	10387862	68.93	CaTSNP7326	7	transcript_SNP	99.17
7	10410636	68.4	CaTSNP7134	7	transcript_SNP	100.0
7	10465387	66.55	CaTSNP6366	7	transcript_SNP	100.0
7	10475705	66.55	CaTSNP7369	7	transcript_SNP	100.0
7	10520958	65.73	CaSNP2801	7	genomic_SNP	100.0
7	10594338	66.6	CaTSNP8615	7	transcript_SNP	100.0
7	10641417	65.63	CaSNP5056	7	genomic_SNP	100.0
7	10669458	65.99	CaTSNP8072	7	transcript_SNP	100.0
7	10721449	66.13	CaTSNP6550	7	transcript_SNP	100.0
7	10746128	66.06	CaTSNP8682	7	transcript_SNP	97.32
7	10811618	64.93	CaSNP1979	7	genomic_SNP	100.0
7	10862985	66.05	CaTSNP6488	7	transcript_SNP	100.0
7	11102504	64.93	CaSNP2474	7	genomic_SNP	100.0
7	11114831	66.13	CaTSNP9060	7	transcript_SNP	100.0
7	11324353	65.64	CaTSNP7447	7	transcript_SNP	100.0
7	11465531	63.86	CaSNP2054	7	genomic_SNP	99.17
7	11546155	65.72	CaTSNP6379	7	transcript_SNP	100.0
7	11546254	65.56	CaTSNP7738	7	transcript_SNP	100.0
7	11686238	67.06	CaTSNP6701	7	transcript_SNP	100.0
7	11709946	65.39	CaTSNP6400	7	transcript_SNP	99.17
7	11767905	65.62	CaTSNP8984	7	transcript_SNP	100.0
7	11857722	63.43	CaSNP4151	7	genomic_SNP	99.17
7	11891141	65.47	CaTSNP9018	7	transcript_SNP	100.0
7	11945520	65.26	CaTSNP7044	7	transcript_SNP	100.0
7	12032270	64.62	CaSNP2208	7	genomic_SNP	100.0
7	12045254	65.15	CaTSNP8536	7	transcript_SNP	99.17
7	12124805	63.45	CaSNP2183	7	genomic_SNP	100.0
7	12323786	61.9	CaSNP4360	7	genomic_SNP	99.17
7	12392031	62.71	CaSNP2216	7	genomic_SNP	100.0
7	12688330	60.33	CaSNP3010	7	genomic_SNP	99.17
7	12750326	60.48	CaTSNP6200	7	transcript_SNP	100.0
7	12750326	60.5	CaTSNP8780	7	transcript_SNP	100.0
7	12763999	59.18	CaSNP3247	7	genomic_SNP	99.17
7	12792362	60.7	CaTSNP8174	7	transcript_SNP	100.0
7	12843482	59.02	CaTSNP8216	7	transcript_SNP	100.0
7	12945246	57.56	CaSNP1925	7	genomic_SNP	99.17
7	13031914	57.63	CaSNP3260	7	genomic_SNP	100.0
7	13066248	57.04	CaSNP3046	7	genomic_SNP	100.0
7	13217887	57.02	CaSNP2265	7	genomic_SNP	100.0
7	13449275	57.26	CaSNP4070	7	genomic_SNP	99.17
7	13484767	56.85	CaTSNP6286	7	transcript_SNP	100.0
7	13488412	55.68	CaSNP4796	7	genomic_SNP	100.0
7	13521304	56.73	CaTSNP7068	7	transcript_SNP	100.0
7	13553336	55.72	CaSNP2562	7	genomic_SNP	100.0
7	13580973	56.83	CaTSNP6757	7	transcript_SNP	100.0
7	13671157	56.89	CaTSNP6076	7	transcript_SNP	100.0
7	13813612	55.71	CaSNP3435	7	genomic_SNP	100.0
7	13914033	57.07	CaTSNP7046	7	transcript_SNP	100.0
7	13973678	56.54	CaSNP2179	7	genomic_SNP	99.17
7	14185926	56.74	CaSNP2367	7	genomic_SNP	100.0
7	14204091	57.5	CaTSNP8914	7	transcript_SNP	100.0
7	14219995	57.1	CaTSNP8992	7	transcript_SNP	100.0
7	14235912	56.82	CaSNP3664	7	genomic_SNP	99.17
7	14311239	56.57	CaSNP3593	7	genomic_SNP	99.17
7	14354183	56.62	CaSNP3349	7	genomic_SNP	99.17
7	14478108	56.95	CaSNP4820	7	genomic_SNP	99.17
7	14560071	56.33	CaSNP2818	7	genomic_SNP	100.0
7	14628797	56.66	CaTSNP6981	7	transcript_SNP	99.17
7	14639954	56.87	CaTSNP6444	7	transcript_SNP	99.17
7	14685034	56.54	CaTSNP7479	7	transcript_SNP	100.0
7	14770876	55.86	CaSNP2365	7	genomic_SNP	100.0
7	14833931	57.05	CaTSNP6955	7	transcript_SNP	100.0
7	14869214	57.46	CaSNP2335	7	genomic_SNP	99.18
7	15027204	56.56	CaTSNP7872	7	transcript_SNP	100.0
7	15027204	56.87	CaTSNP7788	7	transcript_SNP	100.0
7	15137348	53.08	CaSNP4090	7	genomic_SNP	99.17
7	15148687	55.77	CaTSNP7344	7	transcript_SNP	98.97
7	15244852	52.75	CaSNP2253	7	genomic_SNP	100.0
7	15399507	55.38	CaTSNP6856	7	transcript_SNP	100.0
7	15415489	52.34	CaSNP4153	7	genomic_SNP	100.0
7	15593019	54.66	CaSNP4028	7	genomic_SNP	100.0
7	15655107	52.43	CaSNP4849	7	genomic_SNP	100.0
7	15685562	57.58	CaSNP3814	7	genomic_SNP	99.17
7	15711522	55.35	CaTSNP6266	7	transcript_SNP	100.0
7	15779653	55.38	CaTSNP8244	7	transcript_SNP	100.0
7	15888167	51.96	CaSNP2089	7	genomic_SNP	99.17
7	16133153	52.21	CaSNP5095	7	genomic_SNP	100.0
7	16167447	55.01	CaTSNP8428	7	transcript_SNP	100.0
7	16200842	51.92	CaSNP5070	7	genomic_SNP	100.0
7	16306034	51.92	CaSNP5153	7	genomic_SNP	100.0
7	16331069	51.89	CaSNP2238	7	genomic_SNP	100.0
7	16331943	55.08	CaTSNP6098	7	transcript_SNP	100.0
7	16379819	55.2	CaTSNP9009	7	transcript_SNP	100.0
7	16413974	51.48	CaSNP4135	7	genomic_SNP	100.0
7	16594608	51.83	CaSNP2665	7	genomic_SNP	99.17
7	16646751	54.19	CaTSNP7694	7	transcript_SNP	100.0
7	16780635	50.96	CaSNP2368	7	genomic_SNP	99.17
7	16908635	49.96	CaSNP3586	7	genomic_SNP	99.17
7	16965363	49.91	CaSNP4174	7	genomic_SNP	100.0
7	17001020	49.96	CaSNP4683	7	genomic_SNP	99.17
7	17106991	49.91	CaSNP3558	7	genomic_SNP	100.0
7	17141402	49.94	CaSNP3008	7	genomic_SNP	99.17
7	17223692	52.98	CaTSNP6321	7	transcript_SNP	99.17
7	17298985	49.91	CaSNP2072	7	genomic_SNP	100.0
7	17544145	53.15	CaTSNP8790	7	transcript_SNP	100.0
7	17624386	50.5	CaSNP1949	7	genomic_SNP	99.17
7	17689381	51.02	CaSNP4870	7	genomic_SNP	99.17
7	17780651	53.14	CaTSNP8137	7	transcript_SNP	100.0
7	17830927	50.58	CaSNP3016	7	genomic_SNP	100.0
7	18146691	50.01	CaSNP5146	7	genomic_SNP	100.0
7	18253031	49.91	CaSNP2442	7	genomic_SNP	99.17
7	18292693	49.91	CaSNP5060	7	genomic_SNP	100.0
7	18400991	49.92	CaSNP2607	7	genomic_SNP	100.0
7	18485092	52.44	CaTSNP6282	7	transcript_SNP	100.0
7	18485092	52.44	CaTSNP8896	7	transcript_SNP	100.0
7	18490420	49.9	CaSNP2656	7	genomic_SNP	100.0
7	18535395	50.01	CaSNP4893	7	genomic_SNP	100.0
7	18625379	49.88	CaSNP3384	7	genomic_SNP	100.0
7	18733064	50.34	CaSNP2465	7	genomic_SNP	99.17
7	18796897	49.96	CaSNP3789	7	genomic_SNP	100.0
7	18989077	49.97	CaSNP2301	7	genomic_SNP	100.0
7	19070261	49.95	CaSNP2758	7	genomic_SNP	100.0
7	19155408	50.08	CaSNP3003	7	genomic_SNP	100.0
7	19176495	52.66	CaTSNP8607	7	transcript_SNP	100.0
7	19468151	52.98	CaTSNP7918	7	transcript_SNP	100.0
7	19472987	49.96	CaSNP3585	7	genomic_SNP	97.56
7	19482726	49.96	CaSNP4921	7	genomic_SNP	99.17
7	19549636	52.8	CaTSNP7129	7	transcript_SNP	100.0
7	19566698	49.96	CaSNP3058	7	genomic_SNP	99.17
7	19614203	49.92	CaSNP3287	7	genomic_SNP	99.17
7	19670406	51.02	CaTSNP6938	7	transcript_SNP	99.06
7	19677333	51.53	CaSNP3263	7	genomic_SNP	100.0
7	19832480	52.5	CaTSNP8079	7	transcript_SNP	100.0
7	19845312	49.91	CaSNP3955	7	genomic_SNP	100.0
7	19946180	49.91	CaSNP3277	7	genomic_SNP	100.0
7	19993988	49.97	CaSNP3634	7	genomic_SNP	100.0
7	20099384	52.51	CaTSNP8190	7	transcript_SNP	100.0
7	20388217	49.96	CaSNP3497	7	genomic_SNP	99.17
7	21180214	50.03	CaSNP2892	7	genomic_SNP	100.0
7	21576835	49.57	CaSNP2671	7	genomic_SNP	100.0
7	21696370	49.59	CaSNP4003	7	genomic_SNP	100.0
7	21849432	49.58	CaSNP3971	7	genomic_SNP	99.17
7	21864162	49.59	CaSNP4034	7	genomic_SNP	100.0
7	22002183	49.48	CaSNP2372	7	genomic_SNP	100.0
7	22042530	49.68	CaSNP4873	7	genomic_SNP	100.0
7	22108673	49.54	CaSNP2592	7	genomic_SNP	100.0
7	22153749	52.6	CaTSNP7531	7	transcript_SNP	99.17
7	22450120	52.26	CaTSNP6373	7	transcript_SNP	100.0
7	22539860	49.79	CaSNP4638	7	genomic_SNP	99.17
7	22555349	52.26	CaTSNP6552	7	transcript_SNP	100.0
7	22677642	49.79	CaSNP2081	7	genomic_SNP	99.17
7	22976454	49.63	CaSNP2677	7	genomic_SNP	100.0
7	23055330	49.43	CaSNP4433	7	genomic_SNP	99.17
7	23099767	20.23	CaSNP3924	7	genomic_SNP	99.17
7	23170907	49.57	CaSNP4960	7	genomic_SNP	100.0
7	23431134	49.63	CaSNP1967	7	genomic_SNP	99.17
7	23539176	49.99	CaSNP4607	7	genomic_SNP	99.17
7	23574471	52.54	CaTSNP8060	7	transcript_SNP	100.0
7	23602309	49.96	CaSNP5075	7	genomic_SNP	99.17
7	23917947	49.55	CaSNP2299	7	genomic_SNP	100.0
7	24179746	49.61	CaSNP4445	7	genomic_SNP	99.17
7	24303766	49.51	CaSNP3667	7	genomic_SNP	98.36
7	24369871	49.59	CaSNP4286	7	genomic_SNP	100.0
7	24408620	49.59	CaSNP3376	7	genomic_SNP	99.17
7	24517169	49.62	CaSNP4977	7	genomic_SNP	100.0
7	24645729	49.79	CaSNP3344	7	genomic_SNP	99.17
7	24689424	49.31	CaSNP3932	7	genomic_SNP	100.0
7	24928414	49.45	CaSNP2591	7	genomic_SNP	99.17
7	25158897	49.56	CaSNP4532	7	genomic_SNP	100.0
7	25192887	49.65	CaSNP3036	7	genomic_SNP	100.0
7	25310587	49.53	CaSNP2867	7	genomic_SNP	100.0
7	25502506	49.25	CaSNP5111	7	genomic_SNP	99.17
7	25619620	49.42	CaSNP2484	7	genomic_SNP	99.17
7	25689593	28.3	CaSNP3488	7	genomic_SNP	99.17
7	25805083	49.43	CaSNP3468	7	genomic_SNP	99.17
7	25969989	49.39	CaSNP3836	7	genomic_SNP	99.17
7	26105454	49.58	CaSNP2700	7	genomic_SNP	99.17
7	26418208	49.23	CaSNP4318	7	genomic_SNP	100.0
7	26523231	49.78	CaSNP3387	7	genomic_SNP	100.0
7	26555184	49.6	CaSNP4110	7	genomic_SNP	100.0
7	26733126	52.35	CaTSNP6813	7	transcript_SNP	99.17
7	26750099	49.46	CaSNP3490	7	genomic_SNP	100.0
7	26869894	49.67	CaSNP3121	7	genomic_SNP	100.0
7	26925633	49.23	CaSNP4373	7	genomic_SNP	100.0
7	27167794	49.43	CaSNP2931	7	genomic_SNP	99.17
7	27216131	49.59	CaSNP3938	7	genomic_SNP	99.17
7	27286208	49.51	CaSNP3865	7	genomic_SNP	98.36
7	27326298	48.35	CaSNP4109	7	genomic_SNP	100.0
7	27596658	49.56	CaSNP4252	7	genomic_SNP	99.17
7	27614025	49.73	CaSNP4981	7	genomic_SNP	100.0
7	27739109	49.64	CaSNP2611	7	genomic_SNP	100.0
7	27782928	49.49	CaSNP2857	7	genomic_SNP	99.17
7	28609850	0.358	CaSNP1983	7	genomic_SNP	99.17
7	29636881	16.06	CaSNP3136	7	genomic_SNP	100.0
7	29724151	15.69	CaSNP3541	7	genomic_SNP	99.17
7	29759358	15.73	CaSNP2305	7	genomic_SNP	99.17
7	29881796	18.36	CaSNP4597	7	genomic_SNP	99.18
7	30020710	16.1	CaSNP1958	7	genomic_SNP	98.28
7	30367361	13.83	CaSNP3485	7	genomic_SNP	100.0
7	30639228	19.69	CaSNP4415	7	genomic_SNP	99.17
7	30789340	19.69	CaSNP2032	7	genomic_SNP	95.04
7	30807081	20.91	CaSNP2629	7	genomic_SNP	99.17
7	31214342	19.69	CaSNP2260	7	genomic_SNP	99.17
7	31331053	20.57	CaTSNP7665	7	transcript_SNP	99.06
7	31571639	19.69	CaSNP4540	7	genomic_SNP	100.0
7	31696546	21.04	CaSNP2245	7	genomic_SNP	99.17
7	31725291	19.69	CaSNP4685	7	genomic_SNP	100.0
7	31848974	22.91	CaSNP2083	7	genomic_SNP	99.17
7	31945303	23.46	CaSNP3307	7	genomic_SNP	100.0
7	32062822	25.91	CaSNP2929	7	genomic_SNP	100.0
7	32222378	27.1	CaTSNP7238	7	transcript_SNP	100.0
7	32378601	21.13	CaSNP3009	7	genomic_SNP	99.17
7	32876444	21.2	CaSNP3980	7	genomic_SNP	98.35
7	33257885	34.42	CaSNP2743	7	genomic_SNP	99.17
7	33331414	35.83	CaTSNP7350	7	transcript_SNP	99.17
7	33358155	36.65	CaSNP2626	7	genomic_SNP	100.0
7	33456119	37.04	CaSNP3028	7	genomic_SNP	100.0
7	33466613	36.56	CaSNP4634	7	genomic_SNP	100.0
7	33596295	20.87	CaSNP1995	7	genomic_SNP	100.0
7	34364801	37.91	CaSNP4577	7	genomic_SNP	99.17
7	34382324	38.31	CaSNP3784	7	genomic_SNP	96.69
7	34459471	39.39	CaTSNP6964	7	transcript_SNP	99.17
7	34477035	33.02	CaSNP2039	7	genomic_SNP	99.17
7	34876968	37.94	CaTSNP7514	7	transcript_SNP	100.0
7	34939564	39.07	CaSNP1953	7	genomic_SNP	99.17
7	35055263	20.99	CaSNP2280	7	genomic_SNP	99.17
7	35080060	39.73	CaSNP2052	7	genomic_SNP	99.17
7	35283833	40.51	CaSNP2370	7	genomic_SNP	100.0
7	35426151	46.44	CaSNP3725	7	genomic_SNP	99.17
7	35634004	41.1	CaSNP1928	7	genomic_SNP	99.17
7	35741730	20.74	CaSNP3464	7	genomic_SNP	99.17
7	36064685	21.08	CaSNP3752	7	genomic_SNP	100.0
7	36378360	46.49	CaSNP3070	7	genomic_SNP	99.17
7	36480251	46.49	CaSNP4642	7	genomic_SNP	99.17
7	36517725	20.99	CaSNP4069	7	genomic_SNP	99.17
7	36929743	20.79	CaSNP4209	7	genomic_SNP	99.17
7	37057494	48.37	CaSNP2944	7	genomic_SNP	99.17
7	37690172	48.37	CaSNP4124	7	genomic_SNP	100.0
7	37734479	48.27	CaSNP2572	7	genomic_SNP	99.17
7	38369705	21.18	CaSNP2385	7	genomic_SNP	99.17
7	38443773	48.6	CaSNP3562	7	genomic_SNP	100.0
7	38465758	20.99	CaSNP3159	7	genomic_SNP	99.17
7	38632538	20.99	CaSNP3143	7	genomic_SNP	99.17
7	38685804	19.94	CaSNP4004	7	genomic_SNP	99.17
7	39343322	21.07	CaSNP1938	7	genomic_SNP	99.17
7	39381864	20.79	CaSNP2047	7	genomic_SNP	99.02
7	39517591	48.91	CaSNP3884	7	genomic_SNP	99.17
7	39683072	48.75	CaSNP4264	7	genomic_SNP	100.0
7	39711566	48.75	CaSNP4405	7	genomic_SNP	99.17
7	39767156	52.69	CaTSNP9149	7	transcript_SNP	100.0
7	39786732	49.64	CaSNP2740	7	genomic_SNP	99.17
7	39897304	49.62	CaSNP3426	7	genomic_SNP	99.17
7	39943806	49.43	CaSNP4227	7	genomic_SNP	100.0
7	39945634	52.26	CaTSNP7802	7	transcript_SNP	100.0
7	40102091	52.73	CaTSNP6083	7	transcript_SNP	100.0
7	40207093	52.6	CaTSNP8500	7	transcript_SNP	100.0
7	40318347	52.26	CaTSNP7258	7	transcript_SNP	100.0
7	40326548	49.83	CaSNP2937	7	genomic_SNP	99.17
7	40407335	49.63	CaSNP4450	7	genomic_SNP	100.0
7	40452769	49.39	CaSNP3236	7	genomic_SNP	99.17
7	40484919	49.8	CaSNP5147	7	genomic_SNP	99.17
7	40546828	49.63	CaSNP3192	7	genomic_SNP	99.17
7	40634461	49.64	CaSNP3629	7	genomic_SNP	99.17
7	40713501	52.13	CaTSNP7598	7	transcript_SNP	100.0
7	41343956	49.39	CaSNP4092	7	genomic_SNP	100.0
7	41373128	49.62	CaSNP3695	7	genomic_SNP	100.0
7	41698195	52.3	CaTSNP7724	7	transcript_SNP	99.17
7	41799807	49.52	CaSNP4032	7	genomic_SNP	99.17
7	41865890	49.21	CaSNP2086	7	genomic_SNP	100.0
7	41881401	52.06	CaTSNP8582	7	transcript_SNP	100.0
7	41969464	49.45	CaSNP2412	7	genomic_SNP	100.0
7	42244906	49.63	CaSNP2530	7	genomic_SNP	99.17
7	42517394	49.91	CaSNP3643	7	genomic_SNP	99.17
7	42563661	49.47	CaSNP2594	7	genomic_SNP	99.17
7	42762362	49.63	CaSNP4421	7	genomic_SNP	100.0
7	42876564	49.42	CaSNP4282	7	genomic_SNP	99.17
7	42966408	49.54	CaSNP3195	7	genomic_SNP	100.0
7	43005619	52.35	CaTSNP7136	7	transcript_SNP	100.0
7	43040991	49.45	CaSNP4781	7	genomic_SNP	100.0
7	43044423	52.31	CaTSNP7102	7	transcript_SNP	100.0
7	43083624	49.47	CaSNP4861	7	genomic_SNP	98.35
7	43100104	47.4	CaSNP3273	7	genomic_SNP	100.0
7	43118954	52.28	CaTSNP7417	7	transcript_SNP	100.0
7	43535245	49.54	CaSNP4288	7	genomic_SNP	100.0
7	43632404	49.77	CaSNP3448	7	genomic_SNP	100.0
7	43807846	50.24	CaSNP4486	7	genomic_SNP	99.17
7	43858004	49.81	CaSNP4454	7	genomic_SNP	100.0
7	43929678	49.39	CaSNP4392	7	genomic_SNP	98.36
7	44005406	49.52	CaSNP2838	7	genomic_SNP	99.17
7	44317236	19.87	CaSNP2672	7	genomic_SNP	99.17
7	44413101	49.62	CaSNP2950	7	genomic_SNP	100.0
7	44455136	49.62	CaSNP3379	7	genomic_SNP	99.17
7	44611442	49.3	CaSNP2596	7	genomic_SNP	100.0
7	45415515	49.25	CaSNP4095	7	genomic_SNP	99.17
7	45481187	49.77	CaSNP4076	7	genomic_SNP	100.0
7	45558212	49.52	CaSNP3788	7	genomic_SNP	99.17
7	45889680	49.65	CaSNP3943	7	genomic_SNP	100.0
7	45943351	52.67	CaTSNP6252	7	transcript_SNP	100.0
7	46285989	49.61	CaSNP3206	7	genomic_SNP	100.0
7	46475276	49.54	CaSNP2691	7	genomic_SNP	99.17
7	46600116	19.09	CaSNP4809	7	genomic_SNP	99.17
7	46685132	49.43	CaSNP2433	7	genomic_SNP	99.17
7	46788163	52.31	CaTSNP7395	7	transcript_SNP	100.0
7	46847411	49.55	CaSNP3645	7	genomic_SNP	100.0
7	46910048	49.45	CaSNP3286	7	genomic_SNP	99.17
7	47080944	49.61	CaSNP3702	7	genomic_SNP	99.17
7	47196198	49.43	CaSNP2726	7	genomic_SNP	99.17
7	47237742	52.67	CaTSNP6882	7	transcript_SNP	100.0
7	47383727	49.79	CaSNP2645	7	genomic_SNP	99.17
7	47699911	49.55	CaSNP3638	7	genomic_SNP	99.17
7	47845797	49.37	CaSNP2774	7	genomic_SNP	100.0
7	48007032	49.51	CaSNP2720	7	genomic_SNP	100.0
7	48239290	49.79	CaSNP3743	7	genomic_SNP	99.17
7	48251262	49.58	CaSNP2775	7	genomic_SNP	100.0
7	48852230	19.09	CaSNP4241	7	genomic_SNP	98.36
8	94014	33.63	CaTSNP7240	8	transcript_SNP	100.0
8	118532	33.64	CaSNP2904	8	genomic_SNP	99.17
8	148104	33.64	CaTSNP8009	8	transcript_SNP	98.25
8	168113	33.62	CaSNP2719	8	genomic_SNP	99.17
8	239629	33.49	CaTSNP7117	8	transcript_SNP	100.0
8	246767	33.49	CaTSNP8619	8	transcript_SNP	100.0
8	266749	33.83	CaTSNP6928	8	transcript_SNP	100.0
8	286682	33.81	CaTSNP8558	8	transcript_SNP	100.0
8	384837	33.87	CaTSNP8965	8	transcript_SNP	99.17
8	564287	33.18	CaSNP4184	8	genomic_SNP	100.0
8	596578	34.58	CaTSNP6277	8	transcript_SNP	100.0
8	674457	34.42	CaTSNP8476	8	transcript_SNP	100.0
8	684224	34.58	CaTSNP8475	8	transcript_SNP	100.0
8	765541	34.69	CaTSNP7131	8	transcript_SNP	100.0
8	855688	42.79	CaTSNP7928	8	transcript_SNP	100.0
8	885100	42.75	CaTSNP8056	8	transcript_SNP	100.0
8	919102	33.74	CaTSNP8616	8	transcript_SNP	99.17
8	983506	43.57	CaSNP2321	8	genomic_SNP	100.0
8	1003330	42.92	CaTSNP7677	8	transcript_SNP	100.0
8	1006787	42.87	CaTSNP6539	8	transcript_SNP	100.0
8	1015123	43.04	CaTSNP6133	8	transcript_SNP	99.17
8	1085344	42.91	CaTSNP8738	8	transcript_SNP	100.0
8	1110250	43.1	CaTSNP7919	8	transcript_SNP	99.17
8	1137692	44.4	CaSNP5052	8	genomic_SNP	100.0
8	1152661	43.14	CaTSNP6912	8	transcript_SNP	100.0
8	1230424	43.12	CaTSNP7026	8	transcript_SNP	100.0
8	1256036	43.11	CaTSNP8197	8	transcript_SNP	100.0
8	1279083	45.21	CaSNP2168	8	genomic_SNP	99.17
8	1297597	43.05	CaTSNP7965	8	transcript_SNP	100.0
8	1363019	45.14	CaSNP3872	8	genomic_SNP	99.17
8	1387724	42.96	CaTSNP6988	8	transcript_SNP	99.17
8	1473517	42.94	CaTSNP6007	8	transcript_SNP	99.17
8	1552143	42.37	CaTSNP6535	8	transcript_SNP	100.0
8	1667684	45.37	CaSNP2470	8	genomic_SNP	100.0
8	1718032	42.04	CaTSNP6880	8	transcript_SNP	100.0
8	1754802	45.23	CaSNP3584	8	genomic_SNP	100.0
8	1785568	44.97	CaSNP5062	8	genomic_SNP	99.17
8	1872446	42.05	CaTSNP9070	8	transcript_SNP	100.0
8	2011689	42.04	CaTSNP7612	8	transcript_SNP	100.0
8	2047617	42.1	CaTSNP9104	8	transcript_SNP	100.0
8	2063254	42.05	CaTSNP8465	8	transcript_SNP	99.17
8	2153750	41.76	CaTSNP6308	8	transcript_SNP	100.0
8	2207524	41.54	CaTSNP7815	8	transcript_SNP	99.17
8	2214554	41.61	CaTSNP6594	8	transcript_SNP	100.0
8	2509326	41.02	CaTSNP6423	8	transcript_SNP	100.0
8	2572448	40.87	CaTSNP7114	8	transcript_SNP	100.0
8	2802237	40.57	CaTSNP8300	8	transcript_SNP	100.0
8	2922756	40.63	CaTSNP8387	8	transcript_SNP	100.0
8	2977532	40.64	CaTSNP7256	8	transcript_SNP	100.0
8	3003648	40.54	CaTSNP7310	8	transcript_SNP	100.0
8	3055816	40.63	CaTSNP7431	8	transcript_SNP	100.0
8	3096616	40.58	CaTSNP7535	8	transcript_SNP	100.0
8	3127150	40.56	CaTSNP7061	8	transcript_SNP	100.0
8	3129611	40.58	CaTSNP6096	8	transcript_SNP	100.0
8	3138228	38.13	CaSNP2900	8	genomic_SNP	100.0
8	3208749	40.54	CaTSNP6917	8	transcript_SNP	100.0
8	3283238	40.61	CaTSNP7377	8	transcript_SNP	100.0
8	3396581	40.56	CaTSNP8626	8	transcript_SNP	100.0
8	3459173	40.51	CaTSNP7406	8	transcript_SNP	100.0
8	3563278	40.52	CaTSNP8917	8	transcript_SNP	98.48
8	3602714	40.5	CaTSNP9155	8	transcript_SNP	100.0
8	3634063	40.3	CaTSNP6641	8	transcript_SNP	100.0
8	3711391	40.44	CaTSNP9063	8	transcript_SNP	100.0
8	3829576	40.28	CaTSNP6435	8	transcript_SNP	100.0
8	3887076	40.36	CaTSNP6198	8	transcript_SNP	100.0
8	3911682	40.66	CaTSNP6404	8	transcript_SNP	99.17
8	3955260	40.59	CaTSNP7387	8	transcript_SNP	100.0
8	3956055	39.31	CaSNP2621	8	genomic_SNP	100.0
8	4132046	40.86	CaTSNP7468	8	transcript_SNP	100.0
8	4159269	40.42	CaTSNP7360	8	transcript_SNP	100.0
8	4234972	40.83	CaTSNP7717	8	transcript_SNP	100.0
8	4377970	41.25	CaTSNP7121	8	transcript_SNP	100.0
8	4550518	47.89	CaTSNP7451	8	transcript_SNP	98.97
8	4561995	48.4	CaTSNP6980	8	transcript_SNP	100.0
8	4565868	48.35	CaTSNP8966	8	transcript_SNP	100.0
8	4570472	47.9	CaSNP2765	8	genomic_SNP	99.17
8	4626473	48.15	CaSNP2682	8	genomic_SNP	99.17
8	4708941	48.14	CaTSNP7798	8	transcript_SNP	100.0
8	4717609	48.18	CaSNP2390	8	genomic_SNP	99.17
8	4765033	48.36	CaTSNP6350	8	transcript_SNP	99.17
8	4823043	48.36	CaTSNP8484	8	transcript_SNP	100.0
8	4826918	48.19	CaSNP2935	8	genomic_SNP	99.18
8	4898310	48.73	CaTSNP7341	8	transcript_SNP	100.0
8	4952408	48.72	CaTSNP8926	8	transcript_SNP	100.0
8	4970712	50.13	CaTSNP6060	8	transcript_SNP	99.17
8	4998702	49.78	CaSNP2400	8	genomic_SNP	100.0
8	5051038	51.1	CaTSNP7268	8	transcript_SNP	100.0
8	5154465	53.45	CaSNP3104	8	genomic_SNP	99.17
8	5307268	52.93	CaTSNP7138	8	transcript_SNP	99.17
8	5336629	52.93	CaTSNP7554	8	transcript_SNP	99.17
8	5342263	53.55	CaTSNP9100	8	transcript_SNP	100.0
8	5425347	53.5	CaTSNP8606	8	transcript_SNP	100.0
8	5434150	53.55	CaTSNP7556	8	transcript_SNP	100.0
8	5471346	53.59	CaTSNP6951	8	transcript_SNP	99.17
8	5480951	53.59	CaTSNP6688	8	transcript_SNP	100.0
8	5612429	53.64	CaTSNP8082	8	transcript_SNP	100.0
8	5644430	53.52	CaSNP3186	8	genomic_SNP	99.17
8	5985357	59.73	CaTSNP8390	8	transcript_SNP	100.0
8	6034344	59.77	CaTSNP7716	8	transcript_SNP	100.0
8	6039769	59.77	CaTSNP7730	8	transcript_SNP	99.17
8	6115345	59.9	CaTSNP7150	8	transcript_SNP	100.0
8	6122532	59.94	CaTSNP6838	8	transcript_SNP	99.17
8	6151375	60.39	CaSNP2131	8	genomic_SNP	99.17
8	6164156	60.46	CaTSNP6899	8	transcript_SNP	100.0
8	6186208	60.39	CaTSNP8919	8	transcript_SNP	100.0
8	6260042	60.16	CaSNP3950	8	genomic_SNP	99.17
8	6262549	60.08	CaTSNP8306	8	transcript_SNP	99.17
8	6309477	60.11	CaTSNP8128	8	transcript_SNP	99.17
8	6325568	60.42	CaSNP3148	8	genomic_SNP	100.0
8	6561720	61.41	CaTSNP7273	8	transcript_SNP	100.0
8	6585394	60.48	CaSNP2100	8	genomic_SNP	100.0
8	6676994	59.86	CaTSNP9026	8	transcript_SNP	99.17
8	6699815	60.16	CaSNP5039	8	genomic_SNP	99.17
8	6748136	59.68	CaTSNP8883	8	transcript_SNP	100.0
8	6770597	59.76	CaTSNP8726	8	transcript_SNP	99.17
8	6943614	59.94	CaTSNP8993	8	transcript_SNP	100.0
8	6989735	59.65	CaTSNP7610	8	transcript_SNP	100.0
8	7003291	59.84	CaTSNP6180	8	transcript_SNP	99.17
8	7051463	59.77	CaTSNP6201	8	transcript_SNP	100.0
8	7097339	60.16	CaSNP2084	8	genomic_SNP	100.0
8	7182275	59.6	CaTSNP7927	8	transcript_SNP	100.0
8	7245293	60.23	CaSNP3402	8	genomic_SNP	100.0
8	7356737	58.24	CaSNP5151	8	genomic_SNP	99.17
8	7433264	59.21	CaTSNP7874	8	transcript_SNP	100.0
8	7433264	59.32	CaTSNP6533	8	transcript_SNP	100.0
8	7501043	59.19	CaTSNP9055	8	transcript_SNP	100.0
8	7517481	59.18	CaTSNP8142	8	transcript_SNP	100.0
8	7526962	59.34	CaTSNP8156	8	transcript_SNP	100.0
8	7575046	59.27	CaTSNP8466	8	transcript_SNP	100.0
8	7583797	59.34	CaTSNP8062	8	transcript_SNP	100.0
8	7641821	58.74	CaSNP3776	8	genomic_SNP	100.0
8	7664893	59.32	CaTSNP7523	8	transcript_SNP	100.0
8	7706460	59.2	CaTSNP7954	8	transcript_SNP	100.0
8	7720139	58.75	CaSNP2073	8	genomic_SNP	99.17
8	7756696	59.69	CaTSNP8083	8	transcript_SNP	99.06
8	7876693	59.36	CaTSNP7631	8	transcript_SNP	100.0
8	7977948	59.33	CaTSNP8960	8	transcript_SNP	100.0
8	7984650	58.57	CaSNP2070	8	genomic_SNP	100.0
8	8114316	59.34	CaTSNP7365	8	transcript_SNP	100.0
8	8115348	52.18	CaSNP3068	8	genomic_SNP	99.17
8	8125028	59.27	CaTSNP6216	8	transcript_SNP	100.0
8	8159588	59.38	CaTSNP7063	8	transcript_SNP	100.0
8	8173464	59.28	CaSNP3711	8	genomic_SNP	99.17
8	8223911	58.88	CaSNP2914	8	genomic_SNP	99.17
8	8324102	59.29	CaTSNP6059	8	transcript_SNP	99.18
8	8331793	58.88	CaSNP2506	8	genomic_SNP	100.0
8	8676459	58.16	CaSNP2322	8	genomic_SNP	99.17
8	9984405	75.49	CaSNP3984	8	genomic_SNP	99.17
8	10075213	75.49	CaSNP4595	8	genomic_SNP	99.17
8	10141935	95.29	CaSNP2630	8	genomic_SNP	99.17
8	10189318	95.36	CaSNP4669	8	genomic_SNP	100.0
8	10461118	75.32	CaSNP3255	8	genomic_SNP	100.0
8	10554542	75.7	CaSNP4777	8	genomic_SNP	100.0
8	10766599	75.33	CaSNP4982	8	genomic_SNP	100.0
8	10879824	75.55	CaSNP2907	8	genomic_SNP	99.17
8	11067980	95.41	CaSNP4807	8	genomic_SNP	100.0
8	11218563	73.38	CaTSNP7466	8	transcript_SNP	100.0
8	11594534	73.93	CaSNP3724	8	genomic_SNP	100.0
8	11695661	73.94	CaSNP1959	8	genomic_SNP	100.0
8	11710538	73.4	CaTSNP6540	8	transcript_SNP	100.0
8	11818703	74.31	CaSNP2242	8	genomic_SNP	99.17
8	12889572	75.32	CaSNP4284	8	genomic_SNP	99.17
8	13159523	75.35	CaSNP2194	8	genomic_SNP	99.17
8	13248268	75.4	CaSNP2927	8	genomic_SNP	99.17
8	13434922	75.28	CaSNP4693	8	genomic_SNP	100.0
8	14107206	95.93	CaSNP2430	8	genomic_SNP	99.17
8	14192345	88.07	CaSNP3758	8	genomic_SNP	100.0
8	14331914	96.53	CaTSNP6769	8	transcript_SNP	99.17
8	14495346	72.11	CaSNP1924	8	genomic_SNP	100.0
8	14604207	72.91	CaTSNP6941	8	transcript_SNP	100.0
8	14681587	72.89	CaTSNP8080	8	transcript_SNP	100.0
8	14714903	72.91	CaTSNP7968	8	transcript_SNP	100.0
8	14748436	72.93	CaTSNP7698	8	transcript_SNP	100.0
8	14770426	72.77	CaTSNP6668	8	transcript_SNP	98.35
8	14815071	72.91	CaTSNP8479	8	transcript_SNP	99.05
8	14844683	72.89	CaTSNP8103	8	transcript_SNP	100.0
8	15144604	72.39	CaTSNP7229	8	transcript_SNP	100.0
8	15145557	71.54	CaSNP2912	8	genomic_SNP	99.17
8	15168228	71.26	CaSNP4254	8	genomic_SNP	100.0
8	15207655	71.23	CaSNP4303	8	genomic_SNP	100.0
8	15380642	70.88	CaSNP2001	8	genomic_SNP	99.17
8	15480960	71.44	CaTSNP6513	8	transcript_SNP	100.0
8	15553262	71.07	CaTSNP8441	8	transcript_SNP	100.0
8	15568826	70.33	CaSNP2111	8	genomic_SNP	99.17
8	15662977	70.25	CaSNP4473	8	genomic_SNP	100.0
8	15699950	70.99	CaTSNP7496	8	transcript_SNP	99.17
8	15809038	69.57	CaSNP4974	8	genomic_SNP	99.17
8	15860685	69.45	CaSNP3080	8	genomic_SNP	99.17
8	15984152	69.39	CaSNP5055	8	genomic_SNP	99.17
8	16129493	69.81	CaTSNP6837	8	transcript_SNP	99.17
8	16191607	69.65	CaTSNP6656	8	transcript_SNP	100.0
8	16227351	69.02	CaSNP4446	8	genomic_SNP	99.17
8	16390025	68.82	CaSNP2246	8	genomic_SNP	100.0
