CaSNP4447	NC_021163.1	99.174	121	1	0	1	121	43622024	43622144	5.94e-56	219	121	49191682
CaTSNP6056	NC_021160.1	100.000	86	0	0	1	86	2340844	2340759	3.65e-38	159	121	48359943
CaSNP3970	NC_021160.1	99.180	122	0	1	1	121	2844586	2844707	5.94e-56	219	121	48359943
CaTSNP7283	NC_021160.1	100.000	75	0	0	1	75	17864690	17864616	4.76e-32	139	121	48359943
CaTSNP7283	NC_021160.1	100.000	48	0	0	74	121	17864230	17864183	4.86e-17	89.8	121	48359943
CaTSNP7669	NC_021160.1	100.000	121	0	0	1	121	6295675	6295795	1.28e-57	224	121	48359943
CaTSNP7669	NC_021160.1	92.500	120	8	1	3	121	6371574	6371455	1.69e-41	171	121	48359943
CaTSNP6814	NC_021160.1	100.000	121	0	0	1	121	6662520	6662400	1.28e-57	224	121	48359943
CaTSNP6924	NC_021161.1	97.647	85	0	1	39	121	1998548	1998632	1.02e-33	145	121	36634854
CaTSNP6924	NC_021161.1	100.000	46	0	0	1	46	1998010	1998055	6.29e-16	86.1	121	36634854
CaTSNP7255	NC_021160.1	98.780	82	0	1	1	82	6821017	6821097	1.02e-33	145	121	48359943
CaTSNP8887	NC_021160.1	99.174	121	1	0	1	121	6706152	6706032	5.94e-56	219	121	48359943
CaTSNP9043	NC_021160.1	100.000	121	0	0	1	121	6679389	6679269	1.28e-57	224	121	48359943
CaTSNP7543	NC_021160.1	100.000	121	0	0	1	121	6920457	6920337	1.28e-57	224	121	48359943
CaTSNP8323	NC_021160.1	100.000	121	0	0	1	121	6592726	6592846	1.28e-57	224	121	48359943
CaTSNP7793	NC_021160.1	98.851	87	1	0	35	121	6541788	6541874	4.73e-37	156	121	48359943
CaTSNP7659	NC_021160.1	100.000	121	0	0	1	121	6938343	6938223	1.28e-57	224	121	48359943
CaTSNP8246	NC_021160.1	99.174	121	1	0	1	121	6879894	6879774	5.94e-56	219	121	48359943
CaTSNP6202	NC_021160.1	100.000	121	0	0	1	121	5791178	5791058	1.28e-57	224	121	48359943
CaTSNP6202	NC_021160.1	98.246	57	1	0	65	121	5794126	5794182	2.25e-20	100	121	48359943
CaTSNP8594	NC_021160.1	100.000	121	0	0	1	121	5666385	5666505	1.28e-57	224	121	48359943
CaTSNP8304	NC_021160.1	97.674	86	2	0	1	86	5829054	5829139	7.91e-35	148	121	48359943
CaTSNP7576	NC_021160.1	100.000	121	0	0	1	121	6869092	6869212	1.28e-57	224	121	48359943
CaTSNP7576	NC_021162.1	95.833	120	5	0	1	120	3664694	3664813	1.00e-48	195	121	39989001
CaTSNP8652	NC_021160.1	99.000	100	1	0	22	121	6889142	6889043	2.80e-44	180	121	48359943
CaSNP2327	NC_021160.1	100.000	121	0	0	1	121	6584775	6584895	1.28e-57	224	121	48359943
CaTSNP7173	NC_021160.1	100.000	121	0	0	1	121	5577406	5577286	1.28e-57	224	121	48359943
CaTSNP6170	NC_021160.1	98.347	121	2	0	1	121	6162797	6162917	2.77e-54	213	121	48359943
CaTSNP9053	NC_021160.1	100.000	121	0	0	1	121	5593528	5593408	1.28e-57	224	121	48359943
CaTSNP6214	NC_021160.1	99.174	121	1	0	1	121	6224596	6224716	5.94e-56	219	121	48359943
CaTSNP6685	NC_021160.1	100.000	121	0	0	1	121	6248603	6248483	1.28e-57	224	121	48359943
CaTSNP7234	NC_021160.1	98.837	86	1	0	1	86	6018484	6018399	1.70e-36	154	121	48359943
CaTSNP6206	NC_021160.1	100.000	121	0	0	1	121	6279033	6278913	1.28e-57	224	121	48359943
CaTSNP8945	NC_021160.1	99.174	121	1	0	1	121	7196467	7196587	5.94e-56	219	121	48359943
CaTSNP7175	NC_021160.1	99.000	100	1	0	22	121	7250430	7250331	2.80e-44	180	121	48359943
CaTSNP7175	NC_021160.1	95.960	99	4	0	22	120	7282387	7282289	1.02e-38	161	121	48359943
CaTSNP7911	NC_021160.1	100.000	121	0	0	1	121	5378469	5378589	1.28e-57	224	121	48359943
CaTSNP7978	NC_021160.1	100.000	80	0	0	42	121	6047578	6047499	7.91e-35	148	121	48359943
CaSNP5053	NC_021160.1	100.000	121	0	0	1	121	6821250	6821130	1.28e-57	224	121	48359943
CaTSNP7030	NC_021160.1	99.138	116	1	0	6	121	7281494	7281379	3.58e-53	209	121	48359943
CaSNP2731	NC_021160.1	100.000	121	0	0	1	121	5843432	5843552	1.28e-57	224	121	48359943
CaSNP2004	NC_021160.1	100.000	121	0	0	1	121	5977166	5977286	1.28e-57	224	121	48359943
CaTSNP7135	NC_021160.1	100.000	113	0	0	9	121	7003218	7003330	3.58e-53	209	121	48359943
CaTSNP7135	NC_021160.1	100.000	113	0	0	9	121	7004203	7004315	3.58e-53	209	121	48359943
CaSNP4130	NC_021160.1	99.174	121	1	0	1	121	7417528	7417648	5.94e-56	219	121	48359943
CaSNP2262	NC_021160.1	100.000	121	0	0	1	121	6237023	6236903	1.28e-57	224	121	48359943
CaTSNP7163	NC_021160.1	100.000	113	0	0	9	121	7439473	7439361	3.58e-53	209	121	48359943
CaSNP5105	NC_021160.1	99.174	121	1	0	1	121	7039415	7039295	5.94e-56	219	121	48359943
CaSNP3513	NC_021160.1	99.174	121	1	0	1	121	6733388	6733508	5.94e-56	219	121	48359943
CaSNP4572	NC_021160.1	100.000	121	0	0	1	121	5379506	5379386	1.28e-57	224	121	48359943
CaTSNP7101	NC_021160.1	98.000	100	1	1	23	121	7488475	7488376	4.69e-42	172	121	48359943
CaTSNP6633	NC_021160.1	100.000	121	0	0	1	121	7446865	7446745	1.28e-57	224	121	48359943
CaSNP2790	NC_021160.1	100.000	121	0	0	1	121	7370363	7370243	1.28e-57	224	121	48359943
CaSNP2419	NC_021160.1	100.000	121	0	0	1	121	7540516	7540396	1.28e-57	224	121	48359943
CaTSNP7764	NC_021160.1	100.000	93	0	0	29	121	8450795	8450887	4.69e-42	172	121	48359943
CaTSNP7069	NC_021160.1	100.000	121	0	0	1	121	8037770	8037890	1.28e-57	224	121	48359943
CaTSNP8859	NC_021160.1	98.347	121	2	0	1	121	7652951	7652831	2.77e-54	213	121	48359943
CaTSNP8859	NC_021165.1	90.833	120	11	0	1	120	14166198	14166317	1.02e-38	161	121	59463898
CaTSNP7634	NC_021160.1	100.000	121	0	0	1	121	8045684	8045804	1.28e-57	224	121	48359943
CaTSNP6393	NC_021160.1	99.174	121	1	0	1	121	7778923	7779043	5.94e-56	219	121	48359943
CaTSNP6393	NC_021160.1	92.562	121	9	0	1	121	7721912	7722032	1.30e-42	174	121	48359943
CaTSNP6393	NC_021160.1	92.562	121	9	0	1	121	7751098	7751218	1.30e-42	174	121	48359943
CaSNP2214	NC_021160.1	100.000	121	0	0	1	121	8394318	8394198	1.28e-57	224	121	48359943
CaSNP4302	NC_021160.1	100.000	121	0	0	1	121	8224261	8224381	1.28e-57	224	121	48359943
CaSNP3527	NC_021160.1	100.000	121	0	0	1	121	5206122	5206242	1.28e-57	224	121	48359943
CaTSNP7211	NC_021160.1	100.000	121	0	0	1	121	17437271	17437151	1.28e-57	224	121	48359943
CaSNP3521	NC_021160.1	99.174	121	1	0	1	121	104966	104846	5.94e-56	219	121	48359943
CaTSNP6209	NC_021160.1	99.174	121	1	0	1	121	8603552	8603672	5.94e-56	219	121	48359943
CaTSNP8683	NC_021160.1	98.347	121	2	0	1	121	8550326	8550446	2.77e-54	213	121	48359943
CaTSNP7154	NC_021160.1	100.000	121	0	0	1	121	17398617	17398497	1.28e-57	224	121	48359943
CaTSNP7244	NC_021160.1	100.000	121	0	0	1	121	8614552	8614432	1.28e-57	224	121	48359943
CaTSNP8916	NC_021160.1	100.000	121	0	0	1	121	8587129	8587009	1.28e-57	224	121	48359943
CaSNP4039	NC_021160.1	99.174	121	1	0	1	121	4944454	4944574	5.94e-56	219	121	48359943
CaTSNP8001	NC_021160.1	99.174	121	1	0	1	121	17883842	17883722	5.94e-56	219	121	48359943
CaSNP2191	NC_021160.1	99.174	121	1	0	1	121	4827526	4827406	5.94e-56	219	121	48359943
CaSNP2358	NC_021160.1	100.000	121	0	0	1	121	4202189	4202069	1.28e-57	224	121	48359943
CaTSNP8648	NC_021160.1	100.000	121	0	0	1	121	17536801	17536921	1.28e-57	224	121	48359943
CaTSNP6408	NC_021160.1	100.000	121	0	0	1	121	17847093	17846973	1.28e-57	224	121	48359943
CaTSNP8075	NC_021160.1	98.889	90	1	0	32	121	17589584	17589495	1.02e-38	161	121	48359943
CaSNP3802	NC_021160.1	99.174	121	1	0	1	121	4559506	4559626	5.94e-56	219	121	48359943
CaTSNP7655	NC_021160.1	99.174	121	1	0	1	121	17749743	17749623	5.94e-56	219	121	48359943
CaTSNP8443	NC_021160.1	100.000	91	0	0	31	121	17601493	17601583	6.07e-41	169	121	48359943
CaSNP3257	NC_021160.1	99.174	121	1	0	1	121	17172215	17172095	5.94e-56	219	121	48359943
CaSNP2078	NC_021160.1	99.174	121	1	0	1	121	4342909	4343029	5.94e-56	219	121	48359943
CaSNP3961	NC_021160.1	100.000	121	0	0	1	121	4767415	4767535	1.28e-57	224	121	48359943
CaSNP2627	NC_021160.1	99.174	121	1	0	1	121	17457875	17457995	5.94e-56	219	121	48359943
CaSNP4081	NC_021160.1	99.174	121	1	0	1	121	17317212	17317092	5.94e-56	219	121	48359943
CaSNP3732	NC_021160.1	100.000	121	0	0	1	121	4301738	4301618	1.28e-57	224	121	48359943
CaSNP3120	NC_021160.1	99.174	121	1	0	1	121	4479345	4479465	5.94e-56	219	121	48359943
CaTSNP7759	NC_021160.1	100.000	121	0	0	1	121	17238547	17238427	1.28e-57	224	121	48359943
CaTSNP7759	NC_021160.1	93.388	121	8	0	1	121	17250275	17250395	2.80e-44	180	121	48359943
CaTSNP8737	NC_021163.1	100.000	67	0	0	1	67	2238540	2238474	1.33e-27	124	121	49191682
CaTSNP8737	NC_021163.1	100.000	55	0	0	67	121	2238386	2238332	6.25e-21	102	121	49191682
CaSNP3246	NC_021160.1	99.174	121	1	0	1	121	17878996	17879116	5.94e-56	219	121	48359943
CaTSNP8971	NC_021160.1	100.000	121	0	0	1	121	5289060	5288940	1.28e-57	224	121	48359943
CaTSNP8513	NC_021160.1	100.000	121	0	0	1	121	4866176	4866296	1.28e-57	224	121	48359943
CaSNP2093	NC_021160.1	99.174	121	1	0	1	121	4089545	4089425	5.94e-56	219	121	48359943
CaTSNP8663	NC_021160.1	99.174	121	1	0	1	121	5071684	5071564	5.94e-56	219	121	48359943
CaTSNP8663	NC_021160.1	97.196	107	3	0	15	121	20081367	20081261	7.80e-45	182	121	48359943
CaTSNP8663	NC_021160.1	97.196	107	3	0	15	121	20084224	20084118	7.80e-45	182	121	48359943
CaTSNP8663	NC_021164.1	95.798	119	5	0	1	119	13961502	13961620	3.60e-48	193	121	48169137
CaTSNP8663	NC_021164.1	95.041	121	6	0	1	121	24565417	24565537	1.30e-47	191	121	48169137
CaTSNP8663	NC_021164.1	94.215	121	7	0	1	121	39032699	39032819	6.03e-46	185	121	48169137
CaTSNP8663	NC_021165.1	95.041	121	6	0	1	121	40055281	40055401	1.30e-47	191	121	59463898
CaTSNP8663	NC_021165.1	93.496	123	6	1	1	121	24007725	24007603	7.80e-45	182	121	59463898
CaTSNP8663	NW_004515985.1	93.388	121	8	0	1	121	34550	34670	2.80e-44	180	121	282528
CaTSNP8932	NC_021160.1	100.000	81	0	0	41	121	4869815	4869735	2.20e-35	150	121	48359943
CaTSNP7645	NC_021160.1	100.000	98	0	0	24	121	5156343	5156246	7.80e-45	182	121	48359943
CaSNP3090	NC_021160.1	99.174	121	1	0	1	121	17833788	17833908	5.94e-56	219	121	48359943
CaSNP1972	NC_021160.1	99.174	121	1	0	1	121	17527943	17527823	5.94e-56	219	121	48359943
CaTSNP8480	NC_021160.1	99.174	121	1	0	1	121	4782256	4782136	5.94e-56	219	121	48359943
CaTSNP8659	NC_021160.1	100.000	121	0	0	1	121	5236479	5236359	1.28e-57	224	121	48359943
CaTSNP6245	NC_021160.1	99.174	121	1	0	1	121	4848168	4848048	5.94e-56	219	121	48359943
CaTSNP8657	NC_021160.1	100.000	90	0	0	1	90	4512626	4512537	2.18e-40	167	121	48359943
CaTSNP9022	NC_021160.1	100.000	114	0	0	8	121	4635714	4635601	9.95e-54	211	121	48359943
CaTSNP8203	NC_021160.1	100.000	121	0	0	1	121	4507995	4508115	1.28e-57	224	121	48359943
CaTSNP6611	NC_021160.1	100.000	121	0	0	1	121	4424044	4423924	1.28e-57	224	121	48359943
CaTSNP6311	NC_021160.1	98.750	80	0	1	3	81	4711176	4711097	1.32e-32	141	121	48359943
CaTSNP7505	NC_021160.1	100.000	121	0	0	1	121	4347417	4347297	1.28e-57	224	121	48359943
CaTSNP6847	NC_021160.1	100.000	121	0	0	1	121	4761736	4761616	1.28e-57	224	121	48359943
CaTSNP7490	NC_021160.1	99.174	121	1	0	1	121	4291333	4291213	5.94e-56	219	121	48359943
CaTSNP8564	NC_021160.1	100.000	121	0	0	1	121	3853468	3853348	1.28e-57	224	121	48359943
CaTSNP8940	NC_021160.1	100.000	98	0	0	1	98	3979640	3979737	7.80e-45	182	121	48359943
CaTSNP8684	NC_021160.1	100.000	121	0	0	1	121	4110072	4109952	1.28e-57	224	121	48359943
CaTSNP6729	NC_021160.1	100.000	121	0	0	1	121	4019196	4019076	1.28e-57	224	121	48359943
CaTSNP8759	NC_021165.1	98.734	79	1	0	43	121	12959218	12959140	1.32e-32	141	121	59463898
CaTSNP8233	NC_021160.1	100.000	121	0	0	1	121	3973207	3973327	1.28e-57	224	121	48359943
CaTSNP6190	NC_021160.1	100.000	121	0	0	1	121	390313	390193	1.28e-57	224	121	48359943
CaTSNP6569	NC_021160.1	100.000	121	0	0	1	121	339278	339158	1.28e-57	224	121	48359943
CaTSNP8512	NC_021160.1	100.000	121	0	0	1	121	3734895	3735015	1.28e-57	224	121	48359943
CaTSNP9030	NC_021160.1	100.000	121	0	0	1	121	3503213	3503093	1.28e-57	224	121	48359943
CaTSNP7877	NC_021160.1	100.000	97	0	0	25	121	3740177	3740081	2.80e-44	180	121	48359943
CaTSNP8422	NC_021160.1	100.000	115	0	0	1	115	3428923	3428809	2.77e-54	213	121	48359943
CaSNP3397	NC_021160.1	99.174	121	1	0	1	121	3443532	3443652	5.94e-56	219	121	48359943
CaSNP2891	NC_021160.1	99.174	121	1	0	1	121	3749924	3749804	5.94e-56	219	121	48359943
CaSNP2834	NC_021160.1	99.174	121	1	0	1	121	3363963	3364083	5.94e-56	219	121	48359943
CaTSNP6063	NC_021160.1	100.000	86	0	0	15	100	3359401	3359486	3.65e-38	159	121	48359943
CaTSNP7894	NC_021160.1	100.000	121	0	0	1	121	3740422	3740302	1.28e-57	224	121	48359943
CaTSNP7894	NC_021160.1	92.562	121	9	0	1	121	18216998	18217118	1.30e-42	174	121	48359943
CaTSNP7894	NC_021163.1	92.562	121	8	1	1	121	40098816	40098935	4.69e-42	172	121	49191682
CaTSNP7596	NC_021160.1	100.000	121	0	0	1	121	3492940	3493060	1.28e-57	224	121	48359943
CaTSNP7846	NC_021160.1	100.000	86	0	0	15	100	3359401	3359486	3.65e-38	159	121	48359943
CaTSNP6878	NC_021160.1	100.000	121	0	0	1	121	48336110	48336230	1.28e-57	224	121	48359943
CaTSNP7916	NC_021160.1	100.000	104	0	0	1	104	48305163	48305060	3.60e-48	193	121	48359943
CaTSNP7081	NC_021160.1	100.000	74	0	0	1	74	16931284	16931211	1.71e-31	137	121	48359943
CaTSNP7081	NC_021160.1	100.000	50	0	0	72	121	16931129	16931080	3.76e-18	93.5	121	48359943
CaTSNP7636	NC_021160.1	100.000	121	0	0	1	121	16814134	16814014	1.28e-57	224	121	48359943
CaTSNP7675	NC_021160.1	100.000	121	0	0	1	121	16994632	16994752	1.28e-57	224	121	48359943
CaTSNP7201	NC_021160.1	100.000	121	0	0	1	121	43957759	43957879	1.28e-57	224	121	48359943
CaTSNP6986	NC_021160.1	100.000	121	0	0	1	121	48195234	48195114	1.28e-57	224	121	48359943
CaTSNP7393	NC_021160.1	100.000	121	0	0	1	121	48358855	48358975	1.28e-57	224	121	48359943
CaTSNP8133	NC_021160.1	100.000	121	0	0	1	121	48029136	48029016	1.28e-57	224	121	48359943
CaTSNP6267	NW_004522063.1	100.000	121	0	0	1	121	41150	41270	1.28e-57	224	121	44013
CaTSNP8198	NC_021160.1	100.000	121	0	0	1	121	48029136	48029016	1.28e-57	224	121	48359943
CaTSNP8324	NC_021160.1	100.000	121	0	0	1	121	47946348	47946228	1.28e-57	224	121	48359943
CaTSNP6243	NC_021160.1	100.000	121	0	0	1	121	16874155	16874275	1.28e-57	224	121	48359943
CaTSNP9057	NC_021160.1	99.174	121	1	0	1	121	16961938	16962058	5.94e-56	219	121	48359943
CaTSNP8448	NC_021160.1	100.000	121	0	0	1	121	48051362	48051482	1.28e-57	224	121	48359943
CaTSNP6465	NC_021160.1	100.000	121	0	0	1	121	17059659	17059539	1.28e-57	224	121	48359943
CaTSNP7713	NC_021160.1	100.000	118	0	0	1	118	16945758	16945875	5.94e-56	219	121	48359943
CaTSNP6035	NC_021160.1	99.174	121	1	0	1	121	16908576	16908696	5.94e-56	219	121	48359943
CaTSNP8629	NC_021160.1	95.283	106	3	2	1	106	47888974	47888871	2.18e-40	167	121	48359943
CaTSNP8973	NC_021160.1	100.000	121	0	0	1	121	16793442	16793562	1.28e-57	224	121	48359943
CaTSNP8973	NC_021160.1	100.000	96	0	0	26	121	16794267	16794362	1.01e-43	178	121	48359943
CaTSNP8386	NC_021160.1	100.000	121	0	0	1	121	48154598	48154478	1.28e-57	224	121	48359943
CaTSNP7033	NC_021160.1	100.000	121	0	0	1	121	3253253	3253373	1.28e-57	224	121	48359943
CaTSNP7033	NW_004516329.1	95.652	69	3	0	1	69	42823	42891	1.04e-23	111	121	688796
CaTSNP7033	NW_004521687.1	93.151	73	5	0	1	73	406	334	1.34e-22	108	121	2810
CaTSNP7033	NC_021165.1	91.781	73	6	0	1	73	31325436	31325508	6.25e-21	102	121	59463898
CaTSNP7033	NC_021165.1	92.647	68	5	0	1	68	29021972	29021905	8.08e-20	99.0	121	59463898
CaTSNP7330	NC_021160.1	99.174	121	1	0	1	121	17094801	17094681	5.94e-56	219	121	48359943
CaTSNP8733	NC_021160.1	99.174	121	1	0	1	121	41795737	41795617	5.94e-56	219	121	48359943
CaTSNP6093	NC_021160.1	100.000	121	0	0	1	121	41859557	41859677	1.28e-57	224	121	48359943
CaTSNP6555	NC_021160.1	100.000	82	0	0	40	121	41779208	41779289	6.11e-36	152	121	48359943
CaTSNP8541	NC_021160.1	100.000	121	0	0	1	121	41822743	41822623	1.28e-57	224	121	48359943
CaTSNP8841	NC_021160.1	100.000	92	0	0	14	105	47272386	47272295	1.69e-41	171	121	48359943
CaTSNP9092	NC_021160.1	100.000	121	0	0	1	121	41882141	41882261	1.28e-57	224	121	48359943
CaTSNP6974	NC_021160.1	99.174	121	1	0	1	121	41822479	41822359	5.94e-56	219	121	48359943
CaSNP2479	NC_021160.1	100.000	121	0	0	1	121	48084005	48084125	1.28e-57	224	121	48359943
CaSNP4328	NC_021160.1	99.174	121	1	0	1	121	48197891	48197771	5.94e-56	219	121	48359943
CaTSNP8058	NC_021160.1	100.000	121	0	0	1	121	17048400	17048520	1.28e-57	224	121	48359943
CaSNP4839	NC_021160.1	99.174	121	1	0	1	121	47233817	47233697	5.94e-56	219	121	48359943
CaTSNP7521	NC_021160.1	99.174	121	1	0	1	121	3194805	3194685	5.94e-56	219	121	48359943
CaTSNP6783	NC_021160.1	100.000	90	0	0	1	90	16491275	16491364	2.18e-40	167	121	48359943
CaTSNP8860	NC_021160.1	100.000	121	0	0	1	121	16520604	16520484	1.28e-57	224	121	48359943
CaSNP2115	NC_021160.1	100.000	121	0	0	1	121	47444801	47444681	1.28e-57	224	121	48359943
CaSNP3130	NC_021160.1	100.000	121	0	0	1	121	48161668	48161788	1.28e-57	224	121	48359943
CaSNP3302	NC_021160.1	100.000	121	0	0	1	121	47909106	47909226	1.28e-57	224	121	48359943
CaSNP2285	NC_021160.1	99.174	121	1	0	1	121	47996470	47996350	5.94e-56	219	121	48359943
CaSNP2804	NC_021160.1	99.174	121	1	0	1	121	47682692	47682812	5.94e-56	219	121	48359943
CaSNP2804	NC_021160.1	99.174	121	1	0	1	121	47684350	47684470	5.94e-56	219	121	48359943
CaTSNP6616	NC_021160.1	100.000	121	0	0	1	121	16680465	16680585	1.28e-57	224	121	48359943
CaTSNP7295	NC_021160.1	99.174	121	1	0	1	121	16607957	16608077	5.94e-56	219	121	48359943
CaTSNP7567	NC_021160.1	100.000	121	0	0	1	121	16745576	16745456	1.28e-57	224	121	48359943
CaSNP1932	NC_021160.1	99.174	121	1	0	1	121	2988473	2988593	5.94e-56	219	121	48359943
CaTSNP8326	NC_021160.1	99.174	121	1	0	1	121	16589936	16590056	5.94e-56	219	121	48359943
CaTSNP8870	NC_021160.1	100.000	121	0	0	1	121	16527955	16528075	1.28e-57	224	121	48359943
CaSNP2970	NC_021160.1	100.000	121	0	0	1	121	3144513	3144393	1.28e-57	224	121	48359943
CaSNP2445	NC_021160.1	99.174	121	1	0	1	121	16799397	16799277	5.94e-56	219	121	48359943
CaTSNP6375	NC_021160.1	99.145	117	1	0	5	121	46913245	46913129	9.95e-54	211	121	48359943
CaTSNP8066	NC_021160.1	100.000	105	0	0	17	121	40935875	40935979	1.00e-48	195	121	48359943
CaTSNP9126	NC_021160.1	100.000	121	0	0	1	121	41358620	41358740	1.28e-57	224	121	48359943
CaTSNP7474	NC_021160.1	100.000	121	0	0	1	121	40704339	40704219	1.28e-57	224	121	48359943
CaSNP2414	NC_021160.1	100.000	121	0	0	1	121	47091674	47091554	1.28e-57	224	121	48359943
CaTSNP7513	NC_021160.1	100.000	103	0	0	19	121	44081150	44081048	1.30e-47	191	121	48359943
CaTSNP6801	NC_021160.1	100.000	121	0	0	1	121	41544175	41544295	1.28e-57	224	121	48359943
CaTSNP7058	NC_021160.1	100.000	62	0	0	1	62	41178206	41178267	8.02e-25	115	121	48359943
CaTSNP7614	NC_021160.1	100.000	121	0	0	1	121	46941935	46941815	1.28e-57	224	121	48359943
CaTSNP7784	NC_021160.1	100.000	121	0	0	1	121	46959565	46959445	1.28e-57	224	121	48359943
CaTSNP7961	NC_021160.1	100.000	121	0	0	1	121	40995989	40996109	1.28e-57	224	121	48359943
CaTSNP9146	NC_021160.1	100.000	121	0	0	1	121	41305944	41305824	1.28e-57	224	121	48359943
CaTSNP9146	NC_021163.1	93.388	121	8	0	1	121	45534318	45534438	2.80e-44	180	121	49191682
CaTSNP6651	NC_021160.1	100.000	81	0	0	1	81	41304695	41304615	2.20e-35	150	121	48359943
CaTSNP6651	NC_021163.1	97.531	81	2	0	1	81	45535660	45535740	4.76e-32	139	121	49191682
CaTSNP7166	NC_021160.1	100.000	121	0	0	1	121	41213404	41213284	1.28e-57	224	121	48359943
CaTSNP8863	NC_021160.1	100.000	121	0	0	1	121	43990904	43991024	1.28e-57	224	121	48359943
CaSNP3587	NC_021160.1	99.174	121	1	0	1	121	2510023	2510143	5.94e-56	219	121	48359943
CaSNP2079	NC_021160.1	100.000	121	0	0	1	121	2610604	2610484	1.28e-57	224	121	48359943
CaTSNP7296	NC_021160.1	100.000	104	0	0	1	104	41486557	41486454	3.60e-48	193	121	48359943
CaSNP5149	NC_021160.1	100.000	121	0	0	1	121	2870466	2870586	1.28e-57	224	121	48359943
CaSNP2325	NC_021160.1	99.174	121	1	0	1	121	41319090	41318970	5.94e-56	219	121	48359943
CaSNP2325	NC_021160.1	90.083	121	12	0	1	121	33371180	33371060	1.31e-37	158	121	48359943
CaSNP2325	NC_021160.1	90.083	121	12	0	1	121	45703326	45703446	1.31e-37	158	121	48359943
CaSNP2325	NC_021162.1	91.736	121	10	0	1	121	7451633	7451513	6.07e-41	169	121	39989001
CaSNP2325	NC_021162.1	92.308	78	6	0	44	121	9855386	9855309	1.04e-23	111	121	39989001
CaSNP2325	NC_021161.1	90.909	121	11	0	1	121	5783096	5782976	2.82e-39	163	121	36634854
CaSNP2325	NW_004516495.1	90.833	120	11	0	2	121	113006	112887	1.02e-38	161	121	181504
CaSNP2325	NW_004516889.1	90.083	121	12	0	1	121	208441	208561	1.31e-37	158	121	640134
CaSNP2104	NC_021160.1	99.174	121	1	0	1	121	41008028	41008148	5.94e-56	219	121	48359943
CaSNP3611	NC_021160.1	99.174	121	1	0	1	121	2775361	2775481	5.94e-56	219	121	48359943
CaSNP3611	NC_021160.1	95.041	121	6	0	1	121	26330924	26331044	1.30e-47	191	121	48359943
CaSNP5022	NC_021160.1	99.174	121	1	0	1	121	40630423	40630303	5.94e-56	219	121	48359943
CaTSNP8160	NC_021160.1	100.000	121	0	0	1	121	43941564	43941684	1.28e-57	224	121	48359943
CaSNP2286	NC_021160.1	100.000	121	0	0	1	121	40478613	40478493	1.28e-57	224	121	48359943
CaSNP2236	NC_021160.1	99.174	121	1	0	1	121	46971153	46971033	5.94e-56	219	121	48359943
CaSNP2815	NC_021160.1	100.000	121	0	0	1	121	40691853	40691973	1.28e-57	224	121	48359943
CaSNP3896	NC_021160.1	100.000	121	0	0	1	121	44070085	44070205	1.28e-57	224	121	48359943
CaSNP4567	NC_021160.1	99.174	121	1	0	1	121	41159791	41159911	5.94e-56	219	121	48359943
CaSNP3574	NC_021160.1	99.174	121	1	0	1	121	40914793	40914913	5.94e-56	219	121	48359943
CaSNP3574	NW_004516771.1	91.667	120	10	0	2	121	14422	14541	2.18e-40	167	121	118128
CaSNP1992	NC_021160.1	100.000	121	0	0	1	121	43992483	43992363	1.28e-57	224	121	48359943
CaTSNP9148	NC_021160.1	100.000	92	0	0	30	121	43700457	43700366	1.69e-41	171	121	48359943
CaSNP2580	NC_021160.1	99.174	121	1	0	1	121	2002682	2002802	5.94e-56	219	121	48359943
CaSNP4371	NC_021160.1	100.000	121	0	0	1	121	1963322	1963442	1.28e-57	224	121	48359943
CaTSNP7412	NC_021160.1	100.000	121	0	0	1	121	43665655	43665535	1.28e-57	224	121	48359943
CaSNP2525	NC_021160.1	100.000	121	0	0	1	121	43790107	43789987	1.28e-57	224	121	48359943
CaSNP3216	NC_021160.1	100.000	121	0	0	1	121	2093665	2093785	1.28e-57	224	121	48359943
CaTSNP6382	NC_021160.1	98.333	120	1	1	1	119	2172563	2172682	3.58e-53	209	121	48359943
CaTSNP7789	NC_021160.1	100.000	121	0	0	1	121	2366469	2366349	1.28e-57	224	121	48359943
CaTSNP8340	NC_021160.1	100.000	90	0	0	1	90	2604355	2604266	2.18e-40	167	121	48359943
CaSNP2565	NC_021160.1	99.174	121	1	0	1	121	43679682	43679802	5.94e-56	219	121	48359943
CaTSNP6235	NC_021160.1	99.174	121	1	0	1	121	2312640	2312760	5.94e-56	219	121	48359943
CaTSNP8302	NC_021160.1	99.174	121	1	0	1	121	2401446	2401566	5.94e-56	219	121	48359943
CaTSNP6336	NC_021160.1	100.000	121	0	0	1	121	2782967	2782847	1.28e-57	224	121	48359943
CaTSNP7434	NC_021160.1	100.000	106	0	0	16	121	2458596	2458491	2.78e-49	196	121	48359943
CaTSNP7833	NC_021160.1	100.000	121	0	0	1	121	2405467	2405347	1.28e-57	224	121	48359943
CaSNP3441	NC_021160.1	100.000	121	0	0	1	121	43755347	43755227	1.28e-57	224	121	48359943
CaSNP2397	NC_021160.1	99.174	121	1	0	1	121	43883475	43883595	5.94e-56	219	121	48359943
CaTSNP8603	NC_021160.1	100.000	121	0	0	1	121	2629714	2629594	1.28e-57	224	121	48359943
CaTSNP8821	NC_021160.1	99.174	121	1	0	1	121	2671506	2671626	5.94e-56	219	121	48359943
CaSNP4889	NC_021160.1	100.000	121	0	0	1	121	22346345	22346225	1.28e-57	224	121	48359943
CaTSNP8851	NC_021160.1	100.000	121	0	0	1	121	2240971	2240851	1.28e-57	224	121	48359943
CaSNP3329	NC_021160.1	99.174	121	1	0	1	121	43596463	43596343	5.94e-56	219	121	48359943
CaSNP4831	NW_004516956.1	98.361	122	1	1	1	121	343627	343506	2.77e-54	213	121	362380
CaSNP3174	NC_021160.1	99.174	121	1	0	1	121	28591950	28591830	5.94e-56	219	121	48359943
CaSNP2009	NC_021160.1	100.000	121	0	0	1	121	25971365	25971485	1.28e-57	224	121	48359943
CaSNP4099	NC_021160.1	98.361	122	1	1	1	121	42467381	42467260	2.77e-54	213	121	48359943
CaSNP3652	NW_004515694.1	99.174	121	1	0	1	121	597693	597813	5.94e-56	219	121	857743
CaSNP2728	NW_004518103.1	99.174	121	1	0	1	121	47214	47334	5.94e-56	219	121	109742
CaSNP4107	NC_021160.1	100.000	121	0	0	1	121	39569395	39569515	1.28e-57	224	121	48359943
CaSNP2117	NC_021160.1	100.000	121	0	0	1	121	38436087	38435967	1.28e-57	224	121	48359943
CaSNP2226	NC_021160.1	100.000	121	0	0	1	121	36471156	36471276	1.28e-57	224	121	48359943
CaSNP2446	NC_021160.1	100.000	121	0	0	1	121	33340620	33340500	1.28e-57	224	121	48359943
CaSNP2558	NC_021160.1	100.000	120	0	0	1	120	25309961	25309842	4.59e-57	222	121	48359943
CaSNP2558	NC_021160.1	91.597	119	10	0	3	121	46350857	46350739	7.85e-40	165	121	48359943
CaSNP2558	NW_004516594.1	91.597	119	10	0	3	121	24689	24571	7.85e-40	165	121	118400
CaSNP2558	NW_004516548.1	91.597	119	10	0	3	121	118847	118729	7.85e-40	165	121	229804
CaSNP2558	NC_021164.1	91.597	119	10	0	3	121	6724724	6724606	7.85e-40	165	121	48169137
CaSNP2558	NC_021164.1	90.756	119	11	0	3	121	5379874	5379756	3.65e-38	159	121	48169137
CaSNP2558	NC_021164.1	90.756	119	11	0	3	121	13939395	13939513	3.65e-38	159	121	48169137
CaSNP2558	NC_021164.1	90.756	119	11	0	3	121	20581646	20581528	3.65e-38	159	121	48169137
CaSNP2558	NC_021164.1	90.678	118	11	0	3	120	5418668	5418785	1.31e-37	158	121	48169137
CaSNP2558	NC_021161.1	91.597	119	10	0	3	121	7372209	7372327	7.85e-40	165	121	36634854
CaSNP2558	NC_021161.1	90.833	120	11	0	2	121	19587238	19587119	1.02e-38	161	121	36634854
CaSNP2558	NC_021161.1	90.756	119	11	0	3	121	9614292	9614410	3.65e-38	159	121	36634854
CaSNP2558	NC_021161.1	90.000	120	12	0	2	121	15507912	15507793	4.73e-37	156	121	36634854
CaSNP2746	NC_021160.1	100.000	121	0	0	1	121	39437147	39437267	1.28e-57	224	121	48359943
CaSNP3212	NC_021160.1	99.174	121	1	0	1	121	26364543	26364663	5.94e-56	219	121	48359943
CaSNP3428	NC_021160.1	99.174	121	1	0	1	121	43070625	43070745	5.94e-56	219	121	48359943
CaSNP3810	NC_021160.1	99.174	121	1	0	1	121	26266081	26265961	5.94e-56	219	121	48359943
CaSNP3810	NW_004516033.1	91.453	117	8	2	1	116	12627	12512	3.65e-38	159	121	85105
CaSNP3810	NC_021164.1	91.453	117	8	2	1	116	9388033	9387918	3.65e-38	159	121	48169137
CaSNP3810	NC_021164.1	91.453	117	8	2	1	116	12644498	12644383	3.65e-38	159	121	48169137
CaSNP3810	NW_004518055.1	90.000	110	9	2	10	118	48427	48535	1.32e-32	141	121	66900
CaSNP3810	NW_004515657.1	90.909	88	6	2	32	118	193185	193271	2.23e-25	117	121	1067107
CaSNP4027	NC_021160.1	100.000	121	0	0	1	121	33110424	33110544	1.28e-57	224	121	48359943
CaSNP4027	NC_021164.1	92.537	67	5	0	53	119	16799413	16799479	2.91e-19	97.1	121	48169137
CaSNP4449	NW_004516062.1	100.000	121	0	0	1	121	142214	142334	1.28e-57	224	121	306977
CaSNP2601	NC_021160.1	99.174	121	1	0	1	121	38300827	38300707	5.94e-56	219	121	48359943
CaSNP2839	NC_021160.1	99.174	121	1	0	1	121	27539693	27539573	5.94e-56	219	121	48359943
CaSNP2839	NC_021160.1	90.000	80	8	0	1	80	31510256	31510335	1.74e-21	104	121	48359943
CaSNP2839	NW_004516876.1	92.562	121	9	0	1	121	120377	120497	1.30e-42	174	121	156964
CaSNP2839	NC_021162.1	91.736	121	10	0	1	121	2482879	2482999	6.07e-41	169	121	39989001
CaSNP2839	NC_021162.1	90.000	120	12	0	1	120	18805618	18805499	4.73e-37	156	121	39989001
CaSNP2839	NC_021164.1	91.667	120	10	0	1	120	26977802	26977683	2.18e-40	167	121	48169137
CaSNP2839	NC_021166.1	90.083	121	12	0	1	121	44511199	44511079	1.31e-37	158	121	48961560
CaSNP2839	NC_021166.1	90.083	121	10	2	1	121	17514829	17514947	4.73e-37	156	121	48961560
CaSNP3650	NW_004516062.1	100.000	121	0	0	1	121	241147	241027	1.28e-57	224	121	306977
CaSNP3990	NC_021160.1	100.000	121	0	0	1	121	40003438	40003318	1.28e-57	224	121	48359943
CaSNP3557	NC_021160.1	100.000	121	0	0	1	121	19962454	19962334	1.28e-57	224	121	48359943
CaSNP3095	NC_021160.1	100.000	121	0	0	1	121	19877594	19877714	1.28e-57	224	121	48359943
CaSNP3394	NC_021160.1	99.174	121	1	0	1	121	24073638	24073758	5.94e-56	219	121	48359943
CaSNP2021	NC_021160.1	100.000	121	0	0	1	121	23276372	23276252	1.28e-57	224	121	48359943
CaSNP2462	NC_021160.1	99.174	121	1	0	1	121	42288547	42288667	5.94e-56	219	121	48359943
CaSNP2608	NC_021160.1	100.000	121	0	0	1	121	28265688	28265568	1.28e-57	224	121	48359943
CaSNP4262	NC_021160.1	99.174	121	1	0	1	121	33045471	33045591	5.94e-56	219	121	48359943
CaSNP4499	NC_021160.1	100.000	121	0	0	1	121	35341808	35341928	1.28e-57	224	121	48359943
CaSNP4499	NC_021160.1	94.215	121	7	0	1	121	6978754	6978874	6.03e-46	185	121	48359943
CaSNP4499	NC_021165.1	95.868	121	5	0	1	121	39221838	39221718	2.78e-49	196	121	59463898
CaSNP3502	NC_021160.1	98.347	121	2	0	1	121	34711483	34711363	2.77e-54	213	121	48359943
CaSNP3502	NC_021162.1	92.035	113	9	0	2	114	4523939	4523827	3.65e-38	159	121	39989001
CaSNP3502	NC_021166.1	90.278	72	3	4	1	70	24131113	24131182	1.35e-17	91.6	121	48961560
CaSNP2708	NC_021160.1	100.000	121	0	0	1	121	29341798	29341678	1.28e-57	224	121	48359943
CaSNP3876	NC_021160.1	100.000	121	0	0	1	121	35355978	35356098	1.28e-57	224	121	48359943
CaSNP3876	NC_021164.1	92.562	121	9	0	1	121	4008837	4008957	1.30e-42	174	121	48169137
CaSNP4496	NC_021161.1	100.000	121	0	0	1	121	6309984	6310104	1.28e-57	224	121	36634854
CaSNP4740	NC_021160.1	99.174	121	1	0	1	121	40170707	40170827	5.94e-56	219	121	48359943
CaSNP4740	NC_021160.1	93.103	87	6	0	7	93	41636034	41636120	1.03e-28	128	121	48359943
CaSNP2999	NC_021160.1	99.174	121	1	0	1	121	34343047	34342927	5.94e-56	219	121	48359943
CaSNP2681	NC_021160.1	100.000	121	0	0	1	121	19583534	19583414	1.28e-57	224	121	48359943
CaSNP3766	NC_021160.1	99.174	121	1	0	1	121	19529514	19529394	5.94e-56	219	121	48359943
CaSNP4162	NW_004515881.1	100.000	121	0	0	1	121	362236	362116	1.28e-57	224	121	463184
CaSNP4162	NW_004516665.1	91.667	120	10	0	1	120	249250	249131	2.18e-40	167	121	372716
CaSNP4162	NW_004517105.1	90.833	120	11	0	1	120	210994	210875	1.02e-38	161	121	235632
CaSNP4162	NC_021166.1	92.105	114	9	0	1	114	23484305	23484418	1.02e-38	161	121	48961560
CaSNP4162	NC_021161.1	90.833	120	11	0	1	120	22014715	22014596	1.02e-38	161	121	36634854
CaSNP4162	NC_021161.1	91.228	114	10	0	1	114	15927627	15927740	4.73e-37	156	121	36634854
CaSNP4759	NC_021160.1	100.000	121	0	0	1	121	34651731	34651611	1.28e-57	224	121	48359943
CaSNP5059	NC_021160.1	100.000	121	0	0	1	121	30709521	30709401	1.28e-57	224	121	48359943
CaSNP4848	NC_021160.1	99.174	121	1	0	1	121	24274773	24274653	5.94e-56	219	121	48359943
CaSNP4778	NW_004518013.1	99.180	122	0	1	1	121	96087	96208	5.94e-56	219	121	138112
CaSNP4778	NC_021164.1	91.736	121	8	1	1	121	3740265	3740147	2.18e-40	167	121	48169137
CaSNP3637	NC_021160.1	100.000	121	0	0	1	121	36555288	36555168	1.28e-57	224	121	48359943
CaSNP3637	NW_004516529.1	91.525	118	10	0	1	118	185650	185767	2.82e-39	163	121	333621
CaSNP3637	NC_021165.1	90.678	118	11	0	1	118	59426822	59426705	1.31e-37	158	121	59463898
CaSNP2844	NC_021160.1	98.361	122	1	1	1	121	26174507	26174628	2.77e-54	213	121	48359943
CaSNP2844	NW_004516164.1	91.803	122	9	1	1	121	184629	184750	6.07e-41	169	121	296508
CaSNP2844	NW_004516753.1	91.736	121	9	1	2	121	464891	464771	2.18e-40	167	121	505910
CaSNP2844	NC_021166.1	91.667	120	9	1	3	121	47285738	47285857	7.85e-40	165	121	48961560
CaSNP2520	NC_021160.1	100.000	121	0	0	1	121	30792764	30792644	1.28e-57	224	121	48359943
CaSNP2545	NC_021160.1	99.174	121	1	0	1	121	42137771	42137651	5.94e-56	219	121	48359943
CaSNP3510	NW_004515694.1	99.174	121	1	0	1	121	465607	465727	5.94e-56	219	121	857743
CaSNP4325	NC_021160.1	99.174	121	1	0	1	121	31070398	31070278	5.94e-56	219	121	48359943
CaSNP4325	NW_004516060.1	91.525	118	9	1	1	118	474733	474849	1.02e-38	161	121	705481
CaSNP4325	NW_004515818.1	90.984	122	8	2	1	121	121740	121621	1.02e-38	161	121	372920
CaSNP4325	NC_021166.1	90.164	122	10	2	1	121	48014924	48015044	1.31e-37	158	121	48961560
CaSNP4325	NC_021164.1	90.833	120	8	2	1	119	21026923	21027040	1.31e-37	158	121	48169137
CaSNP3191	NC_021160.1	99.174	121	1	0	1	121	40016505	40016385	5.94e-56	219	121	48359943
CaSNP4377	NC_021160.1	99.174	121	1	0	1	121	24587973	24587853	5.94e-56	219	121	48359943
CaSNP4377	NC_021160.1	98.276	116	2	0	6	121	25585701	25585816	1.66e-51	204	121	48359943
CaSNP2048	NC_021160.1	99.174	121	1	0	1	121	42825990	42826110	5.94e-56	219	121	48359943
CaSNP2754	NC_021160.1	100.000	121	0	0	1	121	40362469	40362349	1.28e-57	224	121	48359943
CaSNP3334	NC_021160.1	100.000	121	0	0	1	121	30086762	30086642	1.28e-57	224	121	48359943
CaSNP4372	NC_021160.1	99.174	121	1	0	1	121	45415352	45415232	5.94e-56	219	121	48359943
CaSNP4810	NC_021160.1	100.000	121	0	0	1	121	32057302	32057182	1.28e-57	224	121	48359943
CaSNP4558	NW_004516698.1	99.174	121	1	0	1	121	119751	119631	5.94e-56	219	121	141948
CaSNP4558	NW_004515837.1	94.262	122	6	1	1	121	157831	157710	6.03e-46	185	121	234753
CaSNP5122	NW_004515694.1	100.000	121	0	0	1	121	698988	699108	1.28e-57	224	121	857743
CaSNP2813	NW_004515694.1	100.000	121	0	0	1	121	737948	738068	1.28e-57	224	121	857743
CaSNP2820	NC_021160.1	99.174	121	1	0	1	121	39664261	39664141	5.94e-56	219	121	48359943
CaSNP3017	NC_021160.1	100.000	121	0	0	1	121	45467849	45467729	1.28e-57	224	121	48359943
CaSNP3073	NC_021160.1	99.174	121	1	0	1	121	23129613	23129733	5.94e-56	219	121	48359943
CaSNP3198	NC_021160.1	99.174	121	1	0	1	121	19678658	19678538	5.94e-56	219	121	48359943
CaSNP3348	NC_021160.1	99.174	121	1	0	1	121	28163680	28163800	5.94e-56	219	121	48359943
CaSNP3447	NC_021160.1	100.000	121	0	0	1	121	29437712	29437832	1.28e-57	224	121	48359943
CaSNP3463	NW_004515718.1	99.174	121	1	0	1	121	215992	215872	5.94e-56	219	121	238928
CaSNP3463	NC_021162.1	93.069	101	5	2	1	100	16267005	16266906	2.84e-34	147	121	39989001
CaSNP3830	NW_004515880.1	100.000	121	0	0	1	121	356140	356260	1.28e-57	224	121	609082
CaSNP3848	NC_021160.1	100.000	121	0	0	1	121	29116370	29116490	1.28e-57	224	121	48359943
CaSNP3976	NC_021160.1	99.174	121	1	0	1	121	22179030	22179150	5.94e-56	219	121	48359943
CaSNP3976	NC_021160.1	93.519	108	7	0	1	108	22175440	22175547	1.02e-38	161	121	48359943
CaSNP4152	NC_021160.1	99.174	121	1	0	1	121	31565795	31565675	5.94e-56	219	121	48359943
CaSNP4152	NW_004515863.1	91.597	119	10	0	3	121	120851	120733	7.85e-40	165	121	189017
CaSNP4152	NW_004516527.1	90.000	120	11	1	3	121	521286	521167	1.70e-36	154	121	527071
CaSNP4932	NC_021160.1	99.174	121	1	0	1	121	35042454	35042574	5.94e-56	219	121	48359943
CaSNP4943	NC_021160.1	99.174	121	1	0	1	121	36022496	36022616	5.94e-56	219	121	48359943
CaSNP2185	NC_021160.1	99.174	121	1	0	1	121	44575399	44575279	5.94e-56	219	121	48359943
CaSNP2920	NC_021160.1	100.000	121	0	0	1	121	22375171	22375051	1.28e-57	224	121	48359943
CaSNP4469	NW_004516552.1	99.174	121	1	0	1	121	18125	18005	5.94e-56	219	121	73911
CaSNP2704	NC_021160.1	100.000	121	0	0	1	121	35057692	35057812	1.28e-57	224	121	48359943
CaSNP4616	NC_021160.1	100.000	121	0	0	1	121	24475210	24475090	1.28e-57	224	121	48359943
CaSNP2423	NW_004519314.1	99.174	121	1	0	1	121	15177	15297	5.94e-56	219	121	23641
CaSNP2423	NC_021167.1	98.649	74	1	0	48	121	436311	436384	7.97e-30	132	121	16477302
CaSNP2423	NW_004516255.1	97.297	74	2	0	48	121	13493	13566	3.71e-28	126	121	52142
CaSNP2423	NW_004515797.1	95.946	74	3	0	48	121	35151	35078	1.72e-26	121	121	395825
CaSNP2847	NC_021160.1	99.174	121	1	0	1	121	34250099	34249979	5.94e-56	219	121	48359943
CaSNP3877	NC_021160.1	99.174	121	1	0	1	121	29624514	29624634	5.94e-56	219	121	48359943
CaSNP3877	NC_021160.1	94.872	78	3	1	1	77	32552780	32552857	1.72e-26	121	121	48359943
CaSNP3877	NC_021160.1	91.566	83	7	0	1	83	32977045	32976963	8.02e-25	115	121	48359943
CaSNP3877	NC_021160.1	90.361	83	8	0	1	83	23617384	23617466	3.73e-23	110	121	48359943
CaSNP3877	NC_021160.1	90.361	83	8	0	1	83	24268241	24268159	3.73e-23	110	121	48359943
CaSNP3877	NW_004517206.1	92.771	83	6	0	1	83	19440	19358	1.72e-26	121	121	182124
CaSNP3877	NC_021163.1	92.771	83	6	0	1	83	33714905	33714987	1.72e-26	121	121	49191682
CaSNP3877	NC_021163.1	90.361	83	8	0	1	83	22660725	22660643	3.73e-23	110	121	49191682
CaSNP3877	NC_021163.1	93.243	74	5	0	1	74	30626839	30626912	3.73e-23	110	121	49191682
CaSNP3877	NC_021163.1	98.214	56	1	0	1	56	25994841	25994896	8.08e-20	99.0	121	49191682
CaSNP3877	NC_021163.1	90.541	74	7	0	1	74	33086529	33086602	8.08e-20	99.0	121	49191682
CaSNP3877	NW_004516235.1	94.667	75	4	0	1	75	128637	128563	2.23e-25	117	121	623125
CaSNP3877	NW_004516087.1	91.566	83	7	0	1	83	148912	148830	8.02e-25	115	121	902330
CaSNP3877	NW_004516087.1	90.411	73	7	0	1	73	671445	671517	2.91e-19	97.1	121	902330
CaSNP3920	NC_021160.1	100.000	121	0	0	1	121	34377768	34377648	1.28e-57	224	121	48359943
CaSNP3920	NC_021160.1	93.388	121	8	0	1	121	28283122	28283242	2.80e-44	180	121	48359943
CaSNP3920	NC_021160.1	92.562	121	9	0	1	121	26901724	26901844	1.30e-42	174	121	48359943
CaSNP3920	NC_021160.1	92.562	121	9	0	1	121	33935315	33935435	1.30e-42	174	121	48359943
CaSNP3920	NC_021160.1	92.562	121	9	0	1	121	45707742	45707862	1.30e-42	174	121	48359943
CaSNP3920	NC_021160.1	91.736	121	10	0	1	121	25902878	25902758	6.07e-41	169	121	48359943
CaSNP3920	NC_021160.1	91.736	121	9	1	1	121	45537108	45537227	2.18e-40	167	121	48359943
CaSNP3920	NC_021160.1	90.909	121	11	0	1	121	23864908	23864788	2.82e-39	163	121	48359943
CaSNP3920	NC_021160.1	90.909	121	11	0	1	121	23866983	23866863	2.82e-39	163	121	48359943
CaSNP3920	NC_021160.1	90.909	121	11	0	1	121	23869010	23868890	2.82e-39	163	121	48359943
CaSNP3920	NC_021160.1	90.909	121	11	0	1	121	29083963	29084083	2.82e-39	163	121	48359943
CaSNP3920	NC_021160.1	90.909	121	11	0	1	121	46304456	46304576	2.82e-39	163	121	48359943
CaSNP3920	NC_021160.1	90.909	121	10	1	1	121	33942071	33942190	1.02e-38	161	121	48359943
CaSNP3920	NC_021160.1	90.083	121	12	0	1	121	19117693	19117573	1.31e-37	158	121	48359943
CaSNP3920	NC_021160.1	90.083	121	12	0	1	121	19675895	19676015	1.31e-37	158	121	48359943
CaSNP3920	NC_021160.1	90.083	121	12	0	1	121	25198463	25198583	1.31e-37	158	121	48359943
CaSNP3920	NC_021160.1	90.083	121	12	0	1	121	32428255	32428375	1.31e-37	158	121	48359943
CaSNP3920	NC_021160.1	90.083	121	12	0	1	121	32434759	32434879	1.31e-37	158	121	48359943
CaSNP3920	NC_021160.1	90.164	122	11	1	1	121	47062683	47062562	1.31e-37	158	121	48359943
CaSNP3920	NC_021160.1	90.083	121	10	2	1	121	17254780	17254662	4.73e-37	156	121	48359943
CaSNP3920	NC_021160.1	90.083	121	10	2	1	121	24598701	24598583	4.73e-37	156	121	48359943
CaSNP3920	NC_021160.1	90.083	121	10	2	1	121	24604740	24604622	4.73e-37	156	121	48359943
CaSNP3920	NC_021160.1	90.083	121	10	2	1	121	25199246	25199128	4.73e-37	156	121	48359943
CaSNP3920	NC_021160.1	90.083	121	10	2	1	121	25213310	25213192	4.73e-37	156	121	48359943
CaSNP3920	NC_021160.1	90.083	121	10	2	1	121	25270935	25271053	4.73e-37	156	121	48359943
CaSNP3920	NC_021160.1	90.083	121	10	2	1	121	26498677	26498795	4.73e-37	156	121	48359943
CaSNP3920	NC_021160.1	90.083	121	10	2	1	121	27821239	27821121	4.73e-37	156	121	48359943
CaSNP3920	NC_021160.1	90.083	121	10	2	1	121	29362204	29362322	4.73e-37	156	121	48359943
CaSNP3920	NC_021160.1	90.083	121	10	2	1	121	32922885	32922767	4.73e-37	156	121	48359943
CaSNP3920	NC_021160.1	90.083	121	10	2	1	121	34240551	34240433	4.73e-37	156	121	48359943
CaSNP3920	NC_021160.1	90.083	121	10	2	1	121	36341667	36341549	4.73e-37	156	121	48359943
CaSNP3920	NC_021160.1	90.083	121	10	2	1	121	36667783	36667901	4.73e-37	156	121	48359943
CaSNP3920	NC_021160.1	90.083	121	10	2	1	121	37970619	37970737	4.73e-37	156	121	48359943
CaSNP3920	NC_021160.1	90.083	121	10	2	1	121	37971404	37971522	4.73e-37	156	121	48359943
CaSNP3920	NC_021160.1	90.083	121	10	2	1	121	38237909	38238027	4.73e-37	156	121	48359943
CaSNP3920	NC_021160.1	90.083	121	10	2	1	121	38411362	38411480	4.73e-37	156	121	48359943
CaSNP3920	NC_021160.1	90.083	121	10	2	1	121	39116899	39117017	4.73e-37	156	121	48359943
CaSNP3920	NC_021160.1	90.083	121	10	2	1	121	39124994	39125112	4.73e-37	156	121	48359943
CaSNP3920	NC_021160.1	90.083	121	10	2	1	121	39125195	39125313	4.73e-37	156	121	48359943
CaSNP3920	NC_021160.1	90.083	121	10	2	1	121	39879912	39879794	4.73e-37	156	121	48359943
CaSNP3920	NC_021160.1	90.083	121	10	2	1	121	40244540	40244658	4.73e-37	156	121	48359943
CaSNP3920	NC_021160.1	90.083	121	10	2	1	121	43138623	43138505	4.73e-37	156	121	48359943
CaSNP3920	NC_021160.1	90.083	121	10	2	1	121	45269591	45269709	4.73e-37	156	121	48359943
CaSNP3920	NC_021160.1	90.083	121	10	2	1	121	46267786	46267904	4.73e-37	156	121	48359943
CaSNP3920	NC_021160.1	90.000	100	10	0	1	100	27665579	27665480	2.86e-29	130	121	48359943
CaSNP3920	NC_021160.1	93.846	65	4	0	1	65	33008364	33008428	8.08e-20	99.0	121	48359943
CaSNP3920	NW_004516779.1	96.694	121	4	0	1	121	75523	75403	5.99e-51	202	121	145731
CaSNP3920	NC_021161.1	95.041	121	6	0	1	121	15924505	15924625	1.30e-47	191	121	36634854
CaSNP3920	NC_021161.1	92.562	121	9	0	1	121	4598488	4598368	1.30e-42	174	121	36634854
CaSNP3920	NC_021161.1	92.562	121	9	0	1	121	11517422	11517302	1.30e-42	174	121	36634854
CaSNP3920	NC_021161.1	92.562	121	9	0	1	121	18463765	18463885	1.30e-42	174	121	36634854
CaSNP3920	NC_021161.1	92.562	121	9	0	1	121	18990084	18990204	1.30e-42	174	121	36634854
CaSNP3920	NC_021161.1	92.562	121	9	0	1	121	31109912	31110032	1.30e-42	174	121	36634854
CaSNP3920	NC_021161.1	91.736	121	10	0	1	121	18954211	18954091	6.07e-41	169	121	36634854
CaSNP3920	NC_021161.1	90.909	121	11	0	1	121	18466598	18466718	2.82e-39	163	121	36634854
CaSNP3920	NC_021161.1	90.909	121	11	0	1	121	24006254	24006134	2.82e-39	163	121	36634854
CaSNP3920	NC_021161.1	90.083	121	12	0	1	121	13311950	13311830	1.31e-37	158	121	36634854
CaSNP3920	NC_021161.1	90.083	121	12	0	1	121	13653422	13653542	1.31e-37	158	121	36634854
CaSNP3920	NC_021161.1	90.083	121	12	0	1	121	18986362	18986482	1.31e-37	158	121	36634854
CaSNP3920	NC_021161.1	90.083	121	10	2	1	121	422619	422737	4.73e-37	156	121	36634854
CaSNP3920	NC_021161.1	90.083	121	10	2	1	121	4271988	4272106	4.73e-37	156	121	36634854
CaSNP3920	NC_021161.1	90.083	121	10	2	1	121	11219026	11218908	4.73e-37	156	121	36634854
CaSNP3920	NC_021161.1	90.083	121	10	2	1	121	11948148	11948266	4.73e-37	156	121	36634854
CaSNP3920	NC_021161.1	90.083	121	10	2	1	121	12716175	12716057	4.73e-37	156	121	36634854
CaSNP3920	NC_021161.1	90.083	121	10	2	1	121	17583295	17583413	4.73e-37	156	121	36634854
CaSNP3920	NC_021161.1	90.083	121	10	2	1	121	19615118	19615000	4.73e-37	156	121	36634854
CaSNP3920	NC_021161.1	90.164	122	8	4	1	121	20420078	20420196	4.73e-37	156	121	36634854
CaSNP3920	NC_021161.1	90.083	121	10	2	1	121	20424650	20424768	4.73e-37	156	121	36634854
CaSNP3920	NC_021161.1	90.083	121	10	2	1	121	21132950	21132832	4.73e-37	156	121	36634854
CaSNP3920	NC_021161.1	90.083	121	10	2	1	121	21192193	21192311	4.73e-37	156	121	36634854
CaSNP3920	NC_021161.1	90.083	121	10	2	1	121	21193258	21193376	4.73e-37	156	121	36634854
CaSNP3920	NC_021161.1	90.083	121	10	2	1	121	22197391	22197509	4.73e-37	156	121	36634854
CaSNP3920	NC_021161.1	90.083	121	10	2	1	121	22283648	22283766	4.73e-37	156	121	36634854
CaSNP3920	NC_021161.1	90.083	121	10	2	1	121	22506301	22506419	4.73e-37	156	121	36634854
CaSNP3920	NC_021161.1	90.083	121	10	2	1	121	23044372	23044490	4.73e-37	156	121	36634854
CaSNP3920	NC_021161.1	90.083	121	10	2	1	121	24402626	24402508	4.73e-37	156	121	36634854
CaSNP3920	NC_021161.1	90.083	121	10	2	1	121	29276545	29276663	4.73e-37	156	121	36634854
CaSNP3920	NC_021161.1	90.083	121	10	2	1	121	29277437	29277319	4.73e-37	156	121	36634854
CaSNP3920	NC_021161.1	90.083	121	10	2	1	121	32462770	32462652	4.73e-37	156	121	36634854
CaSNP3920	NC_021161.1	91.209	91	8	0	31	121	13306452	13306362	1.33e-27	124	121	36634854
CaSNP3920	NW_004515805.1	95.041	121	5	1	1	121	426797	426916	4.66e-47	189	121	915978
CaSNP3920	NW_004515805.1	91.736	121	10	0	1	121	712265	712145	6.07e-41	169	121	915978
CaSNP3920	NW_004515805.1	90.678	118	10	1	1	118	328761	328877	4.73e-37	156	121	915978
CaSNP3920	NW_004515805.1	90.083	121	10	2	1	121	535430	535548	4.73e-37	156	121	915978
CaSNP3920	NW_004515805.1	90.083	121	10	2	1	121	826675	826793	4.73e-37	156	121	915978
CaSNP3920	NW_004515805.1	90.083	121	10	2	1	121	845306	845424	4.73e-37	156	121	915978
CaSNP3920	NC_021164.1	95.690	116	5	0	1	116	3823583	3823468	1.68e-46	187	121	48169137
CaSNP3920	NC_021164.1	94.118	119	7	0	1	119	15226284	15226166	7.80e-45	182	121	48169137
CaSNP3920	NC_021164.1	93.333	120	8	0	2	121	3516548	3516667	1.01e-43	178	121	48169137
CaSNP3920	NC_021164.1	92.562	121	9	0	1	121	17789860	17789980	1.30e-42	174	121	48169137
CaSNP3920	NC_021164.1	91.736	121	10	0	1	121	7156444	7156564	6.07e-41	169	121	48169137
CaSNP3920	NC_021164.1	91.736	121	10	0	1	121	19790561	19790681	6.07e-41	169	121	48169137
CaSNP3920	NC_021164.1	92.241	116	9	0	6	121	1539159	1539044	7.85e-40	165	121	48169137
CaSNP3920	NC_021164.1	91.667	120	8	1	1	120	3885362	3885245	7.85e-40	165	121	48169137
CaSNP3920	NC_021164.1	90.909	121	11	0	1	121	16084650	16084770	2.82e-39	163	121	48169137
CaSNP3920	NC_021164.1	90.909	121	11	0	1	121	30842206	30842086	2.82e-39	163	121	48169137
CaSNP3920	NC_021164.1	90.083	121	12	0	1	121	14127940	14128060	1.31e-37	158	121	48169137
CaSNP3920	NC_021164.1	90.083	121	12	0	1	121	17504614	17504494	1.31e-37	158	121	48169137
CaSNP3920	NC_021164.1	90.083	121	10	2	1	121	355025	355143	4.73e-37	156	121	48169137
CaSNP3920	NC_021164.1	90.083	121	10	2	1	121	2366273	2366391	4.73e-37	156	121	48169137
CaSNP3920	NC_021164.1	90.083	121	10	2	1	121	2739788	2739906	4.73e-37	156	121	48169137
CaSNP3920	NC_021164.1	90.083	121	10	2	1	121	3454064	3453946	4.73e-37	156	121	48169137
CaSNP3920	NC_021164.1	90.083	121	10	2	1	121	4387614	4387496	4.73e-37	156	121	48169137
CaSNP3920	NC_021164.1	90.083	121	10	2	1	121	4398328	4398210	4.73e-37	156	121	48169137
CaSNP3920	NC_021164.1	90.083	121	10	2	1	121	6716816	6716934	4.73e-37	156	121	48169137
CaSNP3920	NC_021164.1	90.083	121	10	2	1	121	9093764	9093646	4.73e-37	156	121	48169137
CaSNP3920	NC_021164.1	90.083	121	10	2	1	121	9098694	9098576	4.73e-37	156	121	48169137
CaSNP3920	NC_021164.1	90.083	121	10	2	1	121	15676988	15677106	4.73e-37	156	121	48169137
CaSNP3920	NC_021164.1	90.083	121	10	2	1	121	22410904	22411022	4.73e-37	156	121	48169137
CaSNP3920	NC_021164.1	90.083	121	10	2	1	121	27528658	27528540	4.73e-37	156	121	48169137
CaSNP3920	NC_021164.1	90.435	115	10	1	7	121	17794903	17795016	2.20e-35	150	121	48169137
CaSNP3920	NC_021164.1	91.176	102	9	0	1	102	17510983	17510882	4.76e-32	139	121	48169137
CaSNP3995	NC_021160.1	100.000	121	0	0	1	121	22251984	22252104	1.28e-57	224	121	48359943
CaSNP3995	NW_004515998.1	93.103	116	8	0	1	116	23785	23900	1.69e-41	171	121	354440
CaSNP3995	NW_004515998.1	93.103	116	8	0	1	116	29529	29644	1.69e-41	171	121	354440
CaSNP2546	NC_021160.1	99.174	121	1	0	1	121	31984440	31984560	5.94e-56	219	121	48359943
CaSNP2776	NC_021160.1	99.174	121	1	0	1	121	34843938	34844058	5.94e-56	219	121	48359943
CaSNP2833	NC_021160.1	99.174	121	1	0	1	121	38034667	38034787	5.94e-56	219	121	48359943
CaSNP2948	NC_021160.1	99.174	121	1	0	1	121	24221551	24221431	5.94e-56	219	121	48359943
CaSNP3044	NC_021160.1	99.174	121	1	0	1	121	28152044	28151924	5.94e-56	219	121	48359943
CaSNP3099	NC_021160.1	100.000	121	0	0	1	121	28088441	28088561	1.28e-57	224	121	48359943
CaSNP3181	NW_004515694.1	99.174	121	1	0	1	121	200918	200798	5.94e-56	219	121	857743
CaSNP3368	NC_021160.1	100.000	121	0	0	1	121	42961989	42962109	1.28e-57	224	121	48359943
CaSNP3480	NW_004515694.1	98.361	122	1	1	1	121	520106	520227	2.77e-54	213	121	857743
CaSNP3712	NC_021160.1	99.174	121	1	0	1	121	27197357	27197477	5.94e-56	219	121	48359943
CaSNP4256	NC_021160.1	99.174	121	1	0	1	121	33159785	33159905	5.94e-56	219	121	48359943
CaSNP4466	NC_021160.1	100.000	121	0	0	1	121	28030737	28030857	1.28e-57	224	121	48359943
CaSNP5003	NC_021160.1	99.174	121	1	0	1	121	39201482	39201602	5.94e-56	219	121	48359943
CaSNP5003	NW_004515775.1	93.388	121	8	0	1	121	646833	646713	2.80e-44	180	121	823300
CaSNP2807	NC_021160.1	99.174	121	1	0	1	121	21740858	21740978	5.94e-56	219	121	48359943
CaSNP3300	NC_021160.1	100.000	121	0	0	1	121	24136801	24136921	1.28e-57	224	121	48359943
CaSNP5061	NC_021160.1	100.000	121	0	0	1	121	27860592	27860712	1.28e-57	224	121	48359943
CaSNP2864	NC_021160.1	100.000	121	0	0	1	121	27694671	27694791	1.28e-57	224	121	48359943
CaSNP2864	NC_021160.1	100.000	47	0	0	75	121	27694791	27694837	1.75e-16	87.9	121	48359943
CaSNP2878	NC_021160.1	99.174	121	1	0	1	121	28535093	28535213	5.94e-56	219	121	48359943
CaSNP3501	NC_021160.1	100.000	121	0	0	1	121	20087676	20087796	1.28e-57	224	121	48359943
CaSNP3857	NC_021160.1	99.174	121	1	0	1	121	42650722	42650842	5.94e-56	219	121	48359943
CaSNP4289	NC_021160.1	100.000	121	0	0	1	121	28561922	28562042	1.28e-57	224	121	48359943
CaSNP2503	NC_021160.1	99.174	121	1	0	1	121	22701009	22700889	5.94e-56	219	121	48359943
CaSNP3662	NW_004516956.1	99.174	121	1	0	1	121	252045	251925	5.94e-56	219	121	362380
CaSNP3909	NC_021160.1	99.174	121	1	0	1	121	34934855	34934975	5.94e-56	219	121	48359943
CaSNP4074	NW_004515694.1	99.174	121	1	0	1	121	406544	406424	5.94e-56	219	121	857743
CaSNP4412	NC_021160.1	100.000	121	0	0	1	121	23677630	23677510	1.28e-57	224	121	48359943
CaSNP4737	NC_021160.1	99.174	121	1	0	1	121	39339469	39339589	5.94e-56	219	121	48359943
CaSNP5071	NC_021160.1	99.174	121	1	0	1	121	37693319	37693439	5.94e-56	219	121	48359943
CaSNP2518	NC_021160.1	99.174	121	1	0	1	121	23339254	23339134	5.94e-56	219	121	48359943
CaSNP2856	NW_004515849.1	100.000	121	0	0	1	121	136813	136693	1.28e-57	224	121	351637
CaSNP3886	NW_004515881.1	100.000	121	0	0	1	121	216104	216224	1.28e-57	224	121	463184
CaSNP3215	NW_004515694.1	99.174	121	1	0	1	121	427642	427522	5.94e-56	219	121	857743
CaSNP3361	NC_021160.1	100.000	121	0	0	1	121	24882561	24882441	1.28e-57	224	121	48359943
CaSNP3361	NC_021160.1	90.164	122	11	1	1	121	31699040	31698919	1.31e-37	158	121	48359943
CaSNP3361	NC_021160.1	93.333	60	4	0	1	60	36172013	36171954	4.86e-17	89.8	121	48359943
CaSNP3361	NC_021166.1	90.984	122	10	1	1	121	40963223	40963102	2.82e-39	163	121	48961560
CaSNP3361	NC_021166.1	90.164	122	11	1	1	121	10971049	10971170	1.31e-37	158	121	48961560
CaSNP3361	NC_021166.1	90.164	122	11	1	1	121	34555046	34555167	1.31e-37	158	121	48961560
CaSNP3361	NC_021166.1	90.265	113	10	1	10	121	10971275	10971387	2.84e-34	147	121	48961560
CaSNP3361	NC_021163.1	90.984	122	10	1	1	121	22475447	22475568	2.82e-39	163	121	49191682
CaSNP3361	NW_004520179.1	90.164	122	11	1	1	121	687	566	1.31e-37	158	121	2580
CaSNP3361	NW_004516625.1	90.164	122	11	1	1	121	248841	248962	1.31e-37	158	121	263122
CaSNP4593	NC_021160.1	100.000	121	0	0	1	121	45540542	45540422	1.28e-57	224	121	48359943
CaSNP3967	NC_021160.1	100.000	121	0	0	1	121	39780664	39780544	1.28e-57	224	121	48359943
CaSNP2759	NC_021160.1	100.000	121	0	0	1	121	22446908	22447028	1.28e-57	224	121	48359943
CaSNP3704	NC_021160.1	100.000	121	0	0	1	121	30608605	30608485	1.28e-57	224	121	48359943
CaSNP2290	NC_021160.1	99.174	121	1	0	1	121	22578537	22578417	5.94e-56	219	121	48359943
CaSNP3555	NC_021160.1	99.174	121	1	0	1	121	25800135	25800015	5.94e-56	219	121	48359943
CaSNP3555	NC_021160.1	90.000	110	11	0	2	111	33833906	33834015	3.68e-33	143	121	48359943
CaSNP4556	NC_021160.1	99.174	121	1	0	1	121	43025902	43025782	5.94e-56	219	121	48359943
CaSNP5064	NC_021160.1	99.174	121	1	0	1	121	21591057	21591177	5.94e-56	219	121	48359943
CaSNP2989	NC_021160.1	100.000	121	0	0	1	121	32238107	32238227	1.28e-57	224	121	48359943
CaSNP4691	NW_004517005.1	100.000	121	0	0	1	121	18285	18165	1.28e-57	224	121	86933
CaSNP4691	NW_004516228.1	92.500	120	9	0	1	120	133495	133376	4.69e-42	172	121	216735
CaSNP4699	NC_021160.1	99.174	121	1	0	1	121	34617113	34616993	5.94e-56	219	121	48359943
CaSNP4722	NC_021160.1	99.174	121	1	0	1	121	28960948	28960828	5.94e-56	219	121	48359943
CaSNP4722	NC_021166.1	96.694	121	4	0	1	121	37064916	37065036	5.99e-51	202	121	48961560
CaSNP4722	NW_004516592.1	94.215	121	7	0	1	121	122170	122050	6.03e-46	185	121	229329
CaSNP4722	NW_004516069.1	94.215	121	7	0	1	121	136919	136799	6.03e-46	185	121	213950
CaSNP4722	NW_004516243.1	94.118	119	7	0	1	119	103830	103712	7.80e-45	182	121	264280
CaSNP3744	NC_021160.1	100.000	121	0	0	1	121	43403194	43403314	1.28e-57	224	121	48359943
CaSNP4327	NC_021160.1	99.174	121	1	0	1	121	33538151	33538031	5.94e-56	219	121	48359943
CaSNP4350	NC_021160.1	100.000	121	0	0	1	121	39288588	39288468	1.28e-57	224	121	48359943
CaSNP4350	NC_021160.1	94.215	121	7	0	1	121	39273315	39273195	6.03e-46	185	121	48359943
CaSNP4350	NC_021160.1	93.388	121	8	0	1	121	39315372	39315252	2.80e-44	180	121	48359943
CaSNP4350	NW_004516700.1	92.562	121	9	0	1	121	191654	191774	1.30e-42	174	121	193821
CaSNP4479	NW_004515707.1	98.947	95	1	0	1	95	219133	219039	1.69e-41	171	121	892000
CaSNP4564	NC_021160.1	99.174	121	1	0	1	121	25242162	25242282	5.94e-56	219	121	48359943
CaSNP4805	NC_021161.1	99.174	121	1	0	1	121	6246381	6246261	5.94e-56	219	121	36634854
CaSNP4887	NC_021160.1	99.174	121	1	0	1	121	38386703	38386823	5.94e-56	219	121	48359943
CaSNP4704	NC_021160.1	100.000	121	0	0	1	121	39517807	39517927	1.28e-57	224	121	48359943
CaSNP4610	NC_021160.1	99.174	121	1	0	1	121	24653870	24653750	5.94e-56	219	121	48359943
CaSNP4610	NC_021160.1	90.278	72	6	1	50	121	35169711	35169781	3.76e-18	93.5	121	48359943
CaSNP4610	NC_021160.1	93.333	60	3	1	62	121	7852144	7852202	1.75e-16	87.9	121	48359943
CaSNP4610	NC_021160.1	98.000	50	0	1	72	121	41967742	41967790	6.29e-16	86.1	121	48359943
CaSNP4610	NC_021165.1	93.056	72	5	0	50	121	38378766	38378837	4.83e-22	106	121	59463898
CaSNP4610	NC_021164.1	93.056	72	5	0	50	121	12008101	12008172	4.83e-22	106	121	48169137
CaSNP4610	NC_021164.1	90.411	73	4	3	50	121	426179	426109	3.76e-18	93.5	121	48169137
CaSNP4610	NC_021164.1	90.000	70	6	1	52	121	40102718	40102786	4.86e-17	89.8	121	48169137
CaSNP4610	NW_004516627.1	93.056	72	4	1	50	121	99822	99752	1.74e-21	104	121	353007
CaSNP4610	NW_004522146.1	91.667	72	6	0	50	121	698	627	2.25e-20	100	121	1090
CaSNP3395	NC_021160.1	100.000	121	0	0	1	121	37322514	37322394	1.28e-57	224	121	48359943
CaSNP2213	NC_021160.1	100.000	121	0	0	1	121	29227098	29226978	1.28e-57	224	121	48359943
CaSNP2421	NC_021160.1	100.000	121	0	0	1	121	25721545	25721425	1.28e-57	224	121	48359943
CaSNP2233	NC_021160.1	100.000	121	0	0	1	121	39801872	39801752	1.28e-57	224	121	48359943
CaSNP3399	NC_021160.1	100.000	121	0	0	1	121	43384847	43384727	1.28e-57	224	121	48359943
CaSNP5117	NC_021160.1	99.174	121	1	0	1	121	36625192	36625312	5.94e-56	219	121	48359943
CaSNP4742	NC_021160.1	100.000	121	0	0	1	121	24987459	24987579	1.28e-57	224	121	48359943
CaSNP3315	NC_021160.1	99.174	121	1	0	1	121	28848580	28848700	5.94e-56	219	121	48359943
CaSNP2551	NC_021160.1	99.174	121	1	0	1	121	33613085	33613205	5.94e-56	219	121	48359943
CaSNP4906	NC_021160.1	99.174	121	1	0	1	121	37537473	37537353	5.94e-56	219	121	48359943
CaSNP2146	NC_021160.1	100.000	121	0	0	1	121	25469818	25469938	1.28e-57	224	121	48359943
CaSNP2085	NC_021160.1	99.174	121	1	0	1	121	30357289	30357409	5.94e-56	219	121	48359943
CaSNP2741	NC_021160.1	99.174	121	1	0	1	121	31235614	31235494	5.94e-56	219	121	48359943
CaSNP2741	NC_021160.1	92.373	118	9	0	1	118	31460080	31459963	6.07e-41	169	121	48359943
CaSNP2741	NC_021160.1	90.678	118	11	0	1	118	15477017	15476900	1.31e-37	158	121	48359943
CaSNP2741	NW_004516140.1	94.068	118	7	0	1	118	474278	474161	2.80e-44	180	121	509789
CaSNP2741	NW_004515814.1	93.220	118	8	0	1	118	97951	98068	1.30e-42	174	121	167210
CaSNP2741	NC_021163.1	93.220	118	8	0	1	118	28842929	28843046	1.30e-42	174	121	49191682
CaSNP2741	NC_021163.1	90.678	118	11	0	1	118	31581486	31581603	1.31e-37	158	121	49191682
CaSNP2741	NC_021163.1	91.228	114	10	0	1	114	36285933	36286046	4.73e-37	156	121	49191682
CaSNP2741	NC_021165.1	92.373	118	9	0	1	118	34936187	34936070	6.07e-41	169	121	59463898
CaSNP2741	NC_021165.1	90.678	118	11	0	1	118	58404550	58404433	1.31e-37	158	121	59463898
CaSNP4260	NC_021160.1	99.174	121	1	0	1	121	43254366	43254246	5.94e-56	219	121	48359943
CaSNP4260	NW_004517098.1	92.308	78	6	0	7	84	209307	209384	1.04e-23	111	121	244931
CaSNP4260	NC_021166.1	90.361	83	7	1	1	82	47096278	47096360	1.34e-22	108	121	48961560
CaSNP4260	NC_021166.1	91.667	72	6	0	13	84	41222945	41222874	2.25e-20	100	121	48961560
CaSNP4260	NC_021164.1	93.056	72	5	0	13	84	11415547	11415476	4.83e-22	106	121	48169137
CaSNP4260	NC_021164.1	90.244	82	7	1	1	81	28607524	28607443	4.83e-22	106	121	48169137
CaSNP4260	NC_021165.1	91.429	70	6	0	13	82	1434077	1434008	2.91e-19	97.1	121	59463898
CaSNP4260	NC_021165.1	90.000	70	7	0	13	82	16764493	16764424	1.35e-17	91.6	121	59463898
CaSNP2803	NW_004515694.1	100.000	121	0	0	1	121	812567	812447	1.28e-57	224	121	857743
CaSNP2803	NW_004517095.1	92.500	120	9	0	1	120	150833	150952	4.69e-42	172	121	255868
CaSNP2803	NW_004516871.1	92.373	118	9	0	1	118	573151	573034	6.07e-41	169	121	633127
CaSNP2803	NW_004516401.1	92.373	118	9	0	1	118	16508	16391	6.07e-41	169	121	106503
CaSNP2803	NW_004516298.1	92.437	119	7	2	1	118	34539	34422	6.07e-41	169	121	58442
CaSNP4876	NC_021160.1	100.000	121	0	0	1	121	38885000	38884880	1.28e-57	224	121	48359943
CaSNP2832	NC_021160.1	100.000	121	0	0	1	121	19376179	19376059	1.28e-57	224	121	48359943
CaSNP4824	NC_021160.1	100.000	121	0	0	1	121	19440248	19440368	1.28e-57	224	121	48359943
CaSNP3152	NC_021160.1	99.174	121	1	0	1	121	19348792	19348912	5.94e-56	219	121	48359943
CaSNP3779	NC_021160.1	99.174	121	1	0	1	121	19254855	19254735	5.94e-56	219	121	48359943
CaSNP3844	NC_021160.1	100.000	121	0	0	1	121	19164916	19165036	1.28e-57	224	121	48359943
CaSNP3940	NC_021160.1	100.000	121	0	0	1	121	19034074	19034194	1.28e-57	224	121	48359943
CaSNP3275	NC_021160.1	100.000	121	0	0	1	121	19002223	19002343	1.28e-57	224	121	48359943
CaSNP3987	NC_021160.1	99.174	121	1	0	1	121	18798695	18798575	5.94e-56	219	121	48359943
CaSNP2241	NC_021160.1	100.000	121	0	0	1	121	18941646	18941766	1.28e-57	224	121	48359943
CaSNP4040	NC_021160.1	100.000	121	0	0	1	121	18754952	18754832	1.28e-57	224	121	48359943
CaSNP3828	NC_021166.1	99.174	121	1	0	1	121	605875	605995	5.94e-56	219	121	48961560
CaTSNP7418	NC_021160.1	100.000	74	0	0	48	121	22345933	22345860	1.71e-31	137	121	48359943
CaTSNP7418	NC_021160.1	100.000	52	0	0	1	52	22346114	22346063	2.91e-19	97.1	121	48359943
CaSNP2330	NC_021160.1	99.174	121	1	0	1	121	31415112	31414992	5.94e-56	219	121	48359943
CaSNP2330	NC_021160.1	90.083	121	12	0	1	121	18817007	18816887	1.31e-37	158	121	48359943
CaSNP2330	NW_004517095.1	90.909	121	11	0	1	121	20778	20898	2.82e-39	163	121	255868
CaSNP2330	NW_004516139.1	90.909	121	11	0	1	121	53877	53997	2.82e-39	163	121	363548
CaSNP2330	NC_021166.1	90.909	121	11	0	1	121	36256838	36256718	2.82e-39	163	121	48961560
CaSNP2330	NC_021164.1	90.909	121	11	0	1	121	18496247	18496367	2.82e-39	163	121	48169137
CaSNP2330	NC_021164.1	90.000	120	8	4	4	121	11416823	11416706	6.11e-36	152	121	48169137
CaSNP4970	NC_021160.1	99.174	121	1	0	1	121	18702373	18702493	5.94e-56	219	121	48359943
CaTSNP8159	NC_021160.1	100.000	121	0	0	1	121	19975330	19975450	1.28e-57	224	121	48359943
CaTSNP6544	NW_004515694.1	100.000	110	0	0	1	110	732288	732397	1.66e-51	204	121	857743
CaTSNP6410	NC_021160.1	99.174	121	1	0	1	121	43532413	43532293	5.94e-56	219	121	48359943
CaSNP3430	NC_021160.1	99.174	121	1	0	1	121	26709397	26709517	5.94e-56	219	121	48359943
CaTSNP6749	NC_021166.1	99.174	121	1	0	1	121	537829	537949	5.94e-56	219	121	48961560
CaTSNP6512	NC_021160.1	100.000	121	0	0	1	121	42485541	42485421	1.28e-57	224	121	48359943
CaSNP3787	NC_021160.1	100.000	121	0	0	1	121	22017585	22017465	1.28e-57	224	121	48359943
CaSNP3787	NC_021166.1	90.654	107	9	1	16	121	18045183	18045289	1.32e-32	141	121	48961560
CaSNP3787	NC_021161.1	90.698	86	7	1	37	121	21555504	21555589	2.89e-24	113	121	36634854
CaTSNP6846	NC_021160.1	100.000	121	0	0	1	121	18257806	18257926	1.28e-57	224	121	48359943
CaSNP2162	NC_021160.1	99.174	121	1	0	1	121	26793006	26792886	5.94e-56	219	121	48359943
CaTSNP6965	NC_021160.1	100.000	120	0	0	2	121	38266077	38266196	4.59e-57	222	121	48359943
CaTSNP8327	NC_021160.1	100.000	121	0	0	1	121	24763667	24763547	1.28e-57	224	121	48359943
CaTSNP7008	NW_004516497.1	99.174	121	1	0	1	121	48629	48749	5.94e-56	219	121	153000
CaTSNP6646	NC_021160.1	100.000	121	0	0	1	121	25194570	25194690	1.28e-57	224	121	48359943
CaTSNP6800	NC_021160.1	100.000	101	0	0	1	101	24796690	24796790	1.68e-46	187	121	48359943
CaTSNP7520	NC_021160.1	99.174	121	1	0	1	121	42300044	42300164	5.94e-56	219	121	48359943
CaTSNP6258	NC_021160.1	100.000	121	0	0	1	121	19573123	19573003	1.28e-57	224	121	48359943
CaTSNP7893	NC_021160.1	100.000	119	0	0	1	119	24061738	24061620	1.65e-56	220	121	48359943
CaTSNP6395	NC_021160.1	100.000	94	0	0	1	94	20006625	20006532	1.30e-42	174	121	48359943
CaTSNP7630	NC_021160.1	100.000	121	0	0	1	121	25186199	25186319	1.28e-57	224	121	48359943
CaSNP2037	NC_021160.1	99.174	121	1	0	1	121	18096461	18096581	5.94e-56	219	121	48359943
CaSNP2910	NC_021160.1	100.000	121	0	0	1	121	18501491	18501611	1.28e-57	224	121	48359943
CaSNP3484	NC_021160.1	100.000	121	0	0	1	121	18052552	18052432	1.28e-57	224	121	48359943
CaSNP3925	NC_021160.1	99.174	121	1	0	1	121	18458670	18458550	5.94e-56	219	121	48359943
CaTSNP6014	NC_021160.1	97.143	105	1	2	1	104	19079855	19079752	3.63e-43	176	121	48359943
CaTSNP8692	NC_021160.1	100.000	91	0	0	31	121	19403983	19403893	6.07e-41	169	121	48359943
CaTSNP6831	NC_021160.1	99.174	121	1	0	1	121	19338149	19338269	5.94e-56	219	121	48359943
CaTSNP6835	NC_021160.1	100.000	88	0	0	34	121	25859664	25859751	2.82e-39	163	121	48359943
CaTSNP6173	NC_021160.1	99.010	101	1	0	1	101	17983302	17983202	7.80e-45	182	121	48359943
CaTSNP6124	NC_021160.1	100.000	121	0	0	1	121	27948041	27948161	1.28e-57	224	121	48359943
CaTSNP6124	NC_021160.1	100.000	121	0	0	1	121	27953859	27953979	1.28e-57	224	121	48359943
CaTSNP6073	NC_021160.1	99.174	121	0	1	1	121	19908274	19908155	2.14e-55	217	121	48359943
CaTSNP6073	NC_021160.1	90.164	122	2	4	1	121	19917302	19917190	2.20e-35	150	121	48359943
CaTSNP6141	NC_021160.1	100.000	80	0	0	42	121	23347229	23347150	7.91e-35	148	121	48359943
CaTSNP8095	NC_021160.1	100.000	121	0	0	1	121	26129969	26130089	1.28e-57	224	121	48359943
CaTSNP8551	NC_021160.1	100.000	121	0	0	1	121	21963417	21963537	1.28e-57	224	121	48359943
CaSNP3985	NC_021160.1	99.174	121	1	0	1	121	27090473	27090353	5.94e-56	219	121	48359943
CaSNP3985	NC_021166.1	90.909	121	11	0	1	121	41895164	41895044	2.82e-39	163	121	48961560
CaSNP3985	NC_021165.1	90.678	118	11	0	4	121	42819704	42819587	1.31e-37	158	121	59463898
CaSNP3985	NC_021162.1	90.083	121	12	0	1	121	32659819	32659699	1.31e-37	158	121	39989001
CaTSNP8995	NC_021160.1	99.174	121	1	0	1	121	18288375	18288495	5.94e-56	219	121	48359943
CaTSNP7232	NC_021160.1	100.000	121	0	0	1	121	18942212	18942332	1.28e-57	224	121	48359943
CaTSNP7854	NC_021160.1	99.174	121	1	0	1	121	18940741	18940621	5.94e-56	219	121	48359943
CaTSNP7953	NC_021160.1	99.174	121	1	0	1	121	18112029	18111909	5.94e-56	219	121	48359943
CaTSNP6786	NC_021160.1	100.000	121	0	0	1	121	26785586	26785706	1.28e-57	224	121	48359943
CaTSNP8130	NC_021160.1	100.000	89	0	0	33	121	19044251	19044163	7.85e-40	165	121	48359943
CaTSNP8554	NC_021160.1	100.000	115	0	0	7	121	18031771	18031657	2.77e-54	213	121	48359943
CaTSNP6117	NC_021160.1	100.000	121	0	0	1	121	18085443	18085323	1.28e-57	224	121	48359943
CaTSNP7923	NC_021160.1	98.780	82	1	0	1	82	18699131	18699212	2.84e-34	147	121	48359943
CaSNP2980	NC_021160.1	99.174	121	1	0	1	121	1556453	1556573	5.94e-56	219	121	48359943
CaTSNP7366	NC_021160.1	97.590	83	2	0	1	83	42190547	42190465	3.68e-33	143	121	48359943
CaTSNP7366	NC_021160.1	100.000	48	0	0	74	121	42190130	42190083	4.86e-17	89.8	121	48359943
CaTSNP8831	NC_021160.1	99.083	109	1	0	13	121	1721736	1721628	2.78e-49	196	121	48359943
CaTSNP6467	NC_021160.1	100.000	121	0	0	1	121	1701414	1701294	1.28e-57	224	121	48359943
CaTSNP7947	NC_021160.1	100.000	121	0	0	1	121	1697603	1697483	1.28e-57	224	121	48359943
CaSNP5139	NC_021160.1	99.174	121	1	0	1	121	27316124	27316004	5.94e-56	219	121	48359943
CaTSNP6994	NC_021160.1	99.174	121	1	0	1	121	1545679	1545559	5.94e-56	219	121	48359943
CaTSNP6426	NC_021160.1	100.000	121	0	0	1	121	1661654	1661534	1.28e-57	224	121	48359943
CaTSNP7711	NC_021160.1	100.000	121	0	0	1	121	1645847	1645727	1.28e-57	224	121	48359943
CaTSNP6172	NC_021160.1	100.000	112	0	0	10	121	1586281	1586170	1.29e-52	207	121	48359943
CaSNP3847	NC_021160.1	100.000	121	0	0	1	121	16711977	16711857	1.28e-57	224	121	48359943
CaSNP2132	NC_021160.1	99.174	121	1	0	1	121	16379540	16379420	5.94e-56	219	121	48359943
CaSNP2426	NC_021160.1	100.000	121	0	0	1	121	16515058	16514938	1.28e-57	224	121	48359943
CaTSNP6902	NC_021160.1	100.000	121	0	0	1	121	1529321	1529201	1.28e-57	224	121	48359943
CaSNP3270	NC_021160.1	99.174	121	1	0	1	121	34471228	34471348	5.94e-56	219	121	48359943
CaTSNP6726	NC_021160.1	100.000	121	0	0	1	121	1449908	1449788	1.28e-57	224	121	48359943
CaTSNP9027	NC_021160.1	100.000	121	0	0	1	121	1436431	1436311	1.28e-57	224	121	48359943
CaTSNP6991	NC_021160.1	100.000	121	0	0	1	121	1357444	1357324	1.28e-57	224	121	48359943
CaSNP3457	NC_021160.1	97.458	118	3	0	1	118	16208158	16208275	5.99e-51	202	121	48359943
CaTSNP7143	NC_021160.1	100.000	121	0	0	1	121	1285525	1285405	1.28e-57	224	121	48359943
CaTSNP7298	NC_021160.1	100.000	121	0	0	1	121	1298610	1298730	1.28e-57	224	121	48359943
CaSNP4530	NC_021160.1	99.174	121	1	0	1	121	16040435	16040555	5.94e-56	219	121	48359943
CaSNP4132	NC_021160.1	100.000	121	0	0	1	121	16076955	16077075	1.28e-57	224	121	48359943
CaSNP2270	NC_021160.1	99.174	121	1	0	1	121	15939537	15939417	5.94e-56	219	121	48359943
CaTSNP6106	NC_021160.1	100.000	121	0	0	1	121	16062769	16062889	1.28e-57	224	121	48359943
CaTSNP6106	NC_021166.1	95.868	121	5	0	1	121	35807675	35807795	2.78e-49	196	121	48961560
CaTSNP8646	NC_021160.1	100.000	97	0	0	1	97	15987065	15986969	2.80e-44	180	121	48359943
CaTSNP7216	NC_021160.1	100.000	69	0	0	1	69	1140373	1140305	1.03e-28	128	121	48359943
CaTSNP7216	NC_021160.1	100.000	49	0	0	73	121	1140101	1140053	1.35e-17	91.6	121	48359943
CaTSNP8046	NC_021160.1	100.000	121	0	0	1	121	1116487	1116607	1.28e-57	224	121	48359943
CaSNP2024	NC_021160.1	99.174	121	1	0	1	121	15009293	15009413	5.94e-56	219	121	48359943
CaSNP3849	NC_021160.1	98.361	122	1	1	1	121	15465065	15464944	2.77e-54	213	121	48359943
CaSNP3851	NC_021160.1	99.174	121	1	0	1	121	15742683	15742803	5.94e-56	219	121	48359943
CaSNP2919	NC_021160.1	100.000	121	0	0	1	121	14850801	14850921	1.28e-57	224	121	48359943
CaTSNP7404	NC_021160.1	99.174	121	1	0	1	121	1481994	1482114	5.94e-56	219	121	48359943
CaSNP3592	NC_021160.1	99.174	121	1	0	1	121	15292607	15292727	5.94e-56	219	121	48359943
CaTSNP8900	NC_021160.1	98.347	121	2	0	1	121	1059251	1059371	2.77e-54	213	121	48359943
CaTSNP8052	NC_021160.1	100.000	121	0	0	1	121	1074137	1074257	1.28e-57	224	121	48359943
CaSNP2779	NC_021160.1	100.000	121	0	0	1	121	15530902	15531022	1.28e-57	224	121	48359943
CaTSNP7091	NC_021160.1	98.039	102	2	0	1	102	1078104	1078205	1.01e-43	178	121	48359943
CaTSNP8226	NC_021160.1	100.000	121	0	0	1	121	1032720	1032840	1.28e-57	224	121	48359943
CaSNP2647	NC_021160.1	99.174	121	1	0	1	121	14800038	14800158	5.94e-56	219	121	48359943
CaTSNP7658	NC_021160.1	100.000	91	0	0	31	121	1000039	999949	6.07e-41	169	121	48359943
CaTSNP7637	NC_021160.1	100.000	84	0	0	1	84	1001493	1001576	4.73e-37	156	121	48359943
CaTSNP8701	NC_021160.1	100.000	101	0	0	1	101	1023478	1023578	1.68e-46	187	121	48359943
CaTSNP7271	NC_021160.1	100.000	121	0	0	1	121	930160	930280	1.28e-57	224	121	48359943
CaSNP2284	NC_021160.1	99.174	121	1	0	1	121	873214	873334	5.94e-56	219	121	48359943
CaTSNP6608	NC_021160.1	100.000	121	0	0	1	121	14977898	14978018	1.28e-57	224	121	48359943
CaTSNP7515	NC_021160.1	100.000	121	0	0	1	121	14951386	14951506	1.28e-57	224	121	48359943
CaTSNP8892	NC_021160.1	100.000	121	0	0	1	121	15021676	15021556	1.28e-57	224	121	48359943
CaTSNP7888	NC_021160.1	100.000	121	0	0	1	121	15378752	15378632	1.28e-57	224	121	48359943
CaTSNP6927	NC_021160.1	100.000	121	0	0	1	121	15090412	15090532	1.28e-57	224	121	48359943
CaTSNP7608	NC_021160.1	100.000	121	0	0	1	121	15770471	15770351	1.28e-57	224	121	48359943
CaTSNP8538	NC_021160.1	100.000	121	0	0	1	121	15148001	15147881	1.28e-57	224	121	48359943
CaTSNP7876	NC_021160.1	99.174	121	1	0	1	121	14801466	14801346	5.94e-56	219	121	48359943
CaTSNP8286	NC_021160.1	100.000	121	0	0	1	121	728704	728584	1.28e-57	224	121	48359943
CaTSNP7969	NC_021160.1	99.074	108	1	0	7	114	677465	677572	1.00e-48	195	121	48359943
CaTSNP6614	NC_021160.1	100.000	113	0	0	9	121	692758	692646	3.58e-53	209	121	48359943
CaTSNP8807	NC_021160.1	100.000	121	0	0	1	121	700511	700391	1.28e-57	224	121	48359943
CaTSNP6597	NC_021160.1	99.174	121	1	0	1	121	14734366	14734486	5.94e-56	219	121	48359943
CaTSNP7534	NC_021160.1	100.000	121	0	0	1	121	14713130	14713010	1.28e-57	224	121	48359943
CaTSNP6898	NC_021160.1	99.174	121	1	0	1	121	14074690	14074570	5.94e-56	219	121	48359943
CaTSNP7115	NC_021160.1	100.000	63	0	0	42	104	14420876	14420814	2.23e-25	117	121	48359943
CaTSNP8546	NC_021160.1	100.000	104	0	0	18	121	14101967	14101864	3.60e-48	193	121	48359943
CaTSNP8835	NC_021160.1	100.000	121	0	0	1	121	14257251	14257371	1.28e-57	224	121	48359943
CaTSNP6703	NC_021160.1	99.174	121	1	0	1	121	535003	534883	5.94e-56	219	121	48359943
CaTSNP8163	NC_021160.1	100.000	121	0	0	1	121	576043	575923	1.28e-57	224	121	48359943
CaTSNP6032	NC_021160.1	99.174	121	1	0	1	121	617351	617471	5.94e-56	219	121	48359943
CaTSNP8268	NC_021160.1	100.000	121	0	0	1	121	472892	472772	1.28e-57	224	121	48359943
CaTSNP6406	NC_021160.1	98.765	81	1	0	41	121	510888	510808	1.02e-33	145	121	48359943
CaTSNP9036	NC_021160.1	100.000	94	0	0	1	94	13993507	13993600	1.30e-42	174	121	48359943
CaTSNP8369	NC_021160.1	100.000	86	0	0	1	86	14045371	14045456	3.65e-38	159	121	48359943
CaTSNP8209	NC_021160.1	100.000	89	0	0	1	89	434735	434823	7.85e-40	165	121	48359943
CaTSNP6089	NC_021160.1	100.000	100	0	0	22	121	428079	427980	6.03e-46	185	121	48359943
CaTSNP8842	NC_021160.1	100.000	103	0	0	17	119	274481	274379	1.30e-47	191	121	48359943
CaTSNP8291	NC_021160.1	98.361	61	1	0	40	100	13801677	13801737	1.34e-22	108	121	48359943
CaTSNP7648	NC_021160.1	100.000	121	0	0	1	121	224242	224362	1.28e-57	224	121	48359943
CaTSNP7878	NC_021160.1	100.000	121	0	0	1	121	270737	270617	1.28e-57	224	121	48359943
CaSNP5042	NC_021160.1	100.000	121	0	0	1	121	275541	275661	1.28e-57	224	121	48359943
CaTSNP6042	NC_021160.1	100.000	96	0	0	1	96	269540	269445	1.01e-43	178	121	48359943
CaTSNP7697	NC_021160.1	100.000	72	0	0	28	99	220685	220614	2.21e-30	134	121	48359943
CaTSNP6043	NC_021160.1	100.000	121	0	0	1	121	270737	270617	1.28e-57	224	121	48359943
CaSNP3072	NC_021160.1	100.000	121	0	0	1	121	13684084	13684204	1.28e-57	224	121	48359943
CaSNP2105	NC_021160.1	100.000	121	0	0	1	121	13610029	13609909	1.28e-57	224	121	48359943
CaTSNP6171	NC_021160.1	100.000	121	0	0	1	121	13684855	13684975	1.28e-57	224	121	48359943
CaTSNP7834	NC_021160.1	100.000	121	0	0	1	121	13684855	13684975	1.28e-57	224	121	48359943
CaSNP4075	NC_021160.1	100.000	121	0	0	1	121	13759965	13759845	1.28e-57	224	121	48359943
CaSNP3439	NC_021160.1	99.174	121	1	0	1	121	13537267	13537147	5.94e-56	219	121	48359943
CaTSNP8801	NC_021160.1	100.000	87	0	0	3	89	154893	154979	1.02e-38	161	121	48359943
CaTSNP9058	NC_021160.1	100.000	121	0	0	1	121	102919	102799	1.28e-57	224	121	48359943
CaSNP4196	NC_021160.1	99.174	121	1	0	1	121	13435073	13435193	5.94e-56	219	121	48359943
CaTSNP8352	NC_021160.1	100.000	121	0	0	1	121	13500838	13500718	1.28e-57	224	121	48359943
CaTSNP8669	NC_021160.1	100.000	90	0	0	32	121	13448843	13448754	2.18e-40	167	121	48359943
CaTSNP8115	NC_021160.1	98.810	84	1	0	1	84	13360975	13360892	2.20e-35	150	121	48359943
CaSNP4386	NC_021160.1	100.000	121	0	0	1	121	53111	52991	1.28e-57	224	121	48359943
CaSNP4386	NC_021166.1	90.909	121	9	2	2	121	31449982	31450101	1.02e-38	161	121	48961560
CaSNP4386	NC_021165.1	90.083	121	11	1	1	121	56786515	56786396	4.73e-37	156	121	59463898
CaTSNP8427	NC_021160.1	100.000	83	0	0	1	83	13243961	13244043	1.70e-36	154	121	48359943
CaTSNP8427	NC_021160.1	100.000	83	0	0	1	83	13256208	13256290	1.70e-36	154	121	48359943
CaTSNP6520	NC_021160.1	100.000	121	0	0	1	121	13167621	13167741	1.28e-57	224	121	48359943
CaTSNP6765	NC_021160.1	98.837	86	1	0	1	86	12932014	12932099	1.70e-36	154	121	48359943
CaTSNP6348	NC_021160.1	99.174	121	1	0	1	121	12963629	12963749	5.94e-56	219	121	48359943
CaTSNP6989	NC_021160.1	100.000	77	0	0	45	121	12971184	12971108	3.68e-33	143	121	48359943
CaTSNP6989	NC_021160.1	100.000	49	0	0	1	49	12971615	12971567	1.35e-17	91.6	121	48359943
CaSNP2127	NC_021160.1	100.000	121	0	0	1	121	12565562	12565682	1.28e-57	224	121	48359943
CaTSNP6913	NC_021160.1	100.000	121	0	0	1	121	12833997	12834117	1.28e-57	224	121	48359943
CaSNP3037	NC_021160.1	99.174	121	1	0	1	121	12477822	12477942	5.94e-56	219	121	48359943
CaTSNP6054	NW_004521997.1	100.000	121	0	0	1	121	872	752	1.28e-57	224	121	2891
CaSNP2141	NC_021160.1	100.000	121	0	0	1	121	12757186	12757066	1.28e-57	224	121	48359943
CaSNP2182	NC_021160.1	99.174	121	1	0	1	121	46738339	46738219	5.94e-56	219	121	48359943
CaTSNP6670	NC_021160.1	100.000	121	0	0	1	121	46719789	46719909	1.28e-57	224	121	48359943
CaTSNP8866	NC_021160.1	99.174	121	1	0	1	121	12814472	12814352	5.94e-56	219	121	48359943
CaTSNP8496	NC_021160.1	100.000	121	0	0	1	121	8712763	8712643	1.28e-57	224	121	48359943
CaTSNP7165	NC_021160.1	99.000	100	1	0	1	100	12732662	12732563	2.80e-44	180	121	48359943
CaTSNP6040	NC_021160.1	100.000	81	0	0	1	81	12670870	12670790	2.20e-35	150	121	48359943
CaTSNP8105	NC_021160.1	100.000	91	0	0	1	91	8722908	8722998	6.07e-41	169	121	48359943
CaTSNP7299	NC_021160.1	99.174	121	1	0	1	121	12485108	12485228	5.94e-56	219	121	48359943
CaTSNP6085	NC_021160.1	99.174	121	1	0	1	121	8751609	8751729	5.94e-56	219	121	48359943
CaTSNP6085	NC_021160.1	92.437	119	9	0	3	121	8741800	8741918	1.69e-41	171	121	48359943
CaTSNP6065	NC_021160.1	100.000	121	0	0	1	121	8839782	8839662	1.28e-57	224	121	48359943
CaTSNP7034	NC_021160.1	100.000	96	0	0	26	121	8733088	8733183	1.01e-43	178	121	48359943
CaTSNP8742	NC_021160.1	100.000	121	0	0	1	121	12518799	12518679	1.28e-57	224	121	48359943
CaTSNP8929	NC_021160.1	99.174	121	1	0	1	121	12431269	12431149	5.94e-56	219	121	48359943
CaTSNP6975	NC_021160.1	100.000	121	0	0	1	121	8872823	8872703	1.28e-57	224	121	48359943
CaTSNP9023	NC_021160.1	100.000	121	0	0	1	121	9059552	9059432	1.28e-57	224	121	48359943
CaTSNP6357	NC_021160.1	100.000	121	0	0	1	121	9104494	9104614	1.28e-57	224	121	48359943
CaTSNP8394	NC_021160.1	100.000	121	0	0	1	121	9488945	9489065	1.28e-57	224	121	48359943
CaTSNP8394	NC_021160.1	92.562	121	9	0	1	121	9499247	9499367	1.30e-42	174	121	48359943
CaTSNP6297	NC_021160.1	99.174	121	1	0	1	121	9703100	9703220	5.94e-56	219	121	48359943
CaTSNP8655	NC_021160.1	100.000	121	0	0	1	121	9555895	9556015	1.28e-57	224	121	48359943
CaTSNP8717	NC_021160.1	100.000	121	0	0	1	121	9555895	9556015	1.28e-57	224	121	48359943
CaTSNP8688	NC_021160.1	100.000	121	0	0	1	121	9592073	9592193	1.28e-57	224	121	48359943
CaTSNP8651	NC_021160.1	100.000	114	0	0	1	114	9810215	9810328	9.95e-54	211	121	48359943
CaTSNP7331	NC_021160.1	100.000	91	0	0	1	91	9725476	9725386	6.07e-41	169	121	48359943
CaTSNP6784	NC_021160.1	99.174	121	1	0	1	121	9407837	9407957	5.94e-56	219	121	48359943
CaTSNP6784	NC_021164.1	98.649	74	1	0	48	121	45746099	45746026	7.97e-30	132	121	48169137
CaTSNP6784	NC_021162.1	98.649	74	1	0	48	121	18620763	18620690	7.97e-30	132	121	39989001
CaTSNP6784	NC_021162.1	98.649	74	1	0	48	121	21317410	21317483	7.97e-30	132	121	39989001
CaTSNP6784	NC_021162.1	98.000	50	1	0	72	121	2207266	2207315	1.75e-16	87.9	121	39989001
CaTSNP6784	NC_021162.1	98.000	50	1	0	72	121	2208508	2208557	1.75e-16	87.9	121	39989001
CaTSNP6784	NW_004516360.1	98.000	50	1	0	72	121	38530	38481	1.75e-16	87.9	121	260265
CaTSNP6784	NW_004516185.1	100.000	47	0	0	1	47	330548	330502	1.75e-16	87.9	121	570857
CaTSNP7169	NC_021160.1	100.000	121	0	0	1	121	9749410	9749530	1.28e-57	224	121	48359943
CaTSNP7624	NC_021160.1	100.000	121	0	0	1	121	9741760	9741640	1.28e-57	224	121	48359943
CaTSNP7624	NC_021165.1	90.099	101	10	0	1	101	49544875	49544975	7.97e-30	132	121	59463898
CaTSNP7624	NC_021165.1	91.489	94	8	0	1	94	49543029	49543122	2.86e-29	130	121	59463898
CaTSNP7578	NC_021160.1	100.000	104	0	0	18	121	9403831	9403934	3.60e-48	193	121	48359943
CaTSNP7275	NC_021160.1	98.750	80	1	0	42	121	9594863	9594942	3.68e-33	143	121	48359943
CaSNP2653	NC_021160.1	100.000	121	0	0	1	121	9379810	9379690	1.28e-57	224	121	48359943
CaTSNP6332	NC_021160.1	99.083	109	1	0	13	121	10068093	10068201	2.78e-49	196	121	48359943
CaTSNP7937	NC_021160.1	100.000	121	0	0	1	121	10206812	10206932	1.28e-57	224	121	48359943
CaSNP2064	NC_021160.1	100.000	121	0	0	1	121	10337809	10337689	1.28e-57	224	121	48359943
CaSNP5050	NC_021160.1	100.000	121	0	0	1	121	10135641	10135521	1.28e-57	224	121	48359943
CaTSNP6704	NC_021160.1	100.000	121	0	0	1	121	10319383	10319503	1.28e-57	224	121	48359943
CaTSNP6704	NW_004515687.1	95.868	121	4	1	1	121	11162	11281	1.00e-48	195	121	347246
CaTSNP8047	NC_021160.1	100.000	121	0	0	1	121	10277986	10278106	1.28e-57	224	121	48359943
CaTSNP6840	NC_021160.1	100.000	121	0	0	1	121	10113358	10113238	1.28e-57	224	121	48359943
CaTSNP8171	NC_021160.1	100.000	121	0	0	1	121	10355576	10355696	1.28e-57	224	121	48359943
CaTSNP8069	NC_021160.1	100.000	121	0	0	1	121	10552199	10552079	1.28e-57	224	121	48359943
CaTSNP8113	NC_021160.1	99.174	121	1	0	1	121	10494722	10494602	5.94e-56	219	121	48359943
CaTSNP8295	NC_021160.1	100.000	121	0	0	1	121	10495423	10495543	1.28e-57	224	121	48359943
CaTSNP8295	NC_021161.1	93.277	119	8	0	3	121	24048347	24048465	3.63e-43	176	121	36634854
CaTSNP8295	NC_021161.1	91.011	89	8	0	33	121	7108402	7108490	1.72e-26	121	121	36634854
CaTSNP7236	NC_021160.1	100.000	88	0	0	1	88	10485810	10485723	2.82e-39	163	121	48359943
CaTSNP8839	NC_021160.1	100.000	121	0	0	1	121	10713040	10713160	1.28e-57	224	121	48359943
CaTSNP8588	NC_021160.1	100.000	121	0	0	1	121	12340824	12340944	1.28e-57	224	121	48359943
CaTSNP8125	NC_021160.1	100.000	121	0	0	1	121	10740033	10740153	1.28e-57	224	121	48359943
CaTSNP7715	NC_021160.1	100.000	99	0	0	23	121	12382400	12382498	2.17e-45	183	121	48359943
CaTSNP6371	NC_021160.1	100.000	121	0	0	1	121	12302895	12302775	1.28e-57	224	121	48359943
CaTSNP8012	NC_021160.1	99.174	121	1	0	1	121	12305862	12305742	5.94e-56	219	121	48359943
CaTSNP8573	NC_021160.1	100.000	121	0	0	1	121	12210302	12210182	1.28e-57	224	121	48359943
CaTSNP7054	NC_021160.1	96.429	112	2	1	10	121	10868476	10868367	2.17e-45	183	121	48359943
CaTSNP6469	NC_021160.1	100.000	121	0	0	1	121	11337006	11336886	1.28e-57	224	121	48359943
CaSNP2343	NC_021160.1	100.000	121	0	0	1	121	11909916	11910036	1.28e-57	224	121	48359943
CaTSNP6908	NC_021160.1	99.174	121	1	0	1	121	10759298	10759178	5.94e-56	219	121	48359943
CaTSNP8029	NC_021160.1	99.174	121	1	0	1	121	11052860	11052740	5.94e-56	219	121	48359943
CaTSNP7214	NC_021160.1	100.000	121	0	0	1	121	12290580	12290700	1.28e-57	224	121	48359943
CaTSNP7388	NC_021160.1	100.000	121	0	0	1	121	12273557	12273677	1.28e-57	224	121	48359943
CaTSNP7413	NC_021160.1	99.107	112	1	0	1	112	12242362	12242251	5.99e-51	202	121	48359943
CaTSNP6417	NC_021160.1	99.174	121	1	0	1	121	12226758	12226878	5.94e-56	219	121	48359943
CaTSNP7896	NC_021160.1	100.000	110	0	0	12	121	12253477	12253586	1.66e-51	204	121	48359943
CaTSNP7867	NC_021160.1	100.000	121	0	0	1	121	11169396	11169516	1.28e-57	224	121	48359943
CaTSNP8639	NC_021160.1	100.000	121	0	0	1	121	11125994	11125874	1.28e-57	224	121	48359943
CaTSNP8749	NC_021160.1	99.174	121	1	0	1	121	11242328	11242448	5.94e-56	219	121	48359943
CaTSNP9110	NC_021160.1	100.000	106	0	0	16	121	10775992	10775887	2.78e-49	196	121	48359943
CaTSNP6875	NC_021160.1	100.000	121	0	0	1	121	10821215	10821335	1.28e-57	224	121	48359943
CaTSNP8258	NC_021160.1	99.174	121	1	0	1	121	11157131	11157251	5.94e-56	219	121	48359943
CaTSNP8980	NC_021160.1	100.000	121	0	0	1	121	11000962	11000842	1.28e-57	224	121	48359943
CaSNP2364	NC_021160.1	100.000	121	0	0	1	121	11796442	11796322	1.28e-57	224	121	48359943
CaTSNP9028	NC_021160.1	100.000	96	0	0	26	121	12156697	12156602	1.01e-43	178	121	48359943
CaTSNP9028	NC_021165.1	90.110	91	9	0	31	121	28178252	28178342	6.20e-26	119	121	59463898
CaTSNP6183	NC_021160.1	100.000	121	0	0	1	121	11923768	11923888	1.28e-57	224	121	48359943
CaSNP5094	NC_021160.1	100.000	121	0	0	1	121	11106677	11106557	1.28e-57	224	121	48359943
CaSNP2145	NC_021160.1	99.174	121	1	0	1	121	11496378	11496258	5.94e-56	219	121	48359943
CaTSNP7727	NC_021160.1	100.000	121	0	0	1	121	11935560	11935680	1.28e-57	224	121	48359943
CaSNP4929	NC_021160.1	96.581	117	2	2	1	117	11643977	11644091	3.60e-48	193	121	48359943
CaSNP2427	NC_021160.1	100.000	121	0	0	1	121	10992147	10992027	1.28e-57	224	121	48359943
CaTSNP7119	NC_021160.1	97.436	78	1	1	30	106	12088630	12088707	7.97e-30	132	121	48359943
CaTSNP7906	NC_021160.1	100.000	121	0	0	1	121	11686279	11686399	1.28e-57	224	121	48359943
CaTSNP8162	NC_021160.1	99.174	121	1	0	1	121	11970743	11970863	5.94e-56	219	121	48359943
CaTSNP8189	NC_021160.1	100.000	121	0	0	1	121	11492250	11492130	1.28e-57	224	121	48359943
CaSNP3291	NC_021160.1	99.174	121	1	0	1	121	10901096	10901216	5.94e-56	219	121	48359943
CaTSNP6253	NC_021160.1	100.000	121	0	0	1	121	11385395	11385515	1.28e-57	224	121	48359943
CaTSNP7805	NC_021160.1	100.000	121	0	0	1	121	11522966	11523086	1.28e-57	224	121	48359943
CaTSNP8571	NC_021160.1	100.000	121	0	0	1	121	11461407	11461527	1.28e-57	224	121	48359943
CaTSNP8176	NC_021160.1	100.000	121	0	0	1	121	11843229	11843109	1.28e-57	224	121	48359943
CaSNP3540	NC_021161.1	100.000	121	0	0	1	121	33915550	33915670	1.28e-57	224	121	36634854
CaSNP3540	NC_021161.1	92.562	121	9	0	1	121	22601832	22601952	1.30e-42	174	121	36634854
CaSNP3540	NC_021161.1	90.909	121	11	0	1	121	634825	634945	2.82e-39	163	121	36634854
CaSNP3540	NC_021161.1	90.909	121	11	0	1	121	1985208	1985088	2.82e-39	163	121	36634854
CaSNP3540	NC_021161.1	90.909	121	11	0	1	121	16252895	16253015	2.82e-39	163	121	36634854
CaSNP3540	NC_021161.1	90.909	121	11	0	1	121	17768292	17768412	2.82e-39	163	121	36634854
CaSNP3540	NC_021161.1	90.909	121	11	0	1	121	21811158	21811278	2.82e-39	163	121	36634854
CaSNP3540	NC_021161.1	90.909	121	11	0	1	121	23364375	23364495	2.82e-39	163	121	36634854
CaSNP3540	NC_021161.1	90.909	121	11	0	1	121	30501132	30501252	2.82e-39	163	121	36634854
CaSNP3540	NC_021161.1	90.164	122	10	2	1	121	596915	597035	1.31e-37	158	121	36634854
CaSNP3540	NC_021161.1	90.083	121	12	0	1	121	645167	645287	1.31e-37	158	121	36634854
CaSNP3540	NC_021161.1	90.083	121	12	0	1	121	11194257	11194377	1.31e-37	158	121	36634854
CaSNP3540	NC_021161.1	90.083	121	12	0	1	121	11876667	11876787	1.31e-37	158	121	36634854
CaSNP3540	NC_021161.1	90.083	121	12	0	1	121	17407464	17407344	1.31e-37	158	121	36634854
CaSNP3540	NC_021161.1	90.083	121	12	0	1	121	30651403	30651283	1.31e-37	158	121	36634854
CaSNP3540	NC_021161.1	90.083	121	12	0	1	121	30659458	30659338	1.31e-37	158	121	36634854
CaSNP3540	NC_021161.1	92.308	91	7	0	31	121	14167094	14167004	2.86e-29	130	121	36634854
CaSNP3540	NC_021161.1	91.011	89	8	0	33	121	14072238	14072150	1.72e-26	121	121	36634854
CaSNP3540	NW_004515920.1	92.562	121	9	0	1	121	39587	39707	1.30e-42	174	121	531549
CaSNP3540	NC_021164.1	92.562	121	9	0	1	121	9752014	9751894	1.30e-42	174	121	48169137
CaSNP3540	NC_021164.1	91.736	121	10	0	1	121	17146728	17146848	6.07e-41	169	121	48169137
CaSNP3540	NC_021164.1	92.174	115	9	0	2	116	3617356	3617470	2.82e-39	163	121	48169137
CaSNP3540	NC_021164.1	90.909	121	11	0	1	121	7014476	7014596	2.82e-39	163	121	48169137
CaSNP3540	NC_021164.1	90.909	121	11	0	1	121	11462089	11461969	2.82e-39	163	121	48169137
CaSNP3540	NC_021164.1	90.909	121	11	0	1	121	21068142	21068262	2.82e-39	163	121	48169137
CaSNP3540	NC_021164.1	90.909	121	11	0	1	121	29244020	29243900	2.82e-39	163	121	48169137
CaSNP3540	NC_021164.1	90.833	120	11	0	2	121	11962961	11962842	1.02e-38	161	121	48169137
CaSNP3540	NC_021164.1	90.083	121	12	0	1	121	3532090	3531970	1.31e-37	158	121	48169137
CaSNP3540	NC_021164.1	90.083	121	12	0	1	121	16385193	16385313	1.31e-37	158	121	48169137
CaSNP3540	NC_021164.1	90.083	121	12	0	1	121	23083686	23083806	1.31e-37	158	121	48169137
CaSNP3540	NC_021164.1	90.083	121	12	0	1	121	24533029	24532909	1.31e-37	158	121	48169137
CaSNP3540	NC_021164.1	90.083	121	12	0	1	121	24747503	24747623	1.31e-37	158	121	48169137
CaSNP3540	NC_021164.1	90.991	111	10	0	11	121	27245354	27245464	2.20e-35	150	121	48169137
CaSNP3540	NC_021164.1	92.308	78	6	0	44	121	8484374	8484451	1.04e-23	111	121	48169137
CaSNP3540	NW_004515639.1	93.043	115	8	0	2	116	181403	181517	6.07e-41	169	121	278192
CaSNP3540	NC_021163.1	91.736	121	10	0	1	121	37472645	37472525	6.07e-41	169	121	49191682
CaSNP3540	NC_021163.1	91.667	120	10	0	2	121	21408255	21408374	2.18e-40	167	121	49191682
CaSNP3540	NC_021163.1	91.667	120	10	0	2	121	23650477	23650358	2.18e-40	167	121	49191682
CaSNP3540	NC_021163.1	90.909	121	11	0	1	121	14795821	14795941	2.82e-39	163	121	49191682
CaSNP3540	NC_021163.1	90.909	121	11	0	1	121	39676043	39676163	2.82e-39	163	121	49191682
CaSNP3540	NC_021163.1	90.909	121	11	0	1	121	43636214	43636094	2.82e-39	163	121	49191682
CaSNP3540	NC_021163.1	90.083	121	12	0	1	121	14795232	14795352	1.31e-37	158	121	49191682
CaSNP3540	NC_021163.1	90.083	121	12	0	1	121	30493488	30493368	1.31e-37	158	121	49191682
CaSNP3540	NC_021163.1	90.083	121	12	0	1	121	43469356	43469236	1.31e-37	158	121	49191682
CaTSNP6162	NC_021161.1	100.000	121	0	0	1	121	35830818	35830698	1.28e-57	224	121	36634854
CaTSNP6162	NC_021164.1	90.083	121	12	0	1	121	27935528	27935648	1.31e-37	158	121	48169137
CaTSNP6329	NC_021161.1	100.000	97	0	0	25	121	35844988	35844892	2.80e-44	180	121	36634854
CaTSNP6329	NC_021164.1	97.849	93	2	0	25	117	27938826	27938918	1.02e-38	161	121	48169137
CaTSNP7375	NC_021161.1	100.000	121	0	0	1	121	35618156	35618276	1.28e-57	224	121	36634854
CaTSNP6648	NC_021161.1	99.174	121	1	0	1	121	35719978	35720098	5.94e-56	219	121	36634854
CaTSNP7316	NC_021161.1	97.368	114	3	0	1	114	35894866	35894979	1.00e-48	195	121	36634854
CaSNP4617	NC_021161.1	99.180	122	0	1	1	121	35892832	35892953	5.94e-56	219	121	36634854
CaTSNP8331	NC_021161.1	93.077	130	0	1	1	121	35915370	35915499	7.80e-45	182	121	36634854
CaTSNP7964	NC_021161.1	100.000	93	0	0	29	121	35662776	35662684	4.69e-42	172	121	36634854
CaTSNP7683	NC_021161.1	100.000	95	0	0	27	121	36009823	36009917	3.63e-43	176	121	36634854
CaTSNP8898	NC_021161.1	100.000	113	0	0	9	121	36050184	36050296	3.58e-53	209	121	36634854
CaSNP2540	NC_021161.1	100.000	121	0	0	1	121	36069166	36069046	1.28e-57	224	121	36634854
CaTSNP7347	NC_021161.1	100.000	121	0	0	1	121	36100257	36100137	1.28e-57	224	121	36634854
CaTSNP7000	NC_021161.1	100.000	121	0	0	1	121	36105264	36105384	1.28e-57	224	121	36634854
CaSNP2451	NC_021161.1	99.174	121	1	0	1	121	36127065	36126945	5.94e-56	219	121	36634854
CaTSNP6629	NC_021161.1	100.000	121	0	0	1	121	35209395	35209275	1.28e-57	224	121	36634854
CaSNP2781	NC_021161.1	99.174	121	1	0	1	121	36202766	36202886	5.94e-56	219	121	36634854
CaTSNP8013	NC_021161.1	100.000	121	0	0	1	121	36116783	36116903	1.28e-57	224	121	36634854
CaSNP2334	NC_021161.1	99.174	121	1	0	1	121	35189531	35189411	5.94e-56	219	121	36634854
CaTSNP7687	NC_021161.1	100.000	121	0	0	1	121	36191405	36191525	1.28e-57	224	121	36634854
CaTSNP6791	NC_021161.1	100.000	121	0	0	1	121	36213055	36213175	1.28e-57	224	121	36634854
CaTSNP7156	NC_021164.1	100.000	64	0	0	1	64	47594299	47594236	6.20e-26	119	121	48169137
CaTSNP7156	NC_021164.1	100.000	60	0	0	62	121	47593691	47593632	1.04e-23	111	121	48169137
CaTSNP8786	NC_021161.1	100.000	121	0	0	1	121	36330749	36330869	1.28e-57	224	121	36634854
CaTSNP7885	NC_021161.1	100.000	121	0	0	1	121	36357412	36357292	1.28e-57	224	121	36634854
CaTSNP6227	NC_021161.1	100.000	121	0	0	1	121	36378688	36378808	1.28e-57	224	121	36634854
CaTSNP8865	NC_021161.1	100.000	89	0	0	33	121	36337581	36337493	7.85e-40	165	121	36634854
CaSNP2025	NC_021161.1	100.000	121	0	0	1	121	36332133	36332013	1.28e-57	224	121	36634854
CaSNP5112	NC_021161.1	100.000	121	0	0	1	121	35131190	35131310	1.28e-57	224	121	36634854
CaTSNP8188	NC_021161.1	100.000	61	0	0	61	121	35095712	35095772	2.89e-24	113	121	36634854
CaTSNP8188	NC_021161.1	100.000	54	0	0	1	54	35095044	35095097	2.25e-20	100	121	36634854
CaTSNP7371	NC_021161.1	99.174	121	1	0	1	121	36461301	36461181	5.94e-56	219	121	36634854
CaTSNP8477	NC_021161.1	100.000	121	0	0	1	121	36477463	36477343	1.28e-57	224	121	36634854
CaTSNP8454	NC_021161.1	100.000	121	0	0	1	121	36492023	36492143	1.28e-57	224	121	36634854
CaTSNP6664	NC_021161.1	100.000	121	0	0	1	121	36562202	36562322	1.28e-57	224	121	36634854
CaTSNP6546	NC_021161.1	100.000	89	0	0	6	94	35097682	35097594	7.85e-40	165	121	36634854
CaTSNP6517	NC_021161.1	100.000	121	0	0	1	121	34848425	34848305	1.28e-57	224	121	36634854
CaTSNP7439	NC_021161.1	100.000	121	0	0	1	121	34902125	34902245	1.28e-57	224	121	36634854
CaTSNP7795	NC_021161.1	99.091	110	1	0	1	110	10597409	10597300	7.74e-50	198	121	36634854
CaTSNP8609	NC_021161.1	99.174	121	1	0	1	121	12484858	12484978	5.94e-56	219	121	36634854
CaTSNP7098	NC_021161.1	100.000	102	0	0	20	121	10284059	10284160	4.66e-47	189	121	36634854
CaTSNP6624	NC_021161.1	100.000	115	0	0	1	115	10375989	10375875	2.77e-54	213	121	36634854
CaTSNP6636	NC_021161.1	100.000	121	0	0	1	121	10613678	10613798	1.28e-57	224	121	36634854
CaTSNP7963	NC_021161.1	100.000	116	0	0	1	116	10637571	10637686	7.69e-55	215	121	36634854
CaTSNP8952	NC_021161.1	99.048	105	1	0	1	105	11262381	11262277	4.66e-47	189	121	36634854
CaTSNP6862	NC_021161.1	100.000	121	0	0	1	121	10476927	10477047	1.28e-57	224	121	36634854
CaTSNP7499	NC_021161.1	100.000	81	0	0	41	121	12452433	12452513	2.20e-35	150	121	36634854
CaTSNP7814	NC_021161.1	98.780	82	1	0	32	113	12163041	12163122	2.84e-34	147	121	36634854
CaTSNP8825	NC_021161.1	99.174	121	1	0	1	121	12143900	12144020	5.94e-56	219	121	36634854
CaTSNP8850	NC_021161.1	100.000	84	0	0	5	88	12278939	12278856	4.73e-37	156	121	36634854
CaTSNP6662	NC_021161.1	100.000	121	0	0	1	121	12299724	12299604	1.28e-57	224	121	36634854
CaTSNP9034	NC_021161.1	100.000	121	0	0	1	121	12798415	12798295	1.28e-57	224	121	36634854
CaSNP4419	NC_021161.1	100.000	121	0	0	1	121	13378837	13378957	1.28e-57	224	121	36634854
CaSNP3891	NC_021161.1	100.000	121	0	0	1	121	10629884	10630004	1.28e-57	224	121	36634854
CaSNP2687	NC_021161.1	100.000	121	0	0	1	121	10514362	10514482	1.28e-57	224	121	36634854
CaSNP2687	NC_021161.1	100.000	121	0	0	1	121	10516559	10516679	1.28e-57	224	121	36634854
CaSNP2698	NC_021161.1	99.174	121	1	0	1	121	10589318	10589198	5.94e-56	219	121	36634854
CaSNP3067	NC_021161.1	100.000	121	0	0	1	121	11250802	11250682	1.28e-57	224	121	36634854
CaSNP3067	NC_021166.1	92.982	114	8	0	4	117	41947723	41947836	2.18e-40	167	121	48961560
CaSNP3067	NC_021166.1	90.435	115	11	0	2	116	39723098	39723212	6.11e-36	152	121	48961560
CaSNP3067	NC_021166.1	93.151	73	5	0	2	74	24408228	24408300	1.34e-22	108	121	48961560
CaSNP3067	NC_021166.1	92.754	69	5	0	2	70	32198637	32198705	2.25e-20	100	121	48961560
CaSNP3067	NW_004516558.1	91.379	116	10	0	2	117	31210	31325	3.65e-38	159	121	770158
CaSNP3067	NC_021160.1	90.164	122	10	1	2	121	28597912	28597791	1.31e-37	158	121	48359943
CaSNP3067	NC_021165.1	90.517	116	11	0	2	117	40410558	40410443	1.70e-36	154	121	59463898
CaSNP3067	NC_021165.1	91.818	110	9	0	8	117	46687955	46688064	1.70e-36	154	121	59463898
CaSNP5109	NC_021161.1	99.174	121	1	0	1	121	10746709	10746829	5.94e-56	219	121	36634854
CaSNP4788	NC_021161.1	99.174	121	1	0	1	121	11228125	11228005	5.94e-56	219	121	36634854
CaSNP4788	NW_004516454.1	90.566	106	10	0	1	106	193943	194048	1.32e-32	141	121	364844
CaSNP4788	NC_021163.1	91.176	102	9	0	13	114	30999560	30999459	4.76e-32	139	121	49191682
CaSNP4788	NW_004517095.1	92.308	78	6	0	36	113	23582	23505	1.04e-23	111	121	255868
CaSNP4788	NW_004516832.1	94.915	59	3	0	56	114	24415	24357	3.76e-18	93.5	121	29739
CaSNP2954	NC_021161.1	100.000	121	0	0	1	121	10356581	10356461	1.28e-57	224	121	36634854
CaSNP4333	NC_021161.1	99.180	122	0	1	1	121	12075990	12075869	5.94e-56	219	121	36634854
CaSNP3367	NC_021161.1	99.174	121	1	0	1	121	12227146	12227266	5.94e-56	219	121	36634854
CaSNP4042	NC_021161.1	99.174	121	1	0	1	121	10476240	10476120	5.94e-56	219	121	36634854
CaSNP4380	NC_021161.1	99.174	121	1	0	1	121	11863985	11863865	5.94e-56	219	121	36634854
CaSNP4491	NC_021161.1	98.361	122	1	1	1	121	12176717	12176838	2.77e-54	213	121	36634854
CaSNP5096	NC_021161.1	99.174	121	1	0	1	121	12280935	12281055	5.94e-56	219	121	36634854
CaSNP4456	NC_021161.1	99.174	121	1	0	1	121	11528445	11528565	5.94e-56	219	121	36634854
CaSNP2495	NC_021161.1	99.174	121	1	0	1	121	11769584	11769704	5.94e-56	219	121	36634854
CaSNP3047	NC_021161.1	99.174	121	1	0	1	121	12012693	12012813	5.94e-56	219	121	36634854
CaSNP4712	NC_021161.1	100.000	121	0	0	1	121	12409364	12409244	1.28e-57	224	121	36634854
CaSNP4712	NC_021161.1	96.429	56	0	2	3	56	18700496	18700441	1.35e-17	91.6	121	36634854
CaSNP4712	NC_021161.1	94.643	56	1	2	3	56	13028699	13028644	6.29e-16	86.1	121	36634854
CaSNP4712	NC_021161.1	94.643	56	1	2	3	56	23793584	23793639	6.29e-16	86.1	121	36634854
CaSNP4712	NC_021161.1	94.643	56	1	2	3	56	27949801	27949746	6.29e-16	86.1	121	36634854
CaSNP4712	NW_004519073.1	96.552	58	0	2	1	56	17452	17509	1.05e-18	95.3	121	59418
CaSNP4712	NW_004516226.1	96.552	58	0	2	1	56	281532	281589	1.05e-18	95.3	121	365759
CaSNP4712	NW_004517029.1	96.429	56	0	2	3	56	81325	81380	1.35e-17	91.6	121	147617
CaSNP4712	NW_004516185.1	96.429	56	0	2	3	56	327954	328009	1.35e-17	91.6	121	570857
CaTSNP7826	NC_021161.1	100.000	121	0	0	1	121	24354726	24354846	1.28e-57	224	121	36634854
CaTSNP6415	NC_021161.1	98.851	87	1	0	1	87	12866712	12866798	4.73e-37	156	121	36634854
CaTSNP7998	NC_021161.1	99.174	121	1	0	1	121	14095589	14095469	5.94e-56	219	121	36634854
CaTSNP8857	NC_021161.1	100.000	121	0	0	1	121	13792426	13792306	1.28e-57	224	121	36634854
CaTSNP7609	NC_021161.1	100.000	121	0	0	1	121	24904733	24904853	1.28e-57	224	121	36634854
CaTSNP7609	NC_021161.1	91.736	121	7	3	1	120	35641684	35641802	7.85e-40	165	121	36634854
CaTSNP6789	NC_021161.1	100.000	121	0	0	1	121	12630134	12630254	1.28e-57	224	121	36634854
CaTSNP6362	NC_021161.1	100.000	117	0	0	5	121	13774442	13774326	2.14e-55	217	121	36634854
CaTSNP6482	NC_021161.1	100.000	121	0	0	1	121	15389773	15389653	1.28e-57	224	121	36634854
CaTSNP6759	NC_021161.1	100.000	121	0	0	1	121	13633500	13633620	1.28e-57	224	121	36634854
CaTSNP6547	NC_021161.1	100.000	121	0	0	1	121	15412702	15412582	1.28e-57	224	121	36634854
CaTSNP7873	NC_021161.1	100.000	121	0	0	1	121	14095469	14095589	1.28e-57	224	121	36634854
CaSNP4951	NC_021161.1	100.000	121	0	0	1	121	12768634	12768754	1.28e-57	224	121	36634854
CaSNP4274	NC_021161.1	100.000	121	0	0	1	121	12743325	12743205	1.28e-57	224	121	36634854
CaSNP2120	NC_021161.1	100.000	121	0	0	1	121	13082861	13082981	1.28e-57	224	121	36634854
CaSNP2235	NC_021161.1	99.174	121	1	0	1	121	12655678	12655798	5.94e-56	219	121	36634854
CaSNP4592	NC_021161.1	99.174	121	1	0	1	121	12862354	12862474	5.94e-56	219	121	36634854
CaSNP2868	NC_021161.1	99.174	121	1	0	1	121	12567366	12567246	5.94e-56	219	121	36634854
CaSNP3964	NC_021161.1	99.174	121	1	0	1	121	13220481	13220601	5.94e-56	219	121	36634854
CaSNP2136	NC_021161.1	100.000	121	0	0	1	121	15217542	15217422	1.28e-57	224	121	36634854
CaTSNP6742	NW_004515801.1	97.297	74	1	1	28	100	123232	123305	1.33e-27	124	121	921075
CaTSNP8507	NC_021161.1	100.000	121	0	0	1	121	22212135	22212015	1.28e-57	224	121	36634854
CaSNP2764	NC_021161.1	100.000	121	0	0	1	121	13746862	13746982	1.28e-57	224	121	36634854
CaSNP3420	NC_021161.1	99.174	121	1	0	1	121	15431658	15431538	5.94e-56	219	121	36634854
CaSNP2211	NC_021161.1	99.174	121	1	0	1	121	14120699	14120819	5.94e-56	219	121	36634854
CaSNP2211	NC_021166.1	93.388	121	8	0	1	121	15257883	15257763	2.80e-44	180	121	48961560
CaSNP2211	NC_021162.1	92.857	70	5	0	52	121	31879144	31879075	6.25e-21	102	121	39989001
CaSNP2655	NW_004515969.1	99.174	121	1	0	1	121	45766	45886	5.94e-56	219	121	78065
CaSNP2685	NC_021161.1	99.174	121	1	0	1	121	13437494	13437614	5.94e-56	219	121	36634854
CaSNP4275	NC_021161.1	100.000	121	0	0	1	121	15173575	15173695	1.28e-57	224	121	36634854
CaSNP4428	NC_021161.1	99.174	121	1	0	1	121	16165270	16165150	5.94e-56	219	121	36634854
CaSNP4738	NC_021161.1	99.174	121	1	0	1	121	15688597	15688717	5.94e-56	219	121	36634854
CaSNP5085	NC_021161.1	99.174	121	1	0	1	121	15825111	15824991	5.94e-56	219	121	36634854
CaSNP2849	NC_021161.1	100.000	121	0	0	1	121	14012328	14012448	1.28e-57	224	121	36634854
CaSNP4010	NC_021161.1	99.174	121	1	0	1	121	13847698	13847818	5.94e-56	219	121	36634854
CaSNP5002	NC_021161.1	99.174	121	1	0	1	121	13710910	13711030	5.94e-56	219	121	36634854
CaTSNP6285	NC_021161.1	99.174	121	1	0	1	121	24782169	24782049	5.94e-56	219	121	36634854
CaTSNP8353	NC_021161.1	100.000	121	0	0	1	121	24580104	24580224	1.28e-57	224	121	36634854
CaTSNP7315	NC_021161.1	100.000	121	0	0	1	121	25213302	25213422	1.28e-57	224	121	36634854
CaTSNP8091	NC_021161.1	100.000	83	0	0	36	118	24354515	24354597	1.70e-36	154	121	36634854
CaTSNP7778	NC_021161.1	100.000	121	0	0	1	121	25372252	25372132	1.28e-57	224	121	36634854
CaTSNP7778	NC_021161.1	99.174	121	1	0	1	121	25406412	25406292	5.94e-56	219	121	36634854
CaTSNP7778	NC_021161.1	98.347	121	2	0	1	121	25459878	25459758	2.77e-54	213	121	36634854
CaTSNP8455	NC_021161.1	100.000	110	0	0	12	121	24344885	24344994	1.66e-51	204	121	36634854
CaTSNP6369	NC_021161.1	100.000	121	0	0	1	121	22990261	22990141	1.28e-57	224	121	36634854
CaTSNP6356	NC_021161.1	100.000	121	0	0	1	121	20892645	20892525	1.28e-57	224	121	36634854
CaTSNP6839	NW_004517050.1	99.091	110	1	0	1	110	54272	54381	7.74e-50	198	121	145978
CaTSNP7339	NW_004515676.1	100.000	85	0	0	37	121	335694	335778	1.31e-37	158	121	452018
CaTSNP6127	NC_021161.1	99.174	121	1	0	1	121	26605790	26605670	5.94e-56	219	121	36634854
CaTSNP8405	NC_021161.1	100.000	121	0	0	1	121	26027975	26027855	1.28e-57	224	121	36634854
CaTSNP8534	NC_021161.1	99.174	121	1	0	1	121	26417092	26417212	5.94e-56	219	121	36634854
CaTSNP7791	NC_021161.1	99.174	121	1	0	1	121	26467184	26467064	5.94e-56	219	121	36634854
CaTSNP7791	NC_021161.1	94.215	121	7	0	1	121	26492170	26492050	6.03e-46	185	121	36634854
CaTSNP8354	NC_021161.1	100.000	88	0	0	1	88	26582285	26582198	2.82e-39	163	121	36634854
CaTSNP6933	NC_021161.1	100.000	121	0	0	1	121	22798420	22798540	1.28e-57	224	121	36634854
CaTSNP8131	NC_021161.1	100.000	121	0	0	1	121	23959682	23959562	1.28e-57	224	121	36634854
CaTSNP6494	NC_021161.1	100.000	93	0	0	1	93	25642834	25642742	4.69e-42	172	121	36634854
CaTSNP8420	NC_021161.1	99.083	109	0	1	13	121	26511042	26510935	1.00e-48	195	121	36634854
CaTSNP7626	NC_021161.1	100.000	121	0	0	1	121	26116999	26117119	1.28e-57	224	121	36634854
CaTSNP9132	NC_021161.1	100.000	121	0	0	1	121	25569878	25569998	1.28e-57	224	121	36634854
CaSNP3500	NC_021161.1	100.000	121	0	0	1	121	26534928	26534808	1.28e-57	224	121	36634854
CaSNP2386	NC_021161.1	100.000	121	0	0	1	121	26584748	26584628	1.28e-57	224	121	36634854
CaSNP3022	NC_021161.1	100.000	121	0	0	1	121	25568500	25568380	1.28e-57	224	121	36634854
CaSNP3027	NC_021161.1	99.174	121	1	0	1	121	25934905	25935025	5.94e-56	219	121	36634854
CaSNP3049	NC_021161.1	100.000	121	0	0	1	121	26709577	26709457	1.28e-57	224	121	36634854
CaSNP3049	NC_021161.1	98.347	121	2	0	1	121	26728584	26728704	2.77e-54	213	121	36634854
CaSNP3651	NC_021161.1	99.174	121	1	0	1	121	25796974	25796854	5.94e-56	219	121	36634854
CaSNP2782	NC_021161.1	99.174	121	1	0	1	121	25621988	25621868	5.94e-56	219	121	36634854
CaSNP3205	NC_021161.1	100.000	121	0	0	1	121	25880880	25881000	1.28e-57	224	121	36634854
CaSNP4126	NC_021161.1	100.000	121	0	0	1	121	26458464	26458584	1.28e-57	224	121	36634854
CaSNP2579	NC_021161.1	99.174	121	1	0	1	121	26031512	26031392	5.94e-56	219	121	36634854
CaSNP2579	NC_021161.1	91.597	119	10	0	2	120	26031358	26031240	7.85e-40	165	121	36634854
CaSNP2579	NC_021161.1	90.667	75	7	0	1	75	6231645	6231571	2.25e-20	100	121	36634854
CaSNP2579	NC_021161.1	90.667	75	7	0	3	77	23387524	23387598	2.25e-20	100	121	36634854
CaSNP2579	NC_021163.1	94.286	70	4	0	1	70	30679441	30679510	1.34e-22	108	121	49191682
CaSNP2579	NC_021163.1	94.286	70	4	0	1	70	30680400	30680469	1.34e-22	108	121	49191682
CaSNP2579	NC_021165.1	92.000	75	6	0	1	75	7559883	7559957	4.83e-22	106	121	59463898
CaSNP2579	NW_004515933.1	91.892	74	6	0	2	75	264146	264219	1.74e-21	104	121	394258
CaSNP2579	NW_004515933.1	100.000	48	0	0	73	120	264254	264301	4.86e-17	89.8	121	394258
CaSNP2579	NC_021164.1	92.958	71	5	0	1	71	19853689	19853759	1.74e-21	104	121	48169137
CaSNP2579	NC_021164.1	100.000	48	0	0	73	120	37821801	37821848	4.86e-17	89.8	121	48169137
CaSNP2579	NC_021164.1	100.000	46	0	0	73	118	47236385	47236340	6.29e-16	86.1	121	48169137
CaSNP2865	NC_021161.1	99.174	121	1	0	1	121	27062805	27062925	5.94e-56	219	121	36634854
CaSNP2029	NC_021161.1	100.000	121	0	0	1	121	26807361	26807481	1.28e-57	224	121	36634854
CaSNP2029	NC_021166.1	98.000	50	1	0	72	121	34077837	34077886	1.75e-16	87.9	121	48961560
CaSNP4268	NC_021161.1	99.174	121	1	0	1	121	27179848	27179968	5.94e-56	219	121	36634854
CaSNP2903	NC_021161.1	100.000	121	0	0	1	121	25151154	25151034	1.28e-57	224	121	36634854
CaSNP3889	NC_021161.1	100.000	121	0	0	1	121	24561163	24561283	1.28e-57	224	121	36634854
CaSNP2819	NC_021161.1	100.000	121	0	0	1	121	24365981	24365861	1.28e-57	224	121	36634854
CaSNP3511	NC_021161.1	100.000	121	0	0	1	121	26688854	26688734	1.28e-57	224	121	36634854
CaSNP3511	NW_004515738.1	90.909	121	10	1	1	121	43763	43882	1.02e-38	161	121	469020
CaSNP3669	NW_004516876.1	100.000	121	0	0	1	121	47019	47139	1.28e-57	224	121	156964
CaSNP3669	NC_021161.1	94.167	120	1	3	1	119	23955541	23955427	1.01e-43	178	121	36634854
CaTSNP6942	NC_021161.1	100.000	121	0	0	1	121	34237513	34237633	1.28e-57	224	121	36634854
CaSNP3127	NC_021161.1	100.000	121	0	0	1	121	25105420	25105300	1.28e-57	224	121	36634854
CaSNP3158	NC_021161.1	99.174	121	1	0	1	121	24841489	24841369	5.94e-56	219	121	36634854
CaSNP3778	NC_021161.1	100.000	121	0	0	1	121	25013310	25013430	1.28e-57	224	121	36634854
CaSNP4908	NC_021161.1	99.174	121	1	0	1	121	19427217	19427337	5.94e-56	219	121	36634854
CaSNP1965	NC_021161.1	100.000	121	0	0	1	121	25274296	25274416	1.28e-57	224	121	36634854
CaSNP4729	NW_004515988.1	100.000	121	0	0	1	121	424372	424492	1.28e-57	224	121	687121
CaSNP4729	NC_021161.1	90.541	74	6	1	37	109	31671890	31671963	2.91e-19	97.1	121	36634854
CaSNP4621	NC_021161.1	99.180	122	0	1	1	121	21759878	21759757	5.94e-56	219	121	36634854
CaTSNP7265	NC_021161.1	100.000	106	0	0	16	121	33358251	33358356	2.78e-49	196	121	36634854
CaSNP4321	NC_021161.1	99.174	121	1	0	1	121	17195196	17195076	5.94e-56	219	121	36634854
CaSNP4321	NW_004516127.1	90.909	121	11	0	1	121	221040	220920	2.82e-39	163	121	223199
CaSNP4321	NC_021166.1	90.909	121	11	0	1	121	32727791	32727911	2.82e-39	163	121	48961560
CaSNP4321	NC_021166.1	90.083	121	12	0	1	121	34504720	34504840	1.31e-37	158	121	48961560
CaSNP4321	NW_004516651.1	90.083	121	12	0	1	121	23265	23385	1.31e-37	158	121	72796
CaSNP4321	NW_004516019.1	90.083	121	12	0	1	121	235758	235878	1.31e-37	158	121	337099
CaSNP3639	NC_021161.1	100.000	121	0	0	1	121	16949902	16950022	1.28e-57	224	121	36634854
CaSNP3639	NC_021160.1	90.909	121	11	0	1	121	33840311	33840431	2.82e-39	163	121	48359943
CaSNP3639	NC_021160.1	90.909	121	11	0	1	121	33847071	33847191	2.82e-39	163	121	48359943
CaSNP3639	NC_021163.1	90.164	122	10	2	1	121	18474361	18474481	1.31e-37	158	121	49191682
CaSNP2796	NC_021161.1	100.000	121	0	0	1	121	34440368	34440248	1.28e-57	224	121	36634854
CaSNP2812	NC_021161.1	100.000	121	0	0	1	121	34383920	34383800	1.28e-57	224	121	36634854
CaSNP2975	NC_021161.1	100.000	121	0	0	1	121	34609343	34609223	1.28e-57	224	121	36634854
CaSNP4337	NW_004517580.1	100.000	121	0	0	1	121	5910	6030	1.28e-57	224	121	33911
CaSNP4337	NC_021161.1	93.388	121	8	0	1	121	29448852	29448972	2.80e-44	180	121	36634854
CaSNP4337	NC_021161.1	90.083	121	12	0	1	121	12575829	12575709	1.31e-37	158	121	36634854
CaSNP4337	NC_021161.1	90.083	121	12	0	1	121	15765251	15765131	1.31e-37	158	121	36634854
CaSNP4337	NC_021165.1	92.562	121	9	0	1	121	40280096	40279976	1.30e-42	174	121	59463898
CaSNP4337	NC_021163.1	92.562	121	9	0	1	121	21306653	21306533	1.30e-42	174	121	49191682
CaSNP4337	NC_021162.1	90.909	121	11	0	1	121	15888131	15888251	2.82e-39	163	121	39989001
CaSNP1962	NC_021161.1	100.000	121	0	0	1	121	33698523	33698643	1.28e-57	224	121	36634854
CaTSNP8210	NC_021161.1	100.000	121	0	0	1	121	33330154	33330034	1.28e-57	224	121	36634854
CaSNP3782	NC_021161.1	99.174	121	1	0	1	121	19360273	19360393	5.94e-56	219	121	36634854
CaSNP2593	NC_021161.1	99.174	121	1	0	1	121	34736693	34736813	5.94e-56	219	121	36634854
CaSNP2861	NC_021161.1	100.000	121	0	0	1	121	22523015	22522895	1.28e-57	224	121	36634854
CaSNP2154	NC_021161.1	100.000	121	0	0	1	121	24049546	24049666	1.28e-57	224	121	36634854
CaSNP4361	NC_021161.1	99.174	121	1	0	1	121	18477354	18477234	5.94e-56	219	121	36634854
CaSNP4313	NW_004516075.1	100.000	121	0	0	1	121	552378	552258	1.28e-57	224	121	763560
CaSNP4313	NC_021164.1	90.083	121	12	0	1	121	807974	808094	1.31e-37	158	121	48169137
CaSNP4313	NW_004516489.1	90.909	66	6	0	56	121	144434	144369	4.86e-17	89.8	121	191516
CaSNP4956	NC_021161.1	100.000	121	0	0	1	121	20746930	20747050	1.28e-57	224	121	36634854
CaSNP3214	NC_021165.1	100.000	121	0	0	1	121	25174884	25174764	1.28e-57	224	121	59463898
CaSNP4020	NC_021161.1	100.000	121	0	0	1	121	33393901	33394021	1.28e-57	224	121	36634854
CaSNP4020	NC_021161.1	95.833	120	5	0	2	121	33313080	33312961	1.00e-48	195	121	36634854
CaSNP2373	NC_021161.1	100.000	121	0	0	1	121	18864947	18865067	1.28e-57	224	121	36634854
CaSNP4976	NC_021161.1	99.174	121	1	0	1	121	20409848	20409728	5.94e-56	219	121	36634854
CaTSNP6518	NC_021165.1	100.000	121	0	0	1	121	7821580	7821460	1.28e-57	224	121	59463898
CaSNP2985	NW_004516772.1	100.000	121	0	0	1	121	160538	160658	1.28e-57	224	121	195972
CaSNP3837	NW_004515988.1	100.000	121	0	0	1	121	571230	571110	1.28e-57	224	121	687121
CaSNP3837	NW_004517718.1	91.667	96	7	1	3	98	1723	1817	7.97e-30	132	121	5820
CaSNP3837	NW_004517583.1	91.667	96	7	1	3	98	1791	1885	7.97e-30	132	121	29147
CaSNP3837	NW_004515803.1	91.667	96	7	1	3	98	1085	991	7.97e-30	132	121	357364
CaSNP3837	NC_021164.1	91.667	96	7	1	3	98	18666613	18666707	7.97e-30	132	121	48169137
CaSNP3837	NC_021164.1	91.667	96	7	1	3	98	23560688	23560594	7.97e-30	132	121	48169137
CaSNP4497	NW_004520126.1	99.174	121	1	0	1	121	29066	28946	5.94e-56	219	121	42049
CaSNP4497	NW_004515818.1	93.878	98	4	1	2	99	18074	17979	2.84e-34	147	121	372920
CaSNP2224	NC_021161.1	98.795	83	1	0	39	121	23438583	23438501	7.91e-35	148	121	36634854
CaSNP2452	NC_021161.1	100.000	121	0	0	1	121	16287325	16287205	1.28e-57	224	121	36634854
CaSNP3410	NC_021161.1	100.000	121	0	0	1	121	20054870	20054990	1.28e-57	224	121	36634854
CaSNP3410	NC_021161.1	100.000	121	0	0	1	121	20056291	20056411	1.28e-57	224	121	36634854
CaSNP4163	NW_004515703.1	100.000	121	0	0	1	121	238576	238696	1.28e-57	224	121	405818
CaSNP2854	NW_004516835.1	100.000	121	0	0	1	121	77099	76979	1.28e-57	224	121	330777
CaSNP2854	NW_004515880.1	94.215	121	7	0	1	121	105882	105762	6.03e-46	185	121	609082
CaSNP2854	NC_021164.1	94.215	121	7	0	1	121	5362222	5362342	6.03e-46	185	121	48169137
CaSNP2854	NC_021164.1	91.736	121	10	0	1	121	11546154	11546274	6.07e-41	169	121	48169137
CaSNP2854	NC_021162.1	94.215	121	7	0	1	121	15126940	15126820	6.03e-46	185	121	39989001
CaSNP2854	NC_021162.1	93.333	120	8	0	2	121	3341419	3341538	1.01e-43	178	121	39989001
CaSNP2854	NC_021162.1	90.909	121	11	0	1	121	13543196	13543316	2.82e-39	163	121	39989001
CaSNP2854	NC_021162.1	90.984	122	10	1	1	121	33536214	33536335	2.82e-39	163	121	39989001
CaSNP2854	NC_021162.1	90.083	121	12	0	1	121	524003	524123	1.31e-37	158	121	39989001
CaSNP2854	NC_021162.1	90.083	121	12	0	1	121	18120453	18120573	1.31e-37	158	121	39989001
CaSNP2854	NC_021160.1	94.215	121	7	0	1	121	43709413	43709533	6.03e-46	185	121	48359943
CaSNP2854	NC_021160.1	92.562	121	9	0	1	121	31460820	31460700	1.30e-42	174	121	48359943
CaSNP2854	NC_021160.1	92.623	122	8	1	1	121	34663291	34663170	1.30e-42	174	121	48359943
CaSNP2854	NC_021160.1	92.562	121	9	0	1	121	40329250	40329370	1.30e-42	174	121	48359943
CaSNP2854	NC_021160.1	92.562	121	9	0	1	121	44455049	44454929	1.30e-42	174	121	48359943
CaSNP2854	NC_021160.1	90.909	121	11	0	1	121	15482542	15482422	2.82e-39	163	121	48359943
CaSNP2854	NC_021160.1	90.164	122	10	2	1	121	25803843	25803723	1.31e-37	158	121	48359943
CaSNP2886	NC_021161.1	100.000	121	0	0	1	121	17150302	17150422	1.28e-57	224	121	36634854
CaSNP3128	NC_021161.1	100.000	121	0	0	1	121	20881985	20882105	1.28e-57	224	121	36634854
CaSNP3388	NW_004517263.1	99.174	121	1	0	1	121	73893	74013	5.94e-56	219	121	176709
CaSNP3450	NC_021160.1	100.000	121	0	0	1	121	44309038	44309158	1.28e-57	224	121	48359943
CaSNP3489	NW_004516755.1	99.174	121	1	0	1	121	123696	123576	5.94e-56	219	121	193482
CaSNP3489	NC_021163.1	93.220	59	4	0	2	60	27918861	27918803	1.75e-16	87.9	121	49191682
CaSNP3733	NC_021161.1	99.174	121	1	0	1	121	17476150	17476030	5.94e-56	219	121	36634854
CaSNP3734	NC_021165.1	100.000	121	0	0	1	121	25273444	25273324	1.28e-57	224	121	59463898
CaSNP3749	NW_004515801.1	100.000	121	0	0	1	121	824555	824675	1.28e-57	224	121	921075
CaSNP3749	NW_004515841.1	92.593	81	6	0	41	121	47285	47205	2.23e-25	117	121	882915
CaSNP3749	NW_004515841.1	91.358	81	7	0	41	121	39543	39623	1.04e-23	111	121	882915
CaSNP3749	NW_004517179.1	91.566	83	7	0	39	121	3459	3541	8.02e-25	115	121	229239
CaSNP3749	NW_004515845.1	96.552	58	2	0	64	121	302146	302203	2.91e-19	97.1	121	377106
CaSNP3749	NC_021163.1	95.000	60	2	1	63	121	27950093	27950034	3.76e-18	93.5	121	49191682
CaSNP3820	NC_021161.1	100.000	121	0	0	1	121	16417173	16417053	1.28e-57	224	121	36634854
CaSNP3829	NW_004515755.1	100.000	121	0	0	1	121	27539	27659	1.28e-57	224	121	501457
CaSNP3845	NC_021161.1	100.000	121	0	0	1	121	17018963	17019083	1.28e-57	224	121	36634854
CaSNP3966	NW_004515801.1	100.000	121	0	0	1	121	712286	712406	1.28e-57	224	121	921075
CaSNP3998	NW_004517456.1	100.000	121	0	0	1	121	8952	8832	1.28e-57	224	121	63823
CaSNP4233	NW_004515837.1	100.000	121	0	0	1	121	77835	77715	1.28e-57	224	121	234753
CaSNP4949	NW_004515785.1	99.174	121	1	0	1	121	153528	153648	5.94e-56	219	121	177615
CaSNP4949	NW_004515785.1	99.174	121	1	0	1	121	154581	154701	5.94e-56	219	121	177615
CaSNP5025	NC_021161.1	100.000	121	0	0	1	121	20109577	20109457	1.28e-57	224	121	36634854
CaSNP5140	NW_004516164.1	99.174	121	1	0	1	121	260989	261109	5.94e-56	219	121	296508
CaSNP4524	NW_004515801.1	99.174	121	1	0	1	121	163158	163038	5.94e-56	219	121	921075
CaSNP4524	NW_004516894.1	92.562	121	7	2	1	120	20169	20288	4.69e-42	172	121	52098
CaSNP4524	NC_021164.1	92.562	121	8	1	1	120	2586927	2586807	4.69e-42	172	121	48169137
CaSNP4524	NW_004515945.1	90.833	120	11	0	1	120	78707	78826	1.02e-38	161	121	192162
CaSNP4524	NC_021160.1	90.833	120	11	0	1	120	18400327	18400446	1.02e-38	161	121	48359943
CaSNP4448	NW_004516835.1	100.000	121	0	0	1	121	319402	319522	1.28e-57	224	121	330777
CaSNP4463	NC_021161.1	100.000	121	0	0	1	121	21974321	21974201	1.28e-57	224	121	36634854
CaSNP3220	NC_021161.1	100.000	121	0	0	1	121	21365906	21366026	1.28e-57	224	121	36634854
CaSNP4195	NC_021161.1	100.000	121	0	0	1	121	22133894	22134014	1.28e-57	224	121	36634854
CaSNP4088	NW_004515933.1	100.000	121	0	0	1	121	34754	34874	1.28e-57	224	121	394258
CaSNP4088	NW_004515933.1	90.756	119	11	0	2	120	36008	36126	3.65e-38	159	121	394258
CaSNP4088	NC_021162.1	92.437	119	9	0	2	120	10509312	10509430	1.69e-41	171	121	39989001
CaSNP4088	NC_021160.1	92.437	119	9	0	2	120	38425389	38425507	1.69e-41	171	121	48359943
CaSNP4088	NW_004516087.1	92.373	118	8	1	3	120	367493	367609	2.18e-40	167	121	902330
CaSNP2696	NC_021161.1	100.000	86	0	0	1	86	19534930	19534845	3.65e-38	159	121	36634854
CaSNP2696	NC_021166.1	90.476	105	10	0	1	105	43669604	43669500	4.76e-32	139	121	48961560
CaSNP2696	NW_004517991.1	91.304	92	8	0	1	92	1069	978	3.71e-28	126	121	21757
CaSNP2696	NC_021160.1	91.304	92	8	0	1	92	40857016	40857107	3.71e-28	126	121	48359943
CaSNP3343	NC_021161.1	99.174	121	1	0	1	121	18653935	18653815	5.94e-56	219	121	36634854
CaSNP3554	NC_021161.1	99.174	121	1	0	1	121	20808201	20808321	5.94e-56	219	121	36634854
CaSNP4309	NW_004516755.1	99.174	121	1	0	1	121	39765	39645	5.94e-56	219	121	193482
CaSNP4678	NC_021161.1	99.174	121	1	0	1	121	18357120	18357240	5.94e-56	219	121	36634854
CaSNP4678	NC_021163.1	93.388	121	8	0	1	121	28344089	28343969	2.80e-44	180	121	49191682
CaSNP4678	NC_021163.1	90.083	121	12	0	1	121	15483778	15483898	1.31e-37	158	121	49191682
CaSNP4678	NW_004517338.1	90.909	121	11	0	1	121	300151	300031	2.82e-39	163	121	376240
CaSNP4678	NC_021166.1	90.909	121	11	0	1	121	27765249	27765129	2.82e-39	163	121	48961560
CaSNP4678	NC_021166.1	90.083	121	12	0	1	121	12200757	12200877	1.31e-37	158	121	48961560
CaSNP4678	NC_021166.1	90.426	94	9	0	28	121	41292568	41292661	1.33e-27	124	121	48961560
CaSNP4678	NW_004515983.1	90.833	120	11	0	1	120	126619	126738	1.02e-38	161	121	305934
CaSNP5108	NW_004515988.1	100.000	121	0	0	1	121	439250	439130	1.28e-57	224	121	687121
CaSNP3914	NC_021161.1	99.174	121	1	0	1	121	16837367	16837247	5.94e-56	219	121	36634854
CaSNP3082	NW_004516075.1	100.000	121	0	0	1	121	451967	451847	1.28e-57	224	121	763560
CaSNP3242	NC_021160.1	100.000	121	0	0	1	121	44349782	44349662	1.28e-57	224	121	48359943
CaSNP3327	NW_004515801.1	100.000	121	0	0	1	121	306859	306979	1.28e-57	224	121	921075
CaSNP4611	NW_004516164.1	99.174	121	1	0	1	121	109028	108908	5.94e-56	219	121	296508
CaSNP4611	NC_021165.1	92.500	120	9	0	2	121	28834748	28834629	4.69e-42	172	121	59463898
CaSNP4611	NC_021165.1	90.909	121	11	0	1	121	58755299	58755419	2.82e-39	163	121	59463898
CaSNP4611	NC_021161.1	92.500	120	9	0	2	121	704676	704557	4.69e-42	172	121	36634854
CaSNP4611	NC_021160.1	90.083	121	12	0	1	121	24645200	24645320	1.31e-37	158	121	48359943
CaSNP3175	NC_021161.1	99.174	121	1	0	1	121	34138264	34138144	5.94e-56	219	121	36634854
CaSNP3681	NC_021161.1	99.174	121	1	0	1	121	33865275	33865155	5.94e-56	219	121	36634854
CaSNP3681	NC_021161.1	93.636	110	7	0	12	121	33849345	33849236	7.85e-40	165	121	36634854
CaSNP4490	NC_021161.1	99.174	121	1	0	1	121	34111787	34111667	5.94e-56	219	121	36634854
CaSNP2069	NC_021161.1	99.174	121	1	0	1	121	22905941	22905821	5.94e-56	219	121	36634854
CaSNP2243	NC_021161.1	100.000	121	0	0	1	121	23209736	23209616	1.28e-57	224	121	36634854
CaSNP2302	NC_021161.1	100.000	121	0	0	1	121	17656789	17656909	1.28e-57	224	121	36634854
CaSNP2578	NC_021161.1	100.000	121	0	0	1	121	21852868	21852748	1.28e-57	224	121	36634854
CaSNP2649	NC_021161.1	99.174	121	1	0	1	121	16741268	16741388	5.94e-56	219	121	36634854
CaSNP4119	NW_004515886.1	100.000	121	0	0	1	121	201656	201776	1.28e-57	224	121	387133
CaSNP4158	NW_004515769.1	100.000	121	0	0	1	121	119803	119923	1.28e-57	224	121	299125
CaSNP4240	NW_004515755.1	99.174	121	1	0	1	121	322052	321932	5.94e-56	219	121	501457
CaSNP4775	NW_004516170.1	100.000	121	0	0	1	121	204796	204916	1.28e-57	224	121	261022
CaSNP4775	NC_021161.1	97.015	67	2	0	52	118	23988818	23988752	2.89e-24	113	121	36634854
CaSNP2349	NC_021161.1	100.000	121	0	0	1	121	17343272	17343392	1.28e-57	224	121	36634854
CaSNP2377	NC_021161.1	100.000	121	0	0	1	121	23886235	23886115	1.28e-57	224	121	36634854
CaSNP2377	NC_021163.1	94.118	119	7	0	3	121	34874531	34874413	7.80e-45	182	121	49191682
CaSNP2377	NC_021160.1	91.803	122	9	1	1	121	29242636	29242515	6.07e-41	169	121	48359943
CaSNP2415	NW_004517559.1	99.174	121	1	0	1	121	66477	66597	5.94e-56	219	121	119794
CaSNP2420	NW_004515933.1	99.174	121	1	0	1	121	170695	170815	5.94e-56	219	121	394258
CaSNP2581	NC_021161.1	99.174	121	1	0	1	121	20349162	20349042	5.94e-56	219	121	36634854
CaSNP2836	NC_021161.1	100.000	121	0	0	1	121	21458598	21458718	1.28e-57	224	121	36634854
CaSNP2836	NC_021161.1	95.833	120	5	0	1	120	21453140	21453259	1.00e-48	195	121	36634854
CaSNP2836	NC_021161.1	90.833	120	11	0	1	120	21464017	21464136	1.02e-38	161	121	36634854
CaSNP2866	NW_004515917.1	99.174	121	1	0	1	121	29276	29396	5.94e-56	219	121	522572
CaSNP2866	NW_004516075.1	95.868	121	5	0	1	121	745573	745453	2.78e-49	196	121	763560
CaSNP2866	NW_004516075.1	96.296	108	4	0	1	108	744812	744705	1.01e-43	178	121	763560
CaSNP2866	NW_004516075.1	90.517	116	11	0	6	121	744760	744645	1.70e-36	154	121	763560
CaSNP2866	NW_004516075.1	91.304	69	4	2	54	121	204274	204341	3.76e-18	93.5	121	763560
CaSNP2866	NW_004518184.1	94.215	121	7	0	1	121	122974	122854	6.03e-46	185	121	127680
CaSNP2866	NW_004517480.1	94.262	122	6	1	1	121	13551	13672	6.03e-46	185	121	107525
CaSNP2866	NW_004516689.1	94.215	121	7	0	1	121	45784	45664	6.03e-46	185	121	320442
CaSNP2866	NW_004516689.1	91.045	67	4	2	56	121	56466	56401	4.86e-17	89.8	121	320442
CaSNP2885	NW_004515774.1	99.174	121	1	0	1	121	124256	124136	5.94e-56	219	121	159743
CaSNP2939	NC_021161.1	100.000	121	0	0	1	121	20551975	20552095	1.28e-57	224	121	36634854
CaSNP3006	NC_021161.1	100.000	121	0	0	1	121	17800309	17800189	1.28e-57	224	121	36634854
CaSNP3094	NW_004515933.1	98.361	122	1	1	1	121	307265	307386	2.77e-54	213	121	394258
CaSNP3169	NC_021161.1	99.174	121	1	0	1	121	22342547	22342427	5.94e-56	219	121	36634854
CaSNP3169	NW_004515932.1	91.736	121	10	0	1	121	66287	66407	6.07e-41	169	121	231526
CaSNP3354	NC_021161.1	100.000	121	0	0	1	121	21920536	21920416	1.28e-57	224	121	36634854
CaSNP3422	NC_021161.1	99.174	121	1	0	1	121	23308346	23308466	5.94e-56	219	121	36634854
CaSNP3686	NW_004515676.1	100.000	121	0	0	1	121	425034	424914	1.28e-57	224	121	452018
CaSNP3748	NW_004516835.1	100.000	121	0	0	1	121	154724	154604	1.28e-57	224	121	330777
CaSNP3816	NW_004515886.1	99.174	121	1	0	1	121	343738	343858	5.94e-56	219	121	387133
CaSNP3866	NC_021161.1	99.174	121	1	0	1	121	17901817	17901697	5.94e-56	219	121	36634854
CaSNP3913	NC_021161.1	100.000	121	0	0	1	121	18718985	18718865	1.28e-57	224	121	36634854
CaSNP3974	NW_004515755.1	99.180	122	0	1	1	121	251153	251032	5.94e-56	219	121	501457
CaSNP4145	NW_004516212.1	99.174	121	1	0	1	121	246434	246554	5.94e-56	219	121	274603
CaSNP4436	NW_004516102.1	100.000	121	0	0	1	121	56780	56900	1.28e-57	224	121	86022
CaSNP4650	NW_004518184.1	100.000	121	0	0	1	121	26484	26364	1.28e-57	224	121	127680
CaSNP4675	NC_021161.1	99.174	121	1	0	1	121	19576658	19576538	5.94e-56	219	121	36634854
CaSNP4716	NC_021165.1	99.174	121	1	0	1	121	24796670	24796550	5.94e-56	219	121	59463898
CaSNP4853	NC_021161.1	100.000	121	0	0	1	121	22164268	22164148	1.28e-57	224	121	36634854
CaSNP4875	NC_021165.1	99.174	121	1	0	1	121	25235532	25235652	5.94e-56	219	121	59463898
CaSNP3235	NC_021161.1	99.174	121	1	0	1	121	22372751	22372631	5.94e-56	219	121	36634854
CaSNP3322	NW_004515801.1	99.174	121	1	0	1	121	372466	372586	5.94e-56	219	121	921075
CaSNP3322	NC_021165.1	92.308	78	6	0	1	78	1694807	1694884	1.04e-23	111	121	59463898
CaSNP3322	NC_021165.1	91.892	74	6	0	1	74	57298555	57298628	1.74e-21	104	121	59463898
CaSNP3322	NC_021165.1	90.667	75	7	0	1	75	44123510	44123436	2.25e-20	100	121	59463898
CaSNP3322	NC_021162.1	90.123	81	8	0	1	81	16600249	16600169	4.83e-22	106	121	39989001
CaSNP3922	NC_021161.1	99.174	121	1	0	1	121	18804824	18804704	5.94e-56	219	121	36634854
CaSNP4884	NW_004515988.1	100.000	121	0	0	1	121	144160	144280	1.28e-57	224	121	687121
CaSNP4884	NC_021160.1	92.623	122	8	1	1	121	45502860	45502739	1.30e-42	174	121	48359943
CaSNP4049	NW_004515769.1	98.361	122	1	1	1	121	183126	183247	2.77e-54	213	121	299125
CaSNP4369	NW_004515837.1	100.000	121	0	0	1	121	126422	126542	1.28e-57	224	121	234753
CaSNP5044	NW_004515917.1	99.174	121	1	0	1	121	352038	351918	5.94e-56	219	121	522572
CaSNP5101	NW_004516269.1	100.000	121	0	0	1	121	480643	480523	1.28e-57	224	121	725006
CaSNP2872	NC_021161.1	100.000	121	0	0	1	121	16637306	16637186	1.28e-57	224	121	36634854
CaSNP2872	NC_021161.1	92.562	121	9	0	1	121	16653094	16652974	1.30e-42	174	121	36634854
CaSNP2872	NC_021162.1	95.041	121	6	0	1	121	9909054	9909174	1.30e-47	191	121	39989001
CaSNP2872	NC_021162.1	93.388	121	8	0	1	121	9903632	9903752	2.80e-44	180	121	39989001
CaSNP2872	NC_021164.1	92.562	121	9	0	1	121	16857834	16857714	1.30e-42	174	121	48169137
CaSNP2872	NC_021164.1	90.756	119	10	1	1	119	16851289	16851172	1.31e-37	158	121	48169137
CaSNP2872	NC_021164.1	90.756	119	10	1	1	119	16870475	16870358	1.31e-37	158	121	48169137
CaSNP2872	NC_021164.1	98.246	57	1	0	1	57	23362702	23362758	2.25e-20	100	121	48169137
CaSNP2872	NC_021164.1	96.610	59	2	0	1	59	17212305	17212363	8.08e-20	99.0	121	48169137
CaSNP2872	NW_004515885.1	91.736	121	10	0	1	121	76710	76590	6.07e-41	169	121	227184
CaSNP2872	NC_021166.1	91.736	121	10	0	1	121	42643407	42643287	6.07e-41	169	121	48961560
CaSNP2872	NC_021166.1	91.736	121	10	0	1	121	42653081	42652961	6.07e-41	169	121	48961560
CaSNP2872	NC_021166.1	91.667	120	10	0	1	120	285133	285014	2.18e-40	167	121	48961560
CaSNP2872	NC_021166.1	90.164	122	11	1	1	121	45912262	45912383	1.31e-37	158	121	48961560
CaSNP4726	NW_004517659.1	99.174	121	1	0	1	121	52655	52535	5.94e-56	219	121	84118
CaSNP4726	NW_004516856.1	91.139	79	7	0	43	121	104546	104624	1.34e-22	108	121	133408
CaSNP4726	NW_004516716.1	93.056	72	5	0	50	121	21771	21842	4.83e-22	106	121	82894
CaSNP4726	NW_004516558.1	93.151	73	3	2	50	121	424305	424376	4.83e-22	106	121	770158
CaSNP4726	NW_004515814.1	93.056	72	5	0	50	121	89537	89466	4.83e-22	106	121	167210
CaSNP3735	NC_021160.1	99.174	121	1	0	1	121	44717696	44717576	5.94e-56	219	121	48359943
CaSNP3735	NW_004517097.1	94.262	122	5	1	1	120	129775	129654	6.03e-46	185	121	214423
CaSNP4687	NW_004515917.1	99.174	121	1	0	1	121	149724	149604	5.94e-56	219	121	522572
CaSNP4687	NC_021160.1	90.566	106	5	2	14	119	11811058	11810958	6.16e-31	135	121	48359943
CaSNP3840	NW_004515703.1	99.174	121	1	0	1	121	30308	30428	5.94e-56	219	121	405818
CaSNP3145	NC_021161.1	99.174	121	1	0	1	121	23259799	23259679	5.94e-56	219	121	36634854
CaSNP3145	NC_021161.1	92.135	89	6	1	34	121	17261516	17261428	1.33e-27	124	121	36634854
CaSNP3145	NC_021165.1	91.803	122	8	2	1	121	40963642	40963522	6.07e-41	169	121	59463898
CaSNP3145	NW_004516369.1	92.135	89	6	1	34	121	25861	25773	1.33e-27	124	121	506461
CaSNP3145	NW_004516755.1	95.890	73	2	1	50	121	6648	6576	2.23e-25	117	121	193482
CaSNP3145	NW_004516835.1	92.593	81	5	1	42	121	26589	26509	8.02e-25	115	121	330777
CaTSNP8654	NC_021161.1	98.649	74	1	0	48	121	34755999	34756072	7.97e-30	132	121	36634854
CaTSNP8654	NC_021161.1	100.000	51	0	0	1	51	34755854	34755904	1.05e-18	95.3	121	36634854
CaTSNP8565	NC_021161.1	99.174	121	1	0	1	121	34424973	34424853	5.94e-56	219	121	36634854
CaTSNP7304	NC_021161.1	100.000	121	0	0	1	121	34222645	34222525	1.28e-57	224	121	36634854
CaTSNP6734	NC_021161.1	100.000	121	0	0	1	121	34629933	34630053	1.28e-57	224	121	36634854
CaTSNP8370	NC_021161.1	100.000	121	0	0	1	121	33174374	33174494	1.28e-57	224	121	36634854
CaTSNP6427	NC_021161.1	99.174	121	1	0	1	121	34343861	34343741	5.94e-56	219	121	36634854
CaTSNP8888	NC_021161.1	100.000	78	0	0	1	78	34198196	34198273	1.02e-33	145	121	36634854
CaTSNP8888	NC_021161.1	96.296	54	0	2	69	121	34198612	34198664	1.75e-16	87.9	121	36634854
CaTSNP8705	NC_021161.1	100.000	121	0	0	1	121	34300582	34300462	1.28e-57	224	121	36634854
CaSNP4183	NC_021161.1	100.000	121	0	0	1	121	33373295	33373175	1.28e-57	224	121	36634854
CaSNP4403	NC_021161.1	99.174	121	1	0	1	121	33301023	33300903	5.94e-56	219	121	36634854
CaTSNP7574	NC_021161.1	100.000	92	0	0	1	92	33805027	33805118	1.69e-41	171	121	36634854
CaTSNP6830	NC_021161.1	100.000	121	0	0	1	121	34162524	34162644	1.28e-57	224	121	36634854
CaTSNP7230	NC_021161.1	100.000	121	0	0	1	121	33789749	33789629	1.28e-57	224	121	36634854
CaTSNP8972	NC_021161.1	100.000	121	0	0	1	121	33932238	33932358	1.28e-57	224	121	36634854
CaSNP5120	NC_021161.1	99.174	121	1	0	1	121	33492486	33492606	5.94e-56	219	121	36634854
CaSNP3680	NC_021161.1	100.000	121	0	0	1	121	33552367	33552487	1.28e-57	224	121	36634854
CaSNP2307	NC_021161.1	99.174	121	1	0	1	121	24708214	24708334	5.94e-56	219	121	36634854
CaSNP2570	NC_021161.1	99.174	121	1	0	1	121	24203527	24203647	5.94e-56	219	121	36634854
CaSNP2570	NC_021161.1	92.754	69	5	0	1	69	34126834	34126766	2.25e-20	100	121	36634854
CaSNP2570	NC_021166.1	93.590	78	5	0	1	78	13743773	13743850	2.23e-25	117	121	48961560
CaSNP2570	NC_021164.1	95.312	64	3	0	5	68	20997730	20997793	6.25e-21	102	121	48169137
CaSNP2570	NC_021160.1	96.610	59	2	0	1	59	26338707	26338649	8.08e-20	99.0	121	48359943
CaSNP2605	NC_021161.1	99.174	121	1	0	1	121	25510242	25510362	5.94e-56	219	121	36634854
CaSNP4406	NW_004515842.1	99.174	121	1	0	1	121	14597	14477	5.94e-56	219	121	80422
CaSNP4477	NW_004517371.1	100.000	121	0	0	1	121	18442	18562	1.28e-57	224	121	138296
CaSNP3520	NC_021161.1	100.000	121	0	0	1	121	24292399	24292279	1.28e-57	224	121	36634854
CaSNP2770	NC_021161.1	100.000	121	0	0	1	121	24803463	24803583	1.28e-57	224	121	36634854
CaSNP2770	NC_021160.1	95.192	104	5	0	1	104	21571244	21571141	7.85e-40	165	121	48359943
CaSNP2770	NW_004518557.1	94.340	106	6	0	1	106	9835	9730	2.82e-39	163	121	150113
CaSNP2770	NC_021166.1	94.286	105	6	0	1	105	31839342	31839446	1.02e-38	161	121	48961560
CaSNP2770	NC_021163.1	93.269	104	7	0	1	104	21470651	21470754	1.70e-36	154	121	49191682
CaSNP2770	NC_021163.1	93.269	104	7	0	1	104	21587653	21587756	1.70e-36	154	121	49191682
CaTSNP7557	NC_021161.1	100.000	121	0	0	1	121	33692428	33692308	1.28e-57	224	121	36634854
CaTSNP8021	NC_021161.1	100.000	121	0	0	1	121	33489223	33489343	1.28e-57	224	121	36634854
CaTSNP6904	NC_021161.1	100.000	121	0	0	1	121	33248335	33248455	1.28e-57	224	121	36634854
CaTSNP7407	NC_021161.1	100.000	121	0	0	1	121	33104684	33104564	1.28e-57	224	121	36634854
CaTSNP6865	NC_021161.1	100.000	121	0	0	1	121	32993418	32993298	1.28e-57	224	121	36634854
CaTSNP6809	NC_021161.1	100.000	101	0	0	21	121	32901892	32901992	1.68e-46	187	121	36634854
CaTSNP7204	NC_021161.1	100.000	121	0	0	1	121	32978680	32978800	1.28e-57	224	121	36634854
CaTSNP8020	NC_021161.1	100.000	121	0	0	1	121	32865931	32866051	1.28e-57	224	121	36634854
CaTSNP7991	NC_021161.1	99.174	121	1	0	1	121	32933985	32933865	5.94e-56	219	121	36634854
CaTSNP8812	NC_021161.1	99.180	122	0	1	1	121	32949035	32949156	5.94e-56	219	121	36634854
CaSNP2733	NC_021161.1	100.000	121	0	0	1	121	27305155	27305275	1.28e-57	224	121	36634854
CaSNP2491	NC_021161.1	99.130	115	1	0	7	121	27701772	27701658	1.29e-52	207	121	36634854
CaSNP3627	NC_021161.1	100.000	121	0	0	1	121	27437169	27437049	1.28e-57	224	121	36634854
CaSNP2014	NC_021161.1	100.000	121	0	0	1	121	22728922	22728802	1.28e-57	224	121	36634854
CaSNP2014	NC_021162.1	91.346	104	8	1	15	117	11822159	11822262	1.32e-32	141	121	39989001
CaSNP2658	NC_021161.1	99.174	121	1	0	1	121	27376794	27376914	5.94e-56	219	121	36634854
CaSNP3785	NC_021161.1	99.174	121	1	0	1	121	27342216	27342096	5.94e-56	219	121	36634854
CaSNP4591	NC_021161.1	100.000	121	0	0	1	121	27535565	27535445	1.28e-57	224	121	36634854
CaSNP2005	NC_021161.1	99.174	121	1	0	1	121	27832274	27832154	5.94e-56	219	121	36634854
CaTSNP6852	NC_021161.1	100.000	121	0	0	1	121	32765058	32765178	1.28e-57	224	121	36634854
CaTSNP7988	NC_021161.1	99.174	121	1	0	1	121	32745688	32745568	5.94e-56	219	121	36634854
CaTSNP6471	NC_021161.1	100.000	108	0	0	1	108	32511619	32511726	2.15e-50	200	121	36634854
CaTSNP6996	NC_021161.1	100.000	121	0	0	1	121	32754164	32754284	1.28e-57	224	121	36634854
CaTSNP8649	NC_021161.1	100.000	96	0	0	1	96	32577533	32577628	1.01e-43	178	121	36634854
CaSNP2475	NC_021161.1	99.174	121	1	0	1	121	27978479	27978359	5.94e-56	219	121	36634854
CaTSNP7385	NC_021161.1	100.000	121	0	0	1	121	32605430	32605310	1.28e-57	224	121	36634854
CaTSNP7403	NC_021161.1	100.000	121	0	0	1	121	27724491	27724371	1.28e-57	224	121	36634854
CaTSNP6429	NC_021161.1	100.000	121	0	0	1	121	27703969	27704089	1.28e-57	224	121	36634854
CaSNP3406	NW_004519065.1	100.000	121	0	0	1	121	27582	27462	1.28e-57	224	121	45338
CaSNP3545	NW_004517181.1	100.000	121	0	0	1	121	193385	193505	1.28e-57	224	121	282154
CaSNP3545	NC_021165.1	92.562	121	8	1	1	121	40573322	40573441	4.69e-42	172	121	59463898
CaSNP3545	NC_021166.1	90.833	120	10	1	2	121	48204949	48205067	3.65e-38	159	121	48961560
CaSNP3617	NC_021161.1	99.174	121	1	0	1	121	29343039	29342919	5.94e-56	219	121	36634854
CaSNP4122	NC_021161.1	99.174	121	1	0	1	121	28553083	28553203	5.94e-56	219	121	36634854
CaSNP2180	NC_021161.1	100.000	121	0	0	1	121	28156250	28156370	1.28e-57	224	121	36634854
CaSNP4661	NW_004515713.1	98.347	121	1	1	2	121	15165	15285	9.95e-54	211	121	56448
CaSNP4749	NC_021161.1	100.000	121	0	0	1	121	29865081	29865201	1.28e-57	224	121	36634854
CaSNP5093	NC_021161.1	99.174	121	1	0	1	121	29006522	29006402	5.94e-56	219	121	36634854
CaTSNP7324	NC_021161.1	100.000	121	0	0	1	121	27819259	27819139	1.28e-57	224	121	36634854
CaTSNP8452	NC_021161.1	100.000	88	0	0	34	121	28085488	28085575	2.82e-39	163	121	36634854
CaTSNP7538	NC_021165.1	97.170	106	1	2	1	106	4140	4037	1.01e-43	178	121	59463898
CaTSNP7146	NC_021161.1	99.123	114	1	0	1	114	28076724	28076611	4.63e-52	206	121	36634854
CaSNP4803	NW_004517181.1	100.000	121	0	0	1	121	235610	235490	1.28e-57	224	121	282154
CaSNP4803	NW_004516060.1	94.118	119	7	0	3	121	117507	117625	7.80e-45	182	121	705481
CaSNP4803	NC_021166.1	93.388	121	8	0	1	121	27517514	27517394	2.80e-44	180	121	48961560
CaSNP4803	NC_021166.1	93.220	118	8	0	3	120	32554377	32554494	1.30e-42	174	121	48961560
CaSNP4803	NC_021166.1	93.220	118	8	0	1	118	33074052	33074169	1.30e-42	174	121	48961560
CaSNP4803	NC_021166.1	91.736	121	9	1	1	121	46754106	46753987	2.18e-40	167	121	48961560
CaSNP4803	NC_021166.1	91.736	121	9	1	1	121	46754610	46754491	2.18e-40	167	121	48961560
CaSNP4803	NC_021166.1	95.146	103	5	0	19	121	15579334	15579232	2.82e-39	163	121	48961560
CaSNP4803	NC_021166.1	91.597	119	9	1	3	121	26757490	26757607	2.82e-39	163	121	48961560
CaSNP4803	NC_021166.1	90.909	121	11	0	1	121	47372229	47372349	2.82e-39	163	121	48961560
CaSNP4803	NC_021166.1	90.909	121	10	1	1	121	17115011	17115130	1.02e-38	161	121	48961560
CaSNP4803	NC_021166.1	90.909	121	10	1	1	121	46754358	46754239	1.02e-38	161	121	48961560
CaSNP4803	NC_021166.1	90.179	112	11	0	10	121	33729147	33729036	2.84e-34	147	121	48961560
CaSNP4803	NC_021166.1	96.667	60	2	0	62	121	15303354	15303295	2.25e-20	100	121	48961560
CaSNP4803	NC_021164.1	93.388	121	8	0	1	121	37280620	37280740	2.80e-44	180	121	48169137
CaSNP4803	NC_021164.1	91.736	121	10	0	1	121	40066549	40066669	6.07e-41	169	121	48169137
CaSNP4803	NC_021164.1	91.667	120	9	1	3	121	16531569	16531688	7.85e-40	165	121	48169137
CaSNP4803	NC_021164.1	90.909	121	11	0	1	121	13721855	13721735	2.82e-39	163	121	48169137
CaSNP4803	NC_021164.1	92.174	115	8	1	6	120	12093076	12092963	1.02e-38	161	121	48169137
CaSNP4803	NC_021164.1	90.517	116	11	0	3	118	45869540	45869655	1.70e-36	154	121	48169137
CaSNP4803	NC_021164.1	93.204	103	6	1	19	121	39397403	39397504	2.20e-35	150	121	48169137
CaSNP4803	NC_021164.1	90.323	93	9	0	28	120	40136712	40136620	4.79e-27	122	121	48169137
CaSNP4803	NC_021164.1	90.323	93	9	0	28	120	40137248	40137156	4.79e-27	122	121	48169137
CaSNP4803	NC_021164.1	93.750	80	5	0	42	121	23251173	23251094	1.72e-26	121	121	48169137
CaSNP4803	NC_021160.1	93.388	121	8	0	1	121	18575603	18575723	2.80e-44	180	121	48359943
CaSNP4803	NC_021160.1	92.562	121	8	1	1	121	47583270	47583151	4.69e-42	172	121	48359943
CaSNP4803	NC_021160.1	91.597	119	10	0	3	121	27810192	27810310	7.85e-40	165	121	48359943
CaSNP4803	NC_021160.1	90.083	121	12	0	1	121	6366271	6366391	1.31e-37	158	121	48359943
CaSNP4803	NC_021160.1	92.683	82	6	0	40	121	38388945	38388864	6.20e-26	119	121	48359943
CaTSNP6761	NC_021161.1	100.000	121	0	0	1	121	28060982	28060862	1.28e-57	224	121	36634854
CaSNP3825	NC_021161.1	100.000	121	0	0	1	121	29107864	29107984	1.28e-57	224	121	36634854
CaSNP3825	NW_004516098.1	95.041	121	6	0	1	121	77783	77903	1.30e-47	191	121	279505
CaSNP4869	NC_021161.1	100.000	121	0	0	1	121	29301343	29301223	1.28e-57	224	121	36634854
CaSNP4869	NW_004517470.1	96.639	119	4	0	3	121	11557	11675	7.74e-50	198	121	177112
CaSNP4512	NW_004521315.1	100.000	121	0	0	1	121	26548	26668	1.28e-57	224	121	37545
CaSNP4512	NC_021161.1	93.388	121	7	1	1	121	32229956	32229837	1.01e-43	178	121	36634854
CaSNP4512	NC_021161.1	91.736	121	9	1	1	121	32231475	32231356	2.18e-40	167	121	36634854
CaSNP4860	NC_021161.1	100.000	121	0	0	1	121	29623183	29623063	1.28e-57	224	121	36634854
CaSNP5086	NC_021161.1	99.174	121	1	0	1	121	29945963	29945843	5.94e-56	219	121	36634854
CaSNP5016	NC_021161.1	99.174	121	1	0	1	121	31582601	31582721	5.94e-56	219	121	36634854
CaSNP2289	NC_021161.1	99.174	121	1	0	1	121	31835400	31835520	5.94e-56	219	121	36634854
CaSNP2289	NC_021165.1	94.215	121	7	0	1	121	28371583	28371703	6.03e-46	185	121	59463898
CaTSNP6103	NC_021161.1	99.174	121	1	0	1	121	28159078	28159198	5.94e-56	219	121	36634854
CaTSNP6982	NC_021161.1	100.000	121	0	0	1	121	28321200	28321080	1.28e-57	224	121	36634854
CaTSNP6269	NC_021161.1	100.000	121	0	0	1	121	30046428	30046548	1.28e-57	224	121	36634854
CaTSNP9080	NC_021161.1	100.000	117	0	0	1	117	28184861	28184745	2.14e-55	217	121	36634854
CaTSNP7045	NC_021161.1	100.000	121	0	0	1	121	30027682	30027562	1.28e-57	224	121	36634854
CaTSNP8088	NC_021161.1	98.734	79	1	0	1	79	28934880	28934958	1.32e-32	141	121	36634854
CaTSNP7361	NC_021161.1	95.041	121	0	1	1	121	28203871	28203985	6.03e-46	185	121	36634854
CaTSNP8175	NC_021161.1	100.000	121	0	0	1	121	29463588	29463708	1.28e-57	224	121	36634854
CaSNP2679	NC_021161.1	99.174	121	1	0	1	121	32421818	32421698	5.94e-56	219	121	36634854
CaSNP2810	NC_021161.1	100.000	121	0	0	1	121	10195738	10195618	1.28e-57	224	121	36634854
CaTSNP6394	NC_021163.1	100.000	70	0	0	3	72	8776623	8776692	2.86e-29	130	121	49191682
CaTSNP6394	NC_021163.1	100.000	51	0	0	71	121	8776917	8776967	1.05e-18	95.3	121	49191682
CaSNP3462	NC_021161.1	100.000	121	0	0	1	121	31214873	31214753	1.28e-57	224	121	36634854
CaTSNP9099	NC_021161.1	100.000	121	0	0	1	121	28084025	28084145	1.28e-57	224	121	36634854
CaSNP3278	NC_021161.1	100.000	121	0	0	1	121	31136857	31136737	1.28e-57	224	121	36634854
CaTSNP6833	NC_021161.1	100.000	121	0	0	1	121	30505400	30505280	1.28e-57	224	121	36634854
CaTSNP6092	NC_021161.1	98.291	117	2	0	1	117	30733959	30734075	4.63e-52	206	121	36634854
CaTSNP7458	NC_021161.1	100.000	121	0	0	1	121	32073205	32073325	1.28e-57	224	121	36634854
CaTSNP8855	NC_021161.1	100.000	121	0	0	1	121	30950227	30950347	1.28e-57	224	121	36634854
CaSNP3243	NC_021161.1	99.174	121	1	0	1	121	32267322	32267442	5.94e-56	219	121	36634854
CaSNP3986	NC_021161.1	99.174	121	1	0	1	121	31088838	31088718	5.94e-56	219	121	36634854
CaSNP2012	NC_021161.1	100.000	121	0	0	1	121	31324187	31324067	1.28e-57	224	121	36634854
CaSNP2169	NC_021161.1	100.000	121	0	0	1	121	30716364	30716484	1.28e-57	224	121	36634854
CaSNP2905	NC_021161.1	99.174	121	1	0	1	121	32564641	32564761	5.94e-56	219	121	36634854
CaSNP2905	NW_004515991.1	92.982	114	8	0	8	121	400307	400420	2.18e-40	167	121	948327
CaSNP2905	NC_021166.1	90.526	95	9	0	1	95	45944420	45944326	3.71e-28	126	121	48961560
CaSNP4649	NC_021161.1	100.000	121	0	0	1	121	30686537	30686417	1.28e-57	224	121	36634854
CaTSNP8516	NC_021161.1	100.000	121	0	0	1	121	32121076	32121196	1.28e-57	224	121	36634854
CaSNP3658	NC_021161.1	99.174	121	1	0	1	121	32325713	32325593	5.94e-56	219	121	36634854
CaTSNP6188	NC_021161.1	100.000	121	0	0	1	121	32121430	32121550	1.28e-57	224	121	36634854
CaSNP2510	NC_021161.1	95.868	121	5	0	1	121	31946349	31946469	2.78e-49	196	121	36634854
CaSNP2673	NC_021161.1	98.347	121	1	1	1	121	32407024	32407143	9.95e-54	211	121	36634854
CaTSNP8015	NC_021161.1	97.753	89	2	0	33	121	31343938	31344026	1.70e-36	154	121	36634854
CaTSNP6316	NC_021161.1	100.000	121	0	0	1	121	31213331	31213211	1.28e-57	224	121	36634854
CaTSNP7601	NC_021161.1	100.000	121	0	0	1	121	31089913	31089793	1.28e-57	224	121	36634854
CaSNP3756	NC_021161.1	100.000	121	0	0	1	121	30508196	30508316	1.28e-57	224	121	36634854
CaTSNP6271	NC_021161.1	100.000	68	0	0	20	87	31092475	31092408	3.71e-28	126	121	36634854
CaTSNP6714	NW_004519744.1	98.969	97	1	0	15	111	99223	99127	1.30e-42	174	121	114156
CaTSNP8782	NC_021163.1	98.684	76	1	0	46	121	15752456	15752531	6.16e-31	135	121	49191682
CaTSNP8782	NC_021163.1	94.643	56	2	1	1	55	15752297	15752352	6.29e-16	86.1	121	49191682
CaSNP3589	NC_021161.1	99.174	121	1	0	1	121	29232012	29232132	5.94e-56	219	121	36634854
CaSNP2340	NW_004519744.1	99.174	121	1	0	1	121	88246	88126	5.94e-56	219	121	114156
CaSNP2902	NC_021161.1	97.521	121	3	0	1	121	30802121	30802001	1.29e-52	207	121	36634854
CaSNP2577	NC_021165.1	99.174	121	1	0	1	121	11339141	11339261	5.94e-56	219	121	59463898
CaSNP3736	NC_021165.1	100.000	121	0	0	1	121	11416516	11416636	1.28e-57	224	121	59463898
CaSNP3842	NW_004515917.1	100.000	121	0	0	1	121	71766	71886	1.28e-57	224	121	522572
CaTSNP7905	NC_021165.1	99.174	121	1	0	1	121	11428238	11428358	5.94e-56	219	121	59463898
CaTSNP6687	NC_021165.1	99.174	121	1	0	1	121	11509039	11509159	5.94e-56	219	121	59463898
CaSNP3020	NW_004517473.1	100.000	121	0	0	1	121	27814	27934	1.28e-57	224	121	63667
CaSNP4535	NC_021161.1	100.000	121	0	0	1	121	8800597	8800477	1.28e-57	224	121	36634854
CaSNP3973	NC_021161.1	99.174	121	1	0	1	121	9263247	9263367	5.94e-56	219	121	36634854
CaSNP2901	NC_021161.1	99.174	121	1	0	1	121	9457131	9457011	5.94e-56	219	121	36634854
CaSNP3944	NC_021161.1	99.174	121	1	0	1	121	9290932	9290812	5.94e-56	219	121	36634854
CaTSNP7690	NC_021161.1	100.000	121	0	0	1	121	9420101	9419981	1.28e-57	224	121	36634854
CaTSNP8994	NC_021161.1	100.000	121	0	0	1	121	9240104	9240224	1.28e-57	224	121	36634854
CaSNP3661	NC_021161.1	100.000	121	0	0	1	121	8835452	8835332	1.28e-57	224	121	36634854
CaSNP4537	NC_021161.1	99.180	122	0	1	1	121	9845626	9845505	5.94e-56	219	121	36634854
CaSNP2982	NC_021161.1	100.000	121	0	0	1	121	8584303	8584423	1.28e-57	224	121	36634854
CaTSNP9045	NC_021161.1	100.000	121	0	0	1	121	10068893	10069013	1.28e-57	224	121	36634854
CaTSNP7077	NC_021161.1	100.000	121	0	0	1	121	9898878	9898758	1.28e-57	224	121	36634854
CaTSNP8524	NC_021161.1	100.000	121	0	0	1	121	10006472	10006352	1.28e-57	224	121	36634854
CaSNP2791	NC_021161.1	100.000	121	0	0	1	121	10056301	10056181	1.28e-57	224	121	36634854
CaTSNP9102	NC_021161.1	100.000	121	0	0	1	121	8593030	8592910	1.28e-57	224	121	36634854
CaTSNP8179	NC_021161.1	100.000	121	0	0	1	121	9826205	9826085	1.28e-57	224	121	36634854
CaTSNP8579	NC_021161.1	100.000	121	0	0	1	121	7098744	7098864	1.28e-57	224	121	36634854
CaTSNP8579	NC_021161.1	90.000	120	12	0	2	121	7104937	7104818	4.73e-37	156	121	36634854
CaSNP4277	NC_021161.1	100.000	121	0	0	1	121	6870190	6870070	1.28e-57	224	121	36634854
CaSNP4171	NC_021161.1	100.000	121	0	0	1	121	7052763	7052883	1.28e-57	224	121	36634854
CaTSNP6978	NC_021161.1	100.000	121	0	0	1	121	5804602	5804482	1.28e-57	224	121	36634854
CaTSNP8111	NC_021161.1	98.333	120	1	1	3	121	5885986	5886105	3.58e-53	209	121	36634854
CaTSNP7325	NC_021161.1	99.174	121	1	0	1	121	6399310	6399190	5.94e-56	219	121	36634854
CaSNP3363	NC_021161.1	99.174	121	1	0	1	121	5568394	5568274	5.94e-56	219	121	36634854
CaSNP2378	NC_021161.1	100.000	121	0	0	1	121	6755519	6755399	1.28e-57	224	121	36634854
CaTSNP7501	NC_021161.1	98.529	68	0	1	30	97	5835907	5835841	6.20e-26	119	121	36634854
CaTSNP8931	NC_021161.1	100.000	121	0	0	1	121	5936380	5936500	1.28e-57	224	121	36634854
CaSNP2228	NC_021161.1	99.174	121	1	0	1	121	6147669	6147789	5.94e-56	219	121	36634854
CaTSNP7706	NC_021161.1	100.000	87	0	0	35	121	6550070	6550156	1.02e-38	161	121	36634854
CaSNP2193	NC_021161.1	100.000	121	0	0	1	121	5989388	5989268	1.28e-57	224	121	36634854
CaTSNP7765	NC_021161.1	100.000	85	0	0	1	85	5445083	5444999	8.21e-38	158	85	36634854
CaTSNP7010	NC_021161.1	100.000	121	0	0	1	121	1588809	1588929	1.28e-57	224	121	36634854
CaTSNP6519	NC_021161.1	100.000	121	0	0	1	121	1584186	1584066	1.28e-57	224	121	36634854
CaSNP4589	NC_021161.1	100.000	121	0	0	1	121	1530752	1530632	1.28e-57	224	121	36634854
CaTSNP8041	NC_021161.1	100.000	77	0	0	45	121	1625600	1625524	3.68e-33	143	121	36634854
CaSNP5040	NC_021161.1	100.000	121	0	0	1	121	1622270	1622390	1.28e-57	224	121	36634854
CaTSNP8126	NC_021161.1	100.000	121	0	0	1	121	1747853	1747733	1.28e-57	224	121	36634854
CaTSNP8474	NC_021161.1	98.958	96	0	1	1	96	1630885	1630979	1.69e-41	171	121	36634854
CaTSNP7936	NC_021161.1	100.000	121	0	0	1	121	1647319	1647439	1.28e-57	224	121	36634854
CaTSNP9145	NC_021161.1	99.174	121	1	0	1	121	1746897	1746777	5.94e-56	219	121	36634854
CaSNP2711	NC_021161.1	99.174	121	1	0	1	121	1755304	1755424	5.94e-56	219	121	36634854
CaSNP2711	NC_021166.1	94.215	121	7	0	1	121	12706917	12707037	6.03e-46	185	121	48961560
CaSNP2780	NC_021161.1	99.174	121	1	0	1	121	4138431	4138311	5.94e-56	219	121	36634854
CaSNP2664	NC_021161.1	100.000	121	0	0	1	121	1844242	1844122	1.28e-57	224	121	36634854
CaSNP2063	NC_021161.1	100.000	121	0	0	1	121	1974531	1974411	1.28e-57	224	121	36634854
CaTSNP8580	NC_021161.1	100.000	108	0	0	14	121	1882644	1882751	2.15e-50	200	121	36634854
CaTSNP6866	NC_021166.1	100.000	79	0	0	1	79	5378598	5378520	2.84e-34	147	121	48961560
CaTSNP6866	NC_021166.1	100.000	55	0	0	25	79	5378242	5378188	6.25e-21	102	121	48961560
CaTSNP8065	NC_021161.1	100.000	121	0	0	1	121	2069897	2070017	1.28e-57	224	121	36634854
CaSNP3412	NC_021161.1	100.000	121	0	0	1	121	2345461	2345581	1.28e-57	224	121	36634854
CaSNP3412	NC_021166.1	98.347	121	2	0	1	121	8838037	8838157	2.77e-54	213	121	48961560
CaTSNP8411	NC_021162.1	99.174	121	1	0	1	121	35269770	35269650	5.94e-56	219	121	39989001
CaTSNP8152	NC_021161.1	100.000	121	0	0	1	121	5087295	5087415	1.28e-57	224	121	36634854
CaTSNP6811	NC_021161.1	100.000	121	0	0	1	121	2265349	2265229	1.28e-57	224	121	36634854
CaTSNP8642	NC_021161.1	100.000	107	0	0	1	107	5360614	5360508	7.74e-50	198	121	36634854
CaTSNP8087	NC_021161.1	100.000	121	0	0	1	121	2274457	2274337	1.28e-57	224	121	36634854
CaTSNP6543	NC_021161.1	100.000	121	0	0	1	121	2367814	2367694	1.28e-57	224	121	36634854
CaTSNP7917	NW_004517486.1	100.000	121	0	0	1	121	99793	99673	1.28e-57	224	121	284603
CaTSNP6657	NC_021161.1	100.000	121	0	0	1	121	2412566	2412686	1.28e-57	224	121	36634854
CaTSNP8434	NC_021165.1	100.000	121	0	0	1	121	56765350	56765470	1.28e-57	224	121	59463898
CaSNP2515	NC_021161.1	100.000	121	0	0	1	121	5166782	5166902	1.28e-57	224	121	36634854
CaSNP2869	NC_021161.1	100.000	121	0	0	1	121	5100703	5100823	1.28e-57	224	121	36634854
CaSNP5127	NC_021161.1	99.174	121	1	0	1	121	5019799	5019679	5.94e-56	219	121	36634854
CaTSNP6818	NW_004517486.1	100.000	93	0	0	29	121	172216	172124	4.69e-42	172	121	284603
CaTSNP6700	NW_004517739.1	100.000	121	0	0	1	121	74465	74585	1.28e-57	224	121	100979
CaSNP2707	NC_021161.1	100.000	121	0	0	1	121	5360229	5360349	1.28e-57	224	121	36634854
CaTSNP6147	NC_021165.1	100.000	121	0	0	1	121	56855825	56855945	1.28e-57	224	121	59463898
CaSNP2313	NC_021165.1	99.174	121	1	0	1	121	56757896	56757776	5.94e-56	219	121	59463898
CaSNP2313	NC_021165.1	99.174	121	1	0	1	121	56759133	56759013	5.94e-56	219	121	59463898
CaSNP2821	NW_004515684.1	99.174	121	1	0	1	121	110478	110598	5.94e-56	219	121	253741
CaSNP4420	NW_004517486.1	99.174	121	1	0	1	121	241792	241672	5.94e-56	219	121	284603
CaTSNP9106	NC_021161.1	100.000	121	0	0	1	121	2720908	2720788	1.28e-57	224	121	36634854
CaTSNP8007	NC_021161.1	100.000	121	0	0	1	121	2579460	2579340	1.28e-57	224	121	36634854
CaTSNP8849	NC_021161.1	100.000	121	0	0	1	121	3998095	3997975	1.28e-57	224	121	36634854
CaTSNP8730	NC_021161.1	100.000	121	0	0	1	121	2754926	2754806	1.28e-57	224	121	36634854
CaTSNP7047	NC_021161.1	100.000	85	0	0	1	85	4085209	4085293	1.31e-37	158	121	36634854
CaTSNP7009	NC_021161.1	100.000	93	0	0	29	121	2764374	2764282	4.69e-42	172	121	36634854
CaTSNP8533	NC_021161.1	100.000	115	0	0	7	121	2790505	2790619	2.77e-54	213	121	36634854
CaTSNP7986	NC_021161.1	100.000	121	0	0	1	121	2546653	2546773	1.28e-57	224	121	36634854
CaTSNP8560	NC_021161.1	100.000	79	0	0	37	115	2850743	2850821	2.84e-34	147	121	36634854
CaTSNP8378	NC_021161.1	100.000	121	0	0	1	121	2861615	2861495	1.28e-57	224	121	36634854
CaSNP4859	NC_021165.1	100.000	121	0	0	1	121	56703565	56703445	1.28e-57	224	121	59463898
CaSNP2706	NW_004515684.1	100.000	121	0	0	1	121	46716	46596	1.28e-57	224	121	253741
CaTSNP7478	NC_021161.1	100.000	114	0	0	1	114	3982372	3982259	9.95e-54	211	121	36634854
CaSNP4296	NC_021165.1	100.000	121	0	0	1	121	56637233	56637353	1.28e-57	224	121	59463898
CaSNP4296	NC_021165.1	92.929	99	1	2	1	99	56588222	56588314	4.76e-32	139	121	59463898
CaSNP2275	NW_004517486.1	100.000	121	0	0	1	121	108454	108574	1.28e-57	224	121	284603
CaSNP4904	NC_021161.1	99.174	121	1	0	1	121	5639670	5639790	5.94e-56	219	121	36634854
CaSNP4031	NC_021161.1	99.174	121	1	0	1	121	2902676	2902556	5.94e-56	219	121	36634854
CaTSNP7196	NC_021161.1	100.000	121	0	0	1	121	3099758	3099878	1.28e-57	224	121	36634854
CaTSNP9020	NC_021161.1	100.000	97	0	0	25	121	3008484	3008388	2.80e-44	180	121	36634854
CaSNP2225	NC_021161.1	99.174	121	1	0	1	121	2853062	2853182	5.94e-56	219	121	36634854
CaSNP1970	NC_021161.1	99.174	121	1	0	1	121	3014779	3014899	5.94e-56	219	121	36634854
CaTSNP7743	NC_021161.1	99.174	121	1	0	1	121	3119780	3119900	5.94e-56	219	121	36634854
CaTSNP8687	NC_021161.1	100.000	121	0	0	1	121	3140358	3140238	1.28e-57	224	121	36634854
CaSNP5036	NC_021161.1	100.000	121	0	0	1	121	3915944	3916064	1.28e-57	224	121	36634854
CaTSNP8838	NC_021161.1	100.000	121	0	0	1	121	3838316	3838436	1.28e-57	224	121	36634854
CaSNP3228	NC_021161.1	99.174	121	1	0	1	121	3362529	3362409	5.94e-56	219	121	36634854
CaSNP2098	NC_021161.1	99.174	121	1	0	1	121	3295994	3296114	5.94e-56	219	121	36634854
CaTSNP8317	NC_021161.1	100.000	121	0	0	1	121	3759806	3759686	1.28e-57	224	121	36634854
CaSNP3523	NC_021165.1	100.000	121	0	0	1	121	57098690	57098810	1.28e-57	224	121	59463898
CaTSNP6388	NC_021161.1	99.160	119	1	0	1	119	3654094	3654212	7.69e-55	215	121	36634854
CaTSNP6381	NC_021161.1	100.000	121	0	0	1	121	3343980	3343860	1.28e-57	224	121	36634854
CaTSNP9091	NC_021161.1	100.000	121	0	0	1	121	3533701	3533821	1.28e-57	224	121	36634854
CaSNP1989	NC_021161.1	100.000	121	0	0	1	121	3510704	3510584	1.28e-57	224	121	36634854
CaTSNP8377	NC_021161.1	100.000	121	0	0	1	121	3582862	3582982	1.28e-57	224	121	36634854
CaSNP2407	NC_021165.1	100.000	121	0	0	1	121	57186556	57186436	1.28e-57	224	121	59463898
CaSNP2722	NC_021165.1	99.174	121	1	0	1	121	56563637	56563757	5.94e-56	219	121	59463898
CaTSNP8442	NC_021162.1	100.000	121	0	0	1	121	39673320	39673440	1.28e-57	224	121	39989001
CaTSNP8442	NC_021162.1	97.521	121	3	0	1	121	39666945	39667065	1.29e-52	207	121	39989001
CaTSNP8602	NC_021162.1	99.174	121	1	0	1	121	39728522	39728402	5.94e-56	219	121	39989001
CaTSNP8584	NC_021162.1	100.000	121	0	0	1	121	39620322	39620202	1.28e-57	224	121	39989001
CaTSNP7519	NC_021162.1	99.174	121	1	0	1	121	39631076	39630956	5.94e-56	219	121	39989001
CaTSNP7859	NC_021162.1	99.174	121	1	0	1	121	39787505	39787385	5.94e-56	219	121	39989001
CaTSNP8574	NC_021162.1	99.174	121	1	0	1	121	39788772	39788652	5.94e-56	219	121	39989001
CaTSNP6044	NW_004522528.1	100.000	121	0	0	1	121	1269	1389	1.28e-57	224	121	2467
CaTSNP6044	NC_021162.1	100.000	121	0	0	1	121	39751650	39751770	1.28e-57	224	121	39989001
CaSNP3391	NC_021162.1	100.000	121	0	0	1	121	39837643	39837763	1.28e-57	224	121	39989001
CaSNP3004	NC_021162.1	100.000	121	0	0	1	121	39959103	39959223	1.28e-57	224	121	39989001
CaSNP3004	NC_021162.1	92.562	121	9	0	1	121	15181856	15181736	1.30e-42	174	121	39989001
CaSNP3004	NC_021162.1	91.736	121	10	0	1	121	15497816	15497936	6.07e-41	169	121	39989001
CaSNP3004	NC_021162.1	91.736	121	10	0	1	121	33508222	33508342	6.07e-41	169	121	39989001
CaSNP3004	NC_021162.1	90.909	121	11	0	1	121	20297755	20297635	2.82e-39	163	121	39989001
CaSNP3004	NC_021162.1	90.083	121	12	0	1	121	9701539	9701659	1.31e-37	158	121	39989001
CaSNP3004	NC_021164.1	92.562	121	9	0	1	121	24562297	24562417	1.30e-42	174	121	48169137
CaSNP3004	NC_021164.1	91.736	121	10	0	1	121	11800045	11800165	6.07e-41	169	121	48169137
CaSNP3004	NC_021164.1	91.736	121	10	0	1	121	15931933	15931813	6.07e-41	169	121	48169137
CaSNP3004	NC_021164.1	91.736	121	10	0	1	121	22976824	22976944	6.07e-41	169	121	48169137
CaSNP3004	NC_021164.1	91.736	121	10	0	1	121	24551680	24551800	6.07e-41	169	121	48169137
CaSNP3004	NC_021164.1	91.736	121	10	0	1	121	35129867	35129747	6.07e-41	169	121	48169137
CaSNP3004	NC_021164.1	91.736	121	10	0	1	121	38622225	38622105	6.07e-41	169	121	48169137
CaSNP3004	NC_021164.1	91.736	121	10	0	1	121	38873346	38873226	6.07e-41	169	121	48169137
CaSNP3004	NC_021164.1	90.909	121	11	0	1	121	39063280	39063400	2.82e-39	163	121	48169137
CaSNP3004	NC_021164.1	90.083	121	12	0	1	121	18334639	18334759	1.31e-37	158	121	48169137
CaSNP3004	NC_021164.1	90.083	121	12	0	1	121	18899527	18899407	1.31e-37	158	121	48169137
CaSNP3004	NW_004520496.1	91.736	121	10	0	1	121	15463	15583	6.07e-41	169	121	73806
CaSNP3004	NW_004520496.1	91.736	121	10	0	1	121	37554	37674	6.07e-41	169	121	73806
CaSNP3004	NW_004516938.1	91.736	121	10	0	1	121	35747	35627	6.07e-41	169	121	134248
CaSNP3004	NW_004516520.1	91.736	121	10	0	1	121	37595	37715	6.07e-41	169	121	236255
CaTSNP6635	NC_021162.1	100.000	121	0	0	1	121	39556595	39556475	1.28e-57	224	121	39989001
CaTSNP7207	NC_021162.1	100.000	101	0	0	1	101	39472471	39472371	1.68e-46	187	121	39989001
CaTSNP6601	NC_021162.1	100.000	121	0	0	1	121	39352682	39352562	1.28e-57	224	121	39989001
CaTSNP8002	NC_021162.1	100.000	121	0	0	1	121	39242464	39242584	1.28e-57	224	121	39989001
CaTSNP8104	NC_021162.1	100.000	121	0	0	1	121	39242392	39242272	1.28e-57	224	121	39989001
CaSNP2042	NC_021162.1	99.174	121	1	0	1	121	39201508	39201628	5.94e-56	219	121	39989001
CaTSNP6995	NC_021162.1	98.684	76	1	0	46	121	39151911	39151836	6.16e-31	135	121	39989001
CaTSNP6995	NC_021162.1	100.000	46	0	0	1	46	39152514	39152469	6.29e-16	86.1	121	39989001
CaTSNP7546	NC_021162.1	100.000	121	0	0	1	121	39095085	39094965	1.28e-57	224	121	39989001
CaTSNP7672	NC_021162.1	100.000	121	0	0	1	121	39065420	39065540	1.28e-57	224	121	39989001
CaTSNP6815	NC_021162.1	100.000	121	0	0	1	121	38723713	38723593	1.28e-57	224	121	39989001
CaTSNP8330	NC_021162.1	100.000	110	0	0	1	110	38764312	38764421	1.66e-51	204	121	39989001
CaTSNP8906	NC_021162.1	100.000	96	0	0	23	118	38745311	38745216	1.01e-43	178	121	39989001
CaTSNP6958	NC_021162.1	100.000	121	0	0	1	121	38852795	38852915	1.28e-57	224	121	39989001
CaTSNP6958	NW_004516955.1	94.215	121	7	0	1	121	98957	98837	6.03e-46	185	121	144242
CaTSNP8359	NC_021162.1	100.000	121	0	0	1	121	38986696	38986816	1.28e-57	224	121	39989001
CaSNP3400	NC_021162.1	99.174	121	1	0	1	121	38994614	38994494	5.94e-56	219	121	39989001
CaSNP3052	NC_021162.1	99.174	121	1	0	1	121	38969068	38969188	5.94e-56	219	121	39989001
CaTSNP6392	NC_021162.1	100.000	121	0	0	1	121	38620643	38620763	1.28e-57	224	121	39989001
CaTSNP6037	NC_021162.1	100.000	121	0	0	1	121	38608690	38608810	1.28e-57	224	121	39989001
CaTSNP7493	NC_021162.1	99.174	121	1	0	1	121	38479178	38479058	5.94e-56	219	121	39989001
CaTSNP6909	NC_021162.1	100.000	94	0	0	1	94	38460145	38460052	1.30e-42	174	121	39989001
CaTSNP7443	NC_021162.1	100.000	81	0	0	41	121	38403933	38403853	2.20e-35	150	121	39989001
CaTSNP7443	NC_021162.1	94.643	56	2	1	1	56	38404061	38404007	6.29e-16	86.1	121	39989001
CaTSNP8191	NC_021162.1	100.000	121	0	0	1	121	38275624	38275744	1.28e-57	224	121	39989001
CaTSNP8777	NC_021162.1	100.000	121	0	0	1	121	38314843	38314723	1.28e-57	224	121	39989001
CaSNP3076	NC_021162.1	100.000	121	0	0	1	121	38223375	38223495	1.28e-57	224	121	39989001
CaTSNP6184	NC_021162.1	100.000	121	0	0	1	121	38236072	38236192	1.28e-57	224	121	39989001
CaTSNP7228	NC_021162.1	100.000	88	0	0	34	121	38203391	38203478	2.82e-39	163	121	39989001
CaTSNP7433	NC_021162.1	100.000	121	0	0	1	121	38186206	38186086	1.28e-57	224	121	39989001
CaSNP3358	NC_021162.1	99.174	121	1	0	1	121	38021036	38020916	5.94e-56	219	121	39989001
CaTSNP7180	NC_021162.1	100.000	81	0	0	21	101	38042305	38042225	2.20e-35	150	121	39989001
CaSNP1926	NC_021162.1	100.000	121	0	0	1	121	37822266	37822386	1.28e-57	224	121	39989001
CaSNP3518	NC_021162.1	100.000	121	0	0	1	121	37972923	37973043	1.28e-57	224	121	39989001
CaSNP3518	NC_021162.1	91.803	122	9	1	1	121	37931897	37931776	6.07e-41	169	121	39989001
CaSNP3518	NC_021162.1	91.803	122	9	1	1	121	37966017	37965896	6.07e-41	169	121	39989001
CaTSNP8050	NC_021162.1	100.000	121	0	0	1	121	38019253	38019133	1.28e-57	224	121	39989001
CaTSNP6288	NC_021162.1	100.000	121	0	0	1	121	38019253	38019133	1.28e-57	224	121	39989001
CaTSNP7456	NC_021162.1	100.000	121	0	0	1	121	38069636	38069516	1.28e-57	224	121	39989001
CaTSNP7301	NC_021162.1	100.000	121	0	0	1	121	37859368	37859248	1.28e-57	224	121	39989001
CaTSNP7095	NC_021162.1	100.000	95	0	0	27	121	37873264	37873358	3.63e-43	176	121	39989001
CaTSNP9113	NC_021162.1	100.000	101	0	0	21	121	37759665	37759565	1.68e-46	187	121	39989001
CaTSNP7411	NC_021162.1	100.000	78	0	0	1	78	37441893	37441816	1.02e-33	145	121	39989001
CaTSNP7411	NC_021162.1	100.000	46	0	0	76	121	37441700	37441655	6.29e-16	86.1	121	39989001
CaSNP2522	NC_021162.1	100.000	121	0	0	1	121	37636847	37636727	1.28e-57	224	121	39989001
CaTSNP8566	NC_021162.1	100.000	85	0	0	1	85	37552209	37552125	1.31e-37	158	121	39989001
CaSNP2166	NC_021162.1	99.174	121	1	0	1	121	37606336	37606216	5.94e-56	219	121	39989001
CaTSNP7504	NC_021162.1	100.000	121	0	0	1	121	37318523	37318643	1.28e-57	224	121	39989001
CaTSNP6717	NC_021162.1	100.000	121	0	0	1	121	37326354	37326234	1.28e-57	224	121	39989001
CaTSNP7640	NC_021162.1	98.701	77	1	0	25	101	37155961	37155885	1.71e-31	137	121	39989001
CaTSNP7811	NC_021162.1	100.000	62	0	0	19	80	37292542	37292603	8.02e-25	115	121	39989001
CaTSNP7866	NC_021162.1	98.701	77	1	0	1	77	37362107	37362031	1.71e-31	137	121	39989001
CaTSNP8064	NC_021162.1	98.969	97	1	0	25	121	37306183	37306279	1.30e-42	174	121	39989001
CaTSNP8581	NC_021162.1	100.000	121	0	0	1	121	37101469	37101349	1.28e-57	224	121	39989001
CaTSNP8345	NC_021162.1	100.000	121	0	0	1	121	37067952	37068072	1.28e-57	224	121	39989001
CaTSNP7550	NC_021162.1	100.000	93	0	0	29	121	36994474	36994566	4.69e-42	172	121	39989001
CaTSNP8591	NC_021162.1	97.619	84	1	1	38	121	36902745	36902827	3.68e-33	143	121	39989001
CaTSNP8591	NC_021162.1	100.000	48	0	0	1	48	36901595	36901642	4.86e-17	89.8	121	39989001
CaTSNP7951	NC_021162.1	100.000	121	0	0	1	121	36821188	36821308	1.28e-57	224	121	39989001
CaSNP4902	NC_021162.1	99.174	121	1	0	1	121	34382949	34382829	5.94e-56	219	121	39989001
CaTSNP6658	NC_021162.1	100.000	121	0	0	1	121	36816114	36816234	1.28e-57	224	121	39989001
CaTSNP6876	NC_021162.1	100.000	121	0	0	1	121	36809912	36809792	1.28e-57	224	121	39989001
CaTSNP7883	NC_021162.1	100.000	121	0	0	1	121	36733151	36733271	1.28e-57	224	121	39989001
CaSNP3289	NC_021162.1	100.000	121	0	0	1	121	36607819	36607939	1.28e-57	224	121	39989001
CaTSNP6623	NC_021162.1	100.000	50	0	0	72	121	36861301	36861252	3.76e-18	93.5	121	39989001
CaTSNP7800	NC_021162.1	100.000	121	0	0	1	121	36710846	36710726	1.28e-57	224	121	39989001
CaTSNP7245	NC_021162.1	100.000	121	0	0	1	121	36620752	36620632	1.28e-57	224	121	39989001
CaTSNP6760	NC_021162.1	98.810	84	0	1	1	83	36630170	36630087	7.91e-35	148	121	39989001
CaTSNP7761	NC_021162.1	100.000	121	0	0	1	121	36310648	36310768	1.28e-57	224	121	39989001
CaTSNP6021	NC_021162.1	100.000	121	0	0	1	121	36710726	36710846	1.28e-57	224	121	39989001
CaSNP5063	NC_021162.1	100.000	121	0	0	1	121	36259399	36259279	1.28e-57	224	121	39989001
CaSNP3867	NW_004516651.1	98.347	121	2	0	1	121	12341	12461	2.77e-54	213	121	72796
CaSNP3867	NW_004520496.1	90.323	93	9	0	27	119	63323	63415	4.79e-27	122	121	73806
CaSNP3867	NC_021165.1	90.909	77	7	0	41	117	40118195	40118119	1.74e-21	104	121	59463898
CaSNP3867	NC_021165.1	90.769	65	6	0	27	91	27703572	27703636	1.75e-16	87.9	121	59463898
CaSNP3867	NW_004516028.1	90.141	71	7	0	45	115	471727	471657	3.76e-18	93.5	121	569399
CaTSNP6834	NC_021162.1	100.000	121	0	0	1	121	36394179	36394059	1.28e-57	224	121	39989001
CaTSNP8822	NC_021162.1	100.000	121	0	0	1	121	36245441	36245561	1.28e-57	224	121	39989001
CaTSNP7822	NC_021162.1	100.000	121	0	0	1	121	36310648	36310768	1.28e-57	224	121	39989001
CaTSNP6148	NC_021162.1	99.174	121	1	0	1	121	36524907	36525027	5.94e-56	219	121	39989001
CaTSNP9136	NC_021162.1	100.000	115	0	0	1	115	36548761	36548875	2.77e-54	213	121	39989001
CaTSNP6973	NC_021162.1	97.521	121	3	0	1	121	36200304	36200184	1.29e-52	207	121	39989001
CaTSNP8289	NC_021162.1	99.174	121	1	0	1	121	36229860	36229740	5.94e-56	219	121	39989001
CaTSNP6165	NC_021162.1	99.174	121	1	0	1	121	36049729	36049849	5.94e-56	219	121	39989001
CaTSNP8800	NC_021162.1	98.750	80	1	0	1	80	36102274	36102195	3.68e-33	143	121	39989001
CaTSNP8800	NW_004515882.1	94.937	79	4	0	2	80	342471	342393	1.33e-27	124	121	497940
CaTSNP6384	NC_021162.1	99.174	121	1	0	1	121	36154941	36154821	5.94e-56	219	121	39989001
CaTSNP6578	NC_021162.1	100.000	121	0	0	1	121	36134579	36134459	1.28e-57	224	121	39989001
CaTSNP6580	NC_021162.1	99.160	119	1	0	1	119	36397566	36397448	7.69e-55	215	121	39989001
CaTSNP8267	NC_021162.1	99.174	121	1	0	1	121	35606548	35606668	5.94e-56	219	121	39989001
CaSNP3576	NC_021162.1	100.000	121	0	0	1	121	34952703	34952823	1.28e-57	224	121	39989001
CaSNP1999	NC_021162.1	99.174	121	1	0	1	121	34865589	34865709	5.94e-56	219	121	39989001
CaTSNP8703	NC_021162.1	100.000	121	0	0	1	121	35659701	35659821	1.28e-57	224	121	39989001
CaTSNP8981	NC_021162.1	100.000	119	0	0	3	121	35947053	35946935	1.65e-56	220	121	39989001
CaTSNP8217	NC_021162.1	100.000	121	0	0	1	121	35659581	35659461	1.28e-57	224	121	39989001
CaTSNP6514	NC_021162.1	100.000	121	0	0	1	121	35672111	35672231	1.28e-57	224	121	39989001
CaSNP2281	NC_021162.1	99.174	121	1	0	1	121	34499602	34499482	5.94e-56	219	121	39989001
CaSNP1980	NC_021162.1	99.174	121	1	0	1	121	34315745	34315625	5.94e-56	219	121	39989001
CaTSNP7079	NC_021162.1	100.000	100	0	0	1	100	35491038	35491137	6.03e-46	185	121	39989001
CaTSNP8358	NC_021162.1	100.000	118	0	0	1	118	35565651	35565768	5.94e-56	219	121	39989001
CaTSNP8358	NC_021163.1	93.220	118	8	0	1	118	24017131	24017014	1.30e-42	174	121	49191682
CaTSNP8515	NC_021162.1	100.000	121	0	0	1	121	35779768	35779888	1.28e-57	224	121	39989001
CaTSNP7827	NC_021162.1	100.000	120	0	0	2	121	35350782	35350901	4.59e-57	222	121	39989001
CaTSNP7827	NW_004516321.1	90.385	104	10	0	2	105	98043	97940	1.71e-31	137	121	205726
CaTSNP8308	NC_021162.1	100.000	83	0	0	39	121	34286208	34286290	1.70e-36	154	121	39989001
CaTSNP8488	NC_021162.1	100.000	121	0	0	1	121	35222025	35221905	1.28e-57	224	121	39989001
CaTSNP6193	NC_021162.1	100.000	47	0	0	37	83	34839128	34839082	1.75e-16	87.9	121	39989001
CaTSNP6194	NC_021162.1	100.000	47	0	0	37	83	34839128	34839082	1.75e-16	87.9	121	39989001
CaTSNP6655	NC_021162.1	100.000	105	0	0	1	105	34434025	34434129	1.00e-48	195	121	39989001
CaTSNP6910	NC_021162.1	100.000	101	0	0	21	121	35294469	35294369	1.68e-46	187	121	39989001
CaTSNP6929	NC_021162.1	100.000	121	0	0	1	121	34781066	34780946	1.28e-57	224	121	39989001
CaTSNP7041	NC_021162.1	100.000	121	0	0	1	121	35210616	35210736	1.28e-57	224	121	39989001
CaTSNP8067	NC_021162.1	100.000	121	0	0	1	121	34876286	34876406	1.28e-57	224	121	39989001
CaTSNP8238	NC_021162.1	100.000	115	0	0	1	115	35233975	35233861	2.77e-54	213	121	39989001
CaTSNP8727	NC_021162.1	98.969	97	1	0	20	116	34730041	34730137	1.30e-42	174	121	39989001
CaTSNP8815	NC_021162.1	100.000	107	0	0	15	121	35298574	35298468	7.74e-50	198	121	39989001
CaTSNP6504	NC_021162.1	99.115	113	1	0	9	121	34697885	34697773	1.66e-51	204	121	39989001
CaTSNP6567	NC_021162.1	100.000	121	0	0	1	121	34281245	34281125	1.28e-57	224	121	39989001
CaTSNP7568	NC_021162.1	100.000	121	0	0	1	121	34945517	34945637	1.28e-57	224	121	39989001
CaTSNP7639	NC_021162.1	100.000	121	0	0	1	121	34691612	34691732	1.28e-57	224	121	39989001
CaTSNP7652	NC_021162.1	100.000	121	0	0	1	121	34326368	34326488	1.28e-57	224	121	39989001
CaTSNP8089	NC_021162.1	100.000	83	0	0	39	121	34387405	34387323	1.70e-36	154	121	39989001
CaTSNP7990	NC_021162.1	100.000	121	0	0	1	121	34247528	34247408	1.28e-57	224	121	39989001
CaTSNP7314	NC_021162.1	99.145	117	0	1	1	116	33178348	33178232	3.58e-53	209	121	39989001
CaTSNP8497	NC_021162.1	100.000	121	0	0	1	121	32972749	32972869	1.28e-57	224	121	39989001
CaTSNP7841	NC_021162.1	98.889	90	1	0	1	90	32965408	32965319	1.02e-38	161	121	39989001
CaTSNP8463	NC_021162.1	100.000	96	0	0	26	121	33055837	33055932	1.01e-43	178	121	39989001
CaTSNP6654	NC_021162.1	99.174	121	1	0	1	121	32981893	32981773	5.94e-56	219	121	39989001
CaTSNP8721	NC_021162.1	100.000	121	0	0	1	121	32845232	32845112	1.28e-57	224	121	39989001
CaTSNP8018	NC_021162.1	99.174	121	1	0	1	121	33074612	33074732	5.94e-56	219	121	39989001
CaTSNP8468	NC_021162.1	100.000	65	0	0	57	121	24196899	24196963	1.72e-26	121	121	39989001
CaTSNP8468	NC_021162.1	97.015	67	2	0	55	121	21068026	21068092	2.89e-24	113	121	39989001
CaTSNP8468	NC_021162.1	100.000	58	0	0	1	58	21067886	21067943	1.34e-22	108	121	39989001
CaTSNP8468	NC_021162.1	100.000	58	0	0	1	58	24196757	24196814	1.34e-22	108	121	39989001
CaTSNP8468	NW_004516256.1	98.462	65	1	0	57	121	93435	93371	8.02e-25	115	121	258564
CaTSNP8468	NW_004516256.1	95.082	61	3	0	1	61	93577	93517	2.91e-19	97.1	121	258564
CaTSNP7536	NC_021162.1	100.000	121	0	0	1	121	32900447	32900327	1.28e-57	224	121	39989001
CaSNP2347	NW_004518127.1	100.000	121	0	0	1	121	25878	25758	1.28e-57	224	121	123357
CaSNP2347	NC_021162.1	99.174	121	1	0	1	121	33286320	33286200	5.94e-56	219	121	39989001
CaTSNP8552	NC_021162.1	100.000	121	0	0	1	121	32488049	32487929	1.28e-57	224	121	39989001
CaTSNP7678	NC_021162.1	100.000	121	0	0	1	121	32497487	32497607	1.28e-57	224	121	39989001
CaTSNP7678	NC_021162.1	90.741	108	10	0	3	110	32492894	32493001	1.02e-33	145	121	39989001
CaTSNP8909	NC_021162.1	100.000	110	0	0	1	110	32701533	32701424	1.66e-51	204	121	39989001
CaTSNP9004	NC_021162.1	100.000	121	0	0	1	121	32719458	32719578	1.28e-57	224	121	39989001
CaTSNP9119	NC_021162.1	100.000	121	0	0	1	121	32708124	32708244	1.28e-57	224	121	39989001
CaTSNP9138	NC_021162.1	100.000	121	0	0	1	121	31912909	31913029	1.28e-57	224	121	39989001
CaTSNP6442	NC_021162.1	100.000	121	0	0	1	121	32478776	32478896	1.28e-57	224	121	39989001
CaTSNP6999	NC_021162.1	100.000	121	0	0	1	121	32735957	32735837	1.28e-57	224	121	39989001
CaTSNP8202	NC_021162.1	100.000	98	0	0	17	114	32662062	32661965	7.80e-45	182	121	39989001
CaTSNP8967	NC_021162.1	99.174	121	1	0	1	121	32552392	32552272	5.94e-56	219	121	39989001
CaTSNP7441	NC_021162.1	100.000	121	0	0	1	121	32619495	32619375	1.28e-57	224	121	39989001
CaTSNP8215	NC_021162.1	100.000	121	0	0	1	121	32693984	32693864	1.28e-57	224	121	39989001
CaSNP2932	NC_021162.1	99.174	121	1	0	1	121	32367298	32367178	5.94e-56	219	121	39989001
CaSNP2949	NC_021162.1	99.174	121	1	0	1	121	32746483	32746603	5.94e-56	219	121	39989001
CaSNP2088	NC_021162.1	99.174	121	1	0	1	121	31976681	31976561	5.94e-56	219	121	39989001
CaSNP3549	NC_021162.1	100.000	121	0	0	1	121	32505226	32505346	1.28e-57	224	121	39989001
CaSNP4923	NC_021162.1	99.174	121	1	0	1	121	33244077	33244197	5.94e-56	219	121	39989001
CaTSNP8404	NC_021162.1	100.000	121	0	0	1	121	31625624	31625744	1.28e-57	224	121	39989001
CaTSNP8958	NC_021162.1	100.000	121	0	0	1	121	31625624	31625744	1.28e-57	224	121	39989001
CaTSNP6154	NC_021162.1	99.160	119	1	0	1	119	31759231	31759113	7.69e-55	215	121	39989001
CaSNP4984	NC_021162.1	99.174	121	1	0	1	121	31571015	31570895	5.94e-56	219	121	39989001
CaTSNP6022	NC_021162.1	100.000	121	0	0	1	121	31696708	31696588	1.28e-57	224	121	39989001
CaSNP2983	NC_021162.1	99.174	121	1	0	1	121	31269203	31269083	5.94e-56	219	121	39989001
CaTSNP6034	NC_021162.1	100.000	87	0	0	1	87	31301388	31301302	1.02e-38	161	121	39989001
CaTSNP6034	NC_021162.1	98.851	87	1	0	1	87	27954769	27954683	4.73e-37	156	121	39989001
CaSNP2443	NC_021162.1	100.000	121	0	0	1	121	31098602	31098482	1.28e-57	224	121	39989001
CaTSNP6744	NC_021162.1	100.000	121	0	0	1	121	31113448	31113328	1.28e-57	224	121	39989001
CaTSNP6294	NC_021162.1	100.000	121	0	0	1	121	31023940	31024060	1.28e-57	224	121	39989001
CaTSNP6997	NC_021162.1	100.000	121	0	0	1	121	31091815	31091935	1.28e-57	224	121	39989001
CaTSNP6788	NC_021162.1	99.174	121	1	0	1	121	31270129	31270249	5.94e-56	219	121	39989001
CaSNP2121	NC_021162.1	100.000	121	0	0	1	121	31184503	31184623	1.28e-57	224	121	39989001
CaSNP4484	NC_021162.1	100.000	121	0	0	1	121	31011605	31011725	1.28e-57	224	121	39989001
CaTSNP8510	NC_021161.1	100.000	49	0	0	48	96	5677752	5677800	1.35e-17	91.6	121	36634854
CaTSNP8510	NC_021161.1	100.000	47	0	0	1	47	5677126	5677172	1.75e-16	87.9	121	36634854
CaTSNP8537	NC_021162.1	100.000	121	0	0	1	121	30933812	30933692	1.28e-57	224	121	39989001
CaTSNP9072	NC_021162.1	100.000	121	0	0	1	121	30932948	30933068	1.28e-57	224	121	39989001
CaTSNP9129	NC_021162.1	100.000	98	0	0	24	121	30898032	30898129	7.80e-45	182	121	39989001
CaTSNP7024	NC_021163.1	99.174	121	1	0	1	121	26697384	26697504	5.94e-56	219	121	49191682
CaTSNP7083	NC_021162.1	100.000	121	0	0	1	121	30772626	30772506	1.28e-57	224	121	39989001
CaTSNP6914	NC_021162.1	100.000	121	0	0	1	121	30732661	30732781	1.28e-57	224	121	39989001
CaTSNP7440	NC_021162.1	100.000	121	0	0	1	121	30358757	30358877	1.28e-57	224	121	39989001
CaTSNP6061	NC_021162.1	100.000	121	0	0	1	121	30480320	30480200	1.28e-57	224	121	39989001
CaTSNP8760	NC_021162.1	100.000	121	0	0	1	121	30376220	30376340	1.28e-57	224	121	39989001
CaTSNP9130	NC_021162.1	100.000	121	0	0	1	121	30348372	30348252	1.28e-57	224	121	39989001
CaTSNP6613	NC_021162.1	100.000	121	0	0	1	121	30136783	30136903	1.28e-57	224	121	39989001
CaTSNP7336	NC_021162.1	100.000	80	0	0	42	121	30021357	30021436	7.91e-35	148	121	39989001
CaSNP2875	NC_021162.1	99.174	121	1	0	1	121	30206376	30206496	5.94e-56	219	121	39989001
CaTSNP7415	NC_021162.1	100.000	121	0	0	1	121	29677024	29676904	1.28e-57	224	121	39989001
CaTSNP6574	NC_021162.1	100.000	118	0	0	1	118	9791962	9792079	5.94e-56	219	121	39989001
CaTSNP6774	NC_021162.1	99.174	121	1	0	1	121	29974475	29974595	5.94e-56	219	121	39989001
CaTSNP7902	NC_021162.1	99.174	121	1	0	1	121	29690906	29690786	5.94e-56	219	121	39989001
CaTSNP7333	NC_021162.1	100.000	117	0	0	5	121	29713776	29713660	2.14e-55	217	121	39989001
CaTSNP8660	NC_021162.1	99.174	121	1	0	1	121	29803902	29804022	5.94e-56	219	121	39989001
CaTSNP6647	NC_021162.1	100.000	121	0	0	1	121	29904409	29904529	1.28e-57	224	121	39989001
CaTSNP8873	NC_021162.1	100.000	121	0	0	1	121	29882991	29882871	1.28e-57	224	121	39989001
CaTSNP8590	NC_021162.1	99.174	121	1	0	1	121	29868971	29868851	5.94e-56	219	121	39989001
CaTSNP8910	NC_021162.1	100.000	121	0	0	1	121	29611444	29611564	1.28e-57	224	121	39989001
CaTSNP6177	NC_021162.1	99.174	121	1	0	1	121	29438797	29438677	5.94e-56	219	121	39989001
CaTSNP9122	NC_021162.1	100.000	100	0	0	22	121	29411594	29411693	6.03e-46	185	121	39989001
CaTSNP7840	NC_021162.1	97.959	49	1	0	1	49	29542787	29542739	6.29e-16	86.1	121	39989001
CaTSNP8689	NC_021162.1	100.000	121	0	0	1	121	29509383	29509263	1.28e-57	224	121	39989001
CaTSNP7929	NC_021162.1	100.000	121	0	0	1	121	28905379	28905499	1.28e-57	224	121	39989001
CaTSNP8528	NC_021162.1	100.000	75	0	0	33	107	29351936	29351862	4.76e-32	139	121	39989001
CaTSNP9134	NC_021162.1	99.174	121	1	0	1	121	29063149	29063029	5.94e-56	219	121	39989001
CaTSNP8272	NC_021162.1	100.000	121	0	0	1	121	28866314	28866434	1.28e-57	224	121	39989001
CaSNP2738	NC_021162.1	100.000	121	0	0	1	121	29458236	29458356	1.28e-57	224	121	39989001
CaTSNP8799	NC_021162.1	99.174	121	1	0	1	121	28905583	28905463	5.94e-56	219	121	39989001
CaSNP3244	NC_021162.1	100.000	121	0	0	1	121	29360377	29360257	1.28e-57	224	121	39989001
CaTSNP8076	NC_021162.1	99.174	121	1	0	1	121	28765436	28765556	5.94e-56	219	121	39989001
CaTSNP7048	NC_021162.1	100.000	121	0	0	1	121	28848511	28848631	1.28e-57	224	121	39989001
CaSNP4389	NC_021162.1	100.000	120	0	0	1	120	28877677	28877796	4.59e-57	222	121	39989001
CaTSNP7566	NC_021162.1	100.000	95	0	0	27	121	28716230	28716324	3.63e-43	176	121	39989001
CaTSNP7865	NC_021162.1	99.174	121	1	0	1	121	28765436	28765556	5.94e-56	219	121	39989001
CaTSNP8279	NC_021162.1	100.000	121	0	0	1	121	28752526	28752646	1.28e-57	224	121	39989001
CaSNP2496	NC_021162.1	100.000	121	0	0	1	121	28956461	28956341	1.28e-57	224	121	39989001
CaTSNP8102	NC_021162.1	100.000	93	0	0	1	93	28664552	28664460	4.69e-42	172	121	39989001
CaTSNP9159	NC_021162.1	100.000	121	0	0	1	121	28528406	28528526	1.28e-57	224	121	39989001
CaTSNP8922	NC_021162.1	99.174	121	1	0	1	121	27759106	27759226	5.94e-56	219	121	39989001
CaTSNP8922	NW_004516471.1	92.784	97	7	0	22	118	502479	502575	1.32e-32	141	121	556267
CaTSNP7302	NC_021162.1	100.000	121	0	0	1	121	28081084	28081204	1.28e-57	224	121	39989001
CaTSNP6961	NC_021162.1	100.000	105	0	0	1	105	28555686	28555790	1.00e-48	195	121	39989001
CaTSNP8645	NC_021162.1	100.000	121	0	0	1	121	28352146	28352026	1.28e-57	224	121	39989001
CaTSNP6675	NC_021162.1	99.130	115	1	0	7	121	27878282	27878168	1.29e-52	207	121	39989001
CaTSNP6977	NC_021162.1	100.000	121	0	0	1	121	28352026	28352146	1.28e-57	224	121	39989001
CaTSNP7924	NC_021162.1	99.174	121	1	0	1	121	27980690	27980570	5.94e-56	219	121	39989001
CaTSNP8406	NC_021162.1	99.174	121	1	0	1	121	27885371	27885491	5.94e-56	219	121	39989001
CaTSNP7651	NC_021162.1	100.000	121	0	0	1	121	27680538	27680658	1.28e-57	224	121	39989001
CaTSNP7508	NC_021162.1	100.000	121	0	0	1	121	27133989	27134109	1.28e-57	224	121	39989001
CaTSNP6990	NC_021162.1	100.000	99	0	0	1	99	27621260	27621162	2.17e-45	183	121	39989001
CaTSNP6990	NC_021162.1	93.939	99	5	1	1	99	27613037	27612940	7.91e-35	148	121	39989001
CaTSNP6990	NC_021162.1	93.939	99	5	1	1	99	27620545	27620448	7.91e-35	148	121	39989001
CaTSNP8417	NC_021162.1	100.000	121	0	0	1	121	27349379	27349499	1.28e-57	224	121	39989001
CaTSNP7160	NC_021162.1	100.000	121	0	0	1	121	27605789	27605909	1.28e-57	224	121	39989001
CaSNP3818	NC_021162.1	100.000	121	0	0	1	121	28829370	28829490	1.28e-57	224	121	39989001
CaTSNP6577	NC_021162.1	98.980	98	1	0	1	98	27623415	27623318	3.63e-43	176	121	39989001
CaTSNP8575	NC_021162.1	100.000	86	0	0	36	121	27361808	27361893	3.65e-38	159	121	39989001
CaSNP4514	NC_021162.1	99.174	121	1	0	1	121	28077878	28077998	5.94e-56	219	121	39989001
CaSNP2122	NC_021162.1	100.000	121	0	0	1	121	27770535	27770415	1.28e-57	224	121	39989001
CaSNP3053	NC_021162.1	99.174	121	1	0	1	121	28389551	28389431	5.94e-56	219	121	39989001
CaSNP3294	NC_021162.1	100.000	121	0	0	1	121	28278467	28278347	1.28e-57	224	121	39989001
CaSNP3383	NC_021162.1	100.000	121	0	0	1	121	27282267	27282147	1.28e-57	224	121	39989001
CaSNP3383	NC_021162.1	92.105	114	8	1	1	113	27243008	27242895	3.65e-38	159	121	39989001
CaSNP3383	NC_021162.1	90.351	114	10	1	1	113	27254860	27254747	7.91e-35	148	121	39989001
CaSNP3999	NW_004515682.1	100.000	121	0	0	1	121	207234	207354	1.28e-57	224	121	606834
CaSNP3999	NC_021166.1	92.562	121	7	2	1	120	44355078	44355197	4.69e-42	172	121	48961560
CaSNP3999	NC_021160.1	93.750	112	5	2	1	111	30376356	30376466	2.18e-40	167	121	48359943
CaSNP3999	NC_021160.1	90.984	122	9	2	1	121	32781935	32782055	2.82e-39	163	121	48359943
CaSNP3999	NC_021161.1	92.920	113	7	1	1	113	28524278	28524167	2.82e-39	163	121	36634854
CaSNP3999	NW_004515655.1	92.793	111	8	0	1	111	209977	210087	1.02e-38	161	121	541981
CaTSNP8597	NC_021162.1	100.000	121	0	0	1	121	26948673	26948553	1.28e-57	224	121	39989001
CaSNP5047	NC_021162.1	100.000	121	0	0	1	121	26733649	26733529	1.28e-57	224	121	39989001
CaTSNP7812	NC_021162.1	96.078	102	2	2	21	121	26676776	26676876	7.85e-40	165	121	39989001
CaTSNP6826	NC_021162.1	100.000	121	0	0	1	121	26869821	26869701	1.28e-57	224	121	39989001
CaTSNP8633	NC_021162.1	100.000	121	0	0	1	121	26647886	26648006	1.28e-57	224	121	39989001
CaTSNP9103	NC_021162.1	100.000	121	0	0	1	121	26638390	26638270	1.28e-57	224	121	39989001
CaTSNP8817	NC_021162.1	100.000	121	0	0	1	121	26733495	26733375	1.28e-57	224	121	39989001
CaTSNP8750	NC_021162.1	100.000	120	0	0	2	121	26738615	26738734	4.59e-57	222	121	39989001
CaTSNP6259	NC_021162.1	100.000	96	0	0	1	96	26679533	26679438	1.01e-43	178	121	39989001
CaSNP4881	NW_004517095.1	100.000	121	0	0	1	121	218984	218864	1.28e-57	224	121	255868
CaSNP2090	NC_021162.1	100.000	121	0	0	1	121	26631134	26631014	1.28e-57	224	121	39989001
CaTSNP7037	NC_021162.1	100.000	121	0	0	1	121	26616969	26616849	1.28e-57	224	121	39989001
CaTSNP8205	NC_021162.1	100.000	121	0	0	1	121	26624324	26624204	1.28e-57	224	121	39989001
CaTSNP6562	NC_021162.1	99.174	121	1	0	1	121	26606771	26606891	5.94e-56	219	121	39989001
CaSNP2333	NC_021162.1	99.174	121	1	0	1	121	26304350	26304470	5.94e-56	219	121	39989001
CaSNP2232	NC_021162.1	99.174	121	1	0	1	121	26467678	26467798	5.94e-56	219	121	39989001
CaTSNP8788	NC_021162.1	100.000	121	0	0	1	121	26514451	26514331	1.28e-57	224	121	39989001
CaSNP3411	NC_021162.1	99.174	121	1	0	1	121	26576155	26576035	5.94e-56	219	121	39989001
CaTSNP8894	NC_021162.1	100.000	91	0	0	7	97	26569834	26569924	6.07e-41	169	121	39989001
CaTSNP6560	NC_021162.1	100.000	121	0	0	1	121	26449735	26449615	1.28e-57	224	121	39989001
CaTSNP7085	NW_004522744.1	98.864	88	1	0	34	121	156	243	1.31e-37	158	121	14045
CaTSNP7085	NC_021162.1	98.864	88	1	0	34	121	26588570	26588657	1.31e-37	158	121	39989001
CaTSNP7321	NC_021162.1	100.000	119	0	0	3	121	26317263	26317381	1.65e-56	220	121	39989001
CaSNP4812	NC_021162.1	99.180	122	0	1	1	121	25944022	25944143	5.94e-56	219	121	39989001
CaTSNP8587	NC_021162.1	100.000	121	0	0	1	121	26135579	26135459	1.28e-57	224	121	39989001
CaTSNP8120	NC_021162.1	100.000	74	0	0	1	74	25720542	25720469	1.71e-31	137	121	39989001
CaTSNP8120	NC_021162.1	100.000	53	0	0	69	121	25719838	25719786	8.08e-20	99.0	121	39989001
CaSNP2130	NC_021162.1	100.000	121	0	0	1	121	25700685	25700805	1.28e-57	224	121	39989001
CaSNP2556	NC_021162.1	100.000	121	0	0	1	121	25869609	25869729	1.28e-57	224	121	39989001
CaSNP2556	NC_021166.1	93.548	93	5	1	13	105	29497992	29497901	1.71e-31	137	121	48961560
CaTSNP6621	NC_021162.1	100.000	121	0	0	1	121	25565931	25566051	1.28e-57	224	121	39989001
CaTSNP8068	NC_021162.1	100.000	121	0	0	1	121	25485484	25485364	1.28e-57	224	121	39989001
CaTSNP9143	NW_004522695.1	100.000	121	0	0	1	121	963	1083	1.28e-57	224	121	6660
CaTSNP9143	NC_021162.1	100.000	121	0	0	1	121	25138415	25138295	1.28e-57	224	121	39989001
CaTSNP9143	NC_021162.1	100.000	121	0	0	1	121	25144231	25144111	1.28e-57	224	121	39989001
CaTSNP7189	NC_021162.1	100.000	83	0	0	39	121	25284848	25284766	1.70e-36	154	121	39989001
CaTSNP7673	NC_021162.1	100.000	120	0	0	2	121	25531705	25531586	4.59e-57	222	121	39989001
CaTSNP7891	NC_021162.1	100.000	121	0	0	1	121	25537469	25537589	1.28e-57	224	121	39989001
CaTSNP8761	NC_021162.1	99.174	121	1	0	1	121	25527740	25527860	5.94e-56	219	121	39989001
CaTSNP8464	NC_021162.1	100.000	107	0	0	1	107	24896283	24896389	7.74e-50	198	121	39989001
CaTSNP8096	NC_021162.1	100.000	121	0	0	1	121	25268068	25267948	1.28e-57	224	121	39989001
CaTSNP6104	NC_021162.1	100.000	121	0	0	1	121	24697758	24697878	1.28e-57	224	121	39989001
CaTSNP6104	NC_021162.1	99.174	121	1	0	1	121	24764914	24765034	5.94e-56	219	121	39989001
CaTSNP7588	NC_021162.1	100.000	83	0	0	39	121	24923872	24923954	1.70e-36	154	121	39989001
CaSNP3699	NC_021162.1	100.000	121	0	0	1	121	24657222	24657342	1.28e-57	224	121	39989001
CaSNP3575	NC_021162.1	99.174	121	1	0	1	121	25010187	25010067	5.94e-56	219	121	39989001
CaTSNP8884	NC_021162.1	100.000	121	0	0	1	121	24323845	24323725	1.28e-57	224	121	39989001
CaTSNP6143	NC_021162.1	100.000	121	0	0	1	121	24502965	24502845	1.28e-57	224	121	39989001
CaTSNP9049	NC_021162.1	99.174	121	1	0	1	121	24465850	24465730	5.94e-56	219	121	39989001
CaTSNP7473	NC_021162.1	100.000	121	0	0	1	121	24129274	24129394	1.28e-57	224	121	39989001
CaTSNP6884	NC_021162.1	100.000	121	0	0	1	121	24113221	24113101	1.28e-57	224	121	39989001
CaTSNP8798	NC_021162.1	100.000	121	0	0	1	121	24427263	24427143	1.28e-57	224	121	39989001
CaSNP1957	NC_021162.1	100.000	121	0	0	1	121	24546200	24546080	1.28e-57	224	121	39989001
CaTSNP9077	NC_021162.1	100.000	121	0	0	1	121	23833542	23833662	1.28e-57	224	121	39989001
CaTSNP7586	NC_021162.1	100.000	121	0	0	1	121	24089518	24089398	1.28e-57	224	121	39989001
CaTSNP8489	NC_021162.1	99.174	121	1	0	1	121	23944327	23944447	5.94e-56	219	121	39989001
CaTSNP8449	NC_021162.1	99.174	121	1	0	1	121	23356751	23356631	5.94e-56	219	121	39989001
CaTSNP6731	NW_004515683.1	100.000	121	0	0	1	121	255353	255233	1.28e-57	224	121	301675
CaTSNP6523	NW_004522664.1	100.000	121	0	0	1	121	4787	4667	1.28e-57	224	121	5232
CaTSNP6523	NC_021162.1	100.000	121	0	0	1	121	23898026	23897906	1.28e-57	224	121	39989001
CaTSNP7721	NC_021162.1	99.174	121	1	0	1	121	23979328	23979448	5.94e-56	219	121	39989001
CaTSNP8333	NC_021162.1	100.000	121	0	0	1	121	23401950	23401830	1.28e-57	224	121	39989001
CaTSNP6113	NC_021162.1	100.000	121	0	0	1	121	23517460	23517340	1.28e-57	224	121	39989001
CaTSNP8045	NC_021162.1	100.000	121	0	0	1	121	23472339	23472219	1.28e-57	224	121	39989001
CaSNP3417	NC_021162.1	100.000	121	0	0	1	121	23511886	23511766	1.28e-57	224	121	39989001
CaTSNP7742	NC_021162.1	100.000	121	0	0	1	121	23764014	23763894	1.28e-57	224	121	39989001
CaTSNP7747	NC_021162.1	100.000	121	0	0	1	121	23649617	23649497	1.28e-57	224	121	39989001
CaTSNP8827	NC_021162.1	100.000	121	0	0	1	121	23823653	23823773	1.28e-57	224	121	39989001
CaTSNP8033	NC_021162.1	99.160	119	1	0	3	121	23492432	23492550	7.69e-55	215	121	39989001
CaTSNP7871	NC_021162.1	100.000	121	0	0	1	121	23649497	23649617	1.28e-57	224	121	39989001
CaSNP4641	NC_021162.1	99.174	121	1	0	1	121	23459978	23459858	5.94e-56	219	121	39989001
CaSNP2894	NC_021162.1	100.000	121	0	0	1	121	22997202	22997322	1.28e-57	224	121	39989001
CaSNP2894	NC_021162.1	91.743	109	8	1	13	121	22998831	22998938	2.20e-35	150	121	39989001
CaSNP2543	NC_021162.1	99.174	121	1	0	1	121	23633736	23633856	5.94e-56	219	121	39989001
CaSNP2633	NC_021162.1	99.174	121	1	0	1	121	23665656	23665536	5.94e-56	219	121	39989001
CaSNP2798	NC_021162.1	100.000	121	0	0	1	121	23822672	23822792	1.28e-57	224	121	39989001
CaSNP2798	NC_021162.1	100.000	121	0	0	1	121	23822966	23823086	1.28e-57	224	121	39989001
CaSNP2882	NC_021162.1	100.000	121	0	0	1	121	23527592	23527712	1.28e-57	224	121	39989001
CaSNP2207	NC_021162.1	99.174	121	1	0	1	121	23344670	23344790	5.94e-56	219	121	39989001
CaTSNP7913	NC_021162.1	100.000	121	0	0	1	121	22681718	22681598	1.28e-57	224	121	39989001
CaTSNP7334	NC_021162.1	98.182	110	2	0	12	121	22927717	22927826	3.60e-48	193	121	39989001
CaTSNP7773	NC_021162.1	100.000	121	0	0	1	121	22844508	22844388	1.28e-57	224	121	39989001
CaTSNP6900	NC_021162.1	100.000	121	0	0	1	121	22883842	22883722	1.28e-57	224	121	39989001
CaTSNP6900	NC_021167.1	90.909	121	11	0	1	121	5701125	5701245	2.82e-39	163	121	16477302
CaSNP2846	NC_021162.1	100.000	121	0	0	1	121	22839684	22839564	1.28e-57	224	121	39989001
CaSNP2256	NC_021162.1	100.000	121	0	0	1	121	22630194	22630314	1.28e-57	224	121	39989001
CaSNP3290	NC_021162.1	99.174	121	1	0	1	121	23277835	23277715	5.94e-56	219	121	39989001
CaTSNP6743	NC_021162.1	100.000	121	0	0	1	121	22462554	22462434	1.28e-57	224	121	39989001
CaTSNP7457	NC_021162.1	100.000	121	0	0	1	121	22966873	22966993	1.28e-57	224	121	39989001
CaTSNP7457	NC_021162.1	100.000	121	0	0	1	121	22969417	22969537	1.28e-57	224	121	39989001
CaTSNP6984	NC_021162.1	100.000	121	0	0	1	121	23216372	23216252	1.28e-57	224	121	39989001
CaTSNP8950	NC_021162.1	100.000	116	0	0	6	121	23205212	23205097	7.69e-55	215	121	39989001
CaSNP4030	NC_021162.1	99.174	121	1	0	1	121	22767326	22767446	5.94e-56	219	121	39989001
CaSNP4156	NC_021162.1	99.174	121	1	0	1	121	22545289	22545169	5.94e-56	219	121	39989001
CaTSNP8698	NC_021162.1	99.038	104	1	0	18	121	22186462	22186565	1.68e-46	187	121	39989001
CaSNP2785	NC_021162.1	99.174	121	1	0	1	121	4813176	4813056	5.94e-56	219	121	39989001
CaTSNP7106	NC_021162.1	100.000	121	0	0	1	121	22060139	22060259	1.28e-57	224	121	39989001
CaTSNP8219	NC_021164.1	100.000	121	0	0	1	121	17273656	17273776	1.28e-57	224	121	48169137
CaTSNP8219	NC_021162.1	100.000	121	0	0	1	121	22047129	22047249	1.28e-57	224	121	39989001
CaTSNP8034	NC_021162.1	100.000	121	0	0	1	121	22002792	22002672	1.28e-57	224	121	39989001
CaTSNP7266	NC_021162.1	100.000	121	0	0	1	121	21717165	21717045	1.28e-57	224	121	39989001
CaSNP4235	NC_021162.1	99.180	122	0	1	1	121	21866275	21866154	5.94e-56	219	121	39989001
CaTSNP8260	NC_021162.1	100.000	121	0	0	1	121	21597729	21597609	1.28e-57	224	121	39989001
CaTSNP7066	NC_021162.1	100.000	96	0	0	1	96	21750852	21750757	1.01e-43	178	121	39989001
CaTSNP8022	NC_021162.1	100.000	121	0	0	1	121	21627477	21627597	1.28e-57	224	121	39989001
CaTSNP6074	NC_021162.1	100.000	121	0	0	1	121	21382277	21382157	1.28e-57	224	121	39989001
CaTSNP6157	NC_021162.1	100.000	121	0	0	1	121	21293499	21293619	1.28e-57	224	121	39989001
CaTSNP7602	NC_021162.1	97.701	87	0	2	25	110	21248351	21248436	7.91e-35	148	121	39989001
CaTSNP8911	NC_021162.1	100.000	121	0	0	1	121	21443362	21443242	1.28e-57	224	121	39989001
CaTSNP7623	NC_021162.1	97.143	70	2	0	33	102	21178784	21178715	6.20e-26	119	121	39989001
CaTSNP8199	NC_021162.1	99.091	110	1	0	12	121	21656222	21656331	7.74e-50	198	121	39989001
CaTSNP8199	NC_021160.1	94.286	105	6	0	17	121	29268006	29268110	1.02e-38	161	121	48359943
CaTSNP8519	NC_021162.1	100.000	121	0	0	1	121	18823199	18823319	1.28e-57	224	121	39989001
CaTSNP8519	NC_021162.1	92.035	113	9	0	9	121	18829136	18829248	3.65e-38	159	121	39989001
CaTSNP8519	NC_021162.1	91.818	110	9	0	12	121	18355597	18355488	1.70e-36	154	121	39989001
CaTSNP8004	NC_021162.1	99.174	121	1	0	1	121	21469254	21469374	5.94e-56	219	121	39989001
CaTSNP8004	NC_021164.1	91.736	121	10	0	1	121	9271370	9271250	6.07e-41	169	121	48169137
CaTSNP8004	NC_021164.1	91.736	121	10	0	1	121	9369157	9369277	6.07e-41	169	121	48169137
CaTSNP8004	NC_021164.1	91.736	121	10	0	1	121	9393941	9393821	6.07e-41	169	121	48169137
CaTSNP8004	NC_021164.1	90.909	121	11	0	1	121	9367675	9367795	2.82e-39	163	121	48169137
CaTSNP8004	NC_021164.1	90.909	121	11	0	1	121	9409564	9409444	2.82e-39	163	121	48169137
CaTSNP8004	NC_021164.1	90.083	121	12	0	1	121	9274672	9274552	1.31e-37	158	121	48169137
CaTSNP8004	NC_021164.1	90.083	121	12	0	1	121	9274860	9274740	1.31e-37	158	121	48169137
CaTSNP8004	NC_021164.1	91.743	109	9	0	13	121	12654909	12654801	6.11e-36	152	121	48169137
CaTSNP8004	NC_021164.1	90.909	110	10	0	12	121	9415005	9414896	7.91e-35	148	121	48169137
CaTSNP8004	NC_021164.1	91.000	100	7	2	23	121	9276336	9276238	2.21e-30	134	121	48169137
CaTSNP8004	NW_004516033.1	90.083	121	12	0	1	121	6534	6414	1.31e-37	158	121	85105
CaTSNP8004	NW_004516033.1	90.083	121	12	0	1	121	19065	18945	1.31e-37	158	121	85105
CaTSNP8004	NC_021167.1	96.429	56	2	0	66	121	6488758	6488813	3.76e-18	93.5	121	16477302
CaTSNP8004	NC_021167.1	96.154	52	2	0	70	121	6490438	6490387	6.29e-16	86.1	121	16477302
CaSNP1973	NC_021162.1	100.000	121	0	0	1	121	21486062	21486182	1.28e-57	224	121	39989001
CaTSNP7012	NC_021162.1	100.000	121	0	0	1	121	21100279	21100159	1.28e-57	224	121	39989001
CaTSNP9141	NC_021162.1	100.000	121	0	0	1	121	21046135	21046255	1.28e-57	224	121	39989001
CaSNP4664	NC_021162.1	100.000	121	0	0	1	121	21812463	21812343	1.28e-57	224	121	39989001
CaSNP2862	NC_021162.1	100.000	121	0	0	1	121	20674024	20673904	1.28e-57	224	121	39989001
CaSNP2239	NC_021162.1	100.000	121	0	0	1	121	20387531	20387411	1.28e-57	224	121	39989001
CaTSNP8329	NC_021162.1	100.000	121	0	0	1	121	20528903	20528783	1.28e-57	224	121	39989001
CaTSNP6327	NC_021162.1	99.174	121	1	0	1	121	20880643	20880763	5.94e-56	219	121	39989001
CaTSNP7494	NC_021162.1	100.000	121	0	0	1	121	20102643	20102763	1.28e-57	224	121	39989001
CaSNP2896	NC_021162.1	99.174	121	1	0	1	121	20241763	20241883	5.94e-56	219	121	39989001
CaSNP3225	NC_021162.1	100.000	121	0	0	1	121	20558159	20558279	1.28e-57	224	121	39989001
CaSNP3404	NC_021162.1	99.174	121	1	0	1	121	20292626	20292746	5.94e-56	219	121	39989001
CaSNP4080	NC_021162.1	99.174	121	1	0	1	121	20754855	20754975	5.94e-56	219	121	39989001
CaSNP2269	NC_021162.1	99.180	122	0	1	1	121	20831143	20831022	5.94e-56	219	121	39989001
CaSNP2676	NC_021162.1	99.174	121	1	0	1	121	20027467	20027347	5.94e-56	219	121	39989001
CaSNP4127	NC_021162.1	100.000	121	0	0	1	121	3720223	3720103	1.28e-57	224	121	39989001
CaTSNP7332	NC_021162.1	99.174	121	0	1	1	121	292879	292760	2.14e-55	217	121	39989001
CaSNP3473	NC_021162.1	99.174	121	1	0	1	121	5545447	5545327	5.94e-56	219	121	39989001
CaTSNP7770	NC_021162.1	100.000	112	0	0	1	112	2900240	2900351	1.29e-52	207	121	39989001
CaTSNP8796	NC_021161.1	100.000	121	0	0	1	121	883657	883537	1.28e-57	224	121	36634854
CaTSNP6559	NC_021161.1	100.000	109	0	0	13	121	1028488	1028596	5.99e-51	202	121	36634854
CaTSNP8957	NC_021162.1	100.000	121	0	0	1	121	7693746	7693866	1.28e-57	224	121	39989001
CaTSNP6219	NC_021162.1	100.000	121	0	0	1	121	6888732	6888612	1.28e-57	224	121	39989001
CaSNP4680	NC_021162.1	99.174	121	1	0	1	121	3041623	3041743	5.94e-56	219	121	39989001
CaSNP4561	NC_021162.1	100.000	121	0	0	1	121	4508094	4508214	1.28e-57	224	121	39989001
CaSNP4561	NC_021163.1	94.068	118	7	0	1	118	22707524	22707641	2.80e-44	180	121	49191682
CaSNP3254	NC_021162.1	100.000	121	0	0	1	121	5447825	5447945	1.28e-57	224	121	39989001
CaTSNP9024	NC_021162.1	100.000	121	0	0	1	121	5405381	5405501	1.28e-57	224	121	39989001
CaTSNP6724	NC_021161.1	100.000	121	0	0	1	121	4576973	4577093	1.28e-57	224	121	36634854
CaTSNP6771	NC_021161.1	100.000	97	0	0	25	121	4690271	4690175	2.80e-44	180	121	36634854
CaTSNP7218	NC_021162.1	100.000	121	0	0	1	121	4767524	4767644	1.28e-57	224	121	39989001
CaTSNP7591	NC_021162.1	99.174	121	1	0	1	121	5156089	5155969	5.94e-56	219	121	39989001
CaTSNP6055	NC_021162.1	99.099	111	1	0	11	121	2983680	2983790	2.15e-50	200	121	39989001
CaTSNP6064	NC_021162.1	100.000	121	0	0	1	121	5106133	5106253	1.28e-57	224	121	39989001
CaTSNP6264	NC_021162.1	99.107	112	1	0	1	112	2900240	2900351	5.99e-51	202	121	39989001
CaTSNP6451	NW_004516473.1	98.980	98	1	0	24	121	113329	113426	3.63e-43	176	121	295273
CaTSNP6493	NC_021161.1	100.000	121	0	0	1	121	4636362	4636482	1.28e-57	224	121	36634854
CaTSNP6541	NC_021162.1	100.000	121	0	0	1	121	2861341	2861461	1.28e-57	224	121	39989001
CaTSNP7011	NC_021162.1	100.000	121	0	0	1	121	3617757	3617637	1.28e-57	224	121	39989001
CaTSNP7217	NC_021161.1	100.000	121	0	0	1	121	609636	609756	1.28e-57	224	121	36634854
CaTSNP7367	NC_021161.1	100.000	121	0	0	1	121	1097652	1097532	1.28e-57	224	121	36634854
CaTSNP7762	NC_021161.1	99.174	121	1	0	1	121	1338519	1338639	5.94e-56	219	121	36634854
CaTSNP8634	NC_021161.1	100.000	121	0	0	1	121	903818	903698	1.28e-57	224	121	36634854
CaTSNP8634	NC_021161.1	94.958	119	5	1	1	119	918201	918084	6.03e-46	185	121	36634854
CaTSNP9087	NC_021162.1	99.174	121	1	0	1	121	147623	147503	5.94e-56	219	121	39989001
CaTSNP7580	NC_021162.1	100.000	121	0	0	1	121	3666513	3666393	1.28e-57	224	121	39989001
CaTSNP7018	NC_021162.1	99.174	121	1	0	1	121	3088223	3088343	5.94e-56	219	121	39989001
CaSNP2978	NC_021162.1	100.000	121	0	0	1	121	2923823	2923703	1.28e-57	224	121	39989001
CaSNP3981	NC_021162.1	99.174	121	1	0	1	121	2863292	2863412	5.94e-56	219	121	39989001
CaSNP4762	NC_021162.1	100.000	121	0	0	1	121	7481042	7480922	1.28e-57	224	121	39989001
CaSNP4762	NC_021164.1	92.553	94	7	0	13	106	7162085	7161992	6.16e-31	135	121	48169137
CaSNP4762	NC_021161.1	94.366	71	4	0	1	71	784843	784773	3.73e-23	110	121	36634854
CaSNP4762	NW_004515980.1	92.958	71	5	0	1	71	108539	108469	1.74e-21	104	121	273702
CaSNP4762	NC_021160.1	92.958	71	5	0	1	71	40411990	40411920	1.74e-21	104	121	48359943
CaSNP5119	NC_021161.1	100.000	121	0	0	1	121	1045126	1045006	1.28e-57	224	121	36634854
CaSNP3392	NC_021162.1	100.000	121	0	0	1	121	7695641	7695761	1.28e-57	224	121	39989001
CaSNP2876	NC_021162.1	100.000	121	0	0	1	121	7087752	7087632	1.28e-57	224	121	39989001
CaSNP2876	NC_021162.1	94.737	76	4	0	1	76	981211	981136	6.20e-26	119	121	39989001
CaSNP2876	NC_021162.1	90.789	76	6	1	1	75	18270685	18270760	2.25e-20	100	121	39989001
CaSNP2876	NC_021162.1	94.643	56	2	1	67	121	11420468	11420413	6.29e-16	86.1	121	39989001
CaSNP2876	NC_021166.1	92.941	85	5	1	1	84	15939341	15939425	4.79e-27	122	121	48961560
CaSNP2876	NC_021166.1	92.941	85	5	1	1	84	15939615	15939699	4.79e-27	122	121	48961560
CaSNP2876	NC_021166.1	92.105	76	6	0	1	76	14839751	14839826	1.34e-22	108	121	48961560
CaSNP2876	NC_021166.1	92.105	76	6	0	1	76	26156380	26156455	1.34e-22	108	121	48961560
CaSNP2876	NC_021166.1	91.250	80	4	3	1	78	13462710	13462788	4.83e-22	106	121	48961560
CaSNP2876	NC_021166.1	92.105	76	5	1	1	75	27146140	27146065	4.83e-22	106	121	48961560
CaSNP2876	NC_021166.1	90.789	76	6	1	1	75	25089095	25089020	2.25e-20	100	121	48961560
CaSNP2876	NC_021166.1	92.537	67	4	1	10	75	26813760	26813694	1.05e-18	95.3	121	48961560
CaSNP2876	NC_021166.1	98.039	51	1	0	71	121	32351069	32351019	4.86e-17	89.8	121	48961560
CaSNP2876	NC_021166.1	96.154	52	2	0	70	121	14840677	14840728	6.29e-16	86.1	121	48961560
CaSNP2876	NW_004516889.1	92.857	84	5	1	2	84	130014	129931	1.72e-26	121	121	640134
CaSNP2876	NW_004516889.1	92.857	84	5	1	2	84	134652	134569	1.72e-26	121	121	640134
CaSNP2876	NC_021165.1	94.737	76	4	0	1	76	51516774	51516699	6.20e-26	119	121	59463898
CaSNP2876	NC_021165.1	94.595	74	4	0	3	76	51489945	51489872	8.02e-25	115	121	59463898
CaSNP2876	NC_021165.1	91.781	73	6	0	4	76	45974342	45974270	6.25e-21	102	121	59463898
CaSNP2876	NC_021165.1	98.039	51	1	0	71	121	12266877	12266927	4.86e-17	89.8	121	59463898
CaSNP2876	NC_021165.1	96.154	52	2	0	25	76	40691804	40691855	6.29e-16	86.1	121	59463898
CaSNP2876	NW_004516168.1	94.737	76	3	1	1	76	296679	296605	2.23e-25	117	121	475419
CaSNP4431	NC_021162.1	99.174	121	1	0	1	121	4774151	4774031	5.94e-56	219	121	39989001
CaSNP4588	NC_021161.1	100.000	60	0	0	62	121	58185	58244	1.04e-23	111	121	36634854
CaSNP2966	NC_021162.1	99.174	121	1	0	1	121	7653789	7653669	5.94e-56	219	121	39989001
CaSNP3763	NC_021161.1	98.361	122	1	1	1	121	260937	261058	2.77e-54	213	121	36634854
CaSNP1954	NC_021161.1	100.000	121	0	0	1	121	84563	84683	1.28e-57	224	121	36634854
CaSNP2229	NC_021161.1	99.174	121	1	0	1	121	737062	737182	5.94e-56	219	121	36634854
CaSNP2588	NC_021161.1	99.174	121	1	0	1	121	4206721	4206601	5.94e-56	219	121	36634854
CaSNP2617	NC_021161.1	99.174	121	1	0	1	121	402522	402642	5.94e-56	219	121	36634854
CaSNP2637	NW_004515973.1	100.000	121	0	0	1	121	130589	130709	1.28e-57	224	121	340215
CaSNP3179	NW_004515973.1	99.174	121	1	0	1	121	209879	209759	5.94e-56	219	121	340215
CaSNP3414	NC_021161.1	100.000	121	0	0	1	121	11312	11432	1.28e-57	224	121	36634854
CaSNP3573	NC_021162.1	99.174	121	1	0	1	121	7384609	7384729	5.94e-56	219	121	39989001
CaSNP3573	NC_021162.1	91.045	67	5	1	52	118	10917579	10917514	4.86e-17	89.8	121	39989001
CaSNP3573	NC_021162.1	94.737	57	3	0	60	116	16059745	16059689	4.86e-17	89.8	121	39989001
CaSNP3573	NC_021162.1	93.220	59	4	0	59	117	3641047	3641105	1.75e-16	87.9	121	39989001
CaSNP3573	NC_021162.1	93.103	58	4	0	59	116	3491920	3491977	6.29e-16	86.1	121	39989001
CaSNP3573	NC_021162.1	93.103	58	4	0	59	116	4852089	4852032	6.29e-16	86.1	121	39989001
CaSNP3573	NC_021162.1	94.545	55	3	0	62	116	9572014	9571960	6.29e-16	86.1	121	39989001
CaSNP3573	NC_021162.1	93.103	58	4	0	59	116	12188768	12188825	6.29e-16	86.1	121	39989001
CaSNP3573	NC_021162.1	93.103	58	4	0	59	116	16390338	16390281	6.29e-16	86.1	121	39989001
CaSNP3573	NC_021162.1	93.103	58	4	0	59	116	17129823	17129880	6.29e-16	86.1	121	39989001
CaSNP3573	NC_021162.1	93.103	58	4	0	59	116	20448414	20448471	6.29e-16	86.1	121	39989001
CaSNP3573	NW_004515836.1	94.118	68	3	1	52	119	236329	236263	6.25e-21	102	121	342192
CaSNP3573	NW_004515836.1	93.103	58	4	0	59	116	57177	57120	6.29e-16	86.1	121	342192
CaSNP3573	NC_021165.1	94.118	68	3	1	52	119	41542986	41542920	6.25e-21	102	121	59463898
CaSNP3573	NC_021165.1	92.537	67	4	1	49	115	37365883	37365948	1.05e-18	95.3	121	59463898
CaSNP3573	NC_021165.1	93.333	60	4	0	59	118	35016333	35016274	4.86e-17	89.8	121	59463898
CaSNP3573	NC_021165.1	93.220	59	4	0	59	117	41071309	41071251	1.75e-16	87.9	121	59463898
CaSNP3573	NC_021165.1	93.103	58	4	0	59	116	8557064	8557121	6.29e-16	86.1	121	59463898
CaSNP3573	NC_021165.1	93.103	58	4	0	59	116	25087078	25087135	6.29e-16	86.1	121	59463898
CaSNP3573	NC_021165.1	93.103	58	4	0	59	116	28970263	28970320	6.29e-16	86.1	121	59463898
CaSNP3573	NC_021165.1	93.103	58	4	0	59	116	34796135	34796192	6.29e-16	86.1	121	59463898
CaSNP3573	NC_021165.1	93.103	58	4	0	59	116	38667654	38667597	6.29e-16	86.1	121	59463898
CaSNP3573	NC_021165.1	93.103	58	4	0	59	116	44632304	44632247	6.29e-16	86.1	121	59463898
CaSNP3573	NC_021165.1	93.103	58	4	0	59	116	46676408	46676351	6.29e-16	86.1	121	59463898
CaSNP3573	NC_021165.1	93.103	58	4	0	59	116	47150230	47150287	6.29e-16	86.1	121	59463898
CaSNP3573	NC_021165.1	93.103	58	4	0	59	116	50300325	50300268	6.29e-16	86.1	121	59463898
CaSNP3573	NC_021165.1	93.103	58	4	0	59	116	52344348	52344291	6.29e-16	86.1	121	59463898
CaSNP3573	NC_021165.1	93.103	58	4	0	59	116	56485959	56486016	6.29e-16	86.1	121	59463898
CaSNP3573	NC_021165.1	93.103	58	4	0	59	116	58134896	58134839	6.29e-16	86.1	121	59463898
CaSNP3573	NW_004515711.1	96.552	58	2	0	59	116	554064	554007	2.91e-19	97.1	121	564532
CaSNP3573	NW_004515711.1	93.103	58	4	0	59	116	490292	490349	6.29e-16	86.1	121	564532
CaSNP3573	NW_004517049.1	92.537	67	4	1	49	115	311726	311791	1.05e-18	95.3	121	387389
CaSNP4094	NC_021162.1	99.174	121	1	0	1	121	3631484	3631604	5.94e-56	219	121	39989001
CaSNP4229	NC_021161.1	100.000	121	0	0	1	121	484382	484262	1.28e-57	224	121	36634854
CaSNP4267	NC_021162.1	99.174	121	1	0	1	121	5217799	5217919	5.94e-56	219	121	39989001
CaSNP4269	NC_021162.1	100.000	121	0	0	1	121	7438207	7438327	1.28e-57	224	121	39989001
CaSNP4269	NC_021163.1	91.667	120	8	2	3	121	4637018	4636900	7.85e-40	165	121	49191682
CaSNP4304	NC_021162.1	99.174	121	1	0	1	121	4432311	4432431	5.94e-56	219	121	39989001
CaSNP4304	NC_021162.1	92.381	105	8	0	17	121	12871549	12871445	2.20e-35	150	121	39989001
CaSNP4304	NW_004516106.1	94.286	105	6	0	17	121	95080	95184	1.02e-38	161	121	205916
CaSNP4349	NC_021161.1	100.000	121	0	0	1	121	4710190	4710070	1.28e-57	224	121	36634854
CaSNP4717	NC_021161.1	100.000	121	0	0	1	121	964484	964364	1.28e-57	224	121	36634854
CaSNP4717	NC_021161.1	91.429	70	6	0	52	121	17361627	17361558	2.91e-19	97.1	121	36634854
CaSNP4717	NW_004515703.1	95.413	109	4	1	12	119	49122	49230	4.69e-42	172	121	405818
CaSNP4717	NW_004516212.1	90.984	122	10	1	1	121	104834	104713	2.82e-39	163	121	274603
CaSNP4717	NC_021166.1	90.984	122	8	3	1	121	42323750	42323869	1.02e-38	161	121	48961560
CaSNP4717	NC_021166.1	90.164	122	11	1	1	121	32848286	32848407	1.31e-37	158	121	48961560
CaSNP4717	NC_021166.1	90.678	118	10	1	5	121	29541360	29541477	4.73e-37	156	121	48961560
CaSNP4717	NC_021166.1	93.182	88	5	1	3	89	42379995	42380082	1.03e-28	128	121	48961560
CaSNP4717	NC_021163.1	90.833	120	10	1	3	121	26400640	26400521	3.65e-38	159	121	49191682
CaSNP5011	NC_021162.1	99.174	121	1	0	1	121	2674605	2674725	5.94e-56	219	121	39989001
CaSNP5098	NC_021161.1	99.174	121	1	0	1	121	4685540	4685660	5.94e-56	219	121	36634854
CaSNP3605	NW_004522678.1	99.174	121	1	0	1	121	4586	4706	5.94e-56	219	121	5716
CaSNP3605	NC_021162.1	99.174	121	1	0	1	121	4344909	4345029	5.94e-56	219	121	39989001
CaSNP2296	NC_021162.1	100.000	121	0	0	1	121	7329689	7329569	1.28e-57	224	121	39989001
CaSNP2392	NC_021161.1	99.174	121	1	0	1	121	804121	804001	5.94e-56	219	121	36634854
CaSNP2403	NC_021161.1	100.000	121	0	0	1	121	1107639	1107519	1.28e-57	224	121	36634854
CaSNP2736	NW_004515973.1	99.174	121	1	0	1	121	234343	234463	5.94e-56	219	121	340215
CaSNP2974	NC_021161.1	99.174	121	1	0	1	121	327784	327904	5.94e-56	219	121	36634854
CaSNP2991	NC_021162.1	100.000	121	0	0	1	121	7244976	7244856	1.28e-57	224	121	39989001
CaSNP3019	NC_021162.1	100.000	121	0	0	1	121	5734286	5734406	1.28e-57	224	121	39989001
CaSNP3337	NC_021162.1	99.174	121	1	0	1	121	2831603	2831723	5.94e-56	219	121	39989001
CaSNP3882	NC_021162.1	99.174	121	1	0	1	121	4476077	4476197	5.94e-56	219	121	39989001
CaSNP4247	NC_021162.1	99.174	121	1	0	1	121	5105378	5105498	5.94e-56	219	121	39989001
CaSNP4311	NC_021161.1	100.000	121	0	0	1	121	1333144	1333024	1.28e-57	224	121	36634854
CaSNP4427	NC_021162.1	100.000	121	0	0	1	121	4701114	4701234	1.28e-57	224	121	39989001
CaSNP4573	NW_004516154.1	100.000	121	0	0	1	121	70377	70257	1.28e-57	224	121	120479
CaSNP2459	NC_021161.1	99.174	121	1	0	1	121	881653	881533	5.94e-56	219	121	36634854
CaSNP2538	NC_021164.1	100.000	121	0	0	1	121	3971410	3971530	1.28e-57	224	121	48169137
CaSNP2789	NC_021162.1	99.174	121	1	0	1	121	7024680	7024560	5.94e-56	219	121	39989001
CaSNP3323	NC_021162.1	99.174	121	1	0	1	121	3772747	3772627	5.94e-56	219	121	39989001
CaSNP3616	NC_021164.1	99.174	121	1	0	1	121	3920755	3920875	5.94e-56	219	121	48169137
CaSNP3616	NC_021164.1	91.011	89	8	0	1	89	16694379	16694291	1.72e-26	121	121	48169137
CaSNP3620	NC_021162.1	99.174	121	1	0	1	121	6900245	6900125	5.94e-56	219	121	39989001
CaSNP3653	NC_021161.1	99.174	121	1	0	1	121	504922	505042	5.94e-56	219	121	36634854
CaSNP4012	NC_021162.1	99.174	121	1	0	1	121	4328320	4328200	5.94e-56	219	121	39989001
CaSNP4203	NC_021161.1	99.174	121	1	0	1	121	4802833	4802713	5.94e-56	219	121	36634854
CaSNP4287	NC_021162.1	100.000	121	0	0	1	121	4914397	4914517	1.28e-57	224	121	39989001
CaSNP5004	NW_004516473.1	99.174	121	1	0	1	121	156841	156961	5.94e-56	219	121	295273
CaSNP5118	NC_021162.1	100.000	121	0	0	1	121	8555937	8555817	1.28e-57	224	121	39989001
CaSNP5136	NC_021162.1	100.000	121	0	0	1	121	7538291	7538171	1.28e-57	224	121	39989001
CaSNP2018	NC_021161.1	99.174	121	1	0	1	121	4412077	4412197	5.94e-56	219	121	36634854
CaSNP2018	NC_021164.1	90.000	120	12	0	2	121	11818093	11818212	4.73e-37	156	121	48169137
CaSNP2300	NC_021162.1	100.000	121	0	0	1	121	4539747	4539627	1.28e-57	224	121	39989001
CaSNP3162	NC_021162.1	99.174	121	0	1	1	121	213910	213791	2.14e-55	217	121	39989001
CaSNP4467	NC_021162.1	100.000	121	0	0	1	121	3315006	3314886	1.28e-57	224	121	39989001
CaSNP4509	NC_021162.1	99.174	121	1	0	1	121	5079461	5079581	5.94e-56	219	121	39989001
CaSNP4509	NC_021162.1	93.388	121	8	0	1	121	3104905	3105025	2.80e-44	180	121	39989001
CaSNP4509	NC_021162.1	92.562	121	9	0	1	121	5831958	5831838	1.30e-42	174	121	39989001
CaSNP4509	NC_021162.1	90.083	121	12	0	1	121	2662036	2662156	1.31e-37	158	121	39989001
CaSNP4509	NC_021162.1	90.435	115	11	0	7	121	7522952	7522838	6.11e-36	152	121	39989001
CaSNP4509	NC_021162.1	94.872	78	4	0	1	78	9415886	9415809	4.79e-27	122	121	39989001
CaSNP4509	NC_021163.1	95.868	121	5	0	1	121	34282464	34282344	2.78e-49	196	121	49191682
CaSNP4509	NC_021163.1	94.215	121	7	0	1	121	35147089	35147209	6.03e-46	185	121	49191682
CaSNP4509	NC_021163.1	91.736	121	10	0	1	121	34436473	34436593	6.07e-41	169	121	49191682
CaSNP4509	NC_021163.1	91.736	121	9	1	1	121	20859628	20859509	2.18e-40	167	121	49191682
CaSNP4509	NC_021163.1	90.909	121	11	0	1	121	27684975	27685095	2.82e-39	163	121	49191682
CaSNP4509	NC_021163.1	90.000	70	7	0	6	75	21542588	21542519	1.35e-17	91.6	121	49191682
CaSNP4509	NC_021160.1	95.041	121	6	0	1	121	43040590	43040470	1.30e-47	191	121	48359943
CaSNP4509	NC_021160.1	94.215	121	7	0	1	121	37185404	37185284	6.03e-46	185	121	48359943
CaSNP4509	NC_021160.1	93.333	120	8	0	2	121	34626195	34626314	1.01e-43	178	121	48359943
CaSNP4509	NC_021160.1	91.803	122	9	1	1	121	39804125	39804004	6.07e-41	169	121	48359943
CaSNP4509	NC_021160.1	90.909	121	11	0	1	121	24423001	24422881	2.82e-39	163	121	48359943
CaSNP4509	NC_021160.1	90.909	121	11	0	1	121	42044711	42044591	2.82e-39	163	121	48359943
CaSNP4509	NC_021160.1	90.909	121	11	0	1	121	46002392	46002512	2.82e-39	163	121	48359943
CaSNP4509	NC_021160.1	90.083	121	12	0	1	121	26280861	26280741	1.31e-37	158	121	48359943
CaSNP4509	NC_021160.1	90.083	121	12	0	1	121	42104774	42104654	1.31e-37	158	121	48359943
CaSNP4509	NC_021161.1	94.215	121	6	1	1	121	15713621	15713502	2.17e-45	183	121	36634854
CaSNP4509	NC_021161.1	92.562	121	9	0	1	121	27454542	27454422	1.30e-42	174	121	36634854
CaSNP4509	NC_021161.1	90.909	121	11	0	1	121	11514357	11514237	2.82e-39	163	121	36634854
CaSNP4509	NC_021161.1	90.756	119	11	0	3	121	17079140	17079258	3.65e-38	159	121	36634854
CaSNP4509	NW_004516849.1	93.388	121	8	0	1	121	47552	47432	2.80e-44	180	121	201785
CaSNP5043	NW_004516473.1	99.174	121	1	0	1	121	57702	57822	5.94e-56	219	121	295273
CaSNP3285	NC_021162.1	100.000	121	0	0	1	121	171819	171699	1.28e-57	224	121	39989001
CaTSNP6775	NC_021162.1	100.000	98	0	0	1	98	15980787	15980690	7.80e-45	182	121	39989001
CaTSNP7338	NC_021162.1	100.000	121	0	0	1	121	17055509	17055629	1.28e-57	224	121	39989001
CaTSNP8802	NC_021162.1	100.000	121	0	0	1	121	14025855	14025735	1.28e-57	224	121	39989001
CaTSNP8774	NW_004515895.1	100.000	121	0	0	1	121	42679	42799	1.28e-57	224	121	346101
CaTSNP7794	NW_004515895.1	100.000	121	0	0	1	121	42799	42679	1.28e-57	224	121	346101
CaSNP3001	NW_004516889.1	99.174	121	1	0	1	121	563884	563764	5.94e-56	219	121	640134
CaSNP3001	NC_021163.1	93.220	118	6	1	4	121	27263114	27262999	4.69e-42	172	121	49191682
CaSNP3001	NC_021163.1	93.220	118	6	1	4	121	27268522	27268407	4.69e-42	172	121	49191682
CaSNP3001	NC_021163.1	91.358	81	5	1	4	84	27285485	27285407	3.73e-23	110	121	49191682
CaSNP3001	NW_004516210.1	91.667	120	9	1	3	121	86064	85945	7.85e-40	165	121	386906
CaSNP3001	NW_004516210.1	90.164	122	11	1	1	121	79549	79428	1.31e-37	158	121	386906
CaSNP3001	NW_004516210.1	90.164	122	11	1	1	121	100103	99982	1.31e-37	158	121	386906
CaSNP3001	NW_004516210.1	90.164	122	11	1	1	121	109590	109469	1.31e-37	158	121	386906
CaSNP3001	NW_004517976.1	91.525	118	8	1	4	121	15724	15609	1.02e-38	161	121	31647
CaSNP3001	NW_004516087.1	90.909	121	10	1	1	121	477734	477615	1.02e-38	161	121	902330
CaTSNP6079	NC_021162.1	100.000	83	0	0	1	83	10492776	10492694	1.70e-36	154	121	39989001
CaTSNP6116	NC_021162.1	97.802	91	2	0	1	91	17649870	17649780	1.31e-37	158	121	39989001
CaTSNP6203	NC_021162.1	100.000	91	0	0	1	91	9296383	9296293	6.07e-41	169	121	39989001
CaTSNP6461	NC_021162.1	100.000	121	0	0	1	121	18468981	18469101	1.28e-57	224	121	39989001
CaTSNP7082	NC_021162.1	100.000	69	0	0	18	86	19847974	19847906	1.03e-28	128	121	39989001
CaTSNP7223	NW_004516243.1	100.000	121	0	0	1	121	139063	138943	1.28e-57	224	121	264280
CaTSNP7356	NC_021162.1	100.000	121	0	0	1	121	10870635	10870755	1.28e-57	224	121	39989001
CaTSNP7435	NC_021162.1	100.000	121	0	0	1	121	1624920	1625040	1.28e-57	224	121	39989001
CaTSNP7718	NC_021162.1	100.000	107	0	0	15	121	15205455	15205561	7.74e-50	198	121	39989001
CaTSNP7830	NW_004517056.1	99.174	121	1	0	1	121	47027	46907	5.94e-56	219	121	117117
CaTSNP8473	NW_004516592.1	99.145	117	1	0	1	117	21525	21641	9.95e-54	211	121	229329
CaTSNP8756	NC_021162.1	100.000	97	0	0	25	121	11638830	11638926	2.80e-44	180	121	39989001
CaTSNP8756	NC_021162.1	96.907	97	3	0	25	121	11682116	11682212	2.82e-39	163	121	39989001
CaTSNP8869	NC_021162.1	100.000	121	0	0	1	121	18730687	18730807	1.28e-57	224	121	39989001
CaTSNP9144	NC_021162.1	100.000	121	0	0	1	121	16069401	16069521	1.28e-57	224	121	39989001
CaTSNP8415	NC_021162.1	100.000	121	0	0	1	121	15758465	15758585	1.28e-57	224	121	39989001
CaTSNP8415	NC_021162.1	94.167	120	7	0	1	120	15779507	15779626	2.17e-45	183	121	39989001
CaTSNP8415	NW_004519744.1	97.521	121	3	0	1	121	1869	1989	1.29e-52	207	121	114156
CaTSNP8415	NW_004516403.1	95.041	121	6	0	1	121	36317	36197	1.30e-47	191	121	164875
CaTSNP7319	NW_004515818.1	100.000	115	0	0	7	121	235782	235668	2.77e-54	213	121	372920
CaTSNP7482	NW_004517056.1	100.000	121	0	0	1	121	47027	46907	1.28e-57	224	121	117117
CaTSNP9107	NW_004516538.1	100.000	71	0	0	51	121	122664	122734	7.97e-30	132	121	315512
CaTSNP9107	NW_004516538.1	100.000	53	0	0	1	53	121646	121698	8.08e-20	99.0	121	315512
CaTSNP7088	NW_004515985.1	100.000	64	0	0	23	86	31918	31855	6.20e-26	119	121	282528
CaTSNP7113	NW_004516365.1	100.000	121	0	0	1	121	99102	99222	1.28e-57	224	121	195360
CaTSNP8000	NC_021162.1	99.174	121	1	0	1	121	18355076	18354956	5.94e-56	219	121	39989001
CaTSNP8781	NC_021162.1	100.000	121	0	0	1	121	16065413	16065533	1.28e-57	224	121	39989001
CaTSNP7641	NC_021162.1	100.000	121	0	0	1	121	11327130	11327010	1.28e-57	224	121	39989001
CaTSNP8621	NW_004515997.1	100.000	121	0	0	1	121	49451	49571	1.28e-57	224	121	210225
CaTSNP6010	NC_021162.1	100.000	121	0	0	1	121	16069521	16069401	1.28e-57	224	121	39989001
CaTSNP7267	NW_004516408.1	99.174	121	1	0	1	121	155656	155536	5.94e-56	219	121	165497
CaTSNP7327	NW_004516057.1	99.174	121	1	0	1	121	50887	51007	5.94e-56	219	121	196013
CaTSNP6689	NW_004515895.1	100.000	121	0	0	1	121	146540	146420	1.28e-57	224	121	346101
CaSNP2148	NW_004516527.1	99.174	121	1	0	1	121	216932	216812	5.94e-56	219	121	527071
CaSNP3038	NC_021162.1	100.000	121	0	0	1	121	685611	685731	1.28e-57	224	121	39989001
CaSNP4359	NC_021162.1	100.000	121	0	0	1	121	10538958	10538838	1.28e-57	224	121	39989001
CaSNP5091	NC_021162.1	99.174	121	1	0	1	121	15948437	15948317	5.94e-56	219	121	39989001
CaTSNP8112	NC_021162.1	100.000	121	0	0	1	121	19857284	19857404	1.28e-57	224	121	39989001
CaSNP4474	NW_004515786.1	99.174	121	1	0	1	121	221435	221555	5.94e-56	219	121	457672
CaSNP3598	NC_021162.1	99.174	121	1	0	1	121	10738936	10738816	5.94e-56	219	121	39989001
CaSNP4442	NW_004515895.1	99.174	121	1	0	1	121	28851	28971	5.94e-56	219	121	346101
CaSNP3071	NC_021162.1	100.000	121	0	0	1	121	1608092	1608212	1.28e-57	224	121	39989001
CaSNP3204	NW_004517056.1	99.174	121	1	0	1	121	37183	37063	5.94e-56	219	121	117117
CaSNP4549	NW_004515918.1	100.000	121	0	0	1	121	488209	488089	1.28e-57	224	121	519981
CaSNP4549	NC_021166.1	95.868	121	5	0	1	121	48143684	48143804	2.78e-49	196	121	48961560
CaSNP4549	NC_021166.1	94.215	121	7	0	1	121	32554948	32555068	6.03e-46	185	121	48961560
CaSNP4549	NC_021166.1	94.068	118	7	0	4	121	21336219	21336102	2.80e-44	180	121	48961560
CaSNP4549	NC_021166.1	93.388	121	8	0	1	121	23214091	23214211	2.80e-44	180	121	48961560
CaSNP4549	NC_021166.1	93.277	119	8	0	1	119	46415519	46415401	3.63e-43	176	121	48961560
CaSNP4549	NC_021166.1	92.562	121	9	0	1	121	1429669	1429789	1.30e-42	174	121	48961560
CaSNP4549	NC_021166.1	92.562	121	9	0	1	121	23210292	23210412	1.30e-42	174	121	48961560
CaSNP4549	NC_021166.1	91.736	121	10	0	1	121	22936581	22936461	6.07e-41	169	121	48961560
CaSNP4549	NC_021166.1	91.736	121	10	0	1	121	43767450	43767330	6.07e-41	169	121	48961560
CaSNP4549	NC_021166.1	91.736	121	10	0	1	121	45114998	45115118	6.07e-41	169	121	48961560
CaSNP4549	NC_021166.1	90.909	121	11	0	1	121	39022188	39022068	2.82e-39	163	121	48961560
CaSNP4549	NC_021165.1	95.868	121	5	0	1	121	51159859	51159979	2.78e-49	196	121	59463898
CaSNP4549	NC_021165.1	93.388	121	8	0	1	121	4464215	4464095	2.80e-44	180	121	59463898
CaSNP4549	NC_021165.1	93.388	121	8	0	1	121	18356850	18356970	2.80e-44	180	121	59463898
CaSNP4549	NC_021165.1	93.388	121	8	0	1	121	33579131	33579011	2.80e-44	180	121	59463898
CaSNP4549	NC_021165.1	92.562	121	9	0	1	121	16586782	16586902	1.30e-42	174	121	59463898
CaSNP4549	NC_021165.1	91.736	121	10	0	1	121	44579782	44579902	6.07e-41	169	121	59463898
CaSNP4549	NC_021165.1	90.909	121	11	0	1	121	34468993	34468873	2.82e-39	163	121	59463898
CaSNP4549	NC_021165.1	90.909	121	11	0	1	121	36551640	36551520	2.82e-39	163	121	59463898
CaSNP4549	NC_021165.1	90.909	121	11	0	1	121	48995732	48995852	2.82e-39	163	121	59463898
CaSNP4549	NC_021165.1	92.000	100	8	0	22	121	56885088	56884989	1.32e-32	141	121	59463898
CaSNP4549	NC_021165.1	90.909	88	8	0	34	121	28510880	28510967	6.20e-26	119	121	59463898
CaSNP4549	NC_021165.1	91.667	72	6	0	50	121	34475802	34475731	2.25e-20	100	121	59463898
CaSNP4549	NC_021162.1	95.868	121	5	0	1	121	12341602	12341482	2.78e-49	196	121	39989001
CaSNP4549	NC_021162.1	95.041	121	6	0	1	121	26112213	26112333	1.30e-47	191	121	39989001
CaSNP4549	NC_021162.1	94.215	121	7	0	1	121	9993377	9993257	6.03e-46	185	121	39989001
CaSNP4549	NC_021162.1	94.215	121	7	0	1	121	17806318	17806438	6.03e-46	185	121	39989001
CaSNP4549	NC_021162.1	93.388	121	8	0	1	121	6248208	6248328	2.80e-44	180	121	39989001
CaSNP4549	NC_021162.1	93.388	121	8	0	1	121	21323287	21323167	2.80e-44	180	121	39989001
CaSNP4549	NC_021162.1	92.562	121	9	0	1	121	247604	247724	1.30e-42	174	121	39989001
CaSNP4549	NC_021162.1	93.220	118	8	0	4	121	12345999	12345882	1.30e-42	174	121	39989001
CaSNP4549	NC_021162.1	92.562	121	9	0	1	121	33448654	33448774	1.30e-42	174	121	39989001
CaSNP4549	NC_021162.1	91.736	121	10	0	1	121	245776	245896	6.07e-41	169	121	39989001
CaSNP4549	NC_021162.1	91.736	121	10	0	1	121	8909793	8909673	6.07e-41	169	121	39989001
CaSNP4549	NC_021162.1	90.083	121	12	0	1	121	15637512	15637632	1.31e-37	158	121	39989001
CaSNP4549	NW_004517442.1	95.041	121	6	0	1	121	29342	29462	1.30e-47	191	121	122185
CaSNP4899	NW_004515700.1	100.000	121	0	0	1	121	428996	428876	1.28e-57	224	121	645399
CaSNP4014	NC_021162.1	100.000	121	0	0	1	121	15002681	15002561	1.28e-57	224	121	39989001
CaSNP5018	NW_004516243.1	100.000	121	0	0	1	121	34600	34480	1.28e-57	224	121	264280
CaSNP5010	NC_021162.1	99.174	121	1	0	1	121	17153820	17153700	5.94e-56	219	121	39989001
CaSNP5010	NC_021162.1	90.678	118	11	0	1	118	17154950	17154833	1.31e-37	158	121	39989001
CaSNP4320	NW_004516766.1	99.174	121	1	0	1	121	6944	6824	5.94e-56	219	121	136602
CaSNP4320	NW_004515801.1	91.964	112	6	3	11	121	276935	276826	1.70e-36	154	121	921075
CaSNP4320	NC_021165.1	90.741	108	10	0	14	121	41086009	41086116	1.02e-33	145	121	59463898
CaSNP4320	NC_021165.1	91.089	101	9	0	3	103	40484088	40484188	1.71e-31	137	121	59463898
CaSNP4320	NC_021163.1	94.521	73	4	0	49	121	31207509	31207581	2.89e-24	113	121	49191682
CaSNP4320	NC_021166.1	90.123	81	8	0	41	121	24772333	24772413	4.83e-22	106	121	48961560
CaSNP4320	NC_021166.1	91.026	78	3	3	44	121	25162399	25162326	6.25e-21	102	121	48961560
CaSNP3713	NW_004515985.1	100.000	121	0	0	1	121	232072	231952	1.28e-57	224	121	282528
CaSNP4051	NW_004515894.1	100.000	121	0	0	1	121	277844	277724	1.28e-57	224	121	379244
CaSNP2566	NW_004515729.1	99.174	121	1	0	1	121	370160	370280	5.94e-56	219	121	489119
CaSNP2566	NW_004516666.1	90.667	75	5	2	14	86	104198	104124	8.08e-20	99.0	121	206776
CaSNP2642	NC_021162.1	99.174	121	1	0	1	121	9925491	9925371	5.94e-56	219	121	39989001
CaSNP2835	NC_021162.1	99.174	121	1	0	1	121	608467	608587	5.94e-56	219	121	39989001
CaSNP3023	NW_004516694.1	100.000	121	0	0	1	121	64666	64786	1.28e-57	224	121	407289
CaSNP3045	NC_021160.1	99.174	121	1	0	1	121	46305936	46306056	5.94e-56	219	121	48359943
CaSNP3138	NC_021162.1	99.174	121	1	0	1	121	15287295	15287415	5.94e-56	219	121	39989001
CaSNP3272	NW_004515896.1	99.174	121	1	0	1	121	66203	66083	5.94e-56	219	121	602960
CaSNP3556	NW_004515700.1	99.174	121	1	0	1	121	41990	41870	5.94e-56	219	121	645399
CaSNP3916	NW_004516889.1	99.174	121	1	0	1	121	277578	277458	5.94e-56	219	121	640134
CaSNP4520	NW_004516256.1	99.174	121	1	0	1	121	193601	193721	5.94e-56	219	121	258564
CaSNP4643	NW_004515894.1	99.174	121	1	0	1	121	131582	131702	5.94e-56	219	121	379244
CaSNP4657	NC_021162.1	99.174	121	1	0	1	121	18384867	18384747	5.94e-56	219	121	39989001
CaSNP5013	NW_004515932.1	99.174	121	1	0	1	121	174815	174935	5.94e-56	219	121	231526
CaSNP2215	NC_021162.1	99.174	121	1	0	1	121	33398347	33398227	5.94e-56	219	121	39989001
CaSNP2517	NC_021162.1	99.174	121	1	0	1	121	9276461	9276581	5.94e-56	219	121	39989001
CaSNP2524	NW_004515700.1	99.174	121	1	0	1	121	304740	304620	5.94e-56	219	121	645399
CaSNP2536	NC_021164.1	100.000	121	0	0	1	121	5434373	5434253	1.28e-57	224	121	48169137
CaSNP2603	NC_021160.1	99.174	121	1	0	1	121	45944370	45944250	5.94e-56	219	121	48359943
CaSNP2603	NW_004515894.1	93.277	119	7	1	3	121	92232	92115	1.30e-42	174	121	379244
CaSNP2603	NW_004516471.1	90.598	117	10	1	5	121	465709	465824	1.70e-36	154	121	556267
CaSNP2606	NC_021162.1	99.174	121	1	0	1	121	12381510	12381390	5.94e-56	219	121	39989001
CaSNP2811	NW_004515918.1	99.174	121	1	0	1	121	177224	177344	5.94e-56	219	121	519981
CaSNP2826	NW_004515788.1	99.174	121	1	0	1	121	139366	139486	5.94e-56	219	121	187778
CaSNP3040	NC_021162.1	100.000	121	0	0	1	121	19542482	19542362	1.28e-57	224	121	39989001
CaSNP3050	NC_021162.1	100.000	121	0	0	1	121	16373659	16373779	1.28e-57	224	121	39989001
CaSNP3107	NC_021162.1	99.174	121	1	0	1	121	11824617	11824737	5.94e-56	219	121	39989001
CaSNP3282	NC_021162.1	99.174	121	1	0	1	121	17004748	17004868	5.94e-56	219	121	39989001
CaSNP3317	NC_021162.1	100.000	121	0	0	1	121	18481997	18481877	1.28e-57	224	121	39989001
CaSNP3429	NW_004516592.1	99.174	121	1	0	1	121	32585	32465	5.94e-56	219	121	229329
CaSNP3543	NC_021162.1	99.174	121	1	0	1	121	8691638	8691518	5.94e-56	219	121	39989001
CaSNP3626	NW_004515653.1	99.174	121	1	0	1	121	64716	64836	5.94e-56	219	121	341428
CaSNP3665	NW_004516125.1	99.174	121	1	0	1	121	92461	92341	5.94e-56	219	121	436133
CaSNP3762	NC_021162.1	99.174	121	1	0	1	121	12599910	12599790	5.94e-56	219	121	39989001
CaSNP3767	NC_021162.1	99.174	121	1	0	1	121	18350952	18351072	5.94e-56	219	121	39989001
CaSNP3798	NW_004516365.1	99.174	121	1	0	1	121	101438	101558	5.94e-56	219	121	195360
CaSNP3858	NW_004516151.1	100.000	121	0	0	1	121	83067	83187	1.28e-57	224	121	276571
CaSNP3868	NC_021162.1	99.174	121	1	0	1	121	10322273	10322153	5.94e-56	219	121	39989001
CaSNP3983	NC_021162.1	100.000	121	0	0	1	121	13401768	13401888	1.28e-57	224	121	39989001
CaSNP4048	NC_021162.1	99.174	121	1	0	1	121	10983250	10983370	5.94e-56	219	121	39989001
CaSNP4115	NW_004515845.1	100.000	121	0	0	1	121	69866	69746	1.28e-57	224	121	377106
CaSNP4188	NC_021162.1	99.174	121	1	0	1	121	17554714	17554594	5.94e-56	219	121	39989001
CaSNP4367	NC_021162.1	99.174	121	1	0	1	121	33323119	33322999	5.94e-56	219	121	39989001
CaSNP4396	NW_004516119.1	99.174	121	1	0	1	121	88645	88765	5.94e-56	219	121	375321
CaSNP4508	NW_004516748.1	99.174	121	1	0	1	121	170684	170564	5.94e-56	219	121	216205
CaSNP4587	NW_004515762.1	100.000	121	0	0	1	121	201860	201740	1.28e-57	224	121	303018
CaSNP4636	NC_021162.1	99.174	121	1	0	1	121	9560292	9560172	5.94e-56	219	121	39989001
CaSNP4672	NC_021162.1	100.000	121	0	0	1	121	17859237	17859117	1.28e-57	224	121	39989001
CaSNP4703	NW_004515845.1	99.174	121	1	0	1	121	280461	280341	5.94e-56	219	121	377106
CaSNP4703	NW_004515786.1	90.351	114	8	3	4	116	70689	70800	2.84e-34	147	121	457672
CaSNP4703	NW_004516113.1	92.473	93	7	0	29	121	216293	216201	2.21e-30	134	121	244576
CaSNP4703	NW_004515691.1	92.473	93	7	0	29	121	2758	2666	2.21e-30	134	121	153077
CaSNP4703	NW_004515686.1	92.473	93	7	0	29	121	375255	375347	2.21e-30	134	121	663609
CaSNP4939	NW_004515640.1	100.000	121	0	0	1	121	61967	62087	1.28e-57	224	121	100770
CaSNP5088	NW_004516183.1	99.174	121	1	0	1	121	21403	21523	5.94e-56	219	121	160088
CaSNP5088	NC_021163.1	94.215	121	7	0	1	121	34260828	34260708	6.03e-46	185	121	49191682
CaSNP5088	NC_021163.1	93.333	120	8	0	2	121	24576394	24576275	1.01e-43	178	121	49191682
CaSNP5088	NW_004516158.1	91.736	121	10	0	1	121	345763	345883	6.07e-41	169	121	489284
CaSNP5088	NC_021164.1	91.803	122	8	2	1	121	19710805	19710685	6.07e-41	169	121	48169137
CaSNP5088	NW_004515784.1	92.174	115	8	1	7	121	22324	22437	1.02e-38	161	121	87468
CaSNP5143	NW_004516119.1	99.174	121	1	0	1	121	282191	282071	5.94e-56	219	121	375321
CaSNP5150	NW_004517480.1	99.174	121	1	0	1	121	57217	57097	5.94e-56	219	121	107525
CaSNP4882	NW_004515918.1	99.174	121	1	0	1	121	505139	505019	5.94e-56	219	121	519981
CaSNP4365	NC_021162.1	99.174	121	1	0	1	121	10109299	10109419	5.94e-56	219	121	39989001
CaSNP2816	NC_021162.1	100.000	121	0	0	1	121	13341034	13341154	1.28e-57	224	121	39989001
CaSNP2816	NC_021162.1	90.909	121	11	0	1	121	9108243	9108123	2.82e-39	163	121	39989001
CaSNP2816	NC_021164.1	90.083	121	12	0	1	121	17326981	17326861	1.31e-37	158	121	48169137
CaSNP2816	NC_021161.1	90.083	121	12	0	1	121	7945271	7945391	1.31e-37	158	121	36634854
CaSNP2816	NC_021161.1	91.304	92	8	0	30	121	11905996	11905905	3.71e-28	126	121	36634854
CaSNP4437	NW_004515728.1	100.000	121	0	0	1	121	24068	23948	1.28e-57	224	121	302739
CaSNP4789	NW_004515700.1	99.174	121	1	0	1	121	21397	21277	5.94e-56	219	121	645399
CaSNP2958	NC_021162.1	100.000	121	0	0	1	121	17269490	17269370	1.28e-57	224	121	39989001
CaSNP4604	NC_021162.1	100.000	121	0	0	1	121	18659648	18659528	1.28e-57	224	121	39989001
CaSNP4013	NC_021162.1	100.000	121	0	0	1	121	11224367	11224487	1.28e-57	224	121	39989001
CaSNP4013	NC_021162.1	97.521	121	3	0	1	121	11170607	11170727	1.29e-52	207	121	39989001
CaSNP2258	NW_004515818.1	100.000	121	0	0	1	121	148967	148847	1.28e-57	224	121	372920
CaSNP2304	NC_021162.1	99.174	121	1	0	1	121	19915186	19915306	5.94e-56	219	121	39989001
CaSNP2652	NW_004515894.1	100.000	121	0	0	1	121	31408	31288	1.28e-57	224	121	379244
CaSNP2652	NC_021161.1	90.769	65	5	1	31	94	32160994	32160930	6.29e-16	86.1	121	36634854
CaSNP2703	NC_021162.1	100.000	121	0	0	1	121	10613710	10613590	1.28e-57	224	121	39989001
CaSNP3433	NC_021162.1	100.000	121	0	0	1	121	2319516	2319396	1.28e-57	224	121	39989001
CaSNP3588	NC_021162.1	100.000	121	0	0	1	121	9788440	9788560	1.28e-57	224	121	39989001
CaSNP3677	NC_021162.1	100.000	121	0	0	1	121	18260483	18260603	1.28e-57	224	121	39989001
CaSNP3738	NC_021162.1	99.180	122	0	1	1	121	17775588	17775467	5.94e-56	219	121	39989001
CaSNP3832	NC_021162.1	99.174	121	1	0	1	121	11341968	11341848	5.94e-56	219	121	39989001
CaSNP3834	NC_021162.1	100.000	121	0	0	1	121	10435732	10435612	1.28e-57	224	121	39989001
CaSNP3994	NW_004515997.1	100.000	121	0	0	1	121	167029	166909	1.28e-57	224	121	210225
CaSNP4044	NC_021162.1	99.174	121	1	0	1	121	2107622	2107742	5.94e-56	219	121	39989001
CaSNP4082	NC_021162.1	100.000	121	0	0	1	121	19615829	19615709	1.28e-57	224	121	39989001
CaSNP4310	NW_004515700.1	99.174	121	1	0	1	121	530774	530654	5.94e-56	219	121	645399
CaSNP4452	NW_004515858.1	100.000	121	0	0	1	121	193875	193755	1.28e-57	224	121	410263
CaSNP4452	NC_021162.1	93.846	65	4	0	3	67	9973311	9973375	8.08e-20	99.0	121	39989001
CaSNP4640	NC_021162.1	100.000	121	0	0	1	121	19014489	19014369	1.28e-57	224	121	39989001
CaSNP4681	NC_021162.1	100.000	121	0	0	1	121	1328114	1328234	1.28e-57	224	121	39989001
CaSNP4709	NC_021162.1	100.000	121	0	0	1	121	16082188	16082068	1.28e-57	224	121	39989001
CaSNP4794	NC_021164.1	100.000	121	0	0	1	121	5247162	5247282	1.28e-57	224	121	48169137
CaSNP4823	NC_021162.1	99.174	121	1	0	1	121	17831383	17831263	5.94e-56	219	121	39989001
CaSNP4823	NC_021166.1	91.139	79	5	2	44	121	7691098	7691021	4.83e-22	106	121	48961560
CaSNP4602	NC_021162.1	99.174	121	1	0	1	121	14618294	14618414	5.94e-56	219	121	39989001
CaSNP4602	NC_021166.1	91.045	67	4	2	6	71	45814786	45814721	4.86e-17	89.8	121	48961560
CaSNP2662	NC_021162.1	100.000	121	0	0	1	121	8800578	8800698	1.28e-57	224	121	39989001
CaSNP2161	NW_004516171.1	100.000	121	0	0	1	121	153187	153307	1.28e-57	224	121	263550
CaSNP2161	NW_004515733.1	93.590	78	5	0	1	78	282006	281929	2.23e-25	117	121	498821
CaSNP2161	NW_004515733.1	94.030	67	4	0	1	67	71405	71471	6.25e-21	102	121	498821
CaSNP2161	NW_004515733.1	90.789	76	7	0	1	76	362677	362602	6.25e-21	102	121	498821
CaSNP2161	NW_004516094.1	93.421	76	5	0	1	76	368353	368428	2.89e-24	113	121	582655
CaSNP2161	NW_004515801.1	94.521	73	4	0	1	73	547175	547247	2.89e-24	113	121	921075
CaSNP2161	NC_021165.1	93.421	76	5	0	1	76	41013507	41013582	2.89e-24	113	121	59463898
CaSNP2161	NC_021165.1	92.105	76	6	0	1	76	1459467	1459542	1.34e-22	108	121	59463898
CaSNP2161	NC_021165.1	92.105	76	6	0	1	76	34341849	34341774	1.34e-22	108	121	59463898
CaSNP2161	NC_021165.1	90.789	76	7	0	1	76	12136086	12136161	6.25e-21	102	121	59463898
CaSNP2161	NC_021165.1	90.789	76	7	0	1	76	34341453	34341378	6.25e-21	102	121	59463898
CaSNP2161	NC_021165.1	91.781	73	6	0	4	76	57299455	57299383	6.25e-21	102	121	59463898
CaSNP3116	NC_021162.1	100.000	121	0	0	1	121	9879270	9879150	1.28e-57	224	121	39989001
CaSNP3116	NC_021162.1	94.215	121	7	0	1	121	17597252	17597372	6.03e-46	185	121	39989001
CaSNP3116	NW_004515664.1	93.388	121	8	0	1	121	270039	269919	2.80e-44	180	121	483939
CaSNP3116	NW_004515664.1	93.388	121	8	0	1	121	276280	276160	2.80e-44	180	121	483939
CaSNP3116	NW_004516184.1	92.562	121	9	0	1	121	11182	11062	1.30e-42	174	121	324388
CaSNP3116	NC_021165.1	91.736	121	10	0	1	121	54943702	54943822	6.07e-41	169	121	59463898
CaSNP3116	NC_021163.1	91.597	119	10	0	3	121	42329258	42329140	7.85e-40	165	121	49191682
CaSNP3757	NW_004515841.1	100.000	121	0	0	1	121	598903	599023	1.28e-57	224	121	882915
CaSNP4627	NC_021162.1	100.000	121	0	0	1	121	2060421	2060301	1.28e-57	224	121	39989001
CaSNP4702	NC_021162.1	99.174	121	1	0	1	121	6510476	6510356	5.94e-56	219	121	39989001
CaSNP3266	NC_021162.1	100.000	121	0	0	1	121	15745750	15745870	1.28e-57	224	121	39989001
CaSNP3266	NC_021164.1	95.062	81	4	0	1	81	2948096	2948016	1.03e-28	128	121	48169137
CaSNP3266	NC_021164.1	90.123	81	8	0	1	81	16043469	16043389	4.83e-22	106	121	48169137
CaSNP3266	NC_021164.1	90.123	81	8	0	1	81	37578606	37578526	4.83e-22	106	121	48169137
CaSNP3266	NC_021165.1	93.827	81	5	0	1	81	1983842	1983762	4.79e-27	122	121	59463898
CaSNP3266	NC_021165.1	93.333	75	5	0	1	75	51354335	51354261	1.04e-23	111	121	59463898
CaSNP3266	NC_021165.1	90.141	71	7	0	1	71	8758549	8758479	3.76e-18	93.5	121	59463898
CaSNP3266	NW_004516854.1	94.667	75	4	0	1	75	26493	26567	2.23e-25	117	121	33876
CaSNP3266	NW_004515747.1	94.667	75	4	0	1	75	80374	80448	2.23e-25	117	121	105546
CaSNP4173	NC_021162.1	99.174	121	1	0	1	121	8720006	8720126	5.94e-56	219	121	39989001
CaSNP4414	NC_021162.1	99.174	121	1	0	1	121	9438151	9438031	5.94e-56	219	121	39989001
CaSNP4856	NC_021162.1	99.174	121	1	0	1	121	12882087	12882207	5.94e-56	219	121	39989001
CaSNP4936	NW_004517480.1	99.174	121	1	0	1	121	85562	85442	5.94e-56	219	121	107525
CaSNP2000	NC_021162.1	100.000	121	0	0	1	121	19047684	19047804	1.28e-57	224	121	39989001
CaSNP2409	NW_004515707.1	100.000	121	0	0	1	121	481092	481212	1.28e-57	224	121	892000
CaSNP2744	NW_004516140.1	100.000	121	0	0	1	121	171067	170947	1.28e-57	224	121	509789
CaSNP2884	NC_021162.1	100.000	121	0	0	1	121	6315289	6315169	1.28e-57	224	121	39989001
CaSNP2884	NW_004516871.1	90.833	120	9	2	3	121	587379	587497	3.65e-38	159	121	633127
CaSNP2884	NW_004515932.1	92.857	70	5	0	1	70	88376	88307	6.25e-21	102	121	231526
CaSNP3061	NC_021163.1	100.000	121	0	0	1	121	42234933	42234813	1.28e-57	224	121	49191682
CaSNP3061	NC_021162.1	100.000	121	0	0	1	121	14157137	14157257	1.28e-57	224	121	39989001
CaSNP3134	NC_021162.1	100.000	121	0	0	1	121	16928060	16928180	1.28e-57	224	121	39989001
CaSNP3160	NC_021162.1	100.000	121	0	0	1	121	19798048	19798168	1.28e-57	224	121	39989001
CaSNP3261	NC_021160.1	99.174	121	1	0	1	121	46054560	46054440	5.94e-56	219	121	48359943
CaSNP3313	NW_004515869.1	100.000	121	0	0	1	121	129054	128934	1.28e-57	224	121	229571
CaSNP3313	NW_004516372.1	94.186	86	5	0	1	86	63548	63463	7.97e-30	132	121	208769
CaSNP4246	NC_021162.1	100.000	121	0	0	1	121	16029993	16029873	1.28e-57	224	121	39989001
CaSNP4571	NW_004515918.1	100.000	121	0	0	1	121	273222	273342	1.28e-57	224	121	519981
CaSNP4571	NW_004515918.1	100.000	121	0	0	1	121	300644	300764	1.28e-57	224	121	519981
CaSNP4571	NW_004515918.1	99.174	121	1	0	1	121	286911	287031	5.94e-56	219	121	519981
CaSNP4864	NC_021162.1	100.000	121	0	0	1	121	1154580	1154700	1.28e-57	224	121	39989001
CaSNP2831	NW_004516527.1	100.000	121	0	0	1	121	17449	17569	1.28e-57	224	121	527071
CaSNP3276	NC_021162.1	100.000	121	0	0	1	121	6423569	6423449	1.28e-57	224	121	39989001
CaSNP3276	NC_021162.1	92.982	114	8	0	6	119	15273090	15273203	2.18e-40	167	121	39989001
CaSNP3276	NC_021162.1	94.118	85	5	0	6	90	7501908	7501992	2.86e-29	130	121	39989001
CaSNP3276	NW_004517205.1	93.860	114	7	0	6	119	171625	171738	4.69e-42	172	121	225302
CaSNP3276	NW_004517205.1	92.982	114	8	0	6	119	216277	216164	2.18e-40	167	121	225302
CaSNP3276	NC_021163.1	93.860	114	7	0	6	119	22350491	22350378	4.69e-42	172	121	49191682
CaSNP3276	NC_021166.1	95.327	107	5	0	8	114	38398434	38398328	1.69e-41	171	121	48961560
CaSNP3276	NC_021166.1	92.105	114	9	0	6	119	46403382	46403269	1.02e-38	161	121	48961560
CaSNP3276	NW_004515643.1	95.283	106	5	0	6	111	262941	262836	6.07e-41	169	121	374193
CaSNP4261	NW_004516548.1	100.000	121	0	0	1	121	73571	73691	1.28e-57	224	121	229804
CaSNP4261	NW_004515761.1	95.868	121	5	0	1	121	160351	160471	2.78e-49	196	121	192820
CaSNP4261	NC_021164.1	95.041	121	6	0	1	121	11580284	11580404	1.30e-47	191	121	48169137
CaSNP4261	NC_021164.1	94.215	121	7	0	1	121	5189775	5189895	6.03e-46	185	121	48169137
CaSNP4261	NC_021164.1	93.388	121	8	0	1	121	4843633	4843753	2.80e-44	180	121	48169137
CaSNP4261	NC_021164.1	91.736	121	10	0	1	121	7366622	7366502	6.07e-41	169	121	48169137
CaSNP4261	NC_021164.1	90.909	121	10	1	1	121	7265902	7265783	1.02e-38	161	121	48169137
CaSNP4261	NC_021164.1	90.083	121	12	0	1	121	14392225	14392345	1.31e-37	158	121	48169137
CaSNP4261	NC_021160.1	95.041	121	6	0	1	121	35566604	35566484	1.30e-47	191	121	48359943
CaSNP4261	NC_021160.1	94.068	118	7	0	1	118	17977262	17977379	2.80e-44	180	121	48359943
CaSNP4261	NC_021160.1	93.388	121	8	0	1	121	39332185	39332305	2.80e-44	180	121	48359943
CaSNP4261	NC_021160.1	92.562	121	9	0	1	121	23789873	23789753	1.30e-42	174	121	48359943
CaSNP4261	NC_021160.1	92.562	121	9	0	1	121	33128035	33128155	1.30e-42	174	121	48359943
CaSNP4261	NC_021160.1	91.736	121	9	1	1	121	45262878	45262997	2.18e-40	167	121	48359943
CaSNP4261	NC_021160.1	91.736	121	9	1	1	121	45263125	45263244	2.18e-40	167	121	48359943
CaSNP4261	NC_021160.1	90.909	121	11	0	1	121	29333762	29333882	2.82e-39	163	121	48359943
CaSNP4261	NC_021160.1	90.909	121	11	0	1	121	35924601	35924721	2.82e-39	163	121	48359943
CaSNP4261	NC_021160.1	90.083	121	12	0	1	121	42715892	42716012	1.31e-37	158	121	48359943
CaSNP4261	NC_021162.1	94.958	119	6	0	1	119	5994495	5994613	1.68e-46	187	121	39989001
CaSNP4261	NC_021162.1	93.388	121	8	0	1	121	13093869	13093989	2.80e-44	180	121	39989001
CaSNP4261	NC_021162.1	92.562	121	9	0	1	121	12711204	12711324	1.30e-42	174	121	39989001
CaSNP4261	NC_021162.1	92.562	121	8	1	1	121	5893848	5893967	4.69e-42	172	121	39989001
CaSNP4261	NC_021162.1	93.220	59	4	0	1	59	14542221	14542163	1.75e-16	87.9	121	39989001
CaSNP2795	NW_004515997.1	99.174	121	1	0	1	121	47318	47198	5.94e-56	219	121	210225
CaSNP4628	NW_004516889.1	100.000	121	0	0	1	121	457372	457492	1.28e-57	224	121	640134
CaSNP3062	NW_004515784.1	100.000	121	0	0	1	121	66980	67100	1.28e-57	224	121	87468
CaSNP3062	NW_004515974.1	90.090	111	10	1	7	117	89632	89741	3.68e-33	143	121	107664
CaSNP3062	NC_021166.1	91.566	83	7	0	7	89	17514779	17514697	8.02e-25	115	121	48961560
CaSNP4629	NW_004515840.1	99.174	121	1	0	1	121	17462	17582	5.94e-56	219	121	249888
CaSNP4629	NW_004516242.1	91.200	125	7	2	1	121	84252	84128	2.18e-40	167	121	173752
CaSNP4629	NC_021166.1	90.400	125	8	2	1	121	47544113	47543989	1.02e-38	161	121	48961560
CaSNP4629	NC_021165.1	90.400	125	8	2	1	121	43775493	43775617	1.02e-38	161	121	59463898
CaSNP4629	NC_021163.1	92.105	114	6	1	11	121	22978690	22978577	1.31e-37	158	121	49191682
CaSNP3835	NC_021162.1	100.000	121	0	0	1	121	17628281	17628401	1.28e-57	224	121	39989001
CaSNP3326	NW_004516076.1	99.174	121	1	0	1	121	139387	139267	5.94e-56	219	121	168967
CaSNP4223	NW_004516891.1	100.000	121	0	0	1	121	37336	37456	1.28e-57	224	121	133701
CaSNP4746	NC_021162.1	100.000	121	0	0	1	121	11988091	11988211	1.28e-57	224	121	39989001
CaSNP3146	NC_021162.1	99.174	121	1	0	1	121	9257998	9258118	5.94e-56	219	121	39989001
CaSNP4053	NC_021162.1	99.174	121	1	0	1	121	18216431	18216311	5.94e-56	219	121	39989001
CaSNP4506	NC_021162.1	99.174	121	1	0	1	121	19863527	19863407	5.94e-56	219	121	39989001
CaSNP4542	NC_021162.1	99.174	121	1	0	1	121	6346716	6346596	5.94e-56	219	121	39989001
CaSNP4903	NW_004516228.1	99.174	121	1	0	1	121	192290	192410	5.94e-56	219	121	216735
CaSNP3850	NC_021162.1	99.174	121	1	0	1	121	10470456	10470576	5.94e-56	219	121	39989001
CaSNP3850	NW_004515954.1	90.789	76	7	0	1	76	156137	156062	6.25e-21	102	121	291788
CaSNP3850	NW_004517199.1	90.667	75	7	0	1	75	70121	70047	2.25e-20	100	121	76363
CaSNP3850	NW_004515965.1	91.429	70	6	0	1	70	179129	179198	2.91e-19	97.1	121	201261
CaSNP3850	NW_004515645.1	90.625	64	6	0	13	76	94873	94810	6.29e-16	86.1	121	174710
CaSNP2351	NW_004515894.1	100.000	121	0	0	1	121	185771	185891	1.28e-57	224	121	379244
CaSNP1996	NW_004515985.1	99.174	121	1	0	1	121	97813	97933	5.94e-56	219	121	282528
CaSNP2478	NC_021162.1	100.000	121	0	0	1	121	16831425	16831305	1.28e-57	224	121	39989001
CaSNP2544	NC_021162.1	99.174	121	1	0	1	121	13767957	13767837	5.94e-56	219	121	39989001
CaSNP2880	NC_021162.1	99.174	121	1	0	1	121	1200644	1200524	5.94e-56	219	121	39989001
CaSNP3115	NW_004515894.1	99.174	121	1	0	1	121	331777	331897	5.94e-56	219	121	379244
CaSNP3595	NC_021162.1	99.174	121	1	0	1	121	11028195	11028315	5.94e-56	219	121	39989001
CaSNP3595	NC_021162.1	90.476	84	8	0	38	121	10917506	10917423	1.04e-23	111	121	39989001
CaSNP3595	NC_021166.1	91.736	121	10	0	1	121	20189712	20189592	6.07e-41	169	121	48961560
CaSNP3595	NW_004516060.1	90.909	121	11	0	1	121	411236	411116	2.82e-39	163	121	705481
CaSNP3595	NC_021160.1	90.909	121	11	0	1	121	38123109	38123229	2.82e-39	163	121	48359943
CaSNP3595	NW_004517049.1	90.833	120	11	0	2	121	311966	312085	1.02e-38	161	121	387389
CaSNP3864	NW_004515858.1	99.174	121	1	0	1	121	124263	124143	5.94e-56	219	121	410263
CaSNP4045	NW_004516592.1	100.000	121	0	0	1	121	185278	185158	1.28e-57	224	121	229329
CaSNP4271	NC_021162.1	99.174	121	1	0	1	121	17749683	17749563	5.94e-56	219	121	39989001
CaSNP4400	NW_004515762.1	99.174	121	1	0	1	121	138686	138806	5.94e-56	219	121	303018
CaSNP4440	NW_004522626.1	99.174	121	1	0	1	121	3574	3694	5.94e-56	219	121	4092
CaSNP4440	NW_004516372.1	99.174	121	1	0	1	121	160658	160538	5.94e-56	219	121	208769
CaSNP4500	NC_021162.1	99.174	121	1	0	1	121	15145878	15145998	5.94e-56	219	121	39989001
CaSNP4719	NC_021162.1	99.174	121	1	0	1	121	17199603	17199483	5.94e-56	219	121	39989001
CaSNP4986	NC_021162.1	99.174	121	1	0	1	121	18968792	18968672	5.94e-56	219	121	39989001
CaSNP5129	NW_004515762.1	100.000	121	0	0	1	121	278589	278469	1.28e-57	224	121	303018
CaSNP5129	NW_004518990.1	94.068	118	6	1	1	117	67636	67753	1.01e-43	178	121	74806
CaSNP5129	NW_004515752.1	90.909	121	11	0	1	121	216466	216586	2.82e-39	163	121	467888
CaSNP5129	NW_004515991.1	90.654	107	10	0	15	121	599751	599857	3.68e-33	143	121	948327
CaSNP3172	NC_021160.1	100.000	121	0	0	1	121	46229628	46229748	1.28e-57	224	121	48359943
CaSNP2143	NC_021162.1	100.000	121	0	0	1	121	11692307	11692427	1.28e-57	224	121	39989001
CaSNP2143	NC_021162.1	91.736	121	10	0	1	121	11199961	11199841	6.07e-41	169	121	39989001
CaSNP2143	NC_021166.1	90.164	122	10	2	1	121	13239842	13239722	1.31e-37	158	121	48961560
CaSNP2632	NW_004515707.1	100.000	121	0	0	1	121	138589	138709	1.28e-57	224	121	892000
CaSNP2693	NC_021162.1	100.000	121	0	0	1	121	19446916	19447036	1.28e-57	224	121	39989001
CaSNP3002	NW_004516694.1	100.000	121	0	0	1	121	370184	370304	1.28e-57	224	121	407289
CaSNP3002	NC_021162.1	96.694	121	4	0	1	121	13127814	13127694	5.99e-51	202	121	39989001
CaSNP3633	NW_004515956.1	99.174	121	1	0	1	121	72047	72167	5.94e-56	219	121	220187
CaSNP3708	NW_004515700.1	100.000	121	0	0	1	121	249325	249205	1.28e-57	224	121	645399
CaSNP3838	NW_004515869.1	100.000	121	0	0	1	121	73834	73954	1.28e-57	224	121	229571
CaSNP3838	NW_004516372.1	90.909	121	11	0	1	121	66332	66212	2.82e-39	163	121	208769
CaSNP3988	NW_004515867.1	100.000	121	0	0	1	121	332428	332548	1.28e-57	224	121	437899
CaSNP3988	NC_021166.1	95.652	115	5	0	7	121	48065749	48065635	6.03e-46	185	121	48961560
CaSNP3988	NC_021166.1	92.105	114	8	1	7	120	23231641	23231529	3.65e-38	159	121	48961560
CaSNP3988	NC_021166.1	90.833	120	10	1	1	120	28138043	28138161	3.65e-38	159	121	48961560
CaSNP3988	NC_021166.1	90.476	105	9	1	16	120	44242601	44242498	1.71e-31	137	121	48961560
CaSNP3988	NW_004515803.1	92.500	120	8	1	1	120	81486	81604	1.69e-41	171	121	357364
CaSNP3988	NC_021165.1	92.562	121	6	3	1	120	42234749	42234867	1.69e-41	171	121	59463898
CaSNP3988	NC_021165.1	92.174	115	7	2	1	114	44881942	44882055	1.02e-38	161	121	59463898
CaSNP3988	NW_004515889.1	91.736	121	10	0	1	121	187895	188015	6.07e-41	169	121	446892
CaSNP3988	NW_004515889.1	91.228	114	9	1	7	120	390782	390670	1.70e-36	154	121	446892
CaSNP3988	NW_004515889.1	90.351	114	10	1	7	120	347536	347424	7.91e-35	148	121	446892
CaSNP4105	NC_021162.1	100.000	121	0	0	1	121	1299148	1299268	1.28e-57	224	121	39989001
CaSNP4539	NW_004515811.1	100.000	121	0	0	1	121	116096	116216	1.28e-57	224	121	216606
CaSNP4539	NW_004516069.1	96.491	57	2	0	64	120	172429	172373	1.05e-18	95.3	121	213950
CaSNP4539	NC_021163.1	94.737	57	3	0	64	120	15280279	15280223	4.86e-17	89.8	121	49191682
CaSNP4539	NW_004515953.1	92.063	63	4	1	58	120	9434	9495	1.75e-16	87.9	121	153897
CaSNP4673	NC_021162.1	100.000	121	0	0	1	121	15249751	15249631	1.28e-57	224	121	39989001
CaSNP4673	NC_021160.1	94.068	118	7	0	1	118	44359254	44359137	2.80e-44	180	121	48359943
CaSNP4673	NC_021164.1	93.220	118	8	0	1	118	16101334	16101451	1.30e-42	174	121	48169137
CaSNP4673	NW_004515803.1	91.346	104	8	1	1	103	229504	229401	1.32e-32	141	121	357364
CaSNP4713	NC_021162.1	100.000	121	0	0	1	121	19206682	19206562	1.28e-57	224	121	39989001
CaSNP4748	NW_004516228.1	100.000	121	0	0	1	121	136079	135959	1.28e-57	224	121	216735
CaSNP3690	NW_004515653.1	99.174	121	1	0	1	121	186270	186150	5.94e-56	219	121	341428
CaSNP3690	NW_004516454.1	91.525	118	8	2	1	117	246749	246865	1.02e-38	161	121	364844
CaSNP3690	NC_021163.1	90.678	118	10	1	1	117	22988965	22989082	4.73e-37	156	121	49191682
CaSNP3690	NC_021161.1	90.598	117	10	1	1	117	19435940	19436055	1.70e-36	154	121	36634854
CaSNP3696	NC_021162.1	100.000	121	0	0	1	121	17984021	17984141	1.28e-57	224	121	39989001
CaSNP4517	NC_021162.1	99.174	121	1	0	1	121	1693928	1694048	5.94e-56	219	121	39989001
CaSNP3423	NC_021162.1	100.000	121	0	0	1	121	2009058	2008938	1.28e-57	224	121	39989001
CaSNP3423	NC_021165.1	91.667	84	7	0	37	120	23236444	23236527	2.23e-25	117	121	59463898
CaSNP3423	NC_021161.1	90.361	83	8	0	37	119	3720858	3720776	3.73e-23	110	121	36634854
CaSNP4940	NW_004516300.1	100.000	121	0	0	1	121	169930	169810	1.28e-57	224	121	234195
CaSNP3926	NC_021160.1	99.174	121	1	0	1	121	46157191	46157311	5.94e-56	219	121	48359943
CaSNP3113	NC_021162.1	100.000	121	0	0	1	121	14476549	14476669	1.28e-57	224	121	39989001
CaSNP4204	NC_021162.1	100.000	121	0	0	1	121	16753137	16753257	1.28e-57	224	121	39989001
CaSNP4204	NW_004515805.1	90.678	118	11	0	2	119	887742	887859	1.31e-37	158	121	915978
CaSNP4204	NC_021165.1	90.083	121	12	0	1	121	15616509	15616389	1.31e-37	158	121	59463898
CaSNP4204	NC_021166.1	90.000	120	12	0	2	121	47027260	47027141	4.73e-37	156	121	48961560
CaSNP4204	NC_021163.1	90.000	120	12	0	2	121	35724944	35724825	4.73e-37	156	121	49191682
CaSNP1942	NC_021162.1	99.180	122	0	1	1	121	15467816	15467695	5.94e-56	219	121	39989001
CaSNP1942	NC_021162.1	93.496	123	6	2	1	121	15492847	15492725	7.80e-45	182	121	39989001
CaSNP2336	NW_004515896.1	100.000	121	0	0	1	121	221215	221095	1.28e-57	224	121	602960
CaSNP2890	NC_021162.1	100.000	121	0	0	1	121	828839	828959	1.28e-57	224	121	39989001
CaSNP3048	NW_004516527.1	99.174	121	1	0	1	121	429578	429458	5.94e-56	219	121	527071
CaSNP3048	NC_021166.1	91.818	110	9	0	1	110	46728688	46728797	1.70e-36	154	121	48961560
CaSNP3048	NW_004515805.1	90.435	115	11	0	1	115	295129	295243	6.11e-36	152	121	915978
CaSNP3048	NC_021165.1	90.351	114	11	0	2	115	50559506	50559619	2.20e-35	150	121	59463898
CaSNP3110	NC_021162.1	100.000	121	0	0	1	121	14792423	14792303	1.28e-57	224	121	39989001
CaSNP3123	NC_021162.1	99.174	121	1	0	1	121	9478331	9478211	5.94e-56	219	121	39989001
CaSNP3144	NW_004516365.1	100.000	121	0	0	1	121	49569	49689	1.28e-57	224	121	195360
CaSNP4417	NW_004516256.1	99.174	121	1	0	1	121	101491	101611	5.94e-56	219	121	258564
CaSNP4417	NW_004516470.1	95.902	122	4	1	1	121	113474	113353	2.78e-49	196	121	212501
CaSNP4417	NC_021161.1	95.902	122	4	1	1	121	438063	437942	2.78e-49	196	121	36634854
CaSNP4417	NC_021160.1	95.902	122	4	1	1	121	28233663	28233542	2.78e-49	196	121	48359943
CaSNP4417	NC_021160.1	94.262	122	6	1	1	121	41121359	41121238	6.03e-46	185	121	48359943
CaSNP4417	NW_004516724.1	95.798	119	4	1	1	118	81215	81333	1.30e-47	191	121	144095
CaSNP4518	NC_021162.1	100.000	121	0	0	1	121	16418702	16418582	1.28e-57	224	121	39989001
CaSNP5134	NC_021162.1	100.000	121	0	0	1	121	12769845	12769725	1.28e-57	224	121	39989001
CaSNP4745	NC_021162.1	99.174	121	1	0	1	121	33613212	33613092	5.94e-56	219	121	39989001
CaSNP4745	NC_021162.1	95.041	121	6	0	1	121	34591257	34591137	1.30e-47	191	121	39989001
CaSNP5005	NW_004515729.1	99.174	121	1	0	1	121	172345	172465	5.94e-56	219	121	489119
CaSNP5005	NW_004515729.1	91.803	122	8	2	2	121	171115	171236	6.07e-41	169	121	489119
CaSNP5005	NW_004518291.1	90.083	121	12	0	1	121	29477	29357	1.31e-37	158	121	47787
CaSNP5005	NW_004516471.1	93.617	94	6	0	2	95	31356	31263	1.32e-32	141	121	556267
CaSNP5005	NW_004516087.1	91.919	99	7	1	1	99	529251	529348	1.71e-31	137	121	902330
CaSNP5005	NW_004517555.1	92.553	94	7	0	2	95	84574	84667	6.16e-31	135	121	150154
CaSNP5125	NC_021162.1	99.174	121	1	0	1	121	9142354	9142234	5.94e-56	219	121	39989001
CaSNP4866	NW_004515918.1	99.174	121	1	0	1	121	117240	117360	5.94e-56	219	121	519981
CaSNP4443	NC_021162.1	100.000	121	0	0	1	121	16286744	16286864	1.28e-57	224	121	39989001
CaSNP4925	NC_021162.1	100.000	121	0	0	1	121	10835017	10835137	1.28e-57	224	121	39989001
CaSNP3248	NC_021164.1	100.000	121	0	0	1	121	784703	784823	1.28e-57	224	121	48169137
CaSNP3248	NW_004515653.1	93.506	77	5	0	44	120	336698	336622	8.02e-25	115	121	341428
CaSNP4585	NW_004515894.1	99.174	121	1	0	1	121	92438	92318	5.94e-56	219	121	379244
CaSNP3525	NC_021162.1	100.000	121	0	0	1	121	1390286	1390166	1.28e-57	224	121	39989001
CaSNP4551	NC_021161.1	99.174	121	1	0	1	121	437141	437021	5.94e-56	219	121	36634854
CaSNP4551	NC_021160.1	96.522	115	4	0	1	115	28232741	28232627	1.30e-47	191	121	48359943
CaSNP4551	NW_004516470.1	94.828	116	4	2	1	115	112551	112437	2.80e-44	180	121	212501
CaSNP4551	NW_004516724.1	93.913	115	7	0	1	115	82006	82120	1.30e-42	174	121	144095
CaSNP4551	NC_021164.1	93.913	115	7	0	1	115	7388770	7388884	1.30e-42	174	121	48169137
CaSNP3353	NC_021162.1	99.174	121	1	0	1	121	17103890	17103770	5.94e-56	219	121	39989001
CaSNP3353	NC_021164.1	90.909	121	11	0	1	121	3409901	3410021	2.82e-39	163	121	48169137
CaSNP3466	NC_021162.1	98.361	122	1	1	1	121	16679626	16679747	2.77e-54	213	121	39989001
CaSNP1930	NC_021163.1	99.174	121	1	0	1	121	48268808	48268928	5.94e-56	219	121	49191682
CaSNP2670	NC_021163.1	99.174	121	1	0	1	121	48106509	48106389	5.94e-56	219	121	49191682
CaSNP3804	NC_021163.1	99.174	121	1	0	1	121	47692577	47692697	5.94e-56	219	121	49191682
CaSNP2961	NC_021163.1	100.000	121	0	0	1	121	48008778	48008898	1.28e-57	224	121	49191682
CaSNP5076	NC_021163.1	100.000	121	0	0	1	121	47607060	47606940	1.28e-57	224	121	49191682
CaSNP4911	NC_021163.1	99.174	121	1	0	1	121	48795478	48795358	5.94e-56	219	121	49191682
CaSNP2683	NC_021163.1	99.174	121	1	0	1	121	49059819	49059939	5.94e-56	219	121	49191682
CaSNP3571	NC_021163.1	99.174	121	1	0	1	121	49106022	49105902	5.94e-56	219	121	49191682
CaSNP1947	NC_021163.1	100.000	121	0	0	1	121	47486353	47486473	1.28e-57	224	121	49191682
CaTSNP8408	NC_021163.1	100.000	121	0	0	1	121	48983681	48983801	1.28e-57	224	121	49191682
CaTSNP7909	NC_021163.1	100.000	78	0	0	1	78	49152448	49152371	1.02e-33	145	121	49191682
CaTSNP7909	NC_021163.1	100.000	46	0	0	76	121	49151748	49151703	6.29e-16	86.1	121	49191682
CaTSNP6860	NC_021163.1	100.000	107	0	0	15	121	49079246	49079140	7.74e-50	198	121	49191682
CaTSNP8099	NC_021163.1	99.153	118	1	0	1	118	49050380	49050263	2.77e-54	213	121	49191682
CaTSNP6940	NC_021163.1	100.000	81	0	0	1	81	49039468	49039388	2.20e-35	150	121	49191682
CaTSNP6940	NC_021164.1	92.593	81	6	0	1	81	31510758	31510838	2.23e-25	117	121	48169137
CaTSNP8719	NC_021163.1	100.000	78	0	0	1	78	49152448	49152371	1.02e-33	145	121	49191682
CaTSNP8719	NC_021163.1	100.000	46	0	0	76	121	49151748	49151703	6.29e-16	86.1	121	49191682
CaTSNP6953	NC_021163.1	99.174	121	1	0	1	121	48930205	48930325	5.94e-56	219	121	49191682
CaSNP3794	NC_021163.1	100.000	121	0	0	1	121	47327548	47327668	1.28e-57	224	121	49191682
CaTSNP7197	NC_021163.1	100.000	121	0	0	1	121	48980087	48979967	1.28e-57	224	121	49191682
CaTSNP6521	NC_021163.1	100.000	121	0	0	1	121	48652454	48652334	1.28e-57	224	121	49191682
CaSNP4159	NC_021163.1	99.174	121	1	0	1	121	46595802	46595922	5.94e-56	219	121	49191682
CaSNP2493	NC_021163.1	100.000	121	0	0	1	121	46533798	46533918	1.28e-57	224	121	49191682
CaTSNP6015	NC_021163.1	100.000	121	0	0	1	121	48331120	48331240	1.28e-57	224	121	49191682
CaTSNP7790	NC_021163.1	100.000	121	0	0	1	121	48301521	48301641	1.28e-57	224	121	49191682
CaTSNP7790	NC_021163.1	96.667	120	4	0	1	120	48330992	48331111	2.15e-50	200	121	49191682
CaTSNP7193	NC_021163.1	100.000	107	0	0	15	121	47779885	47779779	7.74e-50	198	121	49191682
CaTSNP7285	NC_021163.1	100.000	121	0	0	1	121	47897379	47897259	1.28e-57	224	121	49191682
CaTSNP6622	NC_021163.1	100.000	121	0	0	1	121	48124866	48124986	1.28e-57	224	121	49191682
CaTSNP6530	NC_021163.1	100.000	101	0	0	21	121	48109145	48109045	1.68e-46	187	121	49191682
CaTSNP8690	NC_021163.1	100.000	121	0	0	1	121	47609070	47609190	1.28e-57	224	121	49191682
CaTSNP8934	NC_021163.1	100.000	101	0	0	1	101	48142913	48143013	1.68e-46	187	121	49191682
CaTSNP7563	NC_021163.1	100.000	121	0	0	1	121	48224484	48224604	1.28e-57	224	121	49191682
CaSNP2448	NC_021163.1	99.174	121	1	0	1	121	46373592	46373712	5.94e-56	219	121	49191682
CaTSNP6376	NC_021163.1	100.000	121	0	0	1	121	47564881	47564761	1.28e-57	224	121	49191682
CaTSNP8318	NC_021163.1	99.174	121	1	0	1	121	47326259	47326379	5.94e-56	219	121	49191682
CaTSNP6607	NC_021163.1	100.000	121	0	0	1	121	46631973	46632093	1.28e-57	224	121	49191682
CaTSNP7270	NC_021163.1	100.000	121	0	0	1	121	46429738	46429858	1.28e-57	224	121	49191682
CaTSNP7270	NC_021160.1	95.041	121	6	0	1	121	11605269	11605149	1.30e-47	191	121	48359943
CaTSNP7270	NC_021160.1	93.519	108	7	0	1	108	7142812	7142919	1.02e-38	161	121	48359943
CaTSNP7270	NW_004515731.1	94.215	121	6	1	1	121	171547	171428	2.17e-45	183	121	244920
CaTSNP7270	NW_004517326.1	93.388	121	8	0	1	121	112906	113026	2.80e-44	180	121	308949
CaTSNP7270	NC_021166.1	93.388	121	8	0	1	121	17083532	17083652	2.80e-44	180	121	48961560
CaTSNP8763	NC_021163.1	99.174	121	1	0	1	121	47217491	47217371	5.94e-56	219	121	49191682
CaTSNP6128	NC_021163.1	100.000	112	0	0	10	121	46740938	46741049	1.29e-52	207	121	49191682
CaTSNP7703	NC_021163.1	99.174	121	1	0	1	121	47190350	47190230	5.94e-56	219	121	49191682
CaTSNP8539	NC_021163.1	100.000	121	0	0	1	121	46287243	46287363	1.28e-57	224	121	49191682
CaSNP2387	NC_021163.1	99.174	121	1	0	1	121	46260821	46260701	5.94e-56	219	121	49191682
CaSNP2196	NC_021163.1	100.000	121	0	0	1	121	45945895	45946015	1.28e-57	224	121	49191682
CaSNP3078	NC_021163.1	100.000	121	0	0	1	121	46075815	46075935	1.28e-57	224	121	49191682
CaTSNP7925	NC_021163.1	99.174	121	1	0	1	121	12569160	12569280	5.94e-56	219	121	49191682
CaTSNP8963	NC_021163.1	100.000	121	0	0	1	121	46133676	46133796	1.28e-57	224	121	49191682
CaSNP3694	NC_021163.1	100.000	121	0	0	1	121	45833083	45833203	1.28e-57	224	121	49191682
CaTSNP6819	NC_021163.1	99.174	121	1	0	1	121	12556234	12556114	5.94e-56	219	121	49191682
CaTSNP8071	NC_021163.1	99.174	121	1	0	1	121	12526666	12526546	5.94e-56	219	121	49191682
CaSNP2729	NC_021163.1	99.174	121	1	0	1	121	45709143	45709023	5.94e-56	219	121	49191682
CaTSNP8517	NC_021163.1	99.174	121	1	0	1	121	45894234	45894354	5.94e-56	219	121	49191682
CaSNP3274	NC_021163.1	99.174	121	1	0	1	121	45802359	45802479	5.94e-56	219	121	49191682
CaTSNP7276	NC_021163.1	98.824	85	1	0	1	85	44753164	44753248	6.11e-36	152	121	49191682
CaTSNP6737	NC_021163.1	100.000	121	0	0	1	121	45342581	45342461	1.28e-57	224	121	49191682
CaSNP3826	NC_021163.1	99.174	121	1	0	1	121	45319966	45320086	5.94e-56	219	121	49191682
CaTSNP8787	NC_021163.1	100.000	121	0	0	1	121	45009626	45009506	1.28e-57	224	121	49191682
CaTSNP8107	NC_021163.1	100.000	121	0	0	1	121	45220582	45220702	1.28e-57	224	121	49191682
CaSNP2173	NC_021163.1	100.000	121	0	0	1	121	44743828	44743708	1.28e-57	224	121	49191682
CaSNP2494	NC_021163.1	99.174	121	1	0	1	121	44907190	44907070	5.94e-56	219	121	49191682
CaSNP4990	NC_021163.1	99.174	121	1	0	1	121	45265919	45266039	5.94e-56	219	121	49191682
CaTSNP6930	NC_021163.1	100.000	121	0	0	1	121	45022914	45022794	1.28e-57	224	121	49191682
CaTSNP6097	NC_021163.1	100.000	121	0	0	1	121	45188902	45189022	1.28e-57	224	121	49191682
CaTSNP8628	NC_021163.1	100.000	80	0	0	27	106	45083864	45083785	7.91e-35	148	121	49191682
CaSNP2504	NC_021163.1	99.174	121	1	0	1	121	44830504	44830384	5.94e-56	219	121	49191682
CaSNP2921	NC_021163.1	99.174	121	1	0	1	121	45010527	45010647	5.94e-56	219	121	49191682
CaTSNP8938	NC_021163.1	100.000	85	0	0	1	85	44833690	44833606	1.31e-37	158	121	49191682
CaTSNP7522	NC_021163.1	100.000	121	0	0	1	121	44940613	44940493	1.28e-57	224	121	49191682
CaSNP3642	NC_021163.1	100.000	121	0	0	1	121	45096212	45096092	1.28e-57	224	121	49191682
CaSNP3642	NC_021163.1	95.041	121	5	1	1	121	45091124	45091005	4.66e-47	189	121	49191682
CaTSNP7855	NC_021163.1	98.864	88	1	0	1	88	44670340	44670253	1.31e-37	158	121	49191682
CaSNP4339	NC_021163.1	97.521	121	2	1	1	121	37286438	37286557	4.63e-52	206	121	49191682
CaSNP5058	NC_021163.1	99.174	121	1	0	1	121	43702942	43703062	5.94e-56	219	121	49191682
CaTSNP6600	NC_021163.1	100.000	66	0	0	40	105	44473023	44472958	4.79e-27	122	121	49191682
CaTSNP7600	NC_021163.1	100.000	110	0	0	1	110	44558564	44558673	1.66e-51	204	121	49191682
CaSNP2550	NC_021163.1	100.000	121	0	0	1	121	41965316	41965436	1.28e-57	224	121	49191682
CaSNP4050	NC_021163.1	100.000	121	0	0	1	121	42113104	42112984	1.28e-57	224	121	49191682
CaTSNP8943	NC_021163.1	100.000	121	0	0	1	121	44393442	44393322	1.28e-57	224	121	49191682
CaTSNP6440	NC_021163.1	100.000	88	0	0	1	88	44386045	44385958	2.82e-39	163	121	49191682
CaTSNP6440	NC_021164.1	96.591	88	3	0	1	88	35380262	35380175	2.84e-34	147	121	48169137
CaSNP2557	NC_021163.1	99.174	121	1	0	1	121	44258458	44258338	5.94e-56	219	121	49191682
CaSNP3199	NC_021163.1	100.000	121	0	0	1	121	41288737	41288857	1.28e-57	224	121	49191682
CaSNP2249	NC_021163.1	99.174	121	1	0	1	121	44158460	44158580	5.94e-56	219	121	49191682
CaTSNP6340	NC_021163.1	100.000	121	0	0	1	121	44316310	44316190	1.28e-57	224	121	49191682
CaSNP2498	NC_021163.1	100.000	121	0	0	1	121	43945122	43945242	1.28e-57	224	121	49191682
CaSNP2498	NW_004515731.1	91.176	68	6	0	1	68	96563	96630	3.76e-18	93.5	121	244920
CaTSNP9071	NC_021163.1	99.065	107	1	0	1	107	44181029	44181135	3.60e-48	193	121	49191682
CaTSNP6497	NC_021163.1	100.000	121	0	0	1	121	44205448	44205328	1.28e-57	224	121	49191682
CaTSNP6948	NC_021163.1	100.000	121	0	0	1	121	44249305	44249425	1.28e-57	224	121	49191682
CaTSNP9008	NC_021163.1	100.000	121	0	0	1	121	44120809	44120689	1.28e-57	224	121	49191682
CaSNP5113	NC_021163.1	100.000	121	0	0	1	121	41735674	41735554	1.28e-57	224	121	49191682
CaTSNP8555	NC_021163.1	100.000	118	0	0	4	121	44186491	44186374	5.94e-56	219	121	49191682
CaSNP2203	NC_021163.1	100.000	121	0	0	1	121	41556292	41556172	1.28e-57	224	121	49191682
CaSNP2814	NC_021163.1	100.000	121	0	0	1	121	41207452	41207332	1.28e-57	224	121	49191682
CaTSNP7419	NC_021163.1	99.174	121	1	0	1	121	43980831	43980711	5.94e-56	219	121	49191682
CaTSNP6922	NC_021163.1	94.444	90	4	1	3	92	43875496	43875584	1.71e-31	137	121	49191682
CaTSNP6922	NC_021165.1	93.243	74	4	1	3	76	18494521	18494593	1.34e-22	108	121	59463898
CaTSNP6091	NC_021163.1	100.000	121	0	0	1	121	43890494	43890614	1.28e-57	224	121	49191682
CaTSNP7582	NC_021163.1	98.485	66	1	0	40	105	43694214	43694279	2.23e-25	117	121	49191682
CaTSNP8702	NC_021163.1	98.864	88	1	0	1	88	43820646	43820559	1.31e-37	158	121	49191682
CaTSNP8431	NC_021163.1	100.000	121	0	0	1	121	43730016	43729896	1.28e-57	224	121	49191682
CaTSNP7086	NC_021163.1	100.000	96	0	0	1	96	43808818	43808723	1.01e-43	178	121	49191682
CaTSNP9124	NC_021163.1	100.000	121	0	0	1	121	43829089	43828969	1.28e-57	224	121	49191682
CaTSNP7958	NC_021163.1	100.000	121	0	0	1	121	43676509	43676629	1.28e-57	224	121	49191682
CaSNP2095	NC_021163.1	98.347	121	2	0	1	121	41152623	41152743	2.77e-54	213	121	49191682
CaTSNP8325	NC_021163.1	100.000	121	0	0	1	121	42044881	42044761	1.28e-57	224	121	49191682
CaTSNP7647	NC_021163.1	100.000	121	0	0	1	121	41986433	41986553	1.28e-57	224	121	49191682
CaTSNP7294	NC_021163.1	99.174	121	1	0	1	121	41932135	41932015	5.94e-56	219	121	49191682
CaTSNP8208	NC_021163.1	100.000	121	0	0	1	121	41862048	41861928	1.28e-57	224	121	49191682
CaTSNP6441	NC_021163.1	99.174	121	1	0	1	121	41602882	41603002	5.94e-56	219	121	49191682
CaTSNP8974	NC_021163.1	100.000	121	0	0	1	121	41629124	41629004	1.28e-57	224	121	49191682
CaTSNP8470	NC_021163.1	99.048	105	0	1	17	121	41405384	41405281	1.68e-46	187	121	49191682
CaTSNP6506	NC_021163.1	100.000	110	0	0	1	110	41290971	41291080	1.66e-51	204	121	49191682
CaTSNP7572	NC_021163.1	98.958	96	1	0	1	96	41351188	41351093	4.69e-42	172	121	49191682
CaTSNP7754	NC_021163.1	99.174	121	1	0	1	121	41378288	41378168	5.94e-56	219	121	49191682
CaTSNP8328	NC_021163.1	99.174	121	1	0	1	121	41319255	41319375	5.94e-56	219	121	49191682
CaTSNP8665	NC_021163.1	100.000	121	0	0	1	121	41391365	41391245	1.28e-57	224	121	49191682
CaSNP2943	NW_004520713.1	97.458	118	3	0	4	121	3124	3007	5.99e-51	202	121	24647
CaTSNP8338	NC_021163.1	100.000	121	0	0	1	121	41193744	41193624	1.28e-57	224	121	49191682
CaSNP3168	NC_021163.1	99.174	121	1	0	1	121	40925658	40925538	5.94e-56	219	121	49191682
CaSNP4665	NC_021163.1	99.174	121	1	0	1	121	40907243	40907363	5.94e-56	219	121	49191682
CaSNP4058	NC_021163.1	100.000	121	0	0	1	121	40750615	40750495	1.28e-57	224	121	49191682
CaTSNP8384	NW_004520713.1	100.000	121	0	0	1	121	2359	2239	1.28e-57	224	121	24647
CaTSNP6153	NC_021163.1	94.872	117	3	1	1	117	41126496	41126383	2.80e-44	180	121	49191682
CaSNP2773	NC_021163.1	99.174	121	1	0	1	121	39943218	39943338	5.94e-56	219	121	49191682
CaSNP2773	NC_021160.1	92.562	121	8	1	1	121	31489689	31489808	4.69e-42	172	121	48359943
CaSNP3754	NC_021163.1	100.000	121	0	0	1	121	40599260	40599140	1.28e-57	224	121	49191682
CaTSNP8063	NC_021163.1	100.000	121	0	0	1	121	40597171	40597051	1.28e-57	224	121	49191682
CaSNP3226	NC_021163.1	98.347	121	2	0	1	121	38880026	38879906	2.77e-54	213	121	49191682
CaSNP3226	NC_021162.1	90.588	85	7	1	31	114	23528872	23528788	1.04e-23	111	121	39989001
CaSNP2040	NC_021163.1	98.347	121	2	0	1	121	39036215	39036335	2.77e-54	213	121	49191682
CaSNP2278	NC_021163.1	98.347	121	2	0	1	121	38515140	38515020	2.77e-54	213	121	49191682
CaSNP1956	NC_021163.1	99.174	121	1	0	1	121	38679449	38679569	5.94e-56	219	121	49191682
CaSNP3492	NC_021163.1	100.000	121	0	0	1	121	38592045	38591925	1.28e-57	224	121	49191682
CaSNP4694	NC_021163.1	99.174	121	1	0	1	121	40311801	40311681	5.94e-56	219	121	49191682
CaSNP3390	NC_021163.1	100.000	121	0	0	1	121	40272509	40272629	1.28e-57	224	121	49191682
CaTSNP7617	NC_021163.1	98.824	85	1	0	37	121	40352187	40352271	6.11e-36	152	121	49191682
CaTSNP8321	NC_021163.1	100.000	121	0	0	1	121	40246747	40246627	1.28e-57	224	121	49191682
CaTSNP8321	NC_021164.1	90.083	121	12	0	1	121	32989593	32989713	1.31e-37	158	121	48169137
CaSNP2068	NC_021163.1	100.000	121	0	0	1	121	39804052	39803932	1.28e-57	224	121	49191682
CaSNP3189	NC_021163.1	100.000	121	0	0	1	121	39239364	39239244	1.28e-57	224	121	49191682
CaSNP3338	NC_021163.1	100.000	121	0	0	1	121	39743681	39743561	1.28e-57	224	121	49191682
CaSNP3405	NC_021163.1	100.000	121	0	0	1	121	39702834	39702954	1.28e-57	224	121	49191682
CaSNP4085	NC_021163.1	98.361	122	1	1	1	121	40002245	40002366	2.77e-54	213	121	49191682
CaTSNP6075	NC_021163.1	100.000	121	0	0	1	121	39714647	39714767	1.28e-57	224	121	49191682
CaTSNP6618	NC_021163.1	98.780	82	1	0	40	121	39951589	39951508	2.84e-34	147	121	49191682
CaTSNP6618	NC_021163.1	91.463	82	7	0	40	121	39955673	39955592	2.89e-24	113	121	49191682
CaSNP5114	NC_021163.1	99.174	121	1	0	1	121	38359049	38359169	5.94e-56	219	121	49191682
CaTSNP6810	NC_021163.1	100.000	110	0	0	12	121	39048262	39048371	1.66e-51	204	121	49191682
CaTSNP6921	NC_021163.1	100.000	77	0	0	26	102	38534317	38534393	3.68e-33	143	121	49191682
CaSNP3799	NC_021163.1	99.174	121	1	0	1	121	37731947	37731827	5.94e-56	219	121	49191682
CaSNP4186	NC_021163.1	98.347	121	2	0	1	121	37549950	37550070	2.77e-54	213	121	49191682
CaSNP2555	NC_021163.1	100.000	121	0	0	1	121	38035413	38035533	1.28e-57	224	121	49191682
CaSNP3717	NW_004515657.1	92.373	118	9	0	1	118	959392	959509	6.07e-41	169	121	1067107
CaSNP2697	NC_021163.1	100.000	121	0	0	1	121	37578712	37578832	1.28e-57	224	121	49191682
CaSNP2006	NC_021163.1	100.000	121	0	0	1	121	38184469	38184589	1.28e-57	224	121	49191682
CaSNP3786	NC_021163.1	100.000	121	0	0	1	121	37326850	37326970	1.28e-57	224	121	49191682
CaSNP2134	NC_021163.1	100.000	121	0	0	1	121	37365643	37365763	1.28e-57	224	121	49191682
CaSNP2615	NC_021163.1	98.347	121	1	1	1	121	35764553	35764434	9.95e-54	211	121	49191682
CaTSNP7357	NC_021163.1	100.000	90	0	0	1	90	38378101	38378190	2.18e-40	167	121	49191682
CaSNP2469	NW_004515817.1	99.167	120	1	0	2	121	34581	34462	2.14e-55	217	121	494643
CaSNP2575	NC_021163.1	98.347	121	2	0	1	121	43451679	43451559	2.77e-54	213	121	49191682
CaTSNP6431	NC_021163.1	100.000	108	0	0	1	108	38302379	38302272	2.15e-50	200	121	49191682
CaSNP4826	NC_021163.1	99.174	121	1	0	1	121	36754482	36754602	5.94e-56	219	121	49191682
CaTSNP7663	NC_021163.1	98.077	104	2	0	18	121	37712057	37712160	7.80e-45	182	121	49191682
CaTSNP7552	NC_021163.1	100.000	121	0	0	1	121	38159288	38159408	1.28e-57	224	121	49191682
CaTSNP6794	NC_021163.1	100.000	62	0	0	33	94	37512916	37512855	8.02e-25	115	121	49191682
CaTSNP8109	NC_021163.1	100.000	121	0	0	1	121	37936295	37936415	1.28e-57	224	121	49191682
CaTSNP8109	NC_021163.1	90.083	121	12	0	1	121	37941281	37941401	1.31e-37	158	121	49191682
CaSNP2152	NC_021163.1	99.174	121	1	0	1	121	36847586	36847706	5.94e-56	219	121	49191682
CaSNP4043	NC_021163.1	99.174	121	1	0	1	121	36886774	36886894	5.94e-56	219	121	49191682
CaSNP4808	NW_004517623.1	100.000	121	0	0	1	121	106802	106682	1.28e-57	224	121	214325
CaSNP4808	NC_021160.1	91.781	73	6	0	46	118	8678024	8678096	6.25e-21	102	121	48359943
CaSNP4808	NC_021165.1	91.549	71	6	0	48	118	8758512	8758442	8.08e-20	99.0	121	59463898
CaTSNP7944	NC_021163.1	99.174	121	1	0	1	121	37364960	37365080	5.94e-56	219	121	49191682
CaTSNP6109	NC_021163.1	99.174	121	1	0	1	121	37418674	37418794	5.94e-56	219	121	49191682
CaTSNP6191	NC_021163.1	100.000	121	0	0	1	121	37152825	37152705	1.28e-57	224	121	49191682
CaTSNP6234	NC_021163.1	100.000	121	0	0	1	121	36830802	36830922	1.28e-57	224	121	49191682
CaTSNP6892	NW_004522751.1	98.347	121	2	0	1	121	2154	2034	2.77e-54	213	121	22321
CaTSNP6892	NC_021163.1	98.347	121	2	0	1	121	36372704	36372824	2.77e-54	213	121	49191682
CaTSNP6768	NW_004522751.1	100.000	68	0	0	44	111	6198	6265	3.71e-28	126	121	22321
CaTSNP6768	NW_004522751.1	100.000	47	0	0	1	47	5761	5807	1.75e-16	87.9	121	22321
CaTSNP6768	NC_021163.1	100.000	68	0	0	44	111	36368730	36368663	3.71e-28	126	121	49191682
CaTSNP6768	NC_021163.1	100.000	47	0	0	1	47	36369167	36369121	1.75e-16	87.9	121	49191682
CaTSNP8982	NC_021163.1	99.174	121	1	0	1	121	43442252	43442372	5.94e-56	219	121	49191682
CaSNP3033	NC_021163.1	97.521	121	3	0	1	121	37104258	37104138	1.29e-52	207	121	49191682
CaSNP4093	NC_021163.1	99.174	121	1	0	1	121	35719276	35719156	5.94e-56	219	121	49191682
CaSNP4093	NC_021163.1	94.215	121	7	0	1	121	35730315	35730195	6.03e-46	185	121	49191682
CaSNP4297	NW_004519076.1	99.174	121	1	0	1	121	80027	79907	5.94e-56	219	121	119825
CaSNP2586	NW_004517623.1	99.174	121	1	0	1	121	61010	61130	5.94e-56	219	121	214325
CaSNP4019	NC_021163.1	98.347	121	2	0	1	121	32534309	32534189	2.77e-54	213	121	49191682
CaSNP4682	NC_021163.1	99.174	121	1	0	1	121	35128817	35128937	5.94e-56	219	121	49191682
CaSNP2771	NC_021163.1	100.000	121	0	0	1	121	35045590	35045710	1.28e-57	224	121	49191682
CaTSNP6045	NC_021163.1	99.174	121	1	0	1	121	37096147	37096027	5.94e-56	219	121	49191682
CaTSNP6045	NW_004515686.1	96.694	121	4	0	1	121	319316	319436	5.99e-51	202	121	663609
CaTSNP7031	NC_021163.1	100.000	92	0	0	30	121	35215245	35215336	1.69e-41	171	121	49191682
CaSNP2138	NC_021163.1	95.868	121	5	0	1	121	32219071	32218951	2.78e-49	196	121	49191682
CaSNP3904	NC_021163.1	99.174	121	1	0	1	121	32779657	32779777	5.94e-56	219	121	49191682
CaSNP3306	NC_021163.1	99.174	121	1	0	1	121	35395227	35395347	5.94e-56	219	121	49191682
CaSNP2107	NC_021163.1	99.174	121	1	0	1	121	32068507	32068627	5.94e-56	219	121	49191682
CaSNP2747	NW_004516234.1	99.174	121	1	0	1	121	76063	76183	5.94e-56	219	121	111953
CaSNP3408	NC_021163.1	98.347	121	2	0	1	121	32682115	32682235	2.77e-54	213	121	49191682
CaSNP4624	NC_021163.1	99.174	121	1	0	1	121	31940328	31940448	5.94e-56	219	121	49191682
CaSNP4624	NW_004515677.1	93.333	120	8	0	1	120	24131	24250	1.01e-43	178	121	92227
CaSNP4624	NC_021165.1	92.500	120	9	0	1	120	52925638	52925757	4.69e-42	172	121	59463898
CaSNP4624	NC_021165.1	90.833	120	11	0	1	120	52904611	52904730	1.02e-38	161	121	59463898
CaSNP4659	NC_021163.1	100.000	121	0	0	1	121	35521241	35521121	1.28e-57	224	121	49191682
CaSNP3923	NC_021163.1	100.000	121	0	0	1	121	32249952	32249832	1.28e-57	224	121	49191682
CaSNP4245	NC_021163.1	99.174	121	1	0	1	121	32842715	32842595	5.94e-56	219	121	49191682
CaSNP2195	NC_021163.1	98.347	121	2	0	1	121	31892835	31892715	2.77e-54	213	121	49191682
CaSNP4947	NC_021163.1	99.174	121	1	0	1	121	32628307	32628187	5.94e-56	219	121	49191682
CaSNP3655	NC_021163.1	98.347	121	2	0	1	121	31734304	31734424	2.77e-54	213	121	49191682
CaTSNP7362	NC_021163.1	100.000	121	0	0	1	121	35065328	35065208	1.28e-57	224	121	49191682
CaTSNP7880	NC_021163.1	98.347	121	2	0	1	121	32248967	32249087	2.77e-54	213	121	49191682
CaTSNP8991	NC_021163.1	98.291	117	1	1	5	121	32391182	32391067	1.66e-51	204	121	49191682
CaSNP3507	NW_004516416.1	99.174	121	1	0	1	121	368666	368786	5.94e-56	219	121	539816
CaSNP2960	NC_021163.1	100.000	121	0	0	1	121	25534051	25533931	1.28e-57	224	121	49191682
CaSNP3693	NC_021163.1	99.174	121	1	0	1	121	28960404	28960284	5.94e-56	219	121	49191682
CaSNP3693	NW_004516436.1	91.429	70	3	3	3	71	106674	106607	3.76e-18	93.5	121	135850
CaSNP3693	NW_004515801.1	93.220	59	4	0	14	72	220848	220906	1.75e-16	87.9	121	921075
CaSNP2705	NW_004515775.1	99.174	121	1	0	1	121	122125	122245	5.94e-56	219	121	823300
CaSNP2705	NC_021165.1	90.909	121	11	0	1	121	41818483	41818603	2.82e-39	163	121	59463898
CaSNP2705	NW_004516694.1	90.833	120	11	0	2	121	121984	121865	1.02e-38	161	121	407289
CaSNP2705	NW_004515682.1	90.083	121	12	0	1	121	206676	206796	1.31e-37	158	121	606834
CaSNP3440	NW_004516287.1	100.000	121	0	0	1	121	4383	4503	1.28e-57	224	121	203908
CaSNP4821	NW_004520565.1	96.748	123	2	1	1	121	15563	15441	1.66e-51	204	121	28590
CaSNP4821	NW_004522061.1	94.262	122	6	1	1	121	2323	2202	6.03e-46	185	121	3194
CaSNP2192	NW_004516168.1	99.174	121	1	0	1	121	359044	359164	5.94e-56	219	121	475419
CaSNP2059	NW_004516185.1	100.000	121	0	0	1	121	226804	226924	1.28e-57	224	121	570857
CaSNP2614	NW_004515882.1	99.174	121	1	0	1	121	115867	115987	5.94e-56	219	121	497940
CaSNP2614	NC_021166.1	90.598	117	10	1	6	121	44865987	44866103	1.70e-36	154	121	48961560
CaSNP3800	NW_004515805.1	99.174	121	1	0	1	121	245395	245515	5.94e-56	219	121	915978
CaSNP3854	NC_021163.1	95.868	121	5	0	1	121	31012530	31012410	2.78e-49	196	121	49191682
CaSNP3880	NC_021163.1	100.000	115	0	0	1	115	25221745	25221859	2.77e-54	213	121	49191682
CaSNP4103	NC_021163.1	99.174	121	1	0	1	121	25880957	25881077	5.94e-56	219	121	49191682
CaSNP4292	NC_021163.1	99.174	121	1	0	1	121	22733194	22733074	5.94e-56	219	121	49191682
CaSNP4696	NC_021163.1	98.347	121	2	0	1	121	25389393	25389513	2.77e-54	213	121	49191682
CaSNP3579	NC_021163.1	100.000	121	0	0	1	121	28510106	28510226	1.28e-57	224	121	49191682
CaSNP5081	NC_021163.1	99.174	121	1	0	1	121	33055791	33055911	5.94e-56	219	121	49191682
CaSNP5092	NC_021163.1	99.174	121	1	0	1	121	29943637	29943757	5.94e-56	219	121	49191682
CaSNP2199	NC_021163.1	100.000	121	0	0	1	121	33393605	33393485	1.28e-57	224	121	49191682
CaSNP2332	NC_021163.1	100.000	121	0	0	1	121	25654509	25654389	1.28e-57	224	121	49191682
CaSNP2997	NC_021163.1	99.174	121	1	0	1	121	33318477	33318597	5.94e-56	219	121	49191682
CaSNP3663	NC_021163.1	98.347	121	2	0	1	121	22900927	22901047	2.77e-54	213	121	49191682
CaSNP3978	NC_021163.1	99.174	121	1	0	1	121	26373074	26372954	5.94e-56	219	121	49191682
CaSNP4625	NW_004516962.1	99.174	121	1	0	1	121	13962	13842	5.94e-56	219	121	82531
CaSNP4625	NC_021165.1	94.118	85	5	0	1	85	35726190	35726274	2.86e-29	130	121	59463898
CaSNP4625	NC_021165.1	90.588	85	8	0	1	85	56283279	56283363	2.89e-24	113	121	59463898
CaSNP4625	NC_021162.1	91.250	80	7	0	1	80	6347886	6347965	3.73e-23	110	121	39989001
CaSNP4793	NW_004516692.1	99.174	121	1	0	1	121	73233	73353	5.94e-56	219	121	161680
CaSNP4800	NW_004516470.1	100.000	121	0	0	1	121	149865	149745	1.28e-57	224	121	212501
CaSNP4958	NW_004520496.1	100.000	121	0	0	1	121	42668	42548	1.28e-57	224	121	73806
CaSNP1997	NW_004516029.1	99.174	121	1	0	1	121	183236	183356	5.94e-56	219	121	413342
CaSNP2125	NC_021163.1	100.000	121	0	0	1	121	22861267	22861147	1.28e-57	224	121	49191682
CaSNP2500	NC_021163.1	99.174	121	1	0	1	121	23051665	23051785	5.94e-56	219	121	49191682
CaSNP2675	NC_021163.1	99.174	121	1	0	1	121	22960147	22960027	5.94e-56	219	121	49191682
CaSNP2713	NW_004515882.1	99.174	121	1	0	1	121	453147	453027	5.94e-56	219	121	497940
CaSNP3043	NW_004516087.1	98.347	121	2	0	1	121	676237	676357	2.77e-54	213	121	902330
CaSNP3177	NC_021163.1	99.174	121	1	0	1	121	27971455	27971575	5.94e-56	219	121	49191682
CaSNP3184	NC_021163.1	99.174	121	1	0	1	121	29521429	29521549	5.94e-56	219	121	49191682
CaSNP3184	NC_021163.1	91.262	103	9	0	1	103	18365898	18366000	1.32e-32	141	121	49191682
CaSNP3184	NC_021163.1	91.304	92	7	1	1	91	5182858	5182767	1.33e-27	124	121	49191682
CaSNP3184	NC_021163.1	93.220	59	4	0	1	59	21936611	21936669	1.75e-16	87.9	121	49191682
CaSNP3184	NW_004516329.1	90.826	109	10	0	1	109	687761	687869	2.84e-34	147	121	688796
CaSNP3184	NC_021161.1	90.826	109	10	0	1	109	13468209	13468317	2.84e-34	147	121	36634854
CaSNP3184	NC_021161.1	90.826	109	10	0	1	109	13471432	13471540	2.84e-34	147	121	36634854
CaSNP3184	NC_021165.1	90.826	109	9	1	1	109	12189574	12189681	1.02e-33	145	121	59463898
CaSNP3184	NC_021165.1	92.157	102	8	0	1	102	30308240	30308341	1.02e-33	145	121	59463898
CaSNP3184	NC_021165.1	90.000	110	11	0	1	110	32471419	32471310	3.68e-33	143	121	59463898
CaSNP3184	NC_021165.1	90.411	73	7	0	1	73	46016898	46016826	2.91e-19	97.1	121	59463898
CaSNP3184	NC_021164.1	93.478	92	6	0	1	92	21363848	21363757	1.71e-31	137	121	48169137
CaSNP3184	NC_021164.1	93.478	92	6	0	1	92	21366546	21366455	1.71e-31	137	121	48169137
CaSNP3347	NC_021163.1	96.429	56	2	0	66	121	31112292	31112237	3.76e-18	93.5	121	49191682
CaSNP3380	NC_021163.1	98.347	121	2	0	1	121	30652822	30652702	2.77e-54	213	121	49191682
CaSNP3449	NC_021163.1	99.115	113	1	0	1	113	29269007	29268895	1.66e-51	204	121	49191682
CaSNP4645	NW_004516028.1	98.333	120	1	1	3	121	97827	97708	3.58e-53	209	121	569399
CaSNP2984	NC_021163.1	100.000	121	0	0	1	121	23454326	23454446	1.28e-57	224	121	49191682
CaSNP2432	NC_021163.1	99.174	121	1	0	1	121	26939631	26939511	5.94e-56	219	121	49191682
CaSNP2690	NC_021163.1	100.000	121	0	0	1	121	34481145	34481265	1.28e-57	224	121	49191682
CaSNP2690	NC_021166.1	90.411	73	7	0	39	111	29759567	29759639	2.91e-19	97.1	121	48961560
CaSNP4554	NW_004517016.1	100.000	121	0	0	1	121	109100	108980	1.28e-57	224	121	396237
CaSNP4554	NW_004515694.1	91.736	121	10	0	1	121	367296	367176	6.07e-41	169	121	857743
CaSNP5027	NW_004516649.1	100.000	121	0	0	1	121	78776	78896	1.28e-57	224	121	151432
CaSNP3434	NC_021163.1	100.000	121	0	0	1	121	22183954	22184074	1.28e-57	224	121	49191682
CaSNP3859	NW_004515733.1	98.347	121	2	0	1	121	452840	452720	2.77e-54	213	121	498821
CaSNP3859	NC_021162.1	92.562	121	9	0	1	121	31146920	31146800	1.30e-42	174	121	39989001
CaSNP3859	NC_021160.1	92.562	121	9	0	1	121	17406885	17407005	1.30e-42	174	121	48359943
CaSNP3859	NW_004515725.1	93.043	115	8	0	7	121	423026	422912	6.07e-41	169	121	535328
CaSNP3859	NC_021166.1	91.736	121	10	0	1	121	45318349	45318469	6.07e-41	169	121	48961560
CaSNP3859	NC_021166.1	90.909	121	11	0	1	121	25668815	25668695	2.82e-39	163	121	48961560
CaSNP3859	NC_021166.1	90.164	122	11	1	1	121	26489123	26489244	1.31e-37	158	121	48961560
CaSNP2007	NW_004515655.1	99.174	121	1	0	1	121	179932	180052	5.94e-56	219	121	541981
CaSNP2294	NW_004515805.1	99.153	118	1	0	1	118	87499	87616	2.77e-54	213	121	915978
CaSNP4221	NW_004516416.1	99.174	121	1	0	1	121	427920	427800	5.94e-56	219	121	539816
CaSNP2109	NW_004516087.1	99.174	121	1	0	1	121	535879	535999	5.94e-56	219	121	902330
CaSNP3531	NC_021163.1	100.000	121	0	0	1	121	33151556	33151676	1.28e-57	224	121	49191682
CaSNP3568	NW_004518397.1	99.174	121	1	0	1	121	49030	49150	5.94e-56	219	121	86968
CaSNP3951	NC_021163.1	100.000	121	0	0	1	121	29780087	29780207	1.28e-57	224	121	49191682
CaSNP4555	NW_004516292.1	100.000	121	0	0	1	121	59214	59094	1.28e-57	224	121	166476
CaSNP4555	NW_004516271.1	91.765	85	7	0	1	85	72922	72838	6.20e-26	119	121	187541
CaSNP2784	NW_004515733.1	100.000	121	0	0	1	121	377016	377136	1.28e-57	224	121	498821
CaSNP2140	NC_021163.1	100.000	121	0	0	1	121	20877001	20877121	1.28e-57	224	121	49191682
CaSNP2574	NC_021163.1	99.160	119	1	0	3	121	29625434	29625552	7.69e-55	215	121	49191682
CaSNP2231	NC_021163.1	98.333	120	1	1	2	121	30328475	30328357	3.58e-53	209	121	49191682
CaSNP2231	NW_004515762.1	95.000	120	6	0	2	121	26681	26800	4.66e-47	189	121	303018
CaSNP2231	NW_004516076.1	94.167	120	7	0	2	121	83620	83739	2.17e-45	183	121	168967
CaSNP2231	NW_004515811.1	94.167	120	7	0	2	121	80665	80546	2.17e-45	183	121	216606
CaSNP2231	NW_004515763.1	94.167	120	7	0	2	121	314395	314276	2.17e-45	183	121	390039
CaSNP4481	NC_021163.1	99.174	121	1	0	1	121	25252212	25252332	5.94e-56	219	121	49191682
CaSNP3233	NC_021166.1	99.174	121	1	0	1	121	4989413	4989533	5.94e-56	219	121	48961560
CaSNP3233	NC_021166.1	94.167	120	7	0	2	121	18511764	18511645	2.17e-45	183	121	48961560
CaSNP3233	NC_021166.1	93.388	121	8	0	1	121	18207700	18207580	2.80e-44	180	121	48961560
CaSNP3233	NC_021166.1	92.562	121	9	0	1	121	23751660	23751540	1.30e-42	174	121	48961560
CaSNP3233	NC_021166.1	92.562	121	9	0	1	121	25729748	25729628	1.30e-42	174	121	48961560
CaSNP3233	NW_004515647.1	95.726	117	5	0	2	118	154312	154428	4.66e-47	189	121	321366
CaSNP3233	NW_004516694.1	94.215	121	7	0	1	121	283134	283014	6.03e-46	185	121	407289
CaSNP3233	NC_021161.1	94.215	121	7	0	1	121	13823911	13824031	6.03e-46	185	121	36634854
CaSNP3233	NC_021161.1	92.562	121	9	0	1	121	14111706	14111586	1.30e-42	174	121	36634854
CaSNP3233	NC_021165.1	94.118	119	7	0	3	121	55066453	55066571	7.80e-45	182	121	59463898
CaSNP3233	NC_021165.1	93.220	118	8	0	1	118	18344324	18344441	1.30e-42	174	121	59463898
CaSNP3233	NC_021165.1	92.562	121	9	0	1	121	32620908	32621028	1.30e-42	174	121	59463898
CaSNP3233	NC_021165.1	92.562	121	9	0	1	121	37296025	37296145	1.30e-42	174	121	59463898
CaSNP3233	NC_021165.1	90.909	121	11	0	1	121	16426798	16426678	2.82e-39	163	121	59463898
CaSNP3233	NC_021165.1	90.909	121	8	1	1	121	11710455	11710572	3.65e-38	159	121	59463898
CaSNP2623	NC_021163.1	99.174	121	1	0	1	121	20094333	20094213	5.94e-56	219	121	49191682
CaSNP1964	NC_021163.1	99.174	121	1	0	1	121	19655044	19655164	5.94e-56	219	121	49191682
CaSNP4647	NC_021163.1	99.174	121	1	0	1	121	19974360	19974480	5.94e-56	219	121	49191682
CaSNP4422	NC_021163.1	99.180	122	0	1	1	121	29331780	29331659	5.94e-56	219	121	49191682
CaSNP3927	NW_004516716.1	100.000	121	0	0	1	121	42330	42450	1.28e-57	224	121	82894
CaSNP4553	NW_004517016.1	99.174	121	1	0	1	121	203316	203196	5.94e-56	219	121	396237
CaSNP4553	NW_004520496.1	95.041	121	6	0	1	121	2518	2398	1.30e-47	191	121	73806
CaSNP4553	NW_004516884.1	93.388	121	8	0	1	121	38039	38159	2.80e-44	180	121	167827
CaSNP4553	NW_004515920.1	93.443	122	7	1	1	121	291112	290991	2.80e-44	180	121	531549
CaSNP4553	NW_004515801.1	93.388	121	8	0	1	121	406165	406285	2.80e-44	180	121	921075
CaSNP4553	NW_004515801.1	90.984	122	10	1	1	121	358440	358561	2.82e-39	163	121	921075
CaSNP4553	NW_004515801.1	91.818	110	9	0	12	121	263960	263851	1.70e-36	154	121	921075
CaSNP4214	NW_004516938.1	100.000	121	0	0	1	121	51175	51295	1.28e-57	224	121	134248
CaSNP2045	NC_021163.1	99.174	121	1	0	1	121	19946836	19946956	5.94e-56	219	121	49191682
CaSNP2045	NC_021163.1	92.500	120	9	0	1	120	38096857	38096738	4.69e-42	172	121	49191682
CaSNP2045	NC_021163.1	90.833	120	11	0	1	120	44894720	44894839	1.02e-38	161	121	49191682
CaSNP2045	NW_004516033.1	95.041	121	6	0	1	121	36568	36448	1.30e-47	191	121	85105
CaSNP2045	NW_004515775.1	94.215	121	7	0	1	121	152312	152192	6.03e-46	185	121	823300
CaSNP2045	NC_021160.1	93.388	121	8	0	1	121	23102526	23102406	2.80e-44	180	121	48359943
CaSNP2045	NC_021166.1	93.277	119	8	0	2	120	34446830	34446948	3.63e-43	176	121	48961560
CaSNP2045	NC_021166.1	92.562	121	9	0	1	121	45747464	45747344	1.30e-42	174	121	48961560
CaSNP2045	NC_021166.1	92.562	121	8	1	1	121	16403482	16403601	4.69e-42	172	121	48961560
CaSNP2045	NC_021166.1	91.667	120	10	0	1	120	10237245	10237126	2.18e-40	167	121	48961560
CaSNP2045	NC_021166.1	90.909	121	11	0	1	121	42606658	42606778	2.82e-39	163	121	48961560
CaSNP2043	NW_004516576.1	99.174	121	1	0	1	121	92471	92351	5.94e-56	219	121	376914
CaSNP4660	NC_021163.1	99.174	121	1	0	1	121	29960426	29960306	5.94e-56	219	121	49191682
CaSNP3256	NC_021163.1	99.174	121	1	0	1	121	34419361	34419241	5.94e-56	219	121	49191682
CaSNP3231	NC_021163.1	100.000	121	0	0	1	121	20041497	20041377	1.28e-57	224	121	49191682
CaSNP4528	NW_004516913.1	100.000	121	0	0	1	121	86902	86782	1.28e-57	224	121	106770
CaSNP4425	NC_021163.1	100.000	121	0	0	1	121	24224287	24224167	1.28e-57	224	121	49191682
CaSNP4425	NC_021165.1	90.123	81	8	0	1	81	2035597	2035517	4.83e-22	106	121	59463898
CaSNP4560	NC_021163.1	99.174	121	1	0	1	121	21087483	21087603	5.94e-56	219	121	49191682
CaSNP2108	NW_004516321.1	99.174	121	1	0	1	121	94674	94554	5.94e-56	219	121	205726
CaSNP4263	NC_021162.1	99.174	121	1	0	1	121	34096036	34096156	5.94e-56	219	121	39989001
CaSNP4263	NC_021162.1	90.141	71	7	0	1	71	10500678	10500748	3.76e-18	93.5	121	39989001
CaSNP4263	NW_004518444.1	92.647	68	5	0	4	71	30379	30312	8.08e-20	99.0	121	66312
CaSNP4263	NW_004516665.1	91.549	71	6	0	1	71	336336	336406	8.08e-20	99.0	121	372716
CaSNP4263	NW_004515933.1	90.141	71	7	0	1	71	30306	30376	3.76e-18	93.5	121	394258
CaSNP4263	NW_004515847.1	90.141	71	7	0	1	71	322602	322672	3.76e-18	93.5	121	334856
CaSNP3936	NC_021163.1	99.174	121	1	0	1	121	23169269	23169149	5.94e-56	219	121	49191682
CaSNP2382	NC_021162.1	99.174	121	1	0	1	121	33919862	33919742	5.94e-56	219	121	39989001
CaSNP2382	NC_021165.1	94.872	78	4	0	36	113	55631257	55631334	4.79e-27	122	121	59463898
CaSNP2883	NW_004516287.1	100.000	121	0	0	1	121	70315	70435	1.28e-57	224	121	203908
CaSNP2883	NW_004516287.1	95.000	60	2	1	63	121	80898	80957	3.76e-18	93.5	121	203908
CaSNP2883	NW_004516287.1	95.000	60	2	1	63	121	159028	159087	3.76e-18	93.5	121	203908
CaSNP3673	NC_021163.1	99.174	121	1	0	1	121	24090433	24090553	5.94e-56	219	121	49191682
CaSNP2237	NC_021163.1	97.561	123	1	1	1	121	21138500	21138622	3.58e-53	209	121	49191682
CaSNP2344	NC_021163.1	100.000	121	0	0	1	121	22102396	22102516	1.28e-57	224	121	49191682
CaSNP3357	NW_004516643.1	99.174	121	1	0	1	121	29543	29423	5.94e-56	219	121	52997
CaSNP3659	NC_021163.1	99.174	121	1	0	1	121	20609786	20609906	5.94e-56	219	121	49191682
CaSNP4212	NW_004516841.1	100.000	121	0	0	1	121	173526	173406	1.28e-57	224	121	180028
CaSNP2401	NC_021163.1	100.000	105	0	0	17	121	29068160	29068264	1.00e-48	195	121	49191682
CaSNP4238	NW_004516185.1	100.000	121	0	0	1	121	340375	340255	1.28e-57	224	121	570857
CaSNP4686	NC_021163.1	100.000	121	0	0	1	121	30403517	30403637	1.28e-57	224	121	49191682
CaSNP5135	NW_004516321.1	100.000	121	0	0	1	121	202523	202643	1.28e-57	224	121	205726
CaSNP2119	NC_021163.1	100.000	121	0	0	1	121	22310604	22310724	1.28e-57	224	121	49191682
CaSNP3079	NC_021163.1	100.000	121	0	0	1	121	23588544	23588664	1.28e-57	224	121	49191682
CaSNP3209	NC_021162.1	100.000	121	0	0	1	121	33686675	33686555	1.28e-57	224	121	39989001
CaSNP3209	NW_004516287.1	95.122	82	4	0	1	82	106937	106856	2.86e-29	130	121	203908
CaSNP5138	NC_021163.1	99.174	121	1	0	1	121	26033469	26033349	5.94e-56	219	121	49191682
CaSNP3092	NW_004515722.1	99.174	121	1	0	1	121	154866	154746	5.94e-56	219	121	332331
CaSNP3092	NW_004515722.1	93.878	98	3	1	1	95	164410	164313	1.02e-33	145	121	332331
CaSNP3097	NC_021163.1	99.174	121	1	0	1	121	24119125	24119245	5.94e-56	219	121	49191682
CaSNP5023	NC_021163.1	99.174	121	1	0	1	121	21895263	21895383	5.94e-56	219	121	49191682
CaSNP3937	NW_004522639.1	99.123	114	1	0	8	121	2572	2459	4.63e-52	206	121	4396
CaSNP3937	NW_004516692.1	99.123	114	1	0	8	121	118493	118606	4.63e-52	206	121	161680
CaSNP2200	NW_004515761.1	99.174	121	1	0	1	121	104301	104421	5.94e-56	219	121	192820
CaSNP2200	NW_004516233.1	92.500	120	7	2	1	119	244595	244477	1.69e-41	171	121	352940
CaSNP2200	NC_021164.1	91.736	121	6	3	1	119	10444076	10444194	7.85e-40	165	121	48169137
CaSNP2200	NC_021164.1	90.909	121	7	3	1	119	8498112	8498230	3.65e-38	159	121	48169137
CaSNP2200	NW_004516029.1	91.597	119	6	3	1	117	242717	242833	1.02e-38	161	121	413342
CaSNP2200	NW_004516574.1	90.909	121	7	3	1	119	1212000	1212118	3.65e-38	159	121	1410633
CaSNP2200	NW_004516574.1	90.833	120	7	3	2	119	1215136	1215253	1.31e-37	158	121	1410633
CaSNP2749	NC_021163.1	100.000	121	0	0	1	121	24747956	24747836	1.28e-57	224	121	49191682
CaSNP2752	NW_004515733.1	99.174	121	1	0	1	121	8747	8627	5.94e-56	219	121	498821
CaSNP2752	NC_021163.1	90.426	94	7	2	3	95	33086616	33086708	4.79e-27	122	121	49191682
CaSNP3129	NC_021163.1	100.000	121	0	0	1	121	34375658	34375778	1.28e-57	224	121	49191682
CaSNP3476	NW_004515775.1	99.174	121	1	0	1	121	424739	424859	5.94e-56	219	121	823300
CaSNP3599	NW_004515882.1	100.000	121	0	0	1	121	285191	285311	1.28e-57	224	121	497940
CaSNP3635	NC_021163.1	99.174	121	1	0	1	121	26648352	26648472	5.94e-56	219	121	49191682
CaSNP4108	NC_021163.1	98.347	121	2	0	1	121	26230455	26230575	2.77e-54	213	121	49191682
CaSNP4136	NC_021163.1	99.174	121	1	0	1	121	33332054	33332174	5.94e-56	219	121	49191682
CaSNP4141	NC_021163.1	99.174	121	1	0	1	121	29697303	29697423	5.94e-56	219	121	49191682
CaSNP4150	NC_021163.1	99.174	121	1	0	1	121	24645161	24645041	5.94e-56	219	121	49191682
CaSNP4294	NW_004516028.1	99.174	121	1	0	1	121	139038	138918	5.94e-56	219	121	569399
CaSNP4697	NC_021163.1	100.000	121	0	0	1	121	29749733	29749853	1.28e-57	224	121	49191682
CaSNP4714	NW_004516700.1	98.361	122	1	1	1	121	162464	162585	2.77e-54	213	121	193821
CaSNP4714	NW_004516700.1	92.623	122	8	1	1	121	182291	182412	1.30e-42	174	121	193821
CaSNP4714	NC_021160.1	95.082	122	5	1	1	121	39289482	39289361	1.30e-47	191	121	48359943
CaSNP4714	NC_021160.1	93.388	121	8	0	1	121	39337120	39337000	2.80e-44	180	121	48359943
CaSNP4971	NC_021163.1	99.174	121	1	0	1	121	28792185	28792065	5.94e-56	219	121	49191682
CaSNP5009	NC_021163.1	99.174	121	1	0	1	121	26082588	26082708	5.94e-56	219	121	49191682
CaSNP3311	NC_021165.1	100.000	121	0	0	1	121	11600652	11600532	1.28e-57	224	121	59463898
CaSNP3425	NC_021163.1	100.000	121	0	0	1	121	28300325	28300205	1.28e-57	224	121	49191682
CaSNP4895	NW_004516576.1	99.174	121	1	0	1	121	237187	237307	5.94e-56	219	121	376914
CaSNP3301	NW_004516087.1	99.174	121	1	0	1	121	321619	321499	5.94e-56	219	121	902330
CaSNP2147	NC_021163.1	99.174	121	1	0	1	121	31604324	31604444	5.94e-56	219	121	49191682
CaSNP2422	NC_021163.1	96.667	120	4	0	2	121	31316164	31316283	2.15e-50	200	121	49191682
CaSNP2422	NC_021163.1	91.736	121	7	1	1	121	24426167	24426284	7.85e-40	165	121	49191682
CaSNP2422	NC_021163.1	91.129	124	8	1	1	121	25134540	25134663	7.85e-40	165	121	49191682
CaSNP2422	NC_021163.1	90.909	121	8	1	1	121	27413906	27414023	3.65e-38	159	121	49191682
CaSNP2422	NC_021163.1	90.909	121	8	1	1	121	31118506	31118623	3.65e-38	159	121	49191682
CaSNP2422	NW_004516716.1	95.833	120	5	0	2	121	64291	64172	1.00e-48	195	121	82894
CaSNP2422	NW_004517029.1	94.215	121	4	1	1	121	94321	94438	7.80e-45	182	121	147617
CaSNP2422	NC_021162.1	93.388	121	8	0	1	121	8118288	8118408	2.80e-44	180	121	39989001
CaSNP2422	NC_021162.1	91.736	121	10	0	1	121	750471	750591	6.07e-41	169	121	39989001
CaSNP2422	NC_021162.1	90.833	120	8	1	1	120	13783280	13783164	1.31e-37	158	121	39989001
CaSNP2422	NC_021162.1	93.103	58	4	0	1	58	3100430	3100373	6.29e-16	86.1	121	39989001
CaSNP2422	NW_004515731.1	93.277	119	8	0	3	121	71432	71550	3.63e-43	176	121	244920
CaSNP2482	NC_021163.1	100.000	121	0	0	1	121	27182960	27182840	1.28e-57	224	121	49191682
CaSNP2602	NW_004516230.1	100.000	121	0	0	1	121	15341	15461	1.28e-57	224	121	151756
CaSNP2702	NC_021163.1	100.000	121	0	0	1	121	26521746	26521866	1.28e-57	224	121	49191682
CaSNP2873	NW_004515775.1	100.000	121	0	0	1	121	284064	284184	1.28e-57	224	121	823300
CaSNP3026	NW_004516178.1	93.388	121	2	1	1	121	211544	211658	1.30e-42	174	121	262261
CaSNP3232	NC_021163.1	100.000	121	0	0	1	121	26107597	26107477	1.28e-57	224	121	49191682
CaSNP3232	NC_021163.1	90.164	122	11	1	1	121	30955472	30955593	1.31e-37	158	121	49191682
CaSNP3232	NC_021163.1	91.781	73	5	1	50	121	34279568	34279640	2.25e-20	100	121	49191682
CaSNP3232	NC_021160.1	90.164	122	11	1	1	121	30374628	30374749	1.31e-37	158	121	48359943
CaSNP3232	NW_004515969.1	91.304	115	9	1	8	121	28333	28219	4.73e-37	156	121	78065
CaSNP3324	NW_004515843.1	98.347	121	2	0	1	121	153621	153741	2.77e-54	213	121	319898
CaSNP3328	NW_004517016.1	99.174	121	1	0	1	121	246436	246556	5.94e-56	219	121	396237
CaSNP3360	NW_004515775.1	100.000	121	0	0	1	121	387022	387142	1.28e-57	224	121	823300
CaSNP3385	NC_021163.1	96.552	87	3	0	35	121	28199380	28199466	1.02e-33	145	121	49191682
CaSNP3703	NW_004518397.1	99.174	121	1	0	1	121	4544	4664	5.94e-56	219	121	86968
CaSNP4356	NC_021163.1	98.374	123	0	1	1	121	27870598	27870476	7.69e-55	215	121	49191682
CaSNP4478	NC_021163.1	99.174	121	1	0	1	121	30192291	30192411	5.94e-56	219	121	49191682
CaSNP4510	NC_021163.1	100.000	121	0	0	1	121	22764201	22764081	1.28e-57	224	121	49191682
CaSNP4529	NW_004515655.1	99.174	121	1	0	1	121	353986	353866	5.94e-56	219	121	541981
CaSNP4983	NW_004515953.1	99.174	121	1	0	1	121	142458	142338	5.94e-56	219	121	153897
CaSNP4983	NC_021160.1	94.215	121	7	0	1	121	45996725	45996605	6.03e-46	185	121	48359943
CaSNP4983	NC_021162.1	92.562	121	9	0	1	121	1458183	1458303	1.30e-42	174	121	39989001
CaSNP4983	NC_021162.1	90.756	119	11	0	3	121	27553367	27553249	3.65e-38	159	121	39989001
CaSNP4983	NW_004515801.1	91.736	121	10	0	1	121	846151	846031	6.07e-41	169	121	921075
CaSNP4983	NW_004516300.1	93.519	108	7	0	2	109	180102	180209	1.02e-38	161	121	234195
CaSNP2863	NC_021163.1	100.000	121	0	0	1	121	21760904	21761024	1.28e-57	224	121	49191682
CaSNP1952	NC_021163.1	99.174	121	1	0	1	121	23920540	23920660	5.94e-56	219	121	49191682
CaSNP2374	NC_021163.1	100.000	121	0	0	1	121	22040242	22040362	1.28e-57	224	121	49191682
CaSNP3739	NC_021163.1	100.000	121	0	0	1	121	20677594	20677474	1.28e-57	224	121	49191682
CaSNP4199	NW_004517338.1	99.174	121	1	0	1	121	334074	334194	5.94e-56	219	121	376240
CaSNP4865	NW_004516241.1	100.000	121	0	0	1	121	29933	29813	1.28e-57	224	121	164749
CaSNP3407	NW_004515775.1	98.347	121	2	0	1	121	589535	589415	2.77e-54	213	121	823300
CaSNP3407	NC_021160.1	91.379	116	10	0	3	118	12353996	12354111	3.65e-38	159	121	48359943
CaSNP3407	NC_021165.1	91.011	89	8	0	3	91	24290656	24290568	1.72e-26	121	121	59463898
CaSNP4761	NC_021163.1	99.174	121	1	0	1	121	19387064	19387184	5.94e-56	219	121	49191682
CaSNP3183	NW_004516841.1	100.000	121	0	0	1	121	100092	100212	1.28e-57	224	121	180028
CaSNP2599	NC_021163.1	100.000	121	0	0	1	121	27778908	27778788	1.28e-57	224	121	49191682
CaSNP2981	NC_021163.1	99.174	121	1	0	1	121	28355489	28355609	5.94e-56	219	121	49191682
CaSNP4679	NC_021163.1	97.521	121	3	0	1	121	27369648	27369768	1.29e-52	207	121	49191682
CaSNP5072	NC_021163.1	98.347	121	2	0	1	121	30543180	30543300	2.77e-54	213	121	49191682
CaSNP4118	NW_004515655.1	100.000	121	0	0	1	121	389848	389968	1.28e-57	224	121	541981
CaSNP3398	NC_021163.1	100.000	121	0	0	1	121	23681378	23681258	1.28e-57	224	121	49191682
CaSNP3862	NC_021163.1	100.000	121	0	0	1	121	23644814	23644694	1.28e-57	224	121	49191682
CaSNP3862	NC_021163.1	93.388	121	8	0	1	121	15977292	15977172	2.80e-44	180	121	49191682
CaSNP3862	NC_021163.1	93.388	121	8	0	1	121	23649890	23649770	2.80e-44	180	121	49191682
CaSNP3862	NC_021163.1	93.388	121	8	0	1	121	36107601	36107721	2.80e-44	180	121	49191682
CaSNP3862	NC_021163.1	93.388	121	8	0	1	121	39215091	39214971	2.80e-44	180	121	49191682
CaSNP3862	NC_021163.1	92.562	121	9	0	1	121	14796422	14796542	1.30e-42	174	121	49191682
CaSNP3862	NC_021163.1	92.562	121	9	0	1	121	21408841	21408961	1.30e-42	174	121	49191682
CaSNP3862	NC_021163.1	92.562	121	9	0	1	121	24973036	24972916	1.30e-42	174	121	49191682
CaSNP3862	NC_021163.1	91.736	121	10	0	1	121	28954220	28954340	6.07e-41	169	121	49191682
CaSNP3862	NC_021163.1	91.736	121	10	0	1	121	37472059	37471939	6.07e-41	169	121	49191682
CaSNP3862	NC_021163.1	91.736	121	10	0	1	121	43635627	43635507	6.07e-41	169	121	49191682
CaSNP3862	NC_021163.1	91.667	120	10	0	1	120	39173785	39173904	2.18e-40	167	121	49191682
CaSNP3862	NC_021163.1	90.909	121	11	0	1	121	21428007	21427887	2.82e-39	163	121	49191682
CaSNP3862	NC_021163.1	90.909	121	11	0	1	121	39234915	39234795	2.82e-39	163	121	49191682
CaSNP3862	NC_021163.1	90.909	121	11	0	1	121	43468769	43468649	2.82e-39	163	121	49191682
CaSNP3862	NC_021164.1	95.868	121	5	0	1	121	10753288	10753408	2.78e-49	196	121	48169137
CaSNP3862	NC_021164.1	93.388	121	8	0	1	121	5351966	5351846	2.80e-44	180	121	48169137
CaSNP3862	NC_021164.1	93.388	121	8	0	1	121	10731007	10731127	2.80e-44	180	121	48169137
CaSNP3862	NC_021164.1	93.388	121	8	0	1	121	16105840	16105720	2.80e-44	180	121	48169137
CaSNP3862	NC_021164.1	93.388	121	8	0	1	121	21068732	21068852	2.80e-44	180	121	48169137
CaSNP3862	NC_021164.1	93.388	121	8	0	1	121	29243433	29243313	2.80e-44	180	121	48169137
CaSNP3862	NC_021164.1	94.017	117	7	0	5	121	2858945	2858829	1.01e-43	178	121	48169137
CaSNP3862	NC_021164.1	92.562	121	9	0	1	121	3531360	3531240	1.30e-42	174	121	48169137
CaSNP3862	NC_021164.1	92.562	121	9	0	1	121	7747312	7747192	1.30e-42	174	121	48169137
CaSNP3862	NC_021164.1	92.562	121	9	0	1	121	7758359	7758239	1.30e-42	174	121	48169137
CaSNP3862	NC_021164.1	92.562	121	9	0	1	121	8412055	8411935	1.30e-42	174	121	48169137
CaSNP3862	NC_021164.1	92.562	121	9	0	1	121	11080937	11080817	1.30e-42	174	121	48169137
CaSNP3862	NC_021164.1	92.562	121	9	0	1	121	11717545	11717665	1.30e-42	174	121	48169137
CaSNP3862	NC_021164.1	92.562	121	9	0	1	121	27245931	27246051	1.30e-42	174	121	48169137
CaSNP3862	NC_021164.1	91.736	121	10	0	1	121	5321156	5321276	6.07e-41	169	121	48169137
CaSNP3862	NC_021164.1	91.736	121	10	0	1	121	11010831	11010951	6.07e-41	169	121	48169137
CaSNP3862	NC_021164.1	90.909	121	11	0	1	121	40267814	40267694	2.82e-39	163	121	48169137
CaSNP3862	NC_021164.1	90.909	121	10	1	1	121	11962376	11962257	1.02e-38	161	121	48169137
CaSNP3862	NC_021164.1	90.083	121	12	0	1	121	4682831	4682951	1.31e-37	158	121	48169137
CaSNP3862	NC_021164.1	90.083	121	12	0	1	121	7015063	7015183	1.31e-37	158	121	48169137
CaSNP3862	NC_021164.1	90.083	121	12	0	1	121	10659808	10659928	1.31e-37	158	121	48169137
CaSNP3862	NC_021164.1	90.083	121	12	0	1	121	41792914	41793034	1.31e-37	158	121	48169137
CaSNP3862	NC_021164.1	90.435	115	11	0	1	115	24748680	24748794	6.11e-36	152	121	48169137
CaSNP3862	NC_021164.1	91.358	81	7	0	1	81	3371094	3371014	1.04e-23	111	121	48169137
CaSNP3862	NC_021164.1	93.750	64	4	0	1	64	8484917	8484980	2.91e-19	97.1	121	48169137
CaSNP3862	NC_021164.1	93.548	62	3	1	1	62	22387790	22387850	1.35e-17	91.6	121	48169137
CaSNP3862	NW_004516298.1	94.215	121	7	0	1	121	10721	10601	6.03e-46	185	121	58442
CaSNP3862	NW_004515889.1	94.215	121	7	0	1	121	103469	103589	6.03e-46	185	121	446892
CaSNP3862	NC_021166.1	94.215	121	7	0	1	121	48749367	48749487	6.03e-46	185	121	48961560
CaSNP3862	NC_021166.1	93.388	121	8	0	1	121	22607748	22607868	2.80e-44	180	121	48961560
CaSNP3862	NC_021166.1	93.333	120	8	0	1	120	19919451	19919570	1.01e-43	178	121	48961560
CaSNP3862	NC_021166.1	92.562	121	9	0	1	121	13840940	13841060	1.30e-42	174	121	48961560
CaSNP3862	NC_021166.1	92.562	121	9	0	1	121	15437091	15437211	1.30e-42	174	121	48961560
CaSNP3862	NC_021166.1	92.562	121	9	0	1	121	19907561	19907681	1.30e-42	174	121	48961560
CaSNP3862	NC_021166.1	92.562	121	9	0	1	121	22998197	22998317	1.30e-42	174	121	48961560
CaSNP3862	NC_021166.1	92.562	121	9	0	1	121	35461196	35461076	1.30e-42	174	121	48961560
CaSNP3862	NC_021166.1	91.736	121	10	0	1	121	15365729	15365849	6.07e-41	169	121	48961560
CaSNP3862	NC_021166.1	91.736	121	10	0	1	121	27504961	27504841	6.07e-41	169	121	48961560
CaSNP3862	NC_021166.1	91.736	121	10	0	1	121	38814171	38814291	6.07e-41	169	121	48961560
CaSNP3862	NC_021166.1	91.736	121	10	0	1	121	42211354	42211234	6.07e-41	169	121	48961560
CaSNP3862	NC_021166.1	91.736	121	10	0	1	121	43635139	43635019	6.07e-41	169	121	48961560
CaSNP3862	NC_021166.1	91.736	121	10	0	1	121	43970037	43969917	6.07e-41	169	121	48961560
CaSNP3862	NC_021166.1	90.909	121	11	0	1	121	21012554	21012434	2.82e-39	163	121	48961560
CaSNP3862	NC_021166.1	90.909	121	11	0	1	121	22812358	22812478	2.82e-39	163	121	48961560
CaSNP3862	NC_021166.1	90.909	121	11	0	1	121	23386466	23386346	2.82e-39	163	121	48961560
CaSNP3862	NC_021166.1	90.909	121	11	0	1	121	36376674	36376794	2.82e-39	163	121	48961560
CaSNP3862	NC_021166.1	90.909	121	11	0	1	121	38609049	38608929	2.82e-39	163	121	48961560
CaSNP3862	NC_021166.1	90.909	121	11	0	1	121	41189050	41188930	2.82e-39	163	121	48961560
CaSNP3862	NC_021166.1	90.833	120	11	0	1	120	23301446	23301565	1.02e-38	161	121	48961560
CaSNP4851	NW_004515733.1	100.000	121	0	0	1	121	386104	386224	1.28e-57	224	121	498821
CaSNP2103	NW_004515775.1	99.174	121	1	0	1	121	677295	677175	5.94e-56	219	121	823300
CaSNP2739	NW_004516029.1	99.174	121	1	0	1	121	129352	129232	5.94e-56	219	121	413342
CaSNP2739	NW_004515932.1	94.215	121	7	0	1	121	106795	106675	6.03e-46	185	121	231526
CaSNP2739	NW_004515694.1	94.215	121	7	0	1	121	423564	423444	6.03e-46	185	121	857743
CaSNP2739	NW_004517814.1	93.388	121	8	0	1	121	81455	81335	2.80e-44	180	121	134721
CaSNP2739	NW_004515984.1	93.388	121	8	0	1	121	264156	264036	2.80e-44	180	121	365168
CaSNP3124	NW_004516087.1	99.174	121	1	0	1	121	616412	616292	5.94e-56	219	121	902330
CaSNP3666	NC_021163.1	99.174	121	1	0	1	121	28419966	28420086	5.94e-56	219	121	49191682
CaSNP3666	NC_021164.1	90.541	74	6	1	2	74	26635301	26635374	2.91e-19	97.1	121	48169137
CaSNP4232	NC_021162.1	100.000	121	0	0	1	121	6681201	6681081	1.28e-57	224	121	39989001
CaSNP4232	NW_004515920.1	90.000	90	9	0	32	121	304687	304776	2.23e-25	117	121	531549
CaSNP4863	NW_004516178.1	98.361	122	1	1	1	121	30095	30216	2.77e-54	213	121	262261
CaSNP3905	NW_004516087.1	100.000	121	0	0	1	121	268242	268122	1.28e-57	224	121	902330
CaSNP3499	NW_004516230.1	99.174	121	1	0	1	121	136809	136689	5.94e-56	219	121	151756
CaSNP4330	NC_021165.1	100.000	121	0	0	1	121	11644341	11644461	1.28e-57	224	121	59463898
CaSNP4330	NC_021165.1	94.215	121	7	0	1	121	50026672	50026552	6.03e-46	185	121	59463898
CaSNP4330	NC_021161.1	92.562	121	9	0	1	121	34049667	34049547	1.30e-42	174	121	36634854
CaSNP2956	NW_004516416.1	99.174	121	1	0	1	121	208804	208924	5.94e-56	219	121	539816
CaSNP2268	NW_004516416.1	100.000	121	0	0	1	121	92191	92071	1.28e-57	224	121	539816
CaSNP3721	NW_004515882.1	97.521	121	3	0	1	121	331588	331468	1.29e-52	207	121	497940
CaSNP3721	NW_004516029.1	93.333	120	8	0	2	121	112640	112521	1.01e-43	178	121	413342
CaSNP4715	NC_021163.1	99.174	121	1	0	1	121	20708123	20708003	5.94e-56	219	121	49191682
CaSNP4919	NW_004516028.1	99.174	121	1	0	1	121	36343	36463	5.94e-56	219	121	569399
CaSNP4919	NC_021163.1	90.909	121	11	0	1	121	29124970	29125090	2.82e-39	163	121	49191682
CaSNP3751	NW_004516108.1	100.000	121	0	0	1	121	65884	65764	1.28e-57	224	121	314046
CaSNP2952	NC_021163.1	99.174	121	1	0	1	121	18945900	18946020	5.94e-56	219	121	49191682
CaSNP4563	NW_004515731.1	100.000	121	0	0	1	121	113503	113383	1.28e-57	224	121	244920
CaSNP4563	NC_021165.1	94.828	116	6	0	6	121	58020990	58020875	7.80e-45	182	121	59463898
CaSNP4563	NC_021165.1	93.388	121	8	0	1	121	34748706	34748826	2.80e-44	180	121	59463898
CaSNP4563	NC_021165.1	93.388	121	8	0	1	121	58014436	58014316	2.80e-44	180	121	59463898
CaSNP4563	NC_021165.1	92.562	121	9	0	1	121	28879961	28880081	1.30e-42	174	121	59463898
CaSNP4563	NC_021165.1	92.437	119	8	1	1	119	19337974	19337857	6.07e-41	169	121	59463898
CaSNP4563	NC_021165.1	91.667	120	10	0	1	120	9997130	9997249	2.18e-40	167	121	59463898
CaSNP4563	NC_021165.1	90.833	120	11	0	2	121	29096919	29097038	1.02e-38	161	121	59463898
CaSNP4563	NC_021164.1	93.388	121	8	0	1	121	46564499	46564619	2.80e-44	180	121	48169137
CaSNP4563	NW_004516889.1	94.017	117	7	0	5	121	434444	434560	1.01e-43	178	121	640134
CaSNP4563	NW_004516875.1	92.174	115	9	0	1	115	2329	2443	2.82e-39	163	121	133328
CaSNP2454	NC_021163.1	100.000	121	0	0	1	121	19283685	19283565	1.28e-57	224	121	49191682
CaSNP2454	NC_021163.1	94.215	121	7	0	1	121	19291088	19290968	6.03e-46	185	121	49191682
CaSNP3649	NC_021163.1	99.174	121	1	0	1	121	18462171	18462291	5.94e-56	219	121	49191682
CaSNP2489	NC_021163.1	99.174	121	1	0	1	121	18755186	18755066	5.94e-56	219	121	49191682
CaSNP4218	NC_021163.1	99.174	121	1	0	1	121	19025631	19025511	5.94e-56	219	121	49191682
CaSNP4218	NW_004515672.1	95.041	121	6	0	1	121	11774	11654	1.30e-47	191	121	43578
CaSNP2634	NC_021163.1	99.174	121	1	0	1	121	18082101	18082221	5.94e-56	219	121	49191682
CaSNP2197	NC_021163.1	99.174	121	1	0	1	121	19174978	19174858	5.94e-56	219	121	49191682
CaSNP2197	NC_021163.1	99.174	121	1	0	1	121	19176319	19176199	5.94e-56	219	121	49191682
CaSNP2197	NC_021163.1	97.959	49	1	0	73	121	16748840	16748888	6.29e-16	86.1	121	49191682
CaSNP2197	NW_004515991.1	98.077	52	1	0	70	121	332255	332306	1.35e-17	91.6	121	948327
CaSNP2197	NC_021166.1	98.039	51	1	0	71	121	10612568	10612518	4.86e-17	89.8	121	48961560
CaSNP2197	NC_021166.1	97.959	49	1	0	73	121	3477047	3477095	6.29e-16	86.1	121	48961560
CaSNP2197	NC_021164.1	98.039	51	1	0	71	121	33819297	33819247	4.86e-17	89.8	121	48169137
CaSNP2197	NC_021164.1	90.625	64	6	0	58	121	16897576	16897513	6.29e-16	86.1	121	48169137
CaSNP2197	NC_021164.1	97.959	49	1	0	73	121	27166466	27166514	6.29e-16	86.1	121	48169137
CaSNP2197	NC_021162.1	98.039	51	1	0	71	121	34541299	34541249	4.86e-17	89.8	121	39989001
CaSNP2080	NC_021163.1	99.174	121	1	0	1	121	19531194	19531074	5.94e-56	219	121	49191682
CaSNP2287	NC_021163.1	100.000	121	0	0	1	121	18216442	18216322	1.28e-57	224	121	49191682
CaSNP5007	NC_021163.1	99.174	121	1	0	1	121	18725467	18725587	5.94e-56	219	121	49191682
CaSNP2440	NC_021163.1	100.000	121	0	0	1	121	17995320	17995440	1.28e-57	224	121	49191682
CaSNP4352	NC_021163.1	99.174	121	1	0	1	121	29190213	29190093	5.94e-56	219	121	49191682
CaSNP4352	NW_004515700.1	92.373	118	7	2	1	118	583544	583659	2.18e-40	167	121	645399
CaSNP4352	NC_021161.1	91.525	118	10	0	1	118	33872612	33872495	2.82e-39	163	121	36634854
CaSNP4352	NC_021161.1	91.453	117	10	0	1	117	9586693	9586577	1.02e-38	161	121	36634854
CaSNP4352	NC_021165.1	92.105	114	9	0	1	114	26229614	26229727	1.02e-38	161	121	59463898
CaSNP4352	NC_021160.1	90.678	118	11	0	1	118	18313223	18313106	1.31e-37	158	121	48359943
CaSNP3559	NC_021163.1	99.174	121	1	0	1	121	34064450	34064330	5.94e-56	219	121	49191682
CaSNP2641	NC_021163.1	100.000	121	0	0	1	121	24406517	24406397	1.28e-57	224	121	49191682
CaSNP4631	NC_021163.1	99.174	121	1	0	1	121	19230819	19230699	5.94e-56	219	121	49191682
CaTSNP8696	NC_021163.1	99.174	121	1	0	1	121	29645534	29645414	5.94e-56	219	121	49191682
CaTSNP7774	NW_004516841.1	100.000	121	0	0	1	121	108701	108581	1.28e-57	224	121	180028
CaTSNP8527	NC_021163.1	99.153	118	0	1	4	121	24054189	24054073	9.95e-54	211	121	49191682
CaTSNP7125	NW_004516321.1	100.000	121	0	0	1	121	86459	86339	1.28e-57	224	121	205726
CaTSNP6897	NC_021163.1	99.174	121	1	0	1	121	26967950	26968070	5.94e-56	219	121	49191682
CaTSNP8751	NW_004515882.1	99.174	121	1	0	1	121	297167	297047	5.94e-56	219	121	497940
CaTSNP6231	NC_021163.1	99.174	121	1	0	1	121	23053818	23053938	5.94e-56	219	121	49191682
CaTSNP7989	NC_021163.1	100.000	109	0	0	4	112	23676305	23676413	5.99e-51	202	121	49191682
CaTSNP7989	NC_021164.1	93.578	109	7	0	4	112	44676882	44676990	2.82e-39	163	121	48169137
CaTSNP7693	NC_021163.1	98.630	73	1	0	43	115	31564641	31564713	2.86e-29	130	121	49191682
CaTSNP6738	NC_021163.1	100.000	121	0	0	1	121	28858502	28858622	1.28e-57	224	121	49191682
CaTSNP8399	NC_021163.1	99.174	121	1	0	1	121	25251119	25251239	5.94e-56	219	121	49191682
CaTSNP6328	NC_021163.1	100.000	121	0	0	1	121	20619890	20619770	1.28e-57	224	121	49191682
CaTSNP6551	NC_021163.1	100.000	121	0	0	1	121	20349529	20349409	1.28e-57	224	121	49191682
CaTSNP6599	NC_021163.1	100.000	121	0	0	1	121	21696104	21696224	1.28e-57	224	121	49191682
CaTSNP6599	NC_021160.1	93.913	115	6	1	1	115	1503913	1503800	4.69e-42	172	121	48359943
CaTSNP7751	NC_021163.1	100.000	121	0	0	1	121	20310382	20310262	1.28e-57	224	121	49191682
CaTSNP6156	NW_004516913.1	100.000	121	0	0	1	121	84655	84535	1.28e-57	224	121	106770
CaTSNP6858	NC_021163.1	99.174	121	1	0	1	121	26415266	26415386	5.94e-56	219	121	49191682
CaTSNP9120	NC_021163.1	99.174	121	1	0	1	121	27123713	27123593	5.94e-56	219	121	49191682
CaTSNP7524	NC_021163.1	99.160	119	1	0	1	119	26343197	26343079	7.69e-55	215	121	49191682
CaTSNP8048	NC_021163.1	100.000	121	0	0	1	121	20309505	20309625	1.28e-57	224	121	49191682
CaTSNP8048	NC_021162.1	90.833	120	11	0	2	121	33076871	33076990	1.02e-38	161	121	39989001
CaTSNP6359	NW_004516841.1	99.174	121	1	0	1	121	108701	108581	5.94e-56	219	121	180028
CaTSNP6030	NC_021163.1	100.000	121	0	0	1	121	20310382	20310262	1.28e-57	224	121	49191682
CaTSNP6031	NC_021163.1	99.174	121	1	0	1	121	20310382	20310262	5.94e-56	219	121	49191682
CaTSNP8078	NC_021163.1	100.000	93	0	0	1	93	21859515	21859423	4.69e-42	172	121	49191682
CaTSNP8620	NC_021163.1	100.000	121	0	0	1	121	21882407	21882287	1.28e-57	224	121	49191682
CaTSNP7862	NC_021163.1	100.000	121	0	0	1	121	20309091	20309211	1.28e-57	224	121	49191682
CaTSNP6527	NW_004516576.1	100.000	121	0	0	1	121	137118	136998	1.28e-57	224	121	376914
CaTSNP9133	NC_021163.1	100.000	121	0	0	1	121	33220462	33220582	1.28e-57	224	121	49191682
CaTSNP6421	NC_021163.1	99.174	121	1	0	1	121	30105136	30105256	5.94e-56	219	121	49191682
CaTSNP7491	NC_021163.1	100.000	121	0	0	1	121	23065007	23064887	1.28e-57	224	121	49191682
CaTSNP7555	NC_021163.1	100.000	121	0	0	1	121	34743848	34743728	1.28e-57	224	121	49191682
CaTSNP9059	NC_021163.1	100.000	121	0	0	1	121	20373859	20373739	1.28e-57	224	121	49191682
CaTSNP6832	NC_021163.1	100.000	98	0	0	1	98	20223081	20222984	7.80e-45	182	121	49191682
CaTSNP8880	NC_021163.1	100.000	121	0	0	1	121	19551869	19551749	1.28e-57	224	121	49191682
CaTSNP8451	NC_021163.1	100.000	116	0	0	1	116	19583530	19583645	7.69e-55	215	121	49191682
CaTSNP6101	NC_021163.1	100.000	121	0	0	1	121	19590767	19590647	1.28e-57	224	121	49191682
CaTSNP6918	NC_021163.1	100.000	90	0	0	1	90	18054561	18054650	2.18e-40	167	121	49191682
CaTSNP6979	NC_021163.1	100.000	108	0	0	1	108	18544860	18544967	2.15e-50	200	121	49191682
CaTSNP8288	NC_021163.1	99.174	121	1	0	1	121	18128114	18127994	5.94e-56	219	121	49191682
CaTSNP6764	NC_021163.1	100.000	121	0	0	1	121	19195533	19195413	1.28e-57	224	121	49191682
CaTSNP8856	NC_021163.1	99.174	121	1	0	1	121	18604895	18604775	5.94e-56	219	121	49191682
CaTSNP8856	NC_021163.1	99.174	121	1	0	1	121	18611054	18610934	5.94e-56	219	121	49191682
CaTSNP6013	NC_021163.1	100.000	82	0	0	7	88	18926353	18926434	6.11e-36	152	121	49191682
CaTSNP7509	NC_021163.1	100.000	121	0	0	1	121	18207397	18207517	1.28e-57	224	121	49191682
CaTSNP8367	NC_021163.1	99.174	121	0	1	1	121	18904300	18904181	2.14e-55	217	121	49191682
CaTSNP8824	NC_021163.1	100.000	121	0	0	1	121	18078469	18078589	1.28e-57	224	121	49191682
CaTSNP6537	NC_021163.1	100.000	121	0	0	1	121	19261338	19261218	1.28e-57	224	121	49191682
CaTSNP8755	NC_021163.1	99.174	121	1	0	1	121	19000045	18999925	5.94e-56	219	121	49191682
CaTSNP8284	NC_021163.1	100.000	111	0	0	11	121	18504200	18504310	4.63e-52	206	121	49191682
CaTSNP6721	NC_021163.1	98.889	90	1	0	32	121	18960706	18960795	1.02e-38	161	121	49191682
CaTSNP8460	NC_021163.1	99.174	121	1	0	1	121	18943430	18943550	5.94e-56	219	121	49191682
CaTSNP7247	NC_021163.1	98.947	95	1	0	27	121	18852835	18852929	1.69e-41	171	121	49191682
CaTSNP6365	NC_021163.1	100.000	92	0	0	4	95	18767016	18767107	1.69e-41	171	121	49191682
CaTSNP8037	NC_021163.1	100.000	121	0	0	1	121	18882509	18882389	1.28e-57	224	121	49191682
CaTSNP6399	NC_021163.1	99.174	121	1	0	1	121	18122992	18123112	5.94e-56	219	121	49191682
CaTSNP8145	NC_021163.1	100.000	107	0	0	15	121	18904106	18904000	7.74e-50	198	121	49191682
CaTSNP8891	NC_021163.1	100.000	121	0	0	1	121	18494313	18494433	1.28e-57	224	121	49191682
CaTSNP6893	NC_021163.1	99.174	121	1	0	1	121	18550665	18550545	5.94e-56	219	121	49191682
CaSNP2925	NC_021163.1	99.174	121	1	0	1	121	17363318	17363438	5.94e-56	219	121	49191682
CaTSNP6036	NC_021163.1	100.000	88	0	0	1	88	19513403	19513316	2.82e-39	163	121	49191682
CaTSNP8141	NC_021163.1	100.000	80	0	0	42	121	17985303	17985224	7.91e-35	148	121	49191682
CaTSNP7638	NC_021163.1	100.000	121	0	0	1	121	17967378	17967498	1.28e-57	224	121	49191682
CaSNP4438	NC_021163.1	99.174	121	1	0	1	121	17107018	17106898	5.94e-56	219	121	49191682
CaSNP4438	NC_021163.1	99.174	121	1	0	1	121	43521427	43521547	5.94e-56	219	121	49191682
CaSNP2178	NC_021163.1	98.347	121	2	0	1	121	17641842	17641962	2.77e-54	213	121	49191682
CaSNP2129	NC_021163.1	100.000	121	0	0	1	121	16997304	16997424	1.28e-57	224	121	49191682
CaSNP2472	NC_021163.1	100.000	121	0	0	1	121	16895082	16895202	1.28e-57	224	121	49191682
CaTSNP6136	NC_021163.1	100.000	121	0	0	1	121	17639590	17639470	1.28e-57	224	121	49191682
CaTSNP9037	NC_021163.1	100.000	121	0	0	1	121	17612076	17612196	1.28e-57	224	121	49191682
CaTSNP8438	NC_021163.1	100.000	121	0	0	1	121	17472859	17472739	1.28e-57	224	121	49191682
CaTSNP8895	NC_021163.1	100.000	121	0	0	1	121	17319995	17319875	1.28e-57	224	121	49191682
CaTSNP7320	NC_021163.1	98.876	89	1	0	23	111	17482015	17481927	3.65e-38	159	121	49191682
CaTSNP6134	NC_021163.1	98.347	121	2	0	1	121	17427472	17427352	2.77e-54	213	121	49191682
CaTSNP6135	NC_021163.1	99.174	121	1	0	1	121	17639687	17639807	5.94e-56	219	121	49191682
CaTSNP9079	NC_021163.1	99.083	109	1	0	1	109	17270380	17270272	2.78e-49	196	121	49191682
CaTSNP6872	NC_021163.1	99.174	121	1	0	1	121	17343662	17343782	5.94e-56	219	121	49191682
CaTSNP7070	NC_021163.1	98.889	90	1	0	32	121	17659155	17659066	1.02e-38	161	121	49191682
CaTSNP6185	NC_021163.1	100.000	121	0	0	1	121	17719057	17718937	1.28e-57	224	121	49191682
CaSNP4461	NC_021163.1	99.174	121	1	0	1	121	16757777	16757897	5.94e-56	219	121	49191682
CaTSNP6849	NC_021163.1	100.000	121	0	0	1	121	16849802	16849922	1.28e-57	224	121	49191682
CaTSNP6289	NC_021163.1	100.000	121	0	0	1	121	17237189	17237309	1.28e-57	224	121	49191682
CaTSNP6453	NC_021163.1	99.174	121	1	0	1	121	17191502	17191622	5.94e-56	219	121	49191682
CaTSNP7448	NC_021163.1	97.521	121	1	1	1	121	17004304	17004422	4.63e-52	206	121	49191682
CaTSNP8391	NC_021163.1	100.000	113	0	0	1	113	17040471	17040359	3.58e-53	209	121	49191682
CaTSNP9066	NC_021163.1	95.588	68	2	1	17	83	17006391	17006324	1.34e-22	108	121	49191682
CaTSNP7141	NC_021163.1	100.000	121	0	0	1	121	16765645	16765765	1.28e-57	224	121	49191682
CaTSNP6807	NC_021163.1	100.000	121	0	0	1	121	16809471	16809351	1.28e-57	224	121	49191682
CaTSNP8227	NC_021163.1	100.000	121	0	0	1	121	16772962	16773082	1.28e-57	224	121	49191682
CaSNP2458	NC_021163.1	100.000	121	0	0	1	121	16443875	16443755	1.28e-57	224	121	49191682
CaSNP2845	NC_021163.1	100.000	121	0	0	1	121	16316437	16316317	1.28e-57	224	121	49191682
CaSNP2930	NC_021163.1	99.174	121	1	0	1	121	16211097	16210977	5.94e-56	219	121	49191682
CaSNP3753	NC_021163.1	99.174	121	1	0	1	121	16261757	16261877	5.94e-56	219	121	49191682
CaTSNP8414	NC_021163.1	100.000	111	0	0	11	121	16446906	16447016	4.63e-52	206	121	49191682
CaTSNP6261	NC_021163.1	99.174	121	1	0	1	121	16429146	16429266	5.94e-56	219	121	49191682
CaTSNP8677	NC_021163.1	100.000	119	0	0	3	121	16511250	16511368	1.65e-56	220	121	49191682
CaTSNP6058	NC_021163.1	100.000	121	0	0	1	121	16469311	16469191	1.28e-57	224	121	49191682
CaTSNP8319	NC_021163.1	99.174	121	1	0	1	121	16624216	16624096	5.94e-56	219	121	49191682
CaSNP2600	NC_021163.1	98.361	122	1	1	1	121	15858064	15857943	2.77e-54	213	121	49191682
CaTSNP7260	NC_021163.1	100.000	121	0	0	1	121	16461890	16462010	1.28e-57	224	121	49191682
CaTSNP7635	NC_021163.1	100.000	121	0	0	1	121	16215835	16215715	1.28e-57	224	121	49191682
CaSNP2184	NC_021163.1	100.000	121	0	0	1	121	16029298	16029418	1.28e-57	224	121	49191682
CaSNP2527	NC_021163.1	99.174	121	1	0	1	121	15703010	15703130	5.94e-56	219	121	49191682
CaSNP3771	NC_021163.1	98.361	122	1	1	1	121	15771000	15771121	2.77e-54	213	121	49191682
CaTSNP6002	NC_021163.1	100.000	119	0	0	3	121	15900317	15900435	1.65e-56	220	121	49191682
CaSNP3029	NC_021163.1	99.174	121	1	0	1	121	15585811	15585931	5.94e-56	219	121	49191682
CaTSNP6439	NC_021163.1	100.000	121	0	0	1	121	15695798	15695678	1.28e-57	224	121	49191682
CaTSNP6634	NC_021163.1	98.347	121	2	0	1	121	15939790	15939670	2.77e-54	213	121	49191682
CaTSNP6694	NC_021163.1	100.000	75	0	0	17	91	16045650	16045724	4.76e-32	139	121	49191682
CaTSNP9054	NC_021163.1	100.000	86	0	0	1	86	15782973	15783058	3.65e-38	159	121	49191682
CaSNP4054	NC_021163.1	100.000	121	0	0	1	121	15063219	15063339	1.28e-57	224	121	49191682
CaSNP4054	NC_021165.1	90.598	117	11	0	5	121	35109880	35109764	4.73e-37	156	121	59463898
CaTSNP7259	NC_021163.1	100.000	90	0	0	1	90	15973966	15973877	2.18e-40	167	121	49191682
CaSNP2384	NC_021163.1	99.174	121	1	0	1	121	15296940	15297060	5.94e-56	219	121	49191682
CaSNP2436	NC_021163.1	100.000	121	0	0	1	121	15472898	15472778	1.28e-57	224	121	49191682
CaSNP4258	NC_021163.1	100.000	121	0	0	1	121	15112639	15112519	1.28e-57	224	121	49191682
CaSNP2714	NC_021163.1	99.174	121	1	0	1	121	15370658	15370538	5.94e-56	219	121	49191682
CaTSNP7707	NC_021160.1	100.000	67	0	0	1	67	4285211	4285277	1.33e-27	124	121	48359943
CaTSNP7707	NC_021160.1	100.000	55	0	0	67	121	4285387	4285441	6.25e-21	102	121	48359943
CaSNP3953	NC_021163.1	100.000	121	0	0	1	121	15211848	15211968	1.28e-57	224	121	49191682
CaSNP2879	NC_021163.1	99.174	121	1	0	1	121	15024169	15024289	5.94e-56	219	121	49191682
CaSNP3210	NC_021163.1	100.000	121	0	0	1	121	14889191	14889311	1.28e-57	224	121	49191682
CaSNP4344	NC_021163.1	100.000	121	0	0	1	121	14304310	14304190	1.28e-57	224	121	49191682
CaSNP4816	NC_021163.1	98.361	122	1	1	1	121	12286074	12286195	2.77e-54	213	121	49191682
CaSNP4609	NC_021163.1	99.174	121	1	0	1	121	13035902	13035782	5.94e-56	219	121	49191682
CaSNP4534	NC_021163.1	99.174	121	1	0	1	121	12449402	12449282	5.94e-56	219	121	49191682
CaSNP2380	NC_021163.1	99.174	121	1	0	1	121	12275156	12275036	5.94e-56	219	121	49191682
CaSNP3103	NC_021163.1	100.000	121	0	0	1	121	12360702	12360822	1.28e-57	224	121	49191682
CaSNP4038	NC_021163.1	99.174	121	1	0	1	121	14253523	14253403	5.94e-56	219	121	49191682
CaSNP4038	NC_021163.1	91.597	119	10	0	1	119	14247773	14247655	7.85e-40	165	121	49191682
CaSNP2799	NW_004522575.1	99.174	121	1	0	1	121	2917	2797	5.94e-56	219	121	3017
CaSNP2799	NC_021163.1	99.174	121	1	0	1	121	12048134	12048014	5.94e-56	219	121	49191682
CaSNP2799	NC_021163.1	99.174	121	1	0	1	121	12073225	12073105	5.94e-56	219	121	49191682
CaSNP3827	NC_021163.1	100.000	121	0	0	1	121	2325935	2325815	1.28e-57	224	121	49191682
CaSNP2889	NC_021163.1	100.000	121	0	0	1	121	318562	318682	1.28e-57	224	121	49191682
CaSNP2994	NC_021163.1	99.174	121	1	0	1	121	2977700	2977820	5.94e-56	219	121	49191682
CaSNP3386	NC_021163.1	100.000	121	0	0	1	121	1195399	1195279	1.28e-57	224	121	49191682
CaSNP4079	NC_021163.1	100.000	121	0	0	1	121	10727244	10727364	1.28e-57	224	121	49191682
CaSNP1931	NC_021163.1	99.174	121	1	0	1	121	1742528	1742408	5.94e-56	219	121	49191682
CaSNP2598	NC_021163.1	99.174	121	1	0	1	121	1515843	1515723	5.94e-56	219	121	49191682
CaSNP2709	NC_021163.1	100.000	121	0	0	1	121	1252173	1252053	1.28e-57	224	121	49191682
CaTSNP6728	NC_021163.1	99.174	121	0	1	1	121	397193	397074	2.14e-55	217	121	49191682
CaSNP2534	NC_021163.1	99.174	121	1	0	1	121	11092246	11092366	5.94e-56	219	121	49191682
CaSNP2065	NC_021163.1	100.000	121	0	0	1	121	10906792	10906912	1.28e-57	224	121	49191682
CaSNP3341	NC_021163.1	100.000	121	0	0	1	121	11589804	11589924	1.28e-57	224	121	49191682
CaSNP3607	NC_021163.1	100.000	121	0	0	1	121	11572514	11572394	1.28e-57	224	121	49191682
CaSNP2240	NC_021163.1	100.000	121	0	0	1	121	10547235	10547355	1.28e-57	224	121	49191682
CaTSNP7354	NC_021163.1	100.000	121	0	0	1	121	154536	154656	1.28e-57	224	121	49191682
CaSNP2176	NC_021163.1	100.000	121	0	0	1	121	10848457	10848337	1.28e-57	224	121	49191682
CaTSNP8381	NC_021163.1	100.000	121	0	0	1	121	409559	409679	1.28e-57	224	121	49191682
CaTSNP8303	NC_021163.1	100.000	121	0	0	1	121	215838	215958	1.28e-57	224	121	49191682
CaTSNP6062	NC_021163.1	99.174	121	1	0	1	121	228519	228399	5.94e-56	219	121	49191682
CaTSNP8457	NC_021163.1	100.000	84	0	0	1	84	12263444	12263527	4.73e-37	156	121	49191682
CaTSNP8457	NC_021163.1	95.238	84	4	0	1	84	12257384	12257467	2.21e-30	134	121	49191682
CaTSNP7003	NC_021163.1	99.174	121	1	0	1	121	462537	462417	5.94e-56	219	121	49191682
CaTSNP7381	NC_021163.1	100.000	121	0	0	1	121	579320	579440	1.28e-57	224	121	49191682
CaTSNP7142	NC_021163.1	99.174	121	1	0	1	121	12237550	12237430	5.94e-56	219	121	49191682
CaTSNP8221	NC_021163.1	100.000	92	0	0	1	92	12231609	12231700	1.69e-41	171	121	49191682
CaTSNP7235	NC_021163.1	100.000	121	0	0	1	121	12175477	12175357	1.28e-57	224	121	49191682
CaTSNP8250	NC_021163.1	100.000	121	0	0	1	121	12329462	12329342	1.28e-57	224	121	49191682
CaTSNP6970	NC_021163.1	100.000	121	0	0	1	121	555702	555582	1.28e-57	224	121	49191682
CaTSNP6023	NC_021163.1	99.174	121	1	0	1	121	827570	827690	5.94e-56	219	121	49191682
CaTSNP8814	NC_021163.1	100.000	84	0	0	38	121	834556	834473	4.73e-37	156	121	49191682
CaTSNP8656	NC_021163.1	100.000	121	0	0	1	121	769641	769761	1.28e-57	224	121	49191682
CaSNP3018	NC_021163.1	99.174	121	1	0	1	121	10236312	10236432	5.94e-56	219	121	49191682
CaTSNP6610	NC_021163.1	98.864	88	1	0	34	121	11087632	11087719	1.31e-37	158	121	49191682
CaTSNP7200	NC_021163.1	100.000	103	0	0	10	112	11857512	11857614	1.30e-47	191	121	49191682
CaTSNP7882	NC_021163.1	100.000	121	0	0	1	121	11645078	11644958	1.28e-57	224	121	49191682
CaTSNP8572	NC_021163.1	100.000	121	0	0	1	121	11724089	11723969	1.28e-57	224	121	49191682
CaTSNP6919	NC_021163.1	100.000	121	0	0	1	121	11746018	11746138	1.28e-57	224	121	49191682
CaTSNP9156	NC_021163.1	99.174	121	1	0	1	121	12595557	12595437	5.94e-56	219	121	49191682
CaTSNP6131	NC_021163.1	100.000	121	0	0	1	121	10747483	10747363	1.28e-57	224	121	49191682
CaTSNP6466	NC_021163.1	99.115	113	1	0	1	113	11233260	11233372	1.66e-51	204	121	49191682
CaTSNP8920	NC_021163.1	99.167	120	1	0	2	121	12498515	12498396	2.14e-55	217	121	49191682
CaTSNP6187	NC_021163.1	100.000	121	0	0	1	121	10893269	10893149	1.28e-57	224	121	49191682
CaTSNP6420	NC_021163.1	100.000	111	0	0	11	121	11309424	11309534	4.63e-52	206	121	49191682
CaTSNP8042	NC_021163.1	100.000	121	0	0	1	121	11053355	11053235	1.28e-57	224	121	49191682
CaTSNP8214	NC_021163.1	100.000	121	0	0	1	121	11628063	11628183	1.28e-57	224	121	49191682
CaTSNP8941	NC_021163.1	100.000	121	0	0	1	121	11284796	11284916	1.28e-57	224	121	49191682
CaTSNP7227	NC_021163.1	100.000	121	0	0	1	121	11040460	11040340	1.28e-57	224	121	49191682
CaTSNP7701	NC_021163.1	100.000	121	0	0	1	121	10553283	10553163	1.28e-57	224	121	49191682
CaTSNP7945	NC_021163.1	100.000	121	0	0	1	121	11386120	11386240	1.28e-57	224	121	49191682
CaTSNP6639	NC_021163.1	100.000	121	0	0	1	121	10832360	10832480	1.28e-57	224	121	49191682
CaTSNP7252	NC_021163.1	100.000	108	0	0	14	121	11113010	11113117	2.15e-50	200	121	49191682
CaTSNP7653	NC_021163.1	100.000	121	0	0	1	121	10910489	10910609	1.28e-57	224	121	49191682
CaTSNP7653	NC_021163.1	100.000	121	0	0	1	121	10911377	10911497	1.28e-57	224	121	49191682
CaTSNP8030	NC_021163.1	100.000	96	0	0	1	96	11490556	11490651	1.01e-43	178	121	49191682
CaTSNP7868	NC_021163.1	100.000	121	0	0	1	121	10747483	10747363	1.28e-57	224	121	49191682
CaTSNP9108	NC_021163.1	100.000	121	0	0	1	121	11966704	11966824	1.28e-57	224	121	49191682
CaTSNP7781	NC_021163.1	99.020	102	1	0	1	102	11285716	11285817	1.74e-45	183	102	49191682
CaTSNP6676	NC_021163.1	100.000	121	0	0	1	121	13722286	13722406	1.28e-57	224	121	49191682
CaTSNP8791	NC_021163.1	100.000	121	0	0	1	121	13584205	13584085	1.28e-57	224	121	49191682
CaTSNP8791	NC_021163.1	94.595	74	4	0	48	121	13707230	13707303	8.02e-25	115	121	49191682
CaTSNP8791	NC_021163.1	97.015	67	2	0	50	116	14143013	14142947	2.89e-24	113	121	49191682
CaTSNP8791	NC_021163.1	95.522	67	3	0	50	116	13996486	13996552	1.34e-22	108	121	49191682
CaTSNP6557	NC_021163.1	99.174	121	1	0	1	121	12780470	12780350	5.94e-56	219	121	49191682
CaTSNP6710	NC_021163.1	100.000	121	0	0	1	121	13063032	13062912	1.28e-57	224	121	49191682
CaTSNP6710	NC_021163.1	94.215	121	7	0	1	121	13071457	13071337	6.03e-46	185	121	49191682
CaTSNP8731	NC_021163.1	100.000	121	0	0	1	121	12435305	12435425	1.28e-57	224	121	49191682
CaTSNP6137	NC_021163.1	100.000	87	0	0	10	96	12985196	12985282	1.02e-38	161	121	49191682
CaTSNP6358	NC_021163.1	99.174	121	1	0	1	121	15358329	15358449	5.94e-56	219	121	49191682
CaTSNP8567	NC_021163.1	100.000	121	0	0	1	121	1061152	1061032	1.28e-57	224	121	49191682
CaTSNP8264	NC_021163.1	100.000	121	0	0	1	121	12857013	12857133	1.28e-57	224	121	49191682
CaTSNP7907	NC_021163.1	100.000	121	0	0	1	121	12870133	12870013	1.28e-57	224	121	49191682
CaTSNP6069	NC_021163.1	100.000	121	0	0	1	121	13100747	13100867	1.28e-57	224	121	49191682
CaTSNP8858	NC_021163.1	100.000	121	0	0	1	121	13485375	13485255	1.28e-57	224	121	49191682
CaTSNP7075	NC_021163.1	100.000	121	0	0	1	121	1051888	1051768	1.28e-57	224	121	49191682
CaTSNP6722	NC_021163.1	100.000	78	0	0	44	121	1009080	1009157	1.02e-33	145	121	49191682
CaTSNP6722	NC_021163.1	100.000	47	0	0	1	47	1008877	1008923	1.75e-16	87.9	121	49191682
CaTSNP8032	NC_021163.1	100.000	121	0	0	1	121	967447	967567	1.28e-57	224	121	49191682
CaTSNP6820	NC_021163.1	100.000	121	0	0	1	121	15473557	15473437	1.28e-57	224	121	49191682
CaTSNP7380	NC_021163.1	100.000	86	0	0	1	86	15322425	15322340	3.65e-38	159	121	49191682
CaTSNP6473	NC_021163.1	99.174	121	1	0	1	121	13319070	13318950	5.94e-56	219	121	49191682
CaTSNP6305	NC_021163.1	100.000	121	0	0	1	121	15191832	15191952	1.28e-57	224	121	49191682
CaTSNP6968	NC_021163.1	100.000	121	0	0	1	121	15358329	15358449	1.28e-57	224	121	49191682
CaTSNP7025	NC_021163.1	100.000	97	0	0	25	121	15403025	15403121	2.80e-44	180	121	49191682
CaTSNP7584	NC_021163.1	100.000	106	0	0	1	106	15204226	15204331	2.78e-49	196	121	49191682
CaTSNP8840	NC_021163.1	100.000	121	0	0	1	121	15353939	15353819	1.28e-57	224	121	49191682
CaTSNP6363	NC_021163.1	99.174	121	1	0	1	121	15364583	15364463	5.94e-56	219	121	49191682
CaTSNP8746	NC_021163.1	99.174	121	1	0	1	121	15364463	15364583	5.94e-56	219	121	49191682
CaTSNP7560	NC_021163.1	99.174	121	1	0	1	121	13311046	13310926	5.94e-56	219	121	49191682
CaTSNP7908	NC_021163.1	100.000	121	0	0	1	121	15463152	15463032	1.28e-57	224	121	49191682
CaTSNP7022	NC_021163.1	100.000	121	0	0	1	121	13959030	13958910	1.28e-57	224	121	49191682
CaTSNP7195	NC_021163.1	100.000	121	0	0	1	121	14060520	14060400	1.28e-57	224	121	49191682
CaTSNP7007	NC_021163.1	100.000	121	0	0	1	121	1168004	1168124	1.28e-57	224	121	49191682
CaTSNP6343	NC_021163.1	100.000	121	0	0	1	121	14947759	14947879	1.28e-57	224	121	49191682
CaTSNP7585	NC_021163.1	100.000	121	0	0	1	121	15007141	15007261	1.28e-57	224	121	49191682
CaTSNP6105	NC_021163.1	99.174	121	1	0	1	121	1210241	1210361	5.94e-56	219	121	49191682
CaTSNP7460	NC_021163.1	100.000	121	0	0	1	121	1179496	1179376	1.28e-57	224	121	49191682
CaTSNP7064	NC_021163.1	100.000	88	0	0	1	88	14615374	14615287	2.82e-39	163	121	49191682
CaTSNP6046	NC_021163.1	100.000	121	0	0	1	121	14202305	14202425	1.28e-57	224	121	49191682
CaTSNP6046	NC_021163.1	98.361	61	1	0	1	61	14192185	14192245	1.34e-22	108	121	49191682
CaTSNP7078	NC_021163.1	100.000	121	0	0	1	121	14031786	14031666	1.28e-57	224	121	49191682
CaTSNP8913	NC_021163.1	100.000	103	0	0	1	103	1187316	1187418	1.30e-47	191	121	49191682
CaTSNP7090	NC_021163.1	100.000	121	0	0	1	121	14606607	14606487	1.28e-57	224	121	49191682
CaTSNP6901	NC_021163.1	100.000	106	0	0	16	121	14427685	14427580	2.78e-49	196	121	49191682
CaTSNP6383	NC_021163.1	100.000	121	0	0	1	121	14438127	14438247	1.28e-57	224	121	49191682
CaTSNP6016	NC_021163.1	100.000	112	0	0	10	121	10361749	10361638	1.29e-52	207	121	49191682
CaTSNP8392	NC_021163.1	100.000	98	0	0	24	121	10366327	10366424	7.80e-45	182	121	49191682
CaTSNP6499	NC_021163.1	100.000	99	0	0	23	121	10182315	10182217	2.17e-45	183	121	49191682
CaTSNP6481	NC_021163.1	100.000	121	0	0	1	121	10079366	10079486	1.28e-57	224	121	49191682
CaTSNP8186	NC_021163.1	100.000	121	0	0	1	121	10099613	10099493	1.28e-57	224	121	49191682
CaTSNP7183	NC_021163.1	100.000	121	0	0	1	121	13961837	13961957	1.28e-57	224	121	49191682
CaTSNP6402	NC_021163.1	99.174	121	1	0	1	121	14681511	14681391	5.94e-56	219	121	49191682
CaTSNP8868	NC_021163.1	99.167	120	0	1	1	120	14883733	14883851	7.69e-55	215	121	49191682
CaTSNP6643	NC_021163.1	100.000	80	0	0	1	80	1620412	1620333	7.91e-35	148	121	49191682
CaTSNP8803	NC_021163.1	100.000	121	0	0	1	121	1562529	1562649	1.28e-57	224	121	49191682
CaTSNP8265	NC_021163.1	100.000	121	0	0	1	121	1869708	1869588	1.28e-57	224	121	49191682
CaTSNP7035	NC_021163.1	99.174	121	1	0	1	121	14829727	14829847	5.94e-56	219	121	49191682
CaTSNP8535	NC_021163.1	100.000	121	0	0	1	121	14804987	14804867	1.28e-57	224	121	49191682
CaTSNP8589	NC_021163.1	100.000	121	0	0	1	121	1475111	1475231	1.28e-57	224	121	49191682
CaTSNP8098	NC_021163.1	100.000	121	0	0	1	121	1571434	1571314	1.28e-57	224	121	49191682
CaTSNP8263	NC_021163.1	99.174	121	1	0	1	121	1828161	1828281	5.94e-56	219	121	49191682
CaTSNP8492	NC_021163.1	98.347	121	2	0	1	121	1867168	1867288	2.77e-54	213	121	49191682
CaTSNP8492	NC_021161.1	93.388	121	8	0	1	121	24627819	24627699	2.80e-44	180	121	36634854
CaTSNP8492	NC_021160.1	93.388	121	8	0	1	121	28612415	28612535	2.80e-44	180	121	48359943
CaTSNP8492	NC_021160.1	93.388	121	8	0	1	121	47491009	47490889	2.80e-44	180	121	48359943
CaTSNP8792	NC_021163.1	99.174	121	1	0	1	121	14899640	14899520	5.94e-56	219	121	49191682
CaTSNP7103	NC_021163.1	98.333	120	2	0	2	121	14890243	14890362	9.95e-54	211	121	49191682
CaTSNP7103	NC_021163.1	93.388	121	8	0	1	121	14872295	14872415	2.80e-44	180	121	49191682
CaTSNP7198	NC_021163.1	100.000	121	0	0	1	121	14628134	14628014	1.28e-57	224	121	49191682
CaTSNP6529	NC_021163.1	100.000	121	0	0	1	121	14721896	14721776	1.28e-57	224	121	49191682
CaTSNP6972	NC_021163.1	100.000	121	0	0	1	121	1968737	1968857	1.28e-57	224	121	49191682
CaTSNP6972	NC_021163.1	100.000	121	0	0	1	121	1971641	1971761	1.28e-57	224	121	49191682
CaTSNP8741	NC_021163.1	100.000	121	0	0	1	121	1969567	1969447	1.28e-57	224	121	49191682
CaTSNP8741	NC_021163.1	100.000	121	0	0	1	121	1972471	1972351	1.28e-57	224	121	49191682
CaTSNP8743	NC_021163.1	100.000	121	0	0	1	121	2108642	2108762	1.28e-57	224	121	49191682
CaTSNP8976	NC_021163.1	100.000	121	0	0	1	121	1982806	1982686	1.28e-57	224	121	49191682
CaTSNP8686	NC_021166.1	100.000	121	0	0	1	121	6194887	6195007	1.28e-57	224	121	48961560
CaTSNP9021	NC_021163.1	100.000	121	0	0	1	121	2467746	2467626	1.28e-57	224	121	49191682
CaTSNP6204	NC_021163.1	100.000	95	0	0	27	121	2280474	2280380	3.63e-43	176	121	49191682
CaTSNP6199	NC_021163.1	99.174	121	1	0	1	121	2314029	2313909	5.94e-56	219	121	49191682
CaTSNP6334	NC_021163.1	100.000	121	0	0	1	121	2490749	2490629	1.28e-57	224	121	49191682
CaTSNP9046	NC_021163.1	99.174	121	1	0	1	121	2242451	2242331	5.94e-56	219	121	49191682
CaTSNP6052	NC_021163.1	100.000	121	0	0	1	121	2655332	2655452	1.28e-57	224	121	49191682
CaTSNP8747	NC_021163.1	100.000	121	0	0	1	121	2992365	2992245	1.28e-57	224	121	49191682
CaTSNP8700	NC_021163.1	99.174	121	1	0	1	121	3168914	3169034	5.94e-56	219	121	49191682
CaTSNP7587	NC_021163.1	100.000	120	0	0	2	121	3149499	3149380	4.59e-57	222	121	49191682
CaTSNP8612	NC_021163.1	97.727	88	1	1	35	121	3108539	3108626	2.20e-35	150	121	49191682
CaTSNP7057	NC_021164.1	100.000	67	0	0	55	121	22045712	22045646	1.33e-27	124	121	48169137
CaTSNP7057	NC_021164.1	100.000	57	0	0	1	57	22045909	22045853	4.83e-22	106	121	48169137
CaTSNP8985	NC_021163.1	100.000	93	0	0	1	93	3317260	3317352	4.69e-42	172	121	49191682
CaTSNP7056	NC_021163.1	100.000	121	0	0	1	121	3243058	3243178	1.28e-57	224	121	49191682
CaTSNP7056	NC_021163.1	90.083	121	12	0	1	121	28874843	28874963	1.31e-37	158	121	49191682
CaTSNP7191	NC_021163.1	99.174	121	1	0	1	121	3368262	3368142	5.94e-56	219	121	49191682
CaTSNP7632	NC_021163.1	99.174	121	1	0	1	121	3390634	3390754	5.94e-56	219	121	49191682
CaTSNP7807	NC_021163.1	100.000	90	0	0	32	121	3415321	3415410	2.18e-40	167	121	49191682
CaTSNP7879	NC_021163.1	98.214	112	0	2	11	121	3537315	3537425	1.00e-48	195	121	49191682
CaTSNP7039	NC_021163.1	100.000	121	0	0	1	121	3481245	3481125	1.28e-57	224	121	49191682
CaTSNP7670	NC_021163.1	100.000	121	0	0	1	121	3696379	3696499	1.28e-57	224	121	49191682
CaTSNP8074	NC_021163.1	100.000	121	0	0	1	121	3731785	3731665	1.28e-57	224	121	49191682
CaTSNP7202	NC_021163.1	100.000	121	0	0	1	121	3722582	3722462	1.28e-57	224	121	49191682
CaTSNP6224	NC_021163.1	100.000	121	0	0	1	121	4535685	4535565	1.28e-57	224	121	49191682
CaTSNP7796	NC_021163.1	100.000	121	0	0	1	121	3900454	3900574	1.28e-57	224	121	49191682
CaTSNP8837	NC_021163.1	99.123	114	0	1	1	113	4108285	4108172	1.66e-51	204	121	49191682
CaTSNP6747	NC_021163.1	100.000	94	0	0	1	94	4139997	4140090	1.30e-42	174	121	49191682
CaTSNP6300	NC_021163.1	100.000	121	0	0	1	121	5022053	5022173	1.28e-57	224	121	49191682
CaTSNP7043	NC_021163.1	98.214	56	1	0	29	84	4707469	4707524	8.08e-20	99.0	121	49191682
CaTSNP7096	NC_021163.1	100.000	121	0	0	1	121	4604066	4604186	1.28e-57	224	121	49191682
CaTSNP7732	NC_021163.1	100.000	121	0	0	1	121	4610378	4610258	1.28e-57	224	121	49191682
CaTSNP8084	NC_021163.1	100.000	121	0	0	1	121	4430837	4430717	1.28e-57	224	121	49191682
CaTSNP8522	NC_021163.1	100.000	81	0	0	41	121	4689228	4689148	2.20e-35	150	121	49191682
CaTSNP8999	NC_021163.1	100.000	121	0	0	1	121	4617154	4617274	1.28e-57	224	121	49191682
CaTSNP7250	NC_021163.1	99.174	121	1	0	1	121	4855852	4855732	5.94e-56	219	121	49191682
CaTSNP8398	NC_021163.1	100.000	90	0	0	32	121	4401407	4401496	2.18e-40	167	121	49191682
CaTSNP6678	NC_021163.1	100.000	121	0	0	1	121	5056391	5056511	1.28e-57	224	121	49191682
CaTSNP6682	NC_021163.1	99.174	121	1	0	1	121	4661307	4661187	5.94e-56	219	121	49191682
CaTSNP7476	NC_021163.1	100.000	121	0	0	1	121	5016202	5016082	1.28e-57	224	121	49191682
CaTSNP7340	NC_021163.1	100.000	88	0	0	34	121	4950401	4950488	2.82e-39	163	121	49191682
CaTSNP9086	NC_021163.1	98.864	88	1	0	27	114	4245740	4245653	1.31e-37	158	121	49191682
CaTSNP9082	NC_021163.1	100.000	121	0	0	1	121	4389141	4389021	1.28e-57	224	121	49191682
CaSNP5054	NC_021163.1	99.174	121	1	0	1	121	3616257	3616137	5.94e-56	219	121	49191682
CaSNP1941	NC_021163.1	100.000	121	0	0	1	121	3795017	3794897	1.28e-57	224	121	49191682
CaSNP1941	NC_021163.1	92.562	121	9	0	1	121	23308137	23308017	1.30e-42	174	121	49191682
CaSNP1941	NC_021160.1	96.667	120	4	0	1	120	18735818	18735699	2.15e-50	200	121	48359943
CaSNP1941	NC_021165.1	95.868	121	5	0	1	121	23845506	23845386	2.78e-49	196	121	59463898
CaSNP1941	NC_021165.1	90.833	120	11	0	2	121	33584970	33584851	1.02e-38	161	121	59463898
CaSNP1941	NC_021164.1	95.868	121	5	0	1	121	2700761	2700641	2.78e-49	196	121	48169137
CaSNP1941	NC_021164.1	93.694	111	7	0	1	111	38244320	38244430	2.18e-40	167	121	48169137
CaSNP1941	NW_004517355.1	95.041	121	6	0	1	121	241919	241799	1.30e-47	191	121	356271
CaSNP5130	NC_021163.1	99.174	121	1	0	1	121	4047383	4047503	5.94e-56	219	121	49191682
CaSNP2328	NC_021163.1	100.000	121	0	0	1	121	4328187	4328067	1.28e-57	224	121	49191682
CaSNP3726	NC_021163.1	100.000	121	0	0	1	121	4202088	4202208	1.28e-57	224	121	49191682
CaSNP4089	NC_021163.1	100.000	121	0	0	1	121	15185357	15185477	1.28e-57	224	121	49191682
CaSNP2164	NC_021163.1	99.174	121	1	0	1	121	5340705	5340825	5.94e-56	219	121	49191682
CaSNP4055	NC_021163.1	99.174	121	1	0	1	121	5476265	5476145	5.94e-56	219	121	49191682
CaTSNP6295	NC_021163.1	100.000	121	0	0	1	121	5262286	5262166	1.28e-57	224	121	49191682
CaTSNP8586	NC_021163.1	99.174	121	1	0	1	121	5527782	5527902	5.94e-56	219	121	49191682
CaTSNP8290	NC_021163.1	100.000	121	0	0	1	121	5449885	5449765	1.28e-57	224	121	49191682
CaTSNP8247	NC_021163.1	100.000	121	0	0	1	121	5560580	5560460	1.28e-57	224	121	49191682
CaSNP2806	NC_021163.1	99.174	121	1	0	1	121	9978399	9978279	5.94e-56	219	121	49191682
CaTSNP7109	NC_021163.1	100.000	121	0	0	1	121	5652437	5652557	1.28e-57	224	121	49191682
CaTSNP7148	NC_021163.1	99.174	121	1	0	1	121	9920245	9920365	5.94e-56	219	121	49191682
CaTSNP8249	NC_021163.1	100.000	107	0	0	15	121	9583827	9583933	7.74e-50	198	121	49191682
CaTSNP6094	NC_021163.1	100.000	92	0	0	30	121	9840937	9840846	1.69e-41	171	121	49191682
CaTSNP7278	NC_021163.1	100.000	121	0	0	1	121	9672677	9672557	1.28e-57	224	121	49191682
CaTSNP6526	NC_021163.1	99.099	111	1	0	11	121	5829043	5829153	2.15e-50	200	121	49191682
CaTSNP6887	NC_021163.1	100.000	121	0	0	1	121	9742124	9742004	1.28e-57	224	121	49191682
CaSNP2429	NC_021163.1	100.000	121	0	0	1	121	9666395	9666275	1.28e-57	224	121	49191682
CaSNP1935	NC_021163.1	100.000	121	0	0	1	121	9622260	9622380	1.28e-57	224	121	49191682
CaSNP3670	NC_021163.1	99.174	121	1	0	1	121	9429987	9429867	5.94e-56	219	121	49191682
CaTSNP7823	NC_021163.1	99.174	121	1	0	1	121	5932609	5932729	5.94e-56	219	121	49191682
CaTSNP7823	NW_004516434.1	91.736	121	10	0	1	121	85994	85874	6.07e-41	169	121	288814
CaTSNP7823	NW_004516434.1	91.736	121	10	0	1	121	156100	156220	6.07e-41	169	121	288814
CaTSNP7823	NW_004516434.1	91.736	121	10	0	1	121	181810	181930	6.07e-41	169	121	288814
CaTSNP6570	NC_021163.1	100.000	121	0	0	1	121	6040543	6040423	1.28e-57	224	121	49191682
CaTSNP7661	NC_021163.1	100.000	121	0	0	1	121	6251035	6250915	1.28e-57	224	121	49191682
CaTSNP8729	NC_021163.1	100.000	101	0	0	1	101	6328719	6328819	1.68e-46	187	121	49191682
CaTSNP6609	NC_021163.1	99.174	121	1	0	1	121	6165313	6165433	5.94e-56	219	121	49191682
CaTSNP6718	NC_021163.1	99.115	113	1	0	9	121	9402380	9402268	1.66e-51	204	121	49191682
CaTSNP6718	NC_021163.1	94.828	58	3	0	11	68	9412812	9412755	1.35e-17	91.6	121	49191682
CaTSNP7516	NC_021163.1	100.000	121	0	0	1	121	9514822	9514942	1.28e-57	224	121	49191682
CaTSNP7551	NC_021163.1	99.029	103	0	1	1	103	9121322	9121423	2.17e-45	183	121	49191682
CaTSNP7551	NW_004515687.1	93.204	103	6	1	1	103	313561	313662	2.20e-35	150	121	347246
CaTSNP7221	NC_021163.1	100.000	121	0	0	1	121	6460653	6460533	1.28e-57	224	121	49191682
CaTSNP7348	NC_021163.1	100.000	121	0	0	1	121	9291102	9291222	1.28e-57	224	121	49191682
CaTSNP6564	NC_021163.1	100.000	121	0	0	1	121	6593118	6592998	1.28e-57	224	121	49191682
CaTSNP7290	NC_021163.1	99.174	121	1	0	1	121	6630149	6630029	5.94e-56	219	121	49191682
CaTSNP6528	NC_021163.1	100.000	82	0	0	1	82	6669145	6669226	6.11e-36	152	121	49191682
CaTSNP6528	NC_021163.1	100.000	47	0	0	75	121	6669577	6669623	1.75e-16	87.9	121	49191682
CaTSNP7731	NC_021163.1	100.000	121	0	0	1	121	6621258	6621138	1.28e-57	224	121	49191682
CaTSNP8968	NC_021163.1	98.980	98	1	0	24	121	6720764	6720667	3.63e-43	176	121	49191682
CaTSNP6583	NC_021163.1	100.000	114	0	0	1	114	6743294	6743181	9.95e-54	211	121	49191682
CaTSNP6808	NC_021163.1	99.174	121	1	0	1	121	8306859	8306739	5.94e-56	219	121	49191682
CaTSNP7449	NC_021163.1	100.000	121	0	0	1	121	8703273	8703153	1.28e-57	224	121	49191682
CaTSNP7688	NC_021163.1	98.864	88	1	0	34	121	8570741	8570828	1.31e-37	158	121	49191682
CaTSNP7832	NC_021163.1	99.174	121	1	0	1	121	8512606	8512726	5.94e-56	219	121	49191682
CaTSNP8149	NC_021163.1	100.000	121	0	0	1	121	8874847	8874727	1.28e-57	224	121	49191682
CaTSNP8520	NC_021163.1	100.000	121	0	0	1	121	8127588	8127468	1.28e-57	224	121	49191682
CaTSNP6659	NC_021163.1	100.000	121	0	0	1	121	6715266	6715386	1.28e-57	224	121	49191682
CaTSNP7425	NC_021163.1	99.174	121	1	0	1	121	8349864	8349744	5.94e-56	219	121	49191682
CaTSNP7436	NC_021163.1	99.174	121	1	0	1	121	8299179	8299299	5.94e-56	219	121	49191682
CaTSNP6107	NC_021163.1	98.039	102	1	1	14	114	7960819	7960718	3.63e-43	176	121	49191682
CaTSNP6218	NC_021163.1	99.174	121	1	0	1	121	8149166	8149046	5.94e-56	219	121	49191682
CaTSNP6139	NC_021163.1	100.000	121	0	0	1	121	7418738	7418618	1.28e-57	224	121	49191682
CaTSNP6017	NC_021163.1	100.000	95	0	0	1	95	8406368	8406274	3.63e-43	176	121	49191682
CaTSNP6017	NC_021163.1	94.624	93	5	0	1	93	8399337	8399245	1.02e-33	145	121	49191682
CaTSNP6017	NC_021165.1	94.624	93	5	0	1	93	12778819	12778727	1.02e-33	145	121	59463898
CaTSNP7363	NC_021167.1	100.000	58	0	0	50	107	2004520	2004463	1.34e-22	108	121	16477302
CaTSNP7363	NC_021167.1	100.000	52	0	0	1	52	2004654	2004603	2.91e-19	97.1	121	16477302
CaTSNP6802	NC_021163.1	100.000	121	0	0	1	121	6884775	6884655	1.28e-57	224	121	49191682
CaTSNP7933	NC_021163.1	100.000	109	0	0	13	121	7392464	7392356	5.99e-51	202	121	49191682
CaTSNP6372	NC_021163.1	100.000	79	0	0	1	79	7280631	7280709	2.84e-34	147	121	49191682
CaTSNP6312	NC_021163.1	100.000	121	0	0	1	121	6851288	6851168	1.28e-57	224	121	49191682
CaTSNP6301	NC_021163.1	99.174	121	1	0	1	121	6941839	6941959	5.94e-56	219	121	49191682
CaTSNP8453	NC_021163.1	100.000	81	0	0	1	81	6914989	6914909	2.20e-35	150	121	49191682
CaTSNP8605	NC_021163.1	100.000	121	0	0	1	121	8082172	8082052	1.28e-57	224	121	49191682
CaTSNP9152	NC_021163.1	100.000	111	0	0	1	111	8025664	8025554	4.63e-52	206	121	49191682
CaTSNP8548	NC_021163.1	100.000	121	0	0	1	121	7069330	7069450	1.28e-57	224	121	49191682
CaTSNP8548	NC_021166.1	98.077	52	1	0	70	121	20252495	20252546	1.35e-17	91.6	121	48961560
CaTSNP8548	NC_021165.1	98.077	52	1	0	70	121	48255445	48255496	1.35e-17	91.6	121	59463898
CaTSNP8548	NC_021160.1	98.077	52	1	0	70	121	27017920	27017971	1.35e-17	91.6	121	48359943
CaTSNP7804	NC_021163.1	100.000	121	0	0	1	121	6941839	6941959	1.28e-57	224	121	49191682
CaTSNP8270	NC_021163.1	100.000	121	0	0	1	121	6793120	6793000	1.28e-57	224	121	49191682
CaTSNP7619	NC_021163.1	100.000	111	0	0	11	121	7866189	7866079	4.63e-52	206	121	49191682
CaTSNP8235	NC_021163.1	100.000	121	0	0	1	121	7781991	7781871	1.28e-57	224	121	49191682
CaTSNP7311	NC_021163.1	99.174	121	1	0	1	121	8067680	8067560	5.94e-56	219	121	49191682
CaTSNP6671	NC_021163.1	100.000	121	0	0	1	121	8993981	8993861	1.28e-57	224	121	49191682
CaTSNP6888	NC_021163.1	100.000	116	0	0	6	121	9194443	9194328	7.69e-55	215	121	49191682
CaTSNP7430	NC_021163.1	100.000	121	0	0	1	121	8955320	8955440	1.28e-57	224	121	49191682
CaTSNP7611	NC_021163.1	98.780	82	1	0	40	121	7195272	7195353	2.84e-34	147	121	49191682
CaTSNP7783	NC_021163.1	100.000	121	0	0	1	121	7202206	7202326	1.28e-57	224	121	49191682
CaTSNP8276	NC_021163.1	99.038	104	1	0	1	104	7342734	7342631	1.68e-46	187	121	49191682
CaTSNP6568	NC_021163.1	100.000	92	0	0	1	92	6953244	6953335	1.69e-41	171	121	49191682
CaTSNP7450	NC_021163.1	100.000	119	0	0	1	119	7918952	7918834	1.65e-56	220	121	49191682
CaTSNP7495	NC_021163.1	100.000	121	0	0	1	121	7799505	7799385	1.28e-57	224	121	49191682
CaTSNP7422	NC_021163.1	98.824	85	0	1	37	121	7608291	7608208	2.20e-35	150	121	49191682
CaTSNP7987	NC_021163.1	100.000	121	0	0	1	121	7698667	7698787	1.28e-57	224	121	49191682
CaTSNP8783	NC_021163.1	99.065	107	0	1	6	112	7529118	7529223	1.30e-47	191	121	49191682
CaSNP1945	NC_021163.1	99.174	121	1	0	1	121	8805056	8805176	5.94e-56	219	121	49191682
CaSNP2404	NC_021163.1	99.174	121	1	0	1	121	9144286	9144166	5.94e-56	219	121	49191682
CaSNP4501	NC_021163.1	99.174	121	1	0	1	121	7492259	7492379	5.94e-56	219	121	49191682
CaSNP3453	NC_021163.1	99.174	121	1	0	1	121	7520967	7521087	5.94e-56	219	121	49191682
CaSNP3928	NC_021163.1	99.174	121	1	0	1	121	7440424	7440544	5.94e-56	219	121	49191682
CaSNP5082	NC_021163.1	99.174	121	1	0	1	121	6954946	6955066	5.94e-56	219	121	49191682
CaSNP5082	NW_004522504.1	95.041	121	6	0	1	121	319	439	1.30e-47	191	121	2274
CaSNP2342	NC_021163.1	99.174	121	1	0	1	121	7615482	7615602	5.94e-56	219	121	49191682
CaSNP1922	NC_021163.1	100.000	121	0	0	1	121	6727642	6727762	1.28e-57	224	121	49191682
CaSNP4827	NW_004515823.1	99.174	121	1	0	1	121	106095	106215	5.94e-56	219	121	760543
CaSNP3946	NC_021164.1	100.000	121	0	0	1	121	25619013	25619133	1.28e-57	224	121	48169137
CaSNP3942	NW_004516753.1	100.000	121	0	0	1	121	42870	42990	1.28e-57	224	121	505910
CaTSNP7801	NW_004515809.1	99.174	121	1	0	1	121	462269	462149	5.94e-56	219	121	490878
CaTSNP7801	NW_004515809.1	97.521	121	3	0	1	121	417457	417337	1.29e-52	207	121	490878
CaTSNP8676	NC_021164.1	100.000	106	0	0	1	106	21769520	21769625	2.78e-49	196	121	48169137
CaTSNP7477	NC_021164.1	100.000	121	0	0	1	121	22014453	22014573	1.28e-57	224	121	48169137
CaTSNP7199	NC_021164.1	100.000	121	0	0	1	121	24717637	24717757	1.28e-57	224	121	48169137
CaSNP3299	NC_021164.1	100.000	121	0	0	1	121	24817382	24817502	1.28e-57	224	121	48169137
CaSNP3299	NC_021167.1	92.405	79	6	0	43	121	13834980	13835058	2.89e-24	113	121	16477302
CaSNP2118	NC_021164.1	100.000	121	0	0	1	121	26367047	26366927	1.28e-57	224	121	48169137
CaSNP4565	NC_021164.1	100.000	121	0	0	1	121	25582782	25582662	1.28e-57	224	121	48169137
CaSNP4071	NC_021164.1	100.000	121	0	0	1	121	24329558	24329678	1.28e-57	224	121	48169137
CaSNP2640	NC_021164.1	99.174	121	1	0	1	121	22608000	22608120	5.94e-56	219	121	48169137
CaSNP3088	NC_021163.1	99.174	121	1	0	1	121	36265935	36265815	5.94e-56	219	121	49191682
CaSNP3245	NC_021164.1	99.174	121	1	0	1	121	23192845	23192965	5.94e-56	219	121	48169137
CaSNP3245	NC_021164.1	99.174	121	1	0	1	121	36001731	36001851	5.94e-56	219	121	48169137
CaSNP4978	NC_021164.1	100.000	121	0	0	1	121	25597137	25597017	1.28e-57	224	121	48169137
CaSNP5069	NC_021164.1	99.174	121	1	0	1	121	20456945	20457065	5.94e-56	219	121	48169137
CaSNP2316	NC_021164.1	100.000	121	0	0	1	121	23320554	23320674	1.28e-57	224	121	48169137
CaSNP2723	NC_021165.1	100.000	121	0	0	1	121	45944388	45944508	1.28e-57	224	121	59463898
CaSNP4630	NC_021164.1	99.174	121	1	0	1	121	25540604	25540724	5.94e-56	219	121	48169137
CaSNP3954	NC_021164.1	99.174	121	1	0	1	121	26253883	26253763	5.94e-56	219	121	48169137
CaSNP3954	NC_021164.1	99.174	121	1	0	1	121	26273083	26273203	5.94e-56	219	121	48169137
CaSNP3765	NC_021164.1	100.000	121	0	0	1	121	22447669	22447549	1.28e-57	224	121	48169137
CaSNP2091	NC_021164.1	100.000	121	0	0	1	121	23932936	23932816	1.28e-57	224	121	48169137
CaSNP3547	NC_021164.1	99.180	122	0	1	1	121	22938040	22938161	5.94e-56	219	121	48169137
CaSNP3547	NC_021160.1	94.030	67	3	1	56	121	31404178	31404244	2.25e-20	100	121	48359943
CaSNP3547	NC_021160.1	93.443	61	3	1	62	121	43973246	43973306	4.86e-17	89.8	121	48359943
CaSNP3547	NW_004522507.1	92.188	64	4	1	59	121	2224	2287	4.86e-17	89.8	121	2287
CaSNP3547	NW_004515725.1	93.333	60	4	0	62	121	217591	217650	4.86e-17	89.8	121	535328
CaSNP3547	NC_021163.1	92.188	64	4	1	59	121	32922323	32922386	4.86e-17	89.8	121	49191682
CaSNP4544	NC_021164.1	99.174	121	1	0	1	121	25097032	25097152	5.94e-56	219	121	48169137
CaTSNP8753	NC_021164.1	100.000	98	0	0	24	121	25473477	25473574	7.80e-45	182	121	48169137
CaSNP3624	NC_021164.1	100.000	121	0	0	1	121	22344622	22344742	1.28e-57	224	121	48169137
CaTSNP7132	NC_021164.1	100.000	121	0	0	1	121	26168284	26168164	1.28e-57	224	121	48169137
CaSNP2481	NC_021163.1	100.000	121	0	0	1	121	36024041	36024161	1.28e-57	224	121	49191682
CaTSNP7368	NC_021164.1	100.000	121	0	0	1	121	26291386	26291506	1.28e-57	224	121	48169137
CaTSNP8395	NC_021164.1	100.000	121	0	0	1	121	25040133	25040253	1.28e-57	224	121	48169137
CaTSNP8395	NC_021166.1	94.118	119	7	0	3	121	22110892	22111010	7.80e-45	182	121	48961560
CaTSNP8709	NC_021164.1	100.000	121	0	0	1	121	26089793	26089673	1.28e-57	224	121	48169137
CaSNP4841	NC_021164.1	99.174	121	1	0	1	121	25208033	25207913	5.94e-56	219	121	48169137
CaTSNP6773	NC_021164.1	100.000	51	0	0	39	89	25205668	25205718	1.05e-18	95.3	121	48169137
CaSNP5074	NC_021164.1	99.174	121	1	0	1	121	23512144	23512024	5.94e-56	219	121	48169137
CaTSNP6057	NC_021164.1	99.174	121	1	0	1	121	26024724	26024844	5.94e-56	219	121	48169137
CaSNP1985	NW_004516374.1	100.000	121	0	0	1	121	140536	140656	1.28e-57	224	121	270902
CaSNP1985	NW_004515786.1	90.291	103	7	3	17	116	100487	100589	7.97e-30	132	121	457672
CaSNP2893	NC_021164.1	100.000	121	0	0	1	121	22987690	22987810	1.28e-57	224	121	48169137
CaTSNP7962	NC_021164.1	100.000	121	0	0	1	121	26235938	26236058	1.28e-57	224	121	48169137
CaSNP2379	NW_004516753.1	100.000	121	0	0	1	121	253103	252983	1.28e-57	224	121	505910
CaSNP4773	NC_021164.1	99.174	121	1	0	1	121	26321617	26321737	5.94e-56	219	121	48169137
CaSNP2272	NW_004517097.1	100.000	121	0	0	1	121	176989	176869	1.28e-57	224	121	214423
CaSNP2209	NC_021164.1	99.174	121	1	0	1	121	25706373	25706493	5.94e-56	219	121	48169137
CaSNP3534	NC_021164.1	99.174	121	1	0	1	121	24250447	24250567	5.94e-56	219	121	48169137
CaSNP3534	NC_021164.1	94.017	117	7	0	3	119	24183038	24183154	1.01e-43	178	121	48169137
CaSNP3534	NC_021164.1	93.162	117	8	0	3	119	24116456	24116572	4.69e-42	172	121	48169137
CaSNP3534	NC_021164.1	90.598	117	11	0	3	119	3712400	3712284	4.73e-37	156	121	48169137
CaSNP4005	NC_021164.1	100.000	121	0	0	1	121	20598130	20598010	1.28e-57	224	121	48169137
CaSNP4005	NW_004515729.1	92.647	68	5	0	3	70	229928	229861	8.08e-20	99.0	121	489119
CaTSNP6389	NC_021164.1	100.000	121	0	0	1	121	22419737	22419617	1.28e-57	224	121	48169137
CaSNP2946	NC_021164.1	100.000	121	0	0	1	121	24887748	24887628	1.28e-57	224	121	48169137
CaSNP5030	NC_021164.1	99.174	121	1	0	1	121	25681275	25681395	5.94e-56	219	121	48169137
CaSNP2375	NC_021164.1	99.174	121	1	0	1	121	25067776	25067896	5.94e-56	219	121	48169137
CaTSNP6508	NW_004517097.1	100.000	121	0	0	1	121	173882	173762	1.28e-57	224	121	214423
CaTSNP6660	NW_004516753.1	100.000	121	0	0	1	121	234372	234492	1.28e-57	224	121	505910
CaTSNP7174	NC_021164.1	100.000	121	0	0	1	121	22778988	22779108	1.28e-57	224	121	48169137
CaTSNP6051	NC_021164.1	100.000	121	0	0	1	121	24610911	24610791	1.28e-57	224	121	48169137
CaTSNP9083	NC_021165.1	100.000	121	0	0	1	121	46131152	46131272	1.28e-57	224	121	59463898
CaSNP3474	NW_004516008.1	99.174	121	1	0	1	121	22449	22569	5.94e-56	219	121	138491
CaSNP3474	NC_021161.1	92.800	125	5	1	1	121	4088101	4088225	1.01e-43	178	121	36634854
CaSNP3474	NW_004517470.1	91.736	121	9	1	1	121	136590	136709	2.18e-40	167	121	177112
CaTSNP8374	NW_004516008.1	100.000	118	0	0	1	118	34896	35013	5.94e-56	219	121	138491
CaSNP2466	NC_021164.1	100.000	121	0	0	1	121	25469274	25469154	1.28e-57	224	121	48169137
CaSNP3912	NC_021164.1	100.000	121	0	0	1	121	20755514	20755634	1.28e-57	224	121	48169137
CaTSNP6881	NC_021163.1	100.000	121	0	0	1	121	35959006	35959126	1.28e-57	224	121	49191682
CaTSNP7286	NW_004517097.1	100.000	121	0	0	1	121	78893	78773	1.28e-57	224	121	214423
CaTSNP7792	NC_021164.1	100.000	97	0	0	1	97	21764827	21764923	2.80e-44	180	121	48169137
CaTSNP7471	NC_021164.1	100.000	121	0	0	1	121	22588186	22588306	1.28e-57	224	121	48169137
CaTSNP7541	NC_021164.1	100.000	121	0	0	1	121	24320070	24320190	1.28e-57	224	121	48169137
CaTSNP7776	NW_004515809.1	100.000	108	0	0	1	108	212564	212457	1.86e-50	200	108	490878
CaTSNP7212	NW_004515752.1	100.000	121	0	0	1	121	453505	453385	1.28e-57	224	121	467888
CaTSNP8010	NC_021164.1	100.000	87	0	0	1	87	24444568	24444654	1.02e-38	161	121	48169137
CaTSNP8624	NC_021165.1	100.000	121	0	0	1	121	45613957	45614077	1.28e-57	224	121	59463898
CaSNP2371	NC_021164.1	100.000	121	0	0	1	121	22015627	22015747	1.28e-57	224	121	48169137
CaSNP4116	NC_021164.1	99.174	121	1	0	1	121	7153994	7154114	5.94e-56	219	121	48169137
CaTSNP6122	NW_004515809.1	100.000	121	0	0	1	121	212564	212444	1.28e-57	224	121	490878
CaSNP2616	NW_004515809.1	100.000	121	0	0	1	121	176834	176714	1.28e-57	224	121	490878
CaSNP2616	NC_021162.1	98.889	90	1	0	32	121	26789439	26789350	1.02e-38	161	121	39989001
CaSNP2694	NW_004515809.1	100.000	121	0	0	1	121	350978	350858	1.28e-57	224	121	490878
CaSNP4498	NC_021164.1	100.000	121	0	0	1	121	23617326	23617446	1.28e-57	224	121	48169137
CaSNP4498	NC_021164.1	98.529	68	1	0	25	92	30248447	30248514	1.72e-26	121	121	48169137
CaSNP3452	NC_021164.1	99.174	121	1	0	1	121	20832769	20832649	5.94e-56	219	121	48169137
CaSNP2356	NC_021164.1	98.925	93	1	0	29	121	23417720	23417628	2.18e-40	167	121	48169137
CaSNP2464	NW_004517097.1	99.174	121	1	0	1	121	77319	77199	5.94e-56	219	121	214423
CaSNP2597	NC_021165.1	99.174	121	1	0	1	121	45475352	45475472	5.94e-56	219	121	59463898
CaSNP3230	NC_021164.1	99.174	121	1	0	1	121	24289353	24289473	5.94e-56	219	121	48169137
CaSNP3612	NW_004518557.1	100.000	121	0	0	1	121	28038	28158	1.28e-57	224	121	150113
CaSNP4700	NC_021165.1	100.000	121	0	0	1	121	46136518	46136398	1.28e-57	224	121	59463898
CaSNP4924	NC_021164.1	100.000	121	0	0	1	121	23786414	23786294	1.28e-57	224	121	48169137
CaSNP4924	NW_004516994.1	91.453	117	9	1	5	121	165392	165277	3.65e-38	159	121	270127
CaSNP4924	NW_004515866.1	91.453	117	9	1	5	121	189439	189324	3.65e-38	159	121	206969
CaSNP4924	NC_021160.1	90.123	81	8	0	35	115	39946797	39946717	4.83e-22	106	121	48359943
CaSNP5000	NC_021164.1	99.174	121	1	0	1	121	22236985	22236865	5.94e-56	219	121	48169137
CaSNP2945	NC_021164.1	99.174	121	1	0	1	121	22161481	22161361	5.94e-56	219	121	48169137
CaSNP2972	NC_021164.1	99.174	121	1	0	1	121	24501632	24501752	5.94e-56	219	121	48169137
CaSNP3563	NC_021164.1	99.174	121	1	0	1	121	23983494	23983614	5.94e-56	219	121	48169137
CaSNP3563	NC_021164.1	90.164	122	11	1	1	121	1609789	1609668	1.31e-37	158	121	48169137
CaSNP3563	NC_021164.1	90.756	119	10	1	4	121	15222916	15222798	1.31e-37	158	121	48169137
CaSNP3563	NC_021164.1	90.083	121	10	2	1	119	18835290	18835410	4.73e-37	156	121	48169137
CaSNP3563	NW_004515839.1	95.902	122	4	1	1	121	109250	109129	2.78e-49	196	121	202562
CaSNP3563	NC_021161.1	95.902	122	4	1	1	121	1416750	1416629	2.78e-49	196	121	36634854
CaSNP3563	NC_021161.1	92.623	122	8	1	1	121	5536246	5536367	1.30e-42	174	121	36634854
CaSNP3563	NC_021161.1	91.803	122	9	1	1	121	6682455	6682334	6.07e-41	169	121	36634854
CaSNP3563	NC_021161.1	91.597	119	9	1	4	121	19346189	19346071	2.82e-39	163	121	36634854
CaSNP3563	NW_004516956.1	94.262	122	6	1	1	121	160460	160339	6.03e-46	185	121	362380
CaSNP3563	NW_004516593.1	94.262	122	6	1	1	121	11780	11901	6.03e-46	185	121	88563
CaSNP3297	NW_004516944.1	100.000	121	0	0	1	121	7656	7776	1.28e-57	224	121	107043
CaSNP4892	NC_021165.1	99.174	121	1	0	1	121	45807383	45807263	5.94e-56	219	121	59463898
CaSNP1991	NW_004516884.1	99.174	121	1	0	1	121	63944	63824	5.94e-56	219	121	167827
CaSNP2217	NC_021164.1	100.000	121	0	0	1	121	24066688	24066808	1.28e-57	224	121	48169137
CaSNP2439	NC_021164.1	100.000	121	0	0	1	121	24450528	24450648	1.28e-57	224	121	48169137
CaSNP5102	NC_021163.1	100.000	121	0	0	1	121	35953742	35953622	1.28e-57	224	121	49191682
CaSNP4342	NC_021164.1	99.174	121	1	0	1	121	19686189	19686069	5.94e-56	219	121	48169137
CaSNP4342	NC_021164.1	90.909	121	11	0	1	121	26183309	26183189	2.82e-39	163	121	48169137
CaSNP4342	NW_004515880.1	94.915	118	6	0	1	118	399235	399118	6.03e-46	185	121	609082
CaSNP4342	NC_021162.1	93.277	119	8	0	1	119	12021897	12022015	3.63e-43	176	121	39989001
CaSNP4342	NC_021162.1	91.597	119	10	0	1	119	12042613	12042731	7.85e-40	165	121	39989001
CaSNP4342	NC_021162.1	90.756	119	11	0	1	119	12749026	12749144	3.65e-38	159	121	39989001
CaSNP4342	NC_021161.1	93.277	119	8	0	3	121	2402172	2402054	3.63e-43	176	121	36634854
CaSNP4342	NC_021161.1	90.164	122	11	1	1	121	6460514	6460635	1.31e-37	158	121	36634854
CaSNP4342	NC_021161.1	92.105	76	6	0	3	78	28651754	28651679	1.34e-22	108	121	36634854
CaSNP4342	NC_021160.1	92.437	119	9	0	1	119	7716174	7716292	1.69e-41	171	121	48359943
CaSNP4342	NC_021160.1	91.453	117	10	0	1	117	2489296	2489412	1.02e-38	161	121	48359943
CaSNP4342	NC_021160.1	90.164	122	11	1	1	121	25196572	25196693	1.31e-37	158	121	48359943
CaSNP4342	NC_021160.1	93.103	58	4	0	62	119	30650326	30650269	6.29e-16	86.1	121	48359943
CaSNP2512	NC_021164.1	100.000	121	0	0	1	121	20671148	20671268	1.28e-57	224	121	48169137
CaSNP4727	NW_004515752.1	100.000	121	0	0	1	121	220758	220878	1.28e-57	224	121	467888
CaSNP4727	NC_021163.1	94.366	71	4	0	1	71	15999323	15999393	3.73e-23	110	121	49191682
CaSNP3718	NC_021164.1	99.174	121	1	0	1	121	21819314	21819434	5.94e-56	219	121	48169137
CaSNP3536	NW_004515809.1	99.174	121	1	0	1	121	269705	269825	5.94e-56	219	121	490878
CaSNP3536	NC_021167.1	90.083	121	12	0	1	121	13016471	13016351	1.31e-37	158	121	16477302
CaSNP3536	NC_021166.1	90.083	121	12	0	1	121	39500782	39500902	1.31e-37	158	121	48961560
CaSNP3536	NC_021161.1	90.083	121	12	0	1	121	1286100	1285980	1.31e-37	158	121	36634854
CaSNP2035	NC_021163.1	99.174	121	1	0	1	121	36151459	36151339	5.94e-56	219	121	49191682
CaSNP4837	NC_021164.1	99.174	121	1	0	1	121	19931779	19931659	5.94e-56	219	121	48169137
CaSNP5104	NC_021164.1	99.174	121	1	0	1	121	23104602	23104722	5.94e-56	219	121	48169137
CaSNP3318	NC_021164.1	100.000	121	0	0	1	121	7056697	7056577	1.28e-57	224	121	48169137
CaSNP3332	NC_021165.1	99.174	121	1	0	1	121	45705689	45705569	5.94e-56	219	121	59463898
CaSNP4736	NC_021164.1	99.174	121	1	0	1	121	22196895	22196775	5.94e-56	219	121	48169137
CaSNP2066	NC_021164.1	99.174	121	1	0	1	121	24641883	24641763	5.94e-56	219	121	48169137
CaSNP2352	NC_021164.1	100.000	121	0	0	1	121	23738221	23738341	1.28e-57	224	121	48169137
CaSNP3131	NW_004516944.1	100.000	121	0	0	1	121	66670	66550	1.28e-57	224	121	107043
CaSNP4111	NW_004515809.1	99.174	121	1	0	1	121	208460	208340	5.94e-56	219	121	490878
CaSNP4772	NC_021163.1	99.174	121	1	0	1	121	35873815	35873935	5.94e-56	219	121	49191682
CaSNP4967	NC_021164.1	99.174	121	1	0	1	121	20730290	20730410	5.94e-56	219	121	48169137
CaSNP3722	NC_021164.1	99.174	121	1	0	1	121	22628090	22628210	5.94e-56	219	121	48169137
CaTSNP6347	NC_021164.1	100.000	121	0	0	1	121	23699279	23699159	1.28e-57	224	121	48169137
CaSNP4180	NW_004515752.1	99.174	121	1	0	1	121	289431	289311	5.94e-56	219	121	467888
CaSNP4180	NC_021162.1	90.678	118	11	0	1	118	11439740	11439857	1.31e-37	158	121	39989001
CaSNP4475	NC_021164.1	100.000	121	0	0	1	121	4823243	4823123	1.28e-57	224	121	48169137
CaSNP4475	NC_021165.1	92.308	78	6	0	38	115	38973846	38973923	1.04e-23	111	121	59463898
CaSNP4475	NC_021160.1	91.139	79	7	0	38	116	31294664	31294742	1.34e-22	108	121	48359943
CaSNP4475	NW_004516753.1	93.056	72	5	0	44	115	432808	432879	4.83e-22	106	121	505910
CaTSNP6304	NC_021163.1	100.000	121	0	0	1	121	36154846	36154966	1.28e-57	224	121	49191682
CaSNP2998	NC_021164.1	99.174	121	1	0	1	121	17620863	17620983	5.94e-56	219	121	48169137
CaTSNP6960	NW_004516753.1	100.000	121	0	0	1	121	240921	241041	1.28e-57	224	121	505910
CaTSNP7239	NC_021163.1	100.000	121	0	0	1	121	36186341	36186221	1.28e-57	224	121	49191682
CaTSNP8699	NC_021165.1	99.174	121	1	0	1	121	46157655	46157535	5.94e-56	219	121	59463898
CaTSNP6719	NC_021164.1	100.000	121	0	0	1	121	7147594	7147714	1.28e-57	224	121	48169137
CaTSNP7225	NC_021165.1	100.000	121	0	0	1	121	45709378	45709258	1.28e-57	224	121	59463898
CaTSNP6240	NW_004515809.1	100.000	121	0	0	1	121	59818	59698	1.28e-57	224	121	490878
CaSNP4874	NC_021164.1	100.000	121	0	0	1	121	20892534	20892414	1.28e-57	224	121	48169137
CaSNP2953	NW_004515844.1	100.000	121	0	0	1	121	26972	27092	1.28e-57	224	121	195864
CaSNP2987	NW_004516663.1	100.000	121	0	0	1	121	19351	19231	1.28e-57	224	121	91470
CaSNP2189	NC_021164.1	99.174	121	1	0	1	121	13756411	13756531	5.94e-56	219	121	48169137
CaSNP2189	NC_021162.1	91.803	122	9	1	1	121	6025547	6025426	6.07e-41	169	121	39989001
CaSNP2189	NW_004515845.1	90.164	122	11	1	1	121	298341	298462	1.31e-37	158	121	377106
CaSNP2359	NC_021164.1	99.174	121	1	0	1	121	17381291	17381411	5.94e-56	219	121	48169137
CaSNP2359	NC_021164.1	91.803	122	9	1	1	121	13969420	13969541	6.07e-41	169	121	48169137
CaSNP3108	NW_004515823.1	99.174	121	1	0	1	121	467073	466953	5.94e-56	219	121	760543
CaSNP3108	NC_021164.1	90.164	122	10	2	1	121	27408595	27408715	1.31e-37	158	121	48169137
CaSNP4385	NW_004517049.1	99.174	121	1	0	1	121	117315	117435	5.94e-56	219	121	387389
CaSNP4398	NW_004517049.1	99.174	121	1	0	1	121	211609	211729	5.94e-56	219	121	387389
CaSNP4331	NW_004515657.1	99.174	121	1	0	1	121	514433	514313	5.94e-56	219	121	1067107
CaSNP4408	NW_004515686.1	100.000	121	0	0	1	121	457708	457828	1.28e-57	224	121	663609
CaSNP2153	NW_004515823.1	99.174	121	1	0	1	121	162451	162331	5.94e-56	219	121	760543
CaSNP2153	NC_021166.1	93.277	119	8	0	1	119	23382178	23382296	3.63e-43	176	121	48961560
CaSNP2153	NC_021166.1	91.935	124	7	1	1	121	23448066	23448189	1.69e-41	171	121	48961560
CaSNP2153	NC_021166.1	91.667	108	5	2	1	105	582098	581992	2.84e-34	147	121	48961560
CaSNP2153	NW_004516360.1	91.200	125	7	2	1	121	194286	194162	2.18e-40	167	121	260265
CaSNP2153	NW_004515972.1	90.984	122	8	1	1	119	3539	3660	1.02e-38	161	121	149362
CaSNP2153	NW_004515733.1	90.323	124	9	1	1	121	208746	208869	3.65e-38	159	121	498821
CaSNP2990	NC_021164.1	99.180	122	0	1	1	121	6298831	6298952	5.94e-56	219	121	48169137
CaSNP3063	NC_021164.1	100.000	121	0	0	1	121	15277375	15277495	1.28e-57	224	121	48169137
CaSNP4766	NC_021164.1	100.000	121	0	0	1	121	16684927	16684807	1.28e-57	224	121	48169137
CaSNP3475	NC_021164.1	100.000	121	0	0	1	121	6395775	6395655	1.28e-57	224	121	48169137
CaSNP3475	NC_021161.1	93.388	121	8	0	1	121	6221410	6221530	2.80e-44	180	121	36634854
CaSNP3475	NC_021161.1	92.500	120	9	0	1	120	17661545	17661426	4.69e-42	172	121	36634854
CaSNP3475	NW_004517355.1	91.803	122	9	1	1	121	97395	97274	6.07e-41	169	121	356271
CaSNP3475	NW_004517355.1	91.803	122	9	1	1	121	105956	105835	6.07e-41	169	121	356271
CaSNP4750	NW_004516421.1	99.174	121	1	0	1	121	35145	35025	5.94e-56	219	121	56728
CaSNP3356	NW_004516127.1	99.174	121	1	0	1	121	91047	90927	5.94e-56	219	121	223199
CaSNP3149	NC_021164.1	100.000	121	0	0	1	121	15376503	15376383	1.28e-57	224	121	48169137
CaSNP3811	NC_021164.1	99.174	121	1	0	1	121	17438884	17438764	5.94e-56	219	121	48169137
CaSNP3811	NC_021166.1	95.455	88	4	0	34	121	469021	469108	1.32e-32	141	121	48961560
CaSNP4210	NW_004515754.1	99.174	121	1	0	1	121	179570	179450	5.94e-56	219	121	624294
CaSNP4662	NW_004518055.1	99.174	121	1	0	1	121	28987	28867	5.94e-56	219	121	66900
CaSNP3451	NC_021164.1	99.174	121	1	0	1	121	21224275	21224395	5.94e-56	219	121	48169137
CaSNP3451	NC_021164.1	90.909	121	11	0	1	121	16321721	16321601	2.82e-39	163	121	48169137
CaSNP3451	NC_021160.1	93.443	122	7	1	1	121	19897107	19896986	2.80e-44	180	121	48359943
CaSNP3451	NC_021160.1	90.678	118	11	0	1	118	43412077	43412194	1.31e-37	158	121	48359943
CaSNP3451	NW_004515694.1	92.241	116	9	0	1	116	431942	431827	7.85e-40	165	121	857743
CaSNP3451	NC_021163.1	91.525	118	10	0	1	118	29432916	29433033	2.82e-39	163	121	49191682
CaSNP3451	NC_021166.1	90.678	118	11	0	1	118	36145078	36145195	1.31e-37	158	121	48961560
CaSNP4194	NW_004516235.1	100.000	121	0	0	1	121	324449	324569	1.28e-57	224	121	623125
CaSNP4194	NW_004516235.1	91.860	86	7	0	1	86	387401	387316	1.72e-26	121	121	623125
CaSNP4871	NW_004517049.1	100.000	113	0	0	1	113	33772	33660	3.58e-53	209	121	387389
CaSNP4871	NW_004517049.1	95.050	101	4	1	1	100	34066	33966	1.31e-37	158	121	387389
CaSNP4871	NC_021165.1	95.522	67	2	1	1	66	26227466	26227532	4.83e-22	106	121	59463898
CaSNP4901	NC_021164.1	99.174	121	1	0	1	121	3221783	3221903	5.94e-56	219	121	48169137
CaSNP4429	NW_004515952.1	99.174	121	1	0	1	121	21614	21734	5.94e-56	219	121	301109
CaSNP2628	NW_004515823.1	99.174	121	1	0	1	121	95388	95508	5.94e-56	219	121	760543
CaSNP2628	NW_004515688.1	90.000	120	12	0	1	120	496210	496091	4.73e-37	156	121	704303
CaSNP3336	NW_004515823.1	99.174	121	1	0	1	121	693217	693097	5.94e-56	219	121	760543
CaSNP3339	NC_021164.1	99.174	121	1	0	1	121	18356467	18356347	5.94e-56	219	121	48169137
CaSNP3491	NC_021164.1	99.174	121	1	0	1	121	5165003	5164883	5.94e-56	219	121	48169137
CaSNP3493	NC_021164.1	100.000	121	0	0	1	121	11500325	11500445	1.28e-57	224	121	48169137
CaSNP3581	NW_004515823.1	99.174	121	1	0	1	121	617250	617130	5.94e-56	219	121	760543
CaSNP3806	NW_004516020.1	98.361	122	1	1	1	121	151187	151308	2.77e-54	213	121	296031
CaSNP3902	NC_021164.1	100.000	121	0	0	1	121	3166794	3166674	1.28e-57	224	121	48169137
CaSNP4730	NC_021164.1	99.174	121	1	0	1	121	11616176	11616296	5.94e-56	219	121	48169137
CaSNP4757	NC_021164.1	100.000	121	0	0	1	121	6159326	6159446	1.28e-57	224	121	48169137
CaSNP4757	NC_021164.1	93.220	118	7	1	5	121	6148142	6148259	4.69e-42	172	121	48169137
CaSNP4907	NC_021164.1	99.174	121	1	0	1	121	15847540	15847660	5.94e-56	219	121	48169137
CaSNP2955	NC_021164.1	99.174	121	1	0	1	121	21159621	21159501	5.94e-56	219	121	48169137
CaSNP3948	NW_004516333.1	99.180	122	0	1	1	121	24351	24230	5.94e-56	219	121	161640
CaSNP3342	NC_021164.1	99.174	121	1	0	1	121	16607637	16607517	5.94e-56	219	121	48169137
CaSNP3459	NW_004516343.1	100.000	121	0	0	1	121	269420	269540	1.28e-57	224	121	282768
CaSNP4315	NC_021164.1	99.174	121	1	0	1	121	16244560	16244680	5.94e-56	219	121	48169137
CaSNP4315	NW_004516329.1	96.694	121	4	0	1	121	150342	150222	5.99e-51	202	121	688796
CaSNP4315	NW_004515662.1	96.694	121	4	0	1	121	437457	437577	5.99e-51	202	121	461739
CaSNP4315	NC_021162.1	96.694	121	4	0	1	121	24310412	24310292	5.99e-51	202	121	39989001
CaSNP4315	NC_021162.1	95.868	121	5	0	1	121	8181491	8181611	2.78e-49	196	121	39989001
CaSNP4315	NC_021160.1	96.694	121	4	0	1	121	27244754	27244634	5.99e-51	202	121	48359943
CaSNP3331	NW_004516471.1	100.000	121	0	0	1	121	439142	439022	1.28e-57	224	121	556267
CaSNP3331	NC_021160.1	92.562	121	9	0	1	121	33832307	33832427	1.30e-42	174	121	48359943
CaSNP3331	NC_021160.1	91.736	121	10	0	1	121	28793599	28793719	6.07e-41	169	121	48359943
CaSNP3331	NC_021165.1	91.736	121	10	0	1	121	32441047	32440927	6.07e-41	169	121	59463898
CaSNP3331	NC_021165.1	90.909	121	11	0	1	121	59243690	59243810	2.82e-39	163	121	59463898
CaSNP3331	NC_021161.1	91.736	121	10	0	1	121	13360705	13360825	6.07e-41	169	121	36634854
CaSNP3331	NC_021161.1	91.736	121	10	0	1	121	16948945	16949065	6.07e-41	169	121	36634854
CaSNP3331	NW_004516529.1	91.525	118	9	1	4	121	187820	187704	1.02e-38	161	121	333621
CaSNP4648	NW_004515657.1	99.174	121	1	0	1	121	475256	475376	5.94e-56	219	121	1067107
CaSNP4648	NW_004516141.1	90.833	120	8	2	3	121	197320	197203	1.31e-37	158	121	339225
CaSNP4648	NC_021160.1	90.722	97	7	2	26	121	36098636	36098541	1.03e-28	128	121	48359943
CaSNP3264	NW_004516141.1	100.000	121	0	0	1	121	327397	327517	1.28e-57	224	121	339225
CaSNP3280	NC_021165.1	100.000	121	0	0	1	121	25826866	25826746	1.28e-57	224	121	59463898
CaSNP4189	NC_021164.1	99.174	121	1	0	1	121	13995524	13995644	5.94e-56	219	121	48169137
CaSNP3747	NW_004515686.1	100.000	121	0	0	1	121	632756	632636	1.28e-57	224	121	663609
CaTSNP6983	NW_004515657.1	99.029	103	1	0	19	121	730749	730851	6.03e-46	185	121	1067107
CaSNP3892	NW_004516211.1	99.174	121	1	0	1	121	90063	89943	5.94e-56	219	121	352068
CaSNP3892	NC_021163.1	92.241	116	9	0	6	121	27592778	27592893	7.85e-40	165	121	49191682
CaSNP4169	NW_004515657.1	100.000	121	0	0	1	121	312565	312445	1.28e-57	224	121	1067107
CaSNP4711	NW_004515910.1	99.174	121	1	0	1	121	14232	14352	5.94e-56	219	121	89143
CaSNP4711	NW_004515910.1	94.215	121	7	0	1	121	76420	76540	6.03e-46	185	121	89143
CaSNP2383	NC_021164.1	99.174	121	1	0	1	121	14232239	14232119	5.94e-56	219	121	48169137
CaSNP2922	NC_021164.1	99.174	121	1	0	1	121	7440521	7440401	5.94e-56	219	121	48169137
CaSNP4106	NC_021164.1	99.174	121	1	0	1	121	5055590	5055710	5.94e-56	219	121	48169137
CaSNP3375	NW_004515754.1	100.000	121	0	0	1	121	413250	413130	1.28e-57	224	121	624294
CaSNP3314	NW_004515983.1	99.174	121	1	0	1	121	288416	288536	5.94e-56	219	121	305934
CaSNP3403	NW_004516467.1	100.000	121	0	0	1	121	76115	76235	1.28e-57	224	121	281504
CaSNP3675	NC_021164.1	100.000	121	0	0	1	121	4449461	4449341	1.28e-57	224	121	48169137
CaSNP4134	NW_004515686.1	99.174	121	1	0	1	121	591724	591604	5.94e-56	219	121	663609
CaSNP4413	NW_004516023.1	99.174	121	1	0	1	121	97196	97076	5.94e-56	219	121	213229
CaSNP4578	NC_021164.1	99.174	121	1	0	1	121	19404716	19404596	5.94e-56	219	121	48169137
CaSNP4578	NC_021164.1	95.041	121	6	0	1	121	10554916	10555036	1.30e-47	191	121	48169137
CaSNP4578	NC_021164.1	94.215	121	7	0	1	121	17901715	17901595	6.03e-46	185	121	48169137
CaSNP4578	NC_021164.1	94.215	121	7	0	1	121	38505433	38505553	6.03e-46	185	121	48169137
CaSNP4578	NC_021164.1	93.388	121	8	0	1	121	5644331	5644211	2.80e-44	180	121	48169137
CaSNP4578	NC_021164.1	93.443	122	6	2	1	121	7912334	7912214	2.80e-44	180	121	48169137
CaSNP4578	NC_021164.1	93.388	121	8	0	1	121	21323073	21322953	2.80e-44	180	121	48169137
CaSNP4578	NC_021164.1	92.562	121	9	0	1	121	15564902	15564782	1.30e-42	174	121	48169137
CaSNP4578	NC_021164.1	92.562	121	9	0	1	121	45869226	45869106	1.30e-42	174	121	48169137
CaSNP4578	NC_021164.1	92.562	121	8	1	1	121	22077132	22077251	4.69e-42	172	121	48169137
CaSNP4578	NC_021164.1	92.437	119	9	0	3	121	833079	833197	1.69e-41	171	121	48169137
CaSNP4578	NC_021164.1	92.437	119	9	0	3	121	6463601	6463483	1.69e-41	171	121	48169137
CaSNP4578	NC_021164.1	92.437	119	9	0	1	119	13722167	13722285	1.69e-41	171	121	48169137
CaSNP4578	NC_021164.1	91.736	121	10	0	1	121	11448195	11448075	6.07e-41	169	121	48169137
CaSNP4578	NC_021164.1	91.667	120	10	0	1	120	6411160	6411279	2.18e-40	167	121	48169137
CaSNP4578	NC_021164.1	90.909	121	11	0	1	121	3569838	3569718	2.82e-39	163	121	48169137
CaSNP4578	NC_021164.1	90.909	121	11	0	1	121	5733667	5733547	2.82e-39	163	121	48169137
CaSNP4578	NC_021164.1	92.035	113	9	0	9	121	17900994	17900882	3.65e-38	159	121	48169137
CaSNP4578	NC_021164.1	90.083	121	12	0	1	121	852341	852221	1.31e-37	158	121	48169137
CaSNP4578	NC_021164.1	90.083	121	12	0	1	121	16505421	16505301	1.31e-37	158	121	48169137
CaSNP4578	NC_021161.1	95.868	121	5	0	1	121	18347130	18347010	2.78e-49	196	121	36634854
CaSNP4578	NC_021161.1	95.041	121	6	0	1	121	23067640	23067520	1.30e-47	191	121	36634854
CaSNP4578	NC_021161.1	93.388	121	8	0	1	121	11860116	11859996	2.80e-44	180	121	36634854
CaSNP4578	NC_021161.1	93.388	121	8	0	1	121	17891649	17891529	2.80e-44	180	121	36634854
CaSNP4578	NC_021161.1	93.388	121	7	1	1	121	25156235	25156354	1.01e-43	178	121	36634854
CaSNP4578	NC_021161.1	93.277	119	8	0	3	121	22623971	22624089	3.63e-43	176	121	36634854
CaSNP4578	NC_021161.1	92.562	121	9	0	1	121	29127292	29127172	1.30e-42	174	121	36634854
CaSNP4578	NC_021161.1	92.562	121	9	0	1	121	29730935	29730815	1.30e-42	174	121	36634854
CaSNP4578	NC_021161.1	92.562	121	9	0	1	121	34783570	34783690	1.30e-42	174	121	36634854
CaSNP4578	NC_021161.1	91.736	121	10	0	1	121	10138482	10138602	6.07e-41	169	121	36634854
CaSNP4578	NC_021161.1	91.736	121	10	0	1	121	29129277	29129157	6.07e-41	169	121	36634854
CaSNP4578	NC_021161.1	91.736	121	10	0	1	121	33993591	33993711	6.07e-41	169	121	36634854
CaSNP4578	NC_021161.1	90.244	123	10	2	1	121	4897760	4897882	3.65e-38	159	121	36634854
CaSNP4578	NC_021161.1	90.083	121	12	0	1	121	11672393	11672513	1.31e-37	158	121	36634854
CaSNP4578	NC_021161.1	90.083	121	12	0	1	121	28847958	28848078	1.31e-37	158	121	36634854
CaSNP4578	NC_021161.1	92.188	64	5	0	58	121	680891	680828	1.35e-17	91.6	121	36634854
CaSNP4578	NC_021161.1	92.188	64	5	0	58	121	681702	681639	1.35e-17	91.6	121	36634854
CaSNP4578	NW_004517442.1	95.041	121	6	0	1	121	28457	28337	1.30e-47	191	121	122185
CaSNP4578	NW_004516871.1	95.041	121	6	0	1	121	440496	440616	1.30e-47	191	121	633127
CaSNP4578	NW_004516614.1	95.041	121	6	0	1	121	72710	72590	1.30e-47	191	121	101707
CaSNP4578	NW_004516614.1	93.388	121	8	0	1	121	51069	50949	2.80e-44	180	121	101707
CaSNP4771	NW_004516020.1	100.000	121	0	0	1	121	284921	284801	1.28e-57	224	121	296031
CaSNP4792	NW_004517001.1	99.174	121	1	0	1	121	35705	35585	5.94e-56	219	121	139073
CaSNP4834	NC_021166.1	99.174	121	1	0	1	121	48604542	48604662	5.94e-56	219	121	48961560
CaSNP3614	NC_021164.1	99.174	121	0	1	1	121	4873156	4873275	2.14e-55	217	121	48169137
CaSNP2366	NW_004516803.1	99.174	121	1	0	1	121	163369	163249	5.94e-56	219	121	469388
CaSNP2366	NW_004516075.1	91.358	81	5	2	8	87	452051	451972	3.73e-23	110	121	763560
CaTSNP6962	NW_004515823.1	100.000	121	0	0	1	121	43351	43471	1.28e-57	224	121	760543
CaTSNP7062	NW_004515823.1	98.876	89	1	0	33	121	82552	82464	3.65e-38	159	121	760543
CaSNP2488	NW_004516239.1	99.174	121	1	0	1	121	171987	172107	5.94e-56	219	121	641338
CaSNP2667	NW_004516141.1	99.174	121	1	0	1	121	68647	68767	5.94e-56	219	121	339225
CaSNP3668	NC_021164.1	99.174	121	1	0	1	121	11373222	11373102	5.94e-56	219	121	48169137
CaSNP4139	NC_021164.1	99.174	121	1	0	1	121	14084923	14084803	5.94e-56	219	121	48169137
CaSNP4552	NC_021164.1	100.000	121	0	0	1	121	2623488	2623608	1.28e-57	224	121	48169137
CaSNP4552	NC_021161.1	92.035	113	9	0	9	121	24157793	24157681	3.65e-38	159	121	36634854
CaSNP4583	NW_004516239.1	100.000	121	0	0	1	121	479107	479227	1.28e-57	224	121	641338
CaSNP4780	NW_004515686.1	99.174	121	1	0	1	121	424268	424148	5.94e-56	219	121	663609
CaSNP4801	NW_004517032.1	100.000	121	0	0	1	121	37544	37664	1.28e-57	224	121	172437
CaSNP4801	NC_021166.1	93.243	74	3	1	1	72	6469060	6468987	1.34e-22	108	121	48961560
CaSNP3106	NW_004516184.1	100.000	121	0	0	1	121	24283	24163	1.28e-57	224	121	324388
CaSNP3750	NC_021164.1	100.000	121	0	0	1	121	7300316	7300196	1.28e-57	224	121	48169137
CaSNP4653	NC_021164.1	100.000	121	0	0	1	121	15347223	15347343	1.28e-57	224	121	48169137
CaSNP4653	NC_021162.1	96.694	121	4	0	1	121	24262471	24262351	5.99e-51	202	121	39989001
CaSNP4797	NC_021164.1	100.000	121	0	0	1	121	20951100	20951220	1.28e-57	224	121	48169137
CaSNP4797	NW_004516106.1	90.909	121	11	0	1	121	200755	200875	2.82e-39	163	121	205916
CaSNP5144	NC_021164.1	100.000	121	0	0	1	121	17918291	17918411	1.28e-57	224	121	48169137
CaSNP2151	NC_021164.1	100.000	121	0	0	1	121	3012332	3012452	1.28e-57	224	121	48169137
CaSNP2612	NW_004516226.1	99.174	121	1	0	1	121	19064	19184	5.94e-56	219	121	365759
CaSNP2612	NC_021162.1	90.435	115	11	0	7	121	15700590	15700704	6.11e-36	152	121	39989001
CaSNP3163	NC_021164.1	100.000	121	0	0	1	121	2796148	2796268	1.28e-57	224	121	48169137
CaSNP3907	NW_004516461.1	100.000	121	0	0	1	121	3743	3623	1.28e-57	224	121	242424
CaSNP3907	NW_004515869.1	92.958	71	5	0	1	71	209199	209129	1.74e-21	104	121	229571
CaSNP4505	NW_004515658.1	100.000	121	0	0	1	121	160543	160423	1.28e-57	224	121	190769
CaSNP4511	NW_004515794.1	100.000	121	0	0	1	121	446051	446171	1.28e-57	224	121	815031
CaSNP4582	NC_021164.1	100.000	121	0	0	1	121	3519939	3519819	1.28e-57	224	121	48169137
CaSNP2030	NW_004515792.1	100.000	121	0	0	1	121	135986	135866	1.28e-57	224	121	277495
CaTSNP7237	NC_021164.1	100.000	121	0	0	1	121	21230960	21231080	1.28e-57	224	121	48169137
CaTSNP8005	NC_021164.1	99.174	121	1	0	1	121	16676104	16675984	5.94e-56	219	121	48169137
CaSNP2483	NC_021164.1	100.000	121	0	0	1	121	2944651	2944771	1.28e-57	224	121	48169137
CaSNP3346	NC_021164.1	100.000	121	0	0	1	121	18227920	18228040	1.28e-57	224	121	48169137
CaSNP4886	NW_004515823.1	99.174	121	1	0	1	121	351910	351790	5.94e-56	219	121	760543
CaSNP2843	NW_004516601.1	100.000	121	0	0	1	121	84073	83953	1.28e-57	224	121	563878
CaSNP2843	NC_021162.1	91.304	69	3	3	53	120	10236049	10235983	1.35e-17	91.6	121	39989001
CaSNP4569	NW_004517293.1	100.000	121	0	0	1	121	25667	25547	1.28e-57	224	121	102971
CaSNP4569	NC_021164.1	96.694	121	4	0	1	121	19358059	19357939	5.99e-51	202	121	48169137
CaSNP4569	NC_021164.1	97.143	70	1	1	1	70	19430206	19430138	2.23e-25	117	121	48169137
CaSNP4394	NC_021166.1	99.174	121	1	0	1	121	48685460	48685580	5.94e-56	219	121	48961560
CaSNP4394	NC_021165.1	91.597	119	9	1	1	119	21138864	21138747	2.82e-39	163	121	59463898
CaSNP4394	NW_004516558.1	90.090	111	10	1	9	119	257886	257777	3.68e-33	143	121	770158
CaTSNP8876	NC_021164.1	100.000	121	0	0	1	121	7472563	7472443	1.28e-57	224	121	48169137
CaSNP3021	NC_021164.1	99.174	121	1	0	1	121	15554710	15554590	5.94e-56	219	121	48169137
CaSNP3224	NC_021164.1	99.174	121	1	0	1	121	16524660	16524780	5.94e-56	219	121	48169137
CaSNP4493	NC_021164.1	99.174	121	1	0	1	121	21393970	21394090	5.94e-56	219	121	48169137
CaSNP1986	NC_021164.1	99.174	121	1	0	1	121	15812651	15812531	5.94e-56	219	121	48169137
CaSNP4114	NW_004515688.1	100.000	121	0	0	1	121	582998	582878	1.28e-57	224	121	704303
CaSNP3727	NC_021164.1	100.000	66	0	0	1	66	15187290	15187225	4.79e-27	122	121	48169137
CaSNP3727	NW_004516683.1	96.226	53	2	0	1	53	55753	55701	1.75e-16	87.9	121	161449
CaSNP4250	NC_021164.1	100.000	121	0	0	1	121	6123299	6123179	1.28e-57	224	121	48169137
CaSNP3190	NW_004516023.1	98.361	122	1	1	1	121	119413	119292	2.77e-54	213	121	213229
CaSNP2264	NC_021164.1	100.000	121	0	0	1	121	2265316	2265436	1.28e-57	224	121	48169137
CaSNP2732	NW_004515794.1	99.174	121	1	0	1	121	532107	531987	5.94e-56	219	121	815031
CaSNP3755	NC_021164.1	100.000	121	0	0	1	121	16087766	16087646	1.28e-57	224	121	48169137
CaSNP2410	NC_021164.1	100.000	121	0	0	1	121	21478119	21477999	1.28e-57	224	121	48169137
CaSNP4148	NW_004515657.1	99.180	122	0	1	1	121	366476	366597	5.94e-56	219	121	1067107
CaSNP2760	NW_004515688.1	100.000	121	0	0	1	121	656789	656909	1.28e-57	224	121	704303
CaSNP3952	NC_021164.1	100.000	121	0	0	1	121	7340321	7340201	1.28e-57	224	121	48169137
CaSNP4952	NW_004515754.1	100.000	121	0	0	1	121	67268	67148	1.28e-57	224	121	624294
CaSNP4952	NC_021160.1	92.308	104	7	1	19	121	45628522	45628625	2.84e-34	147	121	48359943
CaSNP4065	NW_004515686.1	99.174	121	1	0	1	121	409577	409457	5.94e-56	219	121	663609
CaSNP4435	NW_004515647.1	100.000	116	0	0	6	121	83998	83883	7.69e-55	215	121	321366
CaSNP2508	NC_021164.1	99.174	121	1	0	1	121	5002430	5002310	5.94e-56	219	121	48169137
CaSNP2674	NC_021164.1	99.174	121	1	0	1	121	2867272	2867392	5.94e-56	219	121	48169137
CaSNP3265	NW_004516141.1	99.174	121	1	0	1	121	162103	161983	5.94e-56	219	121	339225
CaSNP3803	NC_021164.1	99.174	121	1	0	1	121	16992573	16992453	5.94e-56	219	121	48169137
CaSNP3991	NC_021164.1	99.174	121	1	0	1	121	19522132	19522012	5.94e-56	219	121	48169137
CaSNP4185	NW_004516239.1	97.701	87	2	0	1	87	142263	142349	2.20e-35	150	121	641338
CaSNP4795	NW_004518016.1	99.174	121	1	0	1	121	84135	84255	5.94e-56	219	121	87326
CaSNP4795	NW_004515709.1	99.174	121	1	0	1	121	148997	148877	5.94e-56	219	121	170437
CaSNP4795	NC_021165.1	94.915	118	6	0	2	119	56260250	56260133	6.03e-46	185	121	59463898
CaSNP4795	NC_021165.1	93.220	118	8	0	4	121	41407940	41407823	1.30e-42	174	121	59463898
CaSNP4795	NC_021165.1	90.756	119	10	1	2	119	47728184	47728302	1.31e-37	158	121	59463898
CaSNP4795	NC_021165.1	90.756	119	10	1	2	119	55031989	55031871	1.31e-37	158	121	59463898
CaSNP4795	NC_021161.1	94.167	120	5	1	2	119	7303884	7304003	7.80e-45	182	121	36634854
CaSNP4795	NC_021161.1	94.167	120	5	1	2	119	7305097	7305216	7.80e-45	182	121	36634854
CaSNP4795	NC_021161.1	91.597	119	10	0	1	119	20173610	20173492	7.85e-40	165	121	36634854
CaSNP4795	NC_021161.1	91.743	109	9	0	11	119	4291363	4291255	6.11e-36	152	121	36634854
CaSNP4795	NC_021166.1	94.118	119	6	1	2	119	38394536	38394418	2.80e-44	180	121	48961560
CaSNP4795	NC_021166.1	92.000	75	6	0	45	119	19272908	19272982	4.83e-22	106	121	48961560
CaSNP3119	NC_021164.1	100.000	121	0	0	1	121	14296663	14296543	1.28e-57	224	121	48169137
CaSNP3119	NC_021164.1	96.694	121	4	0	1	121	534109	533989	5.99e-51	202	121	48169137
CaSNP3119	NW_004515918.1	96.694	121	4	0	1	121	199411	199531	5.99e-51	202	121	519981
CaSNP3119	NC_021166.1	96.694	121	4	0	1	121	46296427	46296547	5.99e-51	202	121	48961560
CaSNP4462	NC_021164.1	100.000	121	0	0	1	121	16713495	16713375	1.28e-57	224	121	48169137
CaSNP4338	NC_021164.1	100.000	121	0	0	1	121	15223935	15224055	1.28e-57	224	121	48169137
CaSNP2692	NC_021164.1	99.174	121	1	0	1	121	2063229	2063109	5.94e-56	219	121	48169137
CaSNP2692	NC_021164.1	99.174	121	1	0	1	121	2135320	2135200	5.94e-56	219	121	48169137
CaSNP4476	NC_021164.1	99.174	121	1	0	1	121	3318449	3318329	5.94e-56	219	121	48169137
CaTSNP7680	NW_004516471.1	100.000	121	0	0	1	121	131303	131183	1.28e-57	224	121	556267
CaSNP4671	NC_021165.1	100.000	121	0	0	1	121	25489006	25489126	1.28e-57	224	121	59463898
CaSNP2295	NC_021163.1	100.000	121	0	0	1	121	42479209	42479329	1.28e-57	224	121	49191682
CaSNP2639	NC_021163.1	99.174	121	1	0	1	121	42426338	42426218	5.94e-56	219	121	49191682
CaSNP5087	NC_021163.1	100.000	121	0	0	1	121	42197370	42197250	1.28e-57	224	121	49191682
CaSNP4905	NC_021163.1	99.174	121	1	0	1	121	42351279	42351159	5.94e-56	219	121	49191682
CaSNP4913	NW_004516033.1	99.174	121	1	0	1	121	38108	38228	5.94e-56	219	121	85105
CaSNP4913	NC_021161.1	94.017	117	7	0	1	117	23136031	23136147	1.01e-43	178	121	36634854
CaSNP4913	NC_021166.1	90.909	121	11	0	1	121	24427408	24427528	2.82e-39	163	121	48961560
CaSNP4913	NC_021166.1	91.379	116	10	0	1	116	24431024	24431139	3.65e-38	159	121	48961560
CaSNP4913	NC_021163.1	91.379	116	10	0	1	116	40821277	40821162	3.65e-38	159	121	49191682
CaSNP4637	NC_021164.1	99.174	121	1	0	1	121	9031156	9031036	5.94e-56	219	121	48169137
CaSNP2298	NC_021164.1	99.174	121	1	0	1	121	9150453	9150333	5.94e-56	219	121	48169137
CaSNP2871	NW_004517184.1	100.000	121	0	0	1	121	98335	98455	1.28e-57	224	121	242734
CaSNP2871	NC_021160.1	91.736	121	10	0	1	121	18384820	18384940	6.07e-41	169	121	48359943
CaSNP2871	NC_021160.1	93.548	93	6	0	1	93	18384020	18384112	4.76e-32	139	121	48359943
CaSNP2874	NC_021164.1	99.174	121	1	0	1	121	8946158	8946278	5.94e-56	219	121	48169137
CaSNP4603	NC_021164.1	99.174	121	1	0	1	121	8778020	8778140	5.94e-56	219	121	48169137
CaSNP4603	NC_021161.1	92.537	67	5	0	3	69	7011401	7011467	2.91e-19	97.1	121	36634854
CaSNP3567	NC_021164.1	99.174	121	1	0	1	121	11767387	11767267	5.94e-56	219	121	48169137
CaSNP4457	NC_021164.1	99.174	121	1	0	1	121	8833018	8832898	5.94e-56	219	121	48169137
CaSNP2624	NC_021164.1	100.000	121	0	0	1	121	8519694	8519574	1.28e-57	224	121	48169137
CaSNP1978	NC_021164.1	99.174	121	1	0	1	121	11990630	11990750	5.94e-56	219	121	48169137
CaSNP4307	NC_021164.1	99.174	121	1	0	1	121	11856130	11856010	5.94e-56	219	121	48169137
CaSNP2724	NC_021164.1	100.000	121	0	0	1	121	11000478	11000598	1.28e-57	224	121	48169137
CaSNP3939	NW_004516422.1	98.347	121	2	0	1	121	12357	12477	2.77e-54	213	121	76108
CaSNP2860	NC_021164.1	100.000	121	0	0	1	121	12228458	12228578	1.28e-57	224	121	48169137
CaSNP2860	NC_021165.1	90.083	121	12	0	1	121	48304878	48304998	1.31e-37	158	121	59463898
CaSNP3222	NC_021164.1	100.000	121	0	0	1	121	9561854	9561974	1.28e-57	224	121	48169137
CaSNP4868	NC_021164.1	100.000	121	0	0	1	121	11116612	11116732	1.28e-57	224	121	48169137
CaSNP4057	NC_021164.1	100.000	121	0	0	1	121	9349786	9349906	1.28e-57	224	121	48169137
CaSNP4322	NW_004516994.1	99.174	121	1	0	1	121	35799	35679	5.94e-56	219	121	270127
CaSNP4322	NC_021166.1	97.101	69	2	0	1	69	25592815	25592883	2.23e-25	117	121	48961560
CaSNP4322	NC_021160.1	91.304	69	6	0	1	69	6107950	6107882	1.05e-18	95.3	121	48359943
CaSNP4322	NC_021161.1	95.000	60	2	1	10	69	32957014	32956956	3.76e-18	93.5	121	36634854
CaSNP3075	NW_004516390.1	100.000	121	0	0	1	121	146909	146789	1.28e-57	224	121	267986
CaSNP3517	NC_021164.1	100.000	121	0	0	1	121	8860854	8860974	1.28e-57	224	121	48169137
CaSNP2870	NC_021164.1	100.000	121	0	0	1	121	10859074	10859194	1.28e-57	224	121	48169137
CaSNP2870	NC_021164.1	93.388	121	4	1	1	121	10782339	10782455	3.63e-43	176	121	48169137
CaSNP2261	NC_021164.1	100.000	121	0	0	1	121	12435938	12435818	1.28e-57	224	121	48169137
CaSNP2252	NW_004516390.1	100.000	121	0	0	1	121	76730	76850	1.28e-57	224	121	267986
CaSNP2252	NW_004520496.1	90.083	121	12	0	1	121	45552	45432	1.31e-37	158	121	73806
CaSNP2252	NC_021165.1	90.083	121	12	0	1	121	53684370	53684490	1.31e-37	158	121	59463898
CaSNP2252	NC_021163.1	90.083	121	12	0	1	121	1786033	1785913	1.31e-37	158	121	49191682
CaTSNP8758	NC_021164.1	100.000	121	0	0	1	121	9078748	9078868	1.28e-57	224	121	48169137
CaSNP4029	NC_021164.1	99.174	121	1	0	1	121	10791061	10790941	5.94e-56	219	121	48169137
CaSNP4029	NW_004516047.1	90.083	121	10	1	1	121	92315	92197	4.73e-37	156	121	319962
CaSNP4453	NC_021164.1	99.174	121	1	0	1	121	10927575	10927455	5.94e-56	219	121	48169137
CaTSNP7642	NC_021164.1	100.000	96	0	0	1	96	8650473	8650568	1.01e-43	178	121	48169137
CaTSNP7318	NC_021164.1	100.000	121	0	0	1	121	8572631	8572511	1.28e-57	224	121	48169137
CaTSNP6595	NC_021164.1	100.000	121	0	0	1	121	8554200	8554080	1.28e-57	224	121	48169137
CaTSNP7177	NC_021164.1	100.000	121	0	0	1	121	11934735	11934855	1.28e-57	224	121	48169137
CaTSNP6531	NC_021164.1	100.000	101	0	0	1	101	8812175	8812275	1.68e-46	187	121	48169137
CaTSNP7087	NW_004517184.1	99.174	121	1	0	1	121	62835	62715	5.94e-56	219	121	242734
CaTSNP7241	NC_021164.1	99.174	121	1	0	1	121	8862400	8862520	5.94e-56	219	121	48169137
CaTSNP7241	NW_004515686.1	98.413	63	1	0	1	63	309549	309487	1.04e-23	111	121	663609
CaTSNP7241	NC_021162.1	96.825	63	2	0	1	63	7882605	7882667	4.83e-22	106	121	39989001
CaTSNP7241	NC_021162.1	95.238	63	3	0	1	63	7886517	7886579	2.25e-20	100	121	39989001
CaTSNP7241	NW_004515749.1	95.238	63	3	0	1	63	168103	168165	2.25e-20	100	121	218055
CaTSNP7241	NW_004515749.1	93.750	64	4	0	1	64	168656	168719	2.91e-19	97.1	121	218055
CaTSNP8618	NC_021164.1	100.000	121	0	0	1	121	12244554	12244674	1.28e-57	224	121	48169137
CaTSNP8618	NC_021164.1	95.041	121	6	0	1	121	39497261	39497381	1.30e-47	191	121	48169137
CaSNP2274	NC_021164.1	100.000	121	0	0	1	121	9215192	9215312	1.28e-57	224	121	48169137
CaSNP2274	NC_021164.1	91.803	122	9	1	1	121	21324540	21324661	6.07e-41	169	121	48169137
CaSNP2274	NC_021163.1	92.683	123	7	1	1	121	20704684	20704806	3.63e-43	176	121	49191682
CaSNP2274	NC_021163.1	92.562	121	9	0	1	121	42217552	42217432	1.30e-42	174	121	49191682
CaSNP2274	NW_004516558.1	91.736	121	9	1	1	121	8414	8295	2.18e-40	167	121	770158
CaSNP2274	NW_004515859.1	91.525	118	9	1	4	121	96467	96351	1.02e-38	161	121	97122
CaSNP4112	NC_021164.1	99.174	121	1	0	1	121	12331914	12332034	5.94e-56	219	121	48169137
CaSNP4112	NC_021164.1	90.164	122	11	1	1	121	12339332	12339453	1.31e-37	158	121	48169137
CaTSNP6090	NC_021164.1	100.000	121	0	0	1	121	9648841	9648721	1.28e-57	224	121	48169137
CaSNP2074	NC_021164.1	99.174	121	1	0	1	121	27476724	27476844	5.94e-56	219	121	48169137
CaSNP2793	NC_021164.1	100.000	121	0	0	1	121	27332182	27332062	1.28e-57	224	121	48169137
CaSNP2877	NC_021164.1	99.174	121	1	0	1	121	27553717	27553597	5.94e-56	219	121	48169137
CaSNP3069	NC_021164.1	99.174	121	1	0	1	121	27917715	27917595	5.94e-56	219	121	48169137
CaSNP4988	NC_021164.1	99.174	121	1	0	1	121	27042943	27042823	5.94e-56	219	121	48169137
CaSNP4100	NC_021164.1	99.174	121	1	0	1	121	26725001	26725121	5.94e-56	219	121	48169137
CaSNP4100	NC_021164.1	90.164	122	11	1	1	121	28605807	28605928	1.31e-37	158	121	48169137
CaSNP4100	NC_021163.1	92.623	122	8	1	1	121	14727162	14727283	1.30e-42	174	121	49191682
CaSNP4100	NW_004516527.1	91.803	122	9	1	1	121	422740	422861	6.07e-41	169	121	527071
CaSNP4100	NC_021162.1	91.803	122	9	1	1	121	7275824	7275945	6.07e-41	169	121	39989001
CaSNP4100	NC_021162.1	90.164	122	11	1	1	121	24624012	24624133	1.31e-37	158	121	39989001
CaSNP4100	NC_021160.1	91.667	120	9	1	1	119	31998145	31998264	7.85e-40	165	121	48359943
CaSNP2837	NC_021164.1	99.180	122	0	1	1	121	27886740	27886619	5.94e-56	219	121	48169137
CaSNP2158	NC_021164.1	99.174	121	1	0	1	121	27749468	27749348	5.94e-56	219	121	48169137
CaSNP2293	NC_021164.1	100.000	121	0	0	1	121	27140760	27140640	1.28e-57	224	121	48169137
CaSNP2362	NC_021164.1	99.174	121	1	0	1	121	27260683	27260803	5.94e-56	219	121	48169137
CaTSNP7705	NC_021164.1	100.000	83	0	0	39	121	27612381	27612299	1.70e-36	154	121	48169137
CaTSNP8121	NC_021164.1	100.000	121	0	0	1	121	27874424	27874544	1.28e-57	224	121	48169137
CaTSNP6081	NC_021164.1	100.000	121	0	0	1	121	27744358	27744478	1.28e-57	224	121	48169137
CaTSNP6077	NC_021164.1	99.174	121	1	0	1	121	27481750	27481630	5.94e-56	219	121	48169137
CaSNP2082	NC_021164.1	99.174	121	1	0	1	121	28267552	28267432	5.94e-56	219	121	48169137
CaSNP2218	NC_021164.1	99.174	121	1	0	1	121	28116249	28116129	5.94e-56	219	121	48169137
CaTSNP6146	NC_021164.1	100.000	97	0	0	25	121	27292357	27292261	2.80e-44	180	121	48169137
CaTSNP6146	NC_021164.1	100.000	97	0	0	25	121	27309618	27309522	2.80e-44	180	121	48169137
CaSNP2887	NC_021164.1	99.174	121	1	0	1	121	9760905	9761025	5.94e-56	219	121	48169137
CaSNP4533	NC_021166.1	97.521	121	3	0	1	121	30909449	30909569	1.29e-52	207	121	48961560
CaTSNP8613	NC_021164.1	100.000	108	0	0	14	121	28157699	28157806	2.15e-50	200	121	48169137
CaTSNP6331	NC_021164.1	100.000	61	0	0	37	97	28338321	28338381	2.89e-24	113	121	48169137
CaTSNP6755	NC_021164.1	100.000	121	0	0	1	121	28152564	28152684	1.28e-57	224	121	48169137
CaTSNP7036	NC_021164.1	100.000	116	0	0	6	121	28329580	28329465	7.69e-55	215	121	48169137
CaSNP5090	NC_021164.1	100.000	121	0	0	1	121	28631998	28632118	1.28e-57	224	121	48169137
CaSNP2965	NC_021164.1	99.174	121	1	0	1	121	10083716	10083836	5.94e-56	219	121	48169137
CaSNP5097	NC_021164.1	99.174	121	1	0	1	121	8112443	8112323	5.94e-56	219	121	48169137
CaSNP4559	NC_021164.1	99.174	121	1	0	1	121	10518535	10518415	5.94e-56	219	121	48169137
CaSNP2855	NC_021164.1	99.174	121	1	0	1	121	10164811	10164691	5.94e-56	219	121	48169137
CaSNP2198	NC_021164.1	99.174	121	1	0	1	121	9986474	9986354	5.94e-56	219	121	48169137
CaTSNP6270	NC_021164.1	100.000	99	0	0	1	99	28121265	28121167	2.17e-45	183	121	48169137
CaSNP2951	NC_021164.1	100.000	121	0	0	1	121	7890123	7890243	1.28e-57	224	121	48169137
CaTSNP7810	NC_021164.1	100.000	121	0	0	1	121	10160101	10160221	1.28e-57	224	121	48169137
CaTSNP6706	NC_021164.1	100.000	121	0	0	1	121	9959836	9959716	1.28e-57	224	121	48169137
CaTSNP8055	NC_021164.1	100.000	121	0	0	1	121	10187044	10186924	1.28e-57	224	121	48169137
CaSNP3372	NC_021164.1	100.000	121	0	0	1	121	7869521	7869641	1.28e-57	224	121	48169137
CaTSNP8357	NC_021164.1	100.000	121	0	0	1	121	28665934	28666054	1.28e-57	224	121	48169137
CaSNP2435	NC_021164.1	100.000	121	0	0	1	121	28362635	28362755	1.28e-57	224	121	48169137
CaTSNP7583	NC_021164.1	100.000	121	0	0	1	121	28612087	28612207	1.28e-57	224	121	48169137
CaTSNP9114	NC_021164.1	100.000	121	0	0	1	121	10162607	10162727	1.28e-57	224	121	48169137
CaSNP3879	NC_021164.1	99.174	121	1	0	1	121	7572574	7572694	5.94e-56	219	121	48169137
CaTSNP6873	NC_021164.1	100.000	121	0	0	1	121	9966023	9965903	1.28e-57	224	121	48169137
CaTSNP6873	NC_021164.1	100.000	121	0	0	1	121	9976983	9977103	1.28e-57	224	121	48169137
CaSNP2824	NC_021164.1	100.000	121	0	0	1	121	28459630	28459750	1.28e-57	224	121	48169137
CaSNP2840	NC_021164.1	100.000	121	0	0	1	121	7637468	7637588	1.28e-57	224	121	48169137
CaSNP3167	NC_021164.1	99.174	121	1	0	1	121	7666275	7666155	5.94e-56	219	121	48169137
CaTSNP8905	NC_021164.1	100.000	121	0	0	1	121	28540888	28540768	1.28e-57	224	121	48169137
CaTSNP6923	NC_021164.1	99.174	121	1	0	1	121	27362731	27362851	5.94e-56	219	121	48169137
CaSNP2028	NC_021164.1	100.000	121	0	0	1	121	28746603	28746483	1.28e-57	224	121	48169137
CaSNP2461	NC_021164.1	99.174	121	1	0	1	121	28730739	28730619	5.94e-56	219	121	48169137
CaTSNP6903	NC_021164.1	100.000	121	0	0	1	121	28916934	28916814	1.28e-57	224	121	48169137
CaTSNP7564	NC_021164.1	100.000	121	0	0	1	121	28676413	28676533	1.28e-57	224	121	48169137
CaSNP3815	NC_021164.1	100.000	121	0	0	1	121	1292622	1292502	1.28e-57	224	121	48169137
CaSNP4064	NC_021164.1	100.000	121	0	0	1	121	28944671	28944791	1.28e-57	224	121	48169137
CaSNP4064	NC_021162.1	90.476	105	10	0	13	117	13652179	13652075	4.76e-32	139	121	39989001
CaTSNP7379	NC_021164.1	100.000	121	0	0	1	121	1270460	1270340	1.28e-57	224	121	48169137
CaSNP2041	NC_021164.1	99.174	121	1	0	1	121	29639340	29639220	5.94e-56	219	121	48169137
CaSNP2783	NW_004516538.1	99.174	121	1	0	1	121	236642	236522	5.94e-56	219	121	315512
CaSNP2542	NC_021164.1	99.174	121	1	0	1	121	29484934	29484814	5.94e-56	219	121	48169137
CaTSNP6698	NC_021164.1	100.000	121	0	0	1	121	29658481	29658601	1.28e-57	224	121	48169137
CaSNP1927	NC_021164.1	100.000	121	0	0	1	121	29261459	29261579	1.28e-57	224	121	48169137
CaTSNP7606	NW_004516538.1	100.000	121	0	0	1	121	90060	89940	1.28e-57	224	121	315512
CaSNP2110	NC_021164.1	100.000	121	0	0	1	121	29343057	29342937	1.28e-57	224	121	48169137
CaSNP2071	NC_021164.1	100.000	121	0	0	1	121	38817909	38818029	1.28e-57	224	121	48169137
CaTSNP8397	NC_021164.1	99.174	121	1	0	1	121	29598449	29598569	5.94e-56	219	121	48169137
CaTSNP8053	NC_021164.1	100.000	121	0	0	1	121	29398712	29398832	1.28e-57	224	121	48169137
CaTSNP8204	NW_004516538.1	97.938	97	2	0	25	121	130382	130478	6.07e-41	169	121	315512
CaTSNP8194	NC_021164.1	100.000	121	0	0	1	121	29364386	29364506	1.28e-57	224	121	48169137
CaTSNP8810	NC_021164.1	99.174	121	1	0	1	121	38724003	38723883	5.94e-56	219	121	48169137
CaTSNP6693	NC_021164.1	100.000	121	0	0	1	121	29303388	29303268	1.28e-57	224	121	48169137
CaTSNP8834	NC_021164.1	100.000	121	0	0	1	121	38701206	38701086	1.28e-57	224	121	48169137
CaTSNP9089	NC_021164.1	99.057	106	0	1	2	107	29808150	29808254	4.66e-47	189	121	48169137
CaTSNP9017	NC_021164.1	100.000	121	0	0	1	121	38899874	38899754	1.28e-57	224	121	48169137
CaTSNP8674	NC_021164.1	100.000	121	0	0	1	121	39251041	39250921	1.28e-57	224	121	48169137
CaTSNP6161	NC_021164.1	100.000	95	0	0	1	95	39477586	39477492	3.63e-43	176	121	48169137
CaTSNP7892	NC_021164.1	100.000	92	0	0	1	92	39408701	39408792	1.69e-41	171	121	48169137
CaSNP2727	NC_021164.1	99.174	121	1	0	1	121	39242321	39242441	5.94e-56	219	121	48169137
CaTSNP7666	NC_021164.1	100.000	121	0	0	1	121	38996280	38996160	1.28e-57	224	121	48169137
CaTSNP6385	NC_021164.1	99.174	121	1	0	1	121	38984627	38984747	5.94e-56	219	121	48169137
CaSNP4430	NC_021164.1	99.174	121	1	0	1	121	39116308	39116188	5.94e-56	219	121	48169137
CaSNP3863	NC_021164.1	100.000	121	0	0	1	121	38926220	38926100	1.28e-57	224	121	48169137
CaTSNP8532	NC_021164.1	100.000	83	0	0	39	121	29793081	29792999	1.70e-36	154	121	48169137
CaSNP3989	NC_021164.1	100.000	121	0	0	1	121	39660454	39660334	1.28e-57	224	121	48169137
CaSNP2549	NC_021164.1	99.174	121	1	0	1	121	39717577	39717697	5.94e-56	219	121	48169137
CaTSNP6197	NC_021164.1	100.000	100	0	0	22	121	40342201	40342300	6.03e-46	185	121	48169137
CaTSNP6197	NC_021164.1	97.000	100	3	0	22	121	40311438	40311537	6.07e-41	169	121	48169137
CaTSNP6825	NC_021164.1	100.000	121	0	0	1	121	40371960	40371840	1.28e-57	224	121	48169137
CaTSNP6825	NC_021164.1	100.000	121	0	0	1	121	40385206	40385086	1.28e-57	224	121	48169137
CaTSNP6524	NC_021164.1	99.174	121	1	0	1	121	39868053	39867933	5.94e-56	219	121	48169137
CaTSNP6823	NC_021164.1	100.000	121	0	0	1	121	40077337	40077457	1.28e-57	224	121	48169137
CaTSNP8061	NC_021164.1	100.000	90	0	0	32	121	40028009	40028098	2.18e-40	167	121	48169137
CaTSNP8853	NC_021164.1	99.174	121	1	0	1	121	40061997	40061877	5.94e-56	219	121	48169137
CaTSNP6727	NC_021164.1	99.174	121	1	0	1	121	40019173	40019293	5.94e-56	219	121	48169137
CaTSNP8631	NC_021164.1	100.000	107	0	0	1	107	39975925	39976031	7.74e-50	198	121	48169137
CaTSNP7137	NC_021164.1	100.000	121	0	0	1	121	40001970	40002090	1.28e-57	224	121	48169137
CaTSNP6432	NC_021164.1	99.174	121	1	0	1	121	39753958	39753838	5.94e-56	219	121	48169137
CaTSNP6432	NC_021166.1	94.215	121	7	0	1	121	1124499	1124619	6.03e-46	185	121	48961560
CaTSNP7710	NC_021164.1	99.174	121	1	0	1	121	39985102	39984982	5.94e-56	219	121	48169137
CaSNP3401	NC_021164.1	100.000	121	0	0	1	121	40293369	40293249	1.28e-57	224	121	48169137
CaTSNP6067	NC_021164.1	99.174	121	1	0	1	121	40639326	40639206	5.94e-56	219	121	48169137
CaTSNP6509	NC_021164.1	100.000	121	0	0	1	121	40466183	40466063	1.28e-57	224	121	48169137
CaTSNP7405	NC_021164.1	100.000	121	0	0	1	121	40481347	40481227	1.28e-57	224	121	48169137
CaTSNP7985	NC_021164.1	100.000	105	0	0	1	105	40891081	40890977	1.00e-48	195	121	48169137
CaTSNP9098	NC_021164.1	100.000	121	0	0	1	121	40813069	40812949	1.28e-57	224	121	48169137
CaTSNP9098	NC_021162.1	97.222	72	2	0	50	121	28602070	28602141	4.79e-27	122	121	39989001
CaTSNP7549	NC_021164.1	100.000	121	0	0	1	121	40710806	40710686	1.28e-57	224	121	48169137
CaTSNP7549	NC_021161.1	90.083	121	12	0	1	121	32068537	32068657	1.31e-37	158	121	36634854
CaTSNP7282	NC_021164.1	100.000	121	0	0	1	121	41121122	41121242	1.28e-57	224	121	48169137
CaTSNP7089	NC_021164.1	98.347	121	2	0	1	121	40937082	40936962	2.77e-54	213	121	48169137
CaTSNP9140	NC_021164.1	100.000	79	0	0	2	80	40961291	40961213	2.84e-34	147	121	48169137
CaSNP1948	NC_021164.1	100.000	121	0	0	1	121	40912132	40912012	1.28e-57	224	121	48169137
CaTSNP8680	NC_021164.1	100.000	121	0	0	1	121	40720860	40720980	1.28e-57	224	121	48169137
CaSNP2529	NC_021164.1	100.000	121	0	0	1	121	41072605	41072485	1.28e-57	224	121	48169137
CaTSNP8658	NC_021164.1	100.000	121	0	0	1	121	40824170	40824290	1.28e-57	224	121	48169137
CaTSNP8506	NC_021164.1	100.000	121	0	0	1	121	41027326	41027446	1.28e-57	224	121	48169137
CaTSNP9088	NC_021164.1	100.000	70	0	0	1	70	28560650	28560719	2.86e-29	130	121	48169137
CaTSNP9088	NC_021164.1	100.000	54	0	0	68	121	28560803	28560856	2.25e-20	100	121	48169137
CaTSNP7277	NC_021164.1	100.000	121	0	0	1	121	42338464	42338344	1.28e-57	224	121	48169137
CaSNP2092	NC_021164.1	100.000	121	0	0	1	121	41481759	41481639	1.28e-57	224	121	48169137
CaSNP2144	NC_021164.1	99.174	121	1	0	1	121	41740801	41740921	5.94e-56	219	121	48169137
CaSNP3424	NC_021164.1	100.000	121	0	0	1	121	42295327	42295447	1.28e-57	224	121	48169137
CaSNP4091	NC_021164.1	99.174	121	1	0	1	121	41408600	41408480	5.94e-56	219	121	48169137
CaSNP4340	NC_021164.1	99.174	121	1	0	1	121	41771295	41771175	5.94e-56	219	121	48169137
CaSNP4340	NC_021166.1	94.215	121	7	0	1	121	6951845	6951725	6.03e-46	185	121	48961560
CaSNP2928	NC_021164.1	99.174	121	1	0	1	121	42277878	42277758	5.94e-56	219	121	48169137
CaSNP4024	NC_021164.1	99.174	121	1	0	1	121	41886216	41886336	5.94e-56	219	121	48169137
CaTSNP8715	NC_021164.1	100.000	121	0	0	1	121	41295656	41295776	1.28e-57	224	121	48169137
CaTSNP8848	NC_021164.1	100.000	103	0	0	1	103	42023424	42023322	1.30e-47	191	121	48169137
CaTSNP6192	NC_021164.1	100.000	121	0	0	1	121	42053273	42053153	1.28e-57	224	121	48169137
CaTSNP6278	NC_021164.1	100.000	98	0	0	1	98	41403054	41403151	7.80e-45	182	121	48169137
CaTSNP6628	NC_021164.1	100.000	121	0	0	1	121	42127582	42127462	1.28e-57	224	121	48169137
CaTSNP6666	NC_021164.1	100.000	121	0	0	1	121	41950345	41950465	1.28e-57	224	121	48169137
CaTSNP7080	NC_021164.1	100.000	121	0	0	1	121	41530149	41530269	1.28e-57	224	121	48169137
CaTSNP8805	NC_021164.1	100.000	121	0	0	1	121	42099179	42099299	1.28e-57	224	121	48169137
CaTSNP6150	NC_021164.1	100.000	121	0	0	1	121	42261948	42262068	1.28e-57	224	121	48169137
CaTSNP6464	NC_021164.1	99.174	121	1	0	1	121	41635322	41635202	5.94e-56	219	121	48169137
CaTSNP7020	NC_021164.1	100.000	121	0	0	1	121	41911745	41911865	1.28e-57	224	121	48169137
CaTSNP7305	NC_021164.1	100.000	93	0	0	1	93	41285037	41284945	4.69e-42	172	121	48169137
CaTSNP8144	NC_021164.1	100.000	121	0	0	1	121	41521078	41521198	1.28e-57	224	121	48169137
CaTSNP8256	NC_021164.1	100.000	81	0	0	41	121	42044953	42044873	2.20e-35	150	121	48169137
CaTSNP8716	NC_021164.1	100.000	121	0	0	1	121	42100010	42100130	1.28e-57	224	121	48169137
CaTSNP8148	NC_021164.1	98.925	93	1	0	29	121	41303010	41303102	2.18e-40	167	121	48169137
CaTSNP8257	NC_021164.1	100.000	121	0	0	1	121	42168587	42168707	1.28e-57	224	121	48169137
CaSNP2406	NC_021164.1	99.174	121	1	0	1	121	42043536	42043656	5.94e-56	219	121	48169137
CaSNP3030	NC_021164.1	99.174	121	1	0	1	121	42376912	42377032	5.94e-56	219	121	48169137
CaSNP4026	NW_004516994.1	100.000	121	0	0	1	121	191142	191022	1.28e-57	224	121	270127
CaSNP3252	NC_021164.1	100.000	121	0	0	1	121	42431636	42431516	1.28e-57	224	121	48169137
CaSNP3252	NC_021162.1	90.476	126	5	5	1	121	13423242	13423119	3.65e-38	159	121	39989001
CaTSNP8765	NC_021164.1	100.000	121	0	0	1	121	42614133	42614013	1.28e-57	224	121	48169137
CaTSNP9065	NC_021164.1	97.260	73	2	0	20	92	42465762	42465690	1.33e-27	124	121	48169137
CaTSNP6239	NC_021164.1	100.000	121	0	0	1	121	42667031	42667151	1.28e-57	224	121	48169137
CaSNP5029	NC_021164.1	100.000	121	0	0	1	121	42406224	42406104	1.28e-57	224	121	48169137
CaTSNP6293	NC_021164.1	98.901	91	1	0	31	121	42589897	42589987	2.82e-39	163	121	48169137
CaTSNP6346	NC_021164.1	100.000	121	0	0	1	121	42592148	42592028	1.28e-57	224	121	48169137
CaTSNP6993	NC_021164.1	98.936	94	0	1	1	94	42865850	42865942	2.18e-40	167	121	48169137
CaTSNP7616	NC_021164.1	100.000	121	0	0	1	121	42507082	42507202	1.28e-57	224	121	48169137
CaTSNP8772	NC_021164.1	99.174	121	1	0	1	121	42563104	42563224	5.94e-56	219	121	48169137
CaTSNP8830	NC_021164.1	100.000	121	0	0	1	121	42744598	42744718	1.28e-57	224	121	48169137
CaTSNP8014	NC_021164.1	99.174	121	1	0	1	121	42360042	42360162	5.94e-56	219	121	48169137
CaSNP2473	NC_021164.1	99.174	121	1	0	1	121	43064843	43064723	5.94e-56	219	121	48169137
CaSNP1937	NC_021164.1	100.000	121	0	0	1	121	43332771	43332651	1.28e-57	224	121	48169137
CaSNP3761	NC_021164.1	99.174	121	1	0	1	121	42927269	42927389	5.94e-56	219	121	48169137
CaSNP2509	NC_021164.1	100.000	121	0	0	1	121	43959289	43959169	1.28e-57	224	121	48169137
CaSNP2487	NC_021164.1	100.000	121	0	0	1	121	43818557	43818677	1.28e-57	224	121	48169137
CaTSNP7094	NC_021164.1	100.000	107	0	0	15	121	43406923	43407029	7.74e-50	198	121	48169137
CaTSNP8040	NC_021164.1	100.000	121	0	0	1	121	43299825	43299945	1.28e-57	224	121	48169137
CaTSNP8346	NC_021164.1	100.000	121	0	0	1	121	43530627	43530507	1.28e-57	224	121	48169137
CaTSNP8412	NC_021164.1	100.000	121	0	0	1	121	43113818	43113698	1.28e-57	224	121	48169137
CaTSNP6510	NC_021164.1	100.000	121	0	0	1	121	43384889	43385009	1.28e-57	224	121	48169137
CaTSNP8668	NC_021164.1	100.000	121	0	0	1	121	43081194	43081074	1.28e-57	224	121	48169137
CaTSNP7553	NC_021164.1	100.000	121	0	0	1	121	43512385	43512505	1.28e-57	224	121	48169137
CaTSNP6287	NC_021164.1	100.000	121	0	0	1	121	43498728	43498608	1.28e-57	224	121	48169137
CaTSNP6556	NC_021164.1	99.174	121	1	0	1	121	43416743	43416623	5.94e-56	219	121	48169137
CaTSNP6741	NC_021164.1	99.160	119	1	0	3	121	43264580	43264698	7.69e-55	215	121	48169137
CaTSNP6699	NC_021164.1	99.174	121	1	0	1	121	42969897	42969777	5.94e-56	219	121	48169137
CaTSNP7539	NC_021164.1	99.174	121	1	0	1	121	42906883	42907003	5.94e-56	219	121	48169137
CaTSNP8623	NC_021164.1	100.000	109	0	0	1	109	43522215	43522107	5.99e-51	202	121	48169137
CaTSNP7398	NC_021164.1	100.000	121	0	0	1	121	43457427	43457307	1.28e-57	224	121	48169137
CaTSNP7980	NC_021164.1	100.000	121	0	0	1	121	43357543	43357663	1.28e-57	224	121	48169137
CaTSNP8845	NC_021164.1	98.824	85	1	0	1	85	43047623	43047539	6.11e-36	152	121	48169137
CaTSNP8845	NC_021164.1	98.824	85	1	0	1	85	43049281	43049197	6.11e-36	152	121	48169137
CaTSNP6937	NC_021164.1	99.174	121	1	0	1	121	43835527	43835647	5.94e-56	219	121	48169137
CaTSNP7772	NC_021164.1	100.000	121	0	0	1	121	43952478	43952358	1.28e-57	224	121	48169137
CaTSNP6281	NC_021164.1	100.000	121	0	0	1	121	43879341	43879221	1.28e-57	224	121	48169137
CaTSNP6319	NC_021164.1	99.174	121	1	0	1	121	43952478	43952358	5.94e-56	219	121	48169137
CaTSNP7280	NC_021164.1	100.000	121	0	0	1	121	43779666	43779546	1.28e-57	224	121	48169137
CaTSNP8011	NC_021164.1	99.174	121	0	1	1	121	43753890	43753771	2.14e-55	217	121	48169137
CaTSNP8011	NC_021165.1	93.388	121	7	1	1	121	7835969	7836088	1.01e-43	178	121	59463898
CaTSNP8754	NC_021164.1	100.000	113	0	0	9	121	44071489	44071601	3.58e-53	209	121	48169137
CaTSNP6314	NC_021164.1	100.000	121	0	0	1	121	43684770	43684890	1.28e-57	224	121	48169137
CaTSNP6581	NC_021164.1	100.000	121	0	0	1	121	44125145	44125025	1.28e-57	224	121	48169137
CaTSNP7374	NC_021164.1	99.174	121	1	0	1	121	44102369	44102249	5.94e-56	219	121	48169137
CaTSNP8667	NC_021164.1	100.000	82	0	0	1	82	44360211	44360130	6.11e-36	152	121	48169137
CaTSNP7994	NC_021164.1	100.000	121	0	0	1	121	44699629	44699749	1.28e-57	224	121	48169137
CaTSNP7994	NC_021160.1	95.833	96	4	0	26	121	43337890	43337985	4.73e-37	156	121	48359943
CaTSNP7994	NC_021166.1	93.750	96	5	1	26	121	33284492	33284586	3.68e-33	143	121	48961560
CaTSNP7159	NC_021164.1	100.000	121	0	0	1	121	44718867	44718747	1.28e-57	224	121	48169137
CaTSNP8139	NC_021164.1	100.000	121	0	0	1	121	44667987	44668107	1.28e-57	224	121	48169137
CaTSNP8450	NC_021164.1	100.000	121	0	0	1	121	44279042	44278922	1.28e-57	224	121	48169137
CaTSNP7709	NC_021164.1	99.167	120	1	0	1	120	44734452	44734571	2.14e-55	217	121	48169137
CaTSNP8008	NC_021164.1	100.000	95	0	0	27	121	44576847	44576941	3.63e-43	176	121	48169137
CaTSNP9040	NC_021164.1	100.000	121	0	0	1	121	44279042	44278922	1.28e-57	224	121	48169137
CaTSNP7628	NC_021164.1	100.000	121	0	0	1	121	44569145	44569265	1.28e-57	224	121	48169137
CaTSNP7700	NC_021164.1	100.000	121	0	0	1	121	44321143	44321263	1.28e-57	224	121	48169137
CaTSNP7308	NC_021164.1	100.000	103	0	0	19	121	44158674	44158776	1.30e-47	191	121	48169137
CaSNP2808	NC_021164.1	99.174	121	1	0	1	121	44165282	44165402	5.94e-56	219	121	48169137
CaSNP1987	NC_021164.1	99.174	121	1	0	1	121	44367143	44367023	5.94e-56	219	121	48169137
CaSNP3321	NC_021164.1	100.000	121	0	0	1	121	44389035	44388915	1.28e-57	224	121	48169137
CaSNP3321	NC_021164.1	100.000	121	0	0	1	121	44390287	44390167	1.28e-57	224	121	48169137
CaSNP2174	NC_021164.1	100.000	121	0	0	1	121	44671315	44671195	1.28e-57	224	121	48169137
CaSNP2023	NC_021164.1	100.000	121	0	0	1	121	44462263	44462383	1.28e-57	224	121	48169137
CaTSNP6068	NC_021164.1	100.000	121	0	0	1	121	44888976	44889096	1.28e-57	224	121	48169137
CaTSNP8661	NC_021164.1	100.000	121	0	0	1	121	44934068	44933948	1.28e-57	224	121	48169137
CaTSNP8871	NC_021164.1	100.000	121	0	0	1	121	44980080	44979960	1.28e-57	224	121	48169137
CaTSNP6934	NC_021164.1	100.000	121	0	0	1	121	44846830	44846950	1.28e-57	224	121	48169137
CaTSNP6934	NC_021164.1	90.083	121	12	0	1	121	44833184	44833304	1.31e-37	158	121	48169137
CaSNP3621	NC_021164.1	99.174	121	1	0	1	121	44747070	44747190	5.94e-56	219	121	48169137
CaSNP2554	NC_021164.1	100.000	121	0	0	1	121	45224514	45224634	1.28e-57	224	121	48169137
CaSNP2825	NC_021164.1	99.174	121	1	0	1	121	45144903	45144783	5.94e-56	219	121	48169137
CaTSNP6554	NC_021164.1	100.000	111	0	0	11	121	45168550	45168440	4.63e-52	206	121	48169137
CaTSNP7633	NC_021162.1	100.000	67	0	0	1	67	34642893	34642827	1.33e-27	124	121	39989001
CaTSNP7633	NC_021162.1	100.000	56	0	0	66	121	34642715	34642660	1.74e-21	104	121	39989001
CaTSNP8826	NC_021164.1	100.000	121	0	0	1	121	45482481	45482601	1.28e-57	224	121	48169137
CaTSNP7966	NC_021164.1	100.000	121	0	0	1	121	45526473	45526353	1.28e-57	224	121	48169137
CaTSNP8168	NC_021164.1	100.000	121	0	0	1	121	45539651	45539531	1.28e-57	224	121	48169137
CaTSNP8212	NC_021164.1	99.174	121	1	0	1	121	45360468	45360588	5.94e-56	219	121	48169137
CaTSNP8595	NC_021164.1	100.000	121	0	0	1	121	45341467	45341347	1.28e-57	224	121	48169137
CaTSNP8252	NC_021164.1	100.000	121	0	0	1	121	45400825	45400705	1.28e-57	224	121	48169137
CaTSNP6803	NC_021164.1	100.000	121	0	0	1	121	45390061	45389941	1.28e-57	224	121	48169137
CaTSNP6803	NC_021163.1	90.909	121	11	0	1	121	40593856	40593976	2.82e-39	163	121	49191682
CaTSNP6491	NC_021164.1	100.000	121	0	0	1	121	45385988	45386108	1.28e-57	224	121	48169137
CaTSNP8382	NC_021164.1	100.000	82	0	0	1	82	46945856	46945937	6.11e-36	152	121	48169137
CaTSNP7853	NC_021164.1	100.000	121	0	0	1	121	45599150	45599270	1.28e-57	224	121	48169137
CaTSNP7072	NC_021164.1	96.667	90	3	0	1	90	46344955	46345044	2.20e-35	150	121	48169137
CaTSNP8785	NC_021164.1	100.000	121	0	0	1	121	46460961	46461081	1.28e-57	224	121	48169137
CaTSNP6175	NC_021164.1	100.000	121	0	0	1	121	45661049	45661169	1.28e-57	224	121	48169137
CaTSNP6290	NC_021164.1	100.000	121	0	0	1	121	45674512	45674632	1.28e-57	224	121	48169137
CaTSNP6612	NC_021164.1	100.000	121	0	0	1	121	45858217	45858337	1.28e-57	224	121	48169137
CaTSNP6661	NC_021164.1	100.000	121	0	0	1	121	46038792	46038672	1.28e-57	224	121	48169137
CaTSNP7172	NC_021164.1	100.000	121	0	0	1	121	45747558	45747438	1.28e-57	224	121	48169137
CaTSNP7349	NC_021164.1	100.000	64	0	0	28	91	45971593	45971530	6.20e-26	119	121	48169137
CaTSNP7973	NC_021164.1	100.000	121	0	0	1	121	46138860	46138980	1.28e-57	224	121	48169137
CaTSNP8530	NC_021164.1	100.000	121	0	0	1	121	45661112	45661232	1.28e-57	224	121	48169137
CaTSNP9014	NC_021164.1	100.000	121	0	0	1	121	46260762	46260882	1.28e-57	224	121	48169137
CaTSNP9042	NC_021164.1	99.174	121	1	0	1	121	45955947	45955827	5.94e-56	219	121	48169137
CaTSNP8823	NC_021164.1	100.000	82	0	0	1	82	46309210	46309291	6.11e-36	152	121	48169137
CaTSNP8499	NC_021164.1	100.000	121	0	0	1	121	46144045	46144165	1.28e-57	224	121	48169137
CaTSNP6712	NC_021164.1	100.000	121	0	0	1	121	45758333	45758213	1.28e-57	224	121	48169137
CaTSNP8846	NC_021164.1	100.000	121	0	0	1	121	45835501	45835621	1.28e-57	224	121	48169137
CaTSNP6409	NC_021164.1	100.000	108	0	0	1	108	46135676	46135569	2.15e-50	200	121	48169137
CaTSNP8117	NC_021164.1	100.000	121	0	0	1	121	46369712	46369592	1.28e-57	224	121	48169137
CaTSNP8396	NC_021164.1	100.000	84	0	0	1	84	46639642	46639725	4.73e-37	156	121	48169137
CaTSNP7852	NC_021164.1	98.990	99	1	0	23	121	46585125	46585223	1.01e-43	178	121	48169137
CaTSNP8867	NC_021164.1	100.000	121	0	0	1	121	46613783	46613903	1.28e-57	224	121	48169137
CaTSNP8523	NC_021164.1	100.000	121	0	0	1	121	46523929	46523809	1.28e-57	224	121	48169137
CaTSNP6490	NC_021164.1	100.000	121	0	0	1	121	46737735	46737615	1.28e-57	224	121	48169137
CaTSNP6864	NC_021164.1	100.000	83	0	0	39	121	46702124	46702206	1.70e-36	154	121	48169137
CaTSNP8283	NC_021164.1	100.000	121	0	0	1	121	46790076	46789956	1.28e-57	224	121	48169137
CaTSNP9157	NC_021164.1	100.000	121	0	0	1	121	46766262	46766382	1.28e-57	224	121	48169137
CaTSNP9050	NC_021164.1	100.000	121	0	0	1	121	46855017	46854897	1.28e-57	224	121	48169137
CaTSNP7021	NC_021164.1	100.000	121	0	0	1	121	46931964	46932084	1.28e-57	224	121	48169137
CaTSNP7396	NC_021164.1	100.000	121	0	0	1	121	47059127	47059247	1.28e-57	224	121	48169137
CaSNP2492	NC_021164.1	100.000	121	0	0	1	121	46816714	46816834	1.28e-57	224	121	48169137
CaSNP2585	NC_021164.1	99.174	121	1	0	1	121	45979526	45979646	5.94e-56	219	121	48169137
CaSNP2571	NC_021164.1	99.174	121	1	0	1	121	46764533	46764653	5.94e-56	219	121	48169137
CaSNP4600	NC_021164.1	100.000	121	0	0	1	121	46010573	46010453	1.28e-57	224	121	48169137
CaTSNP6430	NC_021164.1	99.174	121	1	0	1	121	47217107	47217227	5.94e-56	219	121	48169137
CaTSNP6483	NC_021164.1	100.000	121	0	0	1	121	47325370	47325490	1.28e-57	224	121	48169137
CaTSNP8363	NC_021164.1	100.000	121	0	0	1	121	47165359	47165239	1.28e-57	224	121	48169137
CaTSNP8363	NC_021167.1	91.736	121	10	0	1	121	3951804	3951684	6.07e-41	169	121	16477302
CaTSNP9012	NC_021164.1	100.000	117	0	0	5	121	47286544	47286428	2.14e-55	217	121	48169137
CaTSNP9012	NC_021167.1	95.726	117	5	0	5	121	3951213	3951329	4.66e-47	189	121	16477302
CaTSNP6536	NC_021164.1	99.174	121	1	0	1	121	47358426	47358546	5.94e-56	219	121	48169137
CaTSNP8637	NC_021164.1	100.000	121	0	0	1	121	47209855	47209975	1.28e-57	224	121	48169137
CaTSNP6905	NC_021164.1	98.824	85	0	1	1	85	47629911	47629828	2.20e-35	150	121	48169137
CaTSNP8889	NC_021164.1	100.000	121	0	0	1	121	47482087	47482207	1.28e-57	224	121	48169137
CaTSNP8923	NC_021164.1	100.000	121	0	0	1	121	47537372	47537252	1.28e-57	224	121	48169137
CaTSNP6215	NC_021164.1	100.000	121	0	0	1	121	47591006	47591126	1.28e-57	224	121	48169137
CaSNP3432	NC_021164.1	99.174	121	1	0	1	121	47232648	47232768	5.94e-56	219	121	48169137
CaTSNP7695	NC_021164.1	99.174	121	1	0	1	121	47795519	47795639	5.94e-56	219	121	48169137
CaTSNP8409	NC_021164.1	100.000	121	0	0	1	121	47693323	47693203	1.28e-57	224	121	48169137
CaSNP2317	NC_021164.1	99.174	121	1	0	1	121	47613659	47613539	5.94e-56	219	121	48169137
CaTSNP8925	NC_021164.1	100.000	121	0	0	1	121	47941843	47941723	1.28e-57	224	121	48169137
CaTSNP8843	NC_021164.1	100.000	79	0	0	32	110	47928612	47928690	2.84e-34	147	121	48169137
CaTSNP8207	NC_021164.1	100.000	82	0	0	40	121	48051691	48051610	6.11e-36	152	121	48169137
CaTSNP7420	NC_021164.1	100.000	108	0	0	1	108	48006859	48006752	2.15e-50	200	121	48169137
CaTSNP8017	NC_021164.1	100.000	77	0	0	18	94	48112340	48112264	3.68e-33	143	121	48169137
CaTSNP8017	NW_004516458.1	98.701	77	1	0	18	94	114947	115023	1.71e-31	137	121	287573
CaSNP2357	NC_021164.1	99.174	121	1	0	1	121	48118119	48118239	5.94e-56	219	121	48169137
CaTSNP7712	NC_021162.1	98.347	121	2	0	1	121	35597651	35597771	2.77e-54	213	121	39989001
CaTSNP7712	NC_021162.1	96.694	121	4	0	1	121	35601014	35601134	5.99e-51	202	121	39989001
CaTSNP7145	NC_021164.1	100.000	98	0	0	24	121	38390303	38390206	7.80e-45	182	121	48169137
CaSNP4732	NC_021164.1	100.000	121	0	0	1	121	38386831	38386951	1.28e-57	224	121	48169137
CaSNP2099	NC_021164.1	100.000	121	0	0	1	121	38359513	38359393	1.28e-57	224	121	48169137
CaTSNP6317	NC_021164.1	99.180	122	0	1	1	121	38030115	38030236	5.94e-56	219	121	48169137
CaTSNP7809	NC_021164.1	100.000	121	0	0	1	121	38030413	38030293	1.28e-57	224	121	48169137
CaTSNP6584	NC_021164.1	100.000	121	0	0	1	121	37969121	37969001	1.28e-57	224	121	48169137
CaTSNP6907	NC_021164.1	100.000	94	0	0	28	121	37979896	37979989	1.30e-42	174	121	48169137
CaTSNP6548	NC_021164.1	100.000	121	0	0	1	121	37739556	37739436	1.28e-57	224	121	48169137
CaTSNP7073	NC_021164.1	100.000	121	0	0	1	121	37730823	37730943	1.28e-57	224	121	48169137
CaTSNP8768	NC_021164.1	100.000	121	0	0	1	121	37021903	37021783	1.28e-57	224	121	48169137
CaTSNP6684	NC_021164.1	99.174	121	1	0	1	121	36943861	36943981	5.94e-56	219	121	48169137
CaTSNP8003	NC_021164.1	100.000	121	0	0	1	121	37461172	37461292	1.28e-57	224	121	48169137
CaTSNP7967	NC_021164.1	100.000	121	0	0	1	121	37342606	37342486	1.28e-57	224	121	48169137
CaTSNP8315	NC_021164.1	99.174	121	1	0	1	121	37194421	37194301	5.94e-56	219	121	48169137
CaTSNP7603	NC_021164.1	100.000	70	0	0	21	90	37156144	37156075	2.86e-29	130	121	48169137
CaTSNP6326	NC_021164.1	100.000	120	0	0	1	120	37425899	37425780	4.59e-57	222	121	48169137
CaTSNP6705	NC_021164.1	99.174	121	1	0	1	121	37383221	37383341	5.94e-56	219	121	48169137
CaTSNP7723	NC_021164.1	99.174	121	1	0	1	121	36969323	36969443	5.94e-56	219	121	48169137
CaTSNP8277	NC_021164.1	100.000	121	0	0	1	121	37082708	37082588	1.28e-57	224	121	48169137
CaTSNP6279	NC_021164.1	100.000	121	0	0	1	121	37249533	37249653	1.28e-57	224	121	48169137
CaSNP2934	NC_021164.1	99.174	121	1	0	1	121	37084994	37085114	5.94e-56	219	121	48169137
CaTSNP8578	NC_021164.1	100.000	121	0	0	1	121	36859649	36859529	1.28e-57	224	121	48169137
CaSNP3208	NC_021164.1	99.174	121	1	0	1	121	37045913	37045793	5.94e-56	219	121	48169137
CaSNP2926	NC_021164.1	99.174	121	1	0	1	121	37250894	37250774	5.94e-56	219	121	48169137
CaTSNP9085	NC_021164.1	100.000	121	0	0	1	121	36666790	36666910	1.28e-57	224	121	48169137
CaTSNP8748	NC_021164.1	100.000	121	0	0	1	121	36755859	36755739	1.28e-57	224	121	48169137
CaTSNP8944	NC_021164.1	100.000	121	0	0	1	121	36797233	36797113	1.28e-57	224	121	48169137
CaSNP2056	NC_021164.1	100.000	121	0	0	1	121	37354080	37353960	1.28e-57	224	121	48169137
CaTSNP7674	NC_021164.1	100.000	121	0	0	1	121	36504737	36504857	1.28e-57	224	121	48169137
CaSNP2013	NC_021164.1	100.000	121	0	0	1	121	37018386	37018266	1.28e-57	224	121	48169137
CaTSNP6542	NC_021164.1	100.000	121	0	0	1	121	36861053	36861173	1.28e-57	224	121	48169137
CaTSNP6323	NC_021164.1	91.964	112	5	4	1	110	36534056	36533947	1.70e-36	154	121	48169137
CaTSNP7676	NC_021164.1	100.000	119	0	0	3	121	35685515	35685633	1.65e-56	220	121	48169137
CaTSNP8298	NC_021164.1	100.000	113	0	0	1	113	35790438	35790326	3.58e-53	209	121	48169137
CaTSNP8439	NC_021164.1	100.000	86	0	0	36	121	35775241	35775326	3.65e-38	159	121	48169137
CaTSNP7887	NC_021164.1	100.000	84	0	0	18	101	35718969	35719052	4.73e-37	156	121	48169137
CaTSNP7992	NC_021164.1	100.000	121	0	0	1	121	35860321	35860201	1.28e-57	224	121	48169137
CaSNP2212	NC_021164.1	100.000	121	0	0	1	121	35477440	35477320	1.28e-57	224	121	48169137
CaSNP2541	NC_021164.1	99.174	121	1	0	1	121	35517208	35517328	5.94e-56	219	121	48169137
CaTSNP7475	NC_021164.1	100.000	121	0	0	1	121	35328822	35328942	1.28e-57	224	121	48169137
CaTSNP7769	NC_021164.1	100.000	83	0	0	39	121	35381022	35381104	1.70e-36	154	121	48169137
CaTSNP6071	NC_021164.1	100.000	106	0	0	16	121	35295147	35295042	2.78e-49	196	121	48169137
CaTSNP9153	NC_021164.1	99.174	121	1	0	1	121	36427843	36427723	5.94e-56	219	121	48169137
CaTSNP7904	NC_021164.1	100.000	121	0	0	1	121	35947072	35947192	1.28e-57	224	121	48169137
CaTSNP7932	NC_021164.1	99.038	104	1	0	1	104	35984089	35983986	1.68e-46	187	121	48169137
CaTSNP8647	NC_021164.1	100.000	121	0	0	1	121	36412282	36412402	1.28e-57	224	121	48169137
CaTSNP7394	NC_021164.1	100.000	93	0	0	29	121	36097317	36097409	4.69e-42	172	121	48169137
CaTSNP6341	NC_021164.1	100.000	77	0	0	45	121	30246663	30246587	3.68e-33	143	121	48169137
CaTSNP6341	NC_021164.1	100.000	48	0	0	1	48	30246787	30246740	4.86e-17	89.8	121	48169137
CaTSNP6534	NC_021164.1	100.000	85	0	0	37	121	35969377	35969461	1.31e-37	158	121	48169137
CaTSNP6637	NC_021164.1	100.000	85	0	0	1	85	36215377	36215461	1.31e-37	158	121	48169137
CaTSNP7097	NC_021164.1	100.000	121	0	0	1	121	36431244	36431124	1.28e-57	224	121	48169137
CaTSNP9125	NC_021164.1	99.123	114	1	0	8	121	36235906	36236019	4.63e-52	206	121	48169137
CaTSNP7982	NC_021164.1	99.174	121	1	0	1	121	35940771	35940891	5.94e-56	219	121	48169137
CaTSNP6950	NW_004516574.1	98.529	68	1	0	1	68	211126	211193	1.72e-26	121	121	1410633
CaTSNP6950	NW_004516574.1	100.000	59	0	0	63	121	211292	211350	3.73e-23	110	121	1410633
CaTSNP6241	NC_021164.1	100.000	121	0	0	1	121	35213661	35213541	1.28e-57	224	121	48169137
CaTSNP6816	NC_021164.1	99.174	121	1	0	1	121	35431758	35431638	5.94e-56	219	121	48169137
CaTSNP6816	NW_004516030.1	97.297	74	1	1	49	121	72243	72170	1.33e-27	124	121	148349
CaTSNP6936	NC_021164.1	100.000	121	0	0	1	121	35122482	35122362	1.28e-57	224	121	48169137
CaTSNP7401	NC_021164.1	100.000	121	0	0	1	121	35335062	35334942	1.28e-57	224	121	48169137
CaTSNP8446	NC_021164.1	99.153	118	1	0	4	121	35191962	35192079	2.77e-54	213	121	48169137
CaTSNP8446	NC_021165.1	98.305	118	2	0	4	121	7438538	7438655	1.29e-52	207	121	59463898
CaTSNP8540	NC_021164.1	100.000	121	0	0	1	121	35177465	35177585	1.28e-57	224	121	48169137
CaSNP2155	NC_021164.1	100.000	121	0	0	1	121	36335394	36335514	1.28e-57	224	121	48169137
CaTSNP8401	NC_021164.1	100.000	121	0	0	1	121	35483820	35483700	1.28e-57	224	121	48169137
CaSNP2020	NC_021164.1	99.174	121	1	0	1	121	36407909	36408029	5.94e-56	219	121	48169137
CaSNP5033	NC_021164.1	99.174	121	1	0	1	121	34270592	34270712	5.94e-56	219	121	48169137
CaSNP2898	NC_021164.1	99.174	121	1	0	1	121	34022422	34022302	5.94e-56	219	121	48169137
CaTSNP7884	NC_021164.1	99.174	121	1	0	1	121	33719568	33719448	5.94e-56	219	121	48169137
CaSNP2346	NC_021164.1	100.000	121	0	0	1	121	34150571	34150691	1.28e-57	224	121	48169137
CaTSNP8281	NC_021164.1	100.000	121	0	0	1	121	34988653	34988533	1.28e-57	224	121	48169137
CaTSNP6145	NC_021164.1	100.000	121	0	0	1	121	34437398	34437278	1.28e-57	224	121	48169137
CaTSNP7668	NC_021164.1	98.947	95	1	0	27	121	33912806	33912900	1.69e-41	171	121	48169137
CaTSNP8704	NC_021164.1	98.182	110	2	0	1	110	33721604	33721495	3.60e-48	193	121	48169137
CaTSNP7558	NC_021164.1	100.000	121	0	0	1	121	34920310	34920430	1.28e-57	224	121	48169137
CaTSNP6489	NC_021164.1	99.174	121	1	0	1	121	34906870	34906990	5.94e-56	219	121	48169137
CaTSNP8767	NC_021164.1	100.000	79	0	0	1	79	33859942	33860020	2.84e-34	147	121	48169137
CaTSNP8767	NC_021164.1	100.000	46	0	0	76	121	33860577	33860622	6.29e-16	86.1	121	48169137
CaTSNP8970	NC_021164.1	100.000	121	0	0	1	121	34411137	34411017	1.28e-57	224	121	48169137
CaTSNP7734	NC_021164.1	99.174	121	1	0	1	121	34163981	34163861	5.94e-56	219	121	48169137
CaTSNP8472	NC_021164.1	100.000	121	0	0	1	121	34247157	34247037	1.28e-57	224	121	48169137
CaTSNP7053	NC_021164.1	100.000	121	0	0	1	121	34141096	34141216	1.28e-57	224	121	48169137
CaTSNP7910	NC_021164.1	100.000	121	0	0	1	121	34807308	34807188	1.28e-57	224	121	48169137
CaTSNP6262	NC_021164.1	95.789	95	1	3	1	93	34794543	34794450	2.20e-35	150	121	48169137
CaTSNP7313	NC_021164.1	100.000	121	0	0	1	121	34845903	34846023	1.28e-57	224	121	48169137
CaTSNP8181	NC_021164.1	100.000	88	0	0	1	88	34687798	34687885	2.82e-39	163	121	48169137
CaTSNP7686	NC_021164.1	100.000	121	0	0	1	121	33898480	33898360	1.28e-57	224	121	48169137
CaTSNP6349	NC_021164.1	100.000	79	0	0	2	80	33918314	33918392	2.84e-34	147	121	48169137
CaTSNP8601	NC_021164.1	100.000	121	0	0	1	121	33979837	33979957	1.28e-57	224	121	48169137
CaTSNP6425	NC_021164.1	99.174	121	1	0	1	121	34004999	34004879	5.94e-56	219	121	48169137
CaTSNP7093	NC_021164.1	100.000	86	0	0	28	113	33747914	33747829	3.65e-38	159	121	48169137
CaTSNP8504	NC_021164.1	99.174	121	1	0	1	121	34190464	34190344	5.94e-56	219	121	48169137
CaTSNP6812	NC_021164.1	99.145	117	0	1	6	121	33663655	33663771	3.58e-53	209	121	48169137
CaTSNP7664	NC_021164.1	100.000	121	0	0	1	121	33946040	33945920	1.28e-57	224	121	48169137
CaTSNP8185	NC_021164.1	100.000	106	0	0	1	106	34521305	34521200	2.78e-49	196	121	48169137
CaSNP1951	NC_021164.1	100.000	121	0	0	1	121	34439534	34439654	1.28e-57	224	121	48169137
CaTSNP7382	NC_021164.1	100.000	121	0	0	1	121	33604980	33605100	1.28e-57	224	121	48169137
CaTSNP9067	NC_021164.1	100.000	121	0	0	1	121	33620557	33620677	1.28e-57	224	121	48169137
CaSNP2532	NC_021164.1	100.000	121	0	0	1	121	33245662	33245782	1.28e-57	224	121	48169137
CaSNP1955	NC_021164.1	100.000	121	0	0	1	121	32627240	32627120	1.28e-57	224	121	48169137
CaTSNP8400	NC_021164.1	99.174	121	1	0	1	121	32930671	32930551	5.94e-56	219	121	48169137
CaSNP3901	NC_021164.1	100.000	121	0	0	1	121	32689083	32689203	1.28e-57	224	121	48169137
CaTSNP7758	NC_021164.1	100.000	84	0	0	1	84	33014957	33014874	2.90e-37	156	84	48169137
CaTSNP8282	NC_021164.1	99.174	121	1	0	1	121	32993848	32993728	5.94e-56	219	121	48169137
CaTSNP8436	NC_021164.1	100.000	121	0	0	1	121	33027620	33027740	1.28e-57	224	121	48169137
CaTSNP6868	NC_021164.1	100.000	121	0	0	1	121	33349658	33349538	1.28e-57	224	121	48169137
CaTSNP6053	NC_021164.1	99.174	121	1	0	1	121	33189026	33188906	5.94e-56	219	121	48169137
CaTSNP6767	NC_021164.1	100.000	121	0	0	1	121	33529646	33529766	1.28e-57	224	121	48169137
CaTSNP8038	NC_021164.1	100.000	113	0	0	1	113	32839287	32839399	3.58e-53	209	121	48169137
CaTSNP6448	NC_021164.1	100.000	121	0	0	1	121	33369376	33369256	1.28e-57	224	121	48169137
CaSNP3897	NC_021164.1	100.000	121	0	0	1	121	32347038	32347158	1.28e-57	224	121	48169137
CaTSNP6992	NC_021164.1	100.000	121	0	0	1	121	32398194	32398314	1.28e-57	224	121	48169137
CaTSNP7261	NC_021164.1	100.000	121	0	0	1	121	32495154	32495034	1.28e-57	224	121	48169137
CaSNP4416	NC_021164.1	99.174	121	1	0	1	121	32166214	32166094	5.94e-56	219	121	48169137
CaSNP4830	NC_021164.1	98.361	122	1	1	1	121	31867026	31866905	2.77e-54	213	121	48169137
CaTSNP7213	NC_021164.1	100.000	121	0	0	1	121	32566601	32566481	1.28e-57	224	121	48169137
CaSNP2033	NC_021164.1	100.000	121	0	0	1	121	31739369	31739249	1.28e-57	224	121	48169137
CaTSNP7335	NC_021164.1	100.000	121	0	0	1	121	32098028	32098148	1.28e-57	224	121	48169137
CaTSNP6460	NC_021164.1	98.876	89	1	0	1	89	31955657	31955569	3.65e-38	159	121	48169137
CaTSNP7289	NC_021164.1	100.000	84	0	0	1	84	31933159	31933242	4.73e-37	156	121	48169137
CaTSNP8097	NC_021164.1	100.000	121	0	0	1	121	32044004	32043884	1.28e-57	224	121	48169137
CaTSNP9064	NC_021164.1	98.000	100	0	1	6	105	31743090	31743187	4.69e-42	172	121	48169137
CaTSNP6735	NC_021164.1	100.000	97	0	0	25	121	31626554	31626650	2.80e-44	180	121	48169137
CaTSNP6735	NW_004516365.1	92.708	96	7	0	25	120	179715	179810	4.76e-32	139	121	195360
CaTSNP9048	NC_021164.1	100.000	121	0	0	1	121	31705597	31705717	1.28e-57	224	121	48169137
CaTSNP8549	NC_021164.1	100.000	121	0	0	1	121	31709283	31709163	1.28e-57	224	121	48169137
CaTSNP8549	NC_021164.1	94.215	121	7	0	1	121	31697181	31697061	6.03e-46	185	121	48169137
CaTSNP8549	NC_021163.1	95.522	67	3	0	55	121	32803308	32803242	1.34e-22	108	121	49191682
CaTSNP8549	NC_021163.1	92.537	67	5	0	55	121	31079601	31079667	2.91e-19	97.1	121	49191682
CaTSNP8549	NC_021163.1	91.045	67	6	0	55	121	35602314	35602248	1.35e-17	91.6	121	49191682
CaTSNP8549	NC_021162.1	92.537	67	5	0	55	121	14436130	14436196	2.91e-19	97.1	121	39989001
CaTSNP8549	NC_021161.1	92.537	67	5	0	55	121	31958857	31958791	2.91e-19	97.1	121	36634854
CaTSNP8549	NC_021161.1	92.537	67	5	0	55	121	31959145	31959079	2.91e-19	97.1	121	36634854
CaTSNP8549	NC_021160.1	92.308	65	5	0	57	121	35344177	35344241	3.76e-18	93.5	121	48359943
CaTSNP8549	NC_021160.1	91.045	67	6	0	55	121	28611027	28610961	1.35e-17	91.6	121	48359943
CaTSNP8608	NC_021164.1	100.000	106	0	0	1	106	31696296	31696191	2.78e-49	196	121	48169137
CaTSNP6006	NC_021164.1	100.000	121	0	0	1	121	31676697	31676817	1.28e-57	224	121	48169137
CaTSNP6549	NC_021164.1	100.000	121	0	0	1	121	31370058	31370178	1.28e-57	224	121	48169137
CaTSNP6142	NC_021164.1	100.000	121	0	0	1	121	31481792	31481672	1.28e-57	224	121	48169137
CaTSNP8425	NC_021164.1	100.000	121	0	0	1	121	31373732	31373612	1.28e-57	224	121	48169137
CaTSNP7231	NC_021164.1	100.000	107	0	0	15	121	31510469	31510575	7.74e-50	198	121	48169137
CaTSNP7312	NC_021164.1	100.000	104	0	0	1	104	31890939	31890836	3.60e-48	193	121	48169137
CaTSNP8127	NC_021164.1	100.000	121	0	0	1	121	31180789	31180669	1.28e-57	224	121	48169137
CaTSNP8490	NC_021164.1	100.000	121	0	0	1	121	31089280	31089400	1.28e-57	224	121	48169137
CaTSNP8988	NC_021164.1	100.000	121	0	0	1	121	31046628	31046508	1.28e-57	224	121	48169137
CaTSNP9078	NC_021164.1	99.174	121	1	0	1	121	30963116	30963236	5.94e-56	219	121	48169137
CaTSNP6632	NC_021164.1	99.174	121	1	0	1	121	30939207	30939087	5.94e-56	219	121	48169137
CaTSNP8740	NC_021164.1	100.000	121	0	0	1	121	30884830	30884710	1.28e-57	224	121	48169137
CaTSNP6677	NC_021164.1	100.000	121	0	0	1	121	30808586	30808706	1.28e-57	224	121	48169137
CaTSNP8269	NC_021164.1	100.000	121	0	0	1	121	30726075	30726195	1.28e-57	224	121	48169137
CaSNP4701	NW_004516226.1	100.000	121	0	0	1	121	204419	204299	1.28e-57	224	121	365759
CaTSNP7806	NC_021164.1	100.000	121	0	0	1	121	30123347	30123467	1.28e-57	224	121	48169137
CaTSNP7803	NC_021164.1	100.000	121	0	0	1	121	30595067	30595187	1.28e-57	224	121	48169137
CaTSNP8722	NC_021164.1	98.795	83	1	0	39	121	30616730	30616648	7.91e-35	148	121	48169137
CaTSNP7322	NC_021164.1	99.174	121	1	0	1	121	30217994	30217874	5.94e-56	219	121	48169137
CaTSNP7424	NC_021164.1	100.000	121	0	0	1	121	30258580	30258460	1.28e-57	224	121	48169137
CaTSNP8806	NC_021164.1	100.000	121	0	0	1	121	30304347	30304227	1.28e-57	224	121	48169137
CaTSNP9019	NC_021164.1	99.174	121	1	0	1	121	30360245	30360125	5.94e-56	219	121	48169137
CaTSNP8707	NC_021164.1	100.000	121	0	0	1	121	30656506	30656626	1.28e-57	224	121	48169137
CaTSNP6070	NC_021164.1	100.000	121	0	0	1	121	30595067	30595187	1.28e-57	224	121	48169137
CaTSNP8296	NC_021164.1	100.000	121	0	0	1	121	30098625	30098745	1.28e-57	224	121	48169137
CaTSNP7780	NC_021164.1	100.000	121	0	0	1	121	30559033	30559153	1.28e-57	224	121	48169137
CaSNP1929	NC_021164.1	100.000	121	0	0	1	121	30152652	30152532	1.28e-57	224	121	48169137
CaSNP4622	NC_021164.1	100.000	121	0	0	1	121	30425664	30425544	1.28e-57	224	121	48169137
CaSNP2528	NW_004515687.1	99.174	121	1	0	1	121	296391	296271	5.94e-56	219	121	347246
CaSNP5035	NC_021165.1	99.174	121	1	0	1	121	3546736	3546616	5.94e-56	219	121	59463898
CaTSNP8503	NC_021163.1	100.000	64	0	0	49	112	5770428	5770491	6.20e-26	119	121	49191682
CaTSNP8503	NC_021163.1	100.000	51	0	0	1	51	5770081	5770131	1.05e-18	95.3	121	49191682
CaSNP5034	NC_021165.1	99.174	121	1	0	1	121	4525963	4525843	5.94e-56	219	121	59463898
CaTSNP9115	NC_021165.1	100.000	121	0	0	1	121	2117916	2118036	1.28e-57	224	121	59463898
CaTSNP9158	NC_021165.1	99.174	121	1	0	1	121	2258406	2258526	5.94e-56	219	121	59463898
CaTSNP7983	NC_021165.1	99.174	121	1	0	1	121	2078356	2078476	5.94e-56	219	121	59463898
CaTSNP7744	NC_021165.1	100.000	121	0	0	1	121	2151329	2151209	1.28e-57	224	121	59463898
CaTSNP6708	NC_021165.1	98.990	99	1	0	23	121	2294793	2294891	1.01e-43	178	121	59463898
CaTSNP6732	NC_021165.1	99.174	121	1	0	1	121	2321057	2320937	5.94e-56	219	121	59463898
CaTSNP7559	NC_021165.1	100.000	93	0	0	1	93	2245660	2245568	4.69e-42	172	121	59463898
CaTSNP6804	NC_021165.1	100.000	121	0	0	1	121	2379101	2379221	1.28e-57	224	121	59463898
CaTSNP8043	NC_021165.1	100.000	121	0	0	1	121	2379101	2379221	1.28e-57	224	121	59463898
CaTSNP7537	NC_021165.1	100.000	121	0	0	1	121	2205007	2204887	1.28e-57	224	121	59463898
CaTSNP8019	NC_021165.1	100.000	121	0	0	1	121	2313743	2313623	1.28e-57	224	121	59463898
CaTSNP6189	NC_021165.1	100.000	121	0	0	1	121	2461348	2461468	1.28e-57	224	121	59463898
CaTSNP8092	NC_021163.1	100.000	79	0	0	1	79	5119812	5119734	2.84e-34	147	121	49191682
CaTSNP8334	NC_021165.1	100.000	121	0	0	1	121	2601094	2600974	1.28e-57	224	121	59463898
CaTSNP6244	NC_021165.1	100.000	121	0	0	1	121	2563368	2563488	1.28e-57	224	121	59463898
CaTSNP7993	NC_021165.1	100.000	68	0	0	40	107	2881700	2881633	3.71e-28	126	121	59463898
CaTSNP8784	NC_021165.1	100.000	121	0	0	1	121	2926022	2925902	1.28e-57	224	121	59463898
CaTSNP8154	NC_021165.1	100.000	121	0	0	1	121	2771130	2771010	1.28e-57	224	121	59463898
CaTSNP6861	NC_021165.1	100.000	121	0	0	1	121	2803002	2802882	1.28e-57	224	121	59463898
CaTSNP6401	NC_021165.1	98.529	68	1	0	40	107	2881700	2881633	1.72e-26	121	121	59463898
CaTSNP8297	NC_021165.1	100.000	121	0	0	1	121	2787935	2787815	1.28e-57	224	121	59463898
CaTSNP6398	NC_021165.1	100.000	121	0	0	1	121	2905041	2904921	1.28e-57	224	121	59463898
CaTSNP8933	NC_021165.1	100.000	121	0	0	1	121	2835856	2835976	1.28e-57	224	121	59463898
CaTSNP6503	NC_021165.1	100.000	121	0	0	1	121	2828444	2828564	1.28e-57	224	121	59463898
CaTSNP7126	NC_021165.1	100.000	121	0	0	1	121	2851746	2851626	1.28e-57	224	121	59463898
CaTSNP7492	NC_021165.1	100.000	121	0	0	1	121	2681654	2681534	1.28e-57	224	121	59463898
CaSNP3808	NC_021165.1	99.174	121	1	0	1	121	2516361	2516481	5.94e-56	219	121	59463898
CaSNP3808	NC_021165.1	98.347	121	2	0	1	121	55943003	55943123	2.77e-54	213	121	59463898
CaTSNP8776	NC_021165.1	100.000	121	0	0	1	121	2830140	2830020	1.28e-57	224	121	59463898
CaSNP5037	NC_021165.1	99.174	121	1	0	1	121	2672611	2672491	5.94e-56	219	121	59463898
CaTSNP6436	NC_021167.1	100.000	96	0	0	26	121	13828541	13828636	1.01e-43	178	121	16477302
CaTSNP9052	NC_021167.1	100.000	121	0	0	1	121	14437187	14437067	1.28e-57	224	121	16477302
CaTSNP9052	NC_021165.1	100.000	121	0	0	1	121	3193997	3193877	1.28e-57	224	121	59463898
CaTSNP8349	NC_021167.1	100.000	121	0	0	1	121	13906178	13906298	1.28e-57	224	121	16477302
CaTSNP6650	NC_021167.1	100.000	97	0	0	25	121	13961737	13961833	2.80e-44	180	121	16477302
CaTSNP7981	NC_021165.1	100.000	121	0	0	1	121	3010642	3010762	1.28e-57	224	121	59463898
CaTSNP6561	NC_021165.1	100.000	121	0	0	1	121	2982494	2982374	1.28e-57	224	121	59463898
CaSNP3064	NC_021167.1	100.000	121	0	0	1	121	13952982	13952862	1.28e-57	224	121	16477302
CaSNP3193	NC_021165.1	100.000	121	0	0	1	121	4994936	4994816	1.28e-57	224	121	59463898
CaSNP2604	NC_021167.1	100.000	121	0	0	1	121	13891843	13891723	1.28e-57	224	121	16477302
CaSNP2659	NC_021165.1	100.000	121	0	0	1	121	3303377	3303497	1.28e-57	224	121	59463898
CaSNP2251	NC_021165.1	100.000	121	0	0	1	121	3226177	3226297	1.28e-57	224	121	59463898
CaSNP3454	NC_021165.1	99.174	121	1	0	1	121	3137609	3137729	5.94e-56	219	121	59463898
CaSNP3454	NC_021165.1	95.868	121	5	0	1	121	3094059	3094179	2.78e-49	196	121	59463898
CaSNP3454	NW_004522446.1	95.868	121	5	0	1	121	39	159	2.78e-49	196	121	1877
CaSNP3911	NC_021165.1	99.174	121	1	0	1	121	4933333	4933453	5.94e-56	219	121	59463898
CaSNP4663	NC_021165.1	100.000	119	0	0	1	119	3720102	3720220	1.65e-56	220	121	59463898
CaSNP1923	NC_021165.1	99.174	121	1	0	1	121	3843638	3843518	5.94e-56	219	121	59463898
CaSNP3654	NC_021165.1	99.174	121	1	0	1	121	151253	151373	5.94e-56	219	121	59463898
CaSNP3654	NC_021163.1	92.562	121	9	0	1	121	130046	130166	1.30e-42	174	121	49191682
CaSNP5154	NW_004522736.1	100.000	121	0	0	1	121	8631	8511	1.28e-57	224	121	11771
CaSNP2842	NC_021165.1	100.000	121	0	0	1	121	544715	544835	1.28e-57	224	121	59463898
CaTSNP9025	NC_021165.1	100.000	121	0	0	1	121	2001817	2001697	1.28e-57	224	121	59463898
CaTSNP8023	NC_021165.1	100.000	121	0	0	1	121	1869547	1869427	1.28e-57	224	121	59463898
CaTSNP6050	NC_021165.1	100.000	121	0	0	1	121	1842423	1842303	1.28e-57	224	121	59463898
CaTSNP8953	NC_021165.1	98.901	91	1	0	19	109	1884164	1884074	2.82e-39	163	121	59463898
CaTSNP7359	NC_021165.1	100.000	121	0	0	1	121	369256	369376	1.28e-57	224	121	59463898
CaTSNP7858	NC_021165.1	100.000	121	0	0	1	121	718741	718621	1.28e-57	224	121	59463898
CaTSNP6422	NC_021165.1	100.000	110	0	0	1	110	667025	667134	1.66e-51	204	121	59463898
CaTSNP6586	NC_021165.1	100.000	121	0	0	1	121	475543	475663	1.28e-57	224	121	59463898
CaTSNP6586	NC_021163.1	91.379	116	10	0	5	120	12368201	12368316	3.65e-38	159	121	49191682
CaTSNP7210	NC_021165.1	100.000	121	0	0	1	121	228688	228808	1.28e-57	224	121	59463898
CaTSNP7955	NC_021165.1	100.000	121	0	0	1	121	579358	579478	1.28e-57	224	121	59463898
CaTSNP8248	NC_021165.1	100.000	121	0	0	1	121	790666	790546	1.28e-57	224	121	59463898
CaTSNP8335	NC_021165.1	100.000	121	0	0	1	121	957684	957804	1.28e-57	224	121	59463898
CaTSNP6048	NC_021165.1	100.000	121	0	0	1	121	560521	560641	1.28e-57	224	121	59463898
CaTSNP6715	NC_021165.1	100.000	121	0	0	1	121	899367	899487	1.28e-57	224	121	59463898
CaTSNP9006	NW_004522736.1	99.174	121	1	0	1	121	2496	2376	5.94e-56	219	121	11771
CaTSNP6606	NC_021165.1	100.000	121	0	0	1	121	210341	210461	1.28e-57	224	121	59463898
CaTSNP8320	NC_021165.1	99.174	121	1	0	1	121	538223	538343	5.94e-56	219	121	59463898
CaTSNP6604	NC_021165.1	100.000	121	0	0	1	121	1273292	1273172	1.28e-57	224	121	59463898
CaTSNP8897	NC_021165.1	99.174	121	1	0	1	121	1804426	1804306	5.94e-56	219	121	59463898
CaTSNP8180	NC_021165.1	100.000	83	0	0	39	121	1314012	1313930	1.70e-36	154	121	59463898
CaTSNP8134	NC_021165.1	99.174	121	1	0	1	121	1237362	1237482	5.94e-56	219	121	59463898
CaTSNP6302	NC_021165.1	100.000	121	0	0	1	121	1310380	1310260	1.28e-57	224	121	59463898
CaTSNP6254	NC_021165.1	100.000	121	0	0	1	121	1116083	1115963	1.28e-57	224	121	59463898
CaTSNP7059	NC_021165.1	100.000	121	0	0	1	121	1794653	1794533	1.28e-57	224	121	59463898
CaSNP1936	NC_021165.1	99.174	121	1	0	1	121	1702840	1702960	5.94e-56	219	121	59463898
CaSNP4101	NC_021165.1	99.174	121	1	0	1	121	1592000	1592120	5.94e-56	219	121	59463898
CaSNP2769	NC_021165.1	99.174	121	1	0	1	121	4681746	4681626	5.94e-56	219	121	59463898
CaTSNP7922	NC_021165.1	100.000	75	0	0	1	75	12582672	12582598	4.76e-32	139	121	59463898
CaTSNP7922	NC_021165.1	100.000	48	0	0	74	121	12582531	12582484	4.86e-17	89.8	121	59463898
CaTSNP7328	NC_021165.1	100.000	121	0	0	1	121	5690657	5690537	1.28e-57	224	121	59463898
CaTSNP6674	NC_021165.1	100.000	121	0	0	1	121	5600936	5601056	1.28e-57	224	121	59463898
CaTSNP7353	NC_021165.1	100.000	121	0	0	1	121	5440631	5440751	1.28e-57	224	121	59463898
CaTSNP6296	NC_021165.1	98.901	91	1	0	31	121	5323780	5323870	2.82e-39	163	121	59463898
CaSNP2394	NC_021165.1	100.000	121	0	0	1	121	5581651	5581771	1.28e-57	224	121	59463898
CaTSNP6967	NC_021165.1	100.000	121	0	0	1	121	5965356	5965236	1.28e-57	224	121	59463898
CaTSNP8816	NC_021165.1	100.000	121	0	0	1	121	5517968	5518088	1.28e-57	224	121	59463898
CaSNP2060	NC_021165.1	100.000	121	0	0	1	121	5453058	5452938	1.28e-57	224	121	59463898
CaTSNP8275	NC_021165.1	100.000	47	0	0	43	89	5390533	5390579	1.75e-16	87.9	121	59463898
CaTSNP8275	NC_021165.1	100.000	46	0	0	1	46	5390394	5390439	6.29e-16	86.1	121	59463898
CaTSNP8485	NC_021165.1	100.000	121	0	0	1	121	5565496	5565616	1.28e-57	224	121	59463898
CaTSNP8829	NC_021165.1	100.000	121	0	0	1	121	5586954	5586834	1.28e-57	224	121	59463898
CaSNP4154	NC_021165.1	100.000	121	0	0	1	121	5760629	5760749	1.28e-57	224	121	59463898
CaTSNP9032	NC_021165.1	100.000	121	0	0	1	121	6142063	6141943	1.28e-57	224	121	59463898
CaTSNP8959	NC_021165.1	100.000	121	0	0	1	121	6248320	6248200	1.28e-57	224	121	59463898
CaTSNP8550	NC_021165.1	100.000	121	0	0	1	121	6191689	6191569	1.28e-57	224	121	59463898
CaTSNP7851	NC_021165.1	100.000	121	0	0	1	121	6246688	6246808	1.28e-57	224	121	59463898
CaSNP2017	NC_021165.1	100.000	121	0	0	1	121	6345984	6345864	1.28e-57	224	121	59463898
CaSNP2187	NC_021165.1	100.000	121	0	0	1	121	6120035	6119915	1.28e-57	224	121	59463898
CaSNP2899	NC_021165.1	100.000	121	0	0	1	121	6025878	6025758	1.28e-57	224	121	59463898
CaTSNP8487	NC_021165.1	100.000	121	0	0	1	121	6563209	6563329	1.28e-57	224	121	59463898
CaTSNP6344	NC_021165.1	100.000	81	0	0	41	121	6444053	6444133	2.20e-35	150	121	59463898
CaTSNP9010	NC_021165.1	100.000	121	0	0	1	121	6275983	6276103	1.28e-57	224	121	59463898
CaTSNP9010	NC_021165.1	100.000	121	0	0	1	121	6550220	6550100	1.28e-57	224	121	59463898
CaTSNP8241	NC_021165.1	100.000	121	0	0	1	121	6428951	6428831	1.28e-57	224	121	59463898
CaTSNP7006	NC_021165.1	97.872	94	1	1	1	94	6538301	6538393	1.02e-38	161	121	59463898
CaTSNP8379	NC_021165.1	100.000	121	0	0	1	121	6773694	6773814	1.28e-57	224	121	59463898
CaTSNP8653	NC_021165.1	100.000	121	0	0	1	121	6817519	6817639	1.28e-57	224	121	59463898
CaSNP2044	NC_021165.1	99.174	121	1	0	1	121	6618186	6618066	5.94e-56	219	121	59463898
CaTSNP8907	NC_021165.1	100.000	121	0	0	1	121	6877865	6877985	1.28e-57	224	121	59463898
CaTSNP8583	NC_021165.1	100.000	74	0	0	1	74	6954201	6954128	1.71e-31	137	121	59463898
CaTSNP8583	NC_021165.1	100.000	50	0	0	72	121	6954025	6953976	3.76e-18	93.5	121	59463898
CaSNP4898	NC_021165.1	99.174	121	1	0	1	121	6791084	6791204	5.94e-56	219	121	59463898
CaTSNP8979	NC_021165.1	100.000	121	0	0	1	121	6900989	6900869	1.28e-57	224	121	59463898
CaSNP4574	NC_021165.1	100.000	121	0	0	1	121	6943768	6943648	1.28e-57	224	121	59463898
CaSNP5065	NC_021165.1	99.174	121	1	0	1	121	6958530	6958650	5.94e-56	219	121	59463898
CaSNP4402	NC_021163.1	100.000	121	0	0	1	121	33539	33419	1.28e-57	224	121	49191682
CaSNP4880	NC_021160.1	100.000	121	0	0	1	121	44983701	44983581	1.28e-57	224	121	48359943
CaTSNP7768	NC_021165.1	100.000	78	0	0	1	78	7440814	7440891	1.02e-33	145	121	59463898
CaTSNP7768	NC_021164.1	96.154	78	3	0	1	78	35194433	35194510	1.03e-28	128	121	48169137
CaTSNP7825	NC_021165.1	100.000	121	0	0	1	121	7417396	7417276	1.28e-57	224	121	59463898
CaTSNP8424	NC_021167.1	100.000	75	0	0	47	121	1646020	1646094	4.76e-32	139	121	16477302
CaTSNP8424	NC_021167.1	100.000	48	0	0	1	48	1644684	1644731	4.86e-17	89.8	121	16477302
CaTSNP8407	NC_021165.1	100.000	106	0	0	16	121	7396973	7397078	2.78e-49	196	121	59463898
CaTSNP8937	NC_021165.1	100.000	107	0	0	15	121	7372336	7372230	7.74e-50	198	121	59463898
CaTSNP7263	NC_021164.1	100.000	67	0	0	1	67	26016940	26016874	1.33e-27	124	121	48169137
CaTSNP7263	NC_021164.1	100.000	57	0	0	65	121	26014886	26014830	4.83e-22	106	121	48169137
CaTSNP7274	NC_021165.1	100.000	98	0	0	1	98	7531100	7531197	7.80e-45	182	121	59463898
CaTSNP6027	NC_021165.1	100.000	91	0	0	8	98	7745256	7745166	6.07e-41	169	121	59463898
CaSNP4519	NC_021165.1	100.000	121	0	0	1	121	7773857	7773977	1.28e-57	224	121	59463898
CaSNP1960	NC_021165.1	100.000	121	0	0	1	121	8056883	8057003	1.28e-57	224	121	59463898
CaSNP3515	NC_021165.1	100.000	121	0	0	1	121	7984516	7984396	1.28e-57	224	121	59463898
CaTSNP6028	NC_021165.1	100.000	121	0	0	1	121	7740969	7740849	1.28e-57	224	121	59463898
CaTSNP8090	NC_021165.1	100.000	121	0	0	1	121	15272887	15272767	1.28e-57	224	121	59463898
CaTSNP8090	NC_021165.1	99.174	121	1	0	1	121	5788285	5788405	5.94e-56	219	121	59463898
CaSNP2450	NC_021165.1	100.000	121	0	0	1	121	7700134	7700254	1.28e-57	224	121	59463898
CaSNP1963	NC_021165.1	100.000	121	0	0	1	121	7876109	7875989	1.28e-57	224	121	59463898
CaTSNP8569	NC_021165.1	100.000	115	0	0	7	121	7706669	7706783	2.77e-54	213	121	59463898
CaSNP3295	NC_021165.1	99.174	121	1	0	1	121	59229354	59229234	5.94e-56	219	121	59463898
CaTSNP7817	NC_021165.1	100.000	121	0	0	1	121	7850160	7850040	1.28e-57	224	121	59463898
CaSNP2924	NC_021164.1	99.174	121	1	0	1	121	42117688	42117808	5.94e-56	219	121	48169137
CaTSNP7939	NC_021165.1	99.174	121	1	0	1	121	8366611	8366491	5.94e-56	219	121	59463898
CaTSNP7503	NC_021165.1	100.000	121	0	0	1	121	8706494	8706614	1.28e-57	224	121	59463898
CaTSNP8927	NC_021165.1	99.174	121	1	0	1	121	8396327	8396447	5.94e-56	219	121	59463898
CaTSNP6320	NC_021165.1	100.000	121	0	0	1	121	8658148	8658268	1.28e-57	224	121	59463898
CaTSNP7472	NC_021165.1	100.000	121	0	0	1	121	8691654	8691774	1.28e-57	224	121	59463898
CaTSNP6315	NC_021165.1	100.000	95	0	0	27	121	8166677	8166771	3.63e-43	176	121	59463898
CaSNP4488	NC_021165.1	99.174	121	1	0	1	121	59195378	59195258	5.94e-56	219	121	59463898
CaSNP2230	NC_021165.1	99.174	121	1	0	1	121	8687743	8687623	5.94e-56	219	121	59463898
CaSNP2133	NC_021165.1	99.174	121	1	0	1	121	59156786	59156906	5.94e-56	219	121	59463898
CaTSNP7122	NC_021165.1	100.000	96	0	0	1	96	59249025	59249120	1.01e-43	178	121	59463898
CaTSNP6756	NC_021160.1	100.000	103	0	0	1	103	45069914	45069812	1.30e-47	191	121	48359943
CaTSNP8494	NC_021165.1	98.851	87	1	0	1	87	59230886	59230800	4.73e-37	156	121	59463898
CaTSNP8769	NC_021165.1	100.000	121	0	0	1	121	59224216	59224096	1.28e-57	224	121	59463898
CaTSNP7111	NC_021165.1	100.000	121	0	0	1	121	59184215	59184095	1.28e-57	224	121	59463898
CaSNP4615	NC_021165.1	99.174	121	1	0	1	121	8802016	8801896	5.94e-56	219	121	59463898
CaTSNP6186	NC_021165.1	99.174	121	1	0	1	121	59168715	59168835	5.94e-56	219	121	59463898
CaSNP2057	NC_021165.1	100.000	121	0	0	1	121	10012779	10012659	1.28e-57	224	121	59463898
CaSNP2437	NC_021165.1	90.909	121	1	1	1	121	10398437	10398547	1.70e-36	154	121	59463898
CaSNP2447	NC_021165.1	98.361	122	1	1	1	121	10097573	10097452	2.77e-54	213	121	59463898
CaSNP2447	NC_021160.1	94.366	71	3	1	1	70	46489949	46490019	1.34e-22	108	121	48359943
CaSNP4018	NC_021165.1	100.000	121	0	0	1	121	9108499	9108619	1.28e-57	224	121	59463898
CaTSNP6335	NC_021163.1	100.000	108	0	0	14	121	20639	20532	2.15e-50	200	121	49191682
CaSNP2011	NC_021165.1	99.174	121	1	0	1	121	9521688	9521808	5.94e-56	219	121	59463898
CaSNP2977	NC_021165.1	99.174	121	1	0	1	121	9354804	9354924	5.94e-56	219	121	59463898
CaTSNP6863	NC_021165.1	100.000	92	0	0	1	92	58990727	58990818	1.69e-41	171	121	59463898
CaTSNP8559	NC_021165.1	100.000	121	0	0	1	121	58951523	58951643	1.28e-57	224	121	59463898
CaTSNP8739	NC_021165.1	100.000	121	0	0	1	121	59151276	59151156	1.28e-57	224	121	59463898
CaSNP2486	NC_021165.1	100.000	121	0	0	1	121	8965974	8966094	1.28e-57	224	121	59463898
CaTSNP6959	NC_021165.1	100.000	121	0	0	1	121	58907985	58908105	1.28e-57	224	121	59463898
CaTSNP8184	NC_021165.1	100.000	121	0	0	1	121	58880107	58879987	1.28e-57	224	121	59463898
CaTSNP8878	NC_021165.1	100.000	82	0	0	40	121	10652877	10652796	6.11e-36	152	121	59463898
CaSNP2163	NC_021165.1	99.174	121	1	0	1	121	10869107	10868987	5.94e-56	219	121	59463898
CaTSNP6225	NC_021165.1	99.174	121	1	0	1	121	10568536	10568656	5.94e-56	219	121	59463898
CaTSNP8650	NW_004522743.1	98.347	121	2	0	1	121	11280	11160	2.77e-54	213	121	13908
CaTSNP8251	NC_021165.1	100.000	121	0	0	1	121	10252434	10252314	1.28e-57	224	121	59463898
CaTSNP6443	NC_021165.1	99.174	121	1	0	1	121	10212248	10212128	5.94e-56	219	121	59463898
CaTSNP8371	NC_021165.1	99.057	106	1	0	1	106	10678202	10678097	1.30e-47	191	121	59463898
CaTSNP8371	NC_021164.1	93.396	106	7	0	1	106	42312750	42312645	1.31e-37	158	121	48169137
CaTSNP7206	NC_021165.1	97.059	102	0	3	23	121	10802995	10803096	6.07e-41	169	121	59463898
CaTSNP8433	NC_021165.1	98.936	94	1	0	28	121	10590634	10590541	6.07e-41	169	121	59463898
CaTSNP7613	NC_021165.1	100.000	121	0	0	1	121	10919016	10918896	1.28e-57	224	121	59463898
CaTSNP9073	NC_021165.1	100.000	87	0	0	6	92	10158222	10158136	1.02e-38	161	121	59463898
CaTSNP8598	NC_021167.1	100.000	65	0	0	57	121	4493404	4493340	1.72e-26	121	121	16477302
CaTSNP8598	NC_021167.1	100.000	61	0	0	1	61	4494090	4494030	2.89e-24	113	121	16477302
CaTSNP6911	NC_021165.1	98.958	96	0	1	26	121	9757050	9757144	1.69e-41	171	121	59463898
CaSNP2309	NC_021165.1	99.174	121	1	0	1	121	12411526	12411406	5.94e-56	219	121	59463898
CaTSNP6354	NC_021165.1	100.000	121	0	0	1	121	9458764	9458644	1.28e-57	224	121	59463898
CaTSNP8545	NC_021165.1	100.000	116	0	0	6	121	9410443	9410328	7.69e-55	215	121	59463898
CaTSNP6275	NC_021165.1	100.000	121	0	0	1	121	9339199	9339079	1.28e-57	224	121	59463898
CaTSNP6407	NC_021165.1	99.174	121	1	0	1	121	9994142	9994262	5.94e-56	219	121	59463898
CaTSNP7850	NC_021165.1	100.000	108	0	0	14	121	9746228	9746335	2.15e-50	200	121	59463898
CaTSNP7972	NC_021165.1	100.000	121	0	0	1	121	9716022	9716142	1.28e-57	224	121	59463898
CaTSNP6750	NC_021165.1	100.000	99	0	0	23	121	10150773	10150675	2.17e-45	183	121	59463898
CaTSNP8285	NC_021165.1	99.174	121	1	0	1	121	10888293	10888173	5.94e-56	219	121	59463898
CaTSNP8292	NC_021165.1	100.000	121	0	0	1	121	10889459	10889339	1.28e-57	224	121	59463898
CaTSNP8864	NC_021165.1	98.780	82	1	0	1	82	9614138	9614057	2.84e-34	147	121	59463898
CaTSNP8365	NC_021165.1	100.000	102	0	0	1	102	9389167	9389066	4.66e-47	189	121	59463898
CaTSNP8365	NC_021161.1	93.137	102	7	0	1	102	15986872	15986973	2.20e-35	150	121	36634854
CaTSNP9075	NC_021165.1	100.000	105	0	0	1	105	9273054	9273158	1.00e-48	195	121	59463898
CaTSNP7898	NC_021165.1	100.000	87	0	0	35	121	8901519	8901605	1.02e-38	161	121	59463898
CaTSNP7898	NC_021160.1	90.741	108	10	0	14	121	8035397	8035290	1.02e-33	145	121	48359943
CaTSNP8435	NC_021165.1	99.174	121	1	0	1	121	8749582	8749462	5.94e-56	219	121	59463898
CaTSNP7702	NC_021165.1	100.000	78	0	0	44	121	8959156	8959079	1.02e-33	145	121	59463898
CaTSNP7702	NC_021165.1	97.959	49	1	0	1	49	8959755	8959707	6.29e-16	86.1	121	59463898
CaTSNP7105	NC_021165.1	97.521	121	3	0	1	121	10053694	10053574	1.29e-52	207	121	59463898
CaTSNP7161	NC_021165.1	99.174	121	1	0	1	121	8869889	8869769	5.94e-56	219	121	59463898
CaTSNP7005	NC_021165.1	100.000	90	0	0	29	118	9237355	9237266	2.18e-40	167	121	59463898
CaSNP2497	NC_021165.1	100.000	121	0	0	1	121	11285601	11285721	1.28e-57	224	121	59463898
CaTSNP7329	NC_021165.1	100.000	121	0	0	1	121	9052860	9052740	1.28e-57	224	121	59463898
CaTSNP7351	NC_021165.1	100.000	108	0	0	1	108	9177730	9177837	2.15e-50	200	121	59463898
CaTSNP7355	NC_021165.1	100.000	83	0	0	39	121	9120538	9120620	1.70e-36	154	121	59463898
CaTSNP8165	NC_021165.1	100.000	121	0	0	1	121	8980596	8980716	1.28e-57	224	121	59463898
CaTSNP7725	NC_021165.1	98.795	83	1	0	1	83	12410885	12410967	7.91e-35	148	121	59463898
CaTSNP7725	NC_021165.1	100.000	46	0	0	76	121	12411530	12411575	6.29e-16	86.1	121	59463898
CaSNP1946	NC_021165.1	100.000	121	0	0	1	121	58780491	58780611	1.28e-57	224	121	59463898
CaTSNP6291	NC_021162.1	100.000	62	0	0	60	121	36593409	36593348	8.02e-25	115	121	39989001
CaTSNP6291	NC_021162.1	100.000	60	0	0	1	60	36593604	36593545	1.04e-23	111	121	39989001
CaTSNP8543	NC_021165.1	100.000	87	0	0	1	87	58765287	58765201	1.02e-38	161	121	59463898
CaTSNP8039	NC_021165.1	100.000	121	0	0	1	121	58613829	58613949	1.28e-57	224	121	59463898
CaTSNP7662	NC_021165.1	100.000	121	0	0	1	121	58644025	58643905	1.28e-57	224	121	59463898
CaTSNP8077	NC_021165.1	100.000	121	0	0	1	121	58651701	58651581	1.28e-57	224	121	59463898
CaSNP4084	NC_021165.1	100.000	121	0	0	1	121	54335393	54335513	1.28e-57	224	121	59463898
CaTSNP6414	NC_021165.1	100.000	121	0	0	1	121	58555050	58555170	1.28e-57	224	121	59463898
CaTSNP6110	NC_021165.1	100.000	121	0	0	1	121	58272871	58272751	1.28e-57	224	121	59463898
CaTSNP7157	NC_021165.1	100.000	121	0	0	1	121	58410553	58410673	1.28e-57	224	121	59463898
CaTSNP7303	NC_021165.1	100.000	121	0	0	1	121	58385006	58385126	1.28e-57	224	121	59463898
CaTSNP9016	NC_021165.1	100.000	121	0	0	1	121	58296788	58296668	1.28e-57	224	121	59463898
CaTSNP7400	NC_021165.1	99.123	114	1	0	1	114	58187221	58187334	4.63e-52	206	121	59463898
CaTSNP9069	NC_021165.1	100.000	121	0	0	1	121	58063099	58062979	1.28e-57	224	121	59463898
CaTSNP8990	NC_021165.1	100.000	121	0	0	1	121	58172988	58172868	1.28e-57	224	121	59463898
CaTSNP7696	NC_021165.1	100.000	121	0	0	1	121	58080178	58080298	1.28e-57	224	121	59463898
CaTSNP7284	NC_021165.1	98.667	75	0	1	13	86	57966213	57966139	7.97e-30	132	121	59463898
CaTSNP6468	NC_021165.1	100.000	121	0	0	1	121	57948206	57948326	1.28e-57	224	121	59463898
CaTSNP9074	NC_021165.1	100.000	115	0	0	1	115	57937687	57937801	2.77e-54	213	121	59463898
CaTSNP8028	NC_021165.1	100.000	104	0	0	18	121	57930374	57930271	3.60e-48	193	121	59463898
CaSNP4962	NC_021165.1	99.174	121	1	0	1	121	58434532	58434412	5.94e-56	219	121	59463898
CaSNP2717	NC_021165.1	99.174	121	1	0	1	121	58529579	58529459	5.94e-56	219	121	59463898
CaTSNP7903	NC_021165.1	100.000	121	0	0	1	121	57813113	57813233	1.28e-57	224	121	59463898
CaSNP5068	NC_021165.1	100.000	121	0	0	1	121	57721695	57721575	1.28e-57	224	121	59463898
CaSNP1971	NC_021165.1	99.174	121	1	0	1	121	17132526	17132406	5.94e-56	219	121	59463898
CaSNP3458	NC_021165.1	99.174	121	1	0	1	121	17066539	17066419	5.94e-56	219	121	59463898
CaSNP4883	NC_021165.1	99.153	118	1	0	4	121	17095009	17094892	2.77e-54	213	121	59463898
CaTSNP8173	NC_021165.1	100.000	121	0	0	1	121	57688877	57688997	1.28e-57	224	121	59463898
CaSNP2315	NC_021165.1	99.174	121	1	0	1	121	17753839	17753959	5.94e-56	219	121	59463898
CaSNP3200	NC_021165.1	100.000	121	0	0	1	121	15803108	15803228	1.28e-57	224	121	59463898
CaSNP2648	NC_021165.1	100.000	121	0	0	1	121	15092064	15091944	1.28e-57	224	121	59463898
CaSNP3565	NC_021165.1	100.000	121	0	0	1	121	15434271	15434151	1.28e-57	224	121	59463898
CaSNP2097	NC_021165.1	100.000	121	0	0	1	121	15919440	15919560	1.28e-57	224	121	59463898
CaSNP4046	NC_021165.1	99.174	121	1	0	1	121	16302248	16302368	5.94e-56	219	121	59463898
CaSNP2748	NC_021165.1	99.174	121	1	0	1	121	17338599	17338719	5.94e-56	219	121	59463898
CaSNP3656	NC_021165.1	100.000	121	0	0	1	121	17263559	17263679	1.28e-57	224	121	59463898
CaSNP2022	NC_021165.1	99.174	121	1	0	1	121	17801943	17801823	5.94e-56	219	121	59463898
CaSNP3105	NW_004517351.1	100.000	121	0	0	1	121	150591	150711	1.28e-57	224	121	221312
CaSNP3105	NC_021165.1	100.000	121	0	0	1	121	17603114	17603234	1.28e-57	224	121	59463898
CaTSNP7409	NC_021165.1	99.174	121	1	0	1	121	17866873	17866993	5.94e-56	219	121	59463898
CaSNP3122	NC_021165.1	100.000	121	0	0	1	121	16492213	16492093	1.28e-57	224	121	59463898
CaSNP3122	NC_021163.1	95.714	70	3	0	1	70	43936131	43936200	2.89e-24	113	121	49191682
CaTSNP6345	NC_021160.1	98.551	69	1	0	1	69	13336973	13336905	4.79e-27	122	121	48359943
CaTSNP6345	NC_021160.1	100.000	55	0	0	67	121	13336423	13336369	6.25e-21	102	121	48359943
CaSNP3253	NC_021165.1	99.174	121	1	0	1	121	16804921	16805041	5.94e-56	219	121	59463898
CaTSNP8310	NC_021165.1	99.174	121	1	0	1	121	16936562	16936442	5.94e-56	219	121	59463898
CaTSNP7500	NC_021165.1	98.980	98	1	0	24	121	17133153	17133250	3.63e-43	176	121	59463898
CaTSNP6168	NC_021165.1	100.000	121	0	0	1	121	17146681	17146801	1.28e-57	224	121	59463898
CaTSNP6168	NC_021165.1	95.868	121	5	0	1	121	17162011	17162131	2.78e-49	196	121	59463898
CaTSNP6168	NC_021165.1	92.857	98	7	0	2	99	17146226	17146323	3.68e-33	143	121	59463898
CaSNP2112	NC_021165.1	100.000	121	0	0	1	121	16833699	16833579	1.28e-57	224	121	59463898
CaTSNP8228	NC_021165.1	100.000	121	0	0	1	121	15504371	15504251	1.28e-57	224	121	59463898
CaSNP2076	NC_021165.1	99.174	121	1	0	1	121	17414986	17414866	5.94e-56	219	121	59463898
CaTSNP7453	NC_021165.1	100.000	121	0	0	1	121	15093349	15093469	1.28e-57	224	121	59463898
CaTSNP8167	NC_021165.1	100.000	121	0	0	1	121	15372463	15372343	1.28e-57	224	121	59463898
CaTSNP8949	NC_021165.1	99.174	121	1	0	1	121	15827714	15827594	5.94e-56	219	121	59463898
CaTSNP6086	NC_021165.1	100.000	121	0	0	1	121	15317491	15317611	1.28e-57	224	121	59463898
CaTSNP7208	NC_021165.1	100.000	121	0	0	1	121	15304745	15304625	1.28e-57	224	121	59463898
CaTSNP7512	NC_021165.1	100.000	93	0	0	29	121	15142454	15142362	4.69e-42	172	121	59463898
CaTSNP7507	NC_021165.1	100.000	121	0	0	1	121	14962113	14961993	1.28e-57	224	121	59463898
CaTSNP6163	NC_021165.1	100.000	121	0	0	1	121	14608013	14608133	1.28e-57	224	121	59463898
CaTSNP8673	NC_021165.1	100.000	121	0	0	1	121	14885570	14885450	1.28e-57	224	121	59463898
CaTSNP6565	NC_021165.1	100.000	121	0	0	1	121	14377633	14377513	1.28e-57	224	121	59463898
CaTSNP6640	NC_021165.1	100.000	121	0	0	1	121	14527862	14527742	1.28e-57	224	121	59463898
CaTSNP7646	NC_021165.1	100.000	121	0	0	1	121	14428298	14428178	1.28e-57	224	121	59463898
CaTSNP9029	NC_021165.1	100.000	86	0	0	1	86	15513436	15513351	3.65e-38	159	121	59463898
CaTSNP7835	NC_021165.1	99.020	102	1	0	1	102	15134393	15134494	2.17e-45	183	121	59463898
CaSNP3157	NC_021165.1	100.000	121	0	0	1	121	14322171	14322291	1.28e-57	224	121	59463898
CaSNP1969	NC_021165.1	99.174	121	1	0	1	121	14103375	14103495	5.94e-56	219	121	59463898
CaSNP1993	NC_021165.1	99.174	121	1	0	1	121	14678986	14678866	5.94e-56	219	121	59463898
CaSNP2058	NC_021165.1	99.174	121	1	0	1	121	15024329	15024209	5.94e-56	219	121	59463898
CaTSNP6476	NC_021165.1	100.000	118	0	0	4	121	16115027	16114910	5.94e-56	219	121	59463898
CaTSNP6894	NC_021165.1	100.000	121	0	0	1	121	17031789	17031909	1.28e-57	224	121	59463898
CaSNP2257	NC_021165.1	100.000	121	0	0	1	121	14254334	14254454	1.28e-57	224	121	59463898
CaSNP2323	NC_021165.1	99.174	121	1	0	1	121	13763126	13763246	5.94e-56	219	121	59463898
CaSNP2938	NC_021165.1	100.000	121	0	0	1	121	13901829	13901709	1.28e-57	224	121	59463898
CaTSNP7402	NC_021165.1	99.174	121	1	0	1	121	14177584	14177704	5.94e-56	219	121	59463898
CaTSNP8664	NC_021165.1	100.000	121	0	0	1	121	15752788	15752908	1.28e-57	224	121	59463898
CaTSNP8664	NC_021160.1	93.333	120	8	0	2	121	1724826	1724945	1.01e-43	178	121	48359943
CaTSNP7542	NC_021165.1	100.000	89	0	0	33	121	14562889	14562801	7.85e-40	165	121	59463898
CaTSNP8114	NC_021165.1	100.000	121	0	0	1	121	14689486	14689606	1.28e-57	224	121	59463898
CaTSNP8114	NC_021165.1	100.000	121	0	0	1	121	14690952	14691072	1.28e-57	224	121	59463898
CaTSNP8495	NC_021165.1	100.000	118	0	0	1	118	15339981	15340098	5.94e-56	219	121	59463898
CaTSNP8939	NC_021165.1	100.000	121	0	0	1	121	14318949	14319069	1.28e-57	224	121	59463898
CaTSNP8341	NC_021165.1	100.000	121	0	0	1	121	15267381	15267261	1.28e-57	224	121	59463898
CaTSNP8341	NC_021165.1	96.694	121	4	0	1	121	15266363	15266243	5.99e-51	202	121	59463898
CaSNP4364	NC_021165.1	98.361	122	1	1	1	121	13697952	13697831	2.77e-54	213	121	59463898
CaSNP2762	NC_021165.1	100.000	121	0	0	1	121	13946484	13946604	1.28e-57	224	121	59463898
CaTSNP6947	NC_021165.1	100.000	121	0	0	1	121	14836712	14836832	1.28e-57	224	121	59463898
CaSNP1961	NC_021165.1	100.000	121	0	0	1	121	16138865	16138745	1.28e-57	224	121	59463898
CaTSNP7162	NC_021165.1	100.000	119	0	0	3	121	13986617	13986499	1.65e-56	220	121	59463898
CaTSNP9123	NC_021165.1	100.000	121	0	0	1	121	13817496	13817616	1.28e-57	224	121	59463898
CaTSNP8961	NC_021165.1	100.000	121	0	0	1	121	16880677	16880557	1.28e-57	224	121	59463898
CaTSNP7383	NC_021165.1	99.174	121	1	0	1	121	14166183	14166063	5.94e-56	219	121	59463898
CaTSNP8718	NC_021165.1	100.000	121	0	0	1	121	16562260	16562140	1.28e-57	224	121	59463898
CaTSNP7607	NC_021165.1	100.000	82	0	0	40	121	13639229	13639148	6.11e-36	152	121	59463898
CaTSNP6115	NC_021165.1	100.000	83	0	0	39	121	16553306	16553224	1.70e-36	154	121	59463898
CaTSNP7158	NC_021165.1	100.000	121	0	0	1	121	16649285	16649405	1.28e-57	224	121	59463898
CaTSNP8364	NC_021165.1	100.000	121	0	0	1	121	16726317	16726197	1.28e-57	224	121	59463898
CaTSNP8712	NC_021165.1	100.000	121	0	0	1	121	16742700	16742580	1.28e-57	224	121	59463898
CaTSNP6112	NC_021165.1	100.000	121	0	0	1	121	13714837	13714957	1.28e-57	224	121	59463898
CaTSNP6318	NC_021165.1	100.000	121	0	0	1	121	13936756	13936636	1.28e-57	224	121	59463898
CaTSNP9041	NC_021165.1	99.174	121	1	0	1	121	13820282	13820162	5.94e-56	219	121	59463898
CaTSNP8054	NC_021165.1	100.000	121	0	0	1	121	14723042	14722922	1.28e-57	224	121	59463898
CaTSNP8278	NC_021165.1	99.057	106	0	1	17	121	15879609	15879504	4.66e-47	189	121	59463898
CaTSNP8964	NC_021165.1	100.000	121	0	0	1	121	17254418	17254298	1.28e-57	224	121	59463898
CaTSNP8951	NC_021165.1	100.000	121	0	0	1	121	14112024	14112144	1.28e-57	224	121	59463898
CaTSNP6462	NC_021165.1	100.000	121	0	0	1	121	13650125	13650005	1.28e-57	224	121	59463898
CaTSNP7900	NC_021165.1	100.000	89	0	0	1	89	13921340	13921252	7.85e-40	165	121	59463898
CaSNP5066	NC_021165.1	99.174	121	1	0	1	121	13567002	13566882	5.94e-56	219	121	59463898
CaSNP5066	NC_021165.1	95.868	121	5	0	1	121	13620549	13620429	2.78e-49	196	121	59463898
CaTSNP8662	NC_021165.1	100.000	121	0	0	1	121	13524797	13524917	1.28e-57	224	121	59463898
CaTSNP9015	NC_021165.1	100.000	121	0	0	1	121	13131622	13131742	1.28e-57	224	121	59463898
CaTSNP6025	NC_021165.1	99.174	121	1	0	1	121	13394808	13394688	5.94e-56	219	121	59463898
CaTSNP8155	NC_021165.1	100.000	121	0	0	1	121	57546082	57545962	1.28e-57	224	121	59463898
CaTSNP7133	NC_021165.1	100.000	100	0	0	1	100	13347999	13348098	6.03e-46	185	121	59463898
CaTSNP8724	NC_021165.1	100.000	121	0	0	1	121	13243654	13243534	1.28e-57	224	121	59463898
CaTSNP7233	NC_021165.1	100.000	121	0	0	1	121	13122405	13122525	1.28e-57	224	121	59463898
CaSNP3241	NC_021165.1	99.174	121	1	0	1	121	13239976	13239856	5.94e-56	219	121	59463898
CaSNP2625	NC_021165.1	99.174	121	1	0	1	121	13192029	13191909	5.94e-56	219	121	59463898
CaSNP2735	NC_021165.1	99.174	121	1	0	1	121	13336195	13336315	5.94e-56	219	121	59463898
CaSNP2651	NC_021165.1	100.000	121	0	0	1	121	13303124	13303004	1.28e-57	224	121	59463898
CaTSNP8223	NC_021165.1	100.000	121	0	0	1	121	12647863	12647983	1.28e-57	224	121	59463898
CaTSNP8625	NC_021165.1	100.000	121	0	0	1	121	12730385	12730505	1.28e-57	224	121	59463898
CaTSNP6593	NC_021165.1	100.000	121	0	0	1	121	12845352	12845232	1.28e-57	224	121	59463898
CaTSNP7938	NC_021165.1	100.000	121	0	0	1	121	12886167	12886047	1.28e-57	224	121	59463898
CaSNP4458	NC_021165.1	99.174	121	1	0	1	121	18470644	18470764	5.94e-56	219	121	59463898
CaSNP2096	NC_021165.1	99.174	121	1	0	1	121	18530263	18530143	5.94e-56	219	121	59463898
CaSNP4557	NC_021165.1	100.000	121	0	0	1	121	18648397	18648277	1.28e-57	224	121	59463898
CaSNP2223	NC_021165.1	100.000	121	0	0	1	121	12763974	12763854	1.28e-57	224	121	59463898
CaSNP5057	NC_021165.1	100.000	121	0	0	1	121	12590958	12590838	1.28e-57	224	121	59463898
CaTSNP7787	NC_021165.1	100.000	80	0	0	1	80	13335770	13335849	7.91e-35	148	121	59463898
CaSNP3207	NC_021165.1	100.000	121	0	0	1	121	18317419	18317299	1.28e-57	224	121	59463898
CaTSNP6195	NC_021165.1	100.000	121	0	0	1	121	18258475	18258355	1.28e-57	224	121	59463898
CaTSNP6195	NC_021165.1	100.000	121	0	0	1	121	18274816	18274696	1.28e-57	224	121	59463898
CaTSNP7364	NC_021165.1	99.174	121	1	0	1	121	18443899	18444019	5.94e-56	219	121	59463898
CaTSNP8355	NC_021165.1	100.000	121	0	0	1	121	18455144	18455024	1.28e-57	224	121	59463898
CaTSNP6236	NW_004522562.1	99.174	121	1	0	1	121	2379	2499	5.94e-56	219	121	2820
CaTSNP6236	NC_021165.1	99.174	121	1	0	1	121	18585747	18585627	5.94e-56	219	121	59463898
CaTSNP6236	NC_021165.1	99.174	121	1	0	1	121	18607091	18606971	5.94e-56	219	121	59463898
CaTSNP6785	NC_021165.1	100.000	81	0	0	41	121	18630345	18630265	2.20e-35	150	121	59463898
CaTSNP8989	NC_021165.1	100.000	121	0	0	1	121	18561801	18561921	1.28e-57	224	121	59463898
CaTSNP8262	NC_021165.1	100.000	121	0	0	1	121	18284826	18284946	1.28e-57	224	121	59463898
CaTSNP6284	NC_021165.1	100.000	121	0	0	1	121	57375039	57375159	1.28e-57	224	121	59463898
CaTSNP7464	NC_021165.1	100.000	121	0	0	1	121	26758109	26757989	1.28e-57	224	121	59463898
CaTSNP7139	NC_021165.1	100.000	121	0	0	1	121	31990406	31990286	1.28e-57	224	121	59463898
CaSNP2038	NC_021165.1	100.000	121	0	0	1	121	53819705	53819825	1.28e-57	224	121	59463898
CaSNP2038	NC_021165.1	93.220	118	8	0	1	118	53782639	53782756	1.30e-42	174	121	59463898
CaTSNP7251	NC_021163.1	98.667	75	1	0	47	121	7415033	7414959	2.21e-30	134	121	49191682
CaTSNP7251	NC_021163.1	100.000	48	0	0	1	48	7415158	7415111	4.86e-17	89.8	121	49191682
CaSNP3618	NC_021165.1	100.000	121	0	0	1	121	53765657	53765777	1.28e-57	224	121	59463898
CaTSNP6515	NC_021165.1	98.571	70	1	0	52	121	54337313	54337382	1.33e-27	124	121	59463898
CaTSNP6515	NC_021165.1	100.000	56	0	0	1	56	54336154	54336209	1.74e-21	104	121	59463898
CaTSNP8266	NC_021165.1	100.000	121	0	0	1	121	53743355	53743235	1.28e-57	224	121	59463898
CaTSNP6434	NC_021165.1	100.000	121	0	0	1	121	26451097	26451217	1.28e-57	224	121	59463898
CaTSNP8936	NC_021165.1	99.174	121	1	0	1	121	54268541	54268421	5.94e-56	219	121	59463898
CaTSNP6843	NC_021165.1	100.000	106	0	0	16	121	26472947	26472842	2.78e-49	196	121	59463898
CaTSNP8627	NC_021165.1	100.000	121	0	0	1	121	26405797	26405917	1.28e-57	224	121	59463898
CaTSNP6680	NC_021165.1	100.000	121	0	0	1	121	54237875	54237755	1.28e-57	224	121	59463898
CaTSNP8024	NC_021165.1	100.000	121	0	0	1	121	26733979	26734099	1.28e-57	224	121	59463898
CaTSNP6118	NC_021165.1	100.000	113	0	0	1	113	26811272	26811160	3.58e-53	209	121	59463898
CaTSNP6158	NC_021165.1	100.000	121	0	0	1	121	26353176	26353056	1.28e-57	224	121	59463898
CaTSNP6758	NC_021165.1	99.174	121	1	0	1	121	26819616	26819496	5.94e-56	219	121	59463898
CaSNP3993	NC_021165.1	99.174	121	1	0	1	121	53614220	53614100	5.94e-56	219	121	59463898
CaTSNP6733	NC_021165.1	100.000	121	0	0	1	121	54358258	54358378	1.28e-57	224	121	59463898
CaTSNP8211	NC_021165.1	100.000	82	0	0	40	121	26656217	26656136	6.11e-36	152	121	59463898
CaTSNP7627	NC_021165.1	100.000	121	0	0	1	121	26769276	26769156	1.28e-57	224	121	59463898
CaTSNP7571	NC_021165.1	100.000	94	0	0	1	94	54148748	54148841	1.30e-42	174	121	59463898
CaTSNP8946	NC_021165.1	100.000	97	0	0	25	121	53349566	53349470	2.80e-44	180	121	59463898
CaTSNP8987	NC_021165.1	100.000	121	0	0	1	121	18853109	18852989	1.28e-57	224	121	59463898
CaSNP4896	NC_021165.1	99.174	121	1	0	1	121	54152309	54152189	5.94e-56	219	121	59463898
CaSNP2273	NC_021165.1	99.174	121	1	0	1	121	53694122	53694002	5.94e-56	219	121	59463898
CaTSNP6692	NC_021165.1	100.000	90	0	0	14	103	19006007	19006096	2.18e-40	167	121	59463898
CaTSNP6166	NC_021165.1	100.000	121	0	0	1	121	19198893	19199013	1.28e-57	224	121	59463898
CaTSNP6591	NC_021165.1	100.000	121	0	0	1	121	18956254	18956134	1.28e-57	224	121	59463898
CaTSNP8172	NC_021165.1	100.000	120	0	0	2	121	19260055	19259936	4.59e-57	222	121	59463898
CaTSNP7176	NC_021165.1	100.000	85	0	0	1	85	26874646	26874562	1.31e-37	158	121	59463898
CaTSNP7019	NC_021165.1	100.000	86	0	0	1	86	19125719	19125634	3.65e-38	159	121	59463898
CaTSNP7462	NC_021165.1	100.000	121	0	0	1	121	18982287	18982167	1.28e-57	224	121	59463898
CaTSNP7838	NC_021165.1	100.000	121	0	0	1	121	19263430	19263310	1.28e-57	224	121	59463898
CaTSNP8986	NC_021165.1	99.091	110	1	0	1	110	19217079	19216970	7.74e-50	198	121	59463898
CaTSNP6178	NC_021165.1	100.000	121	0	0	1	121	19467523	19467643	1.28e-57	224	121	59463898
CaTSNP6229	NC_021165.1	100.000	121	0	0	1	121	19527423	19527303	1.28e-57	224	121	59463898
CaSNP4632	NC_021165.1	99.174	121	1	0	1	121	53454903	53454783	5.94e-56	219	121	59463898
CaSNP2159	NC_021165.1	100.000	121	0	0	1	121	26549887	26550007	1.28e-57	224	121	59463898
CaSNP3560	NC_021165.1	99.174	121	1	0	1	121	54116698	54116578	5.94e-56	219	121	59463898
CaTSNP6009	NC_021165.1	100.000	121	0	0	1	121	19522560	19522680	1.28e-57	224	121	59463898
CaSNP1921	NC_021165.1	100.000	121	0	0	1	121	18841893	18842013	1.28e-57	224	121	59463898
CaTSNP7510	NC_021165.1	99.174	121	1	0	1	121	19494449	19494569	5.94e-56	219	121	59463898
CaTSNP7914	NC_021165.1	100.000	99	0	0	1	99	19483885	19483983	2.17e-45	183	121	59463898
CaTSNP6695	NC_021165.1	99.123	114	1	0	1	114	19323959	19324072	4.63e-52	206	121	59463898
CaTSNP9039	NC_021165.1	100.000	116	0	0	1	116	19116691	19116576	7.69e-55	215	121	59463898
CaTSNP7620	NC_021165.1	100.000	121	0	0	1	121	19072795	19072675	1.28e-57	224	121	59463898
CaTSNP6748	NC_021165.1	100.000	121	0	0	1	121	19119701	19119821	1.28e-57	224	121	59463898
CaTSNP6228	NC_021165.1	100.000	121	0	0	1	121	19527423	19527303	1.28e-57	224	121	59463898
CaTSNP7597	NW_004517997.1	100.000	75	0	0	1	75	24374	24448	4.76e-32	139	121	263397
CaTSNP7597	NW_004517997.1	98.077	52	1	0	70	121	24546	24597	1.35e-17	91.6	121	263397
CaSNP3133	NC_021165.1	98.361	122	1	1	1	121	26656271	26656392	2.77e-54	213	121	59463898
CaTSNP7291	NC_021165.1	100.000	121	0	0	1	121	18767952	18768072	1.28e-57	224	121	59463898
CaTSNP7691	NC_021165.1	100.000	121	0	0	1	121	19156169	19156289	1.28e-57	224	121	59463898
CaSNP4343	NC_021165.1	99.174	121	1	0	1	121	54265304	54265424	5.94e-56	219	121	59463898
CaSNP2049	NC_021165.1	99.174	121	1	0	1	121	26424211	26424091	5.94e-56	219	121	59463898
CaTSNP7797	NC_021165.1	100.000	94	0	0	1	94	21373052	21373145	9.38e-43	174	94	59463898
CaSNP2505	NW_004517305.1	100.000	121	0	0	1	121	26804	26684	1.28e-57	224	121	108465
CaSNP2505	NC_021161.1	95.041	121	6	0	1	121	3059580	3059460	1.30e-47	191	121	36634854
CaSNP2505	NC_021161.1	96.491	57	2	0	1	57	3061095	3061039	1.05e-18	95.3	121	36634854
CaSNP2505	NC_021160.1	94.215	121	7	0	1	121	40629006	40628886	6.03e-46	185	121	48359943
CaSNP2505	NC_021160.1	94.215	121	6	1	1	121	11611382	11611263	2.17e-45	183	121	48359943
CaSNP2505	NC_021160.1	91.736	121	10	0	1	121	4817138	4817258	6.07e-41	169	121	48359943
CaSNP2505	NC_021164.1	93.966	116	7	0	1	116	11772111	11771996	3.63e-43	176	121	48169137
CaSNP2505	NC_021165.1	90.909	121	11	0	1	121	54759626	54759506	2.82e-39	163	121	59463898
CaTSNP7249	NC_021165.1	100.000	121	0	0	1	121	19716580	19716460	1.28e-57	224	121	59463898
CaSNP2800	NC_021165.1	99.174	121	1	0	1	121	53484889	53484769	5.94e-56	219	121	59463898
CaSNP3770	NC_021165.1	99.174	121	1	0	1	121	53422996	53422876	5.94e-56	219	121	59463898
CaSNP2101	NC_021165.1	100.000	121	0	0	1	121	21430286	21430406	1.28e-57	224	121	59463898
CaSNP3057	NC_021165.1	99.180	122	0	1	1	121	20924233	20924112	5.94e-56	219	121	59463898
CaSNP3900	NC_021165.1	100.000	121	0	0	1	121	21161194	21161314	1.28e-57	224	121	59463898
CaSNP4276	NC_021165.1	100.000	121	0	0	1	121	21506284	21506164	1.28e-57	224	121	59463898
CaSNP2661	NC_021165.1	100.000	121	0	0	1	121	19556231	19556351	1.28e-57	224	121	59463898
CaTSNP6696	NC_021165.1	100.000	91	0	0	1	91	19634955	19634865	6.07e-41	169	121	59463898
CaTSNP6620	NC_021165.1	100.000	121	0	0	1	121	19675117	19674997	1.28e-57	224	121	59463898
CaTSNP7084	NC_021165.1	99.048	105	1	0	17	121	21163115	21163219	4.66e-47	189	121	59463898
CaTSNP6256	NC_021165.1	100.000	121	0	0	1	121	20614531	20614651	1.28e-57	224	121	59463898
CaTSNP7779	NC_021165.1	99.174	121	1	0	1	121	20998599	20998719	5.94e-56	219	121	59463898
CaTSNP7837	NC_021165.1	99.174	121	1	0	1	121	20998599	20998719	5.94e-56	219	121	59463898
CaSNP2337	NW_004515897.1	99.174	121	1	0	1	121	79898	79778	5.94e-56	219	121	101417
CaTSNP6108	NC_021165.1	100.000	120	0	0	2	121	27054961	27055080	4.59e-57	222	121	59463898
CaTSNP7423	NW_004517305.1	100.000	121	0	0	1	121	65523	65403	1.28e-57	224	121	108465
CaSNP1975	NC_021165.1	100.000	121	0	0	1	121	20563546	20563426	1.28e-57	224	121	59463898
CaTSNP8644	NC_021165.1	100.000	121	0	0	1	121	21369691	21369811	1.28e-57	224	121	59463898
CaTSNP8644	NC_021160.1	92.308	117	9	0	3	119	12702412	12702528	2.18e-40	167	121	48359943
CaSNP2438	NC_021165.1	100.000	121	0	0	1	121	21751582	21751702	1.28e-57	224	121	59463898
CaSNP2234	NC_021165.1	100.000	121	0	0	1	121	19035171	19035291	1.28e-57	224	121	59463898
CaTSNP6644	NC_021165.1	100.000	100	0	0	22	121	21585973	21586072	6.03e-46	185	121	59463898
CaTSNP7052	NC_021165.1	100.000	121	0	0	1	121	21183348	21183228	1.28e-57	224	121	59463898
CaTSNP7147	NC_021165.1	100.000	121	0	0	1	121	20519235	20519355	1.28e-57	224	121	59463898
CaTSNP7593	NC_021165.1	100.000	121	0	0	1	121	21063578	21063458	1.28e-57	224	121	59463898
CaTSNP8229	NC_021165.1	100.000	121	0	0	1	121	20557751	20557871	1.28e-57	224	121	59463898
CaTSNP7414	NC_021165.1	98.734	79	1	0	12	90	21539796	21539874	1.32e-32	141	121	59463898
CaTSNP6119	NC_021165.1	100.000	121	0	0	1	121	20778606	20778726	1.28e-57	224	121	59463898
CaTSNP6119	NC_021163.1	92.000	125	6	3	1	121	45209206	45209330	4.69e-42	172	121	49191682
CaTSNP7821	NC_021165.1	100.000	121	0	0	1	121	20778606	20778726	1.28e-57	224	121	59463898
CaTSNP7821	NC_021163.1	92.000	125	6	3	1	121	45209206	45209330	4.69e-42	172	121	49191682
CaSNP2913	NC_021165.1	99.174	121	1	0	1	121	20779847	20779967	5.94e-56	219	121	59463898
CaSNP4037	NC_021165.1	99.174	121	1	0	1	121	21279261	21279381	5.94e-56	219	121	59463898
CaTSNP8312	NC_021165.1	100.000	114	0	0	8	121	27378998	27378885	9.95e-54	211	121	59463898
CaSNP2142	NC_021165.1	100.000	121	0	0	1	121	21554394	21554514	1.28e-57	224	121	59463898
CaSNP3508	NC_021165.1	99.174	121	1	0	1	121	21218246	21218366	5.94e-56	219	121	59463898
CaSNP4525	NC_021165.1	100.000	121	0	0	1	121	21090933	21091053	1.28e-57	224	121	59463898
CaSNP4216	NC_021165.1	99.174	121	1	0	1	121	20516795	20516915	5.94e-56	219	121	59463898
CaSNP3185	NC_021165.1	99.174	121	1	0	1	121	20744256	20744136	5.94e-56	219	121	59463898
CaSNP2499	NC_021165.1	100.000	121	0	0	1	121	21674125	21674245	1.28e-57	224	121	59463898
CaSNP2267	NC_021165.1	99.174	121	1	0	1	121	20872000	20872120	5.94e-56	219	121	59463898
CaSNP2590	NC_021165.1	99.174	121	1	0	1	121	21893526	21893406	5.94e-56	219	121	59463898
CaTSNP8423	NC_021165.1	100.000	121	0	0	1	121	27330119	27329999	1.28e-57	224	121	59463898
CaSNP2828	NC_021165.1	99.174	121	1	0	1	121	28174953	28174833	5.94e-56	219	121	59463898
CaSNP2828	NC_021165.1	96.694	121	4	0	1	121	48389563	48389683	5.99e-51	202	121	59463898
CaSNP2828	NC_021165.1	93.388	121	8	0	1	121	23780402	23780522	2.80e-44	180	121	59463898
CaSNP2828	NC_021165.1	91.736	121	10	0	1	121	40230030	40230150	6.07e-41	169	121	59463898
CaSNP2828	NC_021165.1	93.814	97	6	0	25	121	38345260	38345164	2.84e-34	147	121	59463898
CaSNP2828	NW_004521566.1	96.694	121	4	0	1	121	771	891	5.99e-51	202	121	1811
CaSNP2828	NW_004517890.1	96.694	121	4	0	1	121	19398	19278	5.99e-51	202	121	20599
CaSNP2828	NW_004516383.1	96.694	121	4	0	1	121	33111	32991	5.99e-51	202	121	146067
CaSNP2828	NW_004516250.1	96.694	121	4	0	1	121	10859	10739	5.99e-51	202	121	172385
CaSNP2622	NC_021165.1	99.174	121	1	0	1	121	27145941	27146061	5.94e-56	219	121	59463898
CaSNP2622	NC_021165.1	90.678	118	11	0	4	121	48944493	48944376	1.31e-37	158	121	59463898
CaSNP2622	NC_021166.1	92.562	121	9	0	1	121	10009010	10009130	1.30e-42	174	121	48961560
CaSNP2622	NW_004515694.1	90.756	119	11	0	1	119	68966	69084	3.65e-38	159	121	857743
CaSNP2622	NC_021161.1	90.083	121	12	0	1	121	6265151	6265031	1.31e-37	158	121	36634854
CaSNP2622	NW_004516889.1	90.083	121	11	1	1	121	489734	489615	4.73e-37	156	121	640134
CaSNP2988	NC_021165.1	100.000	121	0	0	1	121	22009140	22009020	1.28e-57	224	121	59463898
CaTSNP7099	NC_021165.1	100.000	121	0	0	1	121	21939219	21939099	1.28e-57	224	121	59463898
CaTSNP8514	NC_021165.1	99.174	121	1	0	1	121	21984205	21984085	5.94e-56	219	121	59463898
CaTSNP7107	NC_021165.1	100.000	121	0	0	1	121	27665557	27665677	1.28e-57	224	121	59463898
CaSNP3552	NC_021165.1	99.174	121	1	0	1	121	22087304	22087184	5.94e-56	219	121	59463898
CaSNP3552	NC_021163.1	95.946	74	2	1	49	121	37496686	37496759	6.20e-26	119	121	49191682
CaSNP2077	NC_021165.1	99.174	121	1	0	1	121	22483904	22483784	5.94e-56	219	121	59463898
CaSNP3325	NC_021165.1	99.174	121	1	0	1	121	22133966	22133846	5.94e-56	219	121	59463898
CaTSNP6324	NC_021165.1	100.000	121	0	0	1	121	28593848	28593728	1.28e-57	224	121	59463898
CaSNP3931	NC_021165.1	100.000	121	0	0	1	121	27312440	27312560	1.28e-57	224	121	59463898
CaTSNP6944	NC_021165.1	100.000	121	0	0	1	121	27897021	27896901	1.28e-57	224	121	59463898
CaTSNP7144	NC_021165.1	100.000	121	0	0	1	121	27511481	27511601	1.28e-57	224	121	59463898
CaTSNP6824	NC_021165.1	100.000	109	0	0	1	109	22358404	22358512	5.99e-51	202	121	59463898
CaTSNP7487	NC_021165.1	100.000	115	0	0	7	121	22217161	22217047	2.77e-54	213	121	59463898
CaTSNP8779	NC_021165.1	100.000	121	0	0	1	121	22203344	22203224	1.28e-57	224	121	59463898
CaTSNP8779	NC_021165.1	90.083	121	12	0	1	121	22511659	22511779	1.31e-37	158	121	59463898
CaTSNP7745	NC_021165.1	99.174	121	1	0	1	121	22372834	22372954	5.94e-56	219	121	59463898
CaTSNP6589	NC_021165.1	99.000	100	1	0	22	121	27853056	27853155	2.80e-44	180	121	59463898
CaTSNP6589	NC_021160.1	91.753	97	8	0	25	121	12288024	12287928	6.16e-31	135	121	48359943
CaTSNP6817	NC_021165.1	98.913	92	1	0	1	92	27559024	27559115	7.85e-40	165	121	59463898
CaSNP2959	NC_021165.1	100.000	121	0	0	1	121	28916083	28916203	1.28e-57	224	121	59463898
CaSNP3164	NC_021165.1	100.000	121	0	0	1	121	27983251	27983131	1.28e-57	224	121	59463898
CaSNP3281	NC_021165.1	99.174	121	1	0	1	121	28025971	28026091	5.94e-56	219	121	59463898
CaSNP5115	NW_004516429.1	99.174	121	1	0	1	121	53071	53191	5.94e-56	219	121	119777
CaSNP2353	NC_021165.1	99.174	121	1	0	1	121	28859946	28859826	5.94e-56	219	121	59463898
CaSNP3147	NC_021165.1	99.174	121	1	0	1	121	28584114	28584234	5.94e-56	219	121	59463898
CaSNP2582	NC_021165.1	99.174	121	1	0	1	121	27490386	27490506	5.94e-56	219	121	59463898
CaSNP3481	NC_021165.1	99.174	121	1	0	1	121	28977837	28977957	5.94e-56	219	121	59463898
CaSNP2911	NC_021165.1	99.174	121	1	0	1	121	27823750	27823630	5.94e-56	219	121	59463898
CaSNP4751	NC_021165.1	100.000	121	0	0	1	121	27936985	27937105	1.28e-57	224	121	59463898
CaSNP3389	NC_021165.1	100.000	121	0	0	1	121	28103941	28103821	1.28e-57	224	121	59463898
CaTSNP9105	NC_021165.1	100.000	121	0	0	1	121	23017476	23017356	1.28e-57	224	121	59463898
CaTSNP7029	NC_021165.1	95.775	71	3	0	22	92	22944414	22944344	8.02e-25	115	121	59463898
CaTSNP7949	NC_021165.1	100.000	121	0	0	1	121	23145098	23144978	1.28e-57	224	121	59463898
CaSNP2031	NC_021165.1	99.174	121	1	0	1	121	23191019	23190899	5.94e-56	219	121	59463898
CaSNP2716	NC_021165.1	99.174	121	1	0	1	121	23001644	23001524	5.94e-56	219	121	59463898
CaSNP3701	NC_021165.1	99.174	121	1	0	1	121	22982812	22982692	5.94e-56	219	121	59463898
CaTSNP6433	NC_021165.1	100.000	121	0	0	1	121	23361465	23361585	1.28e-57	224	121	59463898
CaTSNP6669	NC_021165.1	99.174	121	1	0	1	121	23380373	23380253	5.94e-56	219	121	59463898
CaTSNP8344	NC_021165.1	100.000	117	0	0	5	121	23405568	23405452	2.14e-55	217	121	59463898
CaTSNP8467	NC_021165.1	99.174	121	1	0	1	121	23299137	23299017	5.94e-56	219	121	59463898
CaTSNP6368	NC_021165.1	99.174	121	1	0	1	121	23297156	23297276	5.94e-56	219	121	59463898
CaTSNP8711	NC_021165.1	100.000	87	0	0	35	121	23224215	23224129	1.02e-38	161	121	59463898
CaTSNP7844	NC_021165.1	100.000	93	0	0	1	93	23696754	23696662	4.69e-42	172	121	59463898
CaTSNP7934	NC_021165.1	100.000	121	0	0	1	121	23514013	23513893	1.28e-57	224	121	59463898
CaTSNP7194	NC_021165.1	100.000	121	0	0	1	121	23964369	23964249	1.28e-57	224	121	59463898
CaTSNP8509	NC_021165.1	100.000	63	0	0	41	103	23809625	23809563	2.23e-25	117	121	59463898
CaTSNP6627	NC_021165.1	100.000	121	0	0	1	121	23931228	23931108	1.28e-57	224	121	59463898
CaTSNP7625	NC_021165.1	100.000	121	0	0	1	121	23603827	23603947	1.28e-57	224	121	59463898
CaTSNP7920	NC_021165.1	100.000	119	0	0	1	119	23445443	23445325	1.65e-56	220	121	59463898
CaSNP1976	NC_021165.1	100.000	121	0	0	1	121	24346954	24346834	1.28e-57	224	121	59463898
CaTSNP6403	NC_021165.1	100.000	121	0	0	1	121	24374655	24374535	1.28e-57	224	121	59463898
CaSNP2761	NC_021165.1	100.000	121	0	0	1	121	24051772	24051652	1.28e-57	224	121	59463898
CaSNP3419	NC_021165.1	100.000	121	0	0	1	121	23929609	23929729	1.28e-57	224	121	59463898
CaSNP4676	NC_021165.1	100.000	121	0	0	1	121	23542348	23542468	1.28e-57	224	121	59463898
CaSNP2019	NC_021165.1	100.000	121	0	0	1	121	23422686	23422566	1.28e-57	224	121	59463898
CaTSNP8016	NC_021165.1	100.000	121	0	0	1	121	24456905	24457025	1.28e-57	224	121	59463898
CaSNP5100	NC_021165.1	100.000	121	0	0	1	121	23786681	23786561	1.28e-57	224	121	59463898
CaSNP5100	NC_021165.1	100.000	121	0	0	1	121	23792625	23792505	1.28e-57	224	121	59463898
CaSNP2341	NC_021165.1	100.000	121	0	0	1	121	23606479	23606599	1.28e-57	224	121	59463898
CaTSNP6828	NC_021165.1	100.000	121	0	0	1	121	24586525	24586405	1.28e-57	224	121	59463898
CaSNP2620	NC_021165.1	99.174	121	1	0	1	121	24168711	24168831	5.94e-56	219	121	59463898
CaTSNP7660	NC_021165.1	100.000	121	0	0	1	121	53267174	53267294	1.28e-57	224	121	59463898
CaSNP2190	NC_021165.1	98.361	122	1	1	1	121	23907822	23907701	2.77e-54	213	121	59463898
CaTSNP7775	NC_021165.1	100.000	121	0	0	1	121	52510355	52510235	1.28e-57	224	121	59463898
CaSNP5126	NC_021165.1	99.174	121	1	0	1	121	24474318	24474438	5.94e-56	219	121	59463898
CaTSNP6740	NC_021165.1	99.091	110	1	0	1	110	51263393	51263284	7.74e-50	198	121	59463898
CaTSNP6772	NC_021165.1	98.165	109	1	1	13	121	52348641	52348534	4.66e-47	189	121	59463898
CaTSNP8693	NC_021165.1	97.391	115	0	3	1	112	51408004	51407890	3.60e-48	193	121	59463898
CaTSNP6211	NC_021165.1	100.000	121	0	0	1	121	52452383	52452263	1.28e-57	224	121	59463898
CaTSNP6212	NC_021165.1	100.000	121	0	0	1	121	52449658	52449538	1.28e-57	224	121	59463898
CaTSNP8360	NC_021165.1	100.000	121	0	0	1	121	51419593	51419473	1.28e-57	224	121	59463898
CaTSNP8301	NW_004516454.1	100.000	108	0	0	14	121	252412	252305	2.15e-50	200	121	364844
CaTSNP7831	NC_021165.1	99.174	121	1	0	1	121	52510355	52510235	5.94e-56	219	121	59463898
CaTSNP7979	NC_021165.1	100.000	84	0	0	1	84	52157169	52157086	4.73e-37	156	121	59463898
CaTSNP8150	NC_021165.1	100.000	113	0	0	1	113	51339613	51339501	3.58e-53	209	121	59463898
CaTSNP9007	NC_021165.1	98.889	90	1	0	11	100	52150333	52150422	1.02e-38	161	121	59463898
CaTSNP6111	NC_021165.1	100.000	121	0	0	1	121	51381231	51381111	1.28e-57	224	121	59463898
CaTSNP8372	NC_021165.1	100.000	121	0	0	1	121	53165389	53165509	1.28e-57	224	121	59463898
CaSNP4293	NC_021165.1	99.174	121	1	0	1	121	52166438	52166318	5.94e-56	219	121	59463898
CaSNP3351	NC_021165.1	100.000	121	0	0	1	121	51264289	51264409	1.28e-57	224	121	59463898
CaSNP2411	NC_021165.1	99.174	121	1	0	1	121	52414521	52414641	5.94e-56	219	121	59463898
CaSNP2411	NC_021165.1	95.604	91	4	0	31	121	29286234	29286324	2.84e-34	147	121	59463898
CaSNP3118	NC_021165.1	100.000	121	0	0	1	121	51420887	51421007	1.28e-57	224	121	59463898
CaSNP4733	NC_021165.1	99.174	121	1	0	1	121	52089262	52089382	5.94e-56	219	121	59463898
CaSNP3893	NC_021165.1	99.174	121	1	0	1	121	51457003	51457123	5.94e-56	219	121	59463898
CaSNP2531	NW_004516434.1	99.174	121	1	0	1	121	240529	240409	5.94e-56	219	121	288814
CaSNP2398	NC_021165.1	100.000	121	0	0	1	121	51342185	51342305	1.28e-57	224	121	59463898
CaSNP2398	NC_021165.1	100.000	121	0	0	1	121	51342817	51342937	1.28e-57	224	121	59463898
CaSNP2560	NW_004516434.1	100.000	121	0	0	1	121	132256	132376	1.28e-57	224	121	288814
CaSNP2788	NC_021165.1	99.174	121	1	0	1	121	24653841	24653961	5.94e-56	219	121	59463898
CaSNP2841	NW_004516454.1	99.174	121	1	0	1	121	135003	135123	5.94e-56	219	121	364844
CaSNP3166	NC_021165.1	100.000	121	0	0	1	121	52684042	52684162	1.28e-57	224	121	59463898
CaSNP4708	NC_021165.1	99.174	121	1	0	1	121	24663499	24663619	5.94e-56	219	121	59463898
CaSNP2778	NC_021165.1	99.174	121	1	0	1	121	52043375	52043495	5.94e-56	219	121	59463898
CaSNP2778	NC_021165.1	94.215	121	7	0	1	121	52034067	52034187	6.03e-46	185	121	59463898
CaSNP2778	NC_021165.1	92.437	119	9	0	1	119	52053508	52053390	1.69e-41	171	121	59463898
CaSNP2778	NC_021165.1	91.736	121	10	0	1	121	52047322	52047202	6.07e-41	169	121	59463898
CaSNP2055	NC_021165.1	100.000	121	0	0	1	121	52602163	52602283	1.28e-57	224	121	59463898
CaSNP2181	NC_021165.1	100.000	121	0	0	1	121	53134242	53134122	1.28e-57	224	121	59463898
CaSNP4021	NC_021165.1	99.174	121	1	0	1	121	53095710	53095590	5.94e-56	219	121	59463898
CaSNP2678	NW_004515980.1	99.174	121	1	0	1	121	107697	107577	5.94e-56	219	121	273702
CaSNP2678	NC_021160.1	92.241	116	9	0	3	118	23907548	23907663	7.85e-40	165	121	48359943
CaSNP2678	NC_021160.1	90.517	116	9	2	3	117	23232039	23231925	6.11e-36	152	121	48359943
CaSNP2678	NC_021160.1	90.351	114	9	2	3	115	31752508	31752396	7.91e-35	148	121	48359943
CaSNP2678	NC_021164.1	90.598	117	9	2	2	117	6814898	6814783	1.70e-36	154	121	48169137
CaSNP2678	NC_021164.1	92.424	66	5	0	3	68	41345162	41345227	1.05e-18	95.3	121	48169137
CaSNP2678	NW_004516968.1	90.517	116	9	2	3	117	8683	8797	6.11e-36	152	121	34238
CaSNP2678	NW_004516755.1	90.517	116	9	2	3	117	164129	164243	6.11e-36	152	121	193482
CaSNP3764	NC_021165.1	99.174	121	1	0	1	121	29962227	29962347	5.94e-56	219	121	59463898
CaSNP2345	NW_004516771.1	99.174	121	1	0	1	121	80187	80307	5.94e-56	219	121	118128
CaSNP3710	NC_021165.1	100.000	121	0	0	1	121	34753094	34753214	1.28e-57	224	121	59463898
CaSNP5141	NW_004517224.1	100.000	121	0	0	1	121	14945	14825	1.28e-57	224	121	44785
CaSNP3305	NC_021165.1	100.000	121	0	0	1	121	56101450	56101330	1.28e-57	224	121	59463898
CaSNP4455	NC_021165.1	99.174	121	1	0	1	121	48225637	48225517	5.94e-56	219	121	59463898
CaSNP4580	NW_004515998.1	100.000	121	0	0	1	121	194905	195025	1.28e-57	224	121	354440
CaSNP4618	NC_021165.1	99.174	121	1	0	1	121	47025407	47025527	5.94e-56	219	121	59463898
CaSNP3934	NW_004515796.1	99.174	121	1	0	1	121	141185	141065	5.94e-56	219	121	264357
CaSNP3538	NC_021165.1	100.000	121	0	0	1	121	30109871	30109991	1.28e-57	224	121	59463898
CaSNP4516	NW_004515687.1	99.174	121	1	0	1	121	153221	153101	5.94e-56	219	121	347246
CaSNP4516	NW_004516125.1	94.215	121	7	0	1	121	107938	108058	6.03e-46	185	121	436133
CaSNP4516	NC_021160.1	94.215	121	7	0	1	121	35791001	35790881	6.03e-46	185	121	48359943
CaSNP4516	NW_004517298.1	93.388	121	8	0	1	121	9597	9477	2.80e-44	180	121	19962
CaSNP4516	NW_004519846.1	92.562	121	9	0	1	121	20153	20273	1.30e-42	174	121	21284
CaSNP3528	NC_021165.1	100.000	121	0	0	1	121	30303818	30303698	1.28e-57	224	121	59463898
CaSNP3528	NC_021162.1	90.323	124	9	1	1	121	2617527	2617650	3.65e-38	159	121	39989001
CaTSNP6437	NC_021165.1	99.174	121	1	0	1	121	30417399	30417519	5.94e-56	219	121	59463898
CaSNP3775	NC_021165.1	99.180	122	0	1	1	121	48362492	48362613	5.94e-56	219	121	59463898
CaSNP3065	NC_021165.1	99.174	121	1	0	1	121	47884162	47884282	5.94e-56	219	121	59463898
CaSNP3609	NC_021165.1	99.174	121	1	0	1	121	40778618	40778738	5.94e-56	219	121	59463898
CaSNP3609	NC_021164.1	93.220	118	6	2	4	121	4861507	4861622	4.69e-42	172	121	48169137
CaSNP3609	NC_021164.1	96.591	88	2	1	34	121	6790654	6790568	1.02e-33	145	121	48169137
CaSNP3609	NC_021161.1	93.220	118	6	2	4	121	18729015	18729130	4.69e-42	172	121	36634854
CaSNP3609	NC_021161.1	90.179	112	9	2	10	121	6337110	6337219	1.02e-33	145	121	36634854
CaSNP3609	NW_004520369.1	91.667	120	9	1	2	121	11709	11827	7.85e-40	165	121	19570
CaSNP3609	NW_004516106.1	90.000	120	11	1	2	121	29146	29028	1.70e-36	154	121	205916
CaSNP4120	NW_004516666.1	100.000	121	0	0	1	121	190601	190481	1.28e-57	224	121	206776
CaSNP4120	NC_021162.1	91.057	123	9	1	1	121	1709290	1709168	7.85e-40	165	121	39989001
CaSNP4120	NW_004516913.1	90.244	123	10	2	1	121	50396	50274	3.65e-38	159	121	106770
CaSNP4594	NW_004515740.1	100.000	121	0	0	1	121	457015	457135	1.28e-57	224	121	473328
CaSNP4594	NW_004515740.1	90.000	110	11	0	1	110	436629	436738	3.68e-33	143	121	473328
CaSNP4655	NC_021165.1	99.174	121	1	0	1	121	36836584	36836704	5.94e-56	219	121	59463898
CaSNP4755	NW_004517590.1	99.174	121	1	0	1	121	55074	54954	5.94e-56	219	121	225531
CaSNP4786	NC_021165.1	100.000	121	0	0	1	121	46615345	46615225	1.28e-57	224	121	59463898
CaSNP4487	NC_021165.1	100.000	121	0	0	1	121	41868588	41868468	1.28e-57	224	121	59463898
CaSNP4487	NC_021165.1	90.833	120	11	0	1	120	47321615	47321734	1.02e-38	161	121	59463898
CaSNP4487	NW_004516125.1	90.083	121	12	0	1	121	300988	300868	1.31e-37	158	121	436133
CaSNP4487	NC_021160.1	90.083	121	12	0	1	121	25823889	25823769	1.31e-37	158	121	48359943
CaSNP4487	NC_021161.1	90.678	118	10	1	4	121	23040757	23040641	4.73e-37	156	121	36634854
CaSNP2751	NC_021165.1	99.174	121	1	0	1	121	34889990	34889870	5.94e-56	219	121	59463898
CaSNP2751	NW_004516671.1	93.617	94	6	0	1	94	93005	92912	1.32e-32	141	121	106563
CaSNP2751	NC_021162.1	93.617	94	6	0	3	96	11368331	11368238	1.32e-32	141	121	39989001
CaTSNP7649	NC_021165.1	100.000	88	0	0	34	121	30457359	30457446	2.82e-39	163	121	59463898
CaTSNP9011	NC_021165.1	100.000	121	0	0	1	121	30674169	30674049	1.28e-57	224	121	59463898
CaTSNP9011	NC_021160.1	90.083	121	12	0	1	121	43542055	43541935	1.31e-37	158	121	48359943
CaTSNP9011	NC_021160.1	90.083	121	12	0	1	121	43587799	43587919	1.31e-37	158	121	48359943
CaSNP3781	NW_004516547.1	100.000	121	0	0	1	121	67178	67298	1.28e-57	224	121	105355
CaSNP4847	NC_021165.1	100.000	121	0	0	1	121	36352472	36352592	1.28e-57	224	121	59463898
CaTSNP8901	NC_021165.1	99.160	119	1	0	3	121	30282777	30282659	7.69e-55	215	121	59463898
CaTSNP6844	NC_021165.1	100.000	79	0	0	43	121	31229969	31229891	2.84e-34	147	121	59463898
CaTSNP8322	NC_021165.1	100.000	96	0	0	1	96	29934670	29934575	1.01e-43	178	121	59463898
CaTSNP6588	NC_021165.1	100.000	121	0	0	1	121	29941389	29941269	1.28e-57	224	121	59463898
CaTSNP6745	NC_021165.1	100.000	121	0	0	1	121	29277762	29277882	1.28e-57	224	121	59463898
CaSNP3223	NC_021165.1	100.000	121	0	0	1	121	34242401	34242281	1.28e-57	224	121	59463898
CaSNP3223	NC_021163.1	92.857	70	4	1	1	69	33002843	33002912	2.25e-20	100	121	49191682
CaSNP3223	NC_021161.1	98.039	51	1	0	67	117	16050631	16050681	4.86e-17	89.8	121	36634854
CaSNP3223	NC_021161.1	94.545	55	3	0	67	121	17230185	17230131	6.29e-16	86.1	121	36634854
CaSNP3223	NW_004516416.1	94.643	56	1	2	67	121	234478	234424	6.29e-16	86.1	121	539816
CaSNP3223	NC_021162.1	94.545	55	3	0	67	121	1727292	1727238	6.29e-16	86.1	121	39989001
CaSNP2963	NW_004515991.1	100.000	121	0	0	1	121	609788	609668	1.28e-57	224	121	948327
CaSNP2418	NC_021165.1	99.174	121	1	0	1	121	48173881	48173761	5.94e-56	219	121	59463898
CaSNP2547	NW_004516264.1	100.000	121	0	0	1	121	172935	172815	1.28e-57	224	121	418173
CaSNP4332	NC_021165.1	99.174	121	1	0	1	121	54997022	54996902	5.94e-56	219	121	59463898
CaSNP4332	NC_021165.1	93.458	107	7	0	1	107	55028632	55028526	3.65e-38	159	121	59463898
CaSNP2220	NC_021165.1	99.174	121	1	0	1	121	32100272	32100392	5.94e-56	219	121	59463898
CaSNP1990	NC_021165.1	100.000	121	0	0	1	121	44012903	44012783	1.28e-57	224	121	59463898
CaSNP1990	NC_021164.1	90.083	121	12	0	1	121	33149581	33149461	1.31e-37	158	121	48169137
CaSNP1990	NC_021164.1	91.429	70	6	0	52	121	41388246	41388315	2.91e-19	97.1	121	48169137
CaSNP2075	NW_004515991.1	100.000	121	0	0	1	121	394450	394330	1.28e-57	224	121	948327
CaSNP2157	NC_021165.1	99.174	121	1	0	1	121	34398437	34398317	5.94e-56	219	121	59463898
CaSNP2393	NC_021165.1	99.174	121	1	0	1	121	54686619	54686499	5.94e-56	219	121	59463898
CaSNP2393	NC_021165.1	92.623	122	8	1	1	121	48359506	48359385	1.30e-42	174	121	59463898
CaSNP2393	NC_021165.1	92.437	119	9	0	3	121	38802087	38802205	1.69e-41	171	121	59463898
CaSNP2393	NC_021165.1	90.164	122	11	1	1	121	52737265	52737386	1.31e-37	158	121	59463898
CaSNP2393	NC_021166.1	95.798	119	5	0	1	119	24112281	24112163	3.60e-48	193	121	48961560
CaSNP2393	NC_021166.1	92.562	121	9	0	1	121	48606742	48606862	1.30e-42	174	121	48961560
CaSNP2393	NC_021166.1	90.984	122	10	1	1	121	23449215	23449336	2.82e-39	163	121	48961560
CaSNP2393	NC_021166.1	90.909	121	11	0	1	121	48280911	48280791	2.82e-39	163	121	48961560
CaSNP2393	NC_021166.1	91.176	102	9	0	20	121	40687332	40687231	4.76e-32	139	121	48961560
CaSNP2393	NC_021163.1	95.041	121	6	0	1	121	25964958	25965078	1.30e-47	191	121	49191682
CaSNP2393	NC_021163.1	93.443	122	7	1	1	121	24510721	24510842	2.80e-44	180	121	49191682
CaSNP2393	NC_021163.1	93.277	119	8	0	3	121	25692279	25692397	3.63e-43	176	121	49191682
CaSNP2393	NC_021163.1	91.597	119	10	0	1	119	31367025	31366907	7.85e-40	165	121	49191682
CaSNP2393	NC_021160.1	95.041	121	6	0	1	121	27664076	27663956	1.30e-47	191	121	48359943
CaSNP2393	NC_021160.1	93.388	121	8	0	1	121	24959766	24959886	2.80e-44	180	121	48359943
CaSNP2393	NC_021160.1	92.562	121	9	0	1	121	32316535	32316655	1.30e-42	174	121	48359943
CaSNP2393	NC_021160.1	92.562	121	9	0	1	121	32319217	32319337	1.30e-42	174	121	48359943
CaSNP2393	NC_021160.1	91.736	121	10	0	1	121	22916005	22916125	6.07e-41	169	121	48359943
CaSNP2393	NC_021160.1	91.736	121	10	0	1	121	43181650	43181530	6.07e-41	169	121	48359943
CaSNP2393	NC_021160.1	91.597	119	10	0	1	119	22971451	22971569	7.85e-40	165	121	48359943
CaSNP2393	NC_021160.1	90.909	121	11	0	1	121	22961116	22961236	2.82e-39	163	121	48359943
CaSNP2393	NC_021160.1	90.164	122	11	1	1	121	32794522	32794401	1.31e-37	158	121	48359943
CaSNP2393	NC_021160.1	94.949	99	4	1	24	121	43179991	43179893	1.70e-36	154	121	48359943
CaSNP2393	NC_021160.1	95.455	66	3	0	1	66	24937723	24937788	4.83e-22	106	121	48359943
CaSNP2393	NW_004517175.1	94.215	121	7	0	1	121	263824	263704	6.03e-46	185	121	399482
CaSNP2393	NW_004517175.1	94.175	103	6	0	19	121	258682	258580	1.31e-37	158	121	399482
CaSNP2609	NW_004516212.1	99.174	121	1	0	1	121	84683	84563	5.94e-56	219	121	274603
CaSNP2699	NC_021165.1	99.174	121	1	0	1	121	35955088	35954968	5.94e-56	219	121	59463898
CaSNP2699	NC_021165.1	92.647	68	3	2	55	121	39943693	39943627	2.91e-19	97.1	121	59463898
CaSNP2710	NC_021165.1	99.174	121	1	0	1	121	38437924	38437804	5.94e-56	219	121	59463898
CaSNP2715	NC_021165.1	100.000	121	0	0	1	121	45207831	45207711	1.28e-57	224	121	59463898
CaSNP2715	NC_021165.1	90.000	70	5	2	53	121	56445031	56445099	4.86e-17	89.8	121	59463898
CaSNP2715	NW_004517175.1	95.652	69	3	0	53	121	97162	97230	1.04e-23	111	121	399482
CaSNP2715	NW_004517029.1	94.203	69	4	0	53	121	22596	22528	4.83e-22	106	121	147617
CaSNP2715	NC_021166.1	92.754	69	5	0	53	121	43858788	43858720	2.25e-20	100	121	48961560
CaSNP2715	NC_021166.1	91.304	69	6	0	53	121	19703576	19703644	1.05e-18	95.3	121	48961560
CaSNP2715	NC_021166.1	90.000	70	5	2	53	121	46520247	46520179	4.86e-17	89.8	121	48961560
CaSNP2715	NC_021163.1	92.754	69	5	0	53	121	26509976	26510044	2.25e-20	100	121	49191682
CaSNP2715	NC_021163.1	92.647	68	5	0	53	120	27535097	27535030	8.08e-20	99.0	121	49191682
CaSNP2786	NC_021165.1	99.174	121	1	0	1	121	50519764	50519644	5.94e-56	219	121	59463898
CaSNP3055	NC_021165.1	99.174	121	1	0	1	121	47450197	47450077	5.94e-56	219	121	59463898
CaSNP3059	NW_004515662.1	99.174	121	1	0	1	121	93358	93478	5.94e-56	219	121	461739
CaSNP3066	NC_021165.1	99.174	121	1	0	1	121	50948160	50948040	5.94e-56	219	121	59463898
CaSNP3114	NW_004516158.1	99.174	121	1	0	1	121	341474	341594	5.94e-56	219	121	489284
CaSNP3780	NW_004515687.1	100.000	121	0	0	1	121	17811	17931	1.28e-57	224	121	347246
CaSNP3780	NC_021160.1	98.113	53	1	0	1	53	4105342	4105290	3.76e-18	93.5	121	48359943
CaSNP3992	NW_004515740.1	100.000	121	0	0	1	121	39310	39430	1.28e-57	224	121	473328
CaSNP4025	NC_021165.1	99.174	121	1	0	1	121	41280676	41280556	5.94e-56	219	121	59463898
CaSNP4077	NC_021165.1	99.174	121	1	0	1	121	42316121	42316001	5.94e-56	219	121	59463898
CaSNP4096	NW_004515991.1	99.174	121	1	0	1	121	793973	793853	5.94e-56	219	121	948327
CaSNP4140	NC_021165.1	99.174	121	1	0	1	121	49179162	49179282	5.94e-56	219	121	59463898
CaSNP4248	NC_021165.1	100.000	121	0	0	1	121	38853345	38853465	1.28e-57	224	121	59463898
CaSNP4248	NW_004516889.1	90.833	120	11	0	1	120	218665	218546	1.02e-38	161	121	640134
CaSNP4639	NC_021165.1	99.174	121	1	0	1	121	39382431	39382311	5.94e-56	219	121	59463898
CaSNP4639	NC_021163.1	98.039	102	2	0	1	102	26312564	26312665	1.01e-43	178	121	49191682
CaSNP4825	NC_021165.1	99.174	121	1	0	1	121	29644518	29644638	5.94e-56	219	121	59463898
CaSNP4844	NW_004516360.1	100.000	121	0	0	1	121	141266	141146	1.28e-57	224	121	260265
CaSNP5046	NW_004517351.1	100.000	121	0	0	1	121	163416	163536	1.28e-57	224	121	221312
CaSNP5067	NC_021165.1	100.000	121	0	0	1	121	49475350	49475230	1.28e-57	224	121	59463898
CaSNP5080	NC_021165.1	99.174	121	1	0	1	121	54972741	54972861	5.94e-56	219	121	59463898
CaSNP5080	NC_021165.1	92.174	115	9	0	1	115	54970853	54970967	2.82e-39	163	121	59463898
CaSNP5080	NC_021161.1	91.111	90	8	0	26	115	33454253	33454164	4.79e-27	122	121	36634854
CaSNP2113	NC_021165.1	100.000	121	0	0	1	121	32493195	32493075	1.28e-57	224	121	59463898
CaSNP3268	NW_004516264.1	99.174	121	1	0	1	121	252099	251979	5.94e-56	219	121	418173
CaSNP3268	NW_004516264.1	98.413	63	1	0	1	63	286685	286623	1.04e-23	111	121	418173
CaSNP3437	NW_004515711.1	99.174	121	1	0	1	121	441759	441639	5.94e-56	219	121	564532
CaSNP3728	NC_021165.1	100.000	121	0	0	1	121	30179479	30179359	1.28e-57	224	121	59463898
CaSNP4133	NC_021165.1	100.000	121	0	0	1	121	31616088	31615968	1.28e-57	224	121	59463898
CaSNP2354	NC_021165.1	99.174	121	1	0	1	121	43814213	43814093	5.94e-56	219	121	59463898
CaSNP2823	NC_021165.1	99.174	121	1	0	1	121	36212982	36213102	5.94e-56	219	121	59463898
CaSNP2995	NW_004517105.1	99.174	121	1	0	1	121	86299	86419	5.94e-56	219	121	235632
CaSNP3013	NC_021165.1	100.000	121	0	0	1	121	39242067	39241947	1.28e-57	224	121	59463898
CaSNP3296	NC_021165.1	99.174	121	1	0	1	121	46698103	46697983	5.94e-56	219	121	59463898
CaSNP3853	NC_021165.1	98.361	122	1	1	1	121	47593718	47593839	2.77e-54	213	121	59463898
CaSNP3969	NC_021165.1	100.000	121	0	0	1	121	39850013	39850133	1.28e-57	224	121	59463898
CaSNP4007	NC_021165.1	99.174	121	1	0	1	121	41471369	41471489	5.94e-56	219	121	59463898
CaSNP4845	NC_021165.1	100.000	121	0	0	1	121	38355361	38355241	1.28e-57	224	121	59463898
CaSNP5124	NW_004517082.1	99.174	121	1	0	1	121	39349	39229	5.94e-56	219	121	163252
CaSNP4601	NC_021165.1	100.000	121	0	0	1	121	51012373	51012253	1.28e-57	224	121	59463898
CaSNP4581	NC_021165.1	99.174	121	1	0	1	121	40867881	40868001	5.94e-56	219	121	59463898
CaSNP4581	NC_021165.1	98.551	69	1	0	2	70	45160913	45160845	4.79e-27	122	121	59463898
CaSNP4581	NC_021165.1	97.101	69	2	0	2	70	30049474	30049406	2.23e-25	117	121	59463898
CaSNP4581	NC_021165.1	97.101	69	2	0	2	70	38638384	38638316	2.23e-25	117	121	59463898
CaSNP4581	NC_021165.1	97.959	49	1	0	73	121	31879896	31879944	6.29e-16	86.1	121	59463898
CaSNP4581	NC_021165.1	97.959	49	1	0	73	121	36319619	36319571	6.29e-16	86.1	121	59463898
CaSNP4581	NW_004516482.1	98.551	69	1	0	2	70	72811	72879	4.79e-27	122	121	127833
CaSNP4581	NW_004515650.1	98.551	69	1	0	2	70	559996	560064	4.79e-27	122	121	618060
CaSNP4581	NW_004515650.1	98.551	69	1	0	2	70	564168	564236	4.79e-27	122	121	618060
CaSNP4581	NC_021166.1	98.551	69	1	0	2	70	2275987	2276055	4.79e-27	122	121	48961560
CaSNP4581	NC_021166.1	95.652	69	3	0	2	70	17160715	17160647	1.04e-23	111	121	48961560
CaSNP4581	NC_021166.1	97.959	49	1	0	73	121	43870093	43870141	6.29e-16	86.1	121	48961560
CaSNP4581	NC_021167.1	98.507	67	1	0	2	68	8605483	8605549	6.20e-26	119	121	16477302
CaSNP4581	NC_021167.1	94.203	69	4	0	2	70	8601421	8601489	4.83e-22	106	121	16477302
CaSNP2247	NC_021165.1	99.174	121	1	0	1	121	30930827	30930947	5.94e-56	219	121	59463898
CaSNP3685	NC_021165.1	99.174	121	1	0	1	121	51056908	51056788	5.94e-56	219	121	59463898
CaSNP4086	NW_004516212.1	99.174	121	1	0	1	121	49881	49761	5.94e-56	219	121	274603
CaSNP3415	NC_021165.1	100.000	121	0	0	1	121	39432818	39432938	1.28e-57	224	121	59463898
CaSNP3382	NC_021165.1	100.000	121	0	0	1	121	54809363	54809243	1.28e-57	224	121	59463898
CaSNP3382	NC_021160.1	92.308	117	6	1	2	118	36120777	36120890	2.82e-39	163	121	48359943
CaSNP3641	NW_004515980.1	99.174	121	1	0	1	121	258208	258088	5.94e-56	219	121	273702
CaSNP3657	NW_004515998.1	100.000	121	0	0	1	121	58099	57979	1.28e-57	224	121	354440
CaSNP4222	NW_004516784.1	100.000	121	0	0	1	121	164237	164117	1.28e-57	224	121	184497
CaSNP4444	NC_021165.1	100.000	121	0	0	1	121	31978430	31978310	1.28e-57	224	121	59463898
CaSNP4444	NC_021165.1	90.909	121	11	0	1	121	33196291	33196411	2.82e-39	163	121	59463898
CaSNP4444	NC_021165.1	90.909	121	11	0	1	121	39595501	39595381	2.82e-39	163	121	59463898
CaSNP4444	NC_021165.1	90.678	118	11	0	1	118	36179014	36179131	1.31e-37	158	121	59463898
CaSNP4444	NC_021165.1	90.083	121	12	0	1	121	40651035	40650915	1.31e-37	158	121	59463898
CaSNP4444	NW_004517739.1	91.736	121	10	0	1	121	34778	34898	6.07e-41	169	121	100979
CaSNP4444	NC_021166.1	92.373	118	9	0	4	121	557284	557167	6.07e-41	169	121	48961560
CaSNP4444	NC_021166.1	90.678	118	11	0	4	121	547554	547437	1.31e-37	158	121	48961560
CaSNP4444	NC_021166.1	90.083	121	12	0	1	121	19077926	19078046	1.31e-37	158	121	48961560
CaSNP4444	NC_021166.1	90.083	121	12	0	1	121	47480592	47480712	1.31e-37	158	121	48961560
CaSNP4444	NC_021166.1	90.991	111	10	0	3	113	16066528	16066418	2.20e-35	150	121	48961560
CaSNP4444	NC_021166.1	92.105	76	6	0	1	76	47483529	47483604	1.34e-22	108	121	48961560
CaSNP4444	NC_021163.1	91.736	121	10	0	1	121	32095820	32095700	6.07e-41	169	121	49191682
CaSNP4444	NC_021163.1	90.083	121	12	0	1	121	26959804	26959924	1.31e-37	158	121	49191682
CaSNP4444	NC_021163.1	90.083	121	12	0	1	121	26960291	26960411	1.31e-37	158	121	49191682
CaSNP4444	NC_021163.1	90.083	121	12	0	1	121	29263456	29263336	1.31e-37	158	121	49191682
CaSNP4444	NW_004517351.1	91.597	119	9	1	1	119	171082	170965	2.82e-39	163	121	221312
CaSNP3529	NC_021165.1	99.174	121	1	0	1	121	44179498	44179378	5.94e-56	219	121	59463898
CaTSNP8187	NC_021165.1	100.000	121	0	0	1	121	29268229	29268349	1.28e-57	224	121	59463898
CaSNP4290	NW_004515879.1	99.174	121	1	0	1	121	296321	296441	5.94e-56	219	121	332284
CaSNP3769	NW_004520962.1	99.174	121	1	0	1	121	18339	18219	5.94e-56	219	121	34314
CaSNP4521	NC_021165.1	100.000	121	0	0	1	121	42376392	42376512	1.28e-57	224	121	59463898
CaSNP3687	NW_004515945.1	99.174	121	1	0	1	121	50301	50181	5.94e-56	219	121	192162
CaSNP4441	NC_021165.1	99.174	121	1	0	1	121	41516968	41516848	5.94e-56	219	121	59463898
CaSNP3355	NW_004517326.1	100.000	121	0	0	1	121	122031	121911	1.28e-57	224	121	308949
CaSNP4993	NW_004515711.1	99.174	121	1	0	1	121	348842	348962	5.94e-56	219	121	564532
CaSNP3591	NC_021165.1	99.174	121	1	0	1	121	50032123	50032003	5.94e-56	219	121	59463898
CaSNP4743	NW_004516094.1	100.000	121	0	0	1	121	488274	488154	1.28e-57	224	121	582655
CaSNP4743	NC_021166.1	91.089	101	7	2	1	99	16145896	16145796	6.16e-31	135	121	48961560
CaSNP2416	NC_021165.1	99.174	121	1	0	1	121	31012954	31013074	5.94e-56	219	121	59463898
CaSNP4579	NC_021165.1	99.174	121	1	0	1	121	39700491	39700611	5.94e-56	219	121	59463898
CaSNP2521	NW_004515991.1	100.000	121	0	0	1	121	234566	234686	1.28e-57	224	121	948327
CaSNP4104	NC_021165.1	99.174	121	1	0	1	121	40962675	40962795	5.94e-56	219	121	59463898
CaSNP4391	NC_021165.1	99.174	121	1	0	1	121	29691927	29692047	5.94e-56	219	121	59463898
CaSNP2456	NW_004515740.1	99.174	121	1	0	1	121	121585	121705	5.94e-56	219	121	473328
CaSNP2968	NC_021165.1	100.000	121	0	0	1	121	32140950	32141070	1.28e-57	224	121	59463898
CaSNP4590	NC_021165.1	99.174	121	1	0	1	121	55894099	55894219	5.94e-56	219	121	59463898
CaSNP5001	NC_021165.1	100.000	121	0	0	1	121	30487650	30487530	1.28e-57	224	121	59463898
CaSNP3298	NC_021165.1	100.000	121	0	0	1	121	55177014	55177134	1.28e-57	224	121	59463898
CaSNP4877	NC_021165.1	99.174	121	1	0	1	121	33524820	33524940	5.94e-56	219	121	59463898
CaSNP4765	NW_004515664.1	100.000	121	0	0	1	121	463534	463414	1.28e-57	224	121	483939
CaSNP2467	NC_021165.1	100.000	121	0	0	1	121	31892658	31892778	1.28e-57	224	121	59463898
CaSNP3310	NC_021165.1	99.174	121	1	0	1	121	38644331	38644211	5.94e-56	219	121	59463898
CaSNP3310	NC_021165.1	92.562	121	9	0	1	121	43853142	43853022	1.30e-42	174	121	59463898
CaSNP3310	NW_004517519.1	90.909	121	11	0	1	121	16451	16331	2.82e-39	163	121	514336
CaSNP3310	NC_021164.1	90.909	121	11	0	1	121	3507052	3506932	2.82e-39	163	121	48169137
CaSNP3310	NW_004517175.1	90.083	121	12	0	1	121	349876	349996	1.31e-37	158	121	399482
CaSNP3310	NC_021166.1	90.083	121	12	0	1	121	367243	367363	1.31e-37	158	121	48961560
CaSNP3741	NW_004515998.1	100.000	121	0	0	1	121	149407	149527	1.28e-57	224	121	354440
CaSNP3741	NC_021161.1	93.220	118	8	0	4	121	32022261	32022144	1.30e-42	174	121	36634854
CaSNP5019	NC_021165.1	100.000	121	0	0	1	121	11988408	11988288	1.28e-57	224	121	59463898
CaSNP5019	NC_021165.1	93.277	119	8	0	1	119	27994491	27994373	3.63e-43	176	121	59463898
CaSNP5019	NC_021165.1	92.437	119	9	0	1	119	47712650	47712532	1.69e-41	171	121	59463898
CaSNP5019	NC_021165.1	91.597	119	10	0	1	119	44654096	44653978	7.85e-40	165	121	59463898
CaSNP5019	NW_004517179.1	94.118	119	7	0	1	119	2148	2266	7.80e-45	182	121	229239
CaSNP5019	NC_021163.1	92.437	119	9	0	1	119	38577320	38577202	1.69e-41	171	121	49191682
CaSNP5019	NC_021164.1	91.453	117	10	0	1	117	7084358	7084242	1.02e-38	161	121	48169137
CaSNP2405	NC_021165.1	99.174	121	1	0	1	121	50243862	50243742	5.94e-56	219	121	59463898
CaSNP3602	NC_021165.1	99.174	121	1	0	1	121	42523647	42523527	5.94e-56	219	121	59463898
CaSNP2102	NC_021165.1	100.000	121	0	0	1	121	40253971	40253851	1.28e-57	224	121	59463898
CaSNP3822	NC_021165.1	100.000	53	0	0	69	121	32255377	32255325	8.08e-20	99.0	121	59463898
CaSNP2338	NW_004515711.1	100.000	121	0	0	1	121	233267	233147	1.28e-57	224	121	564532
CaSNP2441	NC_021165.1	99.174	121	1	0	1	121	31252984	31252864	5.94e-56	219	121	59463898
CaSNP3042	NC_021165.1	99.174	121	1	0	1	121	29925700	29925580	5.94e-56	219	121	59463898
CaSNP3340	NW_004517351.1	100.000	121	0	0	1	121	79971	79851	1.28e-57	224	121	221312
CaSNP2126	NC_021165.1	100.000	121	0	0	1	121	29364826	29364706	1.28e-57	224	121	59463898
CaSNP2248	NC_021165.1	99.174	121	1	0	1	121	29276668	29276788	5.94e-56	219	121	59463898
CaSNP3007	NC_021165.1	99.174	121	1	0	1	121	32034929	32035049	5.94e-56	219	121	59463898
CaSNP3041	NC_021165.1	100.000	121	0	0	1	121	31345170	31345290	1.28e-57	224	121	59463898
CaSNP3812	NW_004516265.1	100.000	121	0	0	1	121	70566	70686	1.28e-57	224	121	165657
CaSNP4335	NC_021165.1	99.174	121	1	0	1	121	30862486	30862606	5.94e-56	219	121	59463898
CaSNP4382	NC_021165.1	99.174	121	1	0	1	121	31475406	31475526	5.94e-56	219	121	59463898
CaSNP4314	NC_021165.1	99.174	121	1	0	1	121	30642761	30642641	5.94e-56	219	121	59463898
CaSNP4891	NC_021165.1	99.174	121	1	0	1	121	31423099	31422979	5.94e-56	219	121	59463898
CaSNP2906	NW_004516264.1	100.000	121	0	0	1	121	65376	65256	1.28e-57	224	121	418173
CaSNP2906	NC_021160.1	93.162	117	8	0	1	117	33801004	33800888	4.69e-42	172	121	48359943
CaSNP2906	NC_021160.1	91.453	117	10	0	1	117	33867487	33867371	1.02e-38	161	121	48359943
CaSNP2906	NC_021160.1	90.816	98	9	0	1	98	34585239	34585142	7.97e-30	132	121	48359943
CaSNP4787	NC_021165.1	99.180	122	0	1	1	121	30445214	30445335	5.94e-56	219	121	59463898
CaSNP4688	NW_004515847.1	100.000	121	0	0	1	121	328625	328505	1.28e-57	224	121	334856
CaSNP3035	NC_021165.1	100.000	113	0	0	9	121	49762834	49762946	3.58e-53	209	121	59463898
CaSNP4384	NC_021160.1	99.174	121	1	0	1	121	45188633	45188513	5.94e-56	219	121	48359943
CaSNP4023	NC_021165.1	100.000	121	0	0	1	121	48699439	48699559	1.28e-57	224	121	59463898
CaSNP4207	NC_021165.1	99.180	122	0	1	1	121	30403538	30403417	5.94e-56	219	121	59463898
CaSNP4459	NW_004517029.1	100.000	121	0	0	1	121	3987	4107	1.28e-57	224	121	147617
CaSNP4459	NW_004517175.1	99.174	121	1	0	1	121	116172	116052	5.94e-56	219	121	399482
CaSNP4459	NW_004515796.1	90.323	124	9	3	1	121	112757	112634	3.65e-38	159	121	264357
CaSNP4459	NC_021163.1	90.083	121	11	1	2	121	24020969	24020849	4.73e-37	156	121	49191682
CaSNP2763	NW_004518353.1	100.000	121	0	0	1	121	54333	54213	1.28e-57	224	121	103962
CaSNP2417	NC_021165.1	100.000	121	0	0	1	121	46519435	46519315	1.28e-57	224	121	59463898
CaSNP2537	NC_021165.1	100.000	121	0	0	1	121	41418232	41418352	1.28e-57	224	121	59463898
CaSNP2971	NW_004516870.1	100.000	121	0	0	1	121	176401	176521	1.28e-57	224	121	268636
CaSNP2971	NC_021167.1	95.588	68	3	0	54	121	12959833	12959900	3.73e-23	110	121	16477302
CaSNP2971	NC_021167.1	94.118	68	4	0	54	121	11158296	11158229	1.74e-21	104	121	16477302
CaSNP2971	NC_021167.1	94.118	68	4	0	54	121	12971716	12971783	1.74e-21	104	121	16477302
CaSNP2971	NC_021163.1	94.203	69	4	0	53	121	48808370	48808302	4.83e-22	106	121	49191682
CaSNP2971	NC_021163.1	94.118	68	4	0	54	121	44303203	44303270	1.74e-21	104	121	49191682
CaSNP2971	NC_021163.1	94.118	68	2	1	54	121	30178951	30179016	6.25e-21	102	121	49191682
CaSNP2971	NC_021163.1	92.647	68	5	0	54	121	29408631	29408698	8.08e-20	99.0	121	49191682
CaSNP2971	NC_021163.1	98.000	50	1	0	4	53	32196607	32196558	1.75e-16	87.9	121	49191682
CaSNP2971	NC_021163.1	98.000	50	1	0	4	53	32199970	32199921	1.75e-16	87.9	121	49191682
CaSNP2971	NC_021163.1	90.769	65	6	0	54	118	42362682	42362746	1.75e-16	87.9	121	49191682
CaSNP2971	NC_021166.1	94.118	68	4	0	54	121	33730949	33731016	1.74e-21	104	121	48961560
CaSNP2971	NC_021166.1	93.651	63	4	0	54	116	33071701	33071639	1.05e-18	95.3	121	48961560
CaSNP2971	NC_021166.1	91.045	67	5	1	54	120	25055220	25055155	4.86e-17	89.8	121	48961560
CaSNP2971	NC_021166.1	98.000	50	1	0	4	53	26755038	26754989	1.75e-16	87.9	121	48961560
CaSNP2971	NC_021166.1	98.000	50	1	0	4	53	26759529	26759480	1.75e-16	87.9	121	48961560
CaSNP2971	NW_004517338.1	92.647	68	5	0	54	121	290918	290851	8.08e-20	99.0	121	376240
CaSNP3031	NC_021165.1	100.000	121	0	0	1	121	33621368	33621248	1.28e-57	224	121	59463898
CaSNP3093	NC_021165.1	100.000	121	0	0	1	121	37055193	37055313	1.28e-57	224	121	59463898
CaSNP3308	NW_004515991.1	100.000	121	0	0	1	121	545246	545366	1.28e-57	224	121	948327
CaSNP3535	NC_021165.1	100.000	121	0	0	1	121	47264368	47264248	1.28e-57	224	121	59463898
CaSNP3714	NW_004516529.1	99.174	121	1	0	1	121	172466	172346	5.94e-56	219	121	333621
CaSNP3833	NC_021165.1	99.174	121	1	0	1	121	37235019	37234899	5.94e-56	219	121	59463898
CaSNP4061	NC_021165.1	99.174	121	1	0	1	121	41938484	41938364	5.94e-56	219	121	59463898
CaSNP4161	NW_004516299.1	100.000	121	0	0	1	121	101232	101112	1.28e-57	224	121	182039
CaSNP4236	NW_004516094.1	99.174	121	1	0	1	121	413356	413236	5.94e-56	219	121	582655
CaSNP4504	NC_021165.1	99.174	121	1	0	1	121	48732883	48733003	5.94e-56	219	121	59463898
CaSNP4815	NC_021165.1	99.174	121	1	0	1	121	45037569	45037449	5.94e-56	219	121	59463898
CaSNP4832	NC_021165.1	100.000	121	0	0	1	121	40667798	40667678	1.28e-57	224	121	59463898
CaSNP4832	NW_004516837.1	90.361	83	8	0	15	97	57760	57678	3.73e-23	110	121	119046
CaSNP4836	NC_021165.1	100.000	121	0	0	1	121	12280921	12281041	1.28e-57	224	121	59463898
CaSNP4915	NW_004515908.1	99.174	121	1	0	1	121	35692	35572	5.94e-56	219	121	141540
CaSNP4937	NW_004515796.1	100.000	121	0	0	1	121	55914	56034	1.28e-57	224	121	264357
CaSNP5099	NC_021165.1	99.174	121	1	0	1	121	42919839	42919959	5.94e-56	219	121	59463898
CaSNP5148	NW_004515664.1	99.174	121	1	0	1	121	440490	440370	5.94e-56	219	121	483939
CaSNP2297	NC_021165.1	99.174	121	1	0	1	121	34975470	34975590	5.94e-56	219	121	59463898
CaSNP2962	NC_021165.1	99.174	121	1	0	1	121	41741152	41741272	5.94e-56	219	121	59463898
CaSNP3084	NW_004516870.1	100.000	121	0	0	1	121	124446	124566	1.28e-57	224	121	268636
CaSNP3171	NC_021165.1	100.000	121	0	0	1	121	44431018	44431138	1.28e-57	224	121	59463898
CaSNP3445	NC_021165.1	99.174	121	1	0	1	121	50463012	50463132	5.94e-56	219	121	59463898
CaSNP3546	NC_021165.1	100.000	121	0	0	1	121	47997725	47997845	1.28e-57	224	121	59463898
CaSNP3596	NC_021165.1	99.174	121	1	0	1	121	34823295	34823415	5.94e-56	219	121	59463898
CaSNP3613	NC_021165.1	99.174	121	1	0	1	121	37439921	37439801	5.94e-56	219	121	59463898
CaSNP3632	NC_021165.1	100.000	121	0	0	1	121	38728686	38728566	1.28e-57	224	121	59463898
CaSNP3640	NC_021165.1	100.000	121	0	0	1	121	34720091	34719971	1.28e-57	224	121	59463898
CaSNP3716	NC_021165.1	100.000	121	0	0	1	121	47539808	47539928	1.28e-57	224	121	59463898
CaSNP3716	NC_021165.1	93.388	121	8	0	1	121	35298660	35298780	2.80e-44	180	121	59463898
CaSNP3716	NC_021165.1	90.909	121	11	0	1	121	35363654	35363534	2.82e-39	163	121	59463898
CaSNP3716	NW_004517184.1	93.388	121	8	0	1	121	27896	27776	2.80e-44	180	121	242734
CaSNP3716	NW_004517184.1	92.562	121	9	0	1	121	29246	29126	1.30e-42	174	121	242734
CaSNP3716	NW_004516443.1	93.388	121	8	0	1	121	6589	6709	2.80e-44	180	121	13079
CaSNP3716	NC_021161.1	93.388	121	8	0	1	121	19505791	19505911	2.80e-44	180	121	36634854
CaSNP3716	NC_021161.1	93.388	121	8	0	1	121	19526498	19526618	2.80e-44	180	121	36634854
CaSNP3716	NC_021161.1	92.562	121	9	0	1	121	13310914	13310794	1.30e-42	174	121	36634854
CaSNP3716	NW_004517175.1	92.562	121	9	0	1	121	350150	350030	1.30e-42	174	121	399482
CaSNP4187	NW_004516094.1	100.000	121	0	0	1	121	69144	69264	1.28e-57	224	121	582655
CaSNP4270	NW_004515740.1	99.174	121	1	0	1	121	222102	221982	5.94e-56	219	121	473328
CaSNP4397	NC_021165.1	100.000	121	0	0	1	121	48888301	48888181	1.28e-57	224	121	59463898
CaSNP4920	NW_004516094.1	100.000	121	0	0	1	121	46336	46216	1.28e-57	224	121	582655
CaSNP5078	NW_004516594.1	100.000	121	0	0	1	121	93424	93544	1.28e-57	224	121	118400
CaSNP4123	NC_021165.1	100.000	121	0	0	1	121	40352637	40352757	1.28e-57	224	121	59463898
CaSNP4123	NW_004515700.1	92.045	88	7	0	34	121	376227	376314	1.33e-27	124	121	645399
CaSNP4123	NC_021166.1	91.463	82	7	0	40	121	21863233	21863152	2.89e-24	113	121	48961560
CaSNP4123	NC_021160.1	91.463	82	7	0	40	121	31414681	31414762	2.89e-24	113	121	48359943
CaSNP4123	NC_021163.1	90.123	81	8	0	40	120	44771568	44771648	4.83e-22	106	121	49191682
CaSNP4547	NC_021165.1	98.347	121	2	0	1	121	55490168	55490048	2.77e-54	213	121	59463898
CaSNP2895	NW_004515662.1	100.000	121	0	0	1	121	155660	155540	1.28e-57	224	121	461739
CaSNP4963	NC_021165.1	100.000	121	0	0	1	121	50738965	50738845	1.28e-57	224	121	59463898
CaSNP2303	NC_021165.1	100.000	121	0	0	1	121	56163060	56163180	1.28e-57	224	121	59463898
CaSNP2303	NW_004516665.1	94.215	121	7	0	1	121	137464	137344	6.03e-46	185	121	372716
CaSNP2303	NW_004516889.1	93.388	121	8	0	1	121	27060	27180	2.80e-44	180	121	640134
CaSNP5089	NC_021165.1	100.000	121	0	0	1	121	35754885	35755005	1.28e-57	224	121	59463898
CaSNP3393	NC_021165.1	100.000	121	0	0	1	121	35541779	35541659	1.28e-57	224	121	59463898
CaSNP4941	NC_021165.1	100.000	121	0	0	1	121	50916130	50916250	1.28e-57	224	121	59463898
CaSNP2425	NW_004515662.1	100.000	121	0	0	1	121	254330	254450	1.28e-57	224	121	461739
CaSNP2850	NC_021165.1	100.000	121	0	0	1	121	33748127	33748007	1.28e-57	224	121	59463898
CaSNP2850	NC_021165.1	90.909	99	5	3	18	114	47725023	47724927	2.86e-29	130	121	59463898
CaSNP2850	NC_021161.1	94.340	106	5	1	17	121	21111732	21111837	1.02e-38	161	121	36634854
CaSNP2850	NW_004515837.1	92.381	105	7	1	18	121	138792	138896	7.91e-35	148	121	234753
CaSNP2850	NC_021162.1	92.381	105	7	1	17	120	763518	763622	7.91e-35	148	121	39989001
CaSNP2850	NC_021162.1	91.346	104	8	1	17	119	571378	571481	1.32e-32	141	121	39989001
CaSNP2850	NW_004516283.1	91.509	106	8	1	17	121	103255	103360	1.02e-33	145	121	271747
CaSNP3516	NC_021165.1	100.000	121	0	0	1	121	40552145	40552025	1.28e-57	224	121	59463898
CaTSNP6367	NC_021165.1	100.000	121	0	0	1	121	40881703	40881823	1.28e-57	224	121	59463898
CaSNP2750	NC_021165.1	100.000	121	0	0	1	121	50392828	50392708	1.28e-57	224	121	59463898
CaSNP3229	NC_021165.1	99.174	121	1	0	1	121	33123423	33123303	5.94e-56	219	121	59463898
CaSNP3229	NC_021165.1	93.939	66	3	1	56	121	36832707	36832771	8.08e-20	99.0	121	59463898
CaSNP3229	NC_021165.1	90.909	66	5	1	1	65	16073519	16073454	1.75e-16	87.9	121	59463898
CaSNP3229	NW_004515945.1	92.453	106	8	0	1	106	40086	40191	6.11e-36	152	121	192162
CaSNP3229	NW_004517018.1	98.462	65	1	0	1	65	48020	48084	8.02e-25	115	121	177085
CaSNP3229	NW_004517018.1	94.030	67	3	1	1	66	74860	74926	2.25e-20	100	121	177085
CaSNP3229	NC_021163.1	95.522	67	2	1	1	66	23394991	23395057	4.83e-22	106	121	49191682
CaSNP3229	NC_021163.1	94.915	59	3	0	1	59	30060069	30060127	3.76e-18	93.5	121	49191682
CaSNP3229	NC_021161.1	94.118	68	2	2	1	66	10949018	10948951	6.25e-21	102	121	36634854
CaSNP3773	NC_021165.1	100.000	121	0	0	1	121	11949350	11949230	1.28e-57	224	121	59463898
CaSNP3945	NC_021165.1	100.000	121	0	0	1	121	37814595	37814475	1.28e-57	224	121	59463898
CaSNP4121	NW_004517326.1	99.174	121	1	0	1	121	234275	234395	5.94e-56	219	121	308949
CaSNP4273	NC_021165.1	100.000	121	0	0	1	121	39178807	39178927	1.28e-57	224	121	59463898
CaSNP4550	NW_004516299.1	100.000	121	0	0	1	121	156714	156594	1.28e-57	224	121	182039
CaSNP4550	NC_021163.1	93.103	116	7	1	3	118	33656395	33656281	6.07e-41	169	121	49191682
CaSNP4550	NC_021163.1	91.837	98	7	1	3	100	36336135	36336231	6.16e-31	135	121	49191682
CaSNP4550	NC_021162.1	90.517	116	10	1	3	118	8106465	8106351	6.11e-36	152	121	39989001
CaSNP4550	NC_021162.1	90.909	110	10	0	9	118	19311632	19311741	7.91e-35	148	121	39989001
CaSNP4550	NC_021162.1	90.217	92	8	1	9	100	20040535	20040625	6.20e-26	119	121	39989001
CaSNP4550	NW_004516185.1	90.435	115	10	1	3	117	158996	159109	2.20e-35	150	121	570857
CaSNP4586	NC_021165.1	100.000	121	0	0	1	121	44371227	44371347	1.28e-57	224	121	59463898
CaSNP2657	NC_021165.1	99.174	121	1	0	1	121	55719381	55719501	5.94e-56	219	121	59463898
CaSNP2657	NC_021165.1	92.373	118	9	0	4	121	55006587	55006470	6.07e-41	169	121	59463898
CaSNP2657	NC_021165.1	91.453	117	10	0	5	121	55813216	55813332	1.02e-38	161	121	59463898
CaSNP4312	NW_004515991.1	100.000	121	0	0	1	121	659483	659363	1.28e-57	224	121	948327
CaSNP4950	NC_021165.1	99.174	121	1	0	1	121	55670889	55670769	5.94e-56	219	121	59463898
CaTSNP8337	NC_021165.1	100.000	103	0	0	19	121	36092605	36092503	1.30e-47	191	121	59463898
CaSNP3965	NC_021165.1	100.000	121	0	0	1	121	55249178	55249058	1.28e-57	224	121	59463898
CaSNP2255	NC_021165.1	100.000	121	0	0	1	121	46955623	46955743	1.28e-57	224	121	59463898
CaSNP4301	NC_021165.1	99.174	121	1	0	1	121	44247193	44247073	5.94e-56	219	121	59463898
CaSNP4098	NC_021165.1	100.000	121	0	0	1	121	38075094	38074974	1.28e-57	224	121	59463898
CaSNP4098	NC_021165.1	96.694	121	4	0	1	121	38067262	38067142	5.99e-51	202	121	59463898
CaSNP4098	NC_021165.1	91.150	113	10	0	9	121	38877450	38877562	1.70e-36	154	121	59463898
CaSNP4098	NC_021165.1	90.435	115	11	0	7	121	12137008	12137122	6.11e-36	152	121	59463898
CaSNP4098	NW_004515882.1	93.388	121	8	0	1	121	76358	76238	2.80e-44	180	121	497940
CaSNP4098	NW_004522165.1	92.562	121	9	0	1	121	827	947	1.30e-42	174	121	1119
CaSNP4098	NC_021162.1	93.913	115	7	0	7	121	13219878	13219764	1.30e-42	174	121	39989001
CaSNP4098	NC_021162.1	90.909	121	11	0	1	121	16550195	16550075	2.82e-39	163	121	39989001
CaSNP4098	NC_021162.1	91.071	112	10	0	7	118	10607128	10607239	6.11e-36	152	121	39989001
CaSNP4098	NC_021162.1	90.265	113	11	0	9	121	3759398	3759510	7.91e-35	148	121	39989001
CaSNP4098	NC_021163.1	90.909	121	11	0	1	121	33694401	33694281	2.82e-39	163	121	49191682
CaSNP4098	NC_021163.1	90.678	118	11	0	1	118	29788829	29788946	1.31e-37	158	121	49191682
CaSNP4306	NW_004516158.1	99.174	121	1	0	1	121	51500	51380	5.94e-56	219	121	489284
CaSNP4306	NW_004515763.1	97.368	76	1	1	2	76	19223	19298	1.03e-28	128	121	390039
CaSNP4306	NW_004515763.1	93.506	77	4	1	1	76	23521	23597	2.89e-24	113	121	390039
CaSNP4306	NW_004515763.1	93.506	77	4	1	1	76	349501	349577	2.89e-24	113	121	390039
CaSNP4306	NW_004515763.1	92.208	77	5	1	1	76	30522	30598	1.34e-22	108	121	390039
CaSNP4306	NW_004515763.1	92.208	77	5	1	1	76	355512	355588	1.34e-22	108	121	390039
CaSNP4306	NW_004515763.1	92.208	77	5	1	1	76	362901	362977	1.34e-22	108	121	390039
CaSNP4306	NW_004515801.1	96.104	77	2	1	1	76	710002	710078	1.33e-27	124	121	921075
CaSNP4306	NW_004516362.1	94.805	77	3	1	1	76	113344	113268	6.20e-26	119	121	365572
CaSNP4306	NW_004516362.1	92.208	77	5	1	1	76	70302	70378	1.34e-22	108	121	365572
CaSNP4306	NW_004516331.1	94.805	77	3	1	1	76	1975	1899	6.20e-26	119	121	91255
CaSNP4306	NW_004516331.1	90.789	76	6	1	2	76	17866	17791	2.25e-20	100	121	91255
CaSNP2684	NC_021165.1	99.174	121	1	0	1	121	30567094	30567214	5.94e-56	219	121	59463898
CaTSNP8429	NC_021165.1	99.174	121	1	0	1	121	31652113	31652233	5.94e-56	219	121	59463898
CaSNP2431	NC_021165.1	100.000	121	0	0	1	121	35504997	35505117	1.28e-57	224	121	59463898
CaSNP2768	NW_004515738.1	100.000	121	0	0	1	121	213130	213010	1.28e-57	224	121	469020
CaSNP2986	NC_021165.1	100.000	121	0	0	1	121	51878708	51878828	1.28e-57	224	121	59463898
CaSNP3979	NC_021165.1	100.000	121	0	0	1	121	45308816	45308936	1.28e-57	224	121	59463898
CaSNP4257	NC_021165.1	100.000	121	0	0	1	121	49081296	49081416	1.28e-57	224	121	59463898
CaSNP4407	NC_021165.1	100.000	121	0	0	1	121	54856557	54856677	1.28e-57	224	121	59463898
CaSNP2721	NC_021165.1	99.174	121	1	0	1	121	40009237	40009357	5.94e-56	219	121	59463898
CaSNP2721	NW_004515896.1	91.176	68	6	0	54	121	84250	84183	3.76e-18	93.5	121	602960
CaSNP2721	NW_004516871.1	93.333	60	3	1	62	121	590084	590142	1.75e-16	87.9	121	633127
CaSNP4495	NC_021165.1	99.174	121	1	0	1	121	37730701	37730821	5.94e-56	219	121	59463898
CaSNP4495	NC_021164.1	91.000	100	9	0	22	121	14127385	14127286	6.16e-31	135	121	48169137
CaSNP4495	NW_004516042.1	90.110	91	9	0	8	98	121682	121592	6.20e-26	119	121	220215
CaSNP4202	NC_021165.1	99.174	121	1	0	1	121	41592858	41592738	5.94e-56	219	121	59463898
CaSNP4202	NW_004517029.1	98.347	121	2	0	1	121	137656	137536	2.77e-54	213	121	147617
CaSNP4198	NC_021165.1	99.174	121	1	0	1	121	37356921	37356801	5.94e-56	219	121	59463898
CaTSNP7279	NW_004520962.1	100.000	97	0	0	25	121	7724	7820	2.80e-44	180	121	34314
CaTSNP7317	NW_004515711.1	100.000	121	0	0	1	121	370435	370555	1.28e-57	224	121	564532
CaTSNP7461	NC_021165.1	100.000	121	0	0	1	121	55695570	55695450	1.28e-57	224	121	59463898
CaSNP2116	NC_021165.1	100.000	121	0	0	1	121	49925767	49925887	1.28e-57	224	121	59463898
CaSNP2468	NC_021165.1	100.000	121	0	0	1	121	39616477	39616597	1.28e-57	224	121	59463898
CaSNP2548	NW_004516696.1	100.000	121	0	0	1	121	33267	33147	1.28e-57	224	121	124586
CaSNP3112	NC_021165.1	99.174	121	1	0	1	121	37661583	37661703	5.94e-56	219	121	59463898
CaSNP3112	NC_021164.1	92.500	120	9	0	2	121	9104531	9104412	4.69e-42	172	121	48169137
CaSNP3112	NC_021160.1	91.453	117	10	0	5	121	15896691	15896575	1.02e-38	161	121	48359943
CaSNP3239	NC_021165.1	100.000	121	0	0	1	121	47824407	47824287	1.28e-57	224	121	59463898
CaSNP3262	NC_021165.1	100.000	121	0	0	1	121	41684200	41684320	1.28e-57	224	121	59463898
CaSNP3262	NW_004517029.1	96.667	120	4	0	2	121	50957	51076	2.15e-50	200	121	147617
CaSNP3262	NW_004517029.1	95.146	103	5	0	2	104	68921	69023	2.82e-39	163	121	147617
CaSNP3482	NC_021165.1	100.000	121	0	0	1	121	40140588	40140708	1.28e-57	224	121	59463898
CaSNP3494	NC_021165.1	99.174	121	1	0	1	121	36370838	36370958	5.94e-56	219	121	59463898
CaSNP3678	NC_021165.1	99.174	121	1	0	1	121	40095343	40095223	5.94e-56	219	121	59463898
CaSNP3870	NC_021165.1	100.000	121	0	0	1	121	40496289	40496409	1.28e-57	224	121	59463898
CaSNP3958	NW_004515664.1	99.174	121	1	0	1	121	94747	94627	5.94e-56	219	121	483939
CaSNP4144	NW_004515879.1	100.000	121	0	0	1	121	105898	106018	1.28e-57	224	121	332284
CaSNP4178	NW_004515738.1	99.174	121	1	0	1	121	390211	390331	5.94e-56	219	121	469020
CaSNP4208	NC_021165.1	100.000	121	0	0	1	121	35223443	35223563	1.28e-57	224	121	59463898
CaSNP4424	NC_021165.1	99.174	121	1	0	1	121	35267892	35268012	5.94e-56	219	121	59463898
CaSNP4684	NC_021165.1	99.174	121	1	0	1	121	39324348	39324468	5.94e-56	219	121	59463898
CaSNP4721	NW_004517175.1	99.174	121	1	0	1	121	152308	152188	5.94e-56	219	121	399482
CaSNP5073	NC_021165.1	100.000	121	0	0	1	121	50778742	50778622	1.28e-57	224	121	59463898
CaSNP5131	NW_004516653.1	100.000	121	0	0	1	121	31615	31735	1.28e-57	224	121	58052
CaSNP5131	NC_021160.1	97.479	119	3	0	2	120	18603479	18603361	1.66e-51	204	121	48359943
CaSNP5131	NC_021160.1	96.639	119	4	0	2	120	7776087	7775969	7.74e-50	198	121	48359943
CaSNP5131	NC_021160.1	94.958	119	6	0	2	120	25061930	25062048	1.68e-46	187	121	48359943
CaSNP5131	NC_021160.1	94.167	120	7	0	1	120	10072579	10072460	2.17e-45	183	121	48359943
CaSNP5131	NC_021160.1	94.017	117	7	0	3	119	25062051	25062167	1.01e-43	178	121	48359943
CaSNP5131	NC_021160.1	94.017	117	7	0	3	119	25062111	25062227	1.01e-43	178	121	48359943
CaSNP5131	NC_021160.1	94.017	117	7	0	3	119	25062171	25062287	1.01e-43	178	121	48359943
CaSNP5131	NC_021160.1	94.017	117	7	0	3	119	25062231	25062347	1.01e-43	178	121	48359943
CaSNP5131	NC_021160.1	94.017	117	7	0	3	119	25062291	25062407	1.01e-43	178	121	48359943
CaSNP5131	NC_021160.1	94.017	117	7	0	3	119	25062351	25062467	1.01e-43	178	121	48359943
CaSNP5131	NC_021160.1	93.860	114	7	0	2	115	48207052	48207165	4.69e-42	172	121	48359943
CaSNP5131	NC_021160.1	92.308	117	9	0	3	119	25061991	25062107	2.18e-40	167	121	48359943
CaSNP5131	NC_021160.1	92.754	69	5	0	52	120	25059077	25059145	2.25e-20	100	121	48359943
CaSNP5131	NC_021160.1	100.000	50	0	0	10	59	9231705	9231754	3.76e-18	93.5	121	48359943
CaSNP5131	NC_021160.1	92.308	65	5	0	52	116	25061920	25061984	3.76e-18	93.5	121	48359943
CaSNP5131	NW_004515817.1	96.667	120	4	0	1	120	293707	293826	2.15e-50	200	121	494643
CaSNP5131	NW_004515637.1	96.639	119	4	0	2	120	208456	208574	7.74e-50	198	121	541238
CaSNP5131	NC_021166.1	96.639	119	4	0	2	120	9580123	9580005	7.74e-50	198	121	48961560
CaSNP5131	NC_021166.1	96.639	119	4	0	2	120	28994733	28994615	7.74e-50	198	121	48961560
CaSNP5131	NC_021166.1	95.798	119	5	0	2	120	18944961	18944843	3.60e-48	193	121	48961560
CaSNP5131	NC_021166.1	96.552	116	4	0	2	117	36051822	36051937	3.60e-48	193	121	48961560
CaSNP5131	NC_021166.1	93.939	66	4	0	52	117	28997532	28997597	2.25e-20	100	121	48961560
CaSNP5131	NC_021166.1	92.647	68	5	0	52	119	18944971	18944904	8.08e-20	99.0	121	48961560
CaSNP5131	NC_021166.1	100.000	52	0	0	8	59	36188207	36188258	2.91e-19	97.1	121	48961560
CaSNP5131	NC_021166.1	100.000	48	0	0	12	59	23906450	23906403	4.86e-17	89.8	121	48961560
CaSNP2355	NC_021165.1	100.000	121	0	0	1	121	47377280	47377400	1.28e-57	224	121	59463898
CaTSNP8511	NC_021165.1	99.174	121	1	0	1	121	48163286	48163166	5.94e-56	219	121	59463898
CaTSNP8714	NC_021165.1	100.000	121	0	0	1	121	32286912	32287032	1.28e-57	224	121	59463898
CaSNP4242	NC_021165.1	99.174	121	1	0	1	121	34503095	34502975	5.94e-56	219	121	59463898
CaTSNP6179	NC_021165.1	99.174	121	1	0	1	121	32142271	32142391	5.94e-56	219	121	59463898
CaTSNP6566	NC_021165.1	100.000	105	0	0	1	105	50597379	50597483	1.00e-48	195	121	59463898
CaTSNP6781	NC_021165.1	100.000	82	0	0	14	95	31907175	31907094	6.11e-36	152	121	59463898
CaTSNP7100	NC_021165.1	100.000	67	0	0	19	85	55599532	55599598	1.33e-27	124	121	59463898
CaTSNP7167	NC_021165.1	100.000	121	0	0	1	121	43950839	43950719	1.28e-57	224	121	59463898
CaTSNP7935	NC_021165.1	100.000	121	0	0	1	121	50217896	50218016	1.28e-57	224	121	59463898
CaTSNP8691	NW_004515711.1	99.174	121	1	0	1	121	414775	414895	5.94e-56	219	121	564532
CaTSNP8918	NC_021165.1	100.000	121	0	0	1	121	49102427	49102547	1.28e-57	224	121	59463898
CaTSNP9097	NC_021165.1	100.000	110	0	0	12	121	49928284	49928175	1.66e-51	204	121	59463898
CaTSNP9139	NC_021165.1	100.000	121	0	0	1	121	34651727	34651607	1.28e-57	224	121	59463898
CaTSNP9150	NC_021165.1	99.174	121	1	0	1	121	34536189	34536309	5.94e-56	219	121	59463898
CaTSNP6645	NC_021165.1	100.000	121	0	0	1	121	47433385	47433265	1.28e-57	224	121	59463898
CaTSNP7042	NC_021165.1	100.000	121	0	0	1	121	56027340	56027220	1.28e-57	224	121	59463898
CaTSNP7421	NC_021165.1	99.174	121	1	0	1	121	31889652	31889772	5.94e-56	219	121	59463898
CaTSNP7529	NC_021165.1	100.000	102	0	0	1	102	40959026	40958925	4.66e-47	189	121	59463898
CaTSNP6130	NW_004515980.1	100.000	121	0	0	1	121	210133	210253	1.28e-57	224	121	273702
CaTSNP6458	NW_004517105.1	100.000	121	0	0	1	121	163422	163542	1.28e-57	224	121	235632
CaTSNP6615	NC_021165.1	100.000	121	0	0	1	121	49959790	49959670	1.28e-57	224	121	59463898
CaTSNP6697	NC_021165.1	100.000	121	0	0	1	121	34978439	34978319	1.28e-57	224	121	59463898
CaTSNP7429	NC_021165.1	100.000	121	0	0	1	121	48107067	48107187	1.28e-57	224	121	59463898
CaTSNP7485	NC_021165.1	99.174	121	1	0	1	121	50708551	50708431	5.94e-56	219	121	59463898
CaTSNP6205	NW_004522721.1	98.347	121	1	1	1	121	213	94	9.95e-54	211	121	8327
CaTSNP6205	NC_021165.1	98.347	121	1	1	1	121	50609462	50609581	9.95e-54	211	121	59463898
CaTSNP6205	NC_021165.1	98.347	121	1	1	1	121	50617867	50617986	9.95e-54	211	121	59463898
CaTSNP6351	NC_021165.1	98.824	85	1	0	37	121	50540668	50540752	6.11e-36	152	121	59463898
CaTSNP7345	NC_021165.1	100.000	121	0	0	1	121	33168913	33169033	1.28e-57	224	121	59463898
CaTSNP7860	NW_004515662.1	100.000	121	0	0	1	121	310262	310142	1.28e-57	224	121	461739
CaTSNP7948	NC_021165.1	100.000	121	0	0	1	121	49332552	49332672	1.28e-57	224	121	59463898
CaTSNP7999	NC_021165.1	99.174	121	1	0	1	121	45115926	45116046	5.94e-56	219	121	59463898
CaTSNP8081	NC_021165.1	99.010	101	1	0	21	121	34632936	34632836	7.80e-45	182	121	59463898
CaTSNP8635	NC_021165.1	100.000	121	0	0	1	121	49521619	49521499	1.28e-57	224	121	59463898
CaTSNP8638	NC_021165.1	99.174	121	1	0	1	121	49232631	49232511	5.94e-56	219	121	59463898
CaTSNP8861	NC_021165.1	100.000	121	0	0	1	121	51015568	51015688	1.28e-57	224	121	59463898
CaSNP3660	NC_021165.1	99.174	121	1	0	1	121	38791080	38790960	5.94e-56	219	121	59463898
CaSNP3660	NC_021165.1	90.090	111	11	0	11	121	41349987	41349877	1.02e-33	145	121	59463898
CaSNP3660	NW_004517005.1	94.340	106	6	0	16	121	34684	34789	2.82e-39	163	121	86933
CaSNP3660	NC_021166.1	92.793	111	8	0	11	121	48279939	48280049	1.02e-38	161	121	48961560
CaSNP3660	NC_021164.1	90.991	111	10	0	11	121	17254616	17254506	2.20e-35	150	121	48169137
CaSNP3660	NC_021160.1	90.991	111	10	0	11	121	41403530	41403640	2.20e-35	150	121	48359943
CaSNP3660	NC_021160.1	90.090	111	11	0	11	121	25923755	25923645	1.02e-33	145	121	48359943
CaTSNP7181	NW_004516299.1	100.000	121	0	0	1	121	89818	89938	1.28e-57	224	121	182039
CaTSNP6265	NC_021165.1	99.174	121	1	0	1	121	49874973	49874853	5.94e-56	219	121	59463898
CaTSNP6370	NC_021165.1	100.000	121	0	0	1	121	49633993	49634113	1.28e-57	224	121	59463898
CaTSNP6480	NC_021165.1	98.913	92	1	0	24	115	34848169	34848260	7.85e-40	165	121	59463898
CaTSNP7454	NC_021165.1	100.000	121	0	0	1	121	50690300	50690420	1.28e-57	224	121	59463898
CaTSNP7533	NW_004522679.1	100.000	121	0	0	1	121	3848	3728	1.28e-57	224	121	5747
CaTSNP7533	NC_021165.1	100.000	121	0	0	1	121	46418802	46418922	1.28e-57	224	121	59463898
CaTSNP8675	NW_004516594.1	100.000	57	0	0	41	97	88294	88350	4.83e-22	106	121	118400
CaTSNP8675	NW_004516594.1	100.000	46	0	0	1	46	88024	88069	6.29e-16	86.1	121	118400
CaTSNP6242	NC_021165.1	99.174	121	1	0	1	121	49383211	49383331	5.94e-56	219	121	59463898
CaTSNP8778	NC_021165.1	100.000	121	0	0	1	121	32278995	32278875	1.28e-57	224	121	59463898
CaSNP2363	NC_021165.1	99.174	121	0	1	1	121	50056462	50056581	2.14e-55	217	121	59463898
CaTSNP6854	NC_021165.1	99.174	121	1	0	1	121	44056190	44056310	5.94e-56	219	121	59463898
CaTSNP7915	NC_021165.1	100.000	121	0	0	1	121	41251825	41251705	1.28e-57	224	121	59463898
CaTSNP7155	NC_021165.1	98.750	80	1	0	1	80	47021280	47021201	3.68e-33	143	121	59463898
CaTSNP7155	NC_021165.1	100.000	48	0	0	74	121	47019459	47019412	4.86e-17	89.8	121	59463898
CaTSNP7071	NC_021165.1	100.000	121	0	0	1	121	31575575	31575695	1.28e-57	224	121	59463898
CaTSNP8630	NC_021165.1	100.000	121	0	0	1	121	44022910	44022790	1.28e-57	224	121	59463898
CaTSNP8123	NC_021165.1	99.174	121	1	0	1	121	34622931	34623051	5.94e-56	219	121	59463898
CaTSNP7679	NW_004516264.1	100.000	110	0	0	12	121	377183	377074	1.66e-51	204	121	418173
CaTSNP8218	NC_021165.1	100.000	121	0	0	1	121	32152903	32152783	1.28e-57	224	121	59463898
CaSNP3369	NC_021165.1	100.000	121	0	0	1	121	39821146	39821266	1.28e-57	224	121	59463898
CaSNP3369	NC_021165.1	93.277	119	8	0	3	121	47387488	47387370	3.63e-43	176	121	59463898
CaSNP3369	NC_021165.1	93.043	115	8	0	3	117	39753027	39753141	6.07e-41	169	121	59463898
CaSNP3369	NC_021165.1	91.597	119	10	0	3	121	55996248	55996366	7.85e-40	165	121	59463898
CaSNP3369	NC_021165.1	91.597	119	10	0	3	121	56405413	56405295	7.85e-40	165	121	59463898
CaSNP3369	NC_021165.1	91.304	115	10	0	3	117	18680692	18680578	1.31e-37	158	121	59463898
CaSNP3369	NC_021165.1	91.304	115	9	1	3	117	38112670	38112557	4.73e-37	156	121	59463898
CaSNP3369	NC_021165.1	91.071	112	10	0	3	114	40192489	40192600	6.11e-36	152	121	59463898
CaSNP3369	NC_021160.1	94.118	119	7	0	3	121	21904644	21904762	7.80e-45	182	121	48359943
CaSNP3369	NC_021160.1	93.277	119	8	0	3	121	34416272	34416154	3.63e-43	176	121	48359943
CaSNP3369	NC_021160.1	93.913	115	7	0	3	117	26938127	26938241	1.30e-42	174	121	48359943
CaSNP3369	NC_021160.1	93.913	115	7	0	3	117	27852469	27852583	1.30e-42	174	121	48359943
CaSNP3369	NC_021160.1	93.805	113	7	0	5	117	22286829	22286941	1.69e-41	171	121	48359943
CaSNP3369	NC_021160.1	92.437	119	9	0	3	121	22760149	22760031	1.69e-41	171	121	48359943
CaSNP3369	NC_021160.1	93.043	115	7	1	3	117	9640141	9640028	2.18e-40	167	121	48359943
CaSNP3369	NC_021160.1	91.597	119	10	0	3	121	6422517	6422635	7.85e-40	165	121	48359943
CaSNP3369	NC_021160.1	91.597	119	10	0	3	121	42022762	42022880	7.85e-40	165	121	48359943
CaSNP3369	NC_021160.1	92.174	115	9	0	3	117	45372622	45372736	2.82e-39	163	121	48359943
CaSNP3369	NC_021160.1	90.833	120	10	1	3	121	27272063	27271944	3.65e-38	159	121	48359943
CaSNP3369	NC_021160.1	90.517	116	11	0	6	121	29304934	29304819	1.70e-36	154	121	48359943
CaSNP3369	NC_021160.1	91.892	111	8	1	11	121	38998295	38998186	1.70e-36	154	121	48359943
CaSNP3369	NC_021163.1	93.277	119	8	0	3	121	18784235	18784353	3.63e-43	176	121	49191682
CaSNP3369	NC_021163.1	93.913	115	7	0	3	117	24973712	24973826	1.30e-42	174	121	49191682
CaSNP3369	NC_021163.1	92.174	115	9	0	3	117	20979263	20979377	2.82e-39	163	121	49191682
CaSNP3369	NC_021163.1	92.174	115	9	0	3	117	37472734	37472848	2.82e-39	163	121	49191682
CaSNP3369	NC_021163.1	92.174	115	9	0	3	117	39675954	39675840	2.82e-39	163	121	49191682
CaSNP3369	NC_021163.1	90.756	119	11	0	3	121	28953544	28953426	3.65e-38	159	121	49191682
CaSNP3369	NC_021163.1	91.304	115	10	0	3	117	14795732	14795618	1.31e-37	158	121	49191682
CaSNP3369	NC_021163.1	91.304	115	10	0	3	117	39235590	39235704	1.31e-37	158	121	49191682
CaSNP3369	NC_021163.1	91.304	115	10	0	3	117	43636303	43636417	1.31e-37	158	121	49191682
CaSNP3369	NC_021163.1	90.435	115	11	0	3	117	30493577	30493691	6.11e-36	152	121	49191682
CaSNP3369	NW_004515682.1	93.277	119	7	1	3	121	407771	407654	1.30e-42	174	121	606834
CaSNP3369	NC_021161.1	93.913	115	7	0	3	117	4592389	4592503	1.30e-42	174	121	36634854
CaSNP3369	NC_021161.1	93.913	115	7	0	3	117	11876578	11876464	1.30e-42	174	121	36634854
CaSNP3369	NC_021161.1	93.913	115	7	0	3	117	17407553	17407667	1.30e-42	174	121	36634854
CaSNP3369	NC_021161.1	93.043	115	8	0	3	117	11194168	11194054	6.07e-41	169	121	36634854
CaSNP3369	NC_021161.1	93.043	115	8	0	3	117	16982905	16982791	6.07e-41	169	121	36634854
CaSNP3369	NC_021161.1	93.043	115	8	0	3	117	30497777	30497663	6.07e-41	169	121	36634854
CaSNP3369	NC_021161.1	93.043	115	8	0	3	117	30501043	30500929	6.07e-41	169	121	36634854
CaSNP3369	NC_021161.1	92.174	115	9	0	3	117	440228	440114	2.82e-39	163	121	36634854
CaSNP3369	NC_021161.1	92.174	115	9	0	3	117	1985297	1985411	2.82e-39	163	121	36634854
CaSNP3369	NC_021161.1	91.304	115	10	0	3	117	634736	634622	1.31e-37	158	121	36634854
CaSNP3369	NC_021161.1	91.304	115	10	0	3	117	4519573	4519459	1.31e-37	158	121	36634854
CaSNP3369	NC_021161.1	91.304	115	10	0	3	117	28518874	28518760	1.31e-37	158	121	36634854
CaSNP3369	NC_021161.1	91.304	115	10	0	3	117	30651492	30651606	1.31e-37	158	121	36634854
CaSNP3369	NC_021161.1	91.304	115	9	1	3	117	18587707	18587594	4.73e-37	156	121	36634854
CaSNP3369	NC_021161.1	90.435	115	11	0	3	117	14040731	14040845	6.11e-36	152	121	36634854
CaSNP4348	NC_021165.1	100.000	121	0	0	1	121	31654182	31654062	1.28e-57	224	121	59463898
CaTSNP6438	NW_004515664.1	100.000	121	0	0	1	121	146348	146468	1.28e-57	224	121	483939
CaTSNP8376	NC_021167.1	99.174	121	1	0	1	121	3561935	3561815	5.94e-56	219	121	16477302
CaTSNP8882	NC_021165.1	98.734	79	1	0	43	121	48761568	48761646	1.32e-32	141	121	59463898
CaTSNP8882	NC_021165.1	100.000	46	0	0	1	46	48740397	48740442	6.29e-16	86.1	121	59463898
CaTSNP8882	NC_021165.1	100.000	46	0	0	1	46	48760881	48760926	6.29e-16	86.1	121	59463898
CaSNP2306	NW_004516242.1	99.174	121	1	0	1	121	61777	61897	5.94e-56	219	121	173752
CaSNP2306	NW_004516272.1	96.721	122	3	1	1	121	207503	207624	5.99e-51	202	121	309189
CaSNP2306	NW_004516272.1	95.082	122	5	1	1	121	196028	196149	1.30e-47	191	121	309189
CaSNP2306	NW_004515862.1	95.902	122	4	1	1	121	72493	72372	2.78e-49	196	121	162212
CaSNP2306	NW_004516383.1	95.868	121	4	1	2	121	79915	80035	1.00e-48	195	121	146067
CaSNP2306	NW_004516091.1	95.868	121	4	1	2	121	553	433	1.00e-48	195	121	127929
CaSNP4739	NC_021165.1	100.000	121	0	0	1	121	36901819	36901939	1.28e-57	224	121	59463898
CaSNP1983	NC_021166.1	99.174	121	1	0	1	121	28609790	28609910	5.94e-56	219	121	48961560
CaSNP2244	NW_004516357.1	99.174	121	1	0	1	121	365053	365173	5.94e-56	219	121	597855
CaSNP2644	NW_004516357.1	100.000	121	0	0	1	121	430584	430704	1.28e-57	224	121	597855
CaTSNP6138	NW_004516357.1	99.174	121	1	0	1	121	94718	94598	5.94e-56	219	121	597855
CaSNP2734	NW_004516357.1	100.000	121	0	0	1	121	153461	153581	1.28e-57	224	121	597855
CaSNP2350	NW_004522055.1	100.000	121	0	0	1	121	2241	2361	1.28e-57	224	121	3179
CaSNP2350	NW_004519166.1	99.174	121	1	0	1	121	72156	72276	5.94e-56	219	121	110049
CaSNP3485	NC_021166.1	100.000	121	0	0	1	121	30367421	30367301	1.28e-57	224	121	48961560
CaSNP3541	NC_021166.1	99.174	121	1	0	1	121	29724091	29724211	5.94e-56	219	121	48961560
CaSNP2305	NC_021166.1	99.174	121	1	0	1	121	29759298	29759418	5.94e-56	219	121	48961560
CaSNP3136	NC_021166.1	100.000	121	0	0	1	121	29636941	29636821	1.28e-57	224	121	48961560
CaSNP1958	NC_021166.1	98.276	116	2	0	6	121	30020768	30020653	1.66e-51	204	121	48961560
CaSNP4597	NC_021166.1	99.180	122	0	1	1	121	29881735	29881856	5.94e-56	219	121	48961560
CaSNP4241	NC_021166.1	98.361	122	1	1	1	121	48852169	48852290	2.77e-54	213	121	48961560
CaSNP4241	NC_021166.1	96.694	121	3	1	1	120	48825704	48825824	2.15e-50	200	121	48961560
CaSNP4241	NC_021166.1	96.694	121	3	1	1	120	48880820	48880940	2.15e-50	200	121	48961560
CaSNP4809	NC_021166.1	99.174	121	1	0	1	121	46600056	46600176	5.94e-56	219	121	48961560
CaSNP4879	NW_004515964.1	99.174	121	1	0	1	121	170095	170215	5.94e-56	219	121	240606
CaTSNP6217	NC_021165.1	99.107	112	0	1	11	121	58027793	58027904	2.15e-50	200	121	59463898
CaSNP2032	NC_021166.1	95.041	121	1	1	1	121	30789398	30789283	6.03e-46	185	121	48961560
CaSNP2260	NC_021166.1	99.174	121	1	0	1	121	31214282	31214402	5.94e-56	219	121	48961560
CaSNP4415	NC_021166.1	99.174	121	1	0	1	121	30639168	30639288	5.94e-56	219	121	48961560
CaSNP4540	NC_021166.1	100.000	121	0	0	1	121	31571579	31571699	1.28e-57	224	121	48961560
CaSNP4685	NC_021166.1	100.000	121	0	0	1	121	31725231	31725351	1.28e-57	224	121	48961560
CaSNP2672	NC_021166.1	99.174	121	1	0	1	121	44317296	44317176	5.94e-56	219	121	48961560
CaSNP2805	NC_021165.1	99.174	121	1	0	1	121	58110665	58110545	5.94e-56	219	121	59463898
CaSNP4004	NC_021166.1	99.174	121	1	0	1	121	38685864	38685744	5.94e-56	219	121	48961560
CaSNP3924	NC_021166.1	99.174	121	1	0	1	121	23099827	23099707	5.94e-56	219	121	48961560
CaTSNP7665	NC_021166.1	99.065	107	1	0	15	121	31331106	31331000	3.60e-48	193	121	48961560
CaSNP3213	NW_004516210.1	98.347	121	2	0	1	121	113501	113381	2.77e-54	213	121	386906
CaSNP3213	NC_021165.1	94.017	117	7	0	4	120	59394304	59394188	1.01e-43	178	121	59463898
CaSNP3213	NC_021161.1	92.437	119	7	2	4	121	30791350	30791233	6.07e-41	169	121	36634854
CaSNP3213	NW_004515738.1	91.597	119	9	1	3	121	154992	155109	2.82e-39	163	121	469020
CaSNP3213	NC_021166.1	90.833	120	10	1	3	121	7639938	7639819	3.65e-38	159	121	48961560
CaSNP3464	NC_021166.1	99.174	121	1	0	1	121	35741790	35741670	5.94e-56	219	121	48961560
CaSNP3464	NC_021166.1	94.215	121	7	0	1	121	33983283	33983163	6.03e-46	185	121	48961560
CaSNP3464	NW_004517519.1	94.215	121	7	0	1	121	105679	105559	6.03e-46	185	121	514336
CaSNP3464	NW_004516266.1	93.388	121	8	0	1	121	339617	339497	2.80e-44	180	121	571959
CaSNP3464	NC_021165.1	92.562	121	9	0	1	121	21080432	21080552	1.30e-42	174	121	59463898
CaSNP3464	NW_004515845.1	90.909	121	11	0	1	121	40016	39896	2.82e-39	163	121	377106
CaSNP2047	NC_021166.1	99.020	102	1	0	20	121	39381813	39381914	2.17e-45	183	121	48961560
CaSNP4209	NC_021166.1	99.174	121	1	0	1	121	36929683	36929803	5.94e-56	219	121	48961560
CaSNP4351	NW_004516210.1	100.000	121	0	0	1	121	356625	356745	1.28e-57	224	121	386906
CaSNP1995	NC_021166.1	100.000	121	0	0	1	121	33596235	33596355	1.28e-57	224	121	48961560
CaSNP2629	NC_021166.1	99.174	121	1	0	1	121	30807141	30807021	5.94e-56	219	121	48961560
CaSNP2629	NW_004522727.1	93.333	60	4	0	62	121	8448	8507	4.86e-17	89.8	121	9223
CaSNP2280	NC_021166.1	99.174	121	1	0	1	121	35055203	35055323	5.94e-56	219	121	48961560
CaSNP2280	NW_004516299.1	92.562	121	9	0	1	121	150618	150738	1.30e-42	174	121	182039
CaSNP2280	NW_004515794.1	92.562	121	9	0	1	121	232720	232840	1.30e-42	174	121	815031
CaSNP2280	NW_004515794.1	91.736	121	9	1	1	121	561016	560897	2.18e-40	167	121	815031
CaSNP2280	NC_021165.1	92.562	121	9	0	1	121	38650539	38650659	1.30e-42	174	121	59463898
CaSNP2280	NC_021165.1	90.909	121	10	1	1	121	14996475	14996594	1.02e-38	161	121	59463898
CaSNP2280	NC_021164.1	90.909	121	11	0	1	121	923435	923315	2.82e-39	163	121	48169137
CaSNP3143	NC_021166.1	99.174	121	1	0	1	121	38632598	38632478	5.94e-56	219	121	48961560
CaSNP3159	NC_021166.1	99.174	121	1	0	1	121	38465818	38465698	5.94e-56	219	121	48961560
CaSNP3431	NW_004516210.1	100.000	121	0	0	1	121	302255	302375	1.28e-57	224	121	386906
CaSNP4069	NC_021166.1	99.174	121	1	0	1	121	36517665	36517785	5.94e-56	219	121	48961560
CaSNP2245	NC_021166.1	99.174	121	1	0	1	121	31696606	31696486	5.94e-56	219	121	48961560
CaSNP1938	NC_021166.1	99.174	121	1	0	1	121	39343262	39343382	5.94e-56	219	121	48961560
CaSNP3752	NC_021166.1	100.000	121	0	0	1	121	36064745	36064625	1.28e-57	224	121	48961560
CaSNP3009	NC_021166.1	99.174	121	1	0	1	121	32378541	32378661	5.94e-56	219	121	48961560
CaSNP2385	NC_021166.1	99.174	121	1	0	1	121	38369765	38369645	5.94e-56	219	121	48961560
CaSNP2933	NW_004516210.1	98.361	122	1	1	1	121	200927	200806	2.77e-54	213	121	386906
CaSNP3980	NC_021166.1	98.347	121	2	0	1	121	32876504	32876384	2.77e-54	213	121	48961560
CaSNP2083	NC_021166.1	99.174	121	1	0	1	121	31848914	31849034	5.94e-56	219	121	48961560
CaSNP3307	NC_021166.1	100.000	121	0	0	1	121	31945363	31945243	1.28e-57	224	121	48961560
CaSNP2929	NC_021166.1	100.000	121	0	0	1	121	32062882	32062762	1.28e-57	224	121	48961560
CaTSNP7238	NC_021166.1	100.000	120	0	0	2	121	32222318	32222437	4.59e-57	222	121	48961560
CaTSNP8710	NC_021166.1	98.947	95	1	0	1	95	32161157	32161063	1.69e-41	171	121	48961560
CaSNP3488	NC_021166.1	99.174	121	1	0	1	121	25689653	25689533	5.94e-56	219	121	48961560
CaSNP2039	NC_021166.1	99.174	121	1	0	1	121	34476975	34477095	5.94e-56	219	121	48961560
CaSNP2743	NC_021166.1	99.174	121	1	0	1	121	33257945	33257825	5.94e-56	219	121	48961560
CaTSNP7350	NC_021166.1	99.174	121	1	0	1	121	33331354	33331474	5.94e-56	219	121	48961560
CaSNP4634	NC_021166.1	100.000	121	0	0	1	121	33466673	33466553	1.28e-57	224	121	48961560
CaSNP2626	NC_021166.1	100.000	121	0	0	1	121	33358095	33358215	1.28e-57	224	121	48961560
CaSNP3028	NC_021166.1	100.000	121	0	0	1	121	33456179	33456059	1.28e-57	224	121	48961560
CaSNP4577	NC_021166.1	99.174	121	1	0	1	121	34364741	34364861	5.94e-56	219	121	48961560
CaTSNP7514	NC_021166.1	100.000	121	0	0	1	121	34876908	34877028	1.28e-57	224	121	48961560
CaSNP2360	NW_004516210.1	95.798	119	4	1	4	121	41073	41191	1.30e-47	191	121	386906
CaSNP3784	NC_021166.1	96.694	121	4	0	1	121	34382384	34382264	5.99e-51	202	121	48961560
CaSNP4426	NW_004517046.1	100.000	121	0	0	1	121	169629	169509	1.28e-57	224	121	432967
CaSNP1953	NC_021166.1	99.174	121	1	0	1	121	34939624	34939504	5.94e-56	219	121	48961560
CaSNP1953	NW_004516627.1	97.959	49	1	0	73	121	239747	239699	6.29e-16	86.1	121	353007
CaSNP4319	NW_004517046.1	99.174	121	1	0	1	121	250392	250272	5.94e-56	219	121	432967
CaTSNP6964	NC_021166.1	99.174	121	1	0	1	121	34459411	34459531	5.94e-56	219	121	48961560
CaSNP2052	NC_021166.1	99.174	121	1	0	1	121	35080000	35080120	5.94e-56	219	121	48961560
CaSNP2370	NC_021166.1	100.000	121	0	0	1	121	35283773	35283893	1.28e-57	224	121	48961560
CaSNP3578	NW_004517046.1	100.000	121	0	0	1	121	198837	198957	1.28e-57	224	121	432967
CaSNP1928	NC_021166.1	99.174	121	1	0	1	121	35633944	35634064	5.94e-56	219	121	48961560
CaSNP3725	NC_021166.1	99.174	121	1	0	1	121	35426091	35426211	5.94e-56	219	121	48961560
CaSNP3070	NC_021166.1	99.174	121	1	0	1	121	36378420	36378300	5.94e-56	219	121	48961560
CaSNP3070	NC_021166.1	98.276	58	1	0	63	120	25114409	25114466	6.25e-21	102	121	48961560
CaSNP3070	NC_021166.1	98.276	58	1	0	63	120	34957837	34957780	6.25e-21	102	121	48961560
CaSNP3070	NC_021166.1	98.276	58	1	0	63	120	41201483	41201540	6.25e-21	102	121	48961560
CaSNP3070	NC_021166.1	98.246	57	1	0	65	121	13840015	13839959	2.25e-20	100	121	48961560
CaSNP3070	NC_021166.1	96.610	59	2	0	63	121	13842978	13842920	8.08e-20	99.0	121	48961560
CaSNP3070	NC_021166.1	96.667	60	1	1	63	121	23151474	23151415	8.08e-20	99.0	121	48961560
CaSNP3070	NC_021166.1	96.552	58	2	0	63	120	44449261	44449318	2.91e-19	97.1	121	48961560
CaSNP3070	NC_021166.1	92.424	66	4	1	56	121	22813961	22813897	3.76e-18	93.5	121	48961560
CaSNP3070	NC_021166.1	91.304	69	4	2	55	121	27727229	27727297	3.76e-18	93.5	121	48961560
CaSNP3070	NC_021166.1	94.915	59	3	0	63	121	36373971	36373913	3.76e-18	93.5	121	48961560
CaSNP3070	NC_021166.1	93.333	60	3	1	63	121	35467356	35467415	1.75e-16	87.9	121	48961560
CaSNP3070	NC_021166.1	93.220	59	3	1	63	120	37616928	37616986	6.29e-16	86.1	121	48961560
CaSNP3070	NC_021166.1	93.103	58	4	0	63	120	44444636	44444693	6.29e-16	86.1	121	48961560
CaSNP3070	NW_004516141.1	100.000	59	0	0	63	121	163680	163738	3.73e-23	110	121	339225
CaSNP3070	NW_004516141.1	100.000	59	0	0	63	121	169494	169552	3.73e-23	110	121	339225
CaSNP3070	NW_004516141.1	98.305	59	1	0	63	121	175020	175078	1.74e-21	104	121	339225
CaSNP3070	NC_021160.1	100.000	58	0	0	63	120	43695022	43695079	1.34e-22	108	121	48359943
CaSNP3070	NC_021160.1	98.305	59	1	0	63	121	11735814	11735756	1.74e-21	104	121	48359943
CaSNP3070	NC_021160.1	98.305	59	1	0	63	121	25502547	25502605	1.74e-21	104	121	48359943
CaSNP3070	NC_021160.1	98.305	59	1	0	63	121	25507355	25507413	1.74e-21	104	121	48359943
CaSNP3070	NC_021160.1	98.276	58	1	0	63	120	45011967	45012024	6.25e-21	102	121	48359943
CaSNP3070	NC_021160.1	98.276	58	1	0	63	120	45017705	45017762	6.25e-21	102	121	48359943
CaSNP3070	NC_021160.1	96.610	59	2	0	63	121	22581287	22581345	8.08e-20	99.0	121	48359943
CaSNP3070	NC_021160.1	94.915	59	3	0	63	121	11727546	11727488	3.76e-18	93.5	121	48359943
CaSNP3070	NC_021160.1	94.915	59	3	0	63	121	43688515	43688573	3.76e-18	93.5	121	48359943
CaSNP3070	NC_021160.1	94.828	58	2	1	63	120	27850153	27850209	4.86e-17	89.8	121	48359943
CaSNP3070	NW_004516122.1	95.455	66	3	0	55	120	31938	32003	4.83e-22	106	121	134123
CaSNP3070	NC_021167.1	98.333	60	1	0	61	120	4699095	4699154	4.83e-22	106	121	16477302
CaSNP4642	NC_021166.1	99.174	121	1	0	1	121	36480191	36480311	5.94e-56	219	121	48961560
CaSNP3273	NC_021166.1	100.000	121	0	0	1	121	43100044	43100164	1.28e-57	224	121	48961560
CaSNP3273	NC_021163.1	90.110	91	7	2	1	89	25130145	25130235	2.23e-25	117	121	49191682
CaSNP3273	NC_021163.1	90.000	90	8	1	1	89	25030162	25030251	8.02e-25	115	121	49191682
CaSNP3273	NC_021163.1	90.000	90	8	1	1	89	25031760	25031849	8.02e-25	115	121	49191682
CaSNP3273	NW_004516692.1	90.000	90	8	1	1	89	22079	21990	8.02e-25	115	121	161680
CaSNP2572	NC_021166.1	99.174	121	1	0	1	121	37734419	37734539	5.94e-56	219	121	48961560
CaSNP4109	NC_021166.1	100.000	121	0	0	1	121	27326358	27326238	1.28e-57	224	121	48961560
CaSNP2944	NC_021166.1	99.174	121	1	0	1	121	37057554	37057434	5.94e-56	219	121	48961560
CaSNP4124	NC_021166.1	100.000	121	0	0	1	121	37690112	37690232	1.28e-57	224	121	48961560
CaSNP3562	NC_021166.1	100.000	121	0	0	1	121	38443713	38443833	1.28e-57	224	121	48961560
CaSNP4264	NC_021166.1	100.000	121	0	0	1	121	39683012	39683132	1.28e-57	224	121	48961560
CaSNP4405	NC_021166.1	99.174	121	1	0	1	121	39711506	39711626	5.94e-56	219	121	48961560
CaSNP4405	NC_021166.1	98.795	83	1	0	39	121	39712699	39712781	7.91e-35	148	121	48961560
CaSNP3884	NC_021166.1	99.174	121	1	0	1	121	39517651	39517531	5.94e-56	219	121	48961560
CaSNP4782	NC_021162.1	99.174	121	1	0	1	121	14171859	14171979	5.94e-56	219	121	39989001
CaSNP3610	NW_004515637.1	100.000	121	0	0	1	121	428479	428359	1.28e-57	224	121	541238
CaSNP3610	NW_004516231.1	91.589	107	9	0	15	121	58267	58373	7.91e-35	148	121	89543
CaSNP3610	NC_021165.1	91.667	108	7	2	15	121	42302196	42302090	7.91e-35	148	121	59463898
CaSNP3610	NC_021166.1	90.000	100	10	0	18	117	27747420	27747519	2.86e-29	130	121	48961560
CaSNP2086	NC_021166.1	100.000	121	0	0	1	121	41865830	41865950	1.28e-57	224	121	48961560
CaSNP4318	NC_021166.1	100.000	121	0	0	1	121	26418148	26418268	1.28e-57	224	121	48961560
CaSNP4373	NC_021166.1	100.000	121	0	0	1	121	26925573	26925693	1.28e-57	224	121	48961560
CaSNP5111	NC_021166.1	99.174	121	1	0	1	121	25502566	25502446	5.94e-56	219	121	48961560
CaSNP4095	NC_021166.1	99.174	121	1	0	1	121	45415455	45415575	5.94e-56	219	121	48961560
CaSNP2596	NC_021166.1	100.000	121	0	0	1	121	44611382	44611502	1.28e-57	224	121	48961560
CaSNP2996	NW_004522645.1	99.174	121	1	0	1	121	3651	3531	5.94e-56	219	121	4568
CaSNP2996	NC_021166.1	99.174	121	1	0	1	121	21518470	21518590	5.94e-56	219	121	48961560
CaSNP3932	NC_021166.1	100.000	121	0	0	1	121	24689484	24689364	1.28e-57	224	121	48961560
CaSNP2635	NW_004516060.1	100.000	121	0	0	1	121	46902	46782	1.28e-57	224	121	705481
CaSNP2635	NW_004516372.1	94.215	121	7	0	1	121	147628	147508	6.03e-46	185	121	208769
CaSNP2635	NC_021160.1	94.118	119	7	0	3	121	40497106	40497224	7.80e-45	182	121	48359943
CaSNP4570	NC_021166.1	100.000	121	0	0	1	121	45779029	45779149	1.28e-57	224	121	48961560
CaSNP4570	NC_021166.1	100.000	121	0	0	1	121	45782794	45782914	1.28e-57	224	121	48961560
CaSNP4768	NW_004516724.1	100.000	121	0	0	1	121	47181	47301	1.28e-57	224	121	144095
CaSNP4768	NW_004516724.1	98.347	121	2	0	1	121	71009	71129	2.77e-54	213	121	144095
CaSNP4768	NW_004516724.1	93.902	82	5	0	40	121	7285	7366	1.33e-27	124	121	144095
CaSNP4768	NC_021166.1	93.902	82	5	0	40	121	46653388	46653307	1.33e-27	124	121	48961560
CaSNP4009	NW_004515944.1	99.174	121	1	0	1	121	570230	570110	5.94e-56	219	121	794999
CaSNP2774	NC_021166.1	100.000	121	0	0	1	121	47845737	47845857	1.28e-57	224	121	48961560
CaSNP3142	NW_004515944.1	99.174	121	1	0	1	121	430300	430420	5.94e-56	219	121	794999
CaSNP3039	NW_004515780.1	99.174	121	1	0	1	121	34504	34624	5.94e-56	219	121	141577
CaSNP3236	NC_021166.1	99.174	121	1	0	1	121	40452829	40452709	5.94e-56	219	121	48961560
CaSNP3836	NC_021166.1	99.174	121	1	0	1	121	25969929	25970049	5.94e-56	219	121	48961560
CaSNP3836	NW_004516321.1	91.597	119	10	0	1	119	30367	30249	7.85e-40	165	121	205726
CaSNP3836	NC_021162.1	90.909	121	11	0	1	121	6346181	6346301	2.82e-39	163	121	39989001
CaSNP3836	NC_021161.1	90.678	118	9	2	4	120	22007334	22007450	4.73e-37	156	121	36634854
CaSNP3836	NW_004515718.1	90.991	111	10	0	4	114	94374	94484	2.20e-35	150	121	238928
CaSNP4378	NW_004517092.1	99.174	121	1	0	1	121	125227	125347	5.94e-56	219	121	192404
CaSNP4392	NC_021166.1	98.361	122	1	1	1	121	43929738	43929617	2.77e-54	213	121	48961560
CaSNP4092	NC_021166.1	100.000	121	0	0	1	121	41343896	41344016	1.28e-57	224	121	48961560
CaSNP4092	NC_021166.1	90.598	117	10	1	1	116	16230440	16230556	1.70e-36	154	121	48961560
CaSNP4092	NC_021165.1	91.453	117	10	0	1	117	46964166	46964282	1.02e-38	161	121	59463898
CaSNP4092	NW_004516574.1	91.228	114	9	1	1	114	819100	819212	1.70e-36	154	121	1410633
CaSNP3335	NW_004516113.1	100.000	121	0	0	1	121	172413	172533	1.28e-57	224	121	244576
CaSNP2484	NC_021166.1	99.174	121	1	0	1	121	25619680	25619560	5.94e-56	219	121	48961560
CaSNP4282	NC_021166.1	99.174	121	1	0	1	121	42876624	42876504	5.94e-56	219	121	48961560
CaSNP3468	NC_021166.1	99.174	121	1	0	1	121	25805143	25805023	5.94e-56	219	121	48961560
CaSNP2931	NC_021166.1	99.174	121	1	0	1	121	27167734	27167854	5.94e-56	219	121	48961560
CaSNP2433	NC_021166.1	99.174	121	1	0	1	121	46685072	46685192	5.94e-56	219	121	48961560
CaSNP2726	NC_021166.1	99.174	121	1	0	1	121	47196258	47196138	5.94e-56	219	121	48961560
CaSNP4227	NC_021166.1	100.000	121	0	0	1	121	39943866	39943746	1.28e-57	224	121	48961560
CaSNP4433	NC_021166.1	99.174	121	1	0	1	121	23055270	23055390	5.94e-56	219	121	48961560
CaSNP5107	NW_004517686.1	100.000	121	0	0	1	121	12241	12121	1.28e-57	224	121	55041
CaSNP2412	NC_021166.1	100.000	121	0	0	1	121	41969524	41969404	1.28e-57	224	121	48961560
CaSNP3286	NC_021166.1	99.174	121	1	0	1	121	46910108	46909988	5.94e-56	219	121	48961560
CaSNP4131	NW_004515836.1	90.909	121	11	0	1	121	81584	81704	2.82e-39	163	121	342192
CaSNP4131	NW_004517140.1	90.678	118	11	0	1	118	137796	137913	1.31e-37	158	121	175568
CaSNP4131	NW_004516520.1	90.517	116	11	0	1	116	166739	166854	1.70e-36	154	121	236255
CaSNP4131	NC_021165.1	90.517	116	11	0	3	118	42636629	42636744	1.70e-36	154	121	59463898
CaSNP4131	NC_021166.1	100.000	77	0	0	1	77	24769228	24769152	3.68e-33	143	121	48961560
CaSNP4131	NC_021166.1	91.860	86	7	0	36	121	24769153	24769068	1.72e-26	121	121	48961560
CaSNP4781	NC_021166.1	100.000	121	0	0	1	121	43040931	43041051	1.28e-57	224	121	48961560
CaSNP2591	NC_021166.1	99.174	121	1	0	1	121	24928474	24928354	5.94e-56	219	121	48961560
CaSNP4137	NW_004516871.1	99.174	121	1	0	1	121	384204	384084	5.94e-56	219	121	633127
CaSNP4137	NW_004516221.1	93.388	121	8	0	1	121	57715	57835	2.80e-44	180	121	128430
CaSNP4137	NW_004515643.1	93.333	120	8	0	2	121	221746	221627	1.01e-43	178	121	374193
CaSNP4137	NC_021162.1	93.333	120	8	0	2	121	13783313	13783194	1.01e-43	178	121	39989001
CaSNP4137	NC_021162.1	91.129	124	8	1	1	121	13506653	13506776	7.85e-40	165	121	39989001
CaSNP4137	NC_021162.1	90.833	120	11	0	2	121	8492202	8492083	1.02e-38	161	121	39989001
CaSNP4137	NC_021162.1	90.164	122	10	2	1	121	2123961	2123841	1.31e-37	158	121	39989001
CaSNP4137	NC_021162.1	90.164	122	8	3	3	121	1134028	1133908	4.73e-37	156	121	39989001
CaSNP4137	NC_021162.1	93.069	101	7	0	4	104	2215768	2215868	7.91e-35	148	121	39989001
CaSNP4137	NW_004516110.1	92.562	121	9	0	1	121	102121	102001	1.30e-42	174	121	160589
CaSNP3490	NC_021166.1	100.000	121	0	0	1	121	26750159	26750039	1.28e-57	224	121	48961560
CaSNP3490	NC_021166.1	95.041	121	6	0	1	121	21676738	21676618	1.30e-47	191	121	48961560
CaSNP3490	NC_021166.1	93.388	121	7	1	1	121	34505206	34505087	1.01e-43	178	121	48961560
CaSNP3490	NC_021166.1	90.909	121	9	2	1	121	32728276	32728158	1.02e-38	161	121	48961560
CaSNP3490	NW_004520919.1	95.041	121	6	0	1	121	1288	1408	1.30e-47	191	121	11207
CaSNP3490	NC_021163.1	93.333	120	8	0	1	120	48282431	48282312	1.01e-43	178	121	49191682
CaSNP3490	NC_021163.1	93.333	120	8	0	1	120	48287837	48287718	1.01e-43	178	121	49191682
CaSNP3490	NC_021163.1	90.083	121	12	0	1	121	30702147	30702027	1.31e-37	158	121	49191682
CaSNP3490	NC_021163.1	90.351	114	10	1	7	120	30695642	30695530	7.91e-35	148	121	49191682
CaSNP3490	NW_004516558.1	93.333	120	7	1	1	120	295225	295107	3.63e-43	176	121	770158
CaSNP3490	NC_021165.1	91.736	121	9	1	1	121	34615624	34615505	2.18e-40	167	121	59463898
CaSNP3490	NC_021165.1	90.083	121	12	0	1	121	10080196	10080076	1.31e-37	158	121	59463898
CaSNP3490	NC_021165.1	90.435	115	9	2	7	121	5735642	5735530	2.20e-35	150	121	59463898
CaSNP3490	NC_021165.1	91.071	112	8	1	11	120	48339860	48339971	2.20e-35	150	121	59463898
CaSNP2594	NC_021166.1	99.174	121	1	0	1	121	42563721	42563601	5.94e-56	219	121	48961560
CaSNP4861	NC_021166.1	98.347	121	2	0	1	121	43083564	43083684	2.77e-54	213	121	48961560
CaSNP2372	NC_021166.1	100.000	121	0	0	1	121	22002243	22002123	1.28e-57	224	121	48961560
CaSNP3240	NW_004516060.1	99.174	121	1	0	1	121	230324	230444	5.94e-56	219	121	705481
CaSNP2857	NC_021166.1	99.174	121	1	0	1	121	27782988	27782868	5.94e-56	219	121	48961560
CaSNP3102	NW_004516221.1	99.174	121	1	0	1	121	47742	47862	5.94e-56	219	121	128430
CaSNP4374	NW_004517205.1	100.000	121	0	0	1	121	84848	84968	1.28e-57	224	121	225302
CaSNP4374	NC_021162.1	92.562	121	7	2	1	120	8772336	8772455	4.69e-42	172	121	39989001
CaSNP4374	NC_021166.1	90.909	121	10	1	1	120	42282870	42282990	1.02e-38	161	121	48961560
CaSNP4374	NC_021166.1	90.909	121	9	2	1	120	42866264	42866145	1.02e-38	161	121	48961560
CaSNP4374	NC_021166.1	90.244	123	10	2	1	121	42282571	42282693	3.65e-38	159	121	48961560
CaSNP4374	NC_021165.1	90.909	121	9	2	1	120	40383593	40383474	1.02e-38	161	121	59463898
CaSNP4374	NC_021163.1	90.909	121	9	2	1	120	48538123	48538004	1.02e-38	161	121	49191682
CaSNP3865	NC_021166.1	98.361	122	1	1	1	121	27286147	27286268	2.77e-54	213	121	48961560
CaSNP3667	NC_021166.1	98.361	122	1	1	1	121	24303706	24303827	2.77e-54	213	121	48961560
CaSNP2720	NC_021166.1	100.000	121	0	0	1	121	48007092	48006972	1.28e-57	224	121	48961560
CaSNP3377	NW_004516955.1	99.174	121	0	1	1	121	108799	108680	2.14e-55	217	121	144242
CaSNP2838	NC_021166.1	99.174	121	1	0	1	121	44005466	44005346	5.94e-56	219	121	48961560
CaSNP4211	NW_004516723.1	100.000	121	0	0	1	121	252046	251926	1.28e-57	224	121	337745
CaSNP4211	NC_021163.1	94.215	121	6	1	1	121	1378858	1378977	2.17e-45	183	121	49191682
CaSNP4211	NC_021163.1	90.756	119	10	1	3	121	26215872	26215989	1.31e-37	158	121	49191682
CaSNP4211	NC_021165.1	90.083	121	11	1	1	121	36691764	36691883	4.73e-37	156	121	59463898
CaSNP4211	NC_021164.1	90.598	117	9	2	2	118	37820844	37820958	1.70e-36	154	121	48169137
CaSNP3788	NC_021166.1	99.174	121	1	0	1	121	45558152	45558272	5.94e-56	219	121	48961560
CaSNP3788	NC_021166.1	93.496	123	6	2	1	121	42202008	42201886	7.80e-45	182	121	48961560
CaSNP3788	NC_021166.1	93.388	121	8	0	1	121	18574665	18574785	2.80e-44	180	121	48961560
CaSNP3788	NC_021166.1	93.388	121	8	0	1	121	21537486	21537366	2.80e-44	180	121	48961560
CaSNP3788	NC_021166.1	93.388	121	8	0	1	121	21543125	21543005	2.80e-44	180	121	48961560
CaSNP3788	NC_021166.1	93.388	121	8	0	1	121	21780585	21780465	2.80e-44	180	121	48961560
CaSNP3788	NC_021166.1	93.388	121	8	0	1	121	21781504	21781384	2.80e-44	180	121	48961560
CaSNP3788	NC_021166.1	93.388	121	8	0	1	121	22405932	22405812	2.80e-44	180	121	48961560
CaSNP3788	NC_021166.1	93.388	121	8	0	1	121	23854920	23855040	2.80e-44	180	121	48961560
CaSNP3788	NC_021166.1	93.388	121	8	0	1	121	24572274	24572154	2.80e-44	180	121	48961560
CaSNP3788	NC_021166.1	93.388	121	8	0	1	121	24700459	24700339	2.80e-44	180	121	48961560
CaSNP3788	NC_021166.1	93.388	121	8	0	1	121	25900027	25900147	2.80e-44	180	121	48961560
CaSNP3788	NC_021166.1	93.388	121	8	0	1	121	27790531	27790651	2.80e-44	180	121	48961560
CaSNP3788	NC_021166.1	93.388	121	8	0	1	121	28146328	28146448	2.80e-44	180	121	48961560
CaSNP3788	NC_021166.1	93.388	121	8	0	1	121	37484791	37484671	2.80e-44	180	121	48961560
CaSNP3788	NC_021166.1	93.388	121	8	0	1	121	38646910	38647030	2.80e-44	180	121	48961560
CaSNP3788	NC_021166.1	93.388	121	8	0	1	121	42428395	42428275	2.80e-44	180	121	48961560
CaSNP3788	NC_021166.1	93.388	121	8	0	1	121	42431922	42431802	2.80e-44	180	121	48961560
CaSNP3788	NC_021166.1	93.388	121	8	0	1	121	42549789	42549669	2.80e-44	180	121	48961560
CaSNP3788	NC_021166.1	93.388	121	8	0	1	121	42553742	42553622	2.80e-44	180	121	48961560
CaSNP3788	NC_021166.1	93.388	121	8	0	1	121	42777409	42777529	2.80e-44	180	121	48961560
CaSNP3788	NC_021166.1	93.388	121	8	0	1	121	42781549	42781669	2.80e-44	180	121	48961560
CaSNP3788	NC_021166.1	93.388	121	8	0	1	121	43678954	43678834	2.80e-44	180	121	48961560
CaSNP3788	NC_021166.1	93.388	121	8	0	1	121	44242052	44241932	2.80e-44	180	121	48961560
CaSNP3788	NC_021166.1	93.388	121	8	0	1	121	44821385	44821505	2.80e-44	180	121	48961560
CaSNP3788	NC_021166.1	93.388	121	8	0	1	121	44833633	44833513	2.80e-44	180	121	48961560
CaSNP3788	NC_021166.1	93.388	121	8	0	1	121	45448232	45448112	2.80e-44	180	121	48961560
CaSNP3788	NC_021166.1	93.388	121	8	0	1	121	45541276	45541156	2.80e-44	180	121	48961560
CaSNP3788	NC_021166.1	93.388	121	8	0	1	121	45802789	45802909	2.80e-44	180	121	48961560
CaSNP3788	NC_021166.1	93.388	121	8	0	1	121	46814843	46814963	2.80e-44	180	121	48961560
CaSNP3788	NC_021166.1	93.388	121	8	0	1	121	46982463	46982343	2.80e-44	180	121	48961560
CaSNP3788	NC_021166.1	93.388	121	8	0	1	121	47772485	47772365	2.80e-44	180	121	48961560
CaSNP3788	NC_021166.1	93.388	121	8	0	1	121	48933751	48933631	2.80e-44	180	121	48961560
CaSNP3788	NC_021166.1	92.683	123	7	2	1	121	23483444	23483322	3.63e-43	176	121	48961560
CaSNP3788	NC_021166.1	92.683	123	7	2	1	121	24305052	24304930	3.63e-43	176	121	48961560
CaSNP3788	NC_021166.1	93.277	119	8	0	1	119	44266037	44265919	3.63e-43	176	121	48961560
CaSNP3788	NC_021166.1	92.562	121	9	0	1	121	14266476	14266596	1.30e-42	174	121	48961560
CaSNP3788	NC_021166.1	92.562	121	9	0	1	121	15258861	15258981	1.30e-42	174	121	48961560
CaSNP3788	NC_021166.1	92.562	121	9	0	1	121	17270497	17270377	1.30e-42	174	121	48961560
CaSNP3788	NC_021166.1	92.562	121	9	0	1	121	19785080	19785200	1.30e-42	174	121	48961560
CaSNP3788	NC_021166.1	92.562	121	9	0	1	121	21537867	21537987	1.30e-42	174	121	48961560
CaSNP3788	NC_021166.1	92.562	121	9	0	1	121	23389007	23389127	1.30e-42	174	121	48961560
CaSNP3788	NC_021166.1	92.562	121	9	0	1	121	24463141	24463021	1.30e-42	174	121	48961560
CaSNP3788	NC_021166.1	92.562	121	9	0	1	121	24576347	24576227	1.30e-42	174	121	48961560
CaSNP3788	NC_021166.1	92.562	121	9	0	1	121	24854088	24854208	1.30e-42	174	121	48961560
CaSNP3788	NC_021166.1	92.562	121	9	0	1	121	26267946	26267826	1.30e-42	174	121	48961560
CaSNP3788	NC_021166.1	92.562	121	9	0	1	121	28172477	28172597	1.30e-42	174	121	48961560
CaSNP3788	NC_021166.1	92.562	121	9	0	1	121	29504007	29504127	1.30e-42	174	121	48961560
CaSNP3788	NC_021166.1	92.562	121	9	0	1	121	31137934	31138054	1.30e-42	174	121	48961560
CaSNP3788	NC_021166.1	92.562	121	9	0	1	121	31141809	31141929	1.30e-42	174	121	48961560
CaSNP3788	NC_021166.1	92.562	121	9	0	1	121	38925404	38925524	1.30e-42	174	121	48961560
CaSNP3788	NC_021166.1	92.562	121	9	0	1	121	41793927	41793807	1.30e-42	174	121	48961560
CaSNP3788	NC_021166.1	92.562	121	9	0	1	121	41904011	41904131	1.30e-42	174	121	48961560
CaSNP3788	NC_021166.1	92.562	121	9	0	1	121	43033855	43033735	1.30e-42	174	121	48961560
CaSNP3788	NC_021166.1	92.562	121	9	0	1	121	44659505	44659625	1.30e-42	174	121	48961560
CaSNP3788	NC_021166.1	92.562	121	9	0	1	121	45154948	45154828	1.30e-42	174	121	48961560
CaSNP3788	NC_021166.1	92.562	121	9	0	1	121	45159040	45158920	1.30e-42	174	121	48961560
CaSNP3788	NC_021166.1	92.562	121	9	0	1	121	45437552	45437432	1.30e-42	174	121	48961560
CaSNP3788	NC_021166.1	92.562	121	9	0	1	121	47542381	47542501	1.30e-42	174	121	48961560
CaSNP3788	NC_021166.1	92.562	121	9	0	1	121	48034525	48034645	1.30e-42	174	121	48961560
CaSNP3788	NC_021166.1	92.562	121	9	0	1	121	48775717	48775597	1.30e-42	174	121	48961560
CaSNP3788	NC_021166.1	92.562	121	8	1	1	121	27786669	27786788	4.69e-42	172	121	48961560
CaSNP3788	NC_021166.1	91.870	123	8	2	1	121	13710987	13710865	1.69e-41	171	121	48961560
CaSNP3788	NC_021166.1	91.870	123	8	2	1	121	16983908	16983786	1.69e-41	171	121	48961560
CaSNP3788	NC_021166.1	93.103	116	8	0	1	116	20177718	20177603	1.69e-41	171	121	48961560
CaSNP3788	NC_021166.1	91.870	123	8	2	1	121	25967690	25967812	1.69e-41	171	121	48961560
CaSNP3788	NC_021166.1	91.870	123	8	2	1	121	33940387	33940509	1.69e-41	171	121	48961560
CaSNP3788	NC_021166.1	91.736	121	10	0	1	121	563038	562918	6.07e-41	169	121	48961560
CaSNP3788	NC_021166.1	91.736	121	10	0	1	121	12277670	12277550	6.07e-41	169	121	48961560
CaSNP3788	NC_021166.1	91.736	121	10	0	1	121	23252165	23252045	6.07e-41	169	121	48961560
CaSNP3788	NC_021166.1	91.736	121	10	0	1	121	23913618	23913498	6.07e-41	169	121	48961560
CaSNP3788	NC_021166.1	91.736	121	10	0	1	121	24468371	24468251	6.07e-41	169	121	48961560
CaSNP3788	NC_021166.1	91.736	121	10	0	1	121	25359314	25359194	6.07e-41	169	121	48961560
CaSNP3788	NC_021166.1	91.736	121	10	0	1	121	27905709	27905829	6.07e-41	169	121	48961560
CaSNP3788	NC_021166.1	91.736	121	10	0	1	121	28069336	28069456	6.07e-41	169	121	48961560
CaSNP3788	NC_021166.1	91.736	121	10	0	1	121	28133970	28134090	6.07e-41	169	121	48961560
CaSNP3788	NC_021166.1	91.736	121	10	0	1	121	39878391	39878271	6.07e-41	169	121	48961560
CaSNP3788	NC_021166.1	91.736	121	10	0	1	121	40857686	40857566	6.07e-41	169	121	48961560
CaSNP3788	NC_021166.1	91.736	121	10	0	1	121	42788940	42789060	6.07e-41	169	121	48961560
CaSNP3788	NC_021166.1	91.736	121	10	0	1	121	43015456	43015576	6.07e-41	169	121	48961560
CaSNP3788	NC_021166.1	91.736	121	10	0	1	121	43680311	43680191	6.07e-41	169	121	48961560
CaSNP3788	NC_021166.1	91.736	121	10	0	1	121	43965192	43965312	6.07e-41	169	121	48961560
CaSNP3788	NC_021166.1	91.736	121	10	0	1	121	44247055	44246935	6.07e-41	169	121	48961560
CaSNP3788	NC_021166.1	91.736	121	10	0	1	121	44676938	44677058	6.07e-41	169	121	48961560
CaSNP3788	NC_021166.1	91.736	121	10	0	1	121	45131335	45131455	6.07e-41	169	121	48961560
CaSNP3788	NC_021166.1	91.736	121	10	0	1	121	45797937	45797817	6.07e-41	169	121	48961560
CaSNP3788	NC_021166.1	91.736	121	10	0	1	121	47777843	47777723	6.07e-41	169	121	48961560
CaSNP3788	NC_021166.1	91.870	123	6	3	1	121	48790551	48790431	6.07e-41	169	121	48961560
CaSNP3788	NC_021166.1	91.736	121	10	0	1	121	48803847	48803967	6.07e-41	169	121	48961560
CaSNP3788	NC_021166.1	91.736	121	8	2	1	119	25976367	25976487	2.18e-40	167	121	48961560
CaSNP3788	NC_021166.1	91.667	120	10	0	2	121	46368453	46368334	2.18e-40	167	121	48961560
CaSNP3788	NC_021166.1	91.057	123	9	2	1	121	17386679	17386557	7.85e-40	165	121	48961560
CaSNP3788	NC_021166.1	91.057	123	9	2	1	121	23488462	23488340	7.85e-40	165	121	48961560
CaSNP3788	NC_021166.1	91.057	123	9	2	1	121	40902653	40902531	7.85e-40	165	121	48961560
CaSNP3788	NC_021166.1	91.057	123	9	2	1	121	41795472	41795594	7.85e-40	165	121	48961560
CaSNP3788	NC_021166.1	91.057	123	9	2	1	121	41901428	41901306	7.85e-40	165	121	48961560
CaSNP3788	NC_021166.1	91.667	120	8	2	1	118	47470231	47470350	7.85e-40	165	121	48961560
CaSNP3788	NC_021166.1	91.597	119	8	2	1	117	13706742	13706624	2.82e-39	163	121	48961560
CaSNP3788	NC_021166.1	90.909	121	11	0	1	121	14385526	14385646	2.82e-39	163	121	48961560
CaSNP3788	NC_021166.1	90.909	121	11	0	1	121	15093269	15093149	2.82e-39	163	121	48961560
CaSNP3788	NC_021166.1	90.909	121	11	0	1	121	16040363	16040483	2.82e-39	163	121	48961560
CaSNP3788	NC_021166.1	90.909	121	11	0	1	121	23728419	23728539	2.82e-39	163	121	48961560
CaSNP3788	NC_021166.1	90.909	121	11	0	1	121	28143904	28144024	2.82e-39	163	121	48961560
CaSNP3788	NC_021166.1	90.909	121	11	0	1	121	34677273	34677153	2.82e-39	163	121	48961560
CaSNP3788	NC_021166.1	90.909	121	11	0	1	121	37493333	37493453	2.82e-39	163	121	48961560
CaSNP3788	NC_021166.1	90.909	121	11	0	1	121	37825536	37825416	2.82e-39	163	121	48961560
CaSNP3788	NC_021166.1	90.909	121	11	0	1	121	40119286	40119166	2.82e-39	163	121	48961560
CaSNP3788	NC_021166.1	91.057	123	7	4	1	121	40122874	40122754	2.82e-39	163	121	48961560
CaSNP3788	NC_021166.1	90.909	121	11	0	1	121	40345975	40346095	2.82e-39	163	121	48961560
CaSNP3788	NC_021166.1	90.909	121	11	0	1	121	41617666	41617786	2.82e-39	163	121	48961560
CaSNP3788	NC_021166.1	90.909	121	11	0	1	121	42334609	42334729	2.82e-39	163	121	48961560
CaSNP3788	NC_021166.1	90.909	121	11	0	1	121	44670356	44670236	2.82e-39	163	121	48961560
CaSNP3788	NC_021166.1	90.909	121	11	0	1	121	44680584	44680704	2.82e-39	163	121	48961560
CaSNP3788	NC_021166.1	90.909	121	11	0	1	121	47153878	47153758	2.82e-39	163	121	48961560
CaSNP3788	NC_021166.1	91.525	118	10	0	1	118	47483149	47483266	2.82e-39	163	121	48961560
CaSNP3788	NC_021166.1	90.984	122	8	3	1	121	18604833	18604952	1.02e-38	161	121	48961560
CaSNP3788	NC_021166.1	90.909	121	9	2	1	119	22312273	22312393	1.02e-38	161	121	48961560
CaSNP3788	NC_021166.1	92.793	111	8	0	1	111	46985606	46985496	1.02e-38	161	121	48961560
CaSNP3788	NC_021166.1	90.323	124	8	4	1	121	15655593	15655715	3.65e-38	159	121	48961560
CaSNP3788	NC_021166.1	90.244	123	10	2	1	121	17434754	17434632	3.65e-38	159	121	48961560
CaSNP3788	NC_021166.1	90.244	123	10	2	1	121	22976795	22976917	3.65e-38	159	121	48961560
CaSNP3788	NC_021166.1	90.244	123	10	2	1	121	25322321	25322443	3.65e-38	159	121	48961560
CaSNP3788	NC_021166.1	90.244	123	10	2	1	121	45550431	45550553	3.65e-38	159	121	48961560
CaSNP3788	NC_021166.1	90.244	123	10	2	1	121	48069669	48069547	3.65e-38	159	121	48961560
CaSNP3788	NC_021166.1	90.244	123	10	2	1	121	48759424	48759302	3.65e-38	159	121	48961560
CaSNP3788	NC_021166.1	90.083	121	12	0	1	121	6201860	6201740	1.31e-37	158	121	48961560
CaSNP3788	NC_021166.1	90.083	121	12	0	1	121	13295510	13295390	1.31e-37	158	121	48961560
CaSNP3788	NC_021166.1	90.083	121	12	0	1	121	19119314	19119434	1.31e-37	158	121	48961560
CaSNP3788	NC_021166.1	90.083	121	12	0	1	121	26179392	26179512	1.31e-37	158	121	48961560
CaSNP3788	NC_021166.1	90.083	121	12	0	1	121	26788680	26788800	1.31e-37	158	121	48961560
CaSNP3788	NC_021166.1	90.083	121	12	0	1	121	37192771	37192891	1.31e-37	158	121	48961560
CaSNP3788	NC_021166.1	90.083	121	12	0	1	121	43667099	43666979	1.31e-37	158	121	48961560
CaSNP3788	NC_021166.1	90.164	122	10	2	1	121	44666877	44666757	1.31e-37	158	121	48961560
CaSNP3788	NC_021166.1	90.083	121	12	0	1	121	45870112	45869992	1.31e-37	158	121	48961560
CaSNP3788	NC_021166.1	90.083	121	12	0	1	121	46362482	46362362	1.31e-37	158	121	48961560
CaSNP3788	NC_021166.1	90.083	121	10	2	3	121	36342147	36342027	4.73e-37	156	121	48961560
CaSNP3788	NC_021166.1	90.083	121	11	1	1	121	45563799	45563918	4.73e-37	156	121	48961560
CaSNP3788	NC_021166.1	90.816	98	7	2	26	121	25322661	25322758	2.86e-29	130	121	48961560
CaSNP3788	NC_021166.1	94.118	85	4	1	1	84	24375856	24375772	1.03e-28	128	121	48961560
CaSNP3788	NW_004516239.1	95.041	121	6	0	1	121	621963	621843	1.30e-47	191	121	641338
CaSNP3788	NW_004516239.1	93.388	121	8	0	1	121	1208	1328	2.80e-44	180	121	641338
CaSNP3788	NW_004516239.1	92.562	121	9	0	1	121	508200	508320	1.30e-42	174	121	641338
CaSNP3788	NW_004516239.1	92.562	121	9	0	1	121	525660	525780	1.30e-42	174	121	641338
CaSNP3788	NW_004516239.1	91.597	119	8	2	2	118	244252	244370	2.82e-39	163	121	641338
CaSNP3788	NW_004516239.1	94.253	87	4	1	1	86	245391	245305	7.97e-30	132	121	641338
CaSNP3788	NC_021160.1	94.309	123	5	2	1	121	23868864	23868986	1.68e-46	187	121	48359943
CaSNP3788	NC_021160.1	94.215	121	7	0	1	121	5451741	5451621	6.03e-46	185	121	48359943
CaSNP3788	NC_021160.1	94.215	121	7	0	1	121	40753602	40753722	6.03e-46	185	121	48359943
CaSNP3788	NC_021160.1	93.388	121	8	0	1	121	12699918	12700038	2.80e-44	180	121	48359943
CaSNP3788	NC_021160.1	93.388	121	8	0	1	121	17254636	17254756	2.80e-44	180	121	48359943
CaSNP3788	NC_021160.1	93.388	121	8	0	1	121	21700006	21700126	2.80e-44	180	121	48359943
CaSNP3788	NC_021160.1	93.388	121	8	0	1	121	22795854	22795734	2.80e-44	180	121	48359943
CaSNP3788	NC_021160.1	93.388	121	8	0	1	121	24598557	24598677	2.80e-44	180	121	48359943
CaSNP3788	NC_021160.1	93.388	121	8	0	1	121	24604596	24604716	2.80e-44	180	121	48359943
CaSNP3788	NC_021160.1	93.388	121	8	0	1	121	25199102	25199222	2.80e-44	180	121	48359943
CaSNP3788	NC_021160.1	93.388	121	8	0	1	121	25209382	25209502	2.80e-44	180	121	48359943
CaSNP3788	NC_021160.1	93.388	121	8	0	1	121	25213166	25213286	2.80e-44	180	121	48359943
CaSNP3788	NC_021160.1	93.388	121	8	0	1	121	25271079	25270959	2.80e-44	180	121	48359943
CaSNP3788	NC_021160.1	93.388	121	8	0	1	121	25484523	25484403	2.80e-44	180	121	48359943
CaSNP3788	NC_021160.1	93.388	121	8	0	1	121	26498821	26498701	2.80e-44	180	121	48359943
CaSNP3788	NC_021160.1	93.388	121	8	0	1	121	27821095	27821215	2.80e-44	180	121	48359943
CaSNP3788	NC_021160.1	93.388	121	8	0	1	121	32235219	32235099	2.80e-44	180	121	48359943
CaSNP3788	NC_021160.1	93.388	121	8	0	1	121	32922741	32922861	2.80e-44	180	121	48359943
CaSNP3788	NC_021160.1	93.388	121	8	0	1	121	33245038	33244918	2.80e-44	180	121	48359943
CaSNP3788	NC_021160.1	93.388	121	8	0	1	121	33476927	33476807	2.80e-44	180	121	48359943
CaSNP3788	NC_021160.1	93.388	121	8	0	1	121	34240407	34240527	2.80e-44	180	121	48359943
CaSNP3788	NC_021160.1	93.388	121	8	0	1	121	35078813	35078933	2.80e-44	180	121	48359943
CaSNP3788	NC_021160.1	93.388	121	8	0	1	121	36331801	36331921	2.80e-44	180	121	48359943
CaSNP3788	NC_021160.1	93.388	121	8	0	1	121	36341523	36341643	2.80e-44	180	121	48359943
CaSNP3788	NC_021160.1	93.388	121	8	0	1	121	36662670	36662550	2.80e-44	180	121	48359943
CaSNP3788	NC_021160.1	93.388	121	8	0	1	121	36667927	36667807	2.80e-44	180	121	48359943
CaSNP3788	NC_021160.1	93.388	121	8	0	1	121	37704413	37704293	2.80e-44	180	121	48359943
CaSNP3788	NC_021160.1	93.388	121	8	0	1	121	37970763	37970643	2.80e-44	180	121	48359943
CaSNP3788	NC_021160.1	93.388	121	8	0	1	121	37971548	37971428	2.80e-44	180	121	48359943
CaSNP3788	NC_021160.1	93.388	121	8	0	1	121	38238053	38237933	2.80e-44	180	121	48359943
CaSNP3788	NC_021160.1	93.388	121	8	0	1	121	38411506	38411386	2.80e-44	180	121	48359943
CaSNP3788	NC_021160.1	93.388	121	8	0	1	121	39117043	39116923	2.80e-44	180	121	48359943
CaSNP3788	NC_021160.1	93.388	121	8	0	1	121	39125138	39125018	2.80e-44	180	121	48359943
CaSNP3788	NC_021160.1	93.388	121	8	0	1	121	39125339	39125219	2.80e-44	180	121	48359943
CaSNP3788	NC_021160.1	93.388	121	8	0	1	121	39879768	39879888	2.80e-44	180	121	48359943
CaSNP3788	NC_021160.1	93.388	121	8	0	1	121	40244684	40244564	2.80e-44	180	121	48359943
CaSNP3788	NC_021160.1	93.388	121	8	0	1	121	40785732	40785612	2.80e-44	180	121	48359943
CaSNP3788	NC_021160.1	93.388	121	8	0	1	121	43138479	43138599	2.80e-44	180	121	48359943
CaSNP3788	NC_021160.1	93.388	121	8	0	1	121	44731692	44731572	2.80e-44	180	121	48359943
CaSNP3788	NC_021160.1	93.388	121	8	0	1	121	46262679	46262559	2.80e-44	180	121	48359943
CaSNP3788	NC_021160.1	93.388	121	8	0	1	121	46267930	46267810	2.80e-44	180	121	48359943
CaSNP3788	NC_021160.1	93.388	121	6	2	1	119	25198609	25198489	1.01e-43	178	121	48359943
CaSNP3788	NC_021160.1	92.742	124	5	4	1	121	15730082	15729960	3.63e-43	176	121	48359943
CaSNP3788	NC_021160.1	92.683	123	7	2	1	121	29084109	29083987	3.63e-43	176	121	48359943
CaSNP3788	NC_021160.1	92.562	121	9	0	1	121	8318503	8318623	1.30e-42	174	121	48359943
CaSNP3788	NC_021160.1	92.562	121	9	0	1	121	21620331	21620211	1.30e-42	174	121	48359943
CaSNP3788	NC_021160.1	92.562	121	9	0	1	121	21624550	21624430	1.30e-42	174	121	48359943
CaSNP3788	NC_021160.1	92.562	121	9	0	1	121	22801260	22801140	1.30e-42	174	121	48359943
CaSNP3788	NC_021160.1	92.562	121	9	0	1	121	25005036	25004916	1.30e-42	174	121	48359943
CaSNP3788	NC_021160.1	92.562	121	9	0	1	121	25271460	25271580	1.30e-42	174	121	48359943
CaSNP3788	NC_021160.1	92.562	121	9	0	1	121	25802215	25802335	1.30e-42	174	121	48359943
CaSNP3788	NC_021160.1	92.562	121	9	0	1	121	26493124	26493004	1.30e-42	174	121	48359943
CaSNP3788	NC_021160.1	92.562	121	9	0	1	121	29023097	29022977	1.30e-42	174	121	48359943
CaSNP3788	NC_021160.1	92.562	121	9	0	1	121	29027936	29027816	1.30e-42	174	121	48359943
CaSNP3788	NC_021160.1	92.562	121	9	0	1	121	29362348	29362228	1.30e-42	174	121	48359943
CaSNP3788	NC_021160.1	92.562	121	9	0	1	121	32227136	32227016	1.30e-42	174	121	48359943
CaSNP3788	NC_021160.1	92.562	121	9	0	1	121	34623325	34623445	1.30e-42	174	121	48359943
CaSNP3788	NC_021160.1	92.562	121	9	0	1	121	35134177	35134297	1.30e-42	174	121	48359943
CaSNP3788	NC_021160.1	92.562	121	9	0	1	121	35136433	35136553	1.30e-42	174	121	48359943
CaSNP3788	NC_021160.1	92.562	121	9	0	1	121	37553001	37552881	1.30e-42	174	121	48359943
CaSNP3788	NC_021160.1	92.562	121	9	0	1	121	37709483	37709363	1.30e-42	174	121	48359943
CaSNP3788	NC_021160.1	92.562	121	9	0	1	121	38179419	38179299	1.30e-42	174	121	48359943
CaSNP3788	NC_021160.1	92.562	121	9	0	1	121	38358073	38357953	1.30e-42	174	121	48359943
CaSNP3788	NC_021160.1	92.562	121	9	0	1	121	38362142	38362022	1.30e-42	174	121	48359943
CaSNP3788	NC_021160.1	92.562	121	9	0	1	121	38400697	38400577	1.30e-42	174	121	48359943
CaSNP3788	NC_021160.1	92.562	121	9	0	1	121	38417323	38417203	1.30e-42	174	121	48359943
CaSNP3788	NC_021160.1	92.562	121	9	0	1	121	39049952	39049832	1.30e-42	174	121	48359943
CaSNP3788	NC_021160.1	92.562	121	9	0	1	121	39133025	39133145	1.30e-42	174	121	48359943
CaSNP3788	NC_021160.1	92.562	121	9	0	1	121	41801326	41801446	1.30e-42	174	121	48359943
CaSNP3788	NC_021160.1	92.562	121	9	0	1	121	46035410	46035530	1.30e-42	174	121	48359943
CaSNP3788	NC_021160.1	92.500	120	9	0	2	121	40840531	40840412	4.69e-42	172	121	48359943
CaSNP3788	NC_021160.1	92.500	120	9	0	1	120	43180375	43180494	4.69e-42	172	121	48359943
CaSNP3788	NC_021160.1	92.562	121	8	1	1	121	45269734	45269615	4.69e-42	172	121	48359943
CaSNP3788	NC_021160.1	91.935	124	6	4	1	121	19676041	19675919	1.69e-41	171	121	48359943
CaSNP3788	NC_021160.1	91.870	123	8	2	1	121	23864762	23864884	1.69e-41	171	121	48359943
CaSNP3788	NC_021160.1	91.870	123	8	2	1	121	23866837	23866959	1.69e-41	171	121	48359943
CaSNP3788	NC_021160.1	91.870	123	8	2	1	121	44754537	44754659	1.69e-41	171	121	48359943
CaSNP3788	NC_021160.1	91.736	121	10	0	1	121	16018088	16018208	6.07e-41	169	121	48359943
CaSNP3788	NC_021160.1	91.736	121	10	0	1	121	17102225	17102345	6.07e-41	169	121	48359943
CaSNP3788	NC_021160.1	91.736	121	10	0	1	121	20027960	20028080	6.07e-41	169	121	48359943
CaSNP3788	NC_021160.1	91.736	121	10	0	1	121	23066413	23066533	6.07e-41	169	121	48359943
CaSNP3788	NC_021160.1	91.736	121	10	0	1	121	23250083	23250203	6.07e-41	169	121	48359943
CaSNP3788	NC_021160.1	91.736	121	10	0	1	121	24148589	24148469	6.07e-41	169	121	48359943
CaSNP3788	NC_021160.1	91.736	121	10	0	1	121	24376807	24376687	6.07e-41	169	121	48359943
CaSNP3788	NC_021160.1	91.870	123	6	4	1	121	26684747	26684627	6.07e-41	169	121	48359943
CaSNP3788	NC_021160.1	91.736	121	10	0	1	121	30291480	30291600	6.07e-41	169	121	48359943
CaSNP3788	NC_021160.1	91.736	121	10	0	1	121	33459862	33459982	6.07e-41	169	121	48359943
CaSNP3788	NC_021160.1	91.736	121	10	0	1	121	33481016	33480896	6.07e-41	169	121	48359943
CaSNP3788	NC_021160.1	91.736	121	10	0	1	121	33977597	33977477	6.07e-41	169	121	48359943
CaSNP3788	NC_021160.1	91.736	121	10	0	1	121	36877131	36877011	6.07e-41	169	121	48359943
CaSNP3788	NC_021160.1	91.736	121	10	0	1	121	36971577	36971697	6.07e-41	169	121	48359943
CaSNP3788	NC_021160.1	91.736	121	10	0	1	121	37041682	37041562	6.07e-41	169	121	48359943
CaSNP3788	NC_021160.1	91.736	121	10	0	1	121	40240480	40240360	6.07e-41	169	121	48359943
CaSNP3788	NC_021160.1	91.736	121	10	0	1	121	40323234	40323354	6.07e-41	169	121	48359943
CaSNP3788	NC_021160.1	91.736	121	10	0	1	121	40792477	40792357	6.07e-41	169	121	48359943
CaSNP3788	NC_021160.1	91.736	121	10	0	1	121	40822169	40822289	6.07e-41	169	121	48359943
CaSNP3788	NC_021160.1	91.736	121	10	0	1	121	40823764	40823644	6.07e-41	169	121	48359943
CaSNP3788	NC_021160.1	91.736	121	10	0	1	121	40870412	40870292	6.07e-41	169	121	48359943
CaSNP3788	NC_021160.1	91.736	121	10	0	1	121	42233990	42233870	6.07e-41	169	121	48359943
CaSNP3788	NC_021160.1	91.736	121	10	0	1	121	42734833	42734713	6.07e-41	169	121	48359943
CaSNP3788	NC_021160.1	91.736	121	10	0	1	121	42874122	42874002	6.07e-41	169	121	48359943
CaSNP3788	NC_021160.1	91.736	121	10	0	1	121	44461121	44461001	6.07e-41	169	121	48359943
CaSNP3788	NC_021160.1	91.803	122	7	3	1	121	42186809	42186690	2.18e-40	167	121	48359943
CaSNP3788	NC_021160.1	91.057	123	9	2	1	121	19117547	19117669	7.85e-40	165	121	48359943
CaSNP3788	NC_021160.1	91.057	123	9	2	1	121	22608759	22608637	7.85e-40	165	121	48359943
CaSNP3788	NC_021160.1	91.597	119	10	0	3	121	25478938	25478820	7.85e-40	165	121	48359943
CaSNP3788	NC_021160.1	91.057	123	9	2	1	121	28283268	28283146	7.85e-40	165	121	48359943
CaSNP3788	NC_021160.1	91.057	123	9	2	1	121	33935461	33935339	7.85e-40	165	121	48359943
CaSNP3788	NC_021160.1	91.667	120	8	2	1	118	34183291	34183410	7.85e-40	165	121	48359943
CaSNP3788	NC_021160.1	90.909	121	11	0	1	121	23084002	23084122	2.82e-39	163	121	48359943
CaSNP3788	NC_021160.1	91.057	123	7	4	1	121	23106478	23106598	2.82e-39	163	121	48359943
CaSNP3788	NC_021160.1	90.909	121	11	0	1	121	28121204	28121084	2.82e-39	163	121	48359943
CaSNP3788	NC_021160.1	90.909	121	11	0	1	121	29085901	29085781	2.82e-39	163	121	48359943
CaSNP3788	NC_021160.1	91.525	118	10	0	1	118	30491191	30491308	2.82e-39	163	121	48359943
CaSNP3788	NC_021160.1	90.909	121	11	0	1	121	31165929	31165809	2.82e-39	163	121	48359943
CaSNP3788	NC_021160.1	90.909	121	11	0	1	121	31705968	31705848	2.82e-39	163	121	48359943
CaSNP3788	NC_021160.1	90.909	121	11	0	1	121	31872653	31872533	2.82e-39	163	121	48359943
CaSNP3788	NC_021160.1	90.909	121	11	0	1	121	33970705	33970825	2.82e-39	163	121	48359943
CaSNP3788	NC_021160.1	90.909	121	11	0	1	121	35603347	35603467	2.82e-39	163	121	48359943
CaSNP3788	NC_021160.1	90.909	121	11	0	1	121	35645452	35645572	2.82e-39	163	121	48359943
CaSNP3788	NC_021160.1	90.909	121	11	0	1	121	39859622	39859502	2.82e-39	163	121	48359943
CaSNP3788	NC_021160.1	90.909	121	10	1	1	121	32779265	32779384	1.02e-38	161	121	48359943
CaSNP3788	NC_021160.1	90.909	121	9	2	1	119	46301026	46300906	1.02e-38	161	121	48359943
CaSNP3788	NC_021160.1	90.244	123	10	2	1	121	23451716	23451838	3.65e-38	159	121	48359943
CaSNP3788	NC_021160.1	90.833	120	9	2	1	118	30539149	30539030	3.65e-38	159	121	48359943
CaSNP3788	NC_021160.1	90.244	123	10	2	1	121	32434905	32434783	3.65e-38	159	121	48359943
CaSNP3788	NC_021160.1	90.244	123	10	2	1	121	35431148	35431270	3.65e-38	159	121	48359943
CaSNP3788	NC_021160.1	90.244	123	10	2	1	121	45707888	45707766	3.65e-38	159	121	48359943
CaSNP3788	NC_021160.1	90.083	121	12	0	1	121	26550302	26550422	1.31e-37	158	121	48359943
CaSNP3788	NC_021160.1	90.833	120	7	4	1	117	26901870	26901752	1.31e-37	158	121	48359943
CaSNP3788	NC_021160.1	90.083	121	12	0	1	121	27816163	27816283	1.31e-37	158	121	48359943
CaSNP3788	NC_021160.1	90.083	121	12	0	1	121	31333349	31333229	1.31e-37	158	121	48359943
CaSNP3788	NC_021160.1	90.083	121	12	0	1	121	31481775	31481895	1.31e-37	158	121	48359943
CaSNP3788	NC_021160.1	90.083	121	12	0	1	121	31626776	31626896	1.31e-37	158	121	48359943
CaSNP3788	NC_021160.1	90.083	121	12	0	1	121	33913016	33912896	1.31e-37	158	121	48359943
CaSNP3788	NC_021160.1	90.083	121	12	0	1	121	38241601	38241481	1.31e-37	158	121	48359943
CaSNP3788	NC_021160.1	90.164	122	8	4	1	119	40874274	40874394	4.73e-37	156	121	48359943
CaSNP3788	NC_021160.1	90.598	117	9	2	1	115	30615660	30615544	1.70e-36	154	121	48359943
CaSNP3788	NC_021160.1	90.265	113	11	0	9	121	38237869	38237757	7.91e-35	148	121	48359943
CaSNP3788	NC_021160.1	90.323	93	7	2	1	91	39408457	39408365	1.72e-26	121	121	48359943
CaSNP3788	NC_021160.1	90.000	90	9	0	1	90	23254445	23254534	2.23e-25	117	121	48359943
CaSNP3788	NC_021160.1	96.552	58	2	0	1	58	26502486	26502429	2.91e-19	97.1	121	48359943
CaSNP3788	NC_021160.1	96.226	53	2	0	69	121	24152339	24152287	1.75e-16	87.9	121	48359943
CaSNP3788	NW_004516558.1	94.215	121	7	0	1	121	574709	574589	6.03e-46	185	121	770158
CaSNP3788	NW_004516558.1	93.388	121	8	0	1	121	643641	643521	2.80e-44	180	121	770158
CaSNP3788	NW_004516558.1	92.562	121	9	0	1	121	630029	629909	1.30e-42	174	121	770158
CaSNP3788	NW_004516558.1	91.736	121	10	0	1	121	635850	635730	6.07e-41	169	121	770158
CaSNP3788	NW_004516558.1	91.057	123	9	2	1	121	43679	43557	7.85e-40	165	121	770158
CaSNP3788	NW_004516141.1	94.215	121	7	0	1	121	239171	239051	6.03e-46	185	121	339225
CaSNP3788	NW_004516141.1	93.388	121	8	0	1	121	228587	228467	2.80e-44	180	121	339225
CaSNP3788	NW_004516141.1	92.500	120	7	2	1	118	206490	206609	1.69e-41	171	121	339225
CaSNP3788	NW_004516141.1	91.057	123	9	2	1	121	1793	1915	7.85e-40	165	121	339225
CaSNP3788	NW_004516141.1	90.909	121	11	0	1	121	194412	194292	2.82e-39	163	121	339225
CaSNP4032	NC_021166.1	99.174	121	1	0	1	121	41799867	41799747	5.94e-56	219	121	48961560
CaSNP3483	NW_004516871.1	100.000	121	0	0	1	121	304473	304353	1.28e-57	224	121	633127
CaSNP2867	NC_021166.1	100.000	121	0	0	1	121	25310527	25310647	1.28e-57	224	121	48961560
CaSNP2867	NW_004515786.1	94.393	107	6	0	15	121	427238	427344	7.85e-40	165	121	457672
CaSNP2867	NC_021160.1	90.435	115	11	0	7	121	36026607	36026493	6.11e-36	152	121	48359943
CaSNP2867	NW_004516782.1	90.351	114	11	0	8	121	11605	11492	2.20e-35	150	121	251638
CaSNP2592	NC_021166.1	100.000	121	0	0	1	121	22108613	22108733	1.28e-57	224	121	48961560
CaSNP4288	NC_021166.1	100.000	121	0	0	1	121	43535185	43535305	1.28e-57	224	121	48961560
CaSNP3195	NC_021166.1	100.000	121	0	0	1	121	42966348	42966468	1.28e-57	224	121	48961560
CaSNP2691	NC_021166.1	99.174	121	1	0	1	121	46475216	46475336	5.94e-56	219	121	48961560
CaSNP3487	NW_004515920.1	99.174	121	1	0	1	121	64105	64225	5.94e-56	219	121	531549
CaSNP4548	NW_004515825.1	100.000	121	0	0	1	121	29147	29027	1.28e-57	224	121	243507
CaSNP2299	NC_021166.1	100.000	121	0	0	1	121	23918007	23917887	1.28e-57	224	121	48961560
CaSNP2299	NC_021164.1	90.517	116	11	0	6	121	9790773	9790658	1.70e-36	154	121	48169137
CaSNP3638	NC_021166.1	99.174	121	1	0	1	121	47699971	47699851	5.94e-56	219	121	48961560
CaSNP3645	NC_021166.1	100.000	121	0	0	1	121	46847351	46847471	1.28e-57	224	121	48961560
CaSNP4814	NW_004516665.1	99.180	122	0	1	1	121	122979	123100	5.94e-56	219	121	372716
CaSNP4252	NC_021166.1	99.167	120	1	0	2	121	27596718	27596599	2.14e-55	217	121	48961560
CaSNP4252	NC_021166.1	94.167	120	7	0	2	121	37781435	37781554	2.17e-45	183	121	48961560
CaSNP4252	NC_021166.1	93.966	116	7	0	2	117	15333236	15333351	3.63e-43	176	121	48961560
CaSNP4252	NC_021166.1	93.966	116	7	0	2	117	42981675	42981560	3.63e-43	176	121	48961560
CaSNP4252	NC_021166.1	94.595	111	6	0	2	112	28179199	28179309	4.69e-42	172	121	48961560
CaSNP4252	NC_021166.1	92.500	120	9	0	2	121	43036206	43036325	4.69e-42	172	121	48961560
CaSNP4252	NC_021166.1	92.500	120	9	0	2	121	43869446	43869565	4.69e-42	172	121	48961560
CaSNP4252	NC_021166.1	92.500	120	9	0	2	121	45920566	45920685	4.69e-42	172	121	48961560
CaSNP4252	NC_021166.1	92.500	120	9	0	2	121	46197948	46198067	4.69e-42	172	121	48961560
CaSNP4252	NC_021166.1	91.803	122	8	1	2	121	26576592	26576471	6.07e-41	169	121	48961560
CaSNP4252	NC_021166.1	90.833	120	11	0	2	121	21498850	21498969	1.02e-38	161	121	48961560
CaSNP4252	NC_021166.1	90.000	120	12	0	2	121	23413592	23413711	4.73e-37	156	121	48961560
CaSNP4252	NC_021166.1	90.000	120	12	0	2	121	23417745	23417864	4.73e-37	156	121	48961560
CaSNP4252	NC_021166.1	90.000	120	12	0	2	121	40607603	40607722	4.73e-37	156	121	48961560
CaSNP4252	NC_021166.1	90.517	116	11	0	2	117	34524984	34524869	1.70e-36	154	121	48961560
CaSNP4252	NC_021166.1	90.517	116	11	0	2	117	46382864	46382749	1.70e-36	154	121	48961560
CaSNP4252	NC_021166.1	90.083	121	7	2	2	117	27956920	27957040	6.11e-36	152	121	48961560
CaSNP4252	NC_021164.1	95.833	120	5	0	2	121	16665757	16665638	1.00e-48	195	121	48169137
CaSNP4252	NC_021164.1	95.000	120	6	0	2	121	10708540	10708421	4.66e-47	189	121	48169137
CaSNP4252	NC_021164.1	93.333	120	8	0	2	121	5789689	5789808	1.01e-43	178	121	48169137
CaSNP4252	NC_021164.1	93.333	120	8	0	2	121	10656856	10656975	1.01e-43	178	121	48169137
CaSNP4252	NC_021164.1	94.737	114	5	1	5	117	7565701	7565588	3.63e-43	176	121	48169137
CaSNP4252	NC_021164.1	93.966	116	7	0	2	117	17923128	17923013	3.63e-43	176	121	48169137
CaSNP4252	NC_021164.1	92.562	121	7	2	2	121	17586286	17586167	4.69e-42	172	121	48169137
CaSNP4252	NC_021164.1	93.103	116	8	0	2	117	18778466	18778581	1.69e-41	171	121	48169137
CaSNP4252	NC_021164.1	93.043	115	8	0	3	117	3117316	3117202	6.07e-41	169	121	48169137
CaSNP4252	NC_021164.1	92.241	116	9	0	2	117	7236943	7236828	7.85e-40	165	121	48169137
CaSNP4252	NC_021164.1	90.833	120	11	0	2	121	15441680	15441799	1.02e-38	161	121	48169137
CaSNP4252	NC_021164.1	90.833	120	11	0	2	121	23766266	23766385	1.02e-38	161	121	48169137
CaSNP4252	NC_021164.1	91.379	116	10	0	2	117	6401247	6401362	3.65e-38	159	121	48169137
CaSNP4252	NC_021164.1	91.379	116	10	0	2	117	18955115	18955000	3.65e-38	159	121	48169137
CaSNP4252	NC_021164.1	90.000	120	12	0	2	121	16861393	16861274	4.73e-37	156	121	48169137
CaSNP4252	NC_021164.1	90.083	121	11	1	2	121	19533902	19534022	4.73e-37	156	121	48169137
CaSNP4252	NC_021164.1	90.000	120	12	0	2	121	27416512	27416631	4.73e-37	156	121	48169137
CaSNP4252	NC_021164.1	91.304	69	5	1	54	121	15273239	15273307	3.76e-18	93.5	121	48169137
CaSNP4252	NW_004515786.1	95.041	121	5	1	2	121	210454	210574	4.66e-47	189	121	457672
CaSNP4252	NC_021165.1	95.000	120	6	0	2	121	39872803	39872684	4.66e-47	189	121	59463898
CaSNP4252	NC_021165.1	94.167	120	7	0	2	121	32581482	32581601	2.17e-45	183	121	59463898
CaSNP4252	NC_021165.1	94.215	121	6	1	2	121	50181942	50181822	2.17e-45	183	121	59463898
CaSNP4252	NC_021165.1	93.333	120	8	0	2	121	59087	59206	1.01e-43	178	121	59463898
CaSNP4252	NC_021165.1	92.562	121	8	1	2	121	34020005	34020125	4.69e-42	172	121	59463898
CaSNP4252	NC_021165.1	92.500	120	9	0	2	121	39338119	39338238	4.69e-42	172	121	59463898
CaSNP4252	NC_021165.1	92.500	120	9	0	2	121	50170067	50169948	4.69e-42	172	121	59463898
CaSNP4252	NC_021165.1	92.500	120	9	0	2	121	55558806	55558687	4.69e-42	172	121	59463898
CaSNP4252	NC_021165.1	93.103	116	8	0	2	117	29594665	29594780	1.69e-41	171	121	59463898
CaSNP4252	NC_021165.1	93.103	116	8	0	2	117	31276907	31277022	1.69e-41	171	121	59463898
CaSNP4252	NC_021165.1	91.667	120	10	0	2	121	30615012	30615131	2.18e-40	167	121	59463898
CaSNP4252	NC_021165.1	92.241	116	9	0	2	117	94846	94961	7.85e-40	165	121	59463898
CaSNP4252	NC_021165.1	92.241	116	9	0	2	117	46755704	46755819	7.85e-40	165	121	59463898
CaSNP4252	NC_021165.1	91.379	116	10	0	2	117	35440871	35440986	3.65e-38	159	121	59463898
CaSNP4252	NC_021165.1	91.379	116	10	0	2	117	41530691	41530576	3.65e-38	159	121	59463898
CaSNP4252	NC_021165.1	90.000	120	12	0	2	121	41399941	41399822	4.73e-37	156	121	59463898
CaSNP4252	NC_021165.1	90.179	112	11	0	10	121	25221094	25220983	2.84e-34	147	121	59463898
CaSNP4252	NC_021160.1	95.690	116	5	0	2	117	46004678	46004563	1.68e-46	187	121	48359943
CaSNP4252	NC_021160.1	93.333	120	8	0	2	121	30653882	30654001	1.01e-43	178	121	48359943
CaSNP4252	NC_021160.1	93.333	120	8	0	2	121	32448000	32447881	1.01e-43	178	121	48359943
CaSNP4252	NC_021160.1	93.333	120	8	0	2	121	34628479	34628360	1.01e-43	178	121	48359943
CaSNP4252	NC_021160.1	93.333	120	8	0	2	121	35011351	35011232	1.01e-43	178	121	48359943
CaSNP4252	NC_021160.1	92.500	120	9	0	2	121	24419756	24419875	4.69e-42	172	121	48359943
CaSNP4252	NC_021160.1	92.500	120	9	0	2	121	26345360	26345479	4.69e-42	172	121	48359943
CaSNP4252	NC_021160.1	92.500	120	9	0	2	121	32447403	32447284	4.69e-42	172	121	48359943
CaSNP4252	NC_021160.1	92.500	120	9	0	2	121	37593206	37593087	4.69e-42	172	121	48359943
CaSNP4252	NC_021160.1	92.500	120	7	1	2	121	26278605	26278722	1.69e-41	171	121	48359943
CaSNP4252	NC_021160.1	92.500	120	8	1	2	121	31902505	31902623	1.69e-41	171	121	48359943
CaSNP4252	NC_021160.1	91.803	122	8	1	2	121	33565890	33566011	6.07e-41	169	121	48359943
CaSNP4252	NC_021160.1	91.667	120	10	0	2	121	19242974	19242855	2.18e-40	167	121	48359943
CaSNP4252	NC_021160.1	91.667	120	10	0	2	121	24739093	24738974	2.18e-40	167	121	48359943
CaSNP4252	NC_021160.1	91.736	121	9	1	2	121	43039255	43039375	2.18e-40	167	121	48359943
CaSNP4252	NC_021160.1	90.984	122	9	1	2	121	33481662	33481783	2.82e-39	163	121	48359943
CaSNP4252	NC_021160.1	90.833	120	11	0	2	121	35694784	35694903	1.02e-38	161	121	48359943
CaSNP4252	NC_021160.1	90.833	120	11	0	2	121	42502088	42501969	1.02e-38	161	121	48359943
CaSNP4252	NC_021160.1	91.379	116	10	0	2	117	28768193	28768308	3.65e-38	159	121	48359943
CaSNP4252	NC_021160.1	90.000	120	12	0	2	121	44311757	44311638	4.73e-37	156	121	48359943
CaSNP4252	NC_021160.1	90.000	120	10	2	2	121	31544630	31544513	1.70e-36	154	121	48359943
CaSNP4252	NC_021160.1	92.929	99	7	0	2	100	28767799	28767897	1.02e-33	145	121	48359943
CaSNP2396	NW_004516665.1	100.000	121	0	0	1	121	188281	188401	1.28e-57	224	121	372716
CaSNP2396	NW_004516665.1	90.083	121	12	0	1	121	194570	194690	1.31e-37	158	121	372716
CaSNP2396	NW_004515676.1	93.860	114	7	0	1	114	407913	407800	4.69e-42	172	121	452018
CaSNP2396	NC_021165.1	92.982	114	8	0	1	114	31820318	31820205	2.18e-40	167	121	59463898
CaSNP2396	NC_021165.1	92.105	114	9	0	1	114	31820044	31819931	1.02e-38	161	121	59463898
CaSNP2396	NC_021165.1	91.228	114	10	0	1	114	27769451	27769338	4.73e-37	156	121	59463898
CaSNP2396	NC_021165.1	91.228	114	10	0	1	114	31820455	31820342	4.73e-37	156	121	59463898
CaSNP2396	NC_021165.1	91.803	61	5	0	13	73	38989728	38989668	6.29e-16	86.1	121	59463898
CaSNP2396	NC_021162.1	92.982	114	8	0	1	114	10258717	10258604	2.18e-40	167	121	39989001
CaSNP2396	NW_004516269.1	90.909	121	11	0	1	121	354167	354287	2.82e-39	163	121	725006
CaSNP2396	NW_004516269.1	92.105	114	9	0	1	114	396684	396797	1.02e-38	161	121	725006
CaSNP4532	NC_021166.1	100.000	121	0	0	1	121	25158957	25158837	1.28e-57	224	121	48961560
CaSNP2263	NC_021161.1	97.541	122	2	1	1	121	9695858	9695737	1.29e-52	207	121	36634854
CaSNP2671	NC_021166.1	100.000	121	0	0	1	121	21576895	21576775	1.28e-57	224	121	48961560
CaSNP3960	NW_004515920.1	99.174	121	1	0	1	121	44338	44458	5.94e-56	219	121	531549
CaSNP4960	NC_021166.1	100.000	121	0	0	1	121	23170847	23170967	1.28e-57	224	121	48961560
CaSNP2700	NC_021166.1	99.174	121	1	0	1	121	26105514	26105394	5.94e-56	219	121	48961560
CaSNP4562	NW_004515641.1	99.174	121	1	0	1	121	62608	62488	5.94e-56	219	121	126586
CaSNP2775	NC_021166.1	100.000	121	0	0	1	121	48251322	48251202	1.28e-57	224	121	48961560
CaSNP3176	NC_021166.1	100.000	121	0	0	1	121	22180770	22180650	1.28e-57	224	121	48961560
CaSNP3176	NC_021166.1	100.000	121	0	0	1	121	22183742	22183622	1.28e-57	224	121	48961560
CaSNP3971	NC_021166.1	99.174	121	1	0	1	121	21849492	21849372	5.94e-56	219	121	48961560
CaSNP3971	NC_021166.1	91.818	110	8	1	1	109	27702426	27702535	6.11e-36	152	121	48961560
CaSNP3971	NC_021166.1	90.741	108	9	1	2	108	45346230	45346337	3.68e-33	143	121	48961560
CaSNP3971	NW_004516028.1	92.523	107	7	1	4	109	246358	246252	6.11e-36	152	121	569399
CaSNP3971	NW_004516803.1	91.743	109	7	2	1	108	130620	130513	2.20e-35	150	121	469388
CaSNP3971	NW_004516272.1	91.667	108	8	1	2	108	210075	210182	7.91e-35	148	121	309189
CaSNP3971	NW_004516527.1	90.909	110	9	1	2	110	427135	427244	2.84e-34	147	121	527071
CaSNP3971	NW_004516527.1	90.741	108	9	1	2	108	422406	422513	3.68e-33	143	121	527071
CaSNP4003	NC_021166.1	100.000	121	0	0	1	121	21696430	21696310	1.28e-57	224	121	48961560
CaSNP3409	NW_004516871.1	100.000	121	0	0	1	121	421033	421153	1.28e-57	224	121	633127
CaSNP3376	NC_021166.1	99.174	121	1	0	1	121	24408680	24408560	5.94e-56	219	121	48961560
CaSNP3376	NC_021166.1	90.083	121	12	0	1	121	604085	604205	1.31e-37	158	121	48961560
CaSNP3376	NW_004515816.1	91.736	121	10	0	1	121	106994	106874	6.07e-41	169	121	211282
CaSNP3376	NC_021160.1	90.909	121	11	0	1	121	27992659	27992779	2.82e-39	163	121	48359943
CaSNP3376	NC_021165.1	90.598	117	11	0	5	121	26181032	26181148	4.73e-37	156	121	59463898
CaSNP3938	NC_021166.1	99.174	121	1	0	1	121	27216071	27216191	5.94e-56	219	121	48961560
CaSNP4034	NC_021166.1	100.000	121	0	0	1	121	21864102	21864222	1.28e-57	224	121	48961560
CaSNP4286	NC_021166.1	100.000	121	0	0	1	121	24369811	24369931	1.28e-57	224	121	48961560
CaSNP4423	NW_004516723.1	100.000	121	0	0	1	121	151894	151774	1.28e-57	224	121	337745
CaSNP3720	NW_004516665.1	100.000	121	0	0	1	121	308209	308329	1.28e-57	224	121	372716
CaSNP4255	NW_004516113.1	99.174	121	1	0	1	121	25116	24996	5.94e-56	219	121	244576
CaSNP2361	NW_004516364.1	100.000	121	0	0	1	121	274639	274519	1.28e-57	224	121	344705
CaSNP3467	NW_004517928.1	100.000	121	0	0	1	121	107516	107396	1.28e-57	224	121	222489
CaSNP4110	NC_021166.1	100.000	121	0	0	1	121	26555124	26555244	1.28e-57	224	121	48961560
CaSNP2853	NW_004515944.1	99.174	121	1	0	1	121	213042	213162	5.94e-56	219	121	794999
CaSNP3702	NC_021166.1	99.174	121	1	0	1	121	47081004	47080884	5.94e-56	219	121	48961560
CaSNP3206	NC_021166.1	100.000	121	0	0	1	121	46286049	46285929	1.28e-57	224	121	48961560
CaSNP4734	NC_021162.1	100.000	121	0	0	1	121	2388060	2388180	1.28e-57	224	121	39989001
CaSNP4445	NC_021166.1	99.174	121	1	0	1	121	24179686	24179806	5.94e-56	219	121	48961560
CaSNP4445	NC_021165.1	90.083	121	12	0	1	121	44359343	44359463	1.31e-37	158	121	59463898
CaSNP3379	NC_021166.1	99.174	121	1	0	1	121	44455196	44455076	5.94e-56	219	121	48961560
CaSNP2950	NC_021166.1	100.000	121	0	0	1	121	44413161	44413041	1.28e-57	224	121	48961560
CaSNP2950	NC_021166.1	90.909	121	11	0	1	121	4988637	4988517	2.82e-39	163	121	48961560
CaSNP2950	NC_021166.1	90.083	121	12	0	1	121	18512540	18512660	1.31e-37	158	121	48961560
CaSNP2950	NC_021167.1	93.333	120	8	0	2	121	15156280	15156399	1.01e-43	178	121	16477302
CaSNP2950	NC_021165.1	92.500	120	9	0	2	121	18343566	18343447	4.69e-42	172	121	59463898
CaSNP2950	NC_021165.1	91.667	120	10	0	2	121	16427579	16427698	2.18e-40	167	121	59463898
CaSNP2950	NC_021165.1	90.909	121	11	0	1	121	11709679	11709559	2.82e-39	163	121	59463898
CaSNP2950	NC_021165.1	90.909	121	11	0	1	121	32603287	32603167	2.82e-39	163	121	59463898
CaSNP2950	NC_021165.1	90.083	121	12	0	1	121	37295488	37295368	1.31e-37	158	121	59463898
CaSNP2950	NC_021165.1	93.548	62	4	0	2	63	15160946	15161007	3.76e-18	93.5	121	59463898
CaSNP2950	NW_004516544.1	91.667	120	10	0	2	121	67319	67200	2.18e-40	167	121	99279
CaSNP2950	NW_004516237.1	91.667	120	10	0	2	121	119934	120053	2.18e-40	167	121	121971
CaSNP3426	NC_021166.1	99.174	121	1	0	1	121	39897364	39897244	5.94e-56	219	121	48961560
CaSNP4977	NC_021166.1	100.000	121	0	0	1	121	24517109	24517229	1.28e-57	224	121	48961560
CaSNP3695	NC_021166.1	100.000	121	0	0	1	121	41373068	41373188	1.28e-57	224	121	48961560
CaSNP3695	NC_021165.1	94.215	121	7	0	1	121	49687160	49687040	6.03e-46	185	121	59463898
CaSNP3695	NC_021161.1	94.215	121	7	0	1	121	4877172	4877052	6.03e-46	185	121	36634854
CaSNP3695	NC_021160.1	94.215	121	7	0	1	121	29609216	29609096	6.03e-46	185	121	48359943
CaSNP3695	NC_021160.1	94.215	121	7	0	1	121	29611856	29611736	6.03e-46	185	121	48359943
CaSNP3695	NC_021160.1	94.215	121	7	0	1	121	38484066	38483946	6.03e-46	185	121	48359943
CaSNP3695	NC_021164.1	91.525	118	10	0	1	118	6486503	6486386	2.82e-39	163	121	48169137
CaSNP1967	NC_021166.1	99.174	121	1	0	1	121	23431074	23431194	5.94e-56	219	121	48961560
CaSNP3192	NC_021166.1	99.174	121	1	0	1	121	40546768	40546888	5.94e-56	219	121	48961560
CaSNP4421	NC_021166.1	100.000	121	0	0	1	121	42762422	42762302	1.28e-57	224	121	48961560
CaSNP2530	NC_021166.1	99.174	121	1	0	1	121	42244966	42244846	5.94e-56	219	121	48961560
CaSNP2677	NC_021166.1	100.000	121	0	0	1	121	22976394	22976514	1.28e-57	224	121	48961560
CaSNP2677	NC_021166.1	90.667	75	6	1	1	74	38085053	38084979	8.08e-20	99.0	121	48961560
CaSNP2677	NC_021166.1	90.667	75	6	1	1	74	38089298	38089224	8.08e-20	99.0	121	48961560
CaSNP2677	NC_021164.1	93.333	75	4	1	1	74	832371	832445	3.73e-23	110	121	48169137
CaSNP2677	NC_021160.1	92.000	75	5	1	1	74	23832254	23832328	1.74e-21	104	121	48359943
CaSNP2677	NC_021163.1	90.667	75	6	1	1	74	25538307	25538381	8.08e-20	99.0	121	49191682
CaSNP2677	NW_004515896.1	90.909	66	6	0	1	66	100915	100980	4.86e-17	89.8	121	602960
CaSNP4450	NC_021166.1	100.000	121	0	0	1	121	40407395	40407275	1.28e-57	224	121	48961560
CaSNP2324	NW_004516871.1	99.174	121	1	0	1	121	506565	506445	5.94e-56	219	121	633127
CaSNP3629	NC_021166.1	99.174	121	1	0	1	121	40634401	40634521	5.94e-56	219	121	48961560
CaSNP2611	NC_021166.1	100.000	121	0	0	1	121	27739049	27739169	1.28e-57	224	121	48961560
CaSNP2740	NC_021166.1	99.174	121	1	0	1	121	39786792	39786672	5.94e-56	219	121	48961560
CaSNP4432	NW_004515637.1	100.000	121	0	0	1	121	176155	176035	1.28e-57	224	121	541238
CaSNP4432	NW_004515637.1	100.000	53	0	0	69	121	187153	187101	8.08e-20	99.0	121	541238
CaSNP3036	NC_021166.1	100.000	121	0	0	1	121	25192947	25192827	1.28e-57	224	121	48961560
CaSNP3036	NC_021161.1	93.388	121	8	0	1	121	3059538	3059658	2.80e-44	180	121	36634854
CaSNP3036	NC_021161.1	93.388	121	8	0	1	121	3061053	3061173	2.80e-44	180	121	36634854
CaSNP3036	NC_021160.1	91.736	121	10	0	1	121	40628964	40629084	6.07e-41	169	121	48359943
CaSNP3036	NW_004517305.1	90.909	121	11	0	1	121	26762	26882	2.82e-39	163	121	108465
CaSNP3036	NW_004517205.1	90.083	121	12	0	1	121	118379	118259	1.31e-37	158	121	225302
CaSNP3943	NC_021166.1	100.000	121	0	0	1	121	45889620	45889740	1.28e-57	224	121	48961560
CaSNP5137	NW_004517092.1	100.000	121	0	0	1	121	61079	61199	1.28e-57	224	121	192404
CaSNP3121	NC_021166.1	100.000	121	0	0	1	121	26869834	26869954	1.28e-57	224	121	48961560
CaSNP3121	NC_021160.1	97.170	106	3	0	1	106	28187523	28187628	2.80e-44	180	121	48359943
CaSNP3188	NW_004515920.1	99.174	121	1	0	1	121	174739	174619	5.94e-56	219	121	531549
CaSNP4754	NC_021162.1	100.000	121	0	0	1	121	2489205	2489085	1.28e-57	224	121	39989001
CaSNP4724	NW_004515863.1	100.000	121	0	0	1	121	70035	69915	1.28e-57	224	121	189017
CaSNP4873	NC_021166.1	100.000	121	0	0	1	121	22042470	22042590	1.28e-57	224	121	48961560
CaSNP4667	NW_004516955.1	100.000	121	0	0	1	121	28221	28341	1.28e-57	224	121	144242
CaSNP4667	NC_021164.1	94.215	121	7	0	1	121	4545642	4545522	6.03e-46	185	121	48169137
CaSNP4667	NW_004518990.1	93.388	121	8	0	1	121	72353	72233	2.80e-44	180	121	74806
CaSNP2266	NW_004516113.1	99.174	121	1	0	1	121	142187	142067	5.94e-56	219	121	244576
CaSNP4981	NC_021166.1	100.000	121	0	0	1	121	27613965	27614085	1.28e-57	224	121	48961560
CaSNP4981	NC_021166.1	93.220	118	8	0	4	121	27796503	27796620	1.30e-42	174	121	48961560
CaSNP4981	NC_021160.1	94.215	121	7	0	1	121	23246647	23246767	6.03e-46	185	121	48359943
CaSNP4981	NC_021160.1	93.388	121	8	0	1	121	23238517	23238637	2.80e-44	180	121	48359943
CaSNP4981	NC_021162.1	92.373	118	9	0	4	121	4541880	4541763	6.07e-41	169	121	39989001
CaSNP4981	NC_021162.1	92.857	112	8	0	10	121	17450725	17450614	2.82e-39	163	121	39989001
CaSNP4981	NC_021165.1	91.525	118	10	0	4	121	47057332	47057215	2.82e-39	163	121	59463898
CaSNP4981	NC_021165.1	91.453	117	10	0	5	121	30388647	30388531	1.02e-38	161	121	59463898
CaSNP4981	NC_021165.1	90.083	121	12	0	1	121	41479772	41479892	1.31e-37	158	121	59463898
CaSNP4234	NW_004515920.1	99.174	121	1	0	1	121	483680	483800	5.94e-56	219	121	531549
CaSNP3448	NC_021166.1	100.000	121	0	0	1	121	43632344	43632464	1.28e-57	224	121	48961560
CaSNP4076	NC_021166.1	100.000	121	0	0	1	121	45481127	45481247	1.28e-57	224	121	48961560
CaSNP3387	NC_021166.1	100.000	121	0	0	1	121	26523171	26523291	1.28e-57	224	121	48961560
CaSNP3743	NC_021166.1	99.174	121	1	0	1	121	48239350	48239230	5.94e-56	219	121	48961560
CaSNP2081	NC_021166.1	99.174	121	1	0	1	121	22677702	22677582	5.94e-56	219	121	48961560
CaSNP2645	NC_021166.1	99.174	121	1	0	1	121	47383667	47383787	5.94e-56	219	121	48961560
CaSNP3344	NC_021166.1	99.174	121	1	0	1	121	24645669	24645789	5.94e-56	219	121	48961560
CaSNP4388	NW_004517928.1	99.174	121	1	0	1	121	44454	44574	5.94e-56	219	121	222489
CaSNP4638	NC_021166.1	99.174	121	1	0	1	121	22539920	22539800	5.94e-56	219	121	48961560
CaSNP5147	NC_021166.1	99.174	121	1	0	1	121	40484979	40484859	5.94e-56	219	121	48961560
CaSNP4454	NC_021166.1	100.000	121	0	0	1	121	43857944	43858064	1.28e-57	224	121	48961560
CaSNP4454	NC_021166.1	90.083	121	12	0	1	121	23080326	23080206	1.31e-37	158	121	48961560
CaSNP4454	NW_004515973.1	93.388	121	8	0	1	121	252256	252376	2.80e-44	180	121	340215
CaSNP4454	NW_004516272.1	91.525	118	10	0	1	118	11657	11774	2.82e-39	163	121	309189
CaSNP4454	NW_004516694.1	90.756	119	11	0	3	121	352571	352453	3.65e-38	159	121	407289
CaSNP4454	NC_021163.1	90.678	118	11	0	1	118	33849643	33849760	1.31e-37	158	121	49191682
CaSNP4454	NC_021163.1	90.909	110	10	0	1	110	21825868	21825759	7.91e-35	148	121	49191682
CaSNP2937	NC_021166.1	99.174	121	1	0	1	121	40326488	40326608	5.94e-56	219	121	48961560
CaSNP2937	NC_021162.1	90.217	92	9	0	13	104	9679065	9679156	1.72e-26	121	121	39989001
CaSNP4613	NW_004516298.1	99.174	121	1	0	1	121	50264	50384	5.94e-56	219	121	58442
CaSNP4613	NC_021161.1	92.437	119	9	0	3	121	5552453	5552335	1.69e-41	171	121	36634854
CaSNP4613	NC_021161.1	91.597	119	10	0	3	121	21887809	21887927	7.85e-40	165	121	36634854
CaSNP4613	NW_004517029.1	91.736	121	10	0	1	121	115473	115593	6.07e-41	169	121	147617
CaSNP4613	NW_004515964.1	91.736	121	10	0	1	121	63410	63530	6.07e-41	169	121	240606
CaSNP4613	NW_004515752.1	91.736	121	10	0	1	121	318267	318147	6.07e-41	169	121	467888
CaSNP3384	NC_021166.1	100.000	121	0	0	1	121	18625319	18625439	1.28e-57	224	121	48961560
CaSNP3384	NC_021166.1	91.453	117	10	0	1	117	48206811	48206927	1.02e-38	161	121	48961560
CaSNP3384	NC_021160.1	90.909	121	11	0	1	121	17722808	17722928	2.82e-39	163	121	48359943
CaSNP3384	NW_004516243.1	90.083	121	12	0	1	121	176021	176141	1.31e-37	158	121	264280
CaSNP3384	NC_021165.1	90.385	104	10	0	1	104	50726533	50726430	1.71e-31	137	121	59463898
CaSNP2656	NC_021166.1	100.000	121	0	0	1	121	18490480	18490360	1.28e-57	224	121	48961560
CaSNP3643	NC_021166.1	99.174	121	1	0	1	121	42517454	42517334	5.94e-56	219	121	48961560
CaSNP3643	NC_021163.1	94.118	119	7	0	3	121	22888393	22888275	7.80e-45	182	121	49191682
CaSNP3643	NC_021163.1	92.035	113	9	0	9	121	22878565	22878453	3.65e-38	159	121	49191682
CaSNP3643	NC_021160.1	92.982	114	8	0	4	117	15833599	15833486	2.18e-40	167	121	48359943
CaSNP3643	NC_021161.1	93.846	65	4	0	57	121	10715307	10715243	8.08e-20	99.0	121	36634854
CaSNP2072	NC_021166.1	100.000	121	0	0	1	121	17299045	17298925	1.28e-57	224	121	48961560
CaSNP5060	NC_021166.1	100.000	121	0	0	1	121	18292633	18292753	1.28e-57	224	121	48961560
CaSNP3277	NC_021166.1	100.000	121	0	0	1	121	19946240	19946120	1.28e-57	224	121	48961560
CaSNP2442	NC_021166.1	99.174	121	1	0	1	121	18252971	18253091	5.94e-56	219	121	48961560
CaSNP3558	NC_021166.1	100.000	121	0	0	1	121	17107051	17106931	1.28e-57	224	121	48961560
CaSNP3955	NC_021166.1	100.000	121	0	0	1	121	19845372	19845252	1.28e-57	224	121	48961560
CaSNP4174	NC_021166.1	100.000	121	0	0	1	121	16965423	16965303	1.28e-57	224	121	48961560
CaSNP4346	NW_004522723.1	99.174	121	1	0	1	121	3116	3236	5.94e-56	219	121	8650
CaSNP4346	NC_021166.1	99.174	121	1	0	1	121	21277664	21277784	5.94e-56	219	121	48961560
CaSNP2607	NC_021166.1	100.000	121	0	0	1	121	18400931	18401051	1.28e-57	224	121	48961560
CaSNP3287	NC_021166.1	99.174	121	1	0	1	121	19614263	19614143	5.94e-56	219	121	48961560
CaSNP3008	NC_021166.1	99.174	121	1	0	1	121	17141342	17141462	5.94e-56	219	121	48961560
CaSNP2758	NC_021166.1	100.000	121	0	0	1	121	19070321	19070201	1.28e-57	224	121	48961560
CaSNP3813	NW_004522163.1	99.174	121	1	0	1	121	198	318	5.94e-56	219	121	1116
CaSNP3813	NC_021166.1	99.174	121	1	0	1	121	48765973	48765853	5.94e-56	219	121	48961560
CaSNP3058	NC_021166.1	99.174	121	1	0	1	121	19566638	19566758	5.94e-56	219	121	48961560
CaSNP3585	NC_021166.1	97.561	123	1	1	1	121	19473048	19472926	3.58e-53	209	121	48961560
CaSNP3586	NC_021166.1	99.174	121	1	0	1	121	16908575	16908695	5.94e-56	219	121	48961560
CaSNP3789	NC_021166.1	100.000	121	0	0	1	121	18796837	18796957	1.28e-57	224	121	48961560
CaSNP4683	NC_021166.1	99.174	121	1	0	1	121	17000960	17001080	5.94e-56	219	121	48961560
CaSNP4921	NC_021166.1	99.174	121	1	0	1	121	19482666	19482786	5.94e-56	219	121	48961560
CaSNP5075	NC_021166.1	99.174	121	1	0	1	121	23602369	23602249	5.94e-56	219	121	48961560
CaSNP3497	NC_021166.1	99.174	121	1	0	1	121	20388157	20388277	5.94e-56	219	121	48961560
CaSNP3634	NC_021166.1	100.000	121	0	0	1	121	19993928	19994048	1.28e-57	224	121	48961560
CaSNP3634	NW_004517780.1	95.041	121	6	0	1	121	35635	35515	1.30e-47	191	121	54108
CaSNP3634	NC_021161.1	92.562	121	9	0	1	121	16242589	16242709	1.30e-42	174	121	36634854
CaSNP3634	NW_004517249.1	90.083	121	12	0	1	121	41022	41142	1.31e-37	158	121	85633
CaSNP2301	NC_021166.1	100.000	121	0	0	1	121	18989137	18989017	1.28e-57	224	121	48961560
CaSNP4607	NC_021166.1	99.174	121	1	0	1	121	23539116	23539236	5.94e-56	219	121	48961560
CaSNP5146	NC_021166.1	100.000	121	0	0	1	121	18146751	18146631	1.28e-57	224	121	48961560
CaSNP4893	NC_021166.1	100.000	121	0	0	1	121	18535455	18535335	1.28e-57	224	121	48961560
CaSNP2892	NC_021166.1	100.000	121	0	0	1	121	21180274	21180154	1.28e-57	224	121	48961560
CaSNP3003	NC_021166.1	100.000	121	0	0	1	121	19155348	19155468	1.28e-57	224	121	48961560
CaSNP4486	NC_021166.1	99.174	121	1	0	1	121	43807906	43807786	5.94e-56	219	121	48961560
CaSNP2465	NC_021166.1	99.174	121	1	0	1	121	18733004	18733124	5.94e-56	219	121	48961560
CaSNP2465	NC_021166.1	90.083	121	12	0	1	121	45314350	45314470	1.31e-37	158	121	48961560
CaSNP2465	NC_021164.1	92.562	121	9	0	1	121	18153915	18153795	1.30e-42	174	121	48169137
CaSNP2465	NC_021164.1	91.736	121	10	0	1	121	47238058	47237938	6.07e-41	169	121	48169137
CaSNP2465	NC_021164.1	90.909	121	11	0	1	121	19852118	19852238	2.82e-39	163	121	48169137
CaSNP2465	NC_021163.1	93.103	116	8	0	6	121	26216545	26216430	1.69e-41	171	121	49191682
CaSNP2465	NC_021162.1	90.909	121	11	0	1	121	23037283	23037163	2.82e-39	163	121	39989001
CaSNP2465	NW_004516360.1	90.083	121	12	0	1	121	120423	120303	1.31e-37	158	121	260265
CaSNP1949	NC_021166.1	99.174	121	1	0	1	121	17624446	17624326	5.94e-56	219	121	48961560
CaSNP1949	NC_021166.1	91.736	121	9	1	1	121	39201745	39201864	2.18e-40	167	121	48961560
CaSNP1949	NC_021161.1	93.277	119	8	0	1	119	25162816	25162934	3.63e-43	176	121	36634854
CaSNP1949	NW_004516471.1	91.379	116	10	0	1	116	404526	404411	3.65e-38	159	121	556267
CaSNP1949	NC_021164.1	90.083	121	12	0	1	121	30159773	30159653	1.31e-37	158	121	48169137
CaSNP3533	NW_004516060.1	100.000	121	0	0	1	121	168339	168219	1.28e-57	224	121	705481
CaSNP3016	NC_021166.1	100.000	121	0	0	1	121	17830987	17830867	1.28e-57	224	121	48961560
CaSNP3016	NC_021166.1	94.215	121	7	0	1	121	17851361	17851241	6.03e-46	185	121	48961560
CaSNP3016	NC_021164.1	90.909	121	11	0	1	121	15323934	15324054	2.82e-39	163	121	48169137
CaSNP4244	NW_004516723.1	100.000	121	0	0	1	121	217565	217445	1.28e-57	224	121	337745
CaSNP2368	NC_021166.1	99.174	121	1	0	1	121	16780695	16780575	5.94e-56	219	121	48961560
CaTSNP6938	NC_021166.1	99.057	106	0	1	15	119	19670353	19670458	4.66e-47	189	121	48961560
CaSNP4870	NC_021166.1	99.174	121	1	0	1	121	17689321	17689441	5.94e-56	219	121	48961560
CaSNP4870	NC_021166.1	94.215	121	7	0	1	121	17684578	17684698	6.03e-46	185	121	48961560
CaSNP4135	NC_021166.1	100.000	121	0	0	1	121	16413914	16414034	1.28e-57	224	121	48961560
CaSNP3263	NC_021166.1	100.000	121	0	0	1	121	19677393	19677273	1.28e-57	224	121	48961560
CaSNP2665	NC_021166.1	99.174	121	1	0	1	121	16594668	16594548	5.94e-56	219	121	48961560
CaSNP2238	NC_021166.1	100.000	121	0	0	1	121	16331009	16331129	1.28e-57	224	121	48961560
CaSNP4305	NW_004517092.1	99.174	121	1	0	1	121	90694	90574	5.94e-56	219	121	192404
CaSNP5070	NC_021166.1	100.000	121	0	0	1	121	16200782	16200902	1.28e-57	224	121	48961560
CaSNP5153	NC_021166.1	100.000	121	0	0	1	121	16306094	16305974	1.28e-57	224	121	48961560
CaSNP2089	NC_021166.1	99.174	121	1	0	1	121	15888107	15888227	5.94e-56	219	121	48961560
CaTSNP8582	NC_021166.1	100.000	121	0	0	1	121	41881461	41881341	1.28e-57	224	121	48961560
CaTSNP7598	NC_021166.1	100.000	121	0	0	1	121	40713441	40713561	1.28e-57	224	121	48961560
CaTSNP8459	NC_021166.1	100.000	91	0	0	31	121	23437817	23437727	6.07e-41	169	121	48961560
CaTSNP6896	NC_021166.1	100.000	84	0	0	1	84	28200104	28200021	4.73e-37	156	121	48961560
CaSNP5095	NC_021166.1	100.000	121	0	0	1	121	16133213	16133093	1.28e-57	224	121	48961560
CaTSNP7802	NC_021166.1	100.000	121	0	0	1	121	39945694	39945574	1.28e-57	224	121	48961560
CaTSNP6373	NC_021166.1	100.000	121	0	0	1	121	22450060	22450180	1.28e-57	224	121	48961560
CaTSNP6373	NC_021162.1	95.041	121	6	0	1	121	35881535	35881655	1.30e-47	191	121	39989001
CaTSNP6552	NC_021166.1	100.000	121	0	0	1	121	22555409	22555289	1.28e-57	224	121	48961560
CaTSNP7258	NC_021166.1	100.000	103	0	0	1	103	40318296	40318398	1.30e-47	191	121	48961560
CaTSNP7417	NC_021166.1	100.000	121	0	0	1	121	43118894	43119014	1.28e-57	224	121	48961560
CaTSNP7724	NC_021166.1	99.174	121	1	0	1	121	41698135	41698255	5.94e-56	219	121	48961560
CaTSNP8158	NC_021166.1	100.000	86	0	0	11	96	40548985	40549070	3.65e-38	159	121	48961560
CaTSNP7102	NC_021166.1	100.000	121	0	0	1	121	43044483	43044363	1.28e-57	224	121	48961560
CaTSNP7395	NC_021166.1	100.000	121	0	0	1	121	46788103	46788223	1.28e-57	224	121	48961560
CaSNP4153	NC_021166.1	100.000	121	0	0	1	121	15415429	15415549	1.28e-57	224	121	48961560
CaTSNP6813	NC_021166.1	99.174	121	1	0	1	121	26733066	26733186	5.94e-56	219	121	48961560
CaTSNP7136	NC_021166.1	100.000	113	0	0	1	113	43005563	43005675	3.58e-53	209	121	48961560
CaSNP4849	NC_021166.1	100.000	121	0	0	1	121	15655167	15655047	1.28e-57	224	121	48961560
CaTSNP6282	NC_021166.1	100.000	102	0	0	20	121	18485143	18485042	4.66e-47	189	121	48961560
CaTSNP8896	NC_021166.1	100.000	102	0	0	20	121	18485143	18485042	4.66e-47	189	121	48961560
CaTSNP6251	NC_021166.1	100.000	87	0	0	1	87	20234517	20234603	1.02e-38	161	121	48961560
CaTSNP8079	NC_021166.1	100.000	118	0	0	1	118	19832421	19832538	5.94e-56	219	121	48961560
CaTSNP8599	NC_021166.1	98.958	96	1	0	1	96	18427026	18427121	4.69e-42	172	121	48961560
CaTSNP8190	NC_021166.1	100.000	121	0	0	1	121	20099444	20099324	1.28e-57	224	121	48961560
CaTSNP8060	NC_021166.1	100.000	121	0	0	1	121	23574411	23574531	1.28e-57	224	121	48961560
CaTSNP8500	NC_021166.1	100.000	121	0	0	1	121	40207033	40207153	1.28e-57	224	121	48961560
CaTSNP7297	NW_004516113.1	100.000	121	0	0	1	121	82512	82632	1.28e-57	224	121	244576
CaTSNP7531	NC_021166.1	99.174	121	1	0	1	121	22153689	22153809	5.94e-56	219	121	48961560
CaTSNP8607	NC_021166.1	100.000	121	0	0	1	121	19176435	19176555	1.28e-57	224	121	48961560
CaTSNP8607	NC_021166.1	94.215	121	7	0	1	121	19178463	19178583	6.03e-46	185	121	48961560
CaTSNP6390	NC_021166.1	100.000	76	0	0	46	121	42639381	42639456	1.32e-32	141	121	48961560
CaTSNP6390	NC_021166.1	100.000	47	0	0	1	47	42638443	42638489	1.75e-16	87.9	121	48961560
CaTSNP6252	NC_021166.1	100.000	121	0	0	1	121	45943411	45943291	1.28e-57	224	121	48961560
CaTSNP6882	NC_021166.1	100.000	121	0	0	1	121	47237682	47237802	1.28e-57	224	121	48961560
CaTSNP9149	NC_021166.1	100.000	121	0	0	1	121	39767216	39767096	1.28e-57	224	121	48961560
CaTSNP6083	NC_021166.1	100.000	101	0	0	21	121	40102141	40102041	1.68e-46	187	121	48961560
CaSNP2253	NC_021166.1	100.000	121	0	0	1	121	15244792	15244912	1.28e-57	224	121	48961560
CaTSNP7129	NC_021166.1	100.000	121	0	0	1	121	19549576	19549696	1.28e-57	224	121	48961560
CaTSNP7753	NC_021166.1	98.734	79	1	0	10	88	36925152	36925074	1.32e-32	141	121	48961560
CaTSNP6321	NC_021166.1	99.174	121	1	0	1	121	17223632	17223752	5.94e-56	219	121	48961560
CaTSNP7918	NC_021166.1	100.000	121	0	0	1	121	19468091	19468211	1.28e-57	224	121	48961560
CaTSNP6260	NC_021166.1	100.000	78	0	0	44	121	17704907	17704830	1.02e-33	145	121	48961560
CaTSNP6260	NC_021166.1	100.000	46	0	0	1	46	17705259	17705214	6.29e-16	86.1	121	48961560
CaSNP4090	NC_021166.1	99.174	121	1	0	1	121	15137408	15137288	5.94e-56	219	121	48961560
CaTSNP7863	NW_004516846.1	100.000	107	0	0	1	107	41741	41847	7.74e-50	198	121	83907
CaTSNP8137	NC_021166.1	100.000	121	0	0	1	121	17780711	17780591	1.28e-57	224	121	48961560
CaTSNP7486	NW_004516846.1	100.000	121	0	0	1	121	77555	77675	1.28e-57	224	121	83907
CaTSNP8790	NC_021166.1	100.000	121	0	0	1	121	17544205	17544085	1.28e-57	224	121	48961560
CaTSNP7694	NC_021166.1	100.000	121	0	0	1	121	16646811	16646691	1.28e-57	224	121	48961560
CaSNP4028	NC_021166.1	100.000	121	0	0	1	121	15593079	15592959	1.28e-57	224	121	48961560
CaTSNP8428	NC_021166.1	100.000	121	0	0	1	121	16167387	16167507	1.28e-57	224	121	48961560
CaTSNP6098	NC_021166.1	100.000	121	0	0	1	121	16332003	16331883	1.28e-57	224	121	48961560
CaTSNP6532	NC_021166.1	100.000	62	0	0	31	92	15891179	15891240	8.02e-25	115	121	48961560
CaTSNP9009	NC_021166.1	100.000	121	0	0	1	121	16379759	16379879	1.28e-57	224	121	48961560
CaTSNP6266	NC_021166.1	100.000	121	0	0	1	121	15711462	15711582	1.28e-57	224	121	48961560
CaTSNP8244	NC_021166.1	100.000	121	0	0	1	121	15779593	15779713	1.28e-57	224	121	48961560
CaTSNP6856	NC_021166.1	100.000	121	0	0	1	121	15399447	15399567	1.28e-57	224	121	48961560
CaSNP4796	NC_021166.1	100.000	121	0	0	1	121	13488472	13488352	1.28e-57	224	121	48961560
CaSNP3435	NC_021166.1	100.000	121	0	0	1	121	13813552	13813672	1.28e-57	224	121	48961560
CaSNP2562	NC_021166.1	100.000	121	0	0	1	121	13553276	13553396	1.28e-57	224	121	48961560
CaTSNP7344	NC_021166.1	98.969	97	0	1	1	96	15148639	15148735	4.69e-42	172	121	48961560
CaSNP2365	NC_021166.1	100.000	121	0	0	1	121	14770936	14770816	1.28e-57	224	121	48961560
CaSNP2818	NC_021166.1	100.000	121	0	0	1	121	14560011	14560131	1.28e-57	224	121	48961560
CaSNP2179	NC_021166.1	99.174	121	1	0	1	121	13973738	13973618	5.94e-56	219	121	48961560
CaTSNP7479	NC_021166.1	100.000	121	0	0	1	121	14685094	14684974	1.28e-57	224	121	48961560
CaTSNP7872	NC_021166.1	100.000	121	0	0	1	121	15027144	15027264	1.28e-57	224	121	48961560
CaSNP3593	NC_021166.1	99.174	121	1	0	1	121	14311299	14311179	5.94e-56	219	121	48961560
CaSNP3349	NC_021166.1	99.174	121	1	0	1	121	14354243	14354123	5.94e-56	219	121	48961560
CaTSNP8745	NC_021166.1	100.000	86	0	0	36	121	14572743	14572658	3.65e-38	159	121	48961560
CaTSNP8051	NC_021166.1	100.000	70	0	0	46	115	14903812	14903881	2.86e-29	130	121	48961560
CaTSNP8051	NC_021166.1	100.000	46	0	0	1	46	14903659	14903704	6.29e-16	86.1	121	48961560
CaTSNP6981	NC_021166.1	99.174	121	1	0	1	121	14628857	14628737	5.94e-56	219	121	48961560
CaTSNP7068	NC_021166.1	100.000	121	0	0	1	121	13521364	13521244	1.28e-57	224	121	48961560
CaSNP2367	NC_021166.1	100.000	121	0	0	1	121	14185866	14185986	1.28e-57	224	121	48961560
CaSNP3664	NC_021166.1	99.174	121	1	0	1	121	14235972	14235852	5.94e-56	219	121	48961560
CaTSNP6757	NC_021166.1	100.000	121	0	0	1	121	13581033	13580913	1.28e-57	224	121	48961560
CaTSNP7016	NC_021166.1	100.000	84	0	0	1	84	13739152	13739235	4.73e-37	156	121	48961560
CaTSNP6286	NC_021166.1	100.000	121	0	0	1	121	13484827	13484707	1.28e-57	224	121	48961560
CaTSNP6444	NC_021166.1	99.174	121	1	0	1	121	14640014	14639894	5.94e-56	219	121	48961560
CaTSNP7788	NC_021166.1	100.000	121	0	0	1	121	15027144	15027264	1.28e-57	224	121	48961560
CaTSNP6076	NC_021166.1	100.000	121	0	0	1	121	13671217	13671097	1.28e-57	224	121	48961560
CaSNP4820	NC_021166.1	99.174	121	1	0	1	121	14478048	14478168	5.94e-56	219	121	48961560
CaSNP2265	NC_021166.1	100.000	121	0	0	1	121	13217947	13217827	1.28e-57	224	121	48961560
CaSNP3046	NC_021166.1	100.000	121	0	0	1	121	13066308	13066188	1.28e-57	224	121	48961560
CaSNP3046	NC_021166.1	90.083	121	11	1	1	121	13035870	13035751	4.73e-37	156	121	48961560
CaSNP3046	NC_021161.1	91.736	121	9	1	1	121	17415985	17416104	2.18e-40	167	121	36634854
CaSNP3046	NC_021160.1	91.736	121	9	1	1	121	14290860	14290741	2.18e-40	167	121	48359943
CaSNP3046	NC_021160.1	91.736	121	9	1	1	121	41322056	41321937	2.18e-40	167	121	48359943
CaSNP3046	NC_021160.1	90.083	121	11	1	1	121	40548774	40548655	4.73e-37	156	121	48359943
CaSNP3046	NC_021164.1	90.909	121	10	1	1	121	37296672	37296791	1.02e-38	161	121	48169137
CaSNP3046	NW_004516461.1	90.164	122	10	2	1	121	55276	55156	1.31e-37	158	121	242424
CaTSNP6955	NC_021166.1	100.000	121	0	0	1	121	14833871	14833991	1.28e-57	224	121	48961560
CaTSNP7046	NC_021166.1	100.000	99	0	0	1	99	13913984	13914082	2.17e-45	183	121	48961560
CaTSNP8992	NC_021166.1	100.000	121	0	0	1	121	14219935	14220055	1.28e-57	224	121	48961560
CaSNP4070	NC_021166.1	99.174	121	1	0	1	121	13449215	13449335	5.94e-56	219	121	48961560
CaSNP2335	NC_021166.1	99.180	122	0	1	1	121	14869274	14869153	5.94e-56	219	121	48961560
CaTSNP8914	NC_021166.1	100.000	121	0	0	1	121	14204151	14204031	1.28e-57	224	121	48961560
CaSNP1925	NC_021166.1	99.174	121	1	0	1	121	12945306	12945186	5.94e-56	219	121	48961560
CaSNP3814	NC_021166.1	99.174	121	1	0	1	121	15685502	15685622	5.94e-56	219	121	48961560
CaSNP3814	NW_004515997.1	90.722	97	7	2	2	97	199382	199287	1.03e-28	128	121	210225
CaSNP3260	NC_021166.1	100.000	121	0	0	1	121	13031974	13031854	1.28e-57	224	121	48961560
CaSNP3260	NC_021166.1	93.913	115	5	2	7	120	39887600	39887713	4.69e-42	172	121	48961560
CaSNP3260	NC_021166.1	91.525	118	10	0	2	119	18625436	18625553	2.82e-39	163	121	48961560
CaSNP3260	NC_021165.1	93.913	115	7	0	7	121	31204069	31203955	1.30e-42	174	121	59463898
CaSNP3260	NC_021165.1	90.756	119	11	0	2	120	40589177	40589295	3.65e-38	159	121	59463898
CaSNP3260	NC_021165.1	91.228	114	10	0	2	115	16221760	16221647	4.73e-37	156	121	59463898
CaSNP3260	NW_004516527.1	93.750	112	7	0	9	120	432981	433092	6.07e-41	169	121	527071
CaSNP3260	NC_021161.1	92.373	118	9	0	2	119	26546990	26546873	6.07e-41	169	121	36634854
CaSNP3260	NC_021162.1	93.694	111	7	0	7	117	9359911	9360021	2.18e-40	167	121	39989001
CaTSNP6587	NC_021166.1	98.810	84	1	0	38	121	13363817	13363900	2.20e-35	150	121	48961560
CaTSNP8216	NC_021166.1	100.000	121	0	0	1	121	12843542	12843422	1.28e-57	224	121	48961560
CaSNP3247	NC_021166.1	99.174	121	1	0	1	121	12764059	12763939	5.94e-56	219	121	48961560
CaSNP2477	NC_021166.1	100.000	121	0	0	1	121	12616290	12616170	1.28e-57	224	121	48961560
CaSNP2477	NC_021166.1	100.000	121	0	0	1	121	12622548	12622428	1.28e-57	224	121	48961560
CaSNP3010	NC_021166.1	99.174	121	1	0	1	121	12688270	12688390	5.94e-56	219	121	48961560
CaTSNP6200	NC_021166.1	100.000	121	0	0	1	121	12750386	12750266	1.28e-57	224	121	48961560
CaTSNP8780	NC_021166.1	100.000	121	0	0	1	121	12750266	12750386	1.28e-57	224	121	48961560
CaTSNP8174	NC_021166.1	100.000	121	0	0	1	121	12792302	12792422	1.28e-57	224	121	48961560
CaSNP4360	NC_021166.1	99.174	121	1	0	1	121	12323726	12323846	5.94e-56	219	121	48961560
CaSNP2216	NC_021166.1	100.000	121	0	0	1	121	12391971	12392091	1.28e-57	224	121	48961560
CaSNP4151	NC_021166.1	99.174	121	1	0	1	121	11857782	11857662	5.94e-56	219	121	48961560
CaSNP2183	NC_021166.1	100.000	121	0	0	1	121	12124865	12124745	1.28e-57	224	121	48961560
CaSNP2054	NC_021166.1	99.174	121	1	0	1	121	11465591	11465471	5.94e-56	219	121	48961560
CaTSNP7681	NC_021166.1	100.000	95	0	0	27	121	17798143	17798237	3.63e-43	176	121	48961560
CaSNP2208	NC_021166.1	100.000	121	0	0	1	121	12032330	12032210	1.28e-57	224	121	48961560
CaSNP1979	NC_021166.1	100.000	121	0	0	1	121	10811558	10811678	1.28e-57	224	121	48961560
CaSNP2474	NC_021166.1	100.000	121	0	0	1	121	11102564	11102444	1.28e-57	224	121	48961560
CaTSNP8536	NC_021166.1	99.174	121	1	0	1	121	12045194	12045314	5.94e-56	219	121	48961560
CaTSNP7044	NC_021166.1	100.000	121	0	0	1	121	11945460	11945580	1.28e-57	224	121	48961560
CaTSNP6400	NC_021166.1	99.174	121	1	0	1	121	11709886	11710006	5.94e-56	219	121	48961560
CaTSNP9135	NC_021166.1	100.000	67	0	0	22	88	11675058	11674992	1.33e-27	124	121	48961560
CaTSNP9018	NC_021166.1	100.000	121	0	0	1	121	11891201	11891081	1.28e-57	224	121	48961560
CaTSNP7738	NC_021166.1	100.000	121	0	0	1	121	11546194	11546314	1.28e-57	224	121	48961560
CaTSNP8984	NC_021166.1	100.000	115	0	0	1	115	11767848	11767962	2.77e-54	213	121	48961560
CaSNP5056	NC_021166.1	100.000	121	0	0	1	121	10641357	10641477	1.28e-57	224	121	48961560
CaTSNP7447	NC_021166.1	100.000	121	0	0	1	121	11324293	11324413	1.28e-57	224	121	48961560
CaTSNP6379	NC_021166.1	100.000	121	0	0	1	121	11546095	11546215	1.28e-57	224	121	48961560
CaSNP2801	NC_021166.1	100.000	121	0	0	1	121	10520898	10521018	1.28e-57	224	121	48961560
CaSNP2801	NC_021166.1	94.068	118	6	1	2	118	10567695	10567812	1.01e-43	178	121	48961560
CaTSNP7032	NC_021166.1	100.000	78	0	0	1	78	11651627	11651550	1.02e-33	145	121	48961560
CaTSNP8072	NC_021166.1	100.000	121	0	0	1	121	10669518	10669398	1.28e-57	224	121	48961560
CaTSNP6488	NC_021166.1	100.000	121	0	0	1	121	10862925	10863045	1.28e-57	224	121	48961560
CaTSNP8576	NC_021166.1	100.000	121	0	0	1	121	11143322	11143202	1.28e-57	224	121	48961560
CaTSNP8576	NC_021162.1	100.000	121	0	0	1	121	12400175	12400295	1.28e-57	224	121	39989001
CaTSNP8682	NC_021166.1	97.321	112	1	2	1	112	10746183	10746074	4.66e-47	189	121	48961560
CaTSNP6550	NC_021166.1	100.000	119	0	0	1	119	10721508	10721390	1.65e-56	220	121	48961560
CaTSNP9060	NC_021166.1	100.000	121	0	0	1	121	11114891	11114771	1.28e-57	224	121	48961560
CaTSNP7562	NC_021166.1	100.000	78	0	0	44	121	10631928	10632005	1.02e-33	145	121	48961560
CaTSNP7562	NC_021166.1	100.000	46	0	0	1	46	10630644	10630689	6.29e-16	86.1	121	48961560
CaTSNP6366	NC_021166.1	100.000	121	0	0	1	121	10465447	10465327	1.28e-57	224	121	48961560
CaTSNP7369	NC_021166.1	100.000	121	0	0	1	121	10475645	10475765	1.28e-57	224	121	48961560
CaTSNP7369	NC_021165.1	95.041	121	6	0	1	121	59304944	59305064	1.30e-47	191	121	59463898
CaTSNP8615	NC_021166.1	100.000	121	0	0	1	121	10594398	10594278	1.28e-57	224	121	48961560
CaSNP2036	NC_021164.1	99.174	121	1	0	1	121	186251	186131	5.94e-56	219	121	48169137
CaTSNP6701	NC_021166.1	100.000	121	0	0	1	121	11686178	11686298	1.28e-57	224	121	48961560
CaSNP3350	NC_021164.1	99.174	121	1	0	1	121	80625	80505	5.94e-56	219	121	48169137
CaSNP4460	NC_021164.1	100.000	121	0	0	1	121	440768	440888	1.28e-57	224	121	48169137
CaTSNP7839	NC_021166.1	100.000	121	0	0	1	121	2713205	2713085	1.28e-57	224	121	48961560
CaSNP3137	NC_021164.1	99.174	121	1	0	1	121	248964	248844	5.94e-56	219	121	48169137
CaTSNP6174	NC_021164.1	98.810	84	1	0	1	84	206870	206953	2.20e-35	150	121	48169137
CaTSNP7134	NC_021166.1	100.000	121	0	0	1	121	10410696	10410576	1.28e-57	224	121	48961560
CaSNP2787	NC_021166.1	99.174	121	1	0	1	121	10328973	10329093	5.94e-56	219	121	48961560
CaSNP3469	NC_021166.1	100.000	121	0	0	1	121	218343	218463	1.28e-57	224	121	48961560
CaSNP2227	NC_021166.1	98.361	122	1	1	1	121	1171862	1171983	2.77e-54	213	121	48961560
CaSNP4060	NC_021166.1	99.174	121	1	0	1	121	1010734	1010614	5.94e-56	219	121	48961560
CaSNP4379	NC_021166.1	100.000	121	0	0	1	121	1025098	1025218	1.28e-57	224	121	48961560
CaTSNP6935	NC_021166.1	100.000	95	0	0	27	121	10292518	10292424	3.63e-43	176	121	48961560
CaTSNP7326	NC_021166.1	99.174	121	1	0	1	121	10387802	10387922	5.94e-56	219	121	48961560
CaTSNP8997	NC_021166.1	98.684	76	1	0	17	92	10349609	10349534	6.16e-31	135	121	48961560
CaSNP2969	NC_021166.1	100.000	121	0	0	1	121	923296	923176	1.28e-57	224	121	48961560
CaSNP3165	NC_021166.1	99.180	122	0	1	1	121	2374513	2374392	5.94e-56	219	121	48961560
CaTSNP6976	NC_021166.1	100.000	121	0	0	1	121	15566	15686	1.28e-57	224	121	48961560
CaTSNP8348	NC_021166.1	100.000	121	0	0	1	121	229918	229798	1.28e-57	224	121	48961560
CaSNP2114	NC_021166.1	100.000	121	0	0	1	121	2270518	2270638	1.28e-57	224	121	48961560
CaTSNP9121	NC_021166.1	99.174	121	1	0	1	121	676859	676739	5.94e-56	219	121	48961560
CaSNP1939	NC_021166.1	100.000	121	0	0	1	121	2552662	2552782	1.28e-57	224	121	48961560
CaTSNP8036	NC_021166.1	100.000	121	0	0	1	121	683185	683305	1.28e-57	224	121	48961560
CaTSNP8942	NC_021166.1	100.000	48	0	0	41	88	10210441	10210394	4.86e-17	89.8	121	48961560
CaTSNP6151	NC_021166.1	99.174	121	1	0	1	121	1488282	1488402	5.94e-56	219	121	48961560
CaTSNP7615	NC_021166.1	100.000	100	0	0	1	100	10152023	10151924	6.03e-46	185	121	48961560
CaTSNP7123	NC_021166.1	100.000	121	0	0	1	121	10137338	10137458	1.28e-57	224	121	48961560
CaTSNP7861	NC_021166.1	100.000	121	0	0	1	121	1089831	1089711	1.28e-57	224	121	48961560
CaTSNP9081	NC_021166.1	99.065	107	1	0	15	121	799445	799339	3.60e-48	193	121	48961560
CaTSNP7343	NC_021166.1	98.305	59	1	0	29	87	1166877	1166935	1.74e-21	104	121	48961560
CaTSNP6029	NC_021166.1	99.174	121	1	0	1	121	845428	845548	5.94e-56	219	121	48961560
CaTSNP8132	NC_021166.1	100.000	121	0	0	1	121	989481	989361	1.28e-57	224	121	48961560
CaTSNP6411	NC_021166.1	99.174	121	1	0	1	121	1063035	1063155	5.94e-56	219	121	48961560
CaTSNP8854	NC_021166.1	99.174	121	1	0	1	121	781711	781591	5.94e-56	219	121	48961560
CaTSNP8713	NC_021166.1	100.000	121	0	0	1	121	1480991	1480871	1.28e-57	224	121	48961560
CaTSNP8881	NC_021166.1	100.000	121	0	0	1	121	1466736	1466616	1.28e-57	224	121	48961560
CaTSNP8912	NC_021166.1	100.000	110	0	0	1	110	1434094	1433985	1.66e-51	204	121	48961560
CaTSNP7253	NC_021166.1	98.058	103	1	1	20	121	1740852	1740750	1.01e-43	178	121	48961560
CaTSNP6592	NC_021166.1	100.000	121	0	0	1	121	1862849	1862969	1.28e-57	224	121	48961560
CaTSNP6681	NC_021166.1	99.174	121	1	0	1	121	1293502	1293622	5.94e-56	219	121	48961560
CaTSNP6149	NC_021166.1	98.851	87	1	0	1	87	1448773	1448859	4.73e-37	156	121	48961560
CaTSNP7714	NC_021166.1	100.000	120	0	0	1	120	1641951	1641832	4.59e-57	222	121	48961560
CaTSNP8166	NC_021166.1	100.000	121	0	0	1	121	1348556	1348436	1.28e-57	224	121	48961560
CaTSNP8962	NC_021166.1	100.000	109	0	0	13	121	922278	922386	5.99e-51	202	121	48961560
CaTSNP8899	NC_021166.1	100.000	121	0	0	1	121	1511630	1511510	1.28e-57	224	121	48961560
CaTSNP8343	NC_021166.1	99.091	110	1	0	12	121	1941142	1941033	7.74e-50	198	121	48961560
CaTSNP7288	NC_021166.1	100.000	121	0	0	1	121	2364596	2364476	1.28e-57	224	121	48961560
CaTSNP7621	NC_021166.1	100.000	120	0	0	1	120	2369050	2369169	4.59e-57	222	121	48961560
CaTSNP8670	NC_021166.1	99.174	121	1	0	1	121	2152601	2152721	5.94e-56	219	121	48961560
CaTSNP8695	NC_021166.1	100.000	121	0	0	1	121	2172715	2172835	1.28e-57	224	121	48961560
CaTSNP6495	NC_021166.1	100.000	121	0	0	1	121	2450968	2451088	1.28e-57	224	121	48961560
CaTSNP7643	NC_021166.1	100.000	121	0	0	1	121	2462327	2462447	1.28e-57	224	121	48961560
CaTSNP8242	NC_021166.1	98.851	87	1	0	35	121	2517259	2517345	4.73e-37	156	121	48961560
CaTSNP7185	NC_021166.1	100.000	121	0	0	1	121	2614672	2614552	1.28e-57	224	121	48961560
CaSNP2449	NC_021166.1	100.000	121	0	0	1	121	9927800	9927680	1.28e-57	224	121	48961560
CaSNP2434	NC_021166.1	99.174	121	1	0	1	121	10004660	10004540	5.94e-56	219	121	48961560
CaSNP2061	NC_021166.1	100.000	121	0	0	1	121	9827952	9827832	1.28e-57	224	121	48961560
CaSNP2851	NW_004517997.1	99.174	121	1	0	1	121	39662	39542	5.94e-56	219	121	263397
CaTSNP6649	NC_021166.1	100.000	121	0	0	1	121	10019444	10019324	1.28e-57	224	121	48961560
CaTSNP6123	NC_021166.1	99.074	108	1	0	1	108	3237324	3237217	1.00e-48	195	121	48961560
CaTSNP6339	NC_021166.1	100.000	121	0	0	1	121	10089599	10089479	1.28e-57	224	121	48961560
CaTSNP6001	NC_021166.1	100.000	121	0	0	1	121	9999778	9999658	1.28e-57	224	121	48961560
CaTSNP6418	NC_021166.1	100.000	112	0	0	10	121	10047589	10047478	1.29e-52	207	121	48961560
CaTSNP6829	NC_021166.1	100.000	121	0	0	1	121	10091406	10091526	1.28e-57	224	121	48961560
CaTSNP7219	NC_021166.1	100.000	121	0	0	1	121	3040105	3039985	1.28e-57	224	121	48961560
CaTSNP7511	NC_021166.1	100.000	121	0	0	1	121	3217856	3217976	1.28e-57	224	121	48961560
CaTSNP6475	NC_021166.1	100.000	121	0	0	1	121	3148130	3148010	1.28e-57	224	121	48961560
CaTSNP8027	NC_021166.1	100.000	88	0	0	1	88	2969496	2969583	2.82e-39	163	121	48961560
CaTSNP8493	NC_021166.1	100.000	115	0	0	7	121	3089782	3089668	2.77e-54	213	121	48961560
CaTSNP9084	NC_021166.1	99.174	121	1	0	1	121	3012665	3012785	5.94e-56	219	121	48961560
CaTSNP7589	NC_021166.1	100.000	121	0	0	1	121	10073091	10073211	1.28e-57	224	121	48961560
CaSNP5121	NC_021166.1	100.000	121	0	0	1	121	3191971	3191851	1.28e-57	224	121	48961560
CaSNP2408	NC_021166.1	100.000	121	0	0	1	121	2950844	2950724	1.28e-57	224	121	48961560
CaTSNP8418	NC_021166.1	100.000	121	0	0	1	121	9813460	9813580	1.28e-57	224	121	48961560
CaTSNP7760	NC_021166.1	100.000	121	0	0	1	121	9806308	9806428	1.28e-57	224	121	48961560
CaTSNP8375	NW_004517997.1	99.174	121	1	0	1	121	107228	107348	5.94e-56	219	121	263397
CaSNP5051	NC_021166.1	99.174	121	1	0	1	121	3285962	3286082	5.94e-56	219	121	48961560
CaTSNP8314	NC_021166.1	100.000	121	0	0	1	121	3306814	3306694	1.28e-57	224	121	48961560
CaTSNP8593	NC_021166.1	100.000	121	0	0	1	121	3355567	3355687	1.28e-57	224	121	48961560
CaTSNP9044	NC_021166.1	100.000	113	0	0	1	113	3352220	3352108	3.58e-53	209	121	48961560
CaSNP1966	NC_021166.1	99.174	121	1	0	1	121	3506706	3506586	5.94e-56	219	121	48961560
CaTSNP8562	NC_021166.1	99.174	121	1	0	1	121	3453531	3453411	5.94e-56	219	121	48961560
CaTSNP8138	NC_021166.1	100.000	60	0	0	26	85	3663579	3663638	1.04e-23	111	121	48961560
CaTSNP6360	NC_021166.1	100.000	121	0	0	1	121	3692123	3692003	1.28e-57	224	121	48961560
CaTSNP9151	NC_021166.1	100.000	110	0	0	12	121	3491538	3491429	1.66e-51	204	121	48961560
CaTSNP7049	NC_021166.1	100.000	79	0	0	1	79	3911005	3910927	2.84e-34	147	121	48961560
CaTSNP7049	NC_021166.1	98.039	51	0	1	72	121	3910606	3910556	1.75e-16	87.9	121	48961560
CaTSNP7373	NC_021166.1	100.000	121	0	0	1	121	4106333	4106453	1.28e-57	224	121	48961560
CaTSNP8734	NC_021166.1	100.000	121	0	0	1	121	3798299	3798179	1.28e-57	224	121	48961560
CaTSNP8764	NC_021166.1	99.174	121	1	0	1	121	3984359	3984479	5.94e-56	219	121	48961560
CaTSNP8640	NC_021166.1	98.795	83	1	0	39	121	3919908	3919990	7.91e-35	148	121	48961560
CaTSNP8975	NC_021166.1	100.000	121	0	0	1	121	3932930	3932810	1.28e-57	224	121	48961560
CaTSNP8975	NC_021160.1	93.388	121	8	0	1	121	26130362	26130242	2.80e-44	180	121	48359943
CaTSNP6603	NC_021166.1	100.000	95	0	0	1	95	3884303	3884209	3.63e-43	176	121	48961560
CaTSNP6397	NC_021166.1	100.000	121	0	0	1	121	4190882	4190762	1.28e-57	224	121	48961560
CaTSNP6455	NC_021166.1	100.000	121	0	0	1	121	4239918	4240038	1.28e-57	224	121	48961560
CaTSNP8313	NC_021166.1	100.000	115	0	0	7	121	4290164	4290050	2.77e-54	213	121	48961560
CaTSNP9047	NC_021166.1	100.000	121	0	0	1	121	4725667	4725787	1.28e-57	224	121	48961560
CaTSNP6851	NC_021166.1	100.000	121	0	0	1	121	4484099	4484219	1.28e-57	224	121	48961560
CaSNP2701	NC_021166.1	99.174	121	1	0	1	121	4559843	4559963	5.94e-56	219	121	48961560
CaTSNP8486	NC_021166.1	100.000	121	0	0	1	121	4335308	4335188	1.28e-57	224	121	48961560
CaTSNP8393	NC_021166.1	98.837	86	1	0	36	121	4756363	4756278	1.70e-36	154	121	48961560
CaTSNP6374	NC_021166.1	100.000	121	0	0	1	121	4598718	4598838	1.28e-57	224	121	48961560
CaTSNP6963	NC_021166.1	100.000	121	0	0	1	121	4487501	4487621	1.28e-57	224	121	48961560
CaTSNP7432	NC_021166.1	98.925	93	1	0	29	121	4788441	4788349	2.18e-40	167	121	48961560
CaTSNP7438	NC_021166.1	99.174	121	1	0	1	121	4567433	4567553	5.94e-56	219	121	48961560
CaTSNP7930	NC_021166.1	100.000	121	0	0	1	121	4470318	4470438	1.28e-57	224	121	48961560
CaTSNP8254	NC_021166.1	100.000	121	0	0	1	121	4573680	4573560	1.28e-57	224	121	48961560
CaTSNP8273	NC_021166.1	100.000	121	0	0	1	121	4812666	4812546	1.28e-57	224	121	48961560
CaTSNP8757	NC_021166.1	99.174	121	1	0	1	121	4769209	4769089	5.94e-56	219	121	48961560
CaTSNP6821	NC_021166.1	100.000	107	0	0	1	107	4747615	4747721	7.74e-50	198	121	48961560
CaTSNP8124	NC_021166.1	99.174	121	1	0	1	121	4778191	4778311	5.94e-56	219	121	48961560
CaSNP2457	NC_021166.1	99.174	121	1	0	1	121	5563680	5563800	5.94e-56	219	121	48961560
CaSNP2561	NC_021166.1	99.174	121	1	0	1	121	4953797	4953917	5.94e-56	219	121	48961560
CaSNP3330	NC_021166.1	100.000	121	0	0	1	121	5734269	5734149	1.28e-57	224	121	48961560
CaTSNP7931	NC_021166.1	100.000	120	0	0	2	121	5307356	5307237	4.59e-57	222	121	48961560
CaTSNP7931	NC_021160.1	93.333	120	8	0	2	121	26950683	26950564	1.01e-43	178	121	48359943
CaTSNP6625	NC_021166.1	100.000	121	0	0	1	121	4900862	4900982	1.28e-57	224	121	48961560
CaTSNP6625	NC_021165.1	92.562	121	6	1	1	121	57601310	57601193	1.69e-41	171	121	59463898
CaSNP1944	NC_021166.1	99.174	121	1	0	1	121	5317049	5317169	5.94e-56	219	121	48961560
CaTSNP6121	NC_021166.1	100.000	110	0	0	12	121	5528456	5528347	1.66e-51	204	121	48961560
CaTSNP6276	NC_021166.1	100.000	115	0	0	7	121	5315981	5316095	2.77e-54	213	121	48961560
CaTSNP7452	NC_021166.1	100.000	121	0	0	1	121	4907255	4907375	1.28e-57	224	121	48961560
CaTSNP6419	NC_021166.1	100.000	121	0	0	1	121	5657221	5657101	1.28e-57	224	121	48961560
CaTSNP6886	NC_021166.1	100.000	121	0	0	1	121	5568626	5568506	1.28e-57	224	121	48961560
CaTSNP6782	NC_021166.1	100.000	98	0	0	1	98	5252809	5252906	7.80e-45	182	121	48961560
CaTSNP6945	NC_021166.1	100.000	121	0	0	1	121	5595855	5595735	1.28e-57	224	121	48961560
CaTSNP6338	NC_021166.1	98.980	98	0	1	20	117	5946713	5946809	1.30e-42	174	121	48961560
CaSNP2188	NC_021166.1	100.000	121	0	0	1	121	5846707	5846827	1.28e-57	224	121	48961560
CaTSNP7819	NC_021166.1	100.000	121	0	0	1	121	6229241	6229121	1.28e-57	224	121	48961560
CaTSNP6176	NC_021166.1	100.000	121	0	0	1	121	6257705	6257825	1.28e-57	224	121	48961560
CaTSNP6763	NC_021166.1	96.386	83	3	0	1	83	6124076	6124158	1.71e-31	137	121	48961560
CaTSNP6763	NC_021162.1	96.386	83	3	0	1	83	20210735	20210653	1.71e-31	137	121	39989001
CaTSNP8385	NC_021166.1	100.000	121	0	0	1	121	6257705	6257825	1.28e-57	224	121	48961560
CaTSNP8954	NC_021166.1	99.174	121	1	0	1	121	6114534	6114654	5.94e-56	219	121	48961560
CaTSNP8161	NC_021166.1	100.000	121	0	0	1	121	6029931	6030051	1.28e-57	224	121	48961560
CaTSNP8771	NC_021166.1	99.174	121	1	0	1	121	6243867	6243747	5.94e-56	219	121	48961560
CaTSNP7829	NC_021166.1	100.000	121	0	0	1	121	6156078	6155958	1.28e-57	224	121	48961560
CaTSNP6511	NC_021166.1	100.000	121	0	0	1	121	6564919	6565039	1.28e-57	224	121	48961560
CaTSNP6330	NC_021166.1	100.000	83	0	0	39	121	6389238	6389156	1.70e-36	154	121	48961560
CaTSNP7952	NC_021166.1	100.000	115	0	0	1	115	6397488	6397602	2.77e-54	213	121	48961560
CaTSNP6563	NC_021166.1	100.000	121	0	0	1	121	6387437	6387317	1.28e-57	224	121	48961560
CaTSNP7995	NC_021166.1	98.958	96	1	0	1	96	6651530	6651625	4.69e-42	172	121	48961560
CaSNP2010	NC_021166.1	99.174	121	1	0	1	121	6857304	6857424	5.94e-56	219	121	48961560
CaTSNP8368	NC_021166.1	100.000	121	0	0	1	121	6769842	6769962	1.28e-57	224	121	48961560
CaTSNP6386	NC_021166.1	100.000	121	0	0	1	121	7119793	7119673	1.28e-57	224	121	48961560
CaTSNP8568	NC_021166.1	100.000	121	0	0	1	121	6792112	6792232	1.28e-57	224	121	48961560
CaTSNP9109	NC_021166.1	100.000	121	0	0	1	121	6838835	6838955	1.28e-57	224	121	48961560
CaSNP3676	NC_021166.1	99.174	121	1	0	1	121	7342310	7342190	5.94e-56	219	121	48961560
CaTSNP6478	NC_021166.1	100.000	121	0	0	1	121	7329904	7330024	1.28e-57	224	121	48961560
CaTSNP7530	NC_021166.1	100.000	98	0	0	24	121	7227075	7227172	7.80e-45	182	121	48961560
CaTSNP8890	NC_021166.1	100.000	121	0	0	1	121	7405622	7405742	1.28e-57	224	121	48961560
CaTSNP7272	NC_021166.1	100.000	109	0	0	13	121	7392225	7392333	5.99e-51	202	121	48961560
CaTSNP8744	NC_021166.1	100.000	121	0	0	1	121	6979493	6979373	1.28e-57	224	121	48961560
CaTSNP8744	NC_021163.1	99.174	121	1	0	1	121	23811229	23811109	5.94e-56	219	121	49191682
CaTSNP6102	NC_021166.1	99.174	121	1	0	1	121	7301307	7301187	5.94e-56	219	121	48961560
CaTSNP8151	NC_021166.1	100.000	121	0	0	1	121	7574219	7574099	1.28e-57	224	121	48961560
CaTSNP6754	NC_021166.1	99.099	111	0	1	9	118	7992974	7992864	7.74e-50	198	121	48961560
CaTSNP8294	NC_021166.1	100.000	121	0	0	1	121	7424703	7424823	1.28e-57	224	121	48961560
CaTSNP7547	NC_021166.1	100.000	106	0	0	16	121	8041420	8041525	2.78e-49	196	121	48961560
CaTSNP8471	NC_021166.1	100.000	121	0	0	1	121	7725561	7725441	1.28e-57	224	121	48961560
CaTSNP8542	NC_021166.1	100.000	121	0	0	1	121	8269986	8270106	1.28e-57	224	121	48961560
CaTSNP7124	NC_021166.1	100.000	90	0	0	1	90	7934817	7934728	2.18e-40	167	121	48961560
CaTSNP7178	NC_021166.1	100.000	121	0	0	1	121	8046635	8046755	1.28e-57	224	121	48961560
CaTSNP8070	NC_021166.1	100.000	121	0	0	1	121	7986500	7986380	1.28e-57	224	121	48961560
CaTSNP6939	NC_021166.1	100.000	121	0	0	1	121	7699189	7699309	1.28e-57	224	121	48961560
CaSNP2568	NC_021166.1	100.000	121	0	0	1	121	8052910	8052790	1.28e-57	224	121	48961560
CaSNP3674	NC_021166.1	97.561	123	1	2	1	121	7799512	7799390	3.58e-53	209	121	48961560
CaSNP3211	NC_021166.1	100.000	121	0	0	1	121	8383128	8383008	1.28e-57	224	121	48961560
CaSNP3519	NC_021166.1	100.000	121	0	0	1	121	8355147	8355267	1.28e-57	224	121	48961560
CaTSNP8462	NC_021166.1	100.000	121	0	0	1	121	8515655	8515535	1.28e-57	224	121	48961560
CaTSNP8852	NC_021166.1	100.000	121	0	0	1	121	8487730	8487850	1.28e-57	224	121	48961560
CaSNP1920	NC_021166.1	100.000	121	0	0	1	121	8680351	8680471	1.28e-57	224	121	48961560
CaTSNP6855	NC_021166.1	100.000	102	0	0	20	121	8848798	8848697	4.66e-47	189	121	48961560
CaTSNP6753	NC_021166.1	100.000	121	0	0	1	121	8937331	8937451	1.28e-57	224	121	48961560
CaTSNP7912	NC_021166.1	99.174	121	0	1	1	121	8825125	8825006	2.14e-55	217	121	48961560
CaTSNP6412	NC_021166.1	99.174	121	1	0	1	121	8794446	8794566	5.94e-56	219	121	48961560
CaTSNP8402	NC_021166.1	100.000	121	0	0	1	121	8916520	8916400	1.28e-57	224	121	48961560
CaTSNP6874	NW_004516574.1	100.000	94	0	0	1	94	215865	215958	1.30e-42	174	121	1410633
CaTSNP8672	NW_004516574.1	100.000	121	0	0	1	121	94047	94167	1.28e-57	224	121	1410633
CaTSNP7950	NC_021166.1	97.458	118	2	1	4	121	9549758	9549874	2.15e-50	200	121	48961560
CaTSNP6806	NC_021166.1	100.000	80	0	0	1	80	9394770	9394849	7.91e-35	148	121	48961560
CaTSNP9031	NC_021166.1	100.000	121	0	0	1	121	9536072	9535952	1.28e-57	224	121	48961560
CaTSNP7152	NC_021166.1	100.000	121	0	0	1	121	9622512	9622392	1.28e-57	224	121	48961560
CaTSNP8766	NC_021166.1	98.571	70	1	0	12	81	9496389	9496458	1.33e-27	124	121	48961560
CaSNP2008	NW_004516574.1	100.000	121	0	0	1	121	82842	82962	1.28e-57	224	121	1410633
CaTSNP8177	NC_021166.1	99.153	118	1	0	1	118	9478801	9478684	2.77e-54	213	121	48961560
CaTSNP7192	NW_004516574.1	100.000	121	0	0	1	121	434302	434182	1.28e-57	224	121	1410633
CaTSNP7408	NW_004516574.1	100.000	121	0	0	1	121	704722	704842	1.28e-57	224	121	1410633
CaTSNP7849	NW_004516574.1	100.000	121	0	0	1	121	434302	434182	1.28e-57	224	121	1410633
CaTSNP8789	NW_004516574.1	100.000	121	0	0	1	121	836089	836209	1.28e-57	224	121	1410633
CaTSNP9096	NW_004516574.1	100.000	115	0	0	1	115	825493	825607	2.77e-54	213	121	1410633
CaTSNP9003	NW_004516574.1	99.174	121	1	0	1	121	771053	771173	5.94e-56	219	121	1410633
CaTSNP9062	NW_004516574.1	100.000	121	0	0	1	121	846559	846439	1.28e-57	224	121	1410633
CaTSNP6223	NW_004516574.1	99.174	121	1	0	1	121	332029	332149	5.94e-56	219	121	1410633
CaTSNP6257	NW_004516574.1	100.000	121	0	0	1	121	745062	745182	1.28e-57	224	121	1410633
CaTSNP8440	NW_004516574.1	100.000	98	0	0	1	98	490754	490657	7.80e-45	182	121	1410633
CaTSNP7410	NW_004516574.1	100.000	121	0	0	1	121	407978	408098	1.28e-57	224	121	1410633
CaTSNP9001	NW_004516574.1	100.000	88	0	0	1	88	926342	926255	2.82e-39	163	121	1410633
CaTSNP8305	NW_004516574.1	100.000	121	0	0	1	121	1097712	1097832	1.28e-57	224	121	1410633
CaTSNP8305	NC_021163.1	93.103	116	7	1	4	118	29474036	29473921	6.07e-41	169	121	49191682
CaTSNP8305	NC_021166.1	92.105	114	8	1	9	121	19782799	19782912	3.65e-38	159	121	48961560
CaTSNP9000	NW_004516574.1	99.174	121	1	0	1	121	1119291	1119171	5.94e-56	219	121	1410633
CaTSNP6779	NW_004516574.1	100.000	121	0	0	1	121	324387	324507	1.28e-57	224	121	1410633
CaTSNP7728	NW_004516574.1	100.000	116	0	0	6	121	308138	308253	7.69e-55	215	121	1410633
CaTSNP7956	NW_004516574.1	100.000	121	0	0	1	121	971575	971695	1.28e-57	224	121	1410633
CaTSNP6310	NW_004516574.1	100.000	100	0	0	22	121	540922	540823	6.03e-46	185	121	1410633
CaTSNP6723	NW_004516574.1	100.000	90	0	0	32	121	951024	950935	2.18e-40	167	121	1410633
CaTSNP7038	NW_004516574.1	100.000	121	0	0	1	121	121630	121510	1.28e-57	224	121	1410633
CaSNP1982	NW_004516574.1	100.000	121	0	0	1	121	769665	769785	1.28e-57	224	121	1410633
CaSNP3132	NW_004516574.1	99.174	121	1	0	1	121	591422	591542	5.94e-56	219	121	1410633
CaSNP2369	NW_004516574.1	99.174	121	1	0	1	121	1194939	1195059	5.94e-56	219	121	1410633
CaSNP2413	NW_004516574.1	99.174	121	1	0	1	121	1077011	1076891	5.94e-56	219	121	1410633
CaSNP1974	NC_021166.1	100.000	121	0	0	1	121	9737839	9737719	1.28e-57	224	121	48961560
CaTSNP7292	NC_021167.1	98.630	73	1	0	46	118	2460951	2461023	2.86e-29	130	121	16477302
CaTSNP7292	NC_021167.1	100.000	49	0	0	1	49	2460786	2460834	1.35e-17	91.6	121	16477302
CaSNP4184	NC_021167.1	100.000	121	0	0	1	121	564347	564227	1.28e-57	224	121	16477302
CaTSNP7117	NC_021167.1	100.000	121	0	0	1	121	239569	239689	1.28e-57	224	121	16477302
CaTSNP8619	NC_021167.1	100.000	121	0	0	1	121	246827	246707	1.28e-57	224	121	16477302
CaSNP2719	NC_021167.1	99.174	121	1	0	1	121	168053	168173	5.94e-56	219	121	16477302
CaTSNP7240	NC_021167.1	100.000	121	0	0	1	121	94074	93954	1.28e-57	224	121	16477302
CaTSNP8009	NC_021167.1	98.246	114	1	1	1	113	148047	148160	7.74e-50	198	121	16477302
CaSNP2904	NC_021167.1	99.174	121	1	0	1	121	118592	118472	5.94e-56	219	121	16477302
CaTSNP8616	NC_021167.1	99.174	121	1	0	1	121	919162	919042	5.94e-56	219	121	16477302
CaTSNP8558	NC_021167.1	100.000	121	0	0	1	121	286742	286622	1.28e-57	224	121	16477302
CaTSNP6928	NC_021167.1	100.000	121	0	0	1	121	266689	266809	1.28e-57	224	121	16477302
CaTSNP8965	NC_021167.1	99.174	121	1	0	1	121	384777	384897	5.94e-56	219	121	16477302
CaTSNP8476	NC_021167.1	100.000	121	0	0	1	121	674397	674517	1.28e-57	224	121	16477302
CaTSNP6277	NC_021167.1	100.000	121	0	0	1	121	596638	596518	1.28e-57	224	121	16477302
CaTSNP8475	NC_021167.1	100.000	115	0	0	7	121	684167	684281	2.77e-54	213	121	16477302
CaTSNP7131	NC_021167.1	100.000	121	0	0	1	121	765601	765481	1.28e-57	224	121	16477302
CaSNP2900	NC_021167.1	100.000	121	0	0	1	121	3138288	3138168	1.28e-57	224	121	16477302
CaSNP2621	NC_021167.1	100.000	121	0	0	1	121	3955995	3956115	1.28e-57	224	121	16477302
CaTSNP6435	NC_021167.1	100.000	121	0	0	1	121	3829636	3829516	1.28e-57	224	121	16477302
CaTSNP6641	NC_021167.1	100.000	121	0	0	1	121	3634123	3634003	1.28e-57	224	121	16477302
CaTSNP6198	NC_021167.1	100.000	121	0	0	1	121	3887016	3887136	1.28e-57	224	121	16477302
CaTSNP7164	NC_021167.1	98.947	95	1	0	1	95	3551539	3551633	1.69e-41	171	121	16477302
CaTSNP7360	NC_021167.1	100.000	121	0	0	1	121	4159329	4159209	1.28e-57	224	121	16477302
CaTSNP9063	NC_021167.1	100.000	121	0	0	1	121	3711331	3711451	1.28e-57	224	121	16477302
CaTSNP9155	NC_021167.1	100.000	121	0	0	1	121	3602654	3602774	1.28e-57	224	121	16477302
CaTSNP7406	NC_021167.1	100.000	121	0	0	1	121	3459113	3459233	1.28e-57	224	121	16477302
CaTSNP8917	NC_021167.1	98.485	66	1	0	1	66	3563311	3563246	9.76e-26	117	66	16477302
CaTSNP7310	NC_021167.1	100.000	121	0	0	1	121	3003708	3003588	1.28e-57	224	121	16477302
CaTSNP6545	NC_021167.1	100.000	88	0	0	34	121	3950986	3950899	2.82e-39	163	121	16477302
CaTSNP6917	NC_021167.1	100.000	121	0	0	1	121	3208689	3208809	1.28e-57	224	121	16477302
CaTSNP7061	NC_021167.1	100.000	121	0	0	1	121	3127090	3127210	1.28e-57	224	121	16477302
CaTSNP8626	NC_021167.1	100.000	121	0	0	1	121	3396641	3396521	1.28e-57	224	121	16477302
CaTSNP8300	NC_021167.1	100.000	121	0	0	1	121	2802177	2802297	1.28e-57	224	121	16477302
CaTSNP6096	NC_021167.1	100.000	121	0	0	1	121	3129671	3129551	1.28e-57	224	121	16477302
CaTSNP7535	NC_021167.1	100.000	121	0	0	1	121	3096676	3096556	1.28e-57	224	121	16477302
CaTSNP7387	NC_021167.1	100.000	121	0	0	1	121	3955320	3955200	1.28e-57	224	121	16477302
CaTSNP8237	NC_021167.1	100.000	84	0	0	38	121	3965198	3965281	4.73e-37	156	121	16477302
CaTSNP7377	NC_021167.1	100.000	121	0	0	1	121	3283298	3283178	1.28e-57	224	121	16477302
CaTSNP7431	NC_021167.1	100.000	121	0	0	1	121	3055876	3055756	1.28e-57	224	121	16477302
CaTSNP8387	NC_021167.1	100.000	107	0	0	15	121	2922809	2922703	7.74e-50	198	121	16477302
CaTSNP7256	NC_021167.1	100.000	100	0	0	1	100	2977483	2977582	6.03e-46	185	121	16477302
CaTSNP7256	NC_021165.1	97.000	100	3	0	1	100	25625771	25625870	6.07e-41	169	121	59463898
CaTSNP6404	NC_021167.1	99.174	121	0	1	1	121	3911623	3911742	2.14e-55	217	121	16477302
CaTSNP7717	NC_021167.1	100.000	121	0	0	1	121	4234912	4235032	1.28e-57	224	121	16477302
CaTSNP7468	NC_021167.1	100.000	121	0	0	1	121	4131986	4132106	1.28e-57	224	121	16477302
CaTSNP7114	NC_021167.1	100.000	121	0	0	1	121	2572388	2572508	1.28e-57	224	121	16477302
CaTSNP6423	NC_021167.1	100.000	121	0	0	1	121	2509386	2509266	1.28e-57	224	121	16477302
CaTSNP8239	NC_021167.1	100.000	87	0	0	35	121	2288106	2288020	1.02e-38	161	121	16477302
CaTSNP7121	NC_021167.1	100.000	121	0	0	1	121	4377910	4378030	1.28e-57	224	121	16477302
CaTSNP7815	NC_021167.1	99.174	121	1	0	1	121	2207464	2207584	5.94e-56	219	121	16477302
CaTSNP8706	NC_021167.1	100.000	83	0	0	1	83	2245997	2246079	1.70e-36	154	121	16477302
CaTSNP8236	NC_021167.1	97.778	90	1	1	32	121	2267651	2267739	1.70e-36	154	121	16477302
CaTSNP6594	NC_021167.1	100.000	121	0	0	1	121	2214494	2214614	1.28e-57	224	121	16477302
CaTSNP9005	NC_021167.1	98.780	82	1	0	1	82	2263422	2263341	2.84e-34	147	121	16477302
CaTSNP6308	NC_021167.1	100.000	121	0	0	1	121	2153690	2153810	1.28e-57	224	121	16477302
CaTSNP6484	NC_021167.1	100.000	77	0	0	1	77	2025655	2025731	3.68e-33	143	121	16477302
CaTSNP6484	NC_021167.1	98.039	51	1	0	71	121	2026528	2026578	4.86e-17	89.8	121	16477302
CaTSNP6072	NC_021167.1	100.000	91	0	0	9	99	1927657	1927747	6.07e-41	169	121	16477302
CaTSNP6072	NW_004515637.1	94.382	89	5	0	11	99	436841	436929	1.71e-31	137	121	541238
CaTSNP6880	NC_021167.1	100.000	121	0	0	1	121	1717972	1718092	1.28e-57	224	121	16477302
CaTSNP7612	NC_021167.1	100.000	121	0	0	1	121	2011749	2011629	1.28e-57	224	121	16477302
CaTSNP7901	NC_021165.1	100.000	70	0	0	52	121	11397676	11397607	2.86e-29	130	121	59463898
CaTSNP7901	NC_021165.1	100.000	53	0	0	1	53	11398753	11398701	8.08e-20	99.0	121	59463898
CaTSNP8465	NC_021167.1	99.174	121	1	0	1	121	2063194	2063314	5.94e-56	219	121	16477302
CaTSNP9070	NC_021167.1	100.000	121	0	0	1	121	1872506	1872386	1.28e-57	224	121	16477302
CaTSNP9104	NC_021167.1	100.000	121	0	0	1	121	2047557	2047677	1.28e-57	224	121	16477302
CaTSNP9095	NC_021167.1	100.000	84	0	0	38	121	1613005	1612922	4.73e-37	156	121	16477302
CaTSNP6535	NC_021167.1	100.000	121	0	0	1	121	1552203	1552083	1.28e-57	224	121	16477302
CaTSNP8056	NC_021167.1	100.000	118	0	0	4	121	885041	885158	5.94e-56	219	121	16477302
CaTSNP7928	NC_021167.1	100.000	121	0	0	1	121	855748	855628	1.28e-57	224	121	16477302
CaTSNP9111	NC_021167.1	100.000	95	0	0	1	95	829427	829333	3.63e-43	176	121	16477302
CaTSNP6539	NC_021167.1	100.000	121	0	0	1	121	1006727	1006847	1.28e-57	224	121	16477302
CaTSNP8738	NC_021167.1	100.000	121	0	0	1	121	1085284	1085404	1.28e-57	224	121	16477302
CaTSNP7378	NC_021167.1	100.000	82	0	0	13	94	1369127	1369046	6.11e-36	152	121	16477302
CaTSNP7677	NC_021167.1	100.000	116	0	0	6	121	1003273	1003388	7.69e-55	215	121	16477302
CaTSNP6007	NC_021167.1	99.174	121	1	0	1	121	1473577	1473457	5.94e-56	219	121	16477302
CaTSNP6007	NC_021163.1	92.105	114	9	0	1	114	2031976	2032089	1.02e-38	161	121	49191682
CaTSNP7323	NW_004522740.1	98.148	108	2	0	1	108	1537	1430	4.66e-47	189	121	13121
CaTSNP6988	NC_021167.1	99.174	121	1	0	1	121	1387784	1387664	5.94e-56	219	121	16477302
CaTSNP6133	NC_021167.1	99.174	121	1	0	1	121	1015183	1015063	5.94e-56	219	121	16477302
CaTSNP7965	NC_021167.1	100.000	121	0	0	1	121	1297657	1297537	1.28e-57	224	121	16477302
CaTSNP7919	NC_021167.1	99.174	121	1	0	1	121	1110310	1110190	5.94e-56	219	121	16477302
CaTSNP8197	NC_021167.1	100.000	108	0	0	14	121	1255982	1256089	2.15e-50	200	121	16477302
CaTSNP7026	NC_021167.1	100.000	121	0	0	1	121	1230364	1230484	1.28e-57	224	121	16477302
CaTSNP6912	NC_021167.1	100.000	121	0	0	1	121	1152601	1152721	1.28e-57	224	121	16477302
CaSNP2321	NC_021167.1	100.000	121	0	0	1	121	983446	983566	1.28e-57	224	121	16477302
CaSNP5052	NC_021167.1	100.000	121	0	0	1	121	1137632	1137752	1.28e-57	224	121	16477302
CaSNP5062	NC_021167.1	99.174	121	1	0	1	121	1785508	1785628	5.94e-56	219	121	16477302
CaSNP3872	NC_021167.1	99.174	121	1	0	1	121	1362959	1363079	5.94e-56	219	121	16477302
CaSNP2168	NC_021167.1	99.174	121	1	0	1	121	1279143	1279023	5.94e-56	219	121	16477302
CaSNP2168	NC_021160.1	90.909	121	11	0	1	121	28780394	28780514	2.82e-39	163	121	48359943
CaSNP3584	NC_021167.1	100.000	121	0	0	1	121	1754862	1754742	1.28e-57	224	121	16477302
CaSNP2470	NC_021167.1	100.000	121	0	0	1	121	1667744	1667624	1.28e-57	224	121	16477302
CaTSNP7451	NC_021167.1	98.969	97	1	0	1	97	4550566	4550470	1.30e-42	174	121	16477302
CaSNP2765	NC_021167.1	99.174	121	1	0	1	121	4570412	4570532	5.94e-56	219	121	16477302
CaTSNP7798	NC_021167.1	100.000	91	0	0	1	91	4708986	4708896	4.17e-41	169	91	16477302
CaSNP2682	NC_021167.1	99.174	121	1	0	1	121	4626413	4626533	5.94e-56	219	121	16477302
CaSNP2682	NC_021166.1	91.803	61	5	0	47	107	13318129	13318189	6.29e-16	86.1	121	48961560
CaSNP2390	NC_021167.1	99.174	121	1	0	1	121	4717669	4717549	5.94e-56	219	121	16477302
CaSNP2935	NC_021167.1	99.180	122	0	1	1	121	4826857	4826978	5.94e-56	219	121	16477302
CaTSNP6207	NC_021167.1	100.000	95	0	0	27	121	4848598	4848504	3.63e-43	176	121	16477302
CaTSNP8966	NC_021167.1	100.000	121	0	0	1	121	4565808	4565928	1.28e-57	224	121	16477302
CaTSNP6350	NC_021167.1	99.174	121	1	0	1	121	4764973	4765093	5.94e-56	219	121	16477302
CaTSNP8484	NC_021167.1	100.000	99	0	0	23	121	4823092	4822994	2.17e-45	183	121	16477302
CaTSNP6980	NC_021167.1	100.000	121	0	0	1	121	4561935	4562055	1.28e-57	224	121	16477302
CaTSNP8926	NC_021167.1	100.000	121	0	0	1	121	4952468	4952348	1.28e-57	224	121	16477302
CaTSNP7341	NC_021167.1	100.000	121	0	0	1	121	4898370	4898250	1.28e-57	224	121	16477302
CaSNP2400	NC_021167.1	100.000	121	0	0	1	121	4998642	4998762	1.28e-57	224	121	16477302
CaTSNP6060	NC_021167.1	99.174	121	1	0	1	121	4970772	4970652	5.94e-56	219	121	16477302
CaTSNP6060	NC_021167.1	94.215	121	7	0	1	121	4697716	4697836	6.03e-46	185	121	16477302
CaTSNP6060	NC_021167.1	92.562	121	9	0	1	121	4709705	4709825	1.30e-42	174	121	16477302
CaTSNP7268	NC_021167.1	100.000	121	0	0	1	121	5051098	5050978	1.28e-57	224	121	16477302
CaSNP3068	NC_021167.1	99.174	121	1	0	1	121	8115408	8115288	5.94e-56	219	121	16477302
CaTSNP7554	NC_021167.1	99.174	121	1	0	1	121	5336569	5336689	5.94e-56	219	121	16477302
CaTSNP7138	NC_021167.1	99.174	121	1	0	1	121	5307208	5307328	5.94e-56	219	121	16477302
CaTSNP8122	NC_021167.1	100.000	93	0	0	29	121	5258920	5259012	4.69e-42	172	121	16477302
CaSNP3104	NC_021167.1	99.174	121	1	0	1	121	5154525	5154405	5.94e-56	219	121	16477302
CaTSNP8606	NC_021167.1	100.000	121	0	0	1	121	5425287	5425407	1.28e-57	224	121	16477302
CaSNP3186	NC_021167.1	99.174	121	1	0	1	121	5644370	5644490	5.94e-56	219	121	16477302
CaTSNP7556	NC_021167.1	100.000	115	0	0	1	115	5434093	5434207	2.77e-54	213	121	16477302
CaTSNP8521	NC_021167.1	100.000	95	0	0	1	95	5441547	5441641	3.63e-43	176	121	16477302
CaTSNP9100	NC_021167.1	100.000	121	0	0	1	121	5342203	5342323	1.28e-57	224	121	16477302
CaTSNP6688	NC_021167.1	100.000	101	0	0	21	121	5481001	5480901	1.68e-46	187	121	16477302
CaTSNP6951	NC_021167.1	99.174	121	0	1	1	121	5471286	5471405	2.14e-55	217	121	16477302
CaTSNP8082	NC_021167.1	100.000	121	0	0	1	121	5612489	5612369	1.28e-57	224	121	16477302
CaSNP2322	NC_021167.1	99.174	121	1	0	1	121	8676519	8676399	5.94e-56	219	121	16477302
CaSNP5151	NC_021167.1	99.174	121	1	0	1	121	7356677	7356797	5.94e-56	219	121	16477302
CaSNP2070	NC_021167.1	100.000	121	0	0	1	121	7984590	7984710	1.28e-57	224	121	16477302
CaSNP3776	NC_021167.1	100.000	121	0	0	1	121	7641881	7641761	1.28e-57	224	121	16477302
CaSNP3776	NC_021163.1	93.388	121	8	0	1	121	21006369	21006489	2.80e-44	180	121	49191682
CaSNP3776	NC_021163.1	94.690	113	6	0	9	121	21551508	21551620	3.63e-43	176	121	49191682
CaSNP3776	NC_021163.1	93.805	113	7	0	9	121	20990830	20990942	1.69e-41	171	121	49191682
CaSNP3776	NC_021163.1	93.805	113	7	0	9	121	21531856	21531968	1.69e-41	171	121	49191682
CaSNP3776	NW_004516369.1	93.162	117	8	0	1	117	165595	165711	4.69e-42	172	121	506461
CaSNP3776	NW_004516782.1	91.736	121	10	0	1	121	112513	112393	6.07e-41	169	121	251638
CaSNP2073	NC_021167.1	99.174	121	1	0	1	121	7720199	7720079	5.94e-56	219	121	16477302
CaSNP2506	NC_021167.1	100.000	121	0	0	1	121	8331853	8331733	1.28e-57	224	121	16477302
CaSNP2914	NC_021167.1	99.174	121	1	0	1	121	8223971	8223851	5.94e-56	219	121	16477302
CaTSNP8142	NC_021167.1	100.000	121	0	0	1	121	7517541	7517421	1.28e-57	224	121	16477302
CaTSNP9055	NC_021167.1	100.000	121	0	0	1	121	7500983	7501103	1.28e-57	224	121	16477302
CaTSNP7954	NC_021167.1	100.000	121	0	0	1	121	7706400	7706520	1.28e-57	224	121	16477302
CaTSNP7874	NC_021167.1	100.000	109	0	0	1	109	7433210	7433318	5.99e-51	202	121	16477302
CaTSNP6216	NC_021167.1	100.000	121	0	0	1	121	8124968	8125088	1.28e-57	224	121	16477302
CaTSNP8466	NC_021167.1	100.000	100	0	0	1	100	7575095	7574996	6.03e-46	185	121	16477302
CaSNP3711	NC_021167.1	99.174	121	1	0	1	121	8173524	8173404	5.94e-56	219	121	16477302
CaSNP3711	NC_021160.1	94.828	58	3	0	64	121	28436443	28436386	1.35e-17	91.6	121	48359943
CaSNP3711	NC_021160.1	93.103	58	4	0	64	121	27800160	27800217	6.29e-16	86.1	121	48359943
CaTSNP6059	NC_021167.1	99.180	122	0	1	1	121	8324162	8324041	5.94e-56	219	121	16477302
CaTSNP8231	NC_021167.1	97.753	89	2	0	33	121	8197006	8196918	1.70e-36	154	121	16477302
CaTSNP6533	NC_021167.1	100.000	109	0	0	13	121	7433318	7433210	5.99e-51	202	121	16477302
CaTSNP7523	NC_021167.1	100.000	121	0	0	1	121	7664833	7664953	1.28e-57	224	121	16477302
CaTSNP8960	NC_021167.1	100.000	121	0	0	1	121	7977888	7978008	1.28e-57	224	121	16477302
CaTSNP8062	NC_021167.1	100.000	101	0	0	1	101	7583747	7583847	1.68e-46	187	121	16477302
CaTSNP8156	NC_021167.1	100.000	110	0	0	12	121	7526907	7527016	1.66e-51	204	121	16477302
CaTSNP7365	NC_021167.1	100.000	121	0	0	1	121	8114376	8114256	1.28e-57	224	121	16477302
CaTSNP7631	NC_021167.1	100.000	121	0	0	1	121	7876633	7876753	1.28e-57	224	121	16477302
CaTSNP7063	NC_021167.1	100.000	121	0	0	1	121	8159648	8159528	1.28e-57	224	121	16477302
CaTSNP7927	NC_021167.1	100.000	121	0	0	1	121	7182215	7182335	1.28e-57	224	121	16477302
CaTSNP8307	NC_021167.1	100.000	96	0	0	1	96	6107219	6107124	1.01e-43	178	121	16477302
CaTSNP7610	NC_021167.1	100.000	121	0	0	1	121	6989795	6989675	1.28e-57	224	121	16477302
CaTSNP7946	NC_021167.1	100.000	90	0	0	32	121	6927814	6927725	2.18e-40	167	121	16477302
CaTSNP8883	NC_021167.1	100.000	121	0	0	1	121	6748076	6748196	1.28e-57	224	121	16477302
CaTSNP8083	NC_021167.1	99.057	106	0	1	1	105	7756749	7756644	4.66e-47	189	121	16477302
CaTSNP8390	NC_021167.1	100.000	121	0	0	1	121	5985297	5985417	1.28e-57	224	121	16477302
CaTSNP8915	NC_021167.1	100.000	96	0	0	26	121	6026400	6026495	1.01e-43	178	121	16477302
CaTSNP8969	NC_021167.1	100.000	96	0	0	26	121	6048649	6048744	1.01e-43	178	121	16477302
CaTSNP6099	NC_021167.1	100.000	82	0	0	1	82	7008708	7008789	6.11e-36	152	121	16477302
CaTSNP8726	NC_021167.1	99.174	121	1	0	1	121	6770657	6770537	5.94e-56	219	121	16477302
CaTSNP7716	NC_021167.1	100.000	121	0	0	1	121	6034404	6034284	1.28e-57	224	121	16477302
CaTSNP6201	NC_021167.1	100.000	121	0	0	1	121	7051403	7051523	1.28e-57	224	121	16477302
CaTSNP6201	NC_021167.1	95.041	121	6	0	1	121	7066136	7066256	1.30e-47	191	121	16477302
CaTSNP7730	NC_021167.1	99.174	121	1	0	1	121	6039709	6039829	5.94e-56	219	121	16477302
CaTSNP6180	NC_021167.1	99.174	121	1	0	1	121	7003231	7003351	5.94e-56	219	121	16477302
CaTSNP9026	NC_021167.1	99.174	121	1	0	1	121	6677054	6676934	5.94e-56	219	121	16477302
CaTSNP7150	NC_021167.1	100.000	121	0	0	1	121	6115285	6115405	1.28e-57	224	121	16477302
CaTSNP6838	NC_021167.1	99.174	121	1	0	1	121	6122592	6122472	5.94e-56	219	121	16477302
CaTSNP8993	NC_021167.1	100.000	121	0	0	1	121	6943674	6943554	1.28e-57	224	121	16477302
CaTSNP6353	NC_021167.1	100.000	77	0	0	35	111	6275354	6275278	3.68e-33	143	121	16477302
CaTSNP8306	NC_021167.1	99.174	121	1	0	1	121	6262489	6262609	5.94e-56	219	121	16477302
CaTSNP8128	NC_021167.1	99.174	121	1	0	1	121	6309417	6309537	5.94e-56	219	121	16477302
CaSNP3950	NC_021167.1	99.174	121	1	0	1	121	6259982	6260102	5.94e-56	219	121	16477302
CaSNP2084	NC_021167.1	100.000	121	0	0	1	121	7097399	7097279	1.28e-57	224	121	16477302
CaSNP5039	NC_021167.1	99.174	121	1	0	1	121	6699755	6699875	5.94e-56	219	121	16477302
CaTSNP8553	NC_021167.1	93.407	91	5	1	32	121	6213948	6213858	2.21e-30	134	121	16477302
CaTSNP8553	NC_021167.1	100.000	53	0	0	1	53	6214088	6214036	8.08e-20	99.0	121	16477302
CaSNP3402	NC_021167.1	100.000	121	0	0	1	121	7245353	7245233	1.28e-57	224	121	16477302
CaTSNP9002	NC_021167.1	100.000	90	0	0	1	90	6148327	6148416	2.18e-40	167	121	16477302
CaSNP2131	NC_021167.1	99.174	121	1	0	1	121	6151435	6151315	5.94e-56	219	121	16477302
CaTSNP8919	NC_021167.1	100.000	106	0	0	3	108	6186260	6186155	2.78e-49	196	121	16477302
CaSNP3148	NC_021167.1	100.000	121	0	0	1	121	6325628	6325508	1.28e-57	224	121	16477302
CaTSNP6899	NC_021167.1	100.000	121	0	0	1	121	6164216	6164096	1.28e-57	224	121	16477302
CaSNP2100	NC_021167.1	100.000	121	0	0	1	121	6585334	6585454	1.28e-57	224	121	16477302
CaTSNP7739	NC_021167.1	100.000	84	0	0	38	121	6513115	6513198	4.73e-37	156	121	16477302
CaTSNP7739	NC_021166.1	91.250	80	7	0	38	117	15623756	15623835	3.73e-23	110	121	48961560
CaTSNP7273	NC_021167.1	100.000	121	0	0	1	121	6561660	6561780	1.28e-57	224	121	16477302
CaSNP2291	NC_021165.1	99.174	121	1	0	1	121	32778655	32778535	5.94e-56	219	121	59463898
CaSNP2291	NC_021165.1	93.333	120	6	2	3	121	33821316	33821198	3.63e-43	176	121	59463898
CaSNP2291	NC_021165.1	90.833	120	10	1	3	121	36604881	36605000	3.65e-38	159	121	59463898
CaSNP2291	NC_021165.1	90.000	120	9	2	3	121	34806911	34806794	6.11e-36	152	121	59463898
CaSNP2291	NW_004517032.1	95.833	120	4	1	3	121	101242	101123	3.60e-48	193	121	172437
CaSNP2291	NW_004517032.1	90.833	120	10	1	3	121	97409	97290	3.65e-38	159	121	172437
CaSNP2291	NW_004517205.1	93.333	120	7	1	3	121	13798	13679	3.63e-43	176	121	225302
CaSNP2291	NW_004515775.1	94.017	117	6	1	3	118	715800	715916	3.63e-43	176	121	823300
CaSNP2291	NW_004515775.1	92.174	115	8	1	3	116	718104	718218	1.02e-38	161	121	823300
CaSNP2291	NC_021163.1	93.333	120	7	1	3	121	26337954	26338073	3.63e-43	176	121	49191682
CaSNP2291	NC_021163.1	91.667	120	9	1	3	121	20633927	20634046	7.85e-40	165	121	49191682
CaSNP2291	NC_021163.1	90.833	120	10	1	3	121	25375991	25375872	3.65e-38	159	121	49191682
CaSNP2291	NC_021163.1	90.833	120	10	1	3	121	34335816	34335935	3.65e-38	159	121	49191682
CaSNP2291	NC_021163.1	90.654	107	9	1	3	108	32615554	32615448	1.32e-32	141	121	49191682
CaSNP2291	NC_021163.1	90.654	107	9	1	16	121	42528783	42528889	1.32e-32	141	121	49191682
CaSNP2291	NC_021163.1	91.209	91	7	1	3	92	22371429	22371339	4.79e-27	122	121	49191682
CaTSNP6248	NC_021167.1	100.000	84	0	0	38	121	6513115	6513198	4.73e-37	156	121	16477302
CaTSNP6248	NC_021166.1	91.250	80	7	0	38	117	15623756	15623835	3.73e-23	110	121	48961560
CaSNP2246	NC_021167.1	100.000	121	0	0	1	121	16389965	16390085	1.28e-57	224	121	16477302
CaSNP2246	NC_021160.1	93.590	78	3	1	3	80	45931021	45931096	8.02e-25	115	121	48359943
CaSNP4446	NC_021167.1	99.174	121	1	0	1	121	16227291	16227411	5.94e-56	219	121	16477302
CaSNP5055	NC_021167.1	99.174	121	1	0	1	121	15984212	15984092	5.94e-56	219	121	16477302
CaSNP3080	NC_021167.1	99.174	121	1	0	1	121	15860745	15860625	5.94e-56	219	121	16477302
CaSNP4974	NC_021167.1	99.174	121	1	0	1	121	15808978	15809098	5.94e-56	219	121	16477302
CaTSNP6656	NC_021167.1	100.000	121	0	0	1	121	16191667	16191547	1.28e-57	224	121	16477302
CaTSNP6837	NC_021167.1	99.174	121	1	0	1	121	16129433	16129553	5.94e-56	219	121	16477302
CaSNP4473	NC_021167.1	100.000	121	0	0	1	121	15663037	15662917	1.28e-57	224	121	16477302
CaSNP2111	NC_021167.1	99.174	121	1	0	1	121	15568886	15568766	5.94e-56	219	121	16477302
CaSNP2001	NC_021167.1	99.174	121	1	0	1	121	15380702	15380582	5.94e-56	219	121	16477302
CaTSNP7496	NC_021167.1	99.174	121	1	0	1	121	15699890	15700010	5.94e-56	219	121	16477302
CaTSNP8441	NC_021167.1	100.000	99	0	0	23	121	15553213	15553311	2.17e-45	183	121	16477302
CaTSNP7392	NC_021167.1	100.000	84	0	0	38	121	15705803	15705886	4.73e-37	156	121	16477302
CaSNP4303	NC_021167.1	100.000	121	0	0	1	121	15207595	15207715	1.28e-57	224	121	16477302
CaSNP4254	NC_021167.1	100.000	121	0	0	1	121	15168168	15168288	1.28e-57	224	121	16477302
CaTSNP6513	NC_021167.1	100.000	121	0	0	1	121	15480900	15481020	1.28e-57	224	121	16477302
CaSNP2912	NC_021167.1	99.174	121	1	0	1	121	15145617	15145497	5.94e-56	219	121	16477302
CaTSNP8592	NC_021167.1	100.000	82	0	0	40	121	15396641	15396722	6.11e-36	152	121	16477302
CaSNP1924	NC_021167.1	100.000	121	0	0	1	121	14495406	14495286	1.28e-57	224	121	16477302
CaTSNP7229	NC_021167.1	100.000	118	0	0	4	121	15144546	15144663	5.94e-56	219	121	16477302
CaTSNP6668	NC_021167.1	98.347	121	2	0	1	121	14770486	14770366	2.77e-54	213	121	16477302
CaTSNP8080	NC_021167.1	100.000	121	0	0	1	121	14681647	14681527	1.28e-57	224	121	16477302
CaTSNP8103	NC_021167.1	100.000	121	0	0	1	121	14844743	14844623	1.28e-57	224	121	16477302
CaTSNP6941	NC_021167.1	100.000	121	0	0	1	121	14604267	14604147	1.28e-57	224	121	16477302
CaTSNP7968	NC_021167.1	100.000	103	0	0	1	103	14714852	14714954	1.30e-47	191	121	16477302
CaTSNP8479	NC_021167.1	99.048	105	1	0	17	121	14815019	14815123	4.66e-47	189	121	16477302
CaTSNP7698	NC_021167.1	100.000	108	0	0	14	121	14748490	14748383	2.15e-50	200	121	16477302
CaTSNP6485	NC_021167.1	100.000	75	0	0	21	95	11119791	11119865	4.76e-32	139	121	16477302
CaTSNP6342	NC_021167.1	100.000	87	0	0	1	87	11678104	11678190	1.02e-38	161	121	16477302
CaTSNP6342	NC_021161.1	100.000	87	0	0	1	87	27661192	27661106	1.02e-38	161	121	36634854
CaTSNP7466	NC_021167.1	100.000	121	0	0	1	121	11218503	11218623	1.28e-57	224	121	16477302
CaTSNP6540	NC_021167.1	100.000	121	0	0	1	121	11710598	11710478	1.28e-57	224	121	16477302
CaTSNP7027	NW_004515683.1	99.010	101	0	1	22	121	174081	173981	2.80e-44	180	121	301675
CaTSNP7149	NW_004515683.1	100.000	98	0	0	1	98	240385	240482	7.80e-45	182	121	301675
CaSNP3724	NC_021167.1	100.000	121	0	0	1	121	11594594	11594474	1.28e-57	224	121	16477302
CaSNP1959	NC_021167.1	100.000	121	0	0	1	121	11695601	11695721	1.28e-57	224	121	16477302
CaSNP4191	NW_004515683.1	98.462	65	1	0	1	65	112512	112448	8.02e-25	115	121	301675
CaSNP2242	NC_021167.1	99.174	121	1	0	1	121	11818763	11818643	5.94e-56	219	121	16477302
CaSNP2242	NC_021167.1	98.333	60	1	0	62	121	11818658	11818599	4.83e-22	106	121	16477302
CaSNP3715	NW_004515683.1	98.319	119	1	1	3	121	59949	59832	1.29e-52	207	121	301675
CaSNP2311	NW_004516329.1	99.174	121	1	0	1	121	470465	470345	5.94e-56	219	121	688796
CaSNP3303	NW_004515744.1	99.180	122	0	1	1	121	155414	155293	5.94e-56	219	121	642373
CaSNP4693	NC_021167.1	100.000	121	0	0	1	121	13434862	13434982	1.28e-57	224	121	16477302
CaSNP2848	NC_021165.1	99.174	121	1	0	1	121	32717510	32717390	5.94e-56	219	121	59463898
CaSNP2909	NW_004517519.1	99.174	121	1	0	1	121	232891	233011	5.94e-56	219	121	514336
CaSNP3730	NC_021164.1	100.000	121	0	0	1	121	18889115	18889235	1.28e-57	224	121	48169137
CaSNP2646	NW_004516558.1	100.000	121	0	0	1	121	715402	715282	1.28e-57	224	121	770158
CaSNP4387	NW_004515650.1	100.000	121	0	0	1	121	417296	417416	1.28e-57	224	121	618060
CaSNP4387	NW_004515991.1	95.000	60	2	1	22	81	399775	399717	3.76e-18	93.5	121	948327
CaSNP4078	NW_004517519.1	97.561	123	1	1	1	121	459867	459989	3.58e-53	209	121	514336
CaSNP4857	NW_004518588.1	99.174	121	1	0	1	121	23350	23470	5.94e-56	219	121	59400
CaSNP4201	NW_004515650.1	100.000	121	0	0	1	121	350406	350526	1.28e-57	224	121	618060
CaSNP3255	NC_021167.1	100.000	121	0	0	1	121	10461178	10461058	1.28e-57	224	121	16477302
CaSNP3871	NW_004516558.1	98.361	122	1	1	1	121	405267	405388	2.77e-54	213	121	770158
CaSNP3871	NC_021164.1	98.361	122	1	1	1	121	17275120	17275241	2.77e-54	213	121	48169137
CaSNP3871	NC_021165.1	95.370	108	4	1	15	121	46339335	46339228	1.69e-41	171	121	59463898
CaSNP4284	NC_021167.1	99.174	121	1	0	1	121	12889632	12889512	5.94e-56	219	121	16477302
CaSNP4705	NW_004517519.1	100.000	121	0	0	1	121	164246	164126	1.28e-57	224	121	514336
CaSNP4176	NW_004516807.1	98.374	123	0	1	1	121	54981	55103	7.69e-55	215	121	195253
CaSNP4982	NC_021167.1	100.000	121	0	0	1	121	10766659	10766539	1.28e-57	224	121	16477302
CaSNP4651	NW_004516315.1	99.174	121	1	0	1	121	232574	232694	5.94e-56	219	121	368356
CaSNP4226	NW_004516315.1	99.174	121	1	0	1	121	269304	269184	5.94e-56	219	121	368356
CaSNP2194	NC_021167.1	99.174	121	1	0	1	121	13159463	13159583	5.94e-56	219	121	16477302
CaSNP2194	NC_021167.1	98.810	84	1	0	1	84	13159325	13159408	2.20e-35	150	121	16477302
CaSNP4035	NW_004516558.1	99.174	121	1	0	1	121	335505	335385	5.94e-56	219	121	770158
CaSNP4843	NW_004516369.1	97.581	124	0	1	1	121	482900	482777	3.58e-53	209	121	506461
CaSNP2916	NC_021164.1	100.000	121	0	0	1	121	18563908	18563788	1.28e-57	224	121	48169137
CaSNP4219	NW_004516369.1	99.174	121	1	0	1	121	273200	273080	5.94e-56	219	121	506461
CaSNP4219	NC_021163.1	95.041	121	6	0	1	121	27090694	27090814	1.30e-47	191	121	49191682
CaSNP2927	NC_021167.1	99.174	121	1	0	1	121	13248208	13248328	5.94e-56	219	121	16477302
CaSNP3604	NW_004516558.1	100.000	121	0	0	1	121	90175	90295	1.28e-57	224	121	770158
CaSNP3930	NW_004516272.1	99.174	121	1	0	1	121	228538	228658	5.94e-56	219	121	309189
CaSNP3930	NC_021160.1	91.057	123	8	3	2	121	46103362	46103484	2.82e-39	163	121	48359943
CaSNP4326	NC_021164.1	99.174	121	1	0	1	121	18708903	18708783	5.94e-56	219	121	48169137
CaSNP3706	NW_004516279.1	99.174	121	1	0	1	121	142147	142267	5.94e-56	219	121	207882
CaSNP2202	NW_004515744.1	99.174	121	1	0	1	121	545352	545472	5.94e-56	219	121	642373
CaSNP4595	NC_021167.1	99.174	121	1	0	1	121	10075153	10075273	5.94e-56	219	121	16477302
CaSNP3984	NC_021167.1	99.174	121	1	0	1	121	9984345	9984465	5.94e-56	219	121	16477302
CaSNP3984	NC_021167.1	95.122	82	4	0	33	114	11648885	11648804	2.86e-29	130	121	16477302
CaSNP3984	NC_021167.1	97.333	75	2	0	43	117	34440	34514	1.03e-28	128	121	16477302
CaSNP3984	NC_021167.1	92.941	85	4	1	39	121	6286836	6286920	4.79e-27	122	121	16477302
CaSNP3984	NC_021167.1	97.222	72	2	0	43	114	7891513	7891442	4.79e-27	122	121	16477302
CaSNP3984	NC_021167.1	97.183	71	2	0	47	117	4384129	4384199	1.72e-26	121	121	16477302
CaSNP3984	NC_021167.1	98.529	68	1	0	47	114	7323818	7323885	1.72e-26	121	121	16477302
CaSNP3984	NC_021167.1	96.000	75	2	1	43	117	10812526	10812453	1.72e-26	121	121	16477302
CaSNP3984	NC_021167.1	94.805	77	3	1	46	121	3637498	3637422	6.20e-26	119	121	16477302
CaSNP3984	NC_021167.1	93.827	81	2	3	37	114	9234355	9234435	6.20e-26	119	121	16477302
CaSNP3984	NC_021167.1	93.590	78	5	0	37	114	610585	610662	2.23e-25	117	121	16477302
CaSNP3984	NC_021167.1	97.101	69	2	0	46	114	739161	739093	2.23e-25	117	121	16477302
CaSNP3984	NC_021167.1	94.667	75	4	0	47	121	2237951	2237877	2.23e-25	117	121	16477302
CaSNP3984	NC_021167.1	94.667	75	4	0	47	121	12848436	12848362	2.23e-25	117	121	16477302
CaSNP3984	NC_021167.1	94.667	75	4	0	44	118	15439332	15439258	2.23e-25	117	121	16477302
CaSNP3984	NC_021167.1	95.775	71	3	0	44	114	2256601	2256671	8.02e-25	115	121	16477302
CaSNP3984	NC_021167.1	94.595	74	4	0	45	118	14165657	14165584	8.02e-25	115	121	16477302
CaSNP3984	NC_021167.1	95.714	70	3	0	48	117	2234343	2234412	2.89e-24	113	121	16477302
CaSNP3984	NC_021167.1	94.595	74	3	1	46	119	4384509	4384437	2.89e-24	113	121	16477302
CaSNP3984	NC_021167.1	94.521	73	4	0	42	114	8871592	8871664	2.89e-24	113	121	16477302
CaSNP3984	NC_021167.1	93.421	76	5	0	46	121	11618782	11618857	2.89e-24	113	121	16477302
CaSNP3984	NC_021167.1	92.405	79	6	0	43	121	13926501	13926423	2.89e-24	113	121	16477302
CaSNP3984	NC_021167.1	95.652	69	3	0	46	114	3637130	3637198	1.04e-23	111	121	16477302
CaSNP3984	NC_021167.1	96.970	66	2	0	49	114	7631808	7631743	1.04e-23	111	121	16477302
CaSNP3984	NC_021167.1	94.444	72	4	0	47	118	8449576	8449505	1.04e-23	111	121	16477302
CaSNP3984	NC_021167.1	90.476	84	8	0	38	121	11557751	11557668	1.04e-23	111	121	16477302
CaSNP3984	NC_021167.1	94.366	71	4	0	47	117	7551533	7551463	3.73e-23	110	121	16477302
CaSNP3984	NC_021167.1	93.333	75	4	1	45	118	11557363	11557437	3.73e-23	110	121	16477302
CaSNP3984	NC_021167.1	93.243	74	4	1	49	121	34818	34745	1.34e-22	108	121	16477302
CaSNP3984	NC_021167.1	93.151	73	5	0	46	118	6287224	6287152	1.34e-22	108	121	16477302
CaSNP3984	NC_021167.1	93.243	74	4	1	46	118	8260160	8260233	1.34e-22	108	121	16477302
CaSNP3984	NC_021167.1	92.105	76	6	0	46	121	11648490	11648565	1.34e-22	108	121	16477302
CaSNP3984	NC_021167.1	93.151	73	5	0	42	114	14940110	14940038	1.34e-22	108	121	16477302
CaSNP3984	NC_021167.1	94.203	69	4	0	46	114	9984763	9984695	4.83e-22	106	121	16477302
CaSNP3984	NC_021167.1	94.203	69	4	0	46	114	13509420	13509488	4.83e-22	106	121	16477302
CaSNP3984	NC_021167.1	91.139	79	5	2	42	118	15613577	15613499	4.83e-22	106	121	16477302
CaSNP3984	NC_021167.1	93.056	72	4	1	48	118	3948486	3948557	1.74e-21	104	121	16477302
CaSNP3984	NC_021167.1	91.026	78	6	1	42	118	7324197	7324120	1.74e-21	104	121	16477302
CaSNP3984	NC_021167.1	93.056	72	4	1	43	114	10949833	10949903	1.74e-21	104	121	16477302
CaSNP3984	NC_021167.1	91.892	74	5	1	46	118	7891141	7891214	6.25e-21	102	121	16477302
CaSNP3984	NC_021167.1	91.781	73	6	0	46	118	8260540	8260468	6.25e-21	102	121	16477302
CaSNP3984	NC_021167.1	90.789	76	7	0	43	118	8449198	8449273	6.25e-21	102	121	16477302
CaSNP3984	NC_021167.1	94.030	67	4	0	48	114	14165281	14165347	6.25e-21	102	121	16477302
CaSNP3984	NC_021167.1	92.857	70	4	1	45	114	3350156	3350224	2.25e-20	100	121	16477302
CaSNP3984	NC_021167.1	92.754	69	5	0	46	114	8345864	8345932	2.25e-20	100	121	16477302
CaSNP3984	NC_021167.1	90.789	76	6	1	47	121	14950812	14950887	2.25e-20	100	121	16477302
CaSNP3984	NC_021167.1	92.754	69	5	0	46	114	15613192	15613260	2.25e-20	100	121	16477302
CaSNP3984	NC_021167.1	92.754	69	5	0	46	114	16467786	16467718	2.25e-20	100	121	16477302
CaSNP3984	NC_021167.1	92.647	68	5	0	47	114	5968983	5968916	8.08e-20	99.0	121	16477302
CaSNP3984	NC_021167.1	93.846	65	4	0	50	114	11993485	11993549	8.08e-20	99.0	121	16477302
CaSNP3984	NC_021167.1	90.411	73	7	0	44	116	10159556	10159628	2.91e-19	97.1	121	16477302
CaSNP3984	NC_021167.1	92.537	67	5	0	48	114	11619157	11619091	2.91e-19	97.1	121	16477302
CaSNP3984	NC_021167.1	90.411	73	7	0	42	114	14200187	14200259	2.91e-19	97.1	121	16477302
CaSNP3984	NC_021167.1	90.411	73	6	1	43	114	4753645	4753717	1.05e-18	95.3	121	16477302
CaSNP3984	NC_021167.1	92.424	66	5	0	49	114	7806371	7806306	1.05e-18	95.3	121	16477302
CaSNP3984	NC_021167.1	91.429	70	4	2	46	114	16028869	16028937	1.05e-18	95.3	121	16477302
CaSNP3984	NC_021167.1	91.304	69	5	1	47	114	5755525	5755457	3.76e-18	93.5	121	16477302
CaSNP3984	NC_021167.1	90.141	71	5	2	47	117	8704143	8704075	1.35e-17	91.6	121	16477302
CaSNP3984	NC_021167.1	92.063	63	5	0	52	114	15623742	15623804	4.86e-17	89.8	121	16477302
CaSNP3984	NC_021167.1	98.039	51	0	1	67	117	10160091	10160042	1.75e-16	87.9	121	16477302
CaSNP3984	NC_021167.1	100.000	46	0	0	72	117	2237601	2237646	6.29e-16	86.1	121	16477302
CaSNP3984	NW_004516094.1	93.548	93	4	2	26	118	110926	111016	1.71e-31	137	121	582655
CaSNP3984	NW_004516094.1	93.506	77	5	0	45	121	387670	387746	8.02e-25	115	121	582655
CaSNP3984	NC_021165.1	95.238	84	4	0	38	121	12314916	12314999	2.21e-30	134	121	59463898
CaSNP3984	NC_021165.1	97.333	75	2	0	44	118	8363484	8363410	1.03e-28	128	121	59463898
CaSNP3984	NC_021165.1	90.722	97	7	2	26	121	8994489	8994584	1.03e-28	128	121	59463898
CaSNP3984	NC_021165.1	96.104	77	3	0	38	114	30552813	30552737	3.71e-28	126	121	59463898
CaSNP3984	NC_021165.1	94.937	79	4	0	43	121	33434673	33434595	1.33e-27	124	121	59463898
CaSNP3984	NC_021165.1	98.571	70	1	0	45	114	53787754	53787823	1.33e-27	124	121	59463898
CaSNP3984	NC_021165.1	91.111	90	8	0	28	117	6796949	6797038	4.79e-27	122	121	59463898
CaSNP3984	NC_021165.1	98.551	69	1	0	46	114	15699324	15699256	4.79e-27	122	121	59463898
CaSNP3984	NC_021165.1	97.222	72	2	0	43	114	52185644	52185715	4.79e-27	122	121	59463898
CaSNP3984	NC_021165.1	97.183	71	2	0	47	117	18763025	18762955	1.72e-26	121	121	59463898
CaSNP3984	NC_021165.1	96.000	75	2	1	43	117	37708714	37708641	1.72e-26	121	121	59463898
CaSNP3984	NC_021165.1	97.183	71	2	0	44	114	37851643	37851573	1.72e-26	121	121	59463898
CaSNP3984	NC_021165.1	94.805	77	4	0	42	118	54710742	54710818	1.72e-26	121	121	59463898
CaSNP3984	NC_021165.1	94.737	76	4	0	39	114	813423	813498	6.20e-26	119	121	59463898
CaSNP3984	NC_021165.1	91.860	86	5	2	34	118	6622388	6622472	6.20e-26	119	121	59463898
CaSNP3984	NC_021165.1	95.946	74	2	1	46	118	15698944	15699017	6.20e-26	119	121	59463898
CaSNP3984	NC_021165.1	95.890	73	3	0	47	119	22435399	22435327	6.20e-26	119	121	59463898
CaSNP3984	NC_021165.1	93.750	80	4	1	43	121	24275954	24276033	6.20e-26	119	121	59463898
CaSNP3984	NC_021165.1	93.671	79	5	0	43	121	45633832	45633910	6.20e-26	119	121	59463898
CaSNP3984	NC_021165.1	97.101	69	2	0	46	114	247392	247324	2.23e-25	117	121	59463898
CaSNP3984	NC_021165.1	94.737	76	3	1	46	121	10795678	10795604	2.23e-25	117	121	59463898
CaSNP3984	NC_021165.1	95.833	72	3	0	43	114	14579744	14579815	2.23e-25	117	121	59463898
CaSNP3984	NC_021165.1	98.485	66	1	0	50	115	15641922	15641857	2.23e-25	117	121	59463898
CaSNP3984	NC_021165.1	97.101	69	2	0	46	114	17527472	17527404	2.23e-25	117	121	59463898
CaSNP3984	NC_021165.1	95.890	73	2	1	45	117	32228680	32228751	2.23e-25	117	121	59463898
CaSNP3984	NC_021165.1	97.101	69	2	0	46	114	34280913	34280981	2.23e-25	117	121	59463898
CaSNP3984	NC_021165.1	97.101	69	2	0	46	114	46867979	46868047	2.23e-25	117	121	59463898
CaSNP3984	NC_021165.1	94.667	75	4	0	43	117	53118757	53118683	2.23e-25	117	121	59463898
CaSNP3984	NC_021165.1	97.101	69	2	0	46	114	57806843	57806911	2.23e-25	117	121	59463898
CaSNP3984	NC_021165.1	95.775	71	3	0	48	118	10309442	10309512	8.02e-25	115	121	59463898
CaSNP3984	NC_021165.1	92.500	80	6	0	42	121	16082975	16083054	8.02e-25	115	121	59463898
CaSNP3984	NC_021165.1	93.506	77	5	0	42	118	17279605	17279529	8.02e-25	115	121	59463898
CaSNP3984	NC_021165.1	97.059	68	2	0	47	114	18366607	18366674	8.02e-25	115	121	59463898
CaSNP3984	NC_021165.1	95.775	71	3	0	47	117	26666024	26666094	8.02e-25	115	121	59463898
CaSNP3984	NC_021165.1	97.059	68	2	0	47	114	36430636	36430703	8.02e-25	115	121	59463898
CaSNP3984	NC_021165.1	97.059	68	2	0	47	114	36434247	36434314	8.02e-25	115	121	59463898
CaSNP3984	NC_021165.1	94.595	74	4	0	44	117	40064100	40064027	8.02e-25	115	121	59463898
CaSNP3984	NC_021165.1	91.667	84	6	1	38	121	40627914	40627832	8.02e-25	115	121	59463898
CaSNP3984	NC_021165.1	93.590	78	4	1	42	118	40759969	40759892	8.02e-25	115	121	59463898
CaSNP3984	NC_021165.1	92.593	81	5	1	42	121	44834565	44834645	8.02e-25	115	121	59463898
CaSNP3984	NC_021165.1	95.775	71	3	0	47	117	44834947	44834877	8.02e-25	115	121	59463898
CaSNP3984	NC_021165.1	93.506	77	5	0	38	114	53934381	53934457	8.02e-25	115	121	59463898
CaSNP3984	NC_021165.1	95.775	71	3	0	44	114	55601905	55601975	8.02e-25	115	121	59463898
CaSNP3984	NC_021165.1	97.059	68	2	0	47	114	55936368	55936301	8.02e-25	115	121	59463898
CaSNP3984	NC_021165.1	93.506	77	4	1	38	114	26935	26860	2.89e-24	113	121	59463898
CaSNP3984	NC_021165.1	94.521	73	4	0	46	118	9171636	9171708	2.89e-24	113	121	59463898
CaSNP3984	NC_021165.1	93.421	76	5	0	46	121	11036522	11036597	2.89e-24	113	121	59463898
CaSNP3984	NC_021165.1	94.521	73	4	0	42	114	12785127	12785199	2.89e-24	113	121	59463898
CaSNP3984	NC_021165.1	95.714	70	3	0	43	112	16065272	16065341	2.89e-24	113	121	59463898
CaSNP3984	NC_021165.1	97.015	67	2	0	48	114	20835767	20835833	2.89e-24	113	121	59463898
CaSNP3984	NC_021165.1	95.714	70	3	0	45	114	28193585	28193516	2.89e-24	113	121	59463898
CaSNP3984	NC_021165.1	93.506	77	4	1	46	121	28553702	28553778	2.89e-24	113	121	59463898
CaSNP3984	NC_021165.1	93.421	76	5	0	46	121	31416232	31416157	2.89e-24	113	121	59463898
CaSNP3984	NC_021165.1	95.714	70	3	0	45	114	31856440	31856371	2.89e-24	113	121	59463898
CaSNP3984	NC_021165.1	92.405	79	6	0	39	117	32438064	32438142	2.89e-24	113	121	59463898
CaSNP3984	NC_021165.1	93.421	76	5	0	46	121	33434291	33434366	2.89e-24	113	121	59463898
CaSNP3984	NC_021165.1	93.421	76	5	0	46	121	34307732	34307807	2.89e-24	113	121	59463898
CaSNP3984	NC_021165.1	92.405	79	6	0	43	121	37511796	37511874	2.89e-24	113	121	59463898
CaSNP3984	NC_021165.1	95.714	70	3	0	45	114	37851257	37851326	2.89e-24	113	121	59463898
CaSNP3984	NC_021165.1	93.421	76	5	0	46	121	39182407	39182482	2.89e-24	113	121	59463898
CaSNP3984	NC_021165.1	93.421	76	5	0	46	121	42534782	42534857	2.89e-24	113	121	59463898
CaSNP3984	NC_021165.1	94.521	73	4	0	46	118	43042586	43042514	2.89e-24	113	121	59463898
CaSNP3984	NC_021165.1	93.506	77	4	1	42	117	53586298	53586222	2.89e-24	113	121	59463898
CaSNP3984	NC_021165.1	95.714	70	3	0	48	117	53852164	53852095	2.89e-24	113	121	59463898
CaSNP3984	NC_021165.1	93.421	76	5	0	46	121	54282439	54282364	2.89e-24	113	121	59463898
CaSNP3984	NC_021165.1	94.444	72	4	0	47	118	4504479	4504550	1.04e-23	111	121	59463898
CaSNP3984	NC_021165.1	95.652	69	3	0	46	114	15356613	15356681	1.04e-23	111	121	59463898
CaSNP3984	NC_021165.1	92.500	80	2	4	38	117	15645243	15645318	1.04e-23	111	121	59463898
CaSNP3984	NC_021165.1	95.714	70	2	1	46	114	16023441	16023510	1.04e-23	111	121	59463898
CaSNP3984	NC_021165.1	95.652	69	3	0	46	114	16180952	16180884	1.04e-23	111	121	59463898
CaSNP3984	NC_021165.1	92.308	78	6	0	44	121	18463296	18463373	1.04e-23	111	121	59463898
CaSNP3984	NC_021165.1	95.652	69	3	0	46	114	20836146	20836078	1.04e-23	111	121	59463898
CaSNP3984	NC_021165.1	92.405	79	5	1	44	121	21365596	21365518	1.04e-23	111	121	59463898
CaSNP3984	NC_021165.1	93.506	77	2	3	39	114	22142702	22142776	1.04e-23	111	121	59463898
CaSNP3984	NC_021165.1	93.333	75	5	0	42	116	22167582	22167656	1.04e-23	111	121	59463898
CaSNP3984	NC_021165.1	95.652	69	3	0	46	114	26486770	26486838	1.04e-23	111	121	59463898
CaSNP3984	NC_021165.1	95.652	69	3	0	46	114	26487155	26487087	1.04e-23	111	121	59463898
CaSNP3984	NC_021165.1	95.652	69	3	0	46	114	26742356	26742288	1.04e-23	111	121	59463898
CaSNP3984	NC_021165.1	93.421	76	4	1	42	117	27525206	27525280	1.04e-23	111	121	59463898
CaSNP3984	NC_021165.1	93.421	76	4	1	39	114	28193226	28193300	1.04e-23	111	121	59463898
CaSNP3984	NC_021165.1	91.463	82	6	1	38	118	31063784	31063703	1.04e-23	111	121	59463898
CaSNP3984	NC_021165.1	95.714	70	2	1	46	114	35327749	35327818	1.04e-23	111	121	59463898
CaSNP3984	NC_021165.1	95.652	69	3	0	46	114	42535162	42535094	1.04e-23	111	121	59463898
CaSNP3984	NC_021165.1	95.588	68	3	0	47	114	1629592	1629659	3.73e-23	110	121	59463898
CaSNP3984	NC_021165.1	94.366	71	4	0	45	115	6499159	6499229	3.73e-23	110	121	59463898
CaSNP3984	NC_021165.1	92.308	78	5	1	45	121	10308606	10308683	3.73e-23	110	121	59463898
CaSNP3984	NC_021165.1	95.588	68	3	0	47	114	10415072	10415005	3.73e-23	110	121	59463898
CaSNP3984	NC_021165.1	95.588	68	3	0	47	114	16065659	16065592	3.73e-23	110	121	59463898
CaSNP3984	NC_021165.1	93.333	75	4	1	45	118	18909063	18908989	3.73e-23	110	121	59463898
CaSNP3984	NC_021165.1	93.333	75	4	1	44	118	19660306	19660379	3.73e-23	110	121	59463898
CaSNP3984	NC_021165.1	95.588	68	3	0	47	114	26833168	26833101	3.73e-23	110	121	59463898
CaSNP3984	NC_021165.1	95.652	69	2	1	46	114	27797514	27797447	3.73e-23	110	121	59463898
CaSNP3984	NC_021165.1	92.208	77	6	0	38	114	30057351	30057427	3.73e-23	110	121	59463898
CaSNP3984	NC_021165.1	94.366	71	4	0	44	114	34630654	34630724	3.73e-23	110	121	59463898
CaSNP3984	NC_021165.1	93.333	75	4	1	48	121	35660981	35661055	3.73e-23	110	121	59463898
CaSNP3984	NC_021165.1	93.333	75	4	1	48	121	35662015	35662089	3.73e-23	110	121	59463898
CaSNP3984	NC_021165.1	95.588	68	3	0	47	114	35662395	35662328	3.73e-23	110	121	59463898
CaSNP3984	NC_021165.1	94.366	71	4	0	47	117	39034474	39034544	3.73e-23	110	121	59463898
CaSNP3984	NC_021165.1	95.588	68	3	0	47	114	40627527	40627594	3.73e-23	110	121	59463898
CaSNP3984	NC_021165.1	95.588	68	3	0	47	114	43757138	43757205	3.73e-23	110	121	59463898
CaSNP3984	NC_021165.1	95.588	68	3	0	47	114	45257693	45257626	3.73e-23	110	121	59463898
CaSNP3984	NC_021165.1	91.358	81	6	1	42	121	46868362	46868282	3.73e-23	110	121	59463898
CaSNP3984	NC_021165.1	95.588	68	3	0	47	114	50878841	50878908	3.73e-23	110	121	59463898
CaSNP3984	NC_021165.1	96.923	65	2	0	50	114	52186024	52185960	3.73e-23	110	121	59463898
CaSNP3984	NC_021165.1	95.588	68	3	0	47	114	53585804	53585871	3.73e-23	110	121	59463898
CaSNP3984	NC_021165.1	95.588	68	3	0	47	114	54711125	54711058	3.73e-23	110	121	59463898
CaSNP3984	NC_021165.1	95.588	68	3	0	47	114	55602286	55602219	3.73e-23	110	121	59463898
CaSNP3984	NC_021165.1	93.243	74	5	0	48	121	58141743	58141816	3.73e-23	110	121	59463898
CaSNP3984	NC_021165.1	93.151	73	5	0	46	118	4082800	4082728	1.34e-22	108	121	59463898
CaSNP3984	NC_021165.1	94.366	71	3	1	44	114	6415144	6415213	1.34e-22	108	121	59463898
CaSNP3984	NC_021165.1	95.588	68	2	1	48	114	8640856	8640923	1.34e-22	108	121	59463898
CaSNP3984	NC_021165.1	95.522	67	3	0	48	114	18100742	18100808	1.34e-22	108	121	59463898
CaSNP3984	NC_021165.1	96.875	64	2	0	51	114	18463674	18463611	1.34e-22	108	121	59463898
CaSNP3984	NC_021165.1	92.208	77	5	1	38	114	20531215	20531290	1.34e-22	108	121	59463898
CaSNP3984	NC_021165.1	92.105	76	6	0	39	114	22227458	22227533	1.34e-22	108	121	59463898
CaSNP3984	NC_021165.1	95.522	67	3	0	48	114	24975103	24975169	1.34e-22	108	121	59463898
CaSNP3984	NC_021165.1	92.208	77	4	1	42	116	26666406	26666330	1.34e-22	108	121	59463898
CaSNP3984	NC_021165.1	94.286	70	4	0	45	114	30057743	30057674	1.34e-22	108	121	59463898
CaSNP3984	NC_021165.1	95.522	67	3	0	48	114	31856059	31856125	1.34e-22	108	121	59463898
CaSNP3984	NC_021165.1	94.286	70	4	0	45	114	32438450	32438381	1.34e-22	108	121	59463898
CaSNP3984	NC_021165.1	92.208	77	5	1	46	121	37708332	37708408	1.34e-22	108	121	59463898
CaSNP3984	NC_021165.1	93.243	74	4	1	47	119	40759582	40759655	1.34e-22	108	121	59463898
CaSNP3984	NC_021165.1	92.105	76	6	0	46	121	41441646	41441571	1.34e-22	108	121	59463898
CaSNP3984	NC_021165.1	94.286	70	4	0	46	115	49182437	49182506	1.34e-22	108	121	59463898
CaSNP3984	NC_021165.1	92.105	76	6	0	43	118	50892560	50892635	1.34e-22	108	121	59463898
CaSNP3984	NC_021165.1	92.105	76	6	0	46	121	52889809	52889734	1.34e-22	108	121	59463898
CaSNP3984	NC_021165.1	92.105	76	6	0	46	121	58142120	58142045	1.34e-22	108	121	59463898
CaSNP3984	NC_021165.1	94.203	69	4	0	46	114	3287346	3287414	4.83e-22	106	121	59463898
CaSNP3984	NC_021165.1	93.056	72	5	0	43	114	8363114	8363185	4.83e-22	106	121	59463898
CaSNP3984	NC_021165.1	91.026	78	7	0	44	121	19399536	19399613	4.83e-22	106	121	59463898
CaSNP3984	NC_021165.1	94.286	70	3	1	48	117	21240808	21240740	4.83e-22	106	121	59463898
CaSNP3984	NC_021165.1	98.333	60	1	0	55	114	22167958	22167899	4.83e-22	106	121	59463898
CaSNP3984	NC_021165.1	92.105	76	5	1	44	118	36240873	36240948	4.83e-22	106	121	59463898
CaSNP3984	NC_021165.1	94.203	69	4	0	46	114	36431015	36430947	4.83e-22	106	121	59463898
CaSNP3984	NC_021165.1	94.203	69	4	0	46	114	37512178	37512110	4.83e-22	106	121	59463898
CaSNP3984	NC_021165.1	91.026	78	7	0	44	121	41603837	41603914	4.83e-22	106	121	59463898
CaSNP3984	NC_021165.1	94.203	69	4	0	46	114	43757477	43757409	4.83e-22	106	121	59463898
CaSNP3984	NC_021165.1	94.203	69	4	0	46	114	51125414	51125482	4.83e-22	106	121	59463898
CaSNP3984	NC_021165.1	94.203	69	4	0	46	114	51571760	51571692	4.83e-22	106	121	59463898
CaSNP3984	NC_021165.1	94.203	69	4	0	46	114	53788141	53788073	4.83e-22	106	121	59463898
CaSNP3984	NC_021165.1	94.203	69	4	0	46	114	55935989	55936057	4.83e-22	106	121	59463898
CaSNP3984	NC_021165.1	92.000	75	6	0	47	121	56168101	56168175	4.83e-22	106	121	59463898
CaSNP3984	NC_021165.1	94.203	69	3	1	47	114	7047180	7047248	1.74e-21	104	121	59463898
CaSNP3984	NC_021165.1	94.118	68	4	0	47	114	15940685	15940618	1.74e-21	104	121	59463898
CaSNP3984	NC_021165.1	94.118	68	4	0	47	114	26228792	26228725	1.74e-21	104	121	59463898
CaSNP3984	NC_021165.1	94.118	68	4	0	47	114	27525584	27525517	1.74e-21	104	121	59463898
CaSNP3984	NC_021165.1	92.958	71	5	0	44	114	30078929	30078859	1.74e-21	104	121	59463898
CaSNP3984	NC_021165.1	91.026	78	6	1	45	121	32391924	32392001	1.74e-21	104	121	59463898
CaSNP3984	NC_021165.1	94.118	68	4	0	47	114	33508538	33508605	1.74e-21	104	121	59463898
CaSNP3984	NC_021165.1	95.385	65	3	0	49	113	41179971	41179907	1.74e-21	104	121	59463898
CaSNP3984	NC_021165.1	90.909	77	7	0	45	121	41441266	41441342	1.74e-21	104	121	59463898
CaSNP3984	NC_021165.1	95.385	65	3	0	50	114	53835142	53835206	1.74e-21	104	121	59463898
CaSNP3984	NC_021165.1	94.118	68	4	0	51	118	53835514	53835447	1.74e-21	104	121	59463898
CaSNP3984	NC_021165.1	94.203	69	3	1	47	115	57822400	57822333	1.74e-21	104	121	59463898
CaSNP3984	NC_021165.1	91.781	73	6	0	42	114	3287732	3287660	6.25e-21	102	121	59463898
CaSNP3984	NC_021165.1	91.892	74	5	1	46	118	4504855	4504782	6.25e-21	102	121	59463898
CaSNP3984	NC_021165.1	91.892	74	5	1	42	114	6641816	6641889	6.25e-21	102	121	59463898
CaSNP3984	NC_021165.1	90.909	77	6	1	38	114	11029920	11029995	6.25e-21	102	121	59463898
CaSNP3984	NC_021165.1	94.030	67	4	0	48	114	12785507	12785441	6.25e-21	102	121	59463898
CaSNP3984	NC_021165.1	92.857	70	5	0	45	114	12879288	12879219	6.25e-21	102	121	59463898
CaSNP3984	NC_021165.1	94.118	68	3	1	47	114	16861331	16861265	6.25e-21	102	121	59463898
CaSNP3984	NC_021165.1	90.789	76	7	0	42	117	17889554	17889479	6.25e-21	102	121	59463898
CaSNP3984	NC_021165.1	94.030	67	4	0	48	114	22227845	22227779	6.25e-21	102	121	59463898
CaSNP3984	NC_021165.1	90.789	76	7	0	39	114	26741965	26742040	6.25e-21	102	121	59463898
CaSNP3984	NC_021165.1	91.781	73	6	0	46	118	27773220	27773292	6.25e-21	102	121	59463898
CaSNP3984	NC_021165.1	90.789	76	7	0	46	121	27773598	27773523	6.25e-21	102	121	59463898
CaSNP3984	NC_021165.1	94.030	67	4	0	48	114	31063396	31063462	6.25e-21	102	121	59463898
CaSNP3984	NC_021165.1	91.781	73	6	0	46	118	39182785	39182713	6.25e-21	102	121	59463898
CaSNP3984	NC_021165.1	91.892	74	5	1	49	121	52265217	52265144	6.25e-21	102	121	59463898
CaSNP3984	NC_021165.1	91.892	74	5	1	46	118	56437966	56437893	6.25e-21	102	121	59463898
CaSNP3984	NC_021165.1	94.118	68	3	1	47	114	59332396	59332330	6.25e-21	102	121	59463898
CaSNP3984	NC_021165.1	91.781	73	5	1	47	118	24323	24395	2.25e-20	100	121	59463898
CaSNP3984	NC_021165.1	91.667	72	6	0	46	117	813810	813739	2.25e-20	100	121	59463898
CaSNP3984	NC_021165.1	92.754	69	5	0	46	114	1071248	1071316	2.25e-20	100	121	59463898
CaSNP3984	NC_021165.1	91.667	72	6	0	43	114	9333141	9333212	2.25e-20	100	121	59463898
CaSNP3984	NC_021165.1	92.754	69	5	0	46	114	13216382	13216450	2.25e-20	100	121	59463898
CaSNP3984	NC_021165.1	92.754	69	5	0	46	114	18366959	18366891	2.25e-20	100	121	59463898
CaSNP3984	NC_021165.1	91.667	72	6	0	43	114	21048391	21048462	2.25e-20	100	121	59463898
CaSNP3984	NC_021165.1	92.754	69	5	0	50	118	23495057	23494989	2.25e-20	100	121	59463898
CaSNP3984	NC_021165.1	92.754	69	5	0	50	118	23495994	23495926	2.25e-20	100	121	59463898
CaSNP3984	NC_021165.1	91.667	72	6	0	43	114	33157638	33157709	2.25e-20	100	121	59463898
CaSNP3984	NC_021165.1	90.667	75	7	0	47	121	34281292	34281218	2.25e-20	100	121	59463898
CaSNP3984	NC_021165.1	90.667	75	7	0	43	117	42280097	42280023	2.25e-20	100	121	59463898
CaSNP3984	NC_021165.1	91.667	72	6	0	47	118	45915437	45915366	2.25e-20	100	121	59463898
CaSNP3984	NC_021165.1	92.754	69	5	0	46	114	50849582	50849514	2.25e-20	100	121	59463898
CaSNP3984	NC_021165.1	92.857	70	4	1	53	121	52889429	52889498	2.25e-20	100	121	59463898
CaSNP3984	NC_021165.1	92.754	69	5	0	46	114	54103597	54103665	2.25e-20	100	121	59463898
CaSNP3984	NC_021165.1	90.000	80	4	3	39	114	54103991	54103912	2.25e-20	100	121	59463898
CaSNP3984	NC_021165.1	92.647	68	5	0	47	114	8914338	8914405	8.08e-20	99.0	121	59463898
CaSNP3984	NC_021165.1	90.667	75	6	1	44	117	10414692	10414766	8.08e-20	99.0	121	59463898
CaSNP3984	NC_021165.1	92.647	68	5	0	47	114	12315302	12315235	8.08e-20	99.0	121	59463898
CaSNP3984	NC_021165.1	91.549	71	6	0	44	114	21052648	21052718	8.08e-20	99.0	121	59463898
CaSNP3984	NC_021165.1	92.754	69	4	1	47	114	21240433	21240501	8.08e-20	99.0	121	59463898
CaSNP3984	NC_021165.1	92.647	68	5	0	47	114	50892939	50892872	8.08e-20	99.0	121	59463898
CaSNP3984	NC_021165.1	93.846	65	4	0	49	113	53934768	53934704	8.08e-20	99.0	121	59463898
CaSNP3984	NC_021165.1	95.082	61	3	0	47	107	1134328	1134268	2.91e-19	97.1	121	59463898
CaSNP3984	NC_021165.1	90.411	73	7	0	49	121	4503913	4503841	2.91e-19	97.1	121	59463898
CaSNP3984	NC_021165.1	92.537	67	5	0	48	114	23085940	23085874	2.91e-19	97.1	121	59463898
CaSNP3984	NC_021165.1	91.429	70	6	0	47	116	43004242	43004173	2.91e-19	97.1	121	59463898
CaSNP3984	NC_021165.1	91.549	71	5	1	43	113	50720807	50720738	2.91e-19	97.1	121	59463898
CaSNP3984	NC_021165.1	91.429	70	6	0	47	116	52257370	52257301	2.91e-19	97.1	121	59463898
CaSNP3984	NC_021165.1	91.304	69	6	0	46	114	11501581	11501513	1.05e-18	95.3	121	59463898
CaSNP3984	NC_021165.1	91.429	70	4	2	48	117	16083355	16083288	1.05e-18	95.3	121	59463898
CaSNP3984	NC_021165.1	90.411	73	6	1	44	116	39993354	39993283	1.05e-18	95.3	121	59463898
CaSNP3984	NC_021165.1	95.000	60	3	0	55	114	50720434	50720493	1.05e-18	95.3	121	59463898
CaSNP3984	NC_021165.1	91.304	69	6	0	46	114	54657093	54657025	1.05e-18	95.3	121	59463898
CaSNP3984	NC_021165.1	91.176	68	6	0	47	114	4503534	4503601	3.76e-18	93.5	121	59463898
CaSNP3984	NC_021165.1	90.141	71	7	0	47	117	11493751	11493681	3.76e-18	93.5	121	59463898
CaSNP3984	NC_021165.1	92.424	66	4	1	48	113	19390649	19390713	3.76e-18	93.5	121	59463898
CaSNP3984	NC_021165.1	90.411	73	4	2	48	117	24276336	24276264	3.76e-18	93.5	121	59463898
CaSNP3984	NC_021165.1	91.176	68	6	0	47	114	43952165	43952232	3.76e-18	93.5	121	59463898
CaSNP3984	NC_021165.1	92.537	67	2	1	48	114	45915063	45915126	3.76e-18	93.5	121	59463898
CaSNP3984	NC_021165.1	91.304	69	5	1	47	114	54197557	54197625	3.76e-18	93.5	121	59463898
CaSNP3984	NC_021165.1	93.548	62	3	1	48	109	796056	795996	1.35e-17	91.6	121	59463898
CaSNP3984	NC_021165.1	90.278	72	3	2	47	114	15636412	15636341	1.35e-17	91.6	121	59463898
CaSNP3984	NC_021165.1	90.278	72	3	4	46	117	18101112	18101045	1.35e-17	91.6	121	59463898
CaSNP3984	NC_021165.1	90.141	71	6	1	45	114	23206648	23206718	1.35e-17	91.6	121	59463898
CaSNP3984	NC_021165.1	91.176	68	5	1	48	114	26395081	26395148	1.35e-17	91.6	121	59463898
CaSNP3984	NC_021165.1	90.141	71	6	1	45	114	54197937	54197867	1.35e-17	91.6	121	59463898
CaSNP3984	NC_021165.1	90.278	72	3	1	43	114	59332017	59332084	1.35e-17	91.6	121	59463898
CaSNP3984	NC_021165.1	90.000	70	6	1	47	115	5035431	5035362	4.86e-17	89.8	121	59463898
CaSNP3984	NC_021165.1	90.909	66	4	2	46	111	30117562	30117499	1.75e-16	87.9	121	59463898
CaSNP3984	NC_021165.1	97.959	49	1	0	66	114	15641565	15641613	6.29e-16	86.1	121	59463898
CaSNP3984	NC_021161.1	96.296	81	3	0	38	118	5194496	5194416	2.21e-30	134	121	36634854
CaSNP3984	NC_021161.1	94.048	84	5	0	38	121	25701327	25701244	1.03e-28	128	121	36634854
CaSNP3984	NC_021161.1	97.260	73	2	0	46	118	7695365	7695293	1.33e-27	124	121	36634854
CaSNP3984	NC_021161.1	94.937	79	4	0	43	121	25911133	25911211	1.33e-27	124	121	36634854
CaSNP3984	NC_021161.1	97.183	71	2	0	44	114	22321378	22321448	1.72e-26	121	121	36634854
CaSNP3984	NC_021161.1	94.805	77	3	1	46	121	6577523	6577599	6.20e-26	119	121	36634854
CaSNP3984	NC_021161.1	93.671	79	5	0	43	121	13930692	13930770	6.20e-26	119	121	36634854
CaSNP3984	NC_021161.1	94.737	76	4	0	46	121	13931075	13931000	6.20e-26	119	121	36634854
CaSNP3984	NC_021161.1	94.737	76	4	0	46	121	18830784	18830859	6.20e-26	119	121	36634854
CaSNP3984	NC_021161.1	94.667	75	4	0	44	118	919408	919334	2.23e-25	117	121	36634854
CaSNP3984	NC_021161.1	95.833	72	3	0	43	114	998896	998967	2.23e-25	117	121	36634854
CaSNP3984	NC_021161.1	93.590	78	5	0	44	121	4016778	4016855	2.23e-25	117	121	36634854
CaSNP3984	NC_021161.1	97.101	69	2	0	46	114	25911517	25911449	2.23e-25	117	121	36634854
CaSNP3984	NC_021161.1	95.833	72	3	0	46	117	27351313	27351242	2.23e-25	117	121	36634854
CaSNP3984	NC_021161.1	95.775	71	3	0	44	114	3434044	3433974	8.02e-25	115	121	36634854
CaSNP3984	NC_021161.1	94.595	74	4	0	48	121	4017157	4017084	8.02e-25	115	121	36634854
CaSNP3984	NC_021161.1	95.775	71	3	0	44	114	16312307	16312237	8.02e-25	115	121	36634854
CaSNP3984	NC_021161.1	95.775	71	3	0	44	114	24188317	24188387	8.02e-25	115	121	36634854
CaSNP3984	NC_021161.1	93.506	77	5	0	38	114	24421557	24421633	8.02e-25	115	121	36634854
CaSNP3984	NC_021161.1	93.506	77	5	0	42	118	31684659	31684583	8.02e-25	115	121	36634854
CaSNP3984	NC_021161.1	95.833	72	2	1	46	117	33626471	33626401	8.02e-25	115	121	36634854
CaSNP3984	NC_021161.1	97.015	67	2	0	48	114	783457	783523	2.89e-24	113	121	36634854
CaSNP3984	NC_021161.1	95.714	70	3	0	46	115	5194109	5194178	2.89e-24	113	121	36634854
CaSNP3984	NC_021161.1	93.421	76	5	0	46	121	11273325	11273250	2.89e-24	113	121	36634854
CaSNP3984	NC_021161.1	93.421	76	5	0	46	121	13857127	13857052	2.89e-24	113	121	36634854
CaSNP3984	NC_021161.1	93.421	76	5	0	46	121	16927283	16927208	2.89e-24	113	121	36634854
CaSNP3984	NC_021161.1	94.595	74	3	1	46	118	18870302	18870375	2.89e-24	113	121	36634854
CaSNP3984	NC_021161.1	93.421	76	5	0	39	114	22768061	22768136	2.89e-24	113	121	36634854
CaSNP3984	NC_021161.1	95.775	71	2	1	48	117	22996659	22996729	2.89e-24	113	121	36634854
CaSNP3984	NC_021161.1	94.521	73	4	0	46	118	24421946	24421874	2.89e-24	113	121	36634854
CaSNP3984	NC_021161.1	94.521	73	4	0	46	118	33737030	33737102	2.89e-24	113	121	36634854
CaSNP3984	NC_021161.1	95.652	69	3	0	46	114	9626570	9626502	1.04e-23	111	121	36634854
CaSNP3984	NC_021161.1	92.308	78	6	0	44	121	10947577	10947500	1.04e-23	111	121	36634854
CaSNP3984	NC_021161.1	93.333	75	5	0	40	114	12362545	12362619	1.04e-23	111	121	36634854
CaSNP3984	NC_021161.1	94.444	72	4	0	43	114	16311137	16311208	1.04e-23	111	121	36634854
CaSNP3984	NC_021161.1	94.444	72	4	0	43	114	16597634	16597705	1.04e-23	111	121	36634854
CaSNP3984	NC_021161.1	93.333	75	5	0	47	121	29848242	29848316	1.04e-23	111	121	36634854
CaSNP3984	NC_021161.1	95.714	70	2	1	46	114	32174781	32174712	1.04e-23	111	121	36634854
CaSNP3984	NC_021161.1	94.366	71	4	0	51	121	6577899	6577829	3.73e-23	110	121	36634854
CaSNP3984	NC_021161.1	93.243	74	5	0	45	118	9626183	9626256	3.73e-23	110	121	36634854
CaSNP3984	NC_021161.1	92.208	77	6	0	38	114	10928890	10928814	3.73e-23	110	121	36634854
CaSNP3984	NC_021161.1	93.243	74	5	0	48	121	17045595	17045668	3.73e-23	110	121	36634854
CaSNP3984	NC_021161.1	94.444	72	3	1	46	117	22768447	22768377	3.73e-23	110	121	36634854
CaSNP3984	NC_021161.1	95.588	68	3	0	47	114	27618437	27618504	3.73e-23	110	121	36634854
CaSNP3984	NC_021161.1	94.366	71	4	0	47	117	34423960	34424030	3.73e-23	110	121	36634854
CaSNP3984	NC_021161.1	93.151	73	5	0	46	118	8647766	8647694	1.34e-22	108	121	36634854
CaSNP3984	NC_021161.1	93.243	74	4	1	49	121	9645330	9645257	1.34e-22	108	121	36634854
CaSNP3984	NC_021161.1	92.105	76	6	0	46	121	22321760	22321685	1.34e-22	108	121	36634854
CaSNP3984	NC_021161.1	93.151	73	5	0	45	117	22997180	22997108	1.34e-22	108	121	36634854
CaSNP3984	NC_021161.1	94.366	71	3	1	47	117	23553419	23553350	1.34e-22	108	121	36634854
CaSNP3984	NC_021161.1	94.286	70	4	0	45	114	25586435	25586366	1.34e-22	108	121	36634854
CaSNP3984	NC_021161.1	92.208	77	5	1	38	114	26744682	26744757	1.34e-22	108	121	36634854
CaSNP3984	NC_021161.1	92.308	78	3	3	38	114	29284659	29284584	1.34e-22	108	121	36634854
CaSNP3984	NC_021161.1	94.203	69	4	0	44	112	3039662	3039730	4.83e-22	106	121	36634854
CaSNP3984	NC_021161.1	94.203	69	4	0	46	114	3494652	3494720	4.83e-22	106	121	36634854
CaSNP3984	NC_021161.1	93.056	72	5	0	47	118	4850351	4850422	4.83e-22	106	121	36634854
CaSNP3984	NC_021161.1	94.203	69	4	0	46	114	5927461	5927529	4.83e-22	106	121	36634854
CaSNP3984	NC_021161.1	92.000	75	6	0	47	121	6115825	6115899	4.83e-22	106	121	36634854
CaSNP3984	NC_021161.1	94.203	69	4	0	46	114	10422641	10422709	4.83e-22	106	121	36634854
CaSNP3984	NC_021161.1	93.151	73	3	2	46	118	10928498	10928568	4.83e-22	106	121	36634854
CaSNP3984	NC_021161.1	94.203	69	4	0	46	114	19061902	19061834	4.83e-22	106	121	36634854
CaSNP3984	NC_021161.1	93.151	73	4	1	47	118	27580279	27580207	4.83e-22	106	121	36634854
CaSNP3984	NC_021161.1	93.151	73	4	1	45	117	27618813	27618742	4.83e-22	106	121	36634854
CaSNP3984	NC_021161.1	91.250	80	4	3	43	121	30287459	30287536	4.83e-22	106	121	36634854
CaSNP3984	NC_021161.1	94.203	69	4	0	46	114	31684277	31684345	4.83e-22	106	121	36634854
CaSNP3984	NC_021161.1	91.139	79	5	2	38	114	32070519	32070597	4.83e-22	106	121	36634854
CaSNP3984	NC_021161.1	90.244	82	6	2	42	121	33067443	33067524	4.83e-22	106	121	36634854
CaSNP3984	NC_021161.1	94.118	68	4	0	47	114	1292112	1292045	1.74e-21	104	121	36634854
CaSNP3984	NC_021161.1	94.118	68	4	0	47	114	8246516	8246583	1.74e-21	104	121	36634854
CaSNP3984	NC_021161.1	90.909	77	7	0	38	114	8676105	8676029	1.74e-21	104	121	36634854
CaSNP3984	NC_021161.1	91.026	78	5	1	46	121	10561259	10561336	1.74e-21	104	121	36634854
CaSNP3984	NC_021161.1	92.000	75	5	1	42	115	12536376	12536302	1.74e-21	104	121	36634854
CaSNP3984	NC_021161.1	94.118	68	4	0	46	113	13678741	13678674	1.74e-21	104	121	36634854
CaSNP3984	NC_021161.1	94.118	68	4	0	47	114	15616952	15616885	1.74e-21	104	121	36634854
CaSNP3984	NC_021161.1	92.958	71	5	0	44	114	17114371	17114301	1.74e-21	104	121	36634854
CaSNP3984	NC_021161.1	94.118	68	4	0	47	114	26690423	26690490	1.74e-21	104	121	36634854
CaSNP3984	NC_021161.1	96.774	62	2	0	49	110	30653866	30653927	1.74e-21	104	121	36634854
CaSNP3984	NC_021161.1	94.118	68	4	0	47	114	33736487	33736420	1.74e-21	104	121	36634854
CaSNP3984	NC_021161.1	91.892	74	5	1	42	114	3495039	3494966	6.25e-21	102	121	36634854
CaSNP3984	NC_021161.1	90.789	76	7	0	46	121	16085211	16085136	6.25e-21	102	121	36634854
CaSNP3984	NC_021161.1	92.958	71	4	1	44	114	17045113	17045182	6.25e-21	102	121	36634854
CaSNP3984	NC_021161.1	95.312	64	3	0	51	114	26690773	26690710	6.25e-21	102	121	36634854
CaSNP3984	NC_021161.1	92.857	70	5	0	45	114	34094155	34094224	6.25e-21	102	121	36634854
CaSNP3984	NC_021161.1	92.857	70	3	2	44	113	7697253	7697320	2.25e-20	100	121	36634854
CaSNP3984	NC_021161.1	92.754	69	5	0	46	114	16532353	16532285	2.25e-20	100	121	36634854
CaSNP3984	NC_021161.1	94.030	67	3	1	49	114	34768708	34768642	2.25e-20	100	121	36634854
CaSNP3984	NC_021161.1	91.667	72	6	0	47	118	35691680	35691609	2.25e-20	100	121	36634854
CaSNP3984	NC_021161.1	92.857	70	2	3	45	114	3433666	3433732	8.08e-20	99.0	121	36634854
CaSNP3984	NC_021161.1	91.667	72	4	2	48	117	11939211	11939282	8.08e-20	99.0	121	36634854
CaSNP3984	NC_021161.1	91.549	71	6	0	44	114	17647215	17647145	8.08e-20	99.0	121	36634854
CaSNP3984	NC_021161.1	92.647	68	5	0	47	114	33737411	33737344	8.08e-20	99.0	121	36634854
CaSNP3984	NC_021161.1	93.939	66	3	1	50	114	35519717	35519782	8.08e-20	99.0	121	36634854
CaSNP3984	NC_021161.1	91.667	72	4	2	44	115	36097392	36097461	8.08e-20	99.0	121	36634854
CaSNP3984	NC_021161.1	91.429	70	6	0	45	114	1652130	1652199	2.91e-19	97.1	121	36634854
CaSNP3984	NC_021161.1	91.429	70	6	0	45	114	8246900	8246831	2.91e-19	97.1	121	36634854
CaSNP3984	NC_021161.1	90.541	74	6	1	44	117	20931485	20931557	2.91e-19	97.1	121	36634854
CaSNP3984	NC_021161.1	91.429	70	5	1	46	114	27668231	27668300	1.05e-18	95.3	121	36634854
CaSNP3984	NC_021161.1	93.651	63	4	0	51	113	34424328	34424266	1.05e-18	95.3	121	36634854
CaSNP3984	NC_021161.1	92.308	65	5	0	50	114	25283777	25283841	3.76e-18	93.5	121	36634854
CaSNP3984	NC_021161.1	96.364	55	2	0	67	121	13334625	13334679	1.35e-17	91.6	121	36634854
CaSNP3984	NC_021161.1	92.188	64	5	0	51	114	13626698	13626761	1.35e-17	91.6	121	36634854
CaSNP3984	NC_021161.1	93.333	60	4	0	46	105	15333502	15333443	4.86e-17	89.8	121	36634854
CaSNP3984	NC_021161.1	92.188	64	4	1	47	110	18831134	18831072	4.86e-17	89.8	121	36634854
CaSNP3984	NC_021161.1	97.959	49	1	0	66	114	32070893	32070845	6.29e-16	86.1	121	36634854
CaSNP3984	NW_004516678.1	97.368	76	2	0	42	117	30347	30422	2.86e-29	130	121	76189
CaSNP3984	NW_004516678.1	91.026	78	6	1	45	121	30731	30654	1.74e-21	104	121	76189
CaSNP2535	NW_004516233.1	100.000	121	0	0	1	121	188709	188829	1.28e-57	224	121	352940
CaSNP2535	NC_021166.1	93.966	116	7	0	4	119	30333877	30333762	3.63e-43	176	121	48961560
CaSNP2535	NC_021164.1	90.625	96	9	0	12	107	4995397	4995302	1.03e-28	128	121	48169137
CaSNP3625	NW_004516558.1	99.174	121	1	0	1	121	27984	28104	5.94e-56	219	121	770158
CaSNP3625	NW_004516558.1	95.833	72	3	0	1	72	636103	636174	2.23e-25	117	121	770158
CaSNP3625	NW_004516558.1	95.522	67	3	0	1	67	574962	575028	1.34e-22	108	121	770158
CaSNP3625	NC_021163.1	94.318	88	4	1	1	87	29029028	29029115	2.21e-30	134	121	49191682
CaSNP3625	NC_021163.1	97.222	72	2	0	1	72	2288883	2288954	4.79e-27	122	121	49191682
CaSNP3625	NC_021163.1	96.000	75	3	0	1	75	29015049	29015123	4.79e-27	122	121	49191682
CaSNP3625	NC_021163.1	97.222	72	2	0	1	72	32080541	32080612	4.79e-27	122	121	49191682
CaSNP3625	NC_021163.1	97.222	72	2	0	1	72	33554508	33554579	4.79e-27	122	121	49191682
CaSNP3625	NC_021163.1	97.260	73	1	1	1	72	48806301	48806229	4.79e-27	122	121	49191682
CaSNP3625	NC_021163.1	90.426	94	5	4	1	93	25377337	25377247	1.72e-26	121	121	49191682
CaSNP3625	NC_021163.1	95.833	72	3	0	1	72	13137164	13137093	2.23e-25	117	121	49191682
CaSNP3625	NC_021163.1	95.833	72	3	0	1	72	16404906	16404835	2.23e-25	117	121	49191682
CaSNP3625	NC_021163.1	94.667	75	4	0	1	75	21400191	21400117	2.23e-25	117	121	49191682
CaSNP3625	NC_021163.1	95.833	72	3	0	1	72	21609422	21609493	2.23e-25	117	121	49191682
CaSNP3625	NC_021163.1	95.833	72	3	0	1	72	22873335	22873264	2.23e-25	117	121	49191682
CaSNP3625	NC_021163.1	95.833	72	3	0	1	72	23124161	23124232	2.23e-25	117	121	49191682
CaSNP3625	NC_021163.1	95.833	72	3	0	1	72	23347246	23347317	2.23e-25	117	121	49191682
CaSNP3625	NC_021163.1	95.833	72	3	0	1	72	24422306	24422377	2.23e-25	117	121	49191682
CaSNP3625	NC_021163.1	95.833	72	3	0	1	72	24948600	24948671	2.23e-25	117	121	49191682
CaSNP3625	NC_021163.1	97.101	69	2	0	1	69	25387578	25387510	2.23e-25	117	121	49191682
CaSNP3625	NC_021163.1	94.667	75	4	0	1	75	26582892	26582818	2.23e-25	117	121	49191682
CaSNP3625	NC_021163.1	95.833	72	3	0	1	72	27106269	27106340	2.23e-25	117	121	49191682
CaSNP3625	NC_021163.1	95.833	72	3	0	1	72	27209077	27209148	2.23e-25	117	121	49191682
CaSNP3625	NC_021163.1	95.833	72	3	0	1	72	29800507	29800436	2.23e-25	117	121	49191682
CaSNP3625	NC_021163.1	95.833	72	3	0	1	72	30824424	30824353	2.23e-25	117	121	49191682
CaSNP3625	NC_021163.1	95.833	72	3	0	1	72	32090901	32090972	2.23e-25	117	121	49191682
CaSNP3625	NC_021163.1	95.833	72	3	0	1	72	33102271	33102342	2.23e-25	117	121	49191682
CaSNP3625	NC_021163.1	95.833	72	3	0	1	72	33136039	33135968	2.23e-25	117	121	49191682
CaSNP3625	NC_021163.1	95.833	72	3	0	1	72	33519463	33519534	2.23e-25	117	121	49191682
CaSNP3625	NC_021163.1	95.833	72	3	0	1	72	34294230	34294301	2.23e-25	117	121	49191682
CaSNP3625	NC_021163.1	95.833	72	3	0	1	72	34446129	34446200	2.23e-25	117	121	49191682
CaSNP3625	NC_021163.1	95.833	72	3	0	1	72	35194983	35194912	2.23e-25	117	121	49191682
CaSNP3625	NC_021163.1	95.833	72	3	0	1	72	35902409	35902480	2.23e-25	117	121	49191682
CaSNP3625	NC_021163.1	95.833	72	3	0	1	72	36551373	36551444	2.23e-25	117	121	49191682
CaSNP3625	NC_021163.1	95.833	72	3	0	1	72	41904095	41904024	2.23e-25	117	121	49191682
CaSNP3625	NC_021163.1	95.833	72	3	0	1	72	42314571	42314500	2.23e-25	117	121	49191682
CaSNP3625	NC_021163.1	95.833	72	3	0	1	72	48873626	48873697	2.23e-25	117	121	49191682
CaSNP3625	NC_021163.1	97.015	67	2	0	1	67	16400511	16400445	2.89e-24	113	121	49191682
CaSNP3625	NC_021163.1	97.015	67	2	0	1	67	24654933	24654999	2.89e-24	113	121	49191682
CaSNP3625	NC_021163.1	97.015	67	2	0	1	67	25498708	25498774	2.89e-24	113	121	49191682
CaSNP3625	NC_021163.1	97.015	67	2	0	1	67	27011215	27011281	2.89e-24	113	121	49191682
CaSNP3625	NC_021163.1	97.015	67	2	0	1	67	27016212	27016278	2.89e-24	113	121	49191682
CaSNP3625	NC_021163.1	97.015	67	2	0	1	67	27211182	27211248	2.89e-24	113	121	49191682
CaSNP3625	NC_021163.1	97.015	67	2	0	1	67	27215715	27215781	2.89e-24	113	121	49191682
CaSNP3625	NC_021163.1	97.015	67	2	0	1	67	29284334	29284268	2.89e-24	113	121	49191682
CaSNP3625	NC_021163.1	93.421	76	5	0	1	76	31047740	31047815	2.89e-24	113	121	49191682
CaSNP3625	NC_021163.1	97.015	67	2	0	1	67	32195517	32195583	2.89e-24	113	121	49191682
CaSNP3625	NC_021163.1	93.421	76	5	0	1	76	33107302	33107377	2.89e-24	113	121	49191682
CaSNP3625	NC_021163.1	97.015	67	2	0	1	67	35178092	35178026	2.89e-24	113	121	49191682
CaSNP3625	NC_021163.1	97.059	68	1	1	1	67	42955411	42955344	2.89e-24	113	121	49191682
CaSNP3625	NC_021163.1	97.059	68	1	1	1	67	42960538	42960471	2.89e-24	113	121	49191682
CaSNP3625	NC_021163.1	97.015	67	2	0	1	67	42964456	42964390	2.89e-24	113	121	49191682
CaSNP3625	NC_021163.1	97.015	67	2	0	1	67	43263879	43263945	2.89e-24	113	121	49191682
CaSNP3625	NC_021163.1	94.444	72	4	0	1	72	14260811	14260882	1.04e-23	111	121	49191682
CaSNP3625	NC_021163.1	94.444	72	4	0	1	72	16009229	16009158	1.04e-23	111	121	49191682
CaSNP3625	NC_021163.1	94.444	72	4	0	1	72	18370157	18370228	1.04e-23	111	121	49191682
CaSNP3625	NC_021163.1	94.521	73	3	1	1	72	19276666	19276594	1.04e-23	111	121	49191682
CaSNP3625	NC_021163.1	94.444	72	4	0	1	72	21632800	21632871	1.04e-23	111	121	49191682
CaSNP3625	NC_021163.1	94.521	73	3	1	1	72	22334791	22334719	1.04e-23	111	121	49191682
CaSNP3625	NC_021163.1	94.521	73	3	1	1	72	23615723	23615651	1.04e-23	111	121	49191682
CaSNP3625	NC_021163.1	96.970	66	2	0	2	67	23620852	23620917	1.04e-23	111	121	49191682
CaSNP3625	NC_021163.1	94.521	73	3	1	1	72	25562407	25562479	1.04e-23	111	121	49191682
CaSNP3625	NC_021163.1	96.970	66	2	0	1	66	27140389	27140324	1.04e-23	111	121	49191682
CaSNP3625	NC_021163.1	94.521	73	3	1	1	72	27581278	27581350	1.04e-23	111	121	49191682
CaSNP3625	NC_021163.1	94.444	72	4	0	1	72	27695705	27695776	1.04e-23	111	121	49191682
CaSNP3625	NC_021163.1	96.970	66	2	0	1	66	29288194	29288129	1.04e-23	111	121	49191682
CaSNP3625	NC_021163.1	94.521	73	3	1	1	72	35412804	35412732	1.04e-23	111	121	49191682
CaSNP3625	NC_021163.1	94.521	73	3	1	1	72	39356812	39356740	1.04e-23	111	121	49191682
CaSNP3625	NC_021163.1	96.923	65	2	0	2	66	31044074	31044138	3.73e-23	110	121	49191682
CaSNP3625	NC_021163.1	94.444	72	2	1	1	72	35623392	35623323	3.73e-23	110	121	49191682
CaSNP3625	NC_021163.1	94.444	72	3	1	1	72	39094671	39094741	3.73e-23	110	121	49191682
CaSNP3625	NC_021163.1	94.366	71	3	1	3	72	20729522	20729592	1.34e-22	108	121	49191682
CaSNP3625	NC_021163.1	95.522	67	3	0	1	67	33109115	33109049	1.34e-22	108	121	49191682
CaSNP3625	NC_021163.1	94.286	70	4	0	3	72	35502965	35503034	1.34e-22	108	121	49191682
CaSNP3625	NC_021163.1	95.522	67	3	0	1	67	36141106	36141172	1.34e-22	108	121	49191682
CaSNP3625	NC_021163.1	92.105	76	6	0	1	76	41897341	41897266	1.34e-22	108	121	49191682
CaSNP3625	NC_021163.1	93.056	72	5	0	1	72	34457727	34457798	4.83e-22	106	121	49191682
CaSNP3625	NC_021163.1	94.118	68	3	1	1	67	28922906	28922973	6.25e-21	102	121	49191682
CaSNP3625	NC_021163.1	92.958	71	4	1	3	72	29309207	29309277	6.25e-21	102	121	49191682
CaSNP3625	NC_021163.1	90.909	77	5	2	1	75	30352087	30352011	6.25e-21	102	121	49191682
CaSNP3625	NC_021163.1	94.030	67	4	0	1	67	30548697	30548631	6.25e-21	102	121	49191682
CaSNP3625	NC_021163.1	91.667	72	6	0	1	72	30819923	30819852	2.25e-20	100	121	49191682
CaSNP3625	NC_021163.1	94.030	67	3	1	2	67	33483927	33483993	2.25e-20	100	121	49191682
CaSNP3625	NC_021163.1	91.781	73	5	1	1	72	33515870	33515942	2.25e-20	100	121	49191682
CaSNP3625	NC_021163.1	91.667	72	6	0	1	72	40018793	40018864	2.25e-20	100	121	49191682
CaSNP3625	NC_021161.1	100.000	72	0	0	1	72	16470545	16470474	2.21e-30	134	121	36634854
CaSNP3625	NC_021161.1	97.222	72	2	0	1	72	4448216	4448287	4.79e-27	122	121	36634854
CaSNP3625	NC_021161.1	97.222	72	2	0	1	72	10633829	10633758	4.79e-27	122	121	36634854
CaSNP3625	NC_021161.1	97.222	72	2	0	1	72	18100787	18100716	4.79e-27	122	121	36634854
CaSNP3625	NC_021161.1	97.222	72	2	0	1	72	19545057	19545128	4.79e-27	122	121	36634854
CaSNP3625	NC_021161.1	97.222	72	2	0	1	72	20797741	20797670	4.79e-27	122	121	36634854
CaSNP3625	NC_021161.1	97.183	71	2	0	2	72	17565401	17565471	1.72e-26	121	121	36634854
CaSNP3625	NC_021161.1	95.946	74	3	0	1	74	21132553	21132480	1.72e-26	121	121	36634854
CaSNP3625	NC_021161.1	93.750	80	5	0	1	80	22506698	22506777	1.72e-26	121	121	36634854
CaSNP3625	NC_021161.1	98.507	67	1	0	1	67	20420475	20420541	6.20e-26	119	121	36634854
CaSNP3625	NC_021161.1	98.507	67	1	0	1	67	20795870	20795804	6.20e-26	119	121	36634854
CaSNP3625	NC_021161.1	91.011	89	6	2	1	88	24391565	24391478	6.20e-26	119	121	36634854
CaSNP3625	NC_021161.1	95.833	72	3	0	1	72	5750229	5750158	2.23e-25	117	121	36634854
CaSNP3625	NC_021161.1	95.833	72	3	0	1	72	7294570	7294641	2.23e-25	117	121	36634854
CaSNP3625	NC_021161.1	95.833	72	3	0	1	72	10718781	10718710	2.23e-25	117	121	36634854
CaSNP3625	NC_021161.1	95.833	72	3	0	1	72	10719046	10718975	2.23e-25	117	121	36634854
CaSNP3625	NC_021161.1	95.833	72	3	0	1	72	10724902	10724831	2.23e-25	117	121	36634854
CaSNP3625	NC_021161.1	94.667	75	4	0	1	75	17728606	17728532	2.23e-25	117	121	36634854
CaSNP3625	NC_021161.1	95.833	72	3	0	1	72	22288194	22288265	2.23e-25	117	121	36634854
CaSNP3625	NC_021161.1	95.833	72	3	0	1	72	23019538	23019467	2.23e-25	117	121	36634854
CaSNP3625	NC_021161.1	95.833	72	3	0	1	72	34034848	34034919	2.23e-25	117	121	36634854
CaSNP3625	NC_021161.1	95.714	70	3	0	1	70	4242518	4242449	2.89e-24	113	121	36634854
CaSNP3625	NC_021161.1	97.015	67	2	0	1	67	4277261	4277327	2.89e-24	113	121	36634854
CaSNP3625	NC_021161.1	97.015	67	2	0	1	67	12715778	12715712	2.89e-24	113	121	36634854
CaSNP3625	NC_021161.1	97.015	67	2	0	1	67	17472964	17473030	2.89e-24	113	121	36634854
CaSNP3625	NC_021161.1	97.059	68	1	1	1	67	17635748	17635681	2.89e-24	113	121	36634854
CaSNP3625	NC_021161.1	97.015	67	2	0	1	67	20799749	20799683	2.89e-24	113	121	36634854
CaSNP3625	NC_021161.1	97.015	67	2	0	1	67	21192590	21192656	2.89e-24	113	121	36634854
CaSNP3625	NC_021161.1	97.015	67	2	0	1	67	24402229	24402163	2.89e-24	113	121	36634854
CaSNP3625	NC_021161.1	97.015	67	2	0	1	67	32020575	32020641	2.89e-24	113	121	36634854
CaSNP3625	NC_021161.1	97.015	67	2	0	1	67	32462373	32462307	2.89e-24	113	121	36634854
CaSNP3625	NC_021161.1	94.444	72	4	0	1	72	1169528	1169457	1.04e-23	111	121	36634854
CaSNP3625	NC_021161.1	94.444	72	4	0	1	72	6218501	6218572	1.04e-23	111	121	36634854
CaSNP3625	NC_021161.1	94.521	73	3	1	1	72	13653820	13653892	1.04e-23	111	121	36634854
CaSNP3625	NC_021161.1	94.444	72	4	0	1	72	16650462	16650391	1.04e-23	111	121	36634854
CaSNP3625	NC_021161.1	94.444	72	4	0	1	72	16776695	16776624	1.04e-23	111	121	36634854
CaSNP3625	NC_021161.1	94.521	73	3	1	1	72	17624479	17624407	1.04e-23	111	121	36634854
CaSNP3625	NC_021161.1	94.521	73	3	1	1	72	18846674	18846746	1.04e-23	111	121	36634854
CaSNP3625	NC_021161.1	94.444	72	4	0	1	72	19614721	19614650	1.04e-23	111	121	36634854
CaSNP3625	NC_021161.1	94.444	72	4	0	1	72	20093735	20093664	1.04e-23	111	121	36634854
CaSNP3625	NC_021161.1	96.970	66	2	0	2	67	20425048	20425113	1.04e-23	111	121	36634854
CaSNP3625	NC_021161.1	91.358	81	7	0	1	81	21250402	21250322	1.04e-23	111	121	36634854
CaSNP3625	NC_021161.1	94.444	72	4	0	1	72	23854372	23854443	1.04e-23	111	121	36634854
CaSNP3625	NC_021161.1	95.652	69	3	0	2	70	24882193	24882125	1.04e-23	111	121	36634854
CaSNP3625	NC_021161.1	96.970	66	2	0	1	66	26546645	26546710	1.04e-23	111	121	36634854
CaSNP3625	NC_021161.1	94.521	73	3	1	1	72	27100336	27100408	1.04e-23	111	121	36634854
CaSNP3625	NC_021161.1	93.333	75	5	0	2	76	28758823	28758897	1.04e-23	111	121	36634854
CaSNP3625	NC_021161.1	92.308	78	5	1	1	77	21288158	21288081	3.73e-23	110	121	36634854
CaSNP3625	NC_021161.1	95.522	67	3	0	1	67	5706522	5706456	1.34e-22	108	121	36634854
CaSNP3625	NC_021161.1	95.522	67	3	0	1	67	18625755	18625821	1.34e-22	108	121	36634854
CaSNP3625	NC_021161.1	92.105	76	6	0	1	76	27480080	27480005	1.34e-22	108	121	36634854
CaSNP3625	NC_021161.1	93.151	73	4	1	1	72	10522113	10522185	4.83e-22	106	121	36634854
CaSNP3625	NC_021161.1	93.151	73	4	1	1	72	13987625	13987697	4.83e-22	106	121	36634854
CaSNP3625	NC_021161.1	93.056	72	5	0	1	72	18247060	18246989	4.83e-22	106	121	36634854
CaSNP3625	NC_021161.1	93.151	73	4	1	1	72	18514190	18514118	4.83e-22	106	121	36634854
CaSNP3625	NC_021161.1	93.151	73	4	1	1	72	19072634	19072562	4.83e-22	106	121	36634854
CaSNP3625	NC_021161.1	93.056	72	5	0	1	72	19093743	19093814	4.83e-22	106	121	36634854
CaSNP3625	NC_021161.1	95.455	66	3	0	1	66	19258850	19258915	4.83e-22	106	121	36634854
CaSNP3625	NC_021161.1	94.203	69	4	0	4	72	24890365	24890297	4.83e-22	106	121	36634854
CaSNP3625	NC_021161.1	93.151	73	4	1	1	72	34075977	34075905	4.83e-22	106	121	36634854
CaSNP3625	NC_021161.1	92.857	70	5	0	1	70	19363393	19363462	6.25e-21	102	121	36634854
CaSNP3625	NC_021161.1	91.667	72	6	0	1	72	4437522	4437593	2.25e-20	100	121	36634854
CaSNP3625	NC_021161.1	90.789	76	6	1	1	75	19068753	19068678	2.25e-20	100	121	36634854
CaSNP3625	NC_021161.1	91.667	72	6	0	1	72	21737163	21737234	2.25e-20	100	121	36634854
CaSNP3625	NC_021161.1	92.647	68	4	1	1	67	13992204	13992271	2.91e-19	97.1	121	36634854
CaSNP3625	NC_021161.1	90.278	72	7	0	1	72	7273814	7273743	1.05e-18	95.3	121	36634854
CaSNP3625	NC_021161.1	91.304	69	6	0	1	69	33917012	33917080	1.05e-18	95.3	121	36634854
CaSNP3625	NC_021161.1	94.915	59	3	0	2	60	18464164	18464222	3.76e-18	93.5	121	36634854
CaSNP3625	NC_021161.1	91.045	67	5	1	2	67	20142998	20142932	4.86e-17	89.8	121	36634854
CaSNP3625	NC_021165.1	94.253	87	4	1	1	86	36178381	36178295	7.97e-30	132	121	59463898
CaSNP3625	NC_021165.1	96.053	76	3	0	1	76	32781255	32781330	1.33e-27	124	121	59463898
CaSNP3625	NC_021165.1	96.053	76	3	0	1	76	54682396	54682471	1.33e-27	124	121	59463898
CaSNP3625	NC_021165.1	97.222	72	2	0	1	72	1507830	1507759	4.79e-27	122	121	59463898
CaSNP3625	NC_021165.1	97.222	72	2	0	1	72	1525262	1525333	4.79e-27	122	121	59463898
CaSNP3625	NC_021165.1	97.260	73	1	1	1	72	29426728	29426656	4.79e-27	122	121	59463898
CaSNP3625	NC_021165.1	96.000	75	3	0	1	75	33970520	33970446	4.79e-27	122	121	59463898
CaSNP3625	NC_021165.1	96.000	75	3	0	1	75	34511441	34511515	4.79e-27	122	121	59463898
CaSNP3625	NC_021165.1	97.222	72	2	0	1	72	52963875	52963804	4.79e-27	122	121	59463898
CaSNP3625	NC_021165.1	97.222	72	2	0	1	72	56419692	56419621	4.79e-27	122	121	59463898
CaSNP3625	NC_021165.1	94.805	77	4	0	1	77	33410351	33410427	1.72e-26	121	121	59463898
CaSNP3625	NC_021165.1	97.183	71	2	0	2	72	41332009	41331939	1.72e-26	121	121	59463898
CaSNP3625	NC_021165.1	94.805	77	4	0	1	77	41617378	41617454	1.72e-26	121	121	59463898
CaSNP3625	NC_021165.1	97.183	71	2	0	1	71	44151434	44151504	1.72e-26	121	121	59463898
CaSNP3625	NC_021165.1	94.737	76	4	0	1	76	14262404	14262479	6.20e-26	119	121	59463898
CaSNP3625	NC_021165.1	94.805	77	3	1	1	76	19470747	19470671	6.20e-26	119	121	59463898
CaSNP3625	NC_021165.1	94.737	76	4	0	1	76	42943685	42943610	6.20e-26	119	121	59463898
CaSNP3625	NC_021165.1	92.771	83	4	2	1	81	56301063	56301145	6.20e-26	119	121	59463898
CaSNP3625	NC_021165.1	95.833	72	3	0	1	72	19511974	19512045	2.23e-25	117	121	59463898
CaSNP3625	NC_021165.1	95.890	73	2	1	1	72	23900636	23900564	2.23e-25	117	121	59463898
CaSNP3625	NC_021165.1	95.833	72	3	0	1	72	24884519	24884590	2.23e-25	117	121	59463898
CaSNP3625	NC_021165.1	95.833	72	3	0	1	72	29411242	29411171	2.23e-25	117	121	59463898
CaSNP3625	NC_021165.1	95.833	72	3	0	1	72	31712718	31712789	2.23e-25	117	121	59463898
CaSNP3625	NC_021165.1	95.833	72	3	0	1	72	33556125	33556196	2.23e-25	117	121	59463898
CaSNP3625	NC_021165.1	95.833	72	3	0	1	72	33560884	33560955	2.23e-25	117	121	59463898
CaSNP3625	NC_021165.1	95.833	72	3	0	1	72	33911705	33911634	2.23e-25	117	121	59463898
CaSNP3625	NC_021165.1	95.890	73	2	1	1	72	37031513	37031585	2.23e-25	117	121	59463898
CaSNP3625	NC_021165.1	94.667	75	4	0	1	75	38682936	38682862	2.23e-25	117	121	59463898
CaSNP3625	NC_021165.1	95.833	72	3	0	1	72	40106124	40106053	2.23e-25	117	121	59463898
CaSNP3625	NC_021165.1	95.833	72	3	0	1	72	41393159	41393230	2.23e-25	117	121	59463898
CaSNP3625	NC_021165.1	95.833	72	3	0	1	72	42230869	42230798	2.23e-25	117	121	59463898
CaSNP3625	NC_021165.1	95.833	72	3	0	1	72	42938100	42938171	2.23e-25	117	121	59463898
CaSNP3625	NC_021165.1	94.737	76	3	1	1	75	43121975	43122050	2.23e-25	117	121	59463898
CaSNP3625	NC_021165.1	95.833	72	3	0	1	72	46231071	46231142	2.23e-25	117	121	59463898
CaSNP3625	NC_021165.1	95.833	72	3	0	1	72	46634221	46634150	2.23e-25	117	121	59463898
CaSNP3625	NC_021165.1	95.833	72	3	0	1	72	46637617	46637546	2.23e-25	117	121	59463898
CaSNP3625	NC_021165.1	94.667	75	4	0	1	75	47524395	47524321	2.23e-25	117	121	59463898
CaSNP3625	NC_021165.1	95.833	72	3	0	1	72	48059870	48059799	2.23e-25	117	121	59463898
CaSNP3625	NC_021165.1	95.833	72	3	0	1	72	49302741	49302812	2.23e-25	117	121	59463898
CaSNP3625	NC_021165.1	95.833	72	3	0	1	72	52958715	52958644	2.23e-25	117	121	59463898
CaSNP3625	NC_021165.1	94.667	75	4	0	1	75	54931640	54931566	2.23e-25	117	121	59463898
CaSNP3625	NC_021165.1	93.671	79	4	1	1	79	55206833	55206756	2.23e-25	117	121	59463898
CaSNP3625	NC_021165.1	95.833	72	3	0	1	72	55947795	55947724	2.23e-25	117	121	59463898
CaSNP3625	NC_021165.1	95.775	71	3	0	2	72	24999399	24999329	8.02e-25	115	121	59463898
CaSNP3625	NC_021165.1	95.775	71	3	0	1	71	44155606	44155676	8.02e-25	115	121	59463898
CaSNP3625	NC_021165.1	97.015	67	2	0	1	67	1464054	1464120	2.89e-24	113	121	59463898
CaSNP3625	NC_021165.1	97.015	67	2	0	1	67	24862653	24862719	2.89e-24	113	121	59463898
CaSNP3625	NC_021165.1	97.015	67	2	0	1	67	25097985	25098051	2.89e-24	113	121	59463898
CaSNP3625	NC_021165.1	97.015	67	2	0	1	67	26200188	26200254	2.89e-24	113	121	59463898
CaSNP3625	NC_021165.1	97.015	67	2	0	1	67	30150658	30150592	2.89e-24	113	121	59463898
CaSNP3625	NC_021165.1	97.015	67	2	0	1	67	33405423	33405489	2.89e-24	113	121	59463898
CaSNP3625	NC_021165.1	97.015	67	2	0	1	67	33917545	33917479	2.89e-24	113	121	59463898
CaSNP3625	NC_021165.1	97.015	67	2	0	1	67	37361414	37361480	2.89e-24	113	121	59463898
CaSNP3625	NC_021165.1	95.714	70	3	0	3	72	39506916	39506985	2.89e-24	113	121	59463898
CaSNP3625	NC_021165.1	97.015	67	2	0	1	67	44331947	44332013	2.89e-24	113	121	59463898
CaSNP3625	NC_021165.1	93.421	76	5	0	1	76	46252802	46252727	2.89e-24	113	121	59463898
CaSNP3625	NC_021165.1	97.015	67	2	0	1	67	54680242	54680308	2.89e-24	113	121	59463898
CaSNP3625	NC_021165.1	97.015	67	2	0	1	67	54941356	54941290	2.89e-24	113	121	59463898
CaSNP3625	NC_021165.1	94.444	72	4	0	1	72	91186	91115	1.04e-23	111	121	59463898
CaSNP3625	NC_021165.1	93.333	75	5	0	1	75	15699949	15699875	1.04e-23	111	121	59463898
CaSNP3625	NC_021165.1	93.333	75	5	0	1	75	24966724	24966650	1.04e-23	111	121	59463898
CaSNP3625	NC_021165.1	93.333	75	5	0	1	75	37423576	37423502	1.04e-23	111	121	59463898
CaSNP3625	NC_021165.1	96.970	66	2	0	1	66	38606200	38606135	1.04e-23	111	121	59463898
CaSNP3625	NC_021165.1	94.444	72	4	0	1	72	38682777	38682848	1.04e-23	111	121	59463898
CaSNP3625	NC_021165.1	94.444	72	4	0	1	72	41396760	41396831	1.04e-23	111	121	59463898
CaSNP3625	NC_021165.1	96.970	66	2	0	1	66	42659062	42659127	1.04e-23	111	121	59463898
CaSNP3625	NC_021165.1	94.444	72	4	0	1	72	42946942	42947013	1.04e-23	111	121	59463898
CaSNP3625	NC_021165.1	96.970	66	2	0	1	66	43839167	43839232	1.04e-23	111	121	59463898
CaSNP3625	NC_021165.1	96.970	66	2	0	1	66	43849416	43849481	1.04e-23	111	121	59463898
CaSNP3625	NC_021165.1	94.444	72	4	0	1	72	47457174	47457245	1.04e-23	111	121	59463898
CaSNP3625	NC_021165.1	96.970	66	2	0	2	67	51536824	51536889	1.04e-23	111	121	59463898
CaSNP3625	NC_021165.1	94.444	72	4	0	1	72	52969180	52969109	1.04e-23	111	121	59463898
CaSNP3625	NC_021165.1	93.333	75	5	0	1	75	54772175	54772249	1.04e-23	111	121	59463898
CaSNP3625	NC_021165.1	94.366	71	4	0	1	71	31709386	31709456	3.73e-23	110	121	59463898
CaSNP3625	NC_021165.1	94.366	71	4	0	2	72	32045163	32045093	3.73e-23	110	121	59463898
CaSNP3625	NC_021165.1	94.444	72	3	1	1	71	49387676	49387605	3.73e-23	110	121	59463898
CaSNP3625	NC_021165.1	95.522	67	3	0	1	67	14270157	14270091	1.34e-22	108	121	59463898
CaSNP3625	NC_021165.1	95.522	67	3	0	1	67	25056245	25056179	1.34e-22	108	121	59463898
CaSNP3625	NC_021165.1	93.243	74	4	1	5	77	32722888	32722815	1.34e-22	108	121	59463898
CaSNP3625	NC_021165.1	95.522	67	3	0	1	67	57308335	57308269	1.34e-22	108	121	59463898
CaSNP3625	NC_021165.1	93.056	72	5	0	1	72	1517487	1517416	4.83e-22	106	121	59463898
CaSNP3625	NC_021165.1	93.056	72	5	0	1	72	8508128	8508057	4.83e-22	106	121	59463898
CaSNP3625	NC_021165.1	92.000	75	6	0	1	75	16226380	16226306	4.83e-22	106	121	59463898
CaSNP3625	NC_021165.1	93.056	72	5	0	1	72	35359818	35359747	4.83e-22	106	121	59463898
CaSNP3625	NC_021165.1	93.056	72	5	0	1	72	38905172	38905101	4.83e-22	106	121	59463898
CaSNP3625	NC_021165.1	95.455	66	3	0	1	66	39275145	39275210	4.83e-22	106	121	59463898
CaSNP3625	NC_021165.1	93.056	72	5	0	1	72	40651669	40651740	4.83e-22	106	121	59463898
CaSNP3625	NC_021165.1	93.056	72	5	0	1	72	42235234	42235163	4.83e-22	106	121	59463898
CaSNP3625	NC_021165.1	93.056	72	5	0	1	72	43801885	43801814	4.83e-22	106	121	59463898
CaSNP3625	NC_021165.1	93.151	73	4	1	1	72	43992253	43992181	4.83e-22	106	121	59463898
CaSNP3625	NC_021165.1	95.455	66	3	0	1	66	44849703	44849768	4.83e-22	106	121	59463898
CaSNP3625	NC_021165.1	93.056	72	5	0	1	72	44877791	44877720	4.83e-22	106	121	59463898
CaSNP3625	NC_021165.1	93.056	72	4	1	1	72	44882447	44882377	1.74e-21	104	121	59463898
CaSNP3625	NC_021165.1	96.825	63	1	1	1	62	48997657	48997719	1.74e-21	104	121	59463898
CaSNP3625	NC_021165.1	94.118	68	3	1	1	67	30155726	30155659	6.25e-21	102	121	59463898
CaSNP3625	NC_021165.1	94.030	67	4	0	1	67	40005348	40005282	6.25e-21	102	121	59463898
CaSNP3625	NC_021165.1	91.667	72	6	0	1	72	1984630	1984559	2.25e-20	100	121	59463898
CaSNP3625	NC_021165.1	91.667	72	6	0	1	72	3916942	3916871	2.25e-20	100	121	59463898
CaSNP3625	NC_021165.1	93.939	66	4	0	1	66	26189777	26189842	2.25e-20	100	121	59463898
CaSNP3625	NC_021165.1	91.667	72	6	0	1	72	36317561	36317490	2.25e-20	100	121	59463898
CaSNP3625	NC_021165.1	98.246	57	1	0	1	57	49298673	49298617	2.25e-20	100	121	59463898
CaSNP3625	NC_021165.1	91.667	72	6	0	1	72	49452226	49452297	2.25e-20	100	121	59463898
CaSNP3625	NC_021165.1	96.667	60	1	1	1	60	42303126	42303184	8.08e-20	99.0	121	59463898
CaSNP3625	NC_021165.1	95.161	62	1	1	1	62	40630022	40630081	2.91e-19	97.1	121	59463898
CaSNP3625	NC_021165.1	90.278	72	7	0	1	72	26218259	26218330	1.05e-18	95.3	121	59463898
CaSNP3625	NC_021165.1	91.045	67	6	0	1	67	47544602	47544668	1.35e-17	91.6	121	59463898
CaSNP3625	NC_021166.1	96.203	79	3	0	1	79	48934003	48934081	2.86e-29	130	121	48961560
CaSNP3625	NC_021166.1	97.260	73	1	1	1	72	16040111	16040039	4.79e-27	122	121	48961560
CaSNP3625	NC_021166.1	97.222	72	2	0	1	72	42216024	42215953	4.79e-27	122	121	48961560
CaSNP3625	NC_021166.1	97.222	72	2	0	1	72	42777156	42777085	4.79e-27	122	121	48961560
CaSNP3625	NC_021166.1	94.872	78	4	0	1	78	43015203	43015126	4.79e-27	122	121	48961560
CaSNP3625	NC_021166.1	94.872	78	4	0	1	78	48505155	48505078	4.79e-27	122	121	48961560
CaSNP3625	NC_021166.1	94.805	77	4	0	1	77	563291	563367	1.72e-26	121	121	48961560
CaSNP3625	NC_021166.1	94.737	76	4	0	1	76	15258608	15258533	6.20e-26	119	121	48961560
CaSNP3625	NC_021166.1	94.737	76	4	0	1	76	24305304	24305379	6.20e-26	119	121	48961560
CaSNP3625	NC_021166.1	98.507	67	1	0	1	67	27786416	27786350	6.20e-26	119	121	48961560
CaSNP3625	NC_021166.1	92.771	83	5	1	1	82	37192517	37192435	6.20e-26	119	121	48961560
CaSNP3625	NC_021166.1	95.833	72	3	0	1	72	13414384	13414455	2.23e-25	117	121	48961560
CaSNP3625	NC_021166.1	95.833	72	3	0	1	72	18574412	18574341	2.23e-25	117	121	48961560
CaSNP3625	NC_021166.1	97.101	69	2	0	1	69	21537739	21537807	2.23e-25	117	121	48961560
CaSNP3625	NC_021166.1	95.833	72	3	0	1	72	21543378	21543449	2.23e-25	117	121	48961560
CaSNP3625	NC_021166.1	95.833	72	3	0	1	72	21780838	21780909	2.23e-25	117	121	48961560
CaSNP3625	NC_021166.1	97.101	69	2	0	1	69	22406185	22406253	2.23e-25	117	121	48961560
CaSNP3625	NC_021166.1	95.833	72	3	0	1	72	23728166	23728095	2.23e-25	117	121	48961560
CaSNP3625	NC_021166.1	95.833	72	3	0	1	72	24572527	24572598	2.23e-25	117	121	48961560
CaSNP3625	NC_021166.1	95.833	72	3	0	1	72	25899774	25899703	2.23e-25	117	121	48961560
CaSNP3625	NC_021166.1	95.833	72	3	0	1	72	31141556	31141485	2.23e-25	117	121	48961560
CaSNP3625	NC_021166.1	95.833	72	3	0	1	72	40345721	40345650	2.23e-25	117	121	48961560
CaSNP3625	NC_021166.1	95.833	72	3	0	1	72	41617411	41617340	2.23e-25	117	121	48961560
CaSNP3625	NC_021166.1	95.833	72	3	0	1	72	42344809	42344738	2.23e-25	117	121	48961560
CaSNP3625	NC_021166.1	95.833	72	3	0	1	72	42550042	42550113	2.23e-25	117	121	48961560
CaSNP3625	NC_021166.1	95.833	72	3	0	1	72	43034108	43034179	2.23e-25	117	121	48961560
CaSNP3625	NC_021166.1	95.833	72	3	0	1	72	44833886	44833957	2.23e-25	117	121	48961560
CaSNP3625	NC_021166.1	95.833	72	3	0	1	72	45159294	45159365	2.23e-25	117	121	48961560
CaSNP3625	NC_021166.1	95.833	72	3	0	1	72	45437806	45437877	2.23e-25	117	121	48961560
CaSNP3625	NC_021166.1	95.833	72	3	0	1	72	45448484	45448555	2.23e-25	117	121	48961560
CaSNP3625	NC_021166.1	95.833	72	3	0	1	72	45727785	45727856	2.23e-25	117	121	48961560
CaSNP3625	NC_021166.1	95.833	72	3	0	1	72	46982716	46982787	2.23e-25	117	121	48961560
CaSNP3625	NC_021166.1	95.833	72	3	0	1	72	47778097	47778168	2.23e-25	117	121	48961560
CaSNP3625	NC_021166.1	95.833	72	3	0	1	72	48065266	48065337	2.23e-25	117	121	48961560
CaSNP3625	NC_021166.1	95.833	72	2	1	2	72	22931391	22931320	8.02e-25	115	121	48961560
CaSNP3625	NC_021166.1	95.775	71	3	0	1	71	23231160	23231230	8.02e-25	115	121	48961560
CaSNP3625	NC_021166.1	94.667	75	3	1	2	75	31137679	31137605	8.02e-25	115	121	48961560
CaSNP3625	NC_021166.1	95.775	71	3	0	2	72	34677529	34677599	8.02e-25	115	121	48961560
CaSNP3625	NC_021166.1	95.714	70	3	0	1	70	13295764	13295833	2.89e-24	113	121	48961560
CaSNP3625	NC_021166.1	93.421	76	5	0	1	76	24470791	24470866	2.89e-24	113	121	48961560
CaSNP3625	NC_021166.1	97.015	67	2	0	1	67	24576600	24576666	2.89e-24	113	121	48961560
CaSNP3625	NC_021166.1	97.015	67	2	0	1	67	27790278	27790212	2.89e-24	113	121	48961560
CaSNP3625	NC_021166.1	97.015	67	2	0	1	67	28146073	28146007	2.89e-24	113	121	48961560
CaSNP3625	NC_021166.1	97.015	67	2	0	1	67	28172224	28172158	2.89e-24	113	121	48961560
CaSNP3625	NC_021166.1	97.015	67	2	0	1	67	29507302	29507236	2.89e-24	113	121	48961560
CaSNP3625	NC_021166.1	97.015	67	2	0	1	67	37485044	37485110	2.89e-24	113	121	48961560
CaSNP3625	NC_021166.1	97.015	67	2	0	1	67	42428648	42428714	2.89e-24	113	121	48961560
CaSNP3625	NC_021166.1	97.015	67	2	0	1	67	42432177	42432243	2.89e-24	113	121	48961560
CaSNP3625	NC_021166.1	97.015	67	2	0	1	67	44821132	44821066	2.89e-24	113	121	48961560
CaSNP3625	NC_021166.1	97.015	67	2	0	1	67	48034272	48034206	2.89e-24	113	121	48961560
CaSNP3625	NC_021166.1	97.015	67	2	0	1	67	48775970	48776036	2.89e-24	113	121	48961560
CaSNP3625	NC_021166.1	93.421	76	5	0	1	76	48790804	48790879	2.89e-24	113	121	48961560
CaSNP3625	NC_021166.1	94.444	72	4	0	1	72	14266223	14266152	1.04e-23	111	121	48961560
CaSNP3625	NC_021166.1	94.444	72	4	0	1	72	16955783	16955712	1.04e-23	111	121	48961560
CaSNP3625	NC_021166.1	94.444	72	4	0	1	72	17270751	17270822	1.04e-23	111	121	48961560
CaSNP3625	NC_021166.1	94.444	72	4	0	1	72	21781759	21781830	1.04e-23	111	121	48961560
CaSNP3625	NC_021166.1	96.970	66	2	0	1	66	21786248	21786313	1.04e-23	111	121	48961560
CaSNP3625	NC_021166.1	94.521	73	3	1	1	72	22849479	22849407	1.04e-23	111	121	48961560
CaSNP3625	NC_021166.1	94.444	72	4	0	1	72	23799549	23799478	1.04e-23	111	121	48961560
CaSNP3625	NC_021166.1	94.444	72	4	0	1	72	24853834	24853763	1.04e-23	111	121	48961560
CaSNP3625	NC_021166.1	93.333	75	5	0	1	75	26179138	26179064	1.04e-23	111	121	48961560
CaSNP3625	NC_021166.1	94.444	72	4	0	1	72	26268200	26268271	1.04e-23	111	121	48961560
CaSNP3625	NC_021166.1	94.444	72	4	0	1	72	26430057	26429986	1.04e-23	111	121	48961560
CaSNP3625	NC_021166.1	96.970	66	2	0	2	67	37516678	37516613	1.04e-23	111	121	48961560
CaSNP3625	NC_021166.1	96.970	66	2	0	1	66	37825789	37825854	1.04e-23	111	121	48961560
CaSNP3625	NC_021166.1	94.521	73	3	1	1	72	40123126	40123198	1.04e-23	111	121	48961560
CaSNP3625	NC_021166.1	94.444	72	4	0	1	72	42781296	42781225	1.04e-23	111	121	48961560
CaSNP3625	NC_021166.1	94.444	72	4	0	1	72	42788686	42788615	1.04e-23	111	121	48961560
CaSNP3625	NC_021166.1	94.521	73	3	1	1	72	43242462	43242534	1.04e-23	111	121	48961560
CaSNP3625	NC_021166.1	94.444	72	4	0	1	72	43836317	43836246	1.04e-23	111	121	48961560
CaSNP3625	NC_021166.1	94.444	72	4	0	1	72	44247309	44247380	1.04e-23	111	121	48961560
CaSNP3625	NC_021166.1	96.970	66	2	0	1	66	44825037	44824972	1.04e-23	111	121	48961560
CaSNP3625	NC_021166.1	96.970	66	2	0	1	66	45541529	45541594	1.04e-23	111	121	48961560
CaSNP3625	NC_021166.1	94.444	72	4	0	1	72	45550178	45550107	1.04e-23	111	121	48961560
CaSNP3625	NC_021166.1	94.521	73	3	1	1	72	47229683	47229755	1.04e-23	111	121	48961560
CaSNP3625	NC_021166.1	94.444	72	4	0	1	72	47479961	47479890	1.04e-23	111	121	48961560
CaSNP3625	NC_021166.1	94.444	72	4	0	1	72	48803593	48803522	1.04e-23	111	121	48961560
CaSNP3625	NC_021166.1	94.366	71	4	0	2	72	24817322	24817392	3.73e-23	110	121	48961560
CaSNP3625	NC_021166.1	94.366	71	4	0	1	71	25420340	25420270	3.73e-23	110	121	48961560
CaSNP3625	NC_021166.1	94.444	72	3	1	1	72	42764347	42764417	3.73e-23	110	121	48961560
CaSNP3625	NC_021166.1	92.208	77	6	0	1	77	45870364	45870440	3.73e-23	110	121	48961560
CaSNP3625	NC_021166.1	96.923	65	1	1	1	64	41924319	41924255	1.34e-22	108	121	48961560
CaSNP3625	NC_021166.1	95.522	67	3	0	1	67	43679207	43679273	1.34e-22	108	121	48961560
CaSNP3625	NC_021166.1	92.105	76	6	0	1	76	46932521	46932596	1.34e-22	108	121	48961560
CaSNP3625	NC_021166.1	95.522	67	2	1	1	66	548198	548264	4.83e-22	106	121	48961560
CaSNP3625	NC_021166.1	94.203	69	4	0	4	72	23392369	23392301	4.83e-22	106	121	48961560
CaSNP3625	NC_021166.1	95.455	66	3	0	2	67	23913872	23913937	4.83e-22	106	121	48961560
CaSNP3625	NC_021166.1	93.151	73	4	1	1	72	25859780	25859852	4.83e-22	106	121	48961560
CaSNP3625	NC_021166.1	93.151	73	4	1	1	72	32332934	32333006	4.83e-22	106	121	48961560
CaSNP3625	NC_021166.1	92.000	75	6	0	1	75	38675244	38675170	4.83e-22	106	121	48961560
CaSNP3625	NC_021166.1	93.151	73	4	1	1	72	41908432	41908360	4.83e-22	106	121	48961560
CaSNP3625	NC_021166.1	93.056	72	5	0	1	72	42133048	42132977	4.83e-22	106	121	48961560
CaSNP3625	NC_021166.1	94.203	69	4	0	1	69	44676684	44676616	4.83e-22	106	121	48961560
CaSNP3625	NC_021166.1	93.056	72	5	0	1	72	44680331	44680260	4.83e-22	106	121	48961560
CaSNP3625	NC_021166.1	95.385	65	3	0	2	66	44266642	44266706	1.74e-21	104	121	48961560
CaSNP3625	NC_021166.1	94.030	67	4	0	6	72	40923639	40923573	6.25e-21	102	121	48961560
CaSNP3625	NC_021166.1	90.789	76	7	0	1	76	43839898	43839823	6.25e-21	102	121	48961560
CaSNP3625	NC_021166.1	94.030	67	4	0	1	67	45719236	45719302	6.25e-21	102	121	48961560
CaSNP3625	NC_021166.1	91.667	72	6	0	1	72	13711239	13711310	2.25e-20	100	121	48961560
CaSNP3625	NC_021166.1	91.667	72	6	0	1	72	15093523	15093594	2.25e-20	100	121	48961560
CaSNP3625	NC_021166.1	91.667	72	6	0	1	72	25415377	25415306	2.25e-20	100	121	48961560
CaSNP3625	NC_021166.1	91.667	72	6	0	1	72	38925156	38925085	2.25e-20	100	121	48961560
CaSNP3625	NC_021166.1	91.667	72	5	1	2	72	22930613	22930542	8.08e-20	99.0	121	48961560
CaSNP3625	NC_021166.1	90.278	72	7	0	1	72	27746522	27746451	1.05e-18	95.3	121	48961560
CaSNP3625	NC_021166.1	90.278	72	6	1	2	72	39483457	39483528	3.76e-18	93.5	121	48961560
CaSNP2907	NC_021167.1	99.174	121	1	0	1	121	10879884	10879764	5.94e-56	219	121	16477302
CaSNP2907	NC_021167.1	93.151	73	5	0	49	121	10999265	10999337	1.34e-22	108	121	16477302
CaSNP2907	NC_021167.1	93.151	73	5	0	49	121	11987627	11987555	1.34e-22	108	121	16477302
CaSNP2907	NC_021167.1	92.958	71	5	0	49	119	10386811	10386741	1.74e-21	104	121	16477302
CaSNP2907	NC_021167.1	92.958	71	5	0	51	121	11016830	11016900	1.74e-21	104	121	16477302
CaSNP2907	NC_021167.1	91.781	73	6	0	49	121	10905854	10905782	6.25e-21	102	121	16477302
CaSNP2907	NC_021167.1	92.754	69	5	0	51	119	10886840	10886772	2.25e-20	100	121	16477302
CaSNP2907	NC_021167.1	92.754	69	5	0	51	119	10954842	10954910	2.25e-20	100	121	16477302
CaSNP2907	NC_021167.1	91.549	71	6	0	49	119	10377597	10377527	8.08e-20	99.0	121	16477302
CaSNP2907	NC_021167.1	90.141	71	7	0	51	121	10915384	10915314	3.76e-18	93.5	121	16477302
CaSNP2907	NC_021167.1	100.000	48	0	0	72	119	10970033	10970080	4.86e-17	89.8	121	16477302
CaSNP2907	NC_021161.1	91.463	82	7	0	40	121	15622086	15622167	2.89e-24	113	121	36634854
CaSNP2907	NC_021161.1	93.333	60	4	0	60	119	1729423	1729364	4.86e-17	89.8	121	36634854
CaSNP2907	NC_021163.1	93.151	73	5	0	49	121	9064073	9064145	1.34e-22	108	121	49191682
CaSNP2907	NW_004516550.1	92.958	71	5	0	51	121	150070	150140	1.74e-21	104	121	186942
CaSNP2907	NW_004516250.1	92.958	71	5	0	49	119	113121	113051	1.74e-21	104	121	172385
CaSNP3271	NC_021164.1	99.174	121	1	0	1	121	18960810	18960930	5.94e-56	219	121	48169137
CaSNP3155	NW_004517034.1	99.174	121	1	0	1	121	121406	121526	5.94e-56	219	121	173418
CaSNP3011	NW_004516266.1	99.174	121	1	0	1	121	280975	280855	5.94e-56	219	121	571959
CaSNP3359	NW_004517355.1	99.174	121	1	0	1	121	267259	267139	5.94e-56	219	121	356271
CaSNP3566	NW_004517034.1	99.174	121	1	0	1	121	46615	46735	5.94e-56	219	121	173418
CaSNP3566	NC_021166.1	90.000	80	8	0	41	120	21077962	21077883	1.74e-21	104	121	48961560
CaSNP4777	NC_021167.1	100.000	121	0	0	1	121	10554602	10554482	1.28e-57	224	121	16477302
CaSNP4668	NW_004516855.1	99.174	121	1	0	1	121	37038	36918	5.94e-56	219	121	148293
CaSNP2106	NW_004516266.1	99.174	121	1	0	1	121	291502	291382	5.94e-56	219	121	571959
CaSNP2106	NC_021162.1	92.373	118	9	0	4	121	7586909	7586792	6.07e-41	169	121	39989001
CaSNP2106	NC_021162.1	90.678	118	11	0	4	121	7754869	7754752	1.31e-37	158	121	39989001
CaSNP3841	NW_004517355.1	100.000	121	0	0	1	121	217730	217850	1.28e-57	224	121	356271
CaTSNP6845	NW_004516855.1	100.000	121	0	0	1	121	133522	133642	1.28e-57	224	121	148293
CaSNP3352	NC_021161.1	99.174	121	1	0	1	121	7742065	7741945	5.94e-56	219	121	36634854
CaSNP2643	NC_021161.1	100.000	121	0	0	1	121	7806955	7807075	1.28e-57	224	121	36634854
CaSNP3758	NC_021167.1	100.000	121	0	0	1	121	14192405	14192285	1.28e-57	224	121	16477302
CaSNP3479	NW_004516272.1	98.347	121	2	0	1	121	29603	29483	2.77e-54	213	121	309189
CaSNP2630	NC_021167.1	99.174	121	1	0	1	121	10141875	10141995	5.94e-56	219	121	16477302
CaSNP2630	NC_021164.1	95.868	121	5	0	1	121	18723324	18723444	2.78e-49	196	121	48169137
CaSNP3081	NW_004516250.1	99.174	121	1	0	1	121	46297	46417	5.94e-56	219	121	172385
CaSNP3898	NW_004515744.1	99.174	121	1	0	1	121	411900	411780	5.94e-56	219	121	642373
CaSNP3898	NW_004515744.1	95.699	93	4	0	1	93	290916	291008	2.20e-35	150	121	642373
CaSNP4056	NW_004517519.1	99.174	121	1	0	1	121	136055	135935	5.94e-56	219	121	514336
CaSNP5128	NW_004516315.1	100.000	121	0	0	1	121	70450	70330	1.28e-57	224	121	368356
CaSNP3522	NW_004516233.1	99.174	121	1	0	1	121	133620	133500	5.94e-56	219	121	352940
CaSNP4669	NC_021167.1	100.000	121	0	0	1	121	10189378	10189258	1.28e-57	224	121	16477302
CaSNP4807	NC_021167.1	100.000	121	0	0	1	121	11067920	11068040	1.28e-57	224	121	16477302
CaSNP2424	NW_004516329.1	100.000	121	0	0	1	121	311748	311868	1.28e-57	224	121	688796
CaSNP2062	NW_004517442.1	99.174	121	1	0	1	121	65447	65327	5.94e-56	219	121	122185
CaSNP2595	NW_004517355.1	99.174	121	1	0	1	121	121554	121674	5.94e-56	219	121	356271
CaSNP4546	NW_004516369.1	100.000	121	0	0	1	121	319411	319531	1.28e-57	224	121	506461
CaSNP4546	NC_021165.1	92.562	121	8	1	1	121	24915046	24915165	4.69e-42	172	121	59463898
CaSNP4546	NC_021165.1	90.833	120	11	0	1	120	10559985	10559866	1.02e-38	161	121	59463898
CaSNP4546	NC_021166.1	91.667	120	10	0	1	120	25153500	25153619	2.18e-40	167	121	48961560
CaSNP4546	NC_021160.1	90.000	120	12	0	1	120	44748925	44749044	4.73e-37	156	121	48359943
CaSNP4546	NW_004517049.1	90.435	115	11	0	1	115	35221	35107	6.11e-36	152	121	387389
CaSNP2430	NC_021167.1	99.174	121	1	0	1	121	14107266	14107146	5.94e-56	219	121	16477302
CaSNP4633	NW_004516329.1	99.174	121	1	0	1	121	178363	178243	5.94e-56	219	121	688796
CaTSNP6769	NC_021167.1	99.174	121	1	0	1	121	14331974	14331854	5.94e-56	219	121	16477302
