chr	n_markers	pos_min	pos_max	cM_min	cM_max	spearman_pos_cM	increasing_cM_steps	decreasing_cM_steps	equal_cM_steps
1	33	116716	50890858	0.0	90.14	0.5594919786096257	19	13	0
2	25	527105	64388868	51.992	152.817	0.9823076923076923	20	4	0
3	52	471792	75300341	11.48	154.261	-0.9596175189959872	14	37	0
4	39	1350244	58105360	6.173	133.566	0.3781376518218623	20	18	0
5	36	467622	58346819	0.0	116.537	0.9891891891891892	24	11	0
6	32	3126778	45742423	29.774	82.378	-0.9648093841642228	7	24	0
7	39	2012008	56534552	22.271	128.516	-0.9246963562753037	14	24	0
8	55	1175982	51653704	31.834	137.024	0.946897546897547	36	18	0
9	26	176926	64472044	18.372	126.324	-0.9958974358974357	6	19	0
