chr	pos	cM	bin	source
1	282464	0.000000	Bin1	Yu2011_TIGR6.1_midpoint_not_lifted
1	581800	0.239809	Bin2	Yu2011_TIGR6.1_midpoint_not_lifted
1	760423	0.722904	Bin3	Yu2011_TIGR6.1_midpoint_not_lifted
1	998510	1.452844	Bin4	Yu2011_TIGR6.1_midpoint_not_lifted
1	1110744	2.433268	Bin5	Yu2011_TIGR6.1_midpoint_not_lifted
1	1183829	2.673076	Bin6	Yu2011_TIGR6.1_midpoint_not_lifted
1	1270318	4.693553	Bin7	Yu2011_TIGR6.1_midpoint_not_lifted
1	1412852	4.933362	Bin8	Yu2011_TIGR6.1_midpoint_not_lifted
1	1529702	5.663302	Bin9	Yu2011_TIGR6.1_midpoint_not_lifted
1	1634208	6.146397	Bin10	Yu2011_TIGR6.1_midpoint_not_lifted
1	1725282	7.381028	Bin11	Yu2011_TIGR6.1_midpoint_not_lifted
1	1759356	7.620837	Bin12	Yu2011_TIGR6.1_midpoint_not_lifted
1	1866618	8.350777	Bin13	Yu2011_TIGR6.1_midpoint_not_lifted
1	2087494	9.843425	Bin14	Yu2011_TIGR6.1_midpoint_not_lifted
1	2304564	11.336073	Bin15	Yu2011_TIGR6.1_midpoint_not_lifted
1	2526598	11.575882	Bin16	Yu2011_TIGR6.1_midpoint_not_lifted
1	2713615	11.815690	Bin17	Yu2011_TIGR6.1_midpoint_not_lifted
1	2858218	12.055499	Bin18	Yu2011_TIGR6.1_midpoint_not_lifted
1	3200390	13.290129	Bin19	Yu2011_TIGR6.1_midpoint_not_lifted
1	3479786	14.270553	Bin20	Yu2011_TIGR6.1_midpoint_not_lifted
1	3549984	14.510362	Bin21	Yu2011_TIGR6.1_midpoint_not_lifted
1	3598680	15.490785	Bin22	Yu2011_TIGR6.1_midpoint_not_lifted
1	3637896	15.973881	Bin23	Yu2011_TIGR6.1_midpoint_not_lifted
1	3678592	16.456976	Bin24	Yu2011_TIGR6.1_midpoint_not_lifted
1	4001304	16.940072	Bin25	Yu2011_TIGR6.1_midpoint_not_lifted
1	4359039	22.179019	Bin26	Yu2011_TIGR6.1_midpoint_not_lifted
1	4478537	23.159443	Bin27	Yu2011_TIGR6.1_midpoint_not_lifted
1	4565034	23.399251	Bin28	Yu2011_TIGR6.1_midpoint_not_lifted
1	4614460	24.379675	Bin29	Yu2011_TIGR6.1_midpoint_not_lifted
1	4697086	24.862771	Bin30	Yu2011_TIGR6.1_midpoint_not_lifted
1	4832373	26.097401	Bin31	Yu2011_TIGR6.1_midpoint_not_lifted
1	4972319	26.580497	Bin32	Yu2011_TIGR6.1_midpoint_not_lifted
1	5098072	27.063592	Bin33	Yu2011_TIGR6.1_midpoint_not_lifted
1	5208046	30.476991	Bin34	Yu2011_TIGR6.1_midpoint_not_lifted
1	5284234	30.716799	Bin35	Yu2011_TIGR6.1_midpoint_not_lifted
1	5346338	31.199895	Bin36	Yu2011_TIGR6.1_midpoint_not_lifted
1	5390564	31.682991	Bin37	Yu2011_TIGR6.1_midpoint_not_lifted
1	5447862	32.917621	Bin38	Yu2011_TIGR6.1_midpoint_not_lifted
1	5582774	33.647561	Bin39	Yu2011_TIGR6.1_midpoint_not_lifted
1	5712010	33.887370	Bin40	Yu2011_TIGR6.1_midpoint_not_lifted
1	5754070	34.127178	Bin41	Yu2011_TIGR6.1_midpoint_not_lifted
1	5840215	34.610274	Bin42	Yu2011_TIGR6.1_midpoint_not_lifted
1	5979565	34.850083	Bin43	Yu2011_TIGR6.1_midpoint_not_lifted
1	6127659	35.089891	Bin44	Yu2011_TIGR6.1_midpoint_not_lifted
1	6223468	35.329700	Bin45	Yu2011_TIGR6.1_midpoint_not_lifted
1	6251884	36.059640	Bin46	Yu2011_TIGR6.1_midpoint_not_lifted
1	6401703	36.299448	Bin47	Yu2011_TIGR6.1_midpoint_not_lifted
1	6564164	36.782544	Bin48	Yu2011_TIGR6.1_midpoint_not_lifted
1	6694014	37.265639	Bin49	Yu2011_TIGR6.1_midpoint_not_lifted
1	7091541	38.246063	Bin50	Yu2011_TIGR6.1_midpoint_not_lifted
1	7886440	49.836144	Bin51	Yu2011_TIGR6.1_midpoint_not_lifted
1	8534983	52.962162	Bin52	Yu2011_TIGR6.1_midpoint_not_lifted
1	8743130	53.692102	Bin53	Yu2011_TIGR6.1_midpoint_not_lifted
1	8991355	53.931910	Bin54	Yu2011_TIGR6.1_midpoint_not_lifted
1	9203455	54.415006	Bin55	Yu2011_TIGR6.1_midpoint_not_lifted
1	9304043	54.654814	Bin56	Yu2011_TIGR6.1_midpoint_not_lifted
1	9549232	61.216924	Bin57	Yu2011_TIGR6.1_midpoint_not_lifted
1	9795362	61.456732	Bin58	Yu2011_TIGR6.1_midpoint_not_lifted
1	10179760	62.949381	Bin59	Yu2011_TIGR6.1_midpoint_not_lifted
1	10534394	63.929804	Bin60	Yu2011_TIGR6.1_midpoint_not_lifted
1	10602390	64.412900	Bin61	Yu2011_TIGR6.1_midpoint_not_lifted
1	10668785	64.652708	Bin62	Yu2011_TIGR6.1_midpoint_not_lifted
1	10822434	65.135804	Bin63	Yu2011_TIGR6.1_midpoint_not_lifted
1	10943658	65.375612	Bin64	Yu2011_TIGR6.1_midpoint_not_lifted
1	11261341	66.356036	Bin65	Yu2011_TIGR6.1_midpoint_not_lifted
1	11823246	70.966346	Bin66	Yu2011_TIGR6.1_midpoint_not_lifted
1	12138116	71.946769	Bin67	Yu2011_TIGR6.1_midpoint_not_lifted
1	12277468	72.186578	Bin68	Yu2011_TIGR6.1_midpoint_not_lifted
1	12512537	74.477055	Bin69	Yu2011_TIGR6.1_midpoint_not_lifted
1	12671892	74.716863	Bin70	Yu2011_TIGR6.1_midpoint_not_lifted
1	12728137	75.199959	Bin71	Yu2011_TIGR6.1_midpoint_not_lifted
1	13024834	76.180382	Bin72	Yu2011_TIGR6.1_midpoint_not_lifted
1	13404833	76.420191	Bin73	Yu2011_TIGR6.1_midpoint_not_lifted
1	13739612	76.660000	Bin74	Yu2011_TIGR6.1_midpoint_not_lifted
1	13993932	76.899808	Bin75	Yu2011_TIGR6.1_midpoint_not_lifted
1	14078676	77.139617	Bin76	Yu2011_TIGR6.1_midpoint_not_lifted
1	14184781	77.379425	Bin77	Yu2011_TIGR6.1_midpoint_not_lifted
1	14307350	77.619234	Bin78	Yu2011_TIGR6.1_midpoint_not_lifted
1	14423625	78.349174	Bin79	Yu2011_TIGR6.1_midpoint_not_lifted
1	14506898	78.588983	Bin80	Yu2011_TIGR6.1_midpoint_not_lifted
1	14576207	79.569406	Bin81	Yu2011_TIGR6.1_midpoint_not_lifted
1	14959032	79.809215	Bin82	Yu2011_TIGR6.1_midpoint_not_lifted
1	15393072	80.539155	Bin83	Yu2011_TIGR6.1_midpoint_not_lifted
1	16549809	80.778963	Bin84	Yu2011_TIGR6.1_midpoint_not_lifted
1	17969531	81.018772	Bin85	Yu2011_TIGR6.1_midpoint_not_lifted
1	18355088	81.748712	Bin86	Yu2011_TIGR6.1_midpoint_not_lifted
1	18393679	81.988521	Bin87	Yu2011_TIGR6.1_midpoint_not_lifted
1	18468446	82.228329	Bin88	Yu2011_TIGR6.1_midpoint_not_lifted
1	18653160	82.711425	Bin89	Yu2011_TIGR6.1_midpoint_not_lifted
1	18988426	83.691848	Bin90	Yu2011_TIGR6.1_midpoint_not_lifted
1	19249529	83.931657	Bin91	Yu2011_TIGR6.1_midpoint_not_lifted
1	19407879	84.414753	Bin92	Yu2011_TIGR6.1_midpoint_not_lifted
1	19533048	84.654561	Bin93	Yu2011_TIGR6.1_midpoint_not_lifted
1	19760188	84.894370	Bin94	Yu2011_TIGR6.1_midpoint_not_lifted
1	20156868	85.134178	Bin95	Yu2011_TIGR6.1_midpoint_not_lifted
1	20389404	85.373987	Bin96	Yu2011_TIGR6.1_midpoint_not_lifted
1	20449162	85.857083	Bin97	Yu2011_TIGR6.1_midpoint_not_lifted
1	20470818	86.340178	Bin98	Yu2011_TIGR6.1_midpoint_not_lifted
1	20517525	87.070118	Bin99	Yu2011_TIGR6.1_midpoint_not_lifted
1	20739593	87.800058	Bin100	Yu2011_TIGR6.1_midpoint_not_lifted
1	20931940	88.283154	Bin101	Yu2011_TIGR6.1_midpoint_not_lifted
1	21063312	88.522962	Bin102	Yu2011_TIGR6.1_midpoint_not_lifted
1	21603920	90.277528	Bin103	Yu2011_TIGR6.1_midpoint_not_lifted
1	22279089	98.630232	Bin104	Yu2011_TIGR6.1_midpoint_not_lifted
1	22555935	98.870041	Bin105	Yu2011_TIGR6.1_midpoint_not_lifted
1	22613546	99.109850	Bin106	Yu2011_TIGR6.1_midpoint_not_lifted
1	22686762	99.349658	Bin107	Yu2011_TIGR6.1_midpoint_not_lifted
1	22750983	99.832754	Bin108	Yu2011_TIGR6.1_midpoint_not_lifted
1	22807786	100.072562	Bin109	Yu2011_TIGR6.1_midpoint_not_lifted
1	22863686	100.555658	Bin110	Yu2011_TIGR6.1_midpoint_not_lifted
1	22939521	100.795467	Bin111	Yu2011_TIGR6.1_midpoint_not_lifted
1	23034576	101.278562	Bin112	Yu2011_TIGR6.1_midpoint_not_lifted
1	23156308	102.008502	Bin113	Yu2011_TIGR6.1_midpoint_not_lifted
1	23235600	102.491598	Bin114	Yu2011_TIGR6.1_midpoint_not_lifted
1	23347296	102.731406	Bin115	Yu2011_TIGR6.1_midpoint_not_lifted
1	23539159	103.461346	Bin116	Yu2011_TIGR6.1_midpoint_not_lifted
1	23650054	103.701155	Bin117	Yu2011_TIGR6.1_midpoint_not_lifted
1	23798457	104.184250	Bin118	Yu2011_TIGR6.1_midpoint_not_lifted
1	23946521	105.676899	Bin119	Yu2011_TIGR6.1_midpoint_not_lifted
1	24023372	106.657322	Bin120	Yu2011_TIGR6.1_midpoint_not_lifted
1	24129287	106.897131	Bin121	Yu2011_TIGR6.1_midpoint_not_lifted
1	24294010	107.136939	Bin122	Yu2011_TIGR6.1_midpoint_not_lifted
1	24482642	113.026091	Bin123	Yu2011_TIGR6.1_midpoint_not_lifted
1	24664611	113.265900	Bin124	Yu2011_TIGR6.1_midpoint_not_lifted
1	24794244	113.995840	Bin125	Yu2011_TIGR6.1_midpoint_not_lifted
1	24844084	114.235648	Bin126	Yu2011_TIGR6.1_midpoint_not_lifted
1	24995472	114.475457	Bin127	Yu2011_TIGR6.1_midpoint_not_lifted
1	25287448	115.205397	Bin128	Yu2011_TIGR6.1_midpoint_not_lifted
1	25846804	115.445205	Bin129	Yu2011_TIGR6.1_midpoint_not_lifted
1	26537120	118.571223	Bin130	Yu2011_TIGR6.1_midpoint_not_lifted
1	27077903	118.811032	Bin131	Yu2011_TIGR6.1_midpoint_not_lifted
1	27660418	126.792539	Bin132	Yu2011_TIGR6.1_midpoint_not_lifted
1	28053522	128.027170	Bin133	Yu2011_TIGR6.1_midpoint_not_lifted
1	28253664	128.266978	Bin134	Yu2011_TIGR6.1_midpoint_not_lifted
1	28419682	128.750074	Bin135	Yu2011_TIGR6.1_midpoint_not_lifted
1	28528460	129.480014	Bin136	Yu2011_TIGR6.1_midpoint_not_lifted
1	28640344	129.719823	Bin137	Yu2011_TIGR6.1_midpoint_not_lifted
1	28745904	129.959631	Bin138	Yu2011_TIGR6.1_midpoint_not_lifted
1	28890903	130.199440	Bin139	Yu2011_TIGR6.1_midpoint_not_lifted
1	29470353	130.929380	Bin140	Yu2011_TIGR6.1_midpoint_not_lifted
1	30030744	134.634778	Bin141	Yu2011_TIGR6.1_midpoint_not_lifted
1	30115600	135.117874	Bin142	Yu2011_TIGR6.1_midpoint_not_lifted
1	30173424	135.357683	Bin143	Yu2011_TIGR6.1_midpoint_not_lifted
1	30330788	136.087623	Bin144	Yu2011_TIGR6.1_midpoint_not_lifted
1	30484851	136.327431	Bin145	Yu2011_TIGR6.1_midpoint_not_lifted
1	30523234	136.567240	Bin146	Yu2011_TIGR6.1_midpoint_not_lifted
1	30554058	136.807048	Bin147	Yu2011_TIGR6.1_midpoint_not_lifted
1	30726130	137.046857	Bin148	Yu2011_TIGR6.1_midpoint_not_lifted
1	30931126	137.286666	Bin149	Yu2011_TIGR6.1_midpoint_not_lifted
1	31003161	137.526474	Bin150	Yu2011_TIGR6.1_midpoint_not_lifted
1	31043030	137.766283	Bin151	Yu2011_TIGR6.1_midpoint_not_lifted
1	31352310	138.006091	Bin152	Yu2011_TIGR6.1_midpoint_not_lifted
1	31677091	138.245900	Bin153	Yu2011_TIGR6.1_midpoint_not_lifted
1	31726018	138.485709	Bin154	Yu2011_TIGR6.1_midpoint_not_lifted
1	31801986	138.725517	Bin155	Yu2011_TIGR6.1_midpoint_not_lifted
1	31904547	138.965326	Bin156	Yu2011_TIGR6.1_midpoint_not_lifted
1	32030613	139.205135	Bin157	Yu2011_TIGR6.1_midpoint_not_lifted
1	32141342	139.688230	Bin158	Yu2011_TIGR6.1_midpoint_not_lifted
1	32209834	140.171326	Bin159	Yu2011_TIGR6.1_midpoint_not_lifted
1	32283303	140.654421	Bin160	Yu2011_TIGR6.1_midpoint_not_lifted
1	32521107	140.894230	Bin161	Yu2011_TIGR6.1_midpoint_not_lifted
1	32807308	144.020248	Bin162	Yu2011_TIGR6.1_midpoint_not_lifted
1	33090579	145.254878	Bin163	Yu2011_TIGR6.1_midpoint_not_lifted
1	33450852	145.494687	Bin164	Yu2011_TIGR6.1_midpoint_not_lifted
1	33729414	145.734495	Bin165	Yu2011_TIGR6.1_midpoint_not_lifted
1	34262148	145.974304	Bin166	Yu2011_TIGR6.1_midpoint_not_lifted
1	34713220	146.214113	Bin167	Yu2011_TIGR6.1_midpoint_not_lifted
1	34801912	146.453921	Bin168	Yu2011_TIGR6.1_midpoint_not_lifted
1	34967234	146.937017	Bin169	Yu2011_TIGR6.1_midpoint_not_lifted
1	35104178	147.176825	Bin170	Yu2011_TIGR6.1_midpoint_not_lifted
1	35337609	147.659921	Bin171	Yu2011_TIGR6.1_midpoint_not_lifted
1	35593304	148.143017	Bin172	Yu2011_TIGR6.1_midpoint_not_lifted
1	35709283	148.382825	Bin173	Yu2011_TIGR6.1_midpoint_not_lifted
1	35869193	148.622634	Bin174	Yu2011_TIGR6.1_midpoint_not_lifted
1	36117556	149.857264	Bin175	Yu2011_TIGR6.1_midpoint_not_lifted
1	36404266	150.097073	Bin176	Yu2011_TIGR6.1_midpoint_not_lifted
1	36934908	150.336882	Bin177	Yu2011_TIGR6.1_midpoint_not_lifted
1	37477283	152.357359	Bin178	Yu2011_TIGR6.1_midpoint_not_lifted
1	37729182	152.597167	Bin179	Yu2011_TIGR6.1_midpoint_not_lifted
1	37847554	152.836976	Bin180	Yu2011_TIGR6.1_midpoint_not_lifted
1	37909868	153.076784	Bin181	Yu2011_TIGR6.1_midpoint_not_lifted
1	38017731	153.806724	Bin182	Yu2011_TIGR6.1_midpoint_not_lifted
1	38138058	154.046533	Bin183	Yu2011_TIGR6.1_midpoint_not_lifted
1	38271885	154.776473	Bin184	Yu2011_TIGR6.1_midpoint_not_lifted
1	38355017	155.016282	Bin185	Yu2011_TIGR6.1_midpoint_not_lifted
1	38392298	155.256090	Bin186	Yu2011_TIGR6.1_midpoint_not_lifted
1	38524462	157.010656	Bin187	Yu2011_TIGR6.1_midpoint_not_lifted
1	38826350	158.245287	Bin188	Yu2011_TIGR6.1_midpoint_not_lifted
1	39065053	160.535764	Bin189	Yu2011_TIGR6.1_midpoint_not_lifted
1	39229606	161.018859	Bin190	Yu2011_TIGR6.1_midpoint_not_lifted
1	39566180	161.501955	Bin191	Yu2011_TIGR6.1_midpoint_not_lifted
1	39800796	163.522432	Bin192	Yu2011_TIGR6.1_midpoint_not_lifted
1	39969210	163.762240	Bin193	Yu2011_TIGR6.1_midpoint_not_lifted
1	40294189	174.495087	Bin194	Yu2011_TIGR6.1_midpoint_not_lifted
1	40554772	178.200486	Bin195	Yu2011_TIGR6.1_midpoint_not_lifted
1	40766772	178.440294	Bin196	Yu2011_TIGR6.1_midpoint_not_lifted
1	40927542	182.744025	Bin197	Yu2011_TIGR6.1_midpoint_not_lifted
1	41025134	183.227120	Bin198	Yu2011_TIGR6.1_midpoint_not_lifted
1	41391793	188.149124	Bin199	Yu2011_TIGR6.1_midpoint_not_lifted
1	41729110	188.632219	Bin200	Yu2011_TIGR6.1_midpoint_not_lifted
1	41792096	189.362159	Bin201	Yu2011_TIGR6.1_midpoint_not_lifted
1	41895430	190.342583	Bin202	Yu2011_TIGR6.1_midpoint_not_lifted
1	42010603	190.825679	Bin203	Yu2011_TIGR6.1_midpoint_not_lifted
1	42060136	191.555619	Bin204	Yu2011_TIGR6.1_midpoint_not_lifted
1	42079079	192.038714	Bin205	Yu2011_TIGR6.1_midpoint_not_lifted
1	42135116	192.278523	Bin206	Yu2011_TIGR6.1_midpoint_not_lifted
1	42196840	192.761618	Bin207	Yu2011_TIGR6.1_midpoint_not_lifted
1	42230693	193.742042	Bin208	Yu2011_TIGR6.1_midpoint_not_lifted
1	42281969	194.225137	Bin209	Yu2011_TIGR6.1_midpoint_not_lifted
1	42344297	194.955077	Bin210	Yu2011_TIGR6.1_midpoint_not_lifted
1	42398084	195.438173	Bin211	Yu2011_TIGR6.1_midpoint_not_lifted
1	42602085	196.168113	Bin212	Yu2011_TIGR6.1_midpoint_not_lifted
1	42832147	197.660761	Bin213	Yu2011_TIGR6.1_midpoint_not_lifted
1	42905546	198.143857	Bin214	Yu2011_TIGR6.1_midpoint_not_lifted
1	42942818	199.636505	Bin215	Yu2011_TIGR6.1_midpoint_not_lifted
1	43010956	199.876313	Bin216	Yu2011_TIGR6.1_midpoint_not_lifted
1	43166855	200.606253	Bin217	Yu2011_TIGR6.1_midpoint_not_lifted
2	52754	0.000000	Bin218	Yu2011_TIGR6.1_midpoint_not_lifted
2	159160	0.239809	Bin219	Yu2011_TIGR6.1_midpoint_not_lifted
2	333654	3.945207	Bin220	Yu2011_TIGR6.1_midpoint_not_lifted
2	474644	4.675147	Bin221	Yu2011_TIGR6.1_midpoint_not_lifted
2	531576	5.158243	Bin222	Yu2011_TIGR6.1_midpoint_not_lifted
2	635938	5.398051	Bin223	Yu2011_TIGR6.1_midpoint_not_lifted
2	737394	5.881147	Bin224	Yu2011_TIGR6.1_midpoint_not_lifted
2	801232	6.364242	Bin225	Yu2011_TIGR6.1_midpoint_not_lifted
2	836328	6.604051	Bin226	Yu2011_TIGR6.1_midpoint_not_lifted
2	911411	7.584475	Bin227	Yu2011_TIGR6.1_midpoint_not_lifted
2	1064168	8.564898	Bin228	Yu2011_TIGR6.1_midpoint_not_lifted
2	1172232	8.804707	Bin229	Yu2011_TIGR6.1_midpoint_not_lifted
2	1216636	9.044515	Bin230	Yu2011_TIGR6.1_midpoint_not_lifted
2	1273457	9.284324	Bin231	Yu2011_TIGR6.1_midpoint_not_lifted
2	1399091	10.014264	Bin232	Yu2011_TIGR6.1_midpoint_not_lifted
2	1566659	10.744204	Bin233	Yu2011_TIGR6.1_midpoint_not_lifted
2	1747231	13.870222	Bin234	Yu2011_TIGR6.1_midpoint_not_lifted
2	1971397	14.353317	Bin235	Yu2011_TIGR6.1_midpoint_not_lifted
2	2099700	14.593126	Bin236	Yu2011_TIGR6.1_midpoint_not_lifted
2	2338032	15.323066	Bin237	Yu2011_TIGR6.1_midpoint_not_lifted
2	2609185	15.562875	Bin238	Yu2011_TIGR6.1_midpoint_not_lifted
2	2717896	16.045970	Bin239	Yu2011_TIGR6.1_midpoint_not_lifted
2	2808158	17.026394	Bin240	Yu2011_TIGR6.1_midpoint_not_lifted
2	2989001	17.509489	Bin241	Yu2011_TIGR6.1_midpoint_not_lifted
2	3188672	17.749298	Bin242	Yu2011_TIGR6.1_midpoint_not_lifted
2	3359946	17.989106	Bin243	Yu2011_TIGR6.1_midpoint_not_lifted
2	3757001	32.373210	Bin244	Yu2011_TIGR6.1_midpoint_not_lifted
2	4100589	33.353634	Bin245	Yu2011_TIGR6.1_midpoint_not_lifted
2	4221682	33.593442	Bin246	Yu2011_TIGR6.1_midpoint_not_lifted
2	4315202	33.833251	Bin247	Yu2011_TIGR6.1_midpoint_not_lifted
2	4485766	34.813674	Bin248	Yu2011_TIGR6.1_midpoint_not_lifted
2	4676616	36.306323	Bin249	Yu2011_TIGR6.1_midpoint_not_lifted
2	4814571	36.546131	Bin250	Yu2011_TIGR6.1_midpoint_not_lifted
2	4936533	38.566608	Bin251	Yu2011_TIGR6.1_midpoint_not_lifted
2	5029004	38.806417	Bin252	Yu2011_TIGR6.1_midpoint_not_lifted
2	5231936	39.536357	Bin253	Yu2011_TIGR6.1_midpoint_not_lifted
2	5647744	47.153393	Bin254	Yu2011_TIGR6.1_midpoint_not_lifted
2	5991758	48.646041	Bin255	Yu2011_TIGR6.1_midpoint_not_lifted
2	6161152	48.885850	Bin256	Yu2011_TIGR6.1_midpoint_not_lifted
2	6311514	49.125658	Bin257	Yu2011_TIGR6.1_midpoint_not_lifted
2	6605221	50.106082	Bin258	Yu2011_TIGR6.1_midpoint_not_lifted
2	6926176	54.108217	Bin259	Yu2011_TIGR6.1_midpoint_not_lifted
2	7048434	54.838157	Bin260	Yu2011_TIGR6.1_midpoint_not_lifted
2	7167164	55.077966	Bin261	Yu2011_TIGR6.1_midpoint_not_lifted
2	7315134	55.807906	Bin262	Yu2011_TIGR6.1_midpoint_not_lifted
2	7476820	61.046853	Bin263	Yu2011_TIGR6.1_midpoint_not_lifted
2	7714092	61.529949	Bin264	Yu2011_TIGR6.1_midpoint_not_lifted
2	7926544	61.769758	Bin265	Yu2011_TIGR6.1_midpoint_not_lifted
2	8367594	62.009566	Bin266	Yu2011_TIGR6.1_midpoint_not_lifted
2	8765068	62.492662	Bin267	Yu2011_TIGR6.1_midpoint_not_lifted
2	8853616	62.732470	Bin268	Yu2011_TIGR6.1_midpoint_not_lifted
2	8948093	63.462410	Bin269	Yu2011_TIGR6.1_midpoint_not_lifted
2	9069774	63.702219	Bin270	Yu2011_TIGR6.1_midpoint_not_lifted
2	9298932	64.185314	Bin271	Yu2011_TIGR6.1_midpoint_not_lifted
2	9527600	64.668410	Bin272	Yu2011_TIGR6.1_midpoint_not_lifted
2	9760948	64.908219	Bin273	Yu2011_TIGR6.1_midpoint_not_lifted
2	10056706	65.148027	Bin274	Yu2011_TIGR6.1_midpoint_not_lifted
2	10468518	66.128451	Bin275	Yu2011_TIGR6.1_midpoint_not_lifted
2	10921777	67.621099	Bin276	Yu2011_TIGR6.1_midpoint_not_lifted
2	11565912	67.860908	Bin277	Yu2011_TIGR6.1_midpoint_not_lifted
2	12068180	68.100716	Bin278	Yu2011_TIGR6.1_midpoint_not_lifted
2	13979276	70.665381	Bin279	Yu2011_TIGR6.1_midpoint_not_lifted
2	15869012	71.148476	Bin280	Yu2011_TIGR6.1_midpoint_not_lifted
2	15983528	71.388285	Bin281	Yu2011_TIGR6.1_midpoint_not_lifted
2	16116908	71.628094	Bin282	Yu2011_TIGR6.1_midpoint_not_lifted
2	16174285	71.867902	Bin283	Yu2011_TIGR6.1_midpoint_not_lifted
2	16327773	72.107711	Bin284	Yu2011_TIGR6.1_midpoint_not_lifted
2	16501599	72.347520	Bin285	Yu2011_TIGR6.1_midpoint_not_lifted
2	17307016	72.587328	Bin286	Yu2011_TIGR6.1_midpoint_not_lifted
2	18095469	73.070424	Bin287	Yu2011_TIGR6.1_midpoint_not_lifted
2	18293922	73.310232	Bin288	Yu2011_TIGR6.1_midpoint_not_lifted
2	18493158	73.550041	Bin289	Yu2011_TIGR6.1_midpoint_not_lifted
2	18581350	73.789850	Bin290	Yu2011_TIGR6.1_midpoint_not_lifted
2	18664287	74.029658	Bin291	Yu2011_TIGR6.1_midpoint_not_lifted
2	18717283	74.759598	Bin292	Yu2011_TIGR6.1_midpoint_not_lifted
2	18773426	74.999407	Bin293	Yu2011_TIGR6.1_midpoint_not_lifted
2	18935420	75.729347	Bin294	Yu2011_TIGR6.1_midpoint_not_lifted
2	19129924	77.221995	Bin295	Yu2011_TIGR6.1_midpoint_not_lifted
2	19212316	77.461803	Bin296	Yu2011_TIGR6.1_midpoint_not_lifted
2	19266026	77.701612	Bin297	Yu2011_TIGR6.1_midpoint_not_lifted
2	19398150	77.941421	Bin298	Yu2011_TIGR6.1_midpoint_not_lifted
2	19532573	78.181229	Bin299	Yu2011_TIGR6.1_midpoint_not_lifted
2	19606450	78.911169	Bin300	Yu2011_TIGR6.1_midpoint_not_lifted
2	19657775	79.150978	Bin301	Yu2011_TIGR6.1_midpoint_not_lifted
2	19710068	79.634073	Bin302	Yu2011_TIGR6.1_midpoint_not_lifted
2	19803092	79.873882	Bin303	Yu2011_TIGR6.1_midpoint_not_lifted
2	19914189	80.356978	Bin304	Yu2011_TIGR6.1_midpoint_not_lifted
2	19989785	81.086918	Bin305	Yu2011_TIGR6.1_midpoint_not_lifted
2	20032584	81.570013	Bin306	Yu2011_TIGR6.1_midpoint_not_lifted
2	20079654	81.809822	Bin307	Yu2011_TIGR6.1_midpoint_not_lifted
2	20190280	82.292917	Bin308	Yu2011_TIGR6.1_midpoint_not_lifted
2	20399155	82.776013	Bin309	Yu2011_TIGR6.1_midpoint_not_lifted
2	20594442	83.015821	Bin310	Yu2011_TIGR6.1_midpoint_not_lifted
2	24642392	136.015694	Bin311	Yu2011_TIGR6.1_midpoint_not_lifted
2	28670623	136.745634	Bin312	Yu2011_TIGR6.1_midpoint_not_lifted
2	28957112	137.228730	Bin313	Yu2011_TIGR6.1_midpoint_not_lifted
2	29292931	138.721378	Bin314	Yu2011_TIGR6.1_midpoint_not_lifted
2	29419902	138.961186	Bin315	Yu2011_TIGR6.1_midpoint_not_lifted
2	29515129	139.444282	Bin316	Yu2011_TIGR6.1_midpoint_not_lifted
2	29793153	139.684090	Bin317	Yu2011_TIGR6.1_midpoint_not_lifted
2	30282077	140.664514	Bin318	Yu2011_TIGR6.1_midpoint_not_lifted
2	30589637	140.904323	Bin319	Yu2011_TIGR6.1_midpoint_not_lifted
2	30686816	141.884746	Bin320	Yu2011_TIGR6.1_midpoint_not_lifted
2	30772740	142.124555	Bin321	Yu2011_TIGR6.1_midpoint_not_lifted
2	30922676	143.617203	Bin322	Yu2011_TIGR6.1_midpoint_not_lifted
2	31134424	145.109851	Bin323	Yu2011_TIGR6.1_midpoint_not_lifted
2	31230266	145.592947	Bin324	Yu2011_TIGR6.1_midpoint_not_lifted
2	31320321	145.832755	Bin325	Yu2011_TIGR6.1_midpoint_not_lifted
2	31461411	146.315851	Bin326	Yu2011_TIGR6.1_midpoint_not_lifted
2	31538252	146.555659	Bin327	Yu2011_TIGR6.1_midpoint_not_lifted
2	31569525	146.795468	Bin328	Yu2011_TIGR6.1_midpoint_not_lifted
2	31621014	147.525408	Bin329	Yu2011_TIGR6.1_midpoint_not_lifted
2	31814997	147.765217	Bin330	Yu2011_TIGR6.1_midpoint_not_lifted
2	32123308	148.005025	Bin331	Yu2011_TIGR6.1_midpoint_not_lifted
2	32854560	149.239656	Bin332	Yu2011_TIGR6.1_midpoint_not_lifted
2	33595857	156.147173	Bin333	Yu2011_TIGR6.1_midpoint_not_lifted
2	33751828	156.386981	Bin334	Yu2011_TIGR6.1_midpoint_not_lifted
2	33874807	157.879630	Bin335	Yu2011_TIGR6.1_midpoint_not_lifted
2	34079060	161.005647	Bin336	Yu2011_TIGR6.1_midpoint_not_lifted
2	34229824	161.986071	Bin337	Yu2011_TIGR6.1_midpoint_not_lifted
2	34316624	162.469167	Bin338	Yu2011_TIGR6.1_midpoint_not_lifted
2	34363496	162.708975	Bin339	Yu2011_TIGR6.1_midpoint_not_lifted
2	34429070	163.192071	Bin340	Yu2011_TIGR6.1_midpoint_not_lifted
2	34487363	163.675166	Bin341	Yu2011_TIGR6.1_midpoint_not_lifted
2	34544290	163.914975	Bin342	Yu2011_TIGR6.1_midpoint_not_lifted
2	34661611	164.154784	Bin343	Yu2011_TIGR6.1_midpoint_not_lifted
2	34800162	166.445260	Bin344	Yu2011_TIGR6.1_midpoint_not_lifted
2	34917944	166.685069	Bin345	Yu2011_TIGR6.1_midpoint_not_lifted
2	35038300	167.168164	Bin346	Yu2011_TIGR6.1_midpoint_not_lifted
2	35116242	167.651260	Bin347	Yu2011_TIGR6.1_midpoint_not_lifted
2	35141881	169.671737	Bin348	Yu2011_TIGR6.1_midpoint_not_lifted
2	35181940	169.911546	Bin349	Yu2011_TIGR6.1_midpoint_not_lifted
2	35226733	170.394641	Bin350	Yu2011_TIGR6.1_midpoint_not_lifted
2	35283554	171.124581	Bin351	Yu2011_TIGR6.1_midpoint_not_lifted
2	35350714	171.364390	Bin352	Yu2011_TIGR6.1_midpoint_not_lifted
2	35402484	174.207533	Bin353	Yu2011_TIGR6.1_midpoint_not_lifted
2	35565926	174.447341	Bin354	Yu2011_TIGR6.1_midpoint_not_lifted
2	35727238	174.930437	Bin355	Yu2011_TIGR6.1_midpoint_not_lifted
2	35839786	175.413532	Bin356	Yu2011_TIGR6.1_midpoint_not_lifted
3	132592	0.000000	Bin357	Yu2011_TIGR6.1_midpoint_not_lifted
3	316054	0.239809	Bin358	Yu2011_TIGR6.1_midpoint_not_lifted
3	448159	0.969749	Bin359	Yu2011_TIGR6.1_midpoint_not_lifted
3	822442	1.950172	Bin360	Yu2011_TIGR6.1_midpoint_not_lifted
3	1479036	10.680998	Bin361	Yu2011_TIGR6.1_midpoint_not_lifted
3	1858781	11.164093	Bin362	Yu2011_TIGR6.1_midpoint_not_lifted
3	1985661	11.403902	Bin363	Yu2011_TIGR6.1_midpoint_not_lifted
3	2127842	12.384325	Bin364	Yu2011_TIGR6.1_midpoint_not_lifted
3	2186060	12.867421	Bin365	Yu2011_TIGR6.1_midpoint_not_lifted
3	2270726	14.887898	Bin366	Yu2011_TIGR6.1_midpoint_not_lifted
3	2420243	15.127706	Bin367	Yu2011_TIGR6.1_midpoint_not_lifted
3	2575466	15.367515	Bin368	Yu2011_TIGR6.1_midpoint_not_lifted
3	2679437	16.347939	Bin369	Yu2011_TIGR6.1_midpoint_not_lifted
3	2923387	16.587747	Bin370	Yu2011_TIGR6.1_midpoint_not_lifted
3	3174854	17.317687	Bin371	Yu2011_TIGR6.1_midpoint_not_lifted
3	3249858	20.160830	Bin372	Yu2011_TIGR6.1_midpoint_not_lifted
3	3309755	20.400639	Bin373	Yu2011_TIGR6.1_midpoint_not_lifted
3	3411762	20.640448	Bin374	Yu2011_TIGR6.1_midpoint_not_lifted
3	3631026	22.660924	Bin375	Yu2011_TIGR6.1_midpoint_not_lifted
3	4183742	35.143658	Bin376	Yu2011_TIGR6.1_midpoint_not_lifted
3	4740045	35.383467	Bin377	Yu2011_TIGR6.1_midpoint_not_lifted
3	5204127	37.673944	Bin378	Yu2011_TIGR6.1_midpoint_not_lifted
3	5567751	39.428510	Bin379	Yu2011_TIGR6.1_midpoint_not_lifted
3	5744521	40.158450	Bin380	Yu2011_TIGR6.1_midpoint_not_lifted
3	5904857	40.641545	Bin381	Yu2011_TIGR6.1_midpoint_not_lifted
3	5990730	40.881354	Bin382	Yu2011_TIGR6.1_midpoint_not_lifted
3	6317712	41.364449	Bin383	Yu2011_TIGR6.1_midpoint_not_lifted
3	7236365	42.344873	Bin384	Yu2011_TIGR6.1_midpoint_not_lifted
3	8205428	51.075698	Bin385	Yu2011_TIGR6.1_midpoint_not_lifted
3	8596325	52.056122	Bin386	Yu2011_TIGR6.1_midpoint_not_lifted
3	8704895	52.786062	Bin387	Yu2011_TIGR6.1_midpoint_not_lifted
3	8767098	53.025871	Bin388	Yu2011_TIGR6.1_midpoint_not_lifted
3	9012914	53.265679	Bin389	Yu2011_TIGR6.1_midpoint_not_lifted
3	9249198	53.505488	Bin390	Yu2011_TIGR6.1_midpoint_not_lifted
3	9268134	53.745296	Bin391	Yu2011_TIGR6.1_midpoint_not_lifted
3	9308536	53.985105	Bin392	Yu2011_TIGR6.1_midpoint_not_lifted
3	9354589	54.224914	Bin393	Yu2011_TIGR6.1_midpoint_not_lifted
3	9397859	54.464722	Bin394	Yu2011_TIGR6.1_midpoint_not_lifted
3	9465242	54.947818	Bin395	Yu2011_TIGR6.1_midpoint_not_lifted
3	9517800	55.430913	Bin396	Yu2011_TIGR6.1_midpoint_not_lifted
3	9609161	56.160853	Bin397	Yu2011_TIGR6.1_midpoint_not_lifted
3	9837695	56.400662	Bin398	Yu2011_TIGR6.1_midpoint_not_lifted
3	10011747	58.421139	Bin399	Yu2011_TIGR6.1_midpoint_not_lifted
3	10062698	58.660948	Bin400	Yu2011_TIGR6.1_midpoint_not_lifted
3	10105220	58.900756	Bin401	Yu2011_TIGR6.1_midpoint_not_lifted
3	10149819	59.140565	Bin402	Yu2011_TIGR6.1_midpoint_not_lifted
3	10305974	59.623660	Bin403	Yu2011_TIGR6.1_midpoint_not_lifted
3	10606162	64.233970	Bin404	Yu2011_TIGR6.1_midpoint_not_lifted
3	10874512	64.717066	Bin405	Yu2011_TIGR6.1_midpoint_not_lifted
3	11073932	64.956874	Bin406	Yu2011_TIGR6.1_midpoint_not_lifted
3	11245975	65.196683	Bin407	Yu2011_TIGR6.1_midpoint_not_lifted
3	11715192	69.500413	Bin408	Yu2011_TIGR6.1_midpoint_not_lifted
3	12338648	70.480837	Bin409	Yu2011_TIGR6.1_midpoint_not_lifted
3	12616718	71.715467	Bin410	Yu2011_TIGR6.1_midpoint_not_lifted
3	12775912	72.198563	Bin411	Yu2011_TIGR6.1_midpoint_not_lifted
3	12937243	72.681659	Bin412	Yu2011_TIGR6.1_midpoint_not_lifted
3	13034308	73.164754	Bin413	Yu2011_TIGR6.1_midpoint_not_lifted
3	13365081	77.166889	Bin414	Yu2011_TIGR6.1_midpoint_not_lifted
3	13711029	77.649985	Bin415	Yu2011_TIGR6.1_midpoint_not_lifted
3	13833790	78.133081	Bin416	Yu2011_TIGR6.1_midpoint_not_lifted
3	13987452	79.367711	Bin417	Yu2011_TIGR6.1_midpoint_not_lifted
3	14138807	82.210854	Bin418	Yu2011_TIGR6.1_midpoint_not_lifted
3	14275336	82.450663	Bin419	Yu2011_TIGR6.1_midpoint_not_lifted
3	14434636	83.943311	Bin420	Yu2011_TIGR6.1_midpoint_not_lifted
3	14561054	84.183120	Bin421	Yu2011_TIGR6.1_midpoint_not_lifted
3	14660624	84.422928	Bin422	Yu2011_TIGR6.1_midpoint_not_lifted
3	14791590	84.662737	Bin423	Yu2011_TIGR6.1_midpoint_not_lifted
3	14869909	85.145832	Bin424	Yu2011_TIGR6.1_midpoint_not_lifted
3	14948719	86.900398	Bin425	Yu2011_TIGR6.1_midpoint_not_lifted
3	15060948	87.630338	Bin426	Yu2011_TIGR6.1_midpoint_not_lifted
3	15127484	87.870147	Bin427	Yu2011_TIGR6.1_midpoint_not_lifted
3	15243336	88.109956	Bin428	Yu2011_TIGR6.1_midpoint_not_lifted
3	15355934	88.349764	Bin429	Yu2011_TIGR6.1_midpoint_not_lifted
3	15427870	89.079704	Bin430	Yu2011_TIGR6.1_midpoint_not_lifted
3	15530669	89.562800	Bin431	Yu2011_TIGR6.1_midpoint_not_lifted
3	15590434	89.802608	Bin432	Yu2011_TIGR6.1_midpoint_not_lifted
3	15698857	91.823085	Bin433	Yu2011_TIGR6.1_midpoint_not_lifted
3	15851380	92.062894	Bin434	Yu2011_TIGR6.1_midpoint_not_lifted
3	16043021	92.302702	Bin435	Yu2011_TIGR6.1_midpoint_not_lifted
3	16204257	93.032642	Bin436	Yu2011_TIGR6.1_midpoint_not_lifted
3	16320385	93.272451	Bin437	Yu2011_TIGR6.1_midpoint_not_lifted
3	16566784	93.512260	Bin438	Yu2011_TIGR6.1_midpoint_not_lifted
3	16815456	93.752068	Bin439	Yu2011_TIGR6.1_midpoint_not_lifted
3	16977405	93.991877	Bin440	Yu2011_TIGR6.1_midpoint_not_lifted
3	17114573	94.231686	Bin441	Yu2011_TIGR6.1_midpoint_not_lifted
3	17281684	94.714781	Bin442	Yu2011_TIGR6.1_midpoint_not_lifted
3	17396954	94.954590	Bin443	Yu2011_TIGR6.1_midpoint_not_lifted
3	17626721	95.684530	Bin444	Yu2011_TIGR6.1_midpoint_not_lifted
3	17954878	95.924338	Bin445	Yu2011_TIGR6.1_midpoint_not_lifted
3	18078105	96.164147	Bin446	Yu2011_TIGR6.1_midpoint_not_lifted
3	19659380	96.403955	Bin447	Yu2011_TIGR6.1_midpoint_not_lifted
3	21864492	96.643764	Bin448	Yu2011_TIGR6.1_midpoint_not_lifted
3	22555608	96.883573	Bin449	Yu2011_TIGR6.1_midpoint_not_lifted
3	22686822	97.123381	Bin450	Yu2011_TIGR6.1_midpoint_not_lifted
3	22818974	97.363190	Bin451	Yu2011_TIGR6.1_midpoint_not_lifted
3	23183251	98.093130	Bin452	Yu2011_TIGR6.1_midpoint_not_lifted
3	23525788	98.576225	Bin453	Yu2011_TIGR6.1_midpoint_not_lifted
3	23616814	99.059321	Bin454	Yu2011_TIGR6.1_midpoint_not_lifted
3	23733972	99.299130	Bin455	Yu2011_TIGR6.1_midpoint_not_lifted
3	23837852	99.538938	Bin456	Yu2011_TIGR6.1_midpoint_not_lifted
3	23920452	99.778747	Bin457	Yu2011_TIGR6.1_midpoint_not_lifted
3	24017613	100.261842	Bin458	Yu2011_TIGR6.1_midpoint_not_lifted
3	24243894	100.991782	Bin459	Yu2011_TIGR6.1_midpoint_not_lifted
3	24446162	107.553892	Bin460	Yu2011_TIGR6.1_midpoint_not_lifted
3	24568746	107.793700	Bin461	Yu2011_TIGR6.1_midpoint_not_lifted
3	24672848	108.033509	Bin462	Yu2011_TIGR6.1_midpoint_not_lifted
3	24921410	109.013933	Bin463	Yu2011_TIGR6.1_midpoint_not_lifted
3	25277784	112.719331	Bin464	Yu2011_TIGR6.1_midpoint_not_lifted
3	25445081	112.959140	Bin465	Yu2011_TIGR6.1_midpoint_not_lifted
3	25558631	113.198948	Bin466	Yu2011_TIGR6.1_midpoint_not_lifted
3	25749346	114.953514	Bin467	Yu2011_TIGR6.1_midpoint_not_lifted
3	25925862	115.933938	Bin468	Yu2011_TIGR6.1_midpoint_not_lifted
3	26094262	116.173747	Bin469	Yu2011_TIGR6.1_midpoint_not_lifted
3	26274276	116.413555	Bin470	Yu2011_TIGR6.1_midpoint_not_lifted
3	26387432	118.704032	Bin471	Yu2011_TIGR6.1_midpoint_not_lifted
3	26510145	118.943841	Bin472	Yu2011_TIGR6.1_midpoint_not_lifted
3	26630756	120.178471	Bin473	Yu2011_TIGR6.1_midpoint_not_lifted
3	26692900	120.418280	Bin474	Yu2011_TIGR6.1_midpoint_not_lifted
3	26712985	120.901375	Bin475	Yu2011_TIGR6.1_midpoint_not_lifted
3	26731858	121.141184	Bin476	Yu2011_TIGR6.1_midpoint_not_lifted
3	26850401	122.121608	Bin477	Yu2011_TIGR6.1_midpoint_not_lifted
3	26991061	122.361416	Bin478	Yu2011_TIGR6.1_midpoint_not_lifted
3	27097041	122.601225	Bin479	Yu2011_TIGR6.1_midpoint_not_lifted
3	27207536	123.331165	Bin480	Yu2011_TIGR6.1_midpoint_not_lifted
3	27335888	123.570973	Bin481	Yu2011_TIGR6.1_midpoint_not_lifted
3	27438708	124.551397	Bin482	Yu2011_TIGR6.1_midpoint_not_lifted
3	27500752	124.791206	Bin483	Yu2011_TIGR6.1_midpoint_not_lifted
3	27591862	126.025836	Bin484	Yu2011_TIGR6.1_midpoint_not_lifted
3	27650339	127.006260	Bin485	Yu2011_TIGR6.1_midpoint_not_lifted
3	27724424	127.246068	Bin486	Yu2011_TIGR6.1_midpoint_not_lifted
3	27829077	128.226492	Bin487	Yu2011_TIGR6.1_midpoint_not_lifted
3	27990920	128.466301	Bin488	Yu2011_TIGR6.1_midpoint_not_lifted
3	28146833	129.446724	Bin489	Yu2011_TIGR6.1_midpoint_not_lifted
3	28216935	129.686533	Bin490	Yu2011_TIGR6.1_midpoint_not_lifted
3	28252902	129.926341	Bin491	Yu2011_TIGR6.1_midpoint_not_lifted
3	28339301	130.166150	Bin492	Yu2011_TIGR6.1_midpoint_not_lifted
3	28448408	130.405959	Bin493	Yu2011_TIGR6.1_midpoint_not_lifted
3	28496532	130.645767	Bin494	Yu2011_TIGR6.1_midpoint_not_lifted
3	28554257	131.880398	Bin495	Yu2011_TIGR6.1_midpoint_not_lifted
3	28610490	132.120206	Bin496	Yu2011_TIGR6.1_midpoint_not_lifted
3	28643176	132.360015	Bin497	Yu2011_TIGR6.1_midpoint_not_lifted
3	28711148	132.599824	Bin498	Yu2011_TIGR6.1_midpoint_not_lifted
3	28880147	132.839632	Bin499	Yu2011_TIGR6.1_midpoint_not_lifted
3	29087804	133.322728	Bin500	Yu2011_TIGR6.1_midpoint_not_lifted
3	29197305	134.052668	Bin501	Yu2011_TIGR6.1_midpoint_not_lifted
3	29262188	134.292476	Bin502	Yu2011_TIGR6.1_midpoint_not_lifted
3	29369326	134.775572	Bin503	Yu2011_TIGR6.1_midpoint_not_lifted
3	29478252	135.258668	Bin504	Yu2011_TIGR6.1_midpoint_not_lifted
3	29554626	135.498476	Bin505	Yu2011_TIGR6.1_midpoint_not_lifted
3	29600363	135.738285	Bin506	Yu2011_TIGR6.1_midpoint_not_lifted
3	29630330	135.978093	Bin507	Yu2011_TIGR6.1_midpoint_not_lifted
3	29721992	136.461189	Bin508	Yu2011_TIGR6.1_midpoint_not_lifted
3	29825751	136.944284	Bin509	Yu2011_TIGR6.1_midpoint_not_lifted
3	29900033	137.427380	Bin510	Yu2011_TIGR6.1_midpoint_not_lifted
3	29963206	138.407804	Bin511	Yu2011_TIGR6.1_midpoint_not_lifted
3	30095089	138.647612	Bin512	Yu2011_TIGR6.1_midpoint_not_lifted
3	30241101	139.130708	Bin513	Yu2011_TIGR6.1_midpoint_not_lifted
3	30290160	139.370516	Bin514	Yu2011_TIGR6.1_midpoint_not_lifted
3	30317416	139.610325	Bin515	Yu2011_TIGR6.1_midpoint_not_lifted
3	30332844	141.102973	Bin516	Yu2011_TIGR6.1_midpoint_not_lifted
3	30371009	141.342782	Bin517	Yu2011_TIGR6.1_midpoint_not_lifted
3	30465294	142.072722	Bin518	Yu2011_TIGR6.1_midpoint_not_lifted
3	30576538	142.312530	Bin519	Yu2011_TIGR6.1_midpoint_not_lifted
3	30776492	142.795626	Bin520	Yu2011_TIGR6.1_midpoint_not_lifted
3	31208288	143.035434	Bin521	Yu2011_TIGR6.1_midpoint_not_lifted
3	31570973	151.766260	Bin522	Yu2011_TIGR6.1_midpoint_not_lifted
3	31827792	152.249356	Bin523	Yu2011_TIGR6.1_midpoint_not_lifted
3	32035892	152.489164	Bin524	Yu2011_TIGR6.1_midpoint_not_lifted
3	32171572	153.219104	Bin525	Yu2011_TIGR6.1_midpoint_not_lifted
3	32458118	157.221240	Bin526	Yu2011_TIGR6.1_midpoint_not_lifted
3	32739210	158.201663	Bin527	Yu2011_TIGR6.1_midpoint_not_lifted
3	32979946	158.441472	Bin528	Yu2011_TIGR6.1_midpoint_not_lifted
3	33504806	159.676102	Bin529	Yu2011_TIGR6.1_midpoint_not_lifted
3	34392952	177.245997	Bin530	Yu2011_TIGR6.1_midpoint_not_lifted
3	34908464	177.975937	Bin531	Yu2011_TIGR6.1_midpoint_not_lifted
3	34931743	178.705877	Bin532	Yu2011_TIGR6.1_midpoint_not_lifted
3	35040657	179.686300	Bin533	Yu2011_TIGR6.1_midpoint_not_lifted
3	35202864	180.666724	Bin534	Yu2011_TIGR6.1_midpoint_not_lifted
3	35283280	180.906532	Bin535	Yu2011_TIGR6.1_midpoint_not_lifted
3	35304776	182.141163	Bin536	Yu2011_TIGR6.1_midpoint_not_lifted
3	35391775	182.380972	Bin537	Yu2011_TIGR6.1_midpoint_not_lifted
3	35503959	182.620780	Bin538	Yu2011_TIGR6.1_midpoint_not_lifted
3	35551110	182.860589	Bin539	Yu2011_TIGR6.1_midpoint_not_lifted
3	35581764	183.841012	Bin540	Yu2011_TIGR6.1_midpoint_not_lifted
3	35620788	184.080821	Bin541	Yu2011_TIGR6.1_midpoint_not_lifted
3	35652160	185.315452	Bin542	Yu2011_TIGR6.1_midpoint_not_lifted
3	35705939	185.555260	Bin543	Yu2011_TIGR6.1_midpoint_not_lifted
3	35773117	185.795069	Bin544	Yu2011_TIGR6.1_midpoint_not_lifted
3	35873101	186.034877	Bin545	Yu2011_TIGR6.1_midpoint_not_lifted
3	36017570	186.764817	Bin546	Yu2011_TIGR6.1_midpoint_not_lifted
3	36130848	187.247913	Bin547	Yu2011_TIGR6.1_midpoint_not_lifted
3	36291701	187.487722	Bin548	Yu2011_TIGR6.1_midpoint_not_lifted
4	74924	0.000000	Bin549	Yu2011_TIGR6.1_midpoint_not_lifted
4	319254	0.483096	Bin550	Yu2011_TIGR6.1_midpoint_not_lifted
4	503647	1.213036	Bin551	Yu2011_TIGR6.1_midpoint_not_lifted
4	540526	1.452844	Bin552	Yu2011_TIGR6.1_midpoint_not_lifted
4	602382	2.182784	Bin553	Yu2011_TIGR6.1_midpoint_not_lifted
4	722612	2.422593	Bin554	Yu2011_TIGR6.1_midpoint_not_lifted
4	903540	2.662401	Bin555	Yu2011_TIGR6.1_midpoint_not_lifted
4	1114226	2.902210	Bin556	Yu2011_TIGR6.1_midpoint_not_lifted
4	1238972	3.142019	Bin557	Yu2011_TIGR6.1_midpoint_not_lifted
4	1481186	3.381827	Bin558	Yu2011_TIGR6.1_midpoint_not_lifted
4	1762344	4.111767	Bin559	Yu2011_TIGR6.1_midpoint_not_lifted
4	1926099	5.346398	Bin560	Yu2011_TIGR6.1_midpoint_not_lifted
4	2195241	5.586206	Bin561	Yu2011_TIGR6.1_midpoint_not_lifted
4	2409809	8.150871	Bin562	Yu2011_TIGR6.1_midpoint_not_lifted
4	2478022	8.633967	Bin563	Yu2011_TIGR6.1_midpoint_not_lifted
4	2509135	8.873775	Bin564	Yu2011_TIGR6.1_midpoint_not_lifted
4	2706144	9.113584	Bin565	Yu2011_TIGR6.1_midpoint_not_lifted
4	3222606	9.596679	Bin566	Yu2011_TIGR6.1_midpoint_not_lifted
4	3565514	10.326619	Bin567	Yu2011_TIGR6.1_midpoint_not_lifted
4	3607868	10.566428	Bin568	Yu2011_TIGR6.1_midpoint_not_lifted
4	3800066	10.806237	Bin569	Yu2011_TIGR6.1_midpoint_not_lifted
4	4069617	11.046045	Bin570	Yu2011_TIGR6.1_midpoint_not_lifted
4	4251731	11.285854	Bin571	Yu2011_TIGR6.1_midpoint_not_lifted
4	4342503	11.525662	Bin572	Yu2011_TIGR6.1_midpoint_not_lifted
4	4393626	11.765471	Bin573	Yu2011_TIGR6.1_midpoint_not_lifted
4	4503498	12.248567	Bin574	Yu2011_TIGR6.1_midpoint_not_lifted
4	4691079	12.488375	Bin575	Yu2011_TIGR6.1_midpoint_not_lifted
4	4855109	12.728184	Bin576	Yu2011_TIGR6.1_midpoint_not_lifted
4	5075399	12.967992	Bin577	Yu2011_TIGR6.1_midpoint_not_lifted
4	5274322	13.451088	Bin578	Yu2011_TIGR6.1_midpoint_not_lifted
4	5398097	13.934184	Bin579	Yu2011_TIGR6.1_midpoint_not_lifted
4	5650141	14.173992	Bin580	Yu2011_TIGR6.1_midpoint_not_lifted
4	6204528	15.154416	Bin581	Yu2011_TIGR6.1_midpoint_not_lifted
4	6763932	15.394224	Bin582	Yu2011_TIGR6.1_midpoint_not_lifted
4	7018887	15.877320	Bin583	Yu2011_TIGR6.1_midpoint_not_lifted
4	7239304	16.117128	Bin584	Yu2011_TIGR6.1_midpoint_not_lifted
4	10043896	17.097552	Bin585	Yu2011_TIGR6.1_midpoint_not_lifted
4	12969860	18.590200	Bin586	Yu2011_TIGR6.1_midpoint_not_lifted
4	13282567	18.830009	Bin587	Yu2011_TIGR6.1_midpoint_not_lifted
4	13477242	19.069817	Bin588	Yu2011_TIGR6.1_midpoint_not_lifted
4	13777507	19.309626	Bin589	Yu2011_TIGR6.1_midpoint_not_lifted
4	14506561	23.015025	Bin590	Yu2011_TIGR6.1_midpoint_not_lifted
4	15368332	23.498120	Bin591	Yu2011_TIGR6.1_midpoint_not_lifted
4	15712344	23.737929	Bin592	Yu2011_TIGR6.1_midpoint_not_lifted
4	15819402	23.977737	Bin593	Yu2011_TIGR6.1_midpoint_not_lifted
4	16214413	27.391136	Bin594	Yu2011_TIGR6.1_midpoint_not_lifted
4	16623126	27.874232	Bin595	Yu2011_TIGR6.1_midpoint_not_lifted
4	16840625	32.796235	Bin596	Yu2011_TIGR6.1_midpoint_not_lifted
4	17200057	33.279331	Bin597	Yu2011_TIGR6.1_midpoint_not_lifted
4	17529182	33.519139	Bin598	Yu2011_TIGR6.1_midpoint_not_lifted
4	17779108	33.758948	Bin599	Yu2011_TIGR6.1_midpoint_not_lifted
4	17956194	33.998757	Bin600	Yu2011_TIGR6.1_midpoint_not_lifted
4	18012638	34.238565	Bin601	Yu2011_TIGR6.1_midpoint_not_lifted
4	18048801	34.478374	Bin602	Yu2011_TIGR6.1_midpoint_not_lifted
4	18148744	34.718182	Bin603	Yu2011_TIGR6.1_midpoint_not_lifted
4	18304729	34.957991	Bin604	Yu2011_TIGR6.1_midpoint_not_lifted
4	18406518	35.197800	Bin605	Yu2011_TIGR6.1_midpoint_not_lifted
4	18510614	35.437608	Bin606	Yu2011_TIGR6.1_midpoint_not_lifted
4	18624865	35.677417	Bin607	Yu2011_TIGR6.1_midpoint_not_lifted
4	18712007	35.917225	Bin608	Yu2011_TIGR6.1_midpoint_not_lifted
4	18857240	36.647165	Bin609	Yu2011_TIGR6.1_midpoint_not_lifted
4	19026890	40.352564	Bin610	Yu2011_TIGR6.1_midpoint_not_lifted
4	19130749	40.592373	Bin611	Yu2011_TIGR6.1_midpoint_not_lifted
4	19214144	40.832181	Bin612	Yu2011_TIGR6.1_midpoint_not_lifted
4	19299664	41.071990	Bin613	Yu2011_TIGR6.1_midpoint_not_lifted
4	19348405	41.311799	Bin614	Yu2011_TIGR6.1_midpoint_not_lifted
4	19444804	41.551607	Bin615	Yu2011_TIGR6.1_midpoint_not_lifted
4	19581785	46.790555	Bin616	Yu2011_TIGR6.1_midpoint_not_lifted
4	19647840	47.030363	Bin617	Yu2011_TIGR6.1_midpoint_not_lifted
4	20098635	49.320840	Bin618	Yu2011_TIGR6.1_midpoint_not_lifted
4	20568880	49.560649	Bin619	Yu2011_TIGR6.1_midpoint_not_lifted
4	20740871	53.864379	Bin620	Yu2011_TIGR6.1_midpoint_not_lifted
4	21068011	57.277778	Bin621	Yu2011_TIGR6.1_midpoint_not_lifted
4	21294700	57.760873	Bin622	Yu2011_TIGR6.1_midpoint_not_lifted
4	21355736	58.741297	Bin623	Yu2011_TIGR6.1_midpoint_not_lifted
4	21414720	59.224392	Bin624	Yu2011_TIGR6.1_midpoint_not_lifted
4	21537986	59.464201	Bin625	Yu2011_TIGR6.1_midpoint_not_lifted
4	21654178	59.704010	Bin626	Yu2011_TIGR6.1_midpoint_not_lifted
4	21734961	59.943818	Bin627	Yu2011_TIGR6.1_midpoint_not_lifted
4	21800676	60.183627	Bin628	Yu2011_TIGR6.1_midpoint_not_lifted
4	21832658	61.418257	Bin629	Yu2011_TIGR6.1_midpoint_not_lifted
4	21920162	66.028567	Bin630	Yu2011_TIGR6.1_midpoint_not_lifted
4	22083926	66.758507	Bin631	Yu2011_TIGR6.1_midpoint_not_lifted
4	22214036	66.998316	Bin632	Yu2011_TIGR6.1_midpoint_not_lifted
4	22342855	67.481411	Bin633	Yu2011_TIGR6.1_midpoint_not_lifted
4	22623200	67.964507	Bin634	Yu2011_TIGR6.1_midpoint_not_lifted
4	22940703	68.944930	Bin635	Yu2011_TIGR6.1_midpoint_not_lifted
4	23081054	69.184739	Bin636	Yu2011_TIGR6.1_midpoint_not_lifted
4	23129456	71.475216	Bin637	Yu2011_TIGR6.1_midpoint_not_lifted
4	23236472	71.715024	Bin638	Yu2011_TIGR6.1_midpoint_not_lifted
4	23487304	71.954833	Bin639	Yu2011_TIGR6.1_midpoint_not_lifted
4	23844588	74.245310	Bin640	Yu2011_TIGR6.1_midpoint_not_lifted
4	24048356	74.485118	Bin641	Yu2011_TIGR6.1_midpoint_not_lifted
4	24222448	74.724927	Bin642	Yu2011_TIGR6.1_midpoint_not_lifted
4	24960850	74.964736	Bin643	Yu2011_TIGR6.1_midpoint_not_lifted
4	25675536	82.223836	Bin644	Yu2011_TIGR6.1_midpoint_not_lifted
4	25960653	82.463645	Bin645	Yu2011_TIGR6.1_midpoint_not_lifted
4	26231612	82.703453	Bin646	Yu2011_TIGR6.1_midpoint_not_lifted
4	27074224	84.196102	Bin647	Yu2011_TIGR6.1_midpoint_not_lifted
4	27829536	85.688750	Bin648	Yu2011_TIGR6.1_midpoint_not_lifted
4	28086995	86.418690	Bin649	Yu2011_TIGR6.1_midpoint_not_lifted
4	28611929	90.420825	Bin650	Yu2011_TIGR6.1_midpoint_not_lifted
4	29202011	90.660634	Bin651	Yu2011_TIGR6.1_midpoint_not_lifted
4	29674092	92.153282	Bin652	Yu2011_TIGR6.1_midpoint_not_lifted
4	29877248	93.645930	Bin653	Yu2011_TIGR6.1_midpoint_not_lifted
4	29934560	93.885739	Bin654	Yu2011_TIGR6.1_midpoint_not_lifted
4	29978432	94.125547	Bin655	Yu2011_TIGR6.1_midpoint_not_lifted
4	30060162	94.608643	Bin656	Yu2011_TIGR6.1_midpoint_not_lifted
4	30214177	94.848451	Bin657	Yu2011_TIGR6.1_midpoint_not_lifted
4	30337916	95.088260	Bin658	Yu2011_TIGR6.1_midpoint_not_lifted
4	30404286	96.580908	Bin659	Yu2011_TIGR6.1_midpoint_not_lifted
4	30556190	96.820717	Bin660	Yu2011_TIGR6.1_midpoint_not_lifted
4	30694780	97.060525	Bin661	Yu2011_TIGR6.1_midpoint_not_lifted
4	30809306	98.553174	Bin662	Yu2011_TIGR6.1_midpoint_not_lifted
4	30947869	99.036269	Bin663	Yu2011_TIGR6.1_midpoint_not_lifted
4	31062356	100.270900	Bin664	Yu2011_TIGR6.1_midpoint_not_lifted
4	31172641	100.510708	Bin665	Yu2011_TIGR6.1_midpoint_not_lifted
4	31222620	100.750517	Bin666	Yu2011_TIGR6.1_midpoint_not_lifted
4	31251658	101.730940	Bin667	Yu2011_TIGR6.1_midpoint_not_lifted
4	31289528	101.970749	Bin668	Yu2011_TIGR6.1_midpoint_not_lifted
4	31342973	102.210558	Bin669	Yu2011_TIGR6.1_midpoint_not_lifted
4	31397662	102.693653	Bin670	Yu2011_TIGR6.1_midpoint_not_lifted
4	31436808	103.176749	Bin671	Yu2011_TIGR6.1_midpoint_not_lifted
4	31467248	103.416557	Bin672	Yu2011_TIGR6.1_midpoint_not_lifted
4	31652910	103.656366	Bin673	Yu2011_TIGR6.1_midpoint_not_lifted
4	31861292	104.139462	Bin674	Yu2011_TIGR6.1_midpoint_not_lifted
4	31939216	104.379270	Bin675	Yu2011_TIGR6.1_midpoint_not_lifted
4	31992461	105.359694	Bin676	Yu2011_TIGR6.1_midpoint_not_lifted
4	32099704	105.842789	Bin677	Yu2011_TIGR6.1_midpoint_not_lifted
4	32202914	106.082598	Bin678	Yu2011_TIGR6.1_midpoint_not_lifted
4	32242564	106.322407	Bin679	Yu2011_TIGR6.1_midpoint_not_lifted
4	32368841	106.562215	Bin680	Yu2011_TIGR6.1_midpoint_not_lifted
4	32520811	106.802024	Bin681	Yu2011_TIGR6.1_midpoint_not_lifted
4	32911342	109.645167	Bin682	Yu2011_TIGR6.1_midpoint_not_lifted
4	33375271	109.884975	Bin683	Yu2011_TIGR6.1_midpoint_not_lifted
4	33804670	115.123923	Bin684	Yu2011_TIGR6.1_midpoint_not_lifted
4	34284184	125.032769	Bin685	Yu2011_TIGR6.1_midpoint_not_lifted
4	34470556	126.267400	Bin686	Yu2011_TIGR6.1_midpoint_not_lifted
4	34614880	126.507209	Bin687	Yu2011_TIGR6.1_midpoint_not_lifted
4	35012683	127.237149	Bin688	Yu2011_TIGR6.1_midpoint_not_lifted
5	145170	0.000000	Bin689	Yu2011_TIGR6.1_midpoint_not_lifted
5	323948	0.729940	Bin690	Yu2011_TIGR6.1_midpoint_not_lifted
5	430962	1.459880	Bin691	Yu2011_TIGR6.1_midpoint_not_lifted
5	520432	4.303023	Bin692	Yu2011_TIGR6.1_midpoint_not_lifted
5	599641	4.542832	Bin693	Yu2011_TIGR6.1_midpoint_not_lifted
5	673620	4.782640	Bin694	Yu2011_TIGR6.1_midpoint_not_lifted
5	780608	6.017271	Bin695	Yu2011_TIGR6.1_midpoint_not_lifted
5	914280	6.257080	Bin696	Yu2011_TIGR6.1_midpoint_not_lifted
5	1053190	6.496888	Bin697	Yu2011_TIGR6.1_midpoint_not_lifted
5	1162820	6.736697	Bin698	Yu2011_TIGR6.1_midpoint_not_lifted
5	1211539	7.717120	Bin699	Yu2011_TIGR6.1_midpoint_not_lifted
5	1282186	8.697544	Bin700	Yu2011_TIGR6.1_midpoint_not_lifted
5	1381184	9.677967	Bin701	Yu2011_TIGR6.1_midpoint_not_lifted
5	1491074	9.917776	Bin702	Yu2011_TIGR6.1_midpoint_not_lifted
5	1628654	11.938253	Bin703	Yu2011_TIGR6.1_midpoint_not_lifted
5	1744122	12.178062	Bin704	Yu2011_TIGR6.1_midpoint_not_lifted
5	1779242	12.417870	Bin705	Yu2011_TIGR6.1_midpoint_not_lifted
5	1799065	12.657679	Bin706	Yu2011_TIGR6.1_midpoint_not_lifted
5	1865741	12.897487	Bin707	Yu2011_TIGR6.1_midpoint_not_lifted
5	1979692	13.380583	Bin708	Yu2011_TIGR6.1_midpoint_not_lifted
5	2037844	13.863679	Bin709	Yu2011_TIGR6.1_midpoint_not_lifted
5	2093369	14.103487	Bin710	Yu2011_TIGR6.1_midpoint_not_lifted
5	2163145	14.343296	Bin711	Yu2011_TIGR6.1_midpoint_not_lifted
5	2224694	14.583104	Bin712	Yu2011_TIGR6.1_midpoint_not_lifted
5	2298822	14.822913	Bin713	Yu2011_TIGR6.1_midpoint_not_lifted
5	2367330	15.062722	Bin714	Yu2011_TIGR6.1_midpoint_not_lifted
5	2433237	15.545817	Bin715	Yu2011_TIGR6.1_midpoint_not_lifted
5	2608882	17.566294	Bin716	Yu2011_TIGR6.1_midpoint_not_lifted
5	2875120	17.806103	Bin717	Yu2011_TIGR6.1_midpoint_not_lifted
5	3050432	19.560669	Bin718	Yu2011_TIGR6.1_midpoint_not_lifted
5	3141570	19.800477	Bin719	Yu2011_TIGR6.1_midpoint_not_lifted
5	3217126	20.040286	Bin720	Yu2011_TIGR6.1_midpoint_not_lifted
5	3346264	20.280094	Bin721	Yu2011_TIGR6.1_midpoint_not_lifted
5	3467168	20.519903	Bin722	Yu2011_TIGR6.1_midpoint_not_lifted
5	3528766	22.012551	Bin723	Yu2011_TIGR6.1_midpoint_not_lifted
5	3766973	22.252360	Bin724	Yu2011_TIGR6.1_midpoint_not_lifted
5	4080414	26.254495	Bin725	Yu2011_TIGR6.1_midpoint_not_lifted
5	4255280	26.494304	Bin726	Yu2011_TIGR6.1_midpoint_not_lifted
5	4549299	28.248870	Bin727	Yu2011_TIGR6.1_midpoint_not_lifted
5	5014176	28.978810	Bin728	Yu2011_TIGR6.1_midpoint_not_lifted
5	5314142	29.708750	Bin729	Yu2011_TIGR6.1_midpoint_not_lifted
5	5513625	32.551893	Bin730	Yu2011_TIGR6.1_midpoint_not_lifted
5	5826742	33.281833	Bin731	Yu2011_TIGR6.1_midpoint_not_lifted
5	6107796	33.521641	Bin732	Yu2011_TIGR6.1_midpoint_not_lifted
5	6362255	34.004737	Bin733	Yu2011_TIGR6.1_midpoint_not_lifted
5	6622528	35.497385	Bin734	Yu2011_TIGR6.1_midpoint_not_lifted
5	6873946	35.980481	Bin735	Yu2011_TIGR6.1_midpoint_not_lifted
5	7640752	42.542590	Bin736	Yu2011_TIGR6.1_midpoint_not_lifted
5	9309606	44.297156	Bin737	Yu2011_TIGR6.1_midpoint_not_lifted
5	12357505	44.780252	Bin738	Yu2011_TIGR6.1_midpoint_not_lifted
5	14685042	46.014882	Bin739	Yu2011_TIGR6.1_midpoint_not_lifted
5	15423028	46.744822	Bin740	Yu2011_TIGR6.1_midpoint_not_lifted
5	15972645	47.227918	Bin741	Yu2011_TIGR6.1_midpoint_not_lifted
5	16148834	47.467726	Bin742	Yu2011_TIGR6.1_midpoint_not_lifted
5	16264611	47.950822	Bin743	Yu2011_TIGR6.1_midpoint_not_lifted
5	16395575	48.433918	Bin744	Yu2011_TIGR6.1_midpoint_not_lifted
5	16479150	49.163858	Bin745	Yu2011_TIGR6.1_midpoint_not_lifted
5	16517302	49.403666	Bin746	Yu2011_TIGR6.1_midpoint_not_lifted
5	16544617	49.886762	Bin747	Yu2011_TIGR6.1_midpoint_not_lifted
5	16575698	50.369857	Bin748	Yu2011_TIGR6.1_midpoint_not_lifted
5	16661080	50.609666	Bin749	Yu2011_TIGR6.1_midpoint_not_lifted
5	16749066	50.849474	Bin750	Yu2011_TIGR6.1_midpoint_not_lifted
5	16858360	51.089283	Bin751	Yu2011_TIGR6.1_midpoint_not_lifted
5	17032694	51.329092	Bin752	Yu2011_TIGR6.1_midpoint_not_lifted
5	17247258	51.812187	Bin753	Yu2011_TIGR6.1_midpoint_not_lifted
5	17645574	52.542127	Bin754	Yu2011_TIGR6.1_midpoint_not_lifted
5	18004336	53.522551	Bin755	Yu2011_TIGR6.1_midpoint_not_lifted
5	18222554	53.762359	Bin756	Yu2011_TIGR6.1_midpoint_not_lifted
5	18383218	61.379396	Bin757	Yu2011_TIGR6.1_midpoint_not_lifted
5	18473980	62.109336	Bin758	Yu2011_TIGR6.1_midpoint_not_lifted
5	18719594	62.349144	Bin759	Yu2011_TIGR6.1_midpoint_not_lifted
5	18938661	63.079084	Bin760	Yu2011_TIGR6.1_midpoint_not_lifted
5	18976844	63.318893	Bin761	Yu2011_TIGR6.1_midpoint_not_lifted
5	19021945	65.073459	Bin762	Yu2011_TIGR6.1_midpoint_not_lifted
5	19136128	65.803399	Bin763	Yu2011_TIGR6.1_midpoint_not_lifted
5	19327744	66.286494	Bin764	Yu2011_TIGR6.1_midpoint_not_lifted
5	19752356	66.769590	Bin765	Yu2011_TIGR6.1_midpoint_not_lifted
5	20101360	67.009398	Bin766	Yu2011_TIGR6.1_midpoint_not_lifted
5	20271473	69.299875	Bin767	Yu2011_TIGR6.1_midpoint_not_lifted
5	20535706	69.539684	Bin768	Yu2011_TIGR6.1_midpoint_not_lifted
5	20848225	69.779492	Bin769	Yu2011_TIGR6.1_midpoint_not_lifted
5	21143258	75.340774	Bin770	Yu2011_TIGR6.1_midpoint_not_lifted
5	21306690	75.580583	Bin771	Yu2011_TIGR6.1_midpoint_not_lifted
5	21358822	75.820391	Bin772	Yu2011_TIGR6.1_midpoint_not_lifted
5	21369366	76.303487	Bin773	Yu2011_TIGR6.1_midpoint_not_lifted
5	21625463	76.543296	Bin774	Yu2011_TIGR6.1_midpoint_not_lifted
5	21939061	77.523719	Bin775	Yu2011_TIGR6.1_midpoint_not_lifted
5	22068796	77.763528	Bin776	Yu2011_TIGR6.1_midpoint_not_lifted
5	22144557	79.518094	Bin777	Yu2011_TIGR6.1_midpoint_not_lifted
5	22212436	79.757902	Bin778	Yu2011_TIGR6.1_midpoint_not_lifted
5	22309571	79.997711	Bin779	Yu2011_TIGR6.1_midpoint_not_lifted
5	22424994	80.480807	Bin780	Yu2011_TIGR6.1_midpoint_not_lifted
5	22536733	80.720615	Bin781	Yu2011_TIGR6.1_midpoint_not_lifted
5	22584272	80.960424	Bin782	Yu2011_TIGR6.1_midpoint_not_lifted
5	22741490	81.940847	Bin783	Yu2011_TIGR6.1_midpoint_not_lifted
5	23001442	83.961324	Bin784	Yu2011_TIGR6.1_midpoint_not_lifted
5	23185254	84.201133	Bin785	Yu2011_TIGR6.1_midpoint_not_lifted
5	23360853	85.181556	Bin786	Yu2011_TIGR6.1_midpoint_not_lifted
5	23600350	86.674205	Bin787	Yu2011_TIGR6.1_midpoint_not_lifted
5	23883889	90.676340	Bin788	Yu2011_TIGR6.1_midpoint_not_lifted
5	24058805	91.159436	Bin789	Yu2011_TIGR6.1_midpoint_not_lifted
5	24368859	92.394066	Bin790	Yu2011_TIGR6.1_midpoint_not_lifted
5	24968148	92.877162	Bin791	Yu2011_TIGR6.1_midpoint_not_lifted
5	25591632	102.385838	Bin792	Yu2011_TIGR6.1_midpoint_not_lifted
5	26099748	102.868934	Bin793	Yu2011_TIGR6.1_midpoint_not_lifted
5	26537461	103.352029	Bin794	Yu2011_TIGR6.1_midpoint_not_lifted
5	26820852	104.081969	Bin795	Yu2011_TIGR6.1_midpoint_not_lifted
5	26940158	104.565065	Bin796	Yu2011_TIGR6.1_midpoint_not_lifted
5	27098846	104.804874	Bin797	Yu2011_TIGR6.1_midpoint_not_lifted
5	27207280	105.044682	Bin798	Yu2011_TIGR6.1_midpoint_not_lifted
5	27266416	105.284491	Bin799	Yu2011_TIGR6.1_midpoint_not_lifted
5	27340322	105.767586	Bin800	Yu2011_TIGR6.1_midpoint_not_lifted
5	27450725	106.007395	Bin801	Yu2011_TIGR6.1_midpoint_not_lifted
5	27630104	106.247204	Bin802	Yu2011_TIGR6.1_midpoint_not_lifted
5	27761890	106.487012	Bin803	Yu2011_TIGR6.1_midpoint_not_lifted
5	27797896	107.467436	Bin804	Yu2011_TIGR6.1_midpoint_not_lifted
5	27832525	107.707244	Bin805	Yu2011_TIGR6.1_midpoint_not_lifted
5	27865312	107.947053	Bin806	Yu2011_TIGR6.1_midpoint_not_lifted
5	27888115	108.186862	Bin807	Yu2011_TIGR6.1_midpoint_not_lifted
5	27926586	109.167285	Bin808	Yu2011_TIGR6.1_midpoint_not_lifted
5	27986692	109.650381	Bin809	Yu2011_TIGR6.1_midpoint_not_lifted
5	28073327	109.890189	Bin810	Yu2011_TIGR6.1_midpoint_not_lifted
5	28230346	111.644755	Bin811	Yu2011_TIGR6.1_midpoint_not_lifted
5	28414614	111.884564	Bin812	Yu2011_TIGR6.1_midpoint_not_lifted
5	28541327	112.367659	Bin813	Yu2011_TIGR6.1_midpoint_not_lifted
5	28600938	112.607468	Bin814	Yu2011_TIGR6.1_midpoint_not_lifted
5	28707165	113.337408	Bin815	Yu2011_TIGR6.1_midpoint_not_lifted
5	28843912	114.067348	Bin816	Yu2011_TIGR6.1_midpoint_not_lifted
5	29139224	114.550444	Bin817	Yu2011_TIGR6.1_midpoint_not_lifted
5	29642106	116.043092	Bin818	Yu2011_TIGR6.1_midpoint_not_lifted
6	135546	0.000000	Bin819	Yu2011_TIGR6.1_midpoint_not_lifted
6	334051	0.729940	Bin820	Yu2011_TIGR6.1_midpoint_not_lifted
6	429004	0.969749	Bin821	Yu2011_TIGR6.1_midpoint_not_lifted
6	488722	1.452844	Bin822	Yu2011_TIGR6.1_midpoint_not_lifted
6	561196	2.182784	Bin823	Yu2011_TIGR6.1_midpoint_not_lifted
6	623064	2.422593	Bin824	Yu2011_TIGR6.1_midpoint_not_lifted
6	717788	2.905688	Bin825	Yu2011_TIGR6.1_midpoint_not_lifted
6	812770	3.635628	Bin826	Yu2011_TIGR6.1_midpoint_not_lifted
6	939188	3.875437	Bin827	Yu2011_TIGR6.1_midpoint_not_lifted
6	1055260	4.855860	Bin828	Yu2011_TIGR6.1_midpoint_not_lifted
6	1134373	5.095669	Bin829	Yu2011_TIGR6.1_midpoint_not_lifted
6	1286008	5.335478	Bin830	Yu2011_TIGR6.1_midpoint_not_lifted
6	1439719	5.818573	Bin831	Yu2011_TIGR6.1_midpoint_not_lifted
6	1559468	6.548513	Bin832	Yu2011_TIGR6.1_midpoint_not_lifted
6	1618029	6.788322	Bin833	Yu2011_TIGR6.1_midpoint_not_lifted
6	1654974	7.028130	Bin834	Yu2011_TIGR6.1_midpoint_not_lifted
6	1688672	7.267939	Bin835	Yu2011_TIGR6.1_midpoint_not_lifted
6	1738464	7.751035	Bin836	Yu2011_TIGR6.1_midpoint_not_lifted
6	1788151	8.234130	Bin837	Yu2011_TIGR6.1_midpoint_not_lifted
6	1828368	8.964070	Bin838	Yu2011_TIGR6.1_midpoint_not_lifted
6	1921914	9.203879	Bin839	Yu2011_TIGR6.1_midpoint_not_lifted
6	2034692	9.443687	Bin840	Yu2011_TIGR6.1_midpoint_not_lifted
6	2159521	9.683496	Bin841	Yu2011_TIGR6.1_midpoint_not_lifted
6	2265219	10.663919	Bin842	Yu2011_TIGR6.1_midpoint_not_lifted
6	2310399	11.898550	Bin843	Yu2011_TIGR6.1_midpoint_not_lifted
6	2370000	12.138359	Bin844	Yu2011_TIGR6.1_midpoint_not_lifted
6	2503374	12.378167	Bin845	Yu2011_TIGR6.1_midpoint_not_lifted
6	2666447	12.617976	Bin846	Yu2011_TIGR6.1_midpoint_not_lifted
6	2753146	12.857785	Bin847	Yu2011_TIGR6.1_midpoint_not_lifted
6	2805472	13.097593	Bin848	Yu2011_TIGR6.1_midpoint_not_lifted
6	2865707	13.827533	Bin849	Yu2011_TIGR6.1_midpoint_not_lifted
6	2898664	14.807957	Bin850	Yu2011_TIGR6.1_midpoint_not_lifted
6	2931450	15.047765	Bin851	Yu2011_TIGR6.1_midpoint_not_lifted
6	3005255	15.530861	Bin852	Yu2011_TIGR6.1_midpoint_not_lifted
6	3095711	15.770669	Bin853	Yu2011_TIGR6.1_midpoint_not_lifted
6	3211564	16.253765	Bin854	Yu2011_TIGR6.1_midpoint_not_lifted
6	3327128	16.493574	Bin855	Yu2011_TIGR6.1_midpoint_not_lifted
6	3462320	17.223514	Bin856	Yu2011_TIGR6.1_midpoint_not_lifted
6	3571258	17.953454	Bin857	Yu2011_TIGR6.1_midpoint_not_lifted
6	3765768	18.193262	Bin858	Yu2011_TIGR6.1_midpoint_not_lifted
6	3986493	18.433071	Bin859	Yu2011_TIGR6.1_midpoint_not_lifted
6	4260240	26.050107	Bin860	Yu2011_TIGR6.1_midpoint_not_lifted
6	4637503	28.340584	Bin861	Yu2011_TIGR6.1_midpoint_not_lifted
6	4809620	29.575214	Bin862	Yu2011_TIGR6.1_midpoint_not_lifted
6	4855317	29.815023	Bin863	Yu2011_TIGR6.1_midpoint_not_lifted
6	4936320	30.054832	Bin864	Yu2011_TIGR6.1_midpoint_not_lifted
6	5024010	30.294640	Bin865	Yu2011_TIGR6.1_midpoint_not_lifted
6	5103907	30.534449	Bin866	Yu2011_TIGR6.1_midpoint_not_lifted
6	5203703	30.774258	Bin867	Yu2011_TIGR6.1_midpoint_not_lifted
6	5302036	31.014066	Bin868	Yu2011_TIGR6.1_midpoint_not_lifted
6	5426494	31.744006	Bin869	Yu2011_TIGR6.1_midpoint_not_lifted
6	5552274	32.978637	Bin870	Yu2011_TIGR6.1_midpoint_not_lifted
6	6045486	34.213267	Bin871	Yu2011_TIGR6.1_midpoint_not_lifted
6	6524192	38.516998	Bin872	Yu2011_TIGR6.1_midpoint_not_lifted
6	6609881	40.271564	Bin873	Yu2011_TIGR6.1_midpoint_not_lifted
6	6707028	40.754659	Bin874	Yu2011_TIGR6.1_midpoint_not_lifted
6	6772922	42.509225	Bin875	Yu2011_TIGR6.1_midpoint_not_lifted
6	6854439	42.749034	Bin876	Yu2011_TIGR6.1_midpoint_not_lifted
6	7009102	42.988843	Bin877	Yu2011_TIGR6.1_midpoint_not_lifted
6	7103745	43.471938	Bin878	Yu2011_TIGR6.1_midpoint_not_lifted
6	7145462	44.201878	Bin879	Yu2011_TIGR6.1_midpoint_not_lifted
6	7195154	45.182302	Bin880	Yu2011_TIGR6.1_midpoint_not_lifted
6	7266240	45.422110	Bin881	Yu2011_TIGR6.1_midpoint_not_lifted
6	7477584	48.548128	Bin882	Yu2011_TIGR6.1_midpoint_not_lifted
6	7668665	48.787937	Bin883	Yu2011_TIGR6.1_midpoint_not_lifted
6	7752500	49.768360	Bin884	Yu2011_TIGR6.1_midpoint_not_lifted
6	7860290	50.008169	Bin885	Yu2011_TIGR6.1_midpoint_not_lifted
6	8088580	50.738109	Bin886	Yu2011_TIGR6.1_midpoint_not_lifted
6	8290308	50.977917	Bin887	Yu2011_TIGR6.1_midpoint_not_lifted
6	8355105	51.217726	Bin888	Yu2011_TIGR6.1_midpoint_not_lifted
6	8422390	51.700822	Bin889	Yu2011_TIGR6.1_midpoint_not_lifted
6	8608066	51.940630	Bin890	Yu2011_TIGR6.1_midpoint_not_lifted
6	8940258	52.180439	Bin891	Yu2011_TIGR6.1_midpoint_not_lifted
6	9243211	52.420247	Bin892	Yu2011_TIGR6.1_midpoint_not_lifted
6	9511497	52.903343	Bin893	Yu2011_TIGR6.1_midpoint_not_lifted
6	9770657	58.142291	Bin894	Yu2011_TIGR6.1_midpoint_not_lifted
6	10127850	58.625386	Bin895	Yu2011_TIGR6.1_midpoint_not_lifted
6	10531949	59.860017	Bin896	Yu2011_TIGR6.1_midpoint_not_lifted
6	10759241	60.343112	Bin897	Yu2011_TIGR6.1_midpoint_not_lifted
6	10946479	60.582921	Bin898	Yu2011_TIGR6.1_midpoint_not_lifted
6	11264927	60.822730	Bin899	Yu2011_TIGR6.1_midpoint_not_lifted
6	11740040	61.305825	Bin900	Yu2011_TIGR6.1_midpoint_not_lifted
6	12255362	61.545634	Bin901	Yu2011_TIGR6.1_midpoint_not_lifted
6	13107186	68.453151	Bin902	Yu2011_TIGR6.1_midpoint_not_lifted
6	13775660	68.692959	Bin903	Yu2011_TIGR6.1_midpoint_not_lifted
6	14777078	68.932768	Bin904	Yu2011_TIGR6.1_midpoint_not_lifted
6	15767575	69.172576	Bin905	Yu2011_TIGR6.1_midpoint_not_lifted
6	16371960	69.412385	Bin906	Yu2011_TIGR6.1_midpoint_not_lifted
6	17543262	72.538403	Bin907	Yu2011_TIGR6.1_midpoint_not_lifted
6	18821311	73.268343	Bin908	Yu2011_TIGR6.1_midpoint_not_lifted
6	19534500	75.288820	Bin909	Yu2011_TIGR6.1_midpoint_not_lifted
6	19641646	75.528628	Bin910	Yu2011_TIGR6.1_midpoint_not_lifted
6	19751159	75.768437	Bin911	Yu2011_TIGR6.1_midpoint_not_lifted
6	19830314	76.251533	Bin912	Yu2011_TIGR6.1_midpoint_not_lifted
6	20025532	76.981473	Bin913	Yu2011_TIGR6.1_midpoint_not_lifted
6	20223252	77.221281	Bin914	Yu2011_TIGR6.1_midpoint_not_lifted
6	20363756	77.951221	Bin915	Yu2011_TIGR6.1_midpoint_not_lifted
6	20720078	78.191030	Bin916	Yu2011_TIGR6.1_midpoint_not_lifted
6	21027152	78.430838	Bin917	Yu2011_TIGR6.1_midpoint_not_lifted
6	21181490	78.913934	Bin918	Yu2011_TIGR6.1_midpoint_not_lifted
6	21388750	80.934411	Bin919	Yu2011_TIGR6.1_midpoint_not_lifted
6	21513894	81.174219	Bin920	Yu2011_TIGR6.1_midpoint_not_lifted
6	21624511	81.414028	Bin921	Yu2011_TIGR6.1_midpoint_not_lifted
6	21915782	82.143968	Bin922	Yu2011_TIGR6.1_midpoint_not_lifted
6	22173201	84.164445	Bin923	Yu2011_TIGR6.1_midpoint_not_lifted
6	22381804	84.404254	Bin924	Yu2011_TIGR6.1_midpoint_not_lifted
6	22679726	84.644062	Bin925	Yu2011_TIGR6.1_midpoint_not_lifted
6	22934560	85.127158	Bin926	Yu2011_TIGR6.1_midpoint_not_lifted
6	23063295	85.610253	Bin927	Yu2011_TIGR6.1_midpoint_not_lifted
6	23104730	85.850062	Bin928	Yu2011_TIGR6.1_midpoint_not_lifted
6	23240273	87.084693	Bin929	Yu2011_TIGR6.1_midpoint_not_lifted
6	23429910	88.065116	Bin930	Yu2011_TIGR6.1_midpoint_not_lifted
6	23695734	88.304925	Bin931	Yu2011_TIGR6.1_midpoint_not_lifted
6	23906190	88.544733	Bin932	Yu2011_TIGR6.1_midpoint_not_lifted
6	23991820	91.670751	Bin933	Yu2011_TIGR6.1_midpoint_not_lifted
6	24102990	92.400691	Bin934	Yu2011_TIGR6.1_midpoint_not_lifted
6	24227582	92.640500	Bin935	Yu2011_TIGR6.1_midpoint_not_lifted
6	24371095	92.880308	Bin936	Yu2011_TIGR6.1_midpoint_not_lifted
6	24549982	93.363404	Bin937	Yu2011_TIGR6.1_midpoint_not_lifted
6	24790732	96.776802	Bin938	Yu2011_TIGR6.1_midpoint_not_lifted
6	24979251	97.016611	Bin939	Yu2011_TIGR6.1_midpoint_not_lifted
6	25066476	97.256420	Bin940	Yu2011_TIGR6.1_midpoint_not_lifted
6	25150878	98.749068	Bin941	Yu2011_TIGR6.1_midpoint_not_lifted
6	25417748	98.988876	Bin942	Yu2011_TIGR6.1_midpoint_not_lifted
6	25945842	102.991012	Bin943	Yu2011_TIGR6.1_midpoint_not_lifted
6	26343544	104.225642	Bin944	Yu2011_TIGR6.1_midpoint_not_lifted
6	26633646	104.465451	Bin945	Yu2011_TIGR6.1_midpoint_not_lifted
6	27322388	105.700082	Bin946	Yu2011_TIGR6.1_midpoint_not_lifted
6	27857750	116.432929	Bin947	Yu2011_TIGR6.1_midpoint_not_lifted
6	27969454	116.916024	Bin948	Yu2011_TIGR6.1_midpoint_not_lifted
6	28227628	122.805176	Bin949	Yu2011_TIGR6.1_midpoint_not_lifted
6	28450775	123.288271	Bin950	Yu2011_TIGR6.1_midpoint_not_lifted
6	28472546	123.528080	Bin951	Yu2011_TIGR6.1_midpoint_not_lifted
6	28554105	123.767889	Bin952	Yu2011_TIGR6.1_midpoint_not_lifted
6	28640896	124.250984	Bin953	Yu2011_TIGR6.1_midpoint_not_lifted
6	28745162	125.485615	Bin954	Yu2011_TIGR6.1_midpoint_not_lifted
6	28902978	125.725423	Bin955	Yu2011_TIGR6.1_midpoint_not_lifted
6	29019678	125.965232	Bin956	Yu2011_TIGR6.1_midpoint_not_lifted
6	29102419	126.205041	Bin957	Yu2011_TIGR6.1_midpoint_not_lifted
6	29163952	127.185464	Bin958	Yu2011_TIGR6.1_midpoint_not_lifted
6	29316421	127.425273	Bin959	Yu2011_TIGR6.1_midpoint_not_lifted
6	29478972	127.908368	Bin960	Yu2011_TIGR6.1_midpoint_not_lifted
6	29524431	128.148177	Bin961	Yu2011_TIGR6.1_midpoint_not_lifted
6	29560184	128.387986	Bin962	Yu2011_TIGR6.1_midpoint_not_lifted
6	29630786	128.627794	Bin963	Yu2011_TIGR6.1_midpoint_not_lifted
6	29739506	130.648271	Bin964	Yu2011_TIGR6.1_midpoint_not_lifted
6	30037610	132.140919	Bin965	Yu2011_TIGR6.1_midpoint_not_lifted
6	30383579	144.172755	Bin966	Yu2011_TIGR6.1_midpoint_not_lifted
6	30873363	144.412563	Bin967	Yu2011_TIGR6.1_midpoint_not_lifted
7	60030	0.000000	Bin968	Yu2011_TIGR6.1_midpoint_not_lifted
7	136982	0.239809	Bin969	Yu2011_TIGR6.1_midpoint_not_lifted
7	230905	0.479617	Bin970	Yu2011_TIGR6.1_midpoint_not_lifted
7	367610	0.962713	Bin971	Yu2011_TIGR6.1_midpoint_not_lifted
7	434168	1.202521	Bin972	Yu2011_TIGR6.1_midpoint_not_lifted
7	538382	1.932461	Bin973	Yu2011_TIGR6.1_midpoint_not_lifted
7	668314	2.415557	Bin974	Yu2011_TIGR6.1_midpoint_not_lifted
7	761061	2.898652	Bin975	Yu2011_TIGR6.1_midpoint_not_lifted
7	864464	3.628592	Bin976	Yu2011_TIGR6.1_midpoint_not_lifted
7	913118	3.868401	Bin977	Yu2011_TIGR6.1_midpoint_not_lifted
7	928616	4.848825	Bin978	Yu2011_TIGR6.1_midpoint_not_lifted
7	1064145	5.088633	Bin979	Yu2011_TIGR6.1_midpoint_not_lifted
7	1245784	7.653298	Bin980	Yu2011_TIGR6.1_midpoint_not_lifted
7	1522786	7.893107	Bin981	Yu2011_TIGR6.1_midpoint_not_lifted
7	1788600	8.623047	Bin982	Yu2011_TIGR6.1_midpoint_not_lifted
7	1972052	8.862855	Bin983	Yu2011_TIGR6.1_midpoint_not_lifted
7	2140184	9.345951	Bin984	Yu2011_TIGR6.1_midpoint_not_lifted
7	2197404	10.075891	Bin985	Yu2011_TIGR6.1_midpoint_not_lifted
7	2230044	10.315699	Bin986	Yu2011_TIGR6.1_midpoint_not_lifted
7	2276349	10.798795	Bin987	Yu2011_TIGR6.1_midpoint_not_lifted
7	2567322	11.779218	Bin988	Yu2011_TIGR6.1_midpoint_not_lifted
7	2885648	25.672641	Bin989	Yu2011_TIGR6.1_midpoint_not_lifted
7	3118542	25.912450	Bin990	Yu2011_TIGR6.1_midpoint_not_lifted
7	3534509	27.405098	Bin991	Yu2011_TIGR6.1_midpoint_not_lifted
7	3896548	27.644906	Bin992	Yu2011_TIGR6.1_midpoint_not_lifted
7	4489484	28.128002	Bin993	Yu2011_TIGR6.1_midpoint_not_lifted
7	5499684	45.697896	Bin994	Yu2011_TIGR6.1_midpoint_not_lifted
7	6041430	45.937705	Bin995	Yu2011_TIGR6.1_midpoint_not_lifted
7	6387444	46.420800	Bin996	Yu2011_TIGR6.1_midpoint_not_lifted
7	6840885	46.660609	Bin997	Yu2011_TIGR6.1_midpoint_not_lifted
7	7045235	50.074008	Bin998	Yu2011_TIGR6.1_midpoint_not_lifted
7	7140605	50.313816	Bin999	Yu2011_TIGR6.1_midpoint_not_lifted
7	7177962	50.553625	Bin1000	Yu2011_TIGR6.1_midpoint_not_lifted
7	7233856	50.793433	Bin1001	Yu2011_TIGR6.1_midpoint_not_lifted
7	7430062	51.523373	Bin1002	Yu2011_TIGR6.1_midpoint_not_lifted
7	8001162	52.253313	Bin1003	Yu2011_TIGR6.1_midpoint_not_lifted
7	8581362	54.007879	Bin1004	Yu2011_TIGR6.1_midpoint_not_lifted
7	8844480	54.247688	Bin1005	Yu2011_TIGR6.1_midpoint_not_lifted
7	9137474	54.730783	Bin1006	Yu2011_TIGR6.1_midpoint_not_lifted
7	11070180	54.970592	Bin1007	Yu2011_TIGR6.1_midpoint_not_lifted
7	14105547	55.210401	Bin1008	Yu2011_TIGR6.1_midpoint_not_lifted
7	15784574	60.449348	Bin1009	Yu2011_TIGR6.1_midpoint_not_lifted
7	16381450	60.689157	Bin1010	Yu2011_TIGR6.1_midpoint_not_lifted
7	16610046	60.928965	Bin1011	Yu2011_TIGR6.1_midpoint_not_lifted
7	16639356	61.412061	Bin1012	Yu2011_TIGR6.1_midpoint_not_lifted
7	16814038	61.651870	Bin1013	Yu2011_TIGR6.1_midpoint_not_lifted
7	17150918	63.672347	Bin1014	Yu2011_TIGR6.1_midpoint_not_lifted
7	17363653	64.155442	Bin1015	Yu2011_TIGR6.1_midpoint_not_lifted
7	17457062	65.648090	Bin1016	Yu2011_TIGR6.1_midpoint_not_lifted
7	17608207	66.131186	Bin1017	Yu2011_TIGR6.1_midpoint_not_lifted
7	17724103	66.370994	Bin1018	Yu2011_TIGR6.1_midpoint_not_lifted
7	17820097	66.610803	Bin1019	Yu2011_TIGR6.1_midpoint_not_lifted
7	18014961	66.850612	Bin1020	Yu2011_TIGR6.1_midpoint_not_lifted
7	18252364	67.090420	Bin1021	Yu2011_TIGR6.1_midpoint_not_lifted
7	18581491	67.573516	Bin1022	Yu2011_TIGR6.1_midpoint_not_lifted
7	19031995	69.328082	Bin1023	Yu2011_TIGR6.1_midpoint_not_lifted
7	19686032	76.235599	Bin1024	Yu2011_TIGR6.1_midpoint_not_lifted
7	20160381	77.470229	Bin1025	Yu2011_TIGR6.1_midpoint_not_lifted
7	20680857	82.709177	Bin1026	Yu2011_TIGR6.1_midpoint_not_lifted
7	21224960	83.439117	Bin1027	Yu2011_TIGR6.1_midpoint_not_lifted
7	21469310	84.419540	Bin1028	Yu2011_TIGR6.1_midpoint_not_lifted
7	21776322	87.832939	Bin1029	Yu2011_TIGR6.1_midpoint_not_lifted
7	21959690	88.072748	Bin1030	Yu2011_TIGR6.1_midpoint_not_lifted
7	22160161	88.555843	Bin1031	Yu2011_TIGR6.1_midpoint_not_lifted
7	22749696	98.064520	Bin1032	Yu2011_TIGR6.1_midpoint_not_lifted
7	23506741	98.794460	Bin1033	Yu2011_TIGR6.1_midpoint_not_lifted
7	23835358	100.549026	Bin1034	Yu2011_TIGR6.1_midpoint_not_lifted
7	24119562	101.529449	Bin1035	Yu2011_TIGR6.1_midpoint_not_lifted
7	24530058	103.549926	Bin1036	Yu2011_TIGR6.1_midpoint_not_lifted
7	24681568	104.033022	Bin1037	Yu2011_TIGR6.1_midpoint_not_lifted
7	24726980	104.272830	Bin1038	Yu2011_TIGR6.1_midpoint_not_lifted
7	24947282	111.889867	Bin1039	Yu2011_TIGR6.1_midpoint_not_lifted
7	25232388	112.129675	Bin1040	Yu2011_TIGR6.1_midpoint_not_lifted
7	25344284	114.694340	Bin1041	Yu2011_TIGR6.1_midpoint_not_lifted
7	25443003	114.934149	Bin1042	Yu2011_TIGR6.1_midpoint_not_lifted
7	25685424	116.168779	Bin1043	Yu2011_TIGR6.1_midpoint_not_lifted
7	25916024	117.661427	Bin1044	Yu2011_TIGR6.1_midpoint_not_lifted
7	26014934	117.901236	Bin1045	Yu2011_TIGR6.1_midpoint_not_lifted
7	26141087	118.384331	Bin1046	Yu2011_TIGR6.1_midpoint_not_lifted
7	26282952	119.364755	Bin1047	Yu2011_TIGR6.1_midpoint_not_lifted
7	26499397	121.929420	Bin1048	Yu2011_TIGR6.1_midpoint_not_lifted
7	26696556	123.164050	Bin1049	Yu2011_TIGR6.1_midpoint_not_lifted
7	26747048	123.403859	Bin1050	Yu2011_TIGR6.1_midpoint_not_lifted
7	26850792	123.643668	Bin1051	Yu2011_TIGR6.1_midpoint_not_lifted
7	27278356	125.398234	Bin1052	Yu2011_TIGR6.1_midpoint_not_lifted
7	27842292	129.400369	Bin1053	Yu2011_TIGR6.1_midpoint_not_lifted
7	28066746	129.640178	Bin1054	Yu2011_TIGR6.1_midpoint_not_lifted
7	28114146	130.620601	Bin1055	Yu2011_TIGR6.1_midpoint_not_lifted
7	28281127	131.350541	Bin1056	Yu2011_TIGR6.1_midpoint_not_lifted
7	28483528	133.915206	Bin1057	Yu2011_TIGR6.1_midpoint_not_lifted
7	29126511	135.407854	Bin1058	Yu2011_TIGR6.1_midpoint_not_lifted
8	226560	0.000000	Bin1059	Yu2011_TIGR6.1_midpoint_not_lifted
8	461574	0.239809	Bin1060	Yu2011_TIGR6.1_midpoint_not_lifted
8	575772	1.732457	Bin1061	Yu2011_TIGR6.1_midpoint_not_lifted
8	701854	2.712880	Bin1062	Yu2011_TIGR6.1_midpoint_not_lifted
8	781100	7.951828	Bin1063	Yu2011_TIGR6.1_midpoint_not_lifted
8	858031	9.186459	Bin1064	Yu2011_TIGR6.1_midpoint_not_lifted
8	942030	9.426267	Bin1065	Yu2011_TIGR6.1_midpoint_not_lifted
8	1018896	9.666076	Bin1066	Yu2011_TIGR6.1_midpoint_not_lifted
8	1049710	9.905884	Bin1067	Yu2011_TIGR6.1_midpoint_not_lifted
8	1179336	10.145693	Bin1068	Yu2011_TIGR6.1_midpoint_not_lifted
8	1878611	23.558892	Bin1069	Yu2011_TIGR6.1_midpoint_not_lifted
8	2626244	25.051540	Bin1070	Yu2011_TIGR6.1_midpoint_not_lifted
8	2883720	25.534636	Bin1071	Yu2011_TIGR6.1_midpoint_not_lifted
8	2999342	25.774445	Bin1072	Yu2011_TIGR6.1_midpoint_not_lifted
8	3032792	26.014253	Bin1073	Yu2011_TIGR6.1_midpoint_not_lifted
8	3086576	26.254062	Bin1074	Yu2011_TIGR6.1_midpoint_not_lifted
8	3153410	26.737157	Bin1075	Yu2011_TIGR6.1_midpoint_not_lifted
8	3253558	26.976966	Bin1076	Yu2011_TIGR6.1_midpoint_not_lifted
8	3350549	27.957390	Bin1077	Yu2011_TIGR6.1_midpoint_not_lifted
8	3418390	28.197198	Bin1078	Yu2011_TIGR6.1_midpoint_not_lifted
8	3473379	28.680294	Bin1079	Yu2011_TIGR6.1_midpoint_not_lifted
8	3500216	28.920102	Bin1080	Yu2011_TIGR6.1_midpoint_not_lifted
8	3634918	29.159911	Bin1081	Yu2011_TIGR6.1_midpoint_not_lifted
8	3821786	35.049063	Bin1082	Yu2011_TIGR6.1_midpoint_not_lifted
8	3929541	35.288871	Bin1083	Yu2011_TIGR6.1_midpoint_not_lifted
8	4019116	35.528680	Bin1084	Yu2011_TIGR6.1_midpoint_not_lifted
8	4138919	35.768489	Bin1085	Yu2011_TIGR6.1_midpoint_not_lifted
8	4224582	36.008297	Bin1086	Yu2011_TIGR6.1_midpoint_not_lifted
8	4423306	36.738237	Bin1087	Yu2011_TIGR6.1_midpoint_not_lifted
8	4634520	37.221333	Bin1088	Yu2011_TIGR6.1_midpoint_not_lifted
8	4757662	37.461141	Bin1089	Yu2011_TIGR6.1_midpoint_not_lifted
8	4872219	37.700950	Bin1090	Yu2011_TIGR6.1_midpoint_not_lifted
8	5002026	37.940759	Bin1091	Yu2011_TIGR6.1_midpoint_not_lifted
8	5142028	38.180567	Bin1092	Yu2011_TIGR6.1_midpoint_not_lifted
8	5216446	38.420376	Bin1093	Yu2011_TIGR6.1_midpoint_not_lifted
8	5328772	38.660184	Bin1094	Yu2011_TIGR6.1_midpoint_not_lifted
8	5426558	39.143280	Bin1095	Yu2011_TIGR6.1_midpoint_not_lifted
8	5598553	39.626375	Bin1096	Yu2011_TIGR6.1_midpoint_not_lifted
8	5761283	40.109471	Bin1097	Yu2011_TIGR6.1_midpoint_not_lifted
8	5812890	40.592567	Bin1098	Yu2011_TIGR6.1_midpoint_not_lifted
8	5911293	41.075662	Bin1099	Yu2011_TIGR6.1_midpoint_not_lifted
8	5991874	42.056086	Bin1100	Yu2011_TIGR6.1_midpoint_not_lifted
8	6020743	42.295894	Bin1101	Yu2011_TIGR6.1_midpoint_not_lifted
8	6123382	42.535703	Bin1102	Yu2011_TIGR6.1_midpoint_not_lifted
8	6263631	42.775512	Bin1103	Yu2011_TIGR6.1_midpoint_not_lifted
8	6522132	43.258607	Bin1104	Yu2011_TIGR6.1_midpoint_not_lifted
8	6965302	43.498416	Bin1105	Yu2011_TIGR6.1_midpoint_not_lifted
8	7534136	43.738224	Bin1106	Yu2011_TIGR6.1_midpoint_not_lifted
8	7944462	43.978033	Bin1107	Yu2011_TIGR6.1_midpoint_not_lifted
8	8269764	44.217842	Bin1108	Yu2011_TIGR6.1_midpoint_not_lifted
8	8545300	44.457650	Bin1109	Yu2011_TIGR6.1_midpoint_not_lifted
8	8760020	44.697459	Bin1110	Yu2011_TIGR6.1_midpoint_not_lifted
8	8957051	45.180554	Bin1111	Yu2011_TIGR6.1_midpoint_not_lifted
8	8976488	45.420363	Bin1112	Yu2011_TIGR6.1_midpoint_not_lifted
8	9165762	46.654994	Bin1113	Yu2011_TIGR6.1_midpoint_not_lifted
8	9714464	46.894802	Bin1114	Yu2011_TIGR6.1_midpoint_not_lifted
8	10121759	47.377898	Bin1115	Yu2011_TIGR6.1_midpoint_not_lifted
8	10352477	47.860993	Bin1116	Yu2011_TIGR6.1_midpoint_not_lifted
8	12492907	48.344089	Bin1117	Yu2011_TIGR6.1_midpoint_not_lifted
8	14900755	50.908754	Bin1118	Yu2011_TIGR6.1_midpoint_not_lifted
8	15970544	51.391849	Bin1119	Yu2011_TIGR6.1_midpoint_not_lifted
8	16600189	52.626480	Bin1120	Yu2011_TIGR6.1_midpoint_not_lifted
8	16742755	52.866288	Bin1121	Yu2011_TIGR6.1_midpoint_not_lifted
8	16884723	53.106097	Bin1122	Yu2011_TIGR6.1_midpoint_not_lifted
8	17142044	53.589192	Bin1123	Yu2011_TIGR6.1_midpoint_not_lifted
8	17401291	53.829001	Bin1124	Yu2011_TIGR6.1_midpoint_not_lifted
8	17422205	54.068810	Bin1125	Yu2011_TIGR6.1_midpoint_not_lifted
8	17502128	54.308618	Bin1126	Yu2011_TIGR6.1_midpoint_not_lifted
8	17734572	54.548427	Bin1127	Yu2011_TIGR6.1_midpoint_not_lifted
8	18087356	54.788236	Bin1128	Yu2011_TIGR6.1_midpoint_not_lifted
8	18347278	55.271331	Bin1129	Yu2011_TIGR6.1_midpoint_not_lifted
8	18460633	56.251755	Bin1130	Yu2011_TIGR6.1_midpoint_not_lifted
8	18644863	56.491563	Bin1131	Yu2011_TIGR6.1_midpoint_not_lifted
8	18806413	56.731372	Bin1132	Yu2011_TIGR6.1_midpoint_not_lifted
8	18849740	56.971180	Bin1133	Yu2011_TIGR6.1_midpoint_not_lifted
8	18903534	57.454276	Bin1134	Yu2011_TIGR6.1_midpoint_not_lifted
8	19066778	58.184216	Bin1135	Yu2011_TIGR6.1_midpoint_not_lifted
8	19321698	60.204693	Bin1136	Yu2011_TIGR6.1_midpoint_not_lifted
8	19570662	60.934633	Bin1137	Yu2011_TIGR6.1_midpoint_not_lifted
8	19895272	61.417728	Bin1138	Yu2011_TIGR6.1_midpoint_not_lifted
8	20149230	61.657537	Bin1139	Yu2011_TIGR6.1_midpoint_not_lifted
8	20241456	61.897346	Bin1140	Yu2011_TIGR6.1_midpoint_not_lifted
8	20451690	62.627286	Bin1141	Yu2011_TIGR6.1_midpoint_not_lifted
8	20657954	62.867094	Bin1142	Yu2011_TIGR6.1_midpoint_not_lifted
8	20704666	63.847518	Bin1143	Yu2011_TIGR6.1_midpoint_not_lifted
8	20818633	64.087326	Bin1144	Yu2011_TIGR6.1_midpoint_not_lifted
8	21000642	64.327135	Bin1145	Yu2011_TIGR6.1_midpoint_not_lifted
8	21430777	66.347612	Bin1146	Yu2011_TIGR6.1_midpoint_not_lifted
8	22278086	66.587421	Bin1147	Yu2011_TIGR6.1_midpoint_not_lifted
8	23587162	88.500167	Bin1148	Yu2011_TIGR6.1_midpoint_not_lifted
8	24413772	88.739976	Bin1149	Yu2011_TIGR6.1_midpoint_not_lifted
8	24674066	93.978923	Bin1150	Yu2011_TIGR6.1_midpoint_not_lifted
8	25127833	94.218732	Bin1151	Yu2011_TIGR6.1_midpoint_not_lifted
8	25405684	97.632130	Bin1152	Yu2011_TIGR6.1_midpoint_not_lifted
8	25492174	98.115226	Bin1153	Yu2011_TIGR6.1_midpoint_not_lifted
8	25565818	98.355035	Bin1154	Yu2011_TIGR6.1_midpoint_not_lifted
8	25695081	98.594843	Bin1155	Yu2011_TIGR6.1_midpoint_not_lifted
8	25832264	99.077939	Bin1156	Yu2011_TIGR6.1_midpoint_not_lifted
8	26002852	99.561034	Bin1157	Yu2011_TIGR6.1_midpoint_not_lifted
8	26127313	104.483038	Bin1158	Yu2011_TIGR6.1_midpoint_not_lifted
8	26200264	104.966134	Bin1159	Yu2011_TIGR6.1_midpoint_not_lifted
8	26271519	105.205942	Bin1160	Yu2011_TIGR6.1_midpoint_not_lifted
8	26307678	105.689038	Bin1161	Yu2011_TIGR6.1_midpoint_not_lifted
8	26339510	105.928846	Bin1162	Yu2011_TIGR6.1_midpoint_not_lifted
8	26396760	106.411942	Bin1163	Yu2011_TIGR6.1_midpoint_not_lifted
8	26478308	106.651750	Bin1164	Yu2011_TIGR6.1_midpoint_not_lifted
8	26556115	106.891559	Bin1165	Yu2011_TIGR6.1_midpoint_not_lifted
8	26660624	107.131368	Bin1166	Yu2011_TIGR6.1_midpoint_not_lifted
8	26792484	107.861308	Bin1167	Yu2011_TIGR6.1_midpoint_not_lifted
8	26917029	110.425972	Bin1168	Yu2011_TIGR6.1_midpoint_not_lifted
8	27068836	111.406396	Bin1169	Yu2011_TIGR6.1_midpoint_not_lifted
8	27241524	112.136336	Bin1170	Yu2011_TIGR6.1_midpoint_not_lifted
8	27432738	113.370967	Bin1171	Yu2011_TIGR6.1_midpoint_not_lifted
8	27562989	117.674697	Bin1172	Yu2011_TIGR6.1_midpoint_not_lifted
8	27703138	118.157793	Bin1173	Yu2011_TIGR6.1_midpoint_not_lifted
8	27879700	118.640888	Bin1174	Yu2011_TIGR6.1_midpoint_not_lifted
8	28026510	119.621312	Bin1175	Yu2011_TIGR6.1_midpoint_not_lifted
8	28278615	120.351252	Bin1176	Yu2011_TIGR6.1_midpoint_not_lifted
9	67056	0.000000	Bin1177	Yu2011_TIGR6.1_midpoint_not_lifted
9	366665	0.483096	Bin1178	Yu2011_TIGR6.1_midpoint_not_lifted
9	626006	0.722904	Bin1179	Yu2011_TIGR6.1_midpoint_not_lifted
9	774683	0.962713	Bin1180	Yu2011_TIGR6.1_midpoint_not_lifted
9	918668	1.202521	Bin1181	Yu2011_TIGR6.1_midpoint_not_lifted
9	1129506	1.932461	Bin1182	Yu2011_TIGR6.1_midpoint_not_lifted
9	1669745	2.172270	Bin1183	Yu2011_TIGR6.1_midpoint_not_lifted
9	2176974	2.412079	Bin1184	Yu2011_TIGR6.1_midpoint_not_lifted
9	3342394	2.651887	Bin1185	Yu2011_TIGR6.1_midpoint_not_lifted
9	4762358	3.134983	Bin1186	Yu2011_TIGR6.1_midpoint_not_lifted
9	5401136	3.374791	Bin1187	Yu2011_TIGR6.1_midpoint_not_lifted
9	5822392	4.104731	Bin1188	Yu2011_TIGR6.1_midpoint_not_lifted
9	6040412	4.344540	Bin1189	Yu2011_TIGR6.1_midpoint_not_lifted
9	6091723	4.584349	Bin1190	Yu2011_TIGR6.1_midpoint_not_lifted
9	6352004	4.824157	Bin1191	Yu2011_TIGR6.1_midpoint_not_lifted
9	6595090	5.307253	Bin1192	Yu2011_TIGR6.1_midpoint_not_lifted
9	6675427	5.547061	Bin1193	Yu2011_TIGR6.1_midpoint_not_lifted
9	6823412	6.277001	Bin1194	Yu2011_TIGR6.1_midpoint_not_lifted
9	6917930	6.516810	Bin1195	Yu2011_TIGR6.1_midpoint_not_lifted
9	7012546	7.751441	Bin1196	Yu2011_TIGR6.1_midpoint_not_lifted
9	7113706	7.991249	Bin1197	Yu2011_TIGR6.1_midpoint_not_lifted
9	7444956	8.474345	Bin1198	Yu2011_TIGR6.1_midpoint_not_lifted
9	7789089	8.714153	Bin1199	Yu2011_TIGR6.1_midpoint_not_lifted
9	7893363	9.694577	Bin1200	Yu2011_TIGR6.1_midpoint_not_lifted
9	7980638	10.177672	Bin1201	Yu2011_TIGR6.1_midpoint_not_lifted
9	8079918	10.907612	Bin1202	Yu2011_TIGR6.1_midpoint_not_lifted
9	8335853	11.147421	Bin1203	Yu2011_TIGR6.1_midpoint_not_lifted
9	8565272	11.387230	Bin1204	Yu2011_TIGR6.1_midpoint_not_lifted
9	8671387	11.627038	Bin1205	Yu2011_TIGR6.1_midpoint_not_lifted
9	8842664	12.607462	Bin1206	Yu2011_TIGR6.1_midpoint_not_lifted
9	8973644	12.847270	Bin1207	Yu2011_TIGR6.1_midpoint_not_lifted
9	9177405	13.577210	Bin1208	Yu2011_TIGR6.1_midpoint_not_lifted
9	9443137	15.597687	Bin1209	Yu2011_TIGR6.1_midpoint_not_lifted
9	9580772	15.837496	Bin1210	Yu2011_TIGR6.1_midpoint_not_lifted
9	9791018	16.077305	Bin1211	Yu2011_TIGR6.1_midpoint_not_lifted
9	9978156	16.317113	Bin1212	Yu2011_TIGR6.1_midpoint_not_lifted
9	10087904	17.551744	Bin1213	Yu2011_TIGR6.1_midpoint_not_lifted
9	10453004	18.532167	Bin1214	Yu2011_TIGR6.1_midpoint_not_lifted
9	10789716	18.771976	Bin1215	Yu2011_TIGR6.1_midpoint_not_lifted
9	11051408	21.615119	Bin1216	Yu2011_TIGR6.1_midpoint_not_lifted
9	11736704	21.854928	Bin1217	Yu2011_TIGR6.1_midpoint_not_lifted
9	13292278	59.909820	Bin1218	Yu2011_TIGR6.1_midpoint_not_lifted
9	14603926	60.639760	Bin1219	Yu2011_TIGR6.1_midpoint_not_lifted
9	14833102	61.122855	Bin1220	Yu2011_TIGR6.1_midpoint_not_lifted
9	14885103	61.362664	Bin1221	Yu2011_TIGR6.1_midpoint_not_lifted
9	14970236	61.845759	Bin1222	Yu2011_TIGR6.1_midpoint_not_lifted
9	15225456	62.826183	Bin1223	Yu2011_TIGR6.1_midpoint_not_lifted
9	15519369	63.065992	Bin1224	Yu2011_TIGR6.1_midpoint_not_lifted
9	15707553	63.305800	Bin1225	Yu2011_TIGR6.1_midpoint_not_lifted
9	15927695	64.540431	Bin1226	Yu2011_TIGR6.1_midpoint_not_lifted
9	16198856	64.780240	Bin1227	Yu2011_TIGR6.1_midpoint_not_lifted
9	16386283	65.263335	Bin1228	Yu2011_TIGR6.1_midpoint_not_lifted
9	16466042	66.497966	Bin1229	Yu2011_TIGR6.1_midpoint_not_lifted
9	16617959	70.801696	Bin1230	Yu2011_TIGR6.1_midpoint_not_lifted
9	16877007	71.284792	Bin1231	Yu2011_TIGR6.1_midpoint_not_lifted
9	17145963	71.767887	Bin1232	Yu2011_TIGR6.1_midpoint_not_lifted
9	17373376	72.007696	Bin1233	Yu2011_TIGR6.1_midpoint_not_lifted
9	17525142	72.490791	Bin1234	Yu2011_TIGR6.1_midpoint_not_lifted
9	17624569	72.730600	Bin1235	Yu2011_TIGR6.1_midpoint_not_lifted
9	17741644	73.711024	Bin1236	Yu2011_TIGR6.1_midpoint_not_lifted
9	17848824	74.194119	Bin1237	Yu2011_TIGR6.1_midpoint_not_lifted
9	17920936	74.677215	Bin1238	Yu2011_TIGR6.1_midpoint_not_lifted
9	17967678	74.917023	Bin1239	Yu2011_TIGR6.1_midpoint_not_lifted
9	18071676	75.646963	Bin1240	Yu2011_TIGR6.1_midpoint_not_lifted
9	18151733	76.130059	Bin1241	Yu2011_TIGR6.1_midpoint_not_lifted
9	18168311	76.369867	Bin1242	Yu2011_TIGR6.1_midpoint_not_lifted
9	18242202	76.609676	Bin1243	Yu2011_TIGR6.1_midpoint_not_lifted
9	18334299	78.102324	Bin1244	Yu2011_TIGR6.1_midpoint_not_lifted
9	18396814	78.342133	Bin1245	Yu2011_TIGR6.1_midpoint_not_lifted
9	18470808	79.072073	Bin1246	Yu2011_TIGR6.1_midpoint_not_lifted
9	18544906	79.311881	Bin1247	Yu2011_TIGR6.1_midpoint_not_lifted
9	18657510	79.551690	Bin1248	Yu2011_TIGR6.1_midpoint_not_lifted
9	18750967	80.034786	Bin1249	Yu2011_TIGR6.1_midpoint_not_lifted
9	18791897	80.274594	Bin1250	Yu2011_TIGR6.1_midpoint_not_lifted
9	18858075	80.514403	Bin1251	Yu2011_TIGR6.1_midpoint_not_lifted
9	18913600	80.754211	Bin1252	Yu2011_TIGR6.1_midpoint_not_lifted
9	18969110	81.237307	Bin1253	Yu2011_TIGR6.1_midpoint_not_lifted
9	19039104	81.477116	Bin1254	Yu2011_TIGR6.1_midpoint_not_lifted
9	19083917	82.457539	Bin1255	Yu2011_TIGR6.1_midpoint_not_lifted
9	19137688	82.940635	Bin1256	Yu2011_TIGR6.1_midpoint_not_lifted
9	19208027	83.921058	Bin1257	Yu2011_TIGR6.1_midpoint_not_lifted
9	19255132	84.160867	Bin1258	Yu2011_TIGR6.1_midpoint_not_lifted
9	19282670	84.643962	Bin1259	Yu2011_TIGR6.1_midpoint_not_lifted
9	19372474	85.127058	Bin1260	Yu2011_TIGR6.1_midpoint_not_lifted
9	19499760	85.610153	Bin1261	Yu2011_TIGR6.1_midpoint_not_lifted
9	19677499	86.093249	Bin1262	Yu2011_TIGR6.1_midpoint_not_lifted
9	19934202	86.333058	Bin1263	Yu2011_TIGR6.1_midpoint_not_lifted
9	20137378	86.572866	Bin1264	Yu2011_TIGR6.1_midpoint_not_lifted
9	20247219	86.812675	Bin1265	Yu2011_TIGR6.1_midpoint_not_lifted
9	20328121	87.295770	Bin1266	Yu2011_TIGR6.1_midpoint_not_lifted
9	20435279	87.535579	Bin1267	Yu2011_TIGR6.1_midpoint_not_lifted
9	20522449	88.018675	Bin1268	Yu2011_TIGR6.1_midpoint_not_lifted
9	20568774	88.258483	Bin1269	Yu2011_TIGR6.1_midpoint_not_lifted
9	20722448	88.988423	Bin1270	Yu2011_TIGR6.1_midpoint_not_lifted
9	20872966	89.718363	Bin1271	Yu2011_TIGR6.1_midpoint_not_lifted
9	20991224	89.958172	Bin1272	Yu2011_TIGR6.1_midpoint_not_lifted
9	21111472	91.450820	Bin1273	Yu2011_TIGR6.1_midpoint_not_lifted
9	21142264	91.690628	Bin1274	Yu2011_TIGR6.1_midpoint_not_lifted
9	21165020	91.930437	Bin1275	Yu2011_TIGR6.1_midpoint_not_lifted
9	21227691	92.170246	Bin1276	Yu2011_TIGR6.1_midpoint_not_lifted
9	21293802	92.410054	Bin1277	Yu2011_TIGR6.1_midpoint_not_lifted
9	21340434	92.649863	Bin1278	Yu2011_TIGR6.1_midpoint_not_lifted
9	21376374	92.889672	Bin1279	Yu2011_TIGR6.1_midpoint_not_lifted
9	21447490	93.372767	Bin1280	Yu2011_TIGR6.1_midpoint_not_lifted
9	21521962	93.612576	Bin1281	Yu2011_TIGR6.1_midpoint_not_lifted
9	21563304	94.095671	Bin1282	Yu2011_TIGR6.1_midpoint_not_lifted
9	21617972	95.588319	Bin1283	Yu2011_TIGR6.1_midpoint_not_lifted
9	21716297	95.828128	Bin1284	Yu2011_TIGR6.1_midpoint_not_lifted
9	21857427	96.067937	Bin1285	Yu2011_TIGR6.1_midpoint_not_lifted
9	22048930	102.975454	Bin1286	Yu2011_TIGR6.1_midpoint_not_lifted
9	22188882	103.955877	Bin1287	Yu2011_TIGR6.1_midpoint_not_lifted
9	22225319	104.195686	Bin1288	Yu2011_TIGR6.1_midpoint_not_lifted
9	22286254	104.435494	Bin1289	Yu2011_TIGR6.1_midpoint_not_lifted
9	22358882	104.675303	Bin1290	Yu2011_TIGR6.1_midpoint_not_lifted
9	22472082	106.429869	Bin1291	Yu2011_TIGR6.1_midpoint_not_lifted
9	22780341	107.159809	Bin1292	Yu2011_TIGR6.1_midpoint_not_lifted
10	387398	0.000000	Bin1293	Yu2011_TIGR6.1_midpoint_not_lifted
10	826556	0.483096	Bin1294	Yu2011_TIGR6.1_midpoint_not_lifted
10	892967	0.722904	Bin1295	Yu2011_TIGR6.1_midpoint_not_lifted
10	938916	2.477470	Bin1296	Yu2011_TIGR6.1_midpoint_not_lifted
10	1098846	2.717279	Bin1297	Yu2011_TIGR6.1_midpoint_not_lifted
10	1246062	3.200374	Bin1298	Yu2011_TIGR6.1_midpoint_not_lifted
10	1290032	3.440183	Bin1299	Yu2011_TIGR6.1_midpoint_not_lifted
10	1808332	3.679992	Bin1300	Yu2011_TIGR6.1_midpoint_not_lifted
10	2428864	3.919800	Bin1301	Yu2011_TIGR6.1_midpoint_not_lifted
10	2596204	6.762943	Bin1302	Yu2011_TIGR6.1_midpoint_not_lifted
10	3079971	7.002752	Bin1303	Yu2011_TIGR6.1_midpoint_not_lifted
10	3819250	9.023229	Bin1304	Yu2011_TIGR6.1_midpoint_not_lifted
10	4526367	10.003652	Bin1305	Yu2011_TIGR6.1_midpoint_not_lifted
10	5116160	10.243461	Bin1306	Yu2011_TIGR6.1_midpoint_not_lifted
10	5314200	11.223885	Bin1307	Yu2011_TIGR6.1_midpoint_not_lifted
10	5359849	11.463693	Bin1308	Yu2011_TIGR6.1_midpoint_not_lifted
10	5433924	11.703502	Bin1309	Yu2011_TIGR6.1_midpoint_not_lifted
10	5952322	11.943310	Bin1310	Yu2011_TIGR6.1_midpoint_not_lifted
10	6656348	12.183119	Bin1311	Yu2011_TIGR6.1_midpoint_not_lifted
10	7501978	12.422928	Bin1312	Yu2011_TIGR6.1_midpoint_not_lifted
10	8163792	12.662736	Bin1313	Yu2011_TIGR6.1_midpoint_not_lifted
10	8358479	13.145832	Bin1314	Yu2011_TIGR6.1_midpoint_not_lifted
10	8845941	13.385640	Bin1315	Yu2011_TIGR6.1_midpoint_not_lifted
10	9237774	13.625449	Bin1316	Yu2011_TIGR6.1_midpoint_not_lifted
10	9422760	13.865258	Bin1317	Yu2011_TIGR6.1_midpoint_not_lifted
10	9937550	14.105066	Bin1318	Yu2011_TIGR6.1_midpoint_not_lifted
10	10745030	14.835006	Bin1319	Yu2011_TIGR6.1_midpoint_not_lifted
10	11270516	15.074815	Bin1320	Yu2011_TIGR6.1_midpoint_not_lifted
10	11445420	15.314623	Bin1321	Yu2011_TIGR6.1_midpoint_not_lifted
10	11544701	18.440641	Bin1322	Yu2011_TIGR6.1_midpoint_not_lifted
10	11576266	18.680450	Bin1323	Yu2011_TIGR6.1_midpoint_not_lifted
10	11616429	19.163545	Bin1324	Yu2011_TIGR6.1_midpoint_not_lifted
10	11678208	19.403354	Bin1325	Yu2011_TIGR6.1_midpoint_not_lifted
10	11766198	20.133294	Bin1326	Yu2011_TIGR6.1_midpoint_not_lifted
10	11839607	20.373103	Bin1327	Yu2011_TIGR6.1_midpoint_not_lifted
10	11900547	22.393580	Bin1328	Yu2011_TIGR6.1_midpoint_not_lifted
10	11972447	22.633388	Bin1329	Yu2011_TIGR6.1_midpoint_not_lifted
10	12452157	22.873197	Bin1330	Yu2011_TIGR6.1_midpoint_not_lifted
10	12940974	24.893674	Bin1331	Yu2011_TIGR6.1_midpoint_not_lifted
10	13008850	25.376769	Bin1332	Yu2011_TIGR6.1_midpoint_not_lifted
10	13062066	25.859865	Bin1333	Yu2011_TIGR6.1_midpoint_not_lifted
10	13406302	26.342960	Bin1334	Yu2011_TIGR6.1_midpoint_not_lifted
10	13742407	27.323384	Bin1335	Yu2011_TIGR6.1_midpoint_not_lifted
10	13831062	27.563192	Bin1336	Yu2011_TIGR6.1_midpoint_not_lifted
10	14016930	29.055841	Bin1337	Yu2011_TIGR6.1_midpoint_not_lifted
10	14260888	29.538936	Bin1338	Yu2011_TIGR6.1_midpoint_not_lifted
10	14432920	33.244335	Bin1339	Yu2011_TIGR6.1_midpoint_not_lifted
10	14496569	33.484143	Bin1340	Yu2011_TIGR6.1_midpoint_not_lifted
10	14537757	33.723952	Bin1341	Yu2011_TIGR6.1_midpoint_not_lifted
10	14562757	33.963761	Bin1342	Yu2011_TIGR6.1_midpoint_not_lifted
10	14574040	34.203569	Bin1343	Yu2011_TIGR6.1_midpoint_not_lifted
10	14613149	34.443378	Bin1344	Yu2011_TIGR6.1_midpoint_not_lifted
10	14706706	34.926473	Bin1345	Yu2011_TIGR6.1_midpoint_not_lifted
10	14787648	36.681039	Bin1346	Yu2011_TIGR6.1_midpoint_not_lifted
10	14888270	36.920848	Bin1347	Yu2011_TIGR6.1_midpoint_not_lifted
10	15296624	37.160657	Bin1348	Yu2011_TIGR6.1_midpoint_not_lifted
10	15712886	40.866055	Bin1349	Yu2011_TIGR6.1_midpoint_not_lifted
10	15900034	41.105864	Bin1350	Yu2011_TIGR6.1_midpoint_not_lifted
10	16054251	42.086287	Bin1351	Yu2011_TIGR6.1_midpoint_not_lifted
10	16135264	42.326096	Bin1352	Yu2011_TIGR6.1_midpoint_not_lifted
10	16180056	43.306520	Bin1353	Yu2011_TIGR6.1_midpoint_not_lifted
10	16291669	43.546328	Bin1354	Yu2011_TIGR6.1_midpoint_not_lifted
10	16500062	44.029424	Bin1355	Yu2011_TIGR6.1_midpoint_not_lifted
10	16746940	47.442822	Bin1356	Yu2011_TIGR6.1_midpoint_not_lifted
10	17110378	47.682631	Bin1357	Yu2011_TIGR6.1_midpoint_not_lifted
10	17368058	47.922440	Bin1358	Yu2011_TIGR6.1_midpoint_not_lifted
10	17627944	49.415088	Bin1359	Yu2011_TIGR6.1_midpoint_not_lifted
10	17934816	49.898183	Bin1360	Yu2011_TIGR6.1_midpoint_not_lifted
10	18103560	50.628123	Bin1361	Yu2011_TIGR6.1_midpoint_not_lifted
10	18355245	51.862754	Bin1362	Yu2011_TIGR6.1_midpoint_not_lifted
10	18547023	53.617320	Bin1363	Yu2011_TIGR6.1_midpoint_not_lifted
10	18664992	56.743338	Bin1364	Yu2011_TIGR6.1_midpoint_not_lifted
10	18798736	57.473278	Bin1365	Yu2011_TIGR6.1_midpoint_not_lifted
10	19000160	57.713086	Bin1366	Yu2011_TIGR6.1_midpoint_not_lifted
10	19227406	61.126485	Bin1367	Yu2011_TIGR6.1_midpoint_not_lifted
10	19488979	61.366293	Bin1368	Yu2011_TIGR6.1_midpoint_not_lifted
10	19774782	63.930958	Bin1369	Yu2011_TIGR6.1_midpoint_not_lifted
10	19904452	64.170767	Bin1370	Yu2011_TIGR6.1_midpoint_not_lifted
10	20065857	64.900707	Bin1371	Yu2011_TIGR6.1_midpoint_not_lifted
10	20475284	65.383802	Bin1372	Yu2011_TIGR6.1_midpoint_not_lifted
10	20919590	73.736507	Bin1373	Yu2011_TIGR6.1_midpoint_not_lifted
10	21374768	73.976315	Bin1374	Yu2011_TIGR6.1_midpoint_not_lifted
10	21689456	74.216124	Bin1375	Yu2011_TIGR6.1_midpoint_not_lifted
10	21725978	78.519854	Bin1376	Yu2011_TIGR6.1_midpoint_not_lifted
10	21765586	78.759663	Bin1377	Yu2011_TIGR6.1_midpoint_not_lifted
10	21856462	79.242758	Bin1378	Yu2011_TIGR6.1_midpoint_not_lifted
10	21951750	79.725854	Bin1379	Yu2011_TIGR6.1_midpoint_not_lifted
10	22027999	80.208949	Bin1380	Yu2011_TIGR6.1_midpoint_not_lifted
10	22121226	81.701598	Bin1381	Yu2011_TIGR6.1_midpoint_not_lifted
10	22193025	81.941406	Bin1382	Yu2011_TIGR6.1_midpoint_not_lifted
10	22258876	82.424502	Bin1383	Yu2011_TIGR6.1_midpoint_not_lifted
10	22343044	82.664310	Bin1384	Yu2011_TIGR6.1_midpoint_not_lifted
10	22452606	83.644734	Bin1385	Yu2011_TIGR6.1_midpoint_not_lifted
10	22552110	83.884543	Bin1386	Yu2011_TIGR6.1_midpoint_not_lifted
10	22620402	84.124351	Bin1387	Yu2011_TIGR6.1_midpoint_not_lifted
10	22728428	84.854291	Bin1388	Yu2011_TIGR6.1_midpoint_not_lifted
10	22817778	85.094100	Bin1389	Yu2011_TIGR6.1_midpoint_not_lifted
10	22986515	85.333908	Bin1390	Yu2011_TIGR6.1_midpoint_not_lifted
11	111201	0.000000	Bin1391	Yu2011_TIGR6.1_midpoint_not_lifted
11	296692	0.239809	Bin1392	Yu2011_TIGR6.1_midpoint_not_lifted
11	501388	3.945207	Bin1393	Yu2011_TIGR6.1_midpoint_not_lifted
11	666694	4.675147	Bin1394	Yu2011_TIGR6.1_midpoint_not_lifted
11	750094	5.158243	Bin1395	Yu2011_TIGR6.1_midpoint_not_lifted
11	906102	5.398051	Bin1396	Yu2011_TIGR6.1_midpoint_not_lifted
11	1089493	5.637860	Bin1397	Yu2011_TIGR6.1_midpoint_not_lifted
11	1216222	5.877669	Bin1398	Yu2011_TIGR6.1_midpoint_not_lifted
11	1461825	13.494705	Bin1399	Yu2011_TIGR6.1_midpoint_not_lifted
11	1784032	13.734513	Bin1400	Yu2011_TIGR6.1_midpoint_not_lifted
11	1919576	14.217609	Bin1401	Yu2011_TIGR6.1_midpoint_not_lifted
11	2150718	15.972175	Bin1402	Yu2011_TIGR6.1_midpoint_not_lifted
11	2399686	16.952599	Bin1403	Yu2011_TIGR6.1_midpoint_not_lifted
11	2447640	17.192407	Bin1404	Yu2011_TIGR6.1_midpoint_not_lifted
11	2565303	17.922347	Bin1405	Yu2011_TIGR6.1_midpoint_not_lifted
11	2673083	18.162156	Bin1406	Yu2011_TIGR6.1_midpoint_not_lifted
11	2750372	19.916722	Bin1407	Yu2011_TIGR6.1_midpoint_not_lifted
11	2869209	21.151352	Bin1408	Yu2011_TIGR6.1_midpoint_not_lifted
11	2936056	21.391161	Bin1409	Yu2011_TIGR6.1_midpoint_not_lifted
11	2982343	21.630970	Bin1410	Yu2011_TIGR6.1_midpoint_not_lifted
11	3058951	21.870778	Bin1411	Yu2011_TIGR6.1_midpoint_not_lifted
11	3137566	22.110587	Bin1412	Yu2011_TIGR6.1_midpoint_not_lifted
11	3375464	23.091010	Bin1413	Yu2011_TIGR6.1_midpoint_not_lifted
11	3595832	25.655675	Bin1414	Yu2011_TIGR6.1_midpoint_not_lifted
11	3686574	25.895484	Bin1415	Yu2011_TIGR6.1_midpoint_not_lifted
11	3808265	26.135292	Bin1416	Yu2011_TIGR6.1_midpoint_not_lifted
11	3883988	27.115716	Bin1417	Yu2011_TIGR6.1_midpoint_not_lifted
11	4100658	27.355524	Bin1418	Yu2011_TIGR6.1_midpoint_not_lifted
11	4307204	30.481542	Bin1419	Yu2011_TIGR6.1_midpoint_not_lifted
11	4331789	30.964638	Bin1420	Yu2011_TIGR6.1_midpoint_not_lifted
11	4380762	31.204447	Bin1421	Yu2011_TIGR6.1_midpoint_not_lifted
11	4557292	31.687542	Bin1422	Yu2011_TIGR6.1_midpoint_not_lifted
11	4853972	31.927351	Bin1423	Yu2011_TIGR6.1_midpoint_not_lifted
11	5229396	32.657291	Bin1424	Yu2011_TIGR6.1_midpoint_not_lifted
11	5502998	37.579294	Bin1425	Yu2011_TIGR6.1_midpoint_not_lifted
11	5655020	37.819103	Bin1426	Yu2011_TIGR6.1_midpoint_not_lifted
11	5789852	38.058911	Bin1427	Yu2011_TIGR6.1_midpoint_not_lifted
11	5838103	38.298720	Bin1428	Yu2011_TIGR6.1_midpoint_not_lifted
11	6249636	40.319197	Bin1429	Yu2011_TIGR6.1_midpoint_not_lifted
11	6844810	45.558145	Bin1430	Yu2011_TIGR6.1_midpoint_not_lifted
11	7072030	45.797953	Bin1431	Yu2011_TIGR6.1_midpoint_not_lifted
11	7304112	46.037762	Bin1432	Yu2011_TIGR6.1_midpoint_not_lifted
11	7539421	46.277570	Bin1433	Yu2011_TIGR6.1_midpoint_not_lifted
11	7622146	46.517379	Bin1434	Yu2011_TIGR6.1_midpoint_not_lifted
11	7739722	49.360522	Bin1435	Yu2011_TIGR6.1_midpoint_not_lifted
11	7833834	50.340946	Bin1436	Yu2011_TIGR6.1_midpoint_not_lifted
11	7900246	50.580754	Bin1437	Yu2011_TIGR6.1_midpoint_not_lifted
11	8403338	52.073402	Bin1438	Yu2011_TIGR6.1_midpoint_not_lifted
11	8929760	52.313211	Bin1439	Yu2011_TIGR6.1_midpoint_not_lifted
11	9015982	52.796307	Bin1440	Yu2011_TIGR6.1_midpoint_not_lifted
11	9162486	53.036115	Bin1441	Yu2011_TIGR6.1_midpoint_not_lifted
11	9367710	53.275924	Bin1442	Yu2011_TIGR6.1_midpoint_not_lifted
11	9513738	53.515732	Bin1443	Yu2011_TIGR6.1_midpoint_not_lifted
11	9657881	53.998828	Bin1444	Yu2011_TIGR6.1_midpoint_not_lifted
11	9747980	54.979252	Bin1445	Yu2011_TIGR6.1_midpoint_not_lifted
11	9927568	56.471900	Bin1446	Yu2011_TIGR6.1_midpoint_not_lifted
11	10354513	56.711708	Bin1447	Yu2011_TIGR6.1_midpoint_not_lifted
11	10650886	57.194804	Bin1448	Yu2011_TIGR6.1_midpoint_not_lifted
11	10810958	57.434613	Bin1449	Yu2011_TIGR6.1_midpoint_not_lifted
11	11300501	57.674421	Bin1450	Yu2011_TIGR6.1_midpoint_not_lifted
11	11786203	57.914230	Bin1451	Yu2011_TIGR6.1_midpoint_not_lifted
11	12856429	58.154038	Bin1452	Yu2011_TIGR6.1_midpoint_not_lifted
11	14015776	58.393847	Bin1453	Yu2011_TIGR6.1_midpoint_not_lifted
11	14808940	58.633656	Bin1454	Yu2011_TIGR6.1_midpoint_not_lifted
11	15565928	58.873464	Bin1455	Yu2011_TIGR6.1_midpoint_not_lifted
11	15816606	59.113273	Bin1456	Yu2011_TIGR6.1_midpoint_not_lifted
11	16100853	59.843213	Bin1457	Yu2011_TIGR6.1_midpoint_not_lifted
11	16386646	60.083021	Bin1458	Yu2011_TIGR6.1_midpoint_not_lifted
11	16504315	60.322830	Bin1459	Yu2011_TIGR6.1_midpoint_not_lifted
11	16798505	61.557461	Bin1460	Yu2011_TIGR6.1_midpoint_not_lifted
11	17102870	62.287401	Bin1461	Yu2011_TIGR6.1_midpoint_not_lifted
11	17247186	62.527209	Bin1462	Yu2011_TIGR6.1_midpoint_not_lifted
11	17571548	65.091874	Bin1463	Yu2011_TIGR6.1_midpoint_not_lifted
11	17832744	65.331683	Bin1464	Yu2011_TIGR6.1_midpoint_not_lifted
11	17876937	65.571491	Bin1465	Yu2011_TIGR6.1_midpoint_not_lifted
11	17929708	66.551915	Bin1466	Yu2011_TIGR6.1_midpoint_not_lifted
11	18081808	67.532338	Bin1467	Yu2011_TIGR6.1_midpoint_not_lifted
11	18257472	68.512762	Bin1468	Yu2011_TIGR6.1_midpoint_not_lifted
11	18398768	69.242702	Bin1469	Yu2011_TIGR6.1_midpoint_not_lifted
11	18630223	69.482510	Bin1470	Yu2011_TIGR6.1_midpoint_not_lifted
11	18795233	70.462934	Bin1471	Yu2011_TIGR6.1_midpoint_not_lifted
11	18831786	70.702743	Bin1472	Yu2011_TIGR6.1_midpoint_not_lifted
11	18867024	71.432683	Bin1473	Yu2011_TIGR6.1_midpoint_not_lifted
11	18971759	71.672491	Bin1474	Yu2011_TIGR6.1_midpoint_not_lifted
11	19076234	71.912300	Bin1475	Yu2011_TIGR6.1_midpoint_not_lifted
11	19113857	73.146930	Bin1476	Yu2011_TIGR6.1_midpoint_not_lifted
11	19183786	75.437407	Bin1477	Yu2011_TIGR6.1_midpoint_not_lifted
11	19328074	76.417831	Bin1478	Yu2011_TIGR6.1_midpoint_not_lifted
11	19446869	77.910479	Bin1479	Yu2011_TIGR6.1_midpoint_not_lifted
11	19498171	78.150288	Bin1480	Yu2011_TIGR6.1_midpoint_not_lifted
11	19582712	78.390096	Bin1481	Yu2011_TIGR6.1_midpoint_not_lifted
11	19864150	78.629905	Bin1482	Yu2011_TIGR6.1_midpoint_not_lifted
11	20134184	79.113000	Bin1483	Yu2011_TIGR6.1_midpoint_not_lifted
11	20257478	79.352809	Bin1484	Yu2011_TIGR6.1_midpoint_not_lifted
11	20462993	80.587440	Bin1485	Yu2011_TIGR6.1_midpoint_not_lifted
11	20677545	80.827248	Bin1486	Yu2011_TIGR6.1_midpoint_not_lifted
11	20777216	81.310344	Bin1487	Yu2011_TIGR6.1_midpoint_not_lifted
11	21022014	82.544974	Bin1488	Yu2011_TIGR6.1_midpoint_not_lifted
11	21273178	83.028070	Bin1489	Yu2011_TIGR6.1_midpoint_not_lifted
11	21396754	83.267879	Bin1490	Yu2011_TIGR6.1_midpoint_not_lifted
11	21543384	83.997819	Bin1491	Yu2011_TIGR6.1_midpoint_not_lifted
11	21684674	84.480914	Bin1492	Yu2011_TIGR6.1_midpoint_not_lifted
11	21913926	84.964010	Bin1493	Yu2011_TIGR6.1_midpoint_not_lifted
11	22091098	85.447105	Bin1494	Yu2011_TIGR6.1_midpoint_not_lifted
11	22343798	91.669814	Bin1495	Yu2011_TIGR6.1_midpoint_not_lifted
11	22566425	92.152909	Bin1496	Yu2011_TIGR6.1_midpoint_not_lifted
11	22596761	92.392718	Bin1497	Yu2011_TIGR6.1_midpoint_not_lifted
11	22686838	92.632527	Bin1498	Yu2011_TIGR6.1_midpoint_not_lifted
11	22783029	92.872335	Bin1499	Yu2011_TIGR6.1_midpoint_not_lifted
11	22847645	93.602275	Bin1500	Yu2011_TIGR6.1_midpoint_not_lifted
11	22915261	93.842084	Bin1501	Yu2011_TIGR6.1_midpoint_not_lifted
11	22988430	94.081892	Bin1502	Yu2011_TIGR6.1_midpoint_not_lifted
11	23153137	94.321701	Bin1503	Yu2011_TIGR6.1_midpoint_not_lifted
11	23459308	94.804797	Bin1504	Yu2011_TIGR6.1_midpoint_not_lifted
11	23738399	95.785220	Bin1505	Yu2011_TIGR6.1_midpoint_not_lifted
11	23903218	96.268316	Bin1506	Yu2011_TIGR6.1_midpoint_not_lifted
11	24116194	100.572046	Bin1507	Yu2011_TIGR6.1_midpoint_not_lifted
11	24311922	101.552470	Bin1508	Yu2011_TIGR6.1_midpoint_not_lifted
11	24408582	101.792278	Bin1509	Yu2011_TIGR6.1_midpoint_not_lifted
11	24494720	102.032087	Bin1510	Yu2011_TIGR6.1_midpoint_not_lifted
11	24602777	102.762027	Bin1511	Yu2011_TIGR6.1_midpoint_not_lifted
11	24668784	103.491967	Bin1512	Yu2011_TIGR6.1_midpoint_not_lifted
11	24690945	103.731776	Bin1513	Yu2011_TIGR6.1_midpoint_not_lifted
11	24722748	103.971584	Bin1514	Yu2011_TIGR6.1_midpoint_not_lifted
11	24751208	104.211393	Bin1515	Yu2011_TIGR6.1_midpoint_not_lifted
11	24777397	106.776057	Bin1516	Yu2011_TIGR6.1_midpoint_not_lifted
11	24886355	107.015866	Bin1517	Yu2011_TIGR6.1_midpoint_not_lifted
11	25066615	107.255675	Bin1518	Yu2011_TIGR6.1_midpoint_not_lifted
11	25474569	107.738770	Bin1519	Yu2011_TIGR6.1_midpoint_not_lifted
11	25852000	107.978579	Bin1520	Yu2011_TIGR6.1_midpoint_not_lifted
11	25933964	108.218387	Bin1521	Yu2011_TIGR6.1_midpoint_not_lifted
11	25974394	108.458196	Bin1522	Yu2011_TIGR6.1_midpoint_not_lifted
11	26011622	108.698005	Bin1523	Yu2011_TIGR6.1_midpoint_not_lifted
11	26083849	109.181100	Bin1524	Yu2011_TIGR6.1_midpoint_not_lifted
11	26323541	109.420909	Bin1525	Yu2011_TIGR6.1_midpoint_not_lifted
11	26531902	109.904004	Bin1526	Yu2011_TIGR6.1_midpoint_not_lifted
11	26598719	111.396653	Bin1527	Yu2011_TIGR6.1_midpoint_not_lifted
11	26676752	111.636461	Bin1528	Yu2011_TIGR6.1_midpoint_not_lifted
11	26729338	111.876270	Bin1529	Yu2011_TIGR6.1_midpoint_not_lifted
11	26764933	112.606210	Bin1530	Yu2011_TIGR6.1_midpoint_not_lifted
11	26799758	112.846018	Bin1531	Yu2011_TIGR6.1_midpoint_not_lifted
11	26839857	113.329114	Bin1532	Yu2011_TIGR6.1_midpoint_not_lifted
11	26871374	113.568923	Bin1533	Yu2011_TIGR6.1_midpoint_not_lifted
11	27124775	114.052018	Bin1534	Yu2011_TIGR6.1_midpoint_not_lifted
11	27373286	114.291827	Bin1535	Yu2011_TIGR6.1_midpoint_not_lifted
11	27669000	115.272250	Bin1536	Yu2011_TIGR6.1_midpoint_not_lifted
11	28103994	115.512059	Bin1537	Yu2011_TIGR6.1_midpoint_not_lifted
11	28270503	116.241999	Bin1538	Yu2011_TIGR6.1_midpoint_not_lifted
11	28317872	116.481807	Bin1539	Yu2011_TIGR6.1_midpoint_not_lifted
11	28428547	116.721616	Bin1540	Yu2011_TIGR6.1_midpoint_not_lifted
12	362244	0.000000	Bin1541	Yu2011_TIGR6.1_midpoint_not_lifted
12	944584	1.234631	Bin1542	Yu2011_TIGR6.1_midpoint_not_lifted
12	1177882	1.474439	Bin1543	Yu2011_TIGR6.1_midpoint_not_lifted
12	2100172	13.064520	Bin1544	Yu2011_TIGR6.1_midpoint_not_lifted
12	3032408	14.044944	Bin1545	Yu2011_TIGR6.1_midpoint_not_lifted
12	3094679	14.284752	Bin1546	Yu2011_TIGR6.1_midpoint_not_lifted
12	3487819	16.039318	Bin1547	Yu2011_TIGR6.1_midpoint_not_lifted
12	4294888	31.437655	Bin1548	Yu2011_TIGR6.1_midpoint_not_lifted
12	5063106	37.999765	Bin1549	Yu2011_TIGR6.1_midpoint_not_lifted
12	6289101	39.754331	Bin1550	Yu2011_TIGR6.1_midpoint_not_lifted
12	7295998	40.237426	Bin1551	Yu2011_TIGR6.1_midpoint_not_lifted
12	7399880	40.477235	Bin1552	Yu2011_TIGR6.1_midpoint_not_lifted
12	7529351	40.717044	Bin1553	Yu2011_TIGR6.1_midpoint_not_lifted
12	7787687	42.471610	Bin1554	Yu2011_TIGR6.1_midpoint_not_lifted
12	8391554	42.711418	Bin1555	Yu2011_TIGR6.1_midpoint_not_lifted
12	9329917	42.951227	Bin1556	Yu2011_TIGR6.1_midpoint_not_lifted
12	10269742	43.191035	Bin1557	Yu2011_TIGR6.1_midpoint_not_lifted
12	10748313	43.430844	Bin1558	Yu2011_TIGR6.1_midpoint_not_lifted
12	10764472	43.670653	Bin1559	Yu2011_TIGR6.1_midpoint_not_lifted
12	10784644	43.910461	Bin1560	Yu2011_TIGR6.1_midpoint_not_lifted
12	11287128	44.150270	Bin1561	Yu2011_TIGR6.1_midpoint_not_lifted
12	11918725	44.633365	Bin1562	Yu2011_TIGR6.1_midpoint_not_lifted
12	13303736	45.116461	Bin1563	Yu2011_TIGR6.1_midpoint_not_lifted
12	14610028	45.356270	Bin1564	Yu2011_TIGR6.1_midpoint_not_lifted
12	15464900	45.596078	Bin1565	Yu2011_TIGR6.1_midpoint_not_lifted
12	16309646	46.079174	Bin1566	Yu2011_TIGR6.1_midpoint_not_lifted
12	16412538	46.562269	Bin1567	Yu2011_TIGR6.1_midpoint_not_lifted
12	16929787	47.045365	Bin1568	Yu2011_TIGR6.1_midpoint_not_lifted
12	17503280	47.775305	Bin1569	Yu2011_TIGR6.1_midpoint_not_lifted
12	17621564	48.015113	Bin1570	Yu2011_TIGR6.1_midpoint_not_lifted
12	17795006	48.745053	Bin1571	Yu2011_TIGR6.1_midpoint_not_lifted
12	18099216	49.228149	Bin1572	Yu2011_TIGR6.1_midpoint_not_lifted
12	18271530	50.208572	Bin1573	Yu2011_TIGR6.1_midpoint_not_lifted
12	18330476	50.448381	Bin1574	Yu2011_TIGR6.1_midpoint_not_lifted
12	18476484	50.688190	Bin1575	Yu2011_TIGR6.1_midpoint_not_lifted
12	18839484	54.393588	Bin1576	Yu2011_TIGR6.1_midpoint_not_lifted
12	19123499	55.123528	Bin1577	Yu2011_TIGR6.1_midpoint_not_lifted
12	19303889	55.853468	Bin1578	Yu2011_TIGR6.1_midpoint_not_lifted
12	19490848	56.336564	Bin1579	Yu2011_TIGR6.1_midpoint_not_lifted
12	19605380	56.576372	Bin1580	Yu2011_TIGR6.1_midpoint_not_lifted
12	19748320	59.419515	Bin1581	Yu2011_TIGR6.1_midpoint_not_lifted
12	19851754	59.659324	Bin1582	Yu2011_TIGR6.1_midpoint_not_lifted
12	19953114	60.142420	Bin1583	Yu2011_TIGR6.1_midpoint_not_lifted
12	20583688	62.162897	Bin1584	Yu2011_TIGR6.1_midpoint_not_lifted
12	21237128	62.892836	Bin1585	Yu2011_TIGR6.1_midpoint_not_lifted
12	21459777	68.131784	Bin1586	Yu2011_TIGR6.1_midpoint_not_lifted
12	21658991	68.371593	Bin1587	Yu2011_TIGR6.1_midpoint_not_lifted
12	21872682	68.854688	Bin1588	Yu2011_TIGR6.1_midpoint_not_lifted
12	22232768	69.094497	Bin1589	Yu2011_TIGR6.1_midpoint_not_lifted
12	22505612	76.353597	Bin1590	Yu2011_TIGR6.1_midpoint_not_lifted
12	22749904	77.334021	Bin1591	Yu2011_TIGR6.1_midpoint_not_lifted
12	22994092	77.573830	Bin1592	Yu2011_TIGR6.1_midpoint_not_lifted
12	23222848	77.813638	Bin1593	Yu2011_TIGR6.1_midpoint_not_lifted
12	23436673	81.519037	Bin1594	Yu2011_TIGR6.1_midpoint_not_lifted
12	23530020	83.011685	Bin1595	Yu2011_TIGR6.1_midpoint_not_lifted
12	23733534	83.494780	Bin1596	Yu2011_TIGR6.1_midpoint_not_lifted
12	23893352	83.977876	Bin1597	Yu2011_TIGR6.1_midpoint_not_lifted
12	23933286	84.460972	Bin1598	Yu2011_TIGR6.1_midpoint_not_lifted
12	24021126	84.944067	Bin1599	Yu2011_TIGR6.1_midpoint_not_lifted
12	24099047	86.698633	Bin1600	Yu2011_TIGR6.1_midpoint_not_lifted
12	24281181	87.181729	Bin1601	Yu2011_TIGR6.1_midpoint_not_lifted
12	24480526	87.421537	Bin1602	Yu2011_TIGR6.1_midpoint_not_lifted
12	24543984	87.661346	Bin1603	Yu2011_TIGR6.1_midpoint_not_lifted
12	24637202	87.901154	Bin1604	Yu2011_TIGR6.1_midpoint_not_lifted
12	24781597	91.903290	Bin1605	Yu2011_TIGR6.1_midpoint_not_lifted
12	25051874	92.143098	Bin1606	Yu2011_TIGR6.1_midpoint_not_lifted
12	25262666	93.123522	Bin1607	Yu2011_TIGR6.1_midpoint_not_lifted
12	25293550	93.363331	Bin1608	Yu2011_TIGR6.1_midpoint_not_lifted
12	25330410	94.093271	Bin1609	Yu2011_TIGR6.1_midpoint_not_lifted
12	25477212	96.113748	Bin1610	Yu2011_TIGR6.1_midpoint_not_lifted
12	25622338	96.843687	Bin1611	Yu2011_TIGR6.1_midpoint_not_lifted
12	25721308	97.083496	Bin1612	Yu2011_TIGR6.1_midpoint_not_lifted
12	25939428	104.342597	Bin1613	Yu2011_TIGR6.1_midpoint_not_lifted
12	26199661	104.825692	Bin1614	Yu2011_TIGR6.1_midpoint_not_lifted
12	26358413	105.065501	Bin1615	Yu2011_TIGR6.1_midpoint_not_lifted
12	26458326	106.045924	Bin1616	Yu2011_TIGR6.1_midpoint_not_lifted
12	26592497	106.285733	Bin1617	Yu2011_TIGR6.1_midpoint_not_lifted
12	26839692	106.768828	Bin1618	Yu2011_TIGR6.1_midpoint_not_lifted
12	27256546	109.333493	Bin1619	Yu2011_TIGR6.1_midpoint_not_lifted
