chr	pos	cM	bin	source_chr	tigr6_seqid	tigr6_pos	irgsp1_seqid	irgsp1_start0	irgsp1_end0	strand
1	283464	0.000000	Bin1	1	chr01|13101	282464	NC_029256.1	283463	283464	+
1	582800	0.239809	Bin2	1	chr01|13101	581800	NC_029256.1	582799	582800	+
1	761423	0.722904	Bin3	1	chr01|13101	760423	NC_029256.1	761422	761423	+
1	999510	1.452844	Bin4	1	chr01|13101	998510	NC_029256.1	999509	999510	+
1	1111744	2.433268	Bin5	1	chr01|13101	1110744	NC_029256.1	1111743	1111744	+
1	1184829	2.673076	Bin6	1	chr01|13101	1183829	NC_029256.1	1184828	1184829	+
1	1271318	4.693553	Bin7	1	chr01|13101	1270318	NC_029256.1	1271317	1271318	+
1	1413852	4.933362	Bin8	1	chr01|13101	1412852	NC_029256.1	1413851	1413852	+
1	1530702	5.663302	Bin9	1	chr01|13101	1529702	NC_029256.1	1530701	1530702	+
1	1635208	6.146397	Bin10	1	chr01|13101	1634208	NC_029256.1	1635207	1635208	+
1	1726282	7.381028	Bin11	1	chr01|13101	1725282	NC_029256.1	1726281	1726282	+
1	1760356	7.620837	Bin12	1	chr01|13101	1759356	NC_029256.1	1760355	1760356	+
1	1867618	8.350777	Bin13	1	chr01|13101	1866618	NC_029256.1	1867617	1867618	+
1	2088494	9.843425	Bin14	1	chr01|13101	2087494	NC_029256.1	2088493	2088494	+
1	2305564	11.336073	Bin15	1	chr01|13101	2304564	NC_029256.1	2305563	2305564	+
1	2527598	11.575882	Bin16	1	chr01|13101	2526598	NC_029256.1	2527597	2527598	+
1	2714615	11.815690	Bin17	1	chr01|13101	2713615	NC_029256.1	2714614	2714615	+
1	2859218	12.055499	Bin18	1	chr01|13101	2858218	NC_029256.1	2859217	2859218	+
1	3201390	13.290129	Bin19	1	chr01|13101	3200390	NC_029256.1	3201389	3201390	+
1	3480786	14.270553	Bin20	1	chr01|13101	3479786	NC_029256.1	3480785	3480786	+
1	3550984	14.510362	Bin21	1	chr01|13101	3549984	NC_029256.1	3550983	3550984	+
1	3599680	15.490785	Bin22	1	chr01|13101	3598680	NC_029256.1	3599679	3599680	+
1	3638896	15.973881	Bin23	1	chr01|13101	3637896	NC_029256.1	3638895	3638896	+
1	3679592	16.456976	Bin24	1	chr01|13101	3678592	NC_029256.1	3679591	3679592	+
1	4002304	16.940072	Bin25	1	chr01|13101	4001304	NC_029256.1	4002303	4002304	+
1	4360039	22.179019	Bin26	1	chr01|13101	4359039	NC_029256.1	4360038	4360039	+
1	4479537	23.159443	Bin27	1	chr01|13101	4478537	NC_029256.1	4479536	4479537	+
1	4566034	23.399251	Bin28	1	chr01|13101	4565034	NC_029256.1	4566033	4566034	+
1	4615460	24.379675	Bin29	1	chr01|13101	4614460	NC_029256.1	4615459	4615460	+
1	4698086	24.862771	Bin30	1	chr01|13101	4697086	NC_029256.1	4698085	4698086	+
1	4833373	26.097401	Bin31	1	chr01|13101	4832373	NC_029256.1	4833372	4833373	+
1	4973319	26.580497	Bin32	1	chr01|13101	4972319	NC_029256.1	4973318	4973319	+
1	5099072	27.063592	Bin33	1	chr01|13101	5098072	NC_029256.1	5099071	5099072	+
1	5209046	30.476991	Bin34	1	chr01|13101	5208046	NC_029256.1	5209045	5209046	+
1	5285234	30.716799	Bin35	1	chr01|13101	5284234	NC_029256.1	5285233	5285234	+
1	5347338	31.199895	Bin36	1	chr01|13101	5346338	NC_029256.1	5347337	5347338	+
1	5391564	31.682991	Bin37	1	chr01|13101	5390564	NC_029256.1	5391563	5391564	+
1	5448862	32.917621	Bin38	1	chr01|13101	5447862	NC_029256.1	5448861	5448862	+
1	5583774	33.647561	Bin39	1	chr01|13101	5582774	NC_029256.1	5583773	5583774	+
1	5713010	33.887370	Bin40	1	chr01|13101	5712010	NC_029256.1	5713009	5713010	+
1	5755070	34.127178	Bin41	1	chr01|13101	5754070	NC_029256.1	5755069	5755070	+
1	5841215	34.610274	Bin42	1	chr01|13101	5840215	NC_029256.1	5841214	5841215	+
1	5980565	34.850083	Bin43	1	chr01|13101	5979565	NC_029256.1	5980564	5980565	+
1	6128659	35.089891	Bin44	1	chr01|13101	6127659	NC_029256.1	6128658	6128659	+
1	6224468	35.329700	Bin45	1	chr01|13101	6223468	NC_029256.1	6224467	6224468	+
1	6252884	36.059640	Bin46	1	chr01|13101	6251884	NC_029256.1	6252883	6252884	+
1	6402703	36.299448	Bin47	1	chr01|13101	6401703	NC_029256.1	6402702	6402703	+
1	6565164	36.782544	Bin48	1	chr01|13101	6564164	NC_029256.1	6565163	6565164	+
1	6695014	37.265639	Bin49	1	chr01|13101	6694014	NC_029256.1	6695013	6695014	+
1	7092541	38.246063	Bin50	1	chr01|13101	7091541	NC_029256.1	7092540	7092541	+
1	7887440	49.836144	Bin51	1	chr01|13101	7886440	NC_029256.1	7887439	7887440	+
1	8535983	52.962162	Bin52	1	chr01|13101	8534983	NC_029256.1	8535982	8535983	+
1	8744130	53.692102	Bin53	1	chr01|13101	8743130	NC_029256.1	8744129	8744130	+
1	8992355	53.931910	Bin54	1	chr01|13101	8991355	NC_029256.1	8992354	8992355	+
1	9204455	54.415006	Bin55	1	chr01|13101	9203455	NC_029256.1	9204454	9204455	+
1	9305067	54.654814	Bin56	1	chr01|13101	9304043	NC_029256.1	9305066	9305067	+
1	9550256	61.216924	Bin57	1	chr01|13101	9549232	NC_029256.1	9550255	9550256	+
1	9796386	61.456732	Bin58	1	chr01|13101	9795362	NC_029256.1	9796385	9796386	+
1	10180784	62.949381	Bin59	1	chr01|13101	10179760	NC_029256.1	10180783	10180784	+
1	10535418	63.929804	Bin60	1	chr01|13101	10534394	NC_029256.1	10535417	10535418	+
1	10603414	64.412900	Bin61	1	chr01|13101	10602390	NC_029256.1	10603413	10603414	+
1	10669809	64.652708	Bin62	1	chr01|13101	10668785	NC_029256.1	10669808	10669809	+
1	10823458	65.135804	Bin63	1	chr01|13101	10822434	NC_029256.1	10823457	10823458	+
1	10944682	65.375612	Bin64	1	chr01|13101	10943658	NC_029256.1	10944681	10944682	+
1	11262365	66.356036	Bin65	1	chr01|13101	11261341	NC_029256.1	11262364	11262365	+
1	11824272	70.966346	Bin66	1	chr01|13101	11823246	NC_029256.1	11824271	11824272	+
1	12139142	71.946769	Bin67	1	chr01|13101	12138116	NC_029256.1	12139141	12139142	+
1	12278494	72.186578	Bin68	1	chr01|13101	12277468	NC_029256.1	12278493	12278494	+
1	12513563	74.477055	Bin69	1	chr01|13101	12512537	NC_029256.1	12513562	12513563	+
1	12672918	74.716863	Bin70	1	chr01|13101	12671892	NC_029256.1	12672917	12672918	+
1	12729163	75.199959	Bin71	1	chr01|13101	12728137	NC_029256.1	12729162	12729163	+
1	13025860	76.180382	Bin72	1	chr01|13101	13024834	NC_029256.1	13025859	13025860	+
1	13405859	76.420191	Bin73	1	chr01|13101	13404833	NC_029256.1	13405858	13405859	+
1	13740638	76.660000	Bin74	1	chr01|13101	13739612	NC_029256.1	13740637	13740638	+
1	13994958	76.899808	Bin75	1	chr01|13101	13993932	NC_029256.1	13994957	13994958	+
1	14079702	77.139617	Bin76	1	chr01|13101	14078676	NC_029256.1	14079701	14079702	+
1	14185807	77.379425	Bin77	1	chr01|13101	14184781	NC_029256.1	14185806	14185807	+
1	14308376	77.619234	Bin78	1	chr01|13101	14307350	NC_029256.1	14308375	14308376	+
1	14424651	78.349174	Bin79	1	chr01|13101	14423625	NC_029256.1	14424650	14424651	+
1	14507924	78.588983	Bin80	1	chr01|13101	14506898	NC_029256.1	14507923	14507924	+
1	14577233	79.569406	Bin81	1	chr01|13101	14576207	NC_029256.1	14577232	14577233	+
1	14960058	79.809215	Bin82	1	chr01|13101	14959032	NC_029256.1	14960057	14960058	+
1	15394098	80.539155	Bin83	1	chr01|13101	15393072	NC_029256.1	15394097	15394098	+
1	16550835	80.778963	Bin84	1	chr01|13101	16549809	NC_029256.1	16550834	16550835	+
1	17970577	81.018772	Bin85	1	chr01|13101	17969531	NC_029256.1	17970576	17970577	+
1	18356134	81.748712	Bin86	1	chr01|13101	18355088	NC_029256.1	18356133	18356134	+
1	18394725	81.988521	Bin87	1	chr01|13101	18393679	NC_029256.1	18394724	18394725	+
1	18469492	82.228329	Bin88	1	chr01|13101	18468446	NC_029256.1	18469491	18469492	+
1	18654206	82.711425	Bin89	1	chr01|13101	18653160	NC_029256.1	18654205	18654206	+
1	18989471	83.691848	Bin90	1	chr01|13101	18988426	NC_029256.1	18989470	18989471	+
1	19250574	83.931657	Bin91	1	chr01|13101	19249529	NC_029256.1	19250573	19250574	+
1	19408924	84.414753	Bin92	1	chr01|13101	19407879	NC_029256.1	19408923	19408924	+
1	19534093	84.654561	Bin93	1	chr01|13101	19533048	NC_029256.1	19534092	19534093	+
1	19761233	84.894370	Bin94	1	chr01|13101	19760188	NC_029256.1	19761232	19761233	+
1	20157913	85.134178	Bin95	1	chr01|13101	20156868	NC_029256.1	20157912	20157913	+
1	20390449	85.373987	Bin96	1	chr01|13101	20389404	NC_029256.1	20390448	20390449	+
1	20450207	85.857083	Bin97	1	chr01|13101	20449162	NC_029256.1	20450206	20450207	+
1	20471863	86.340178	Bin98	1	chr01|13101	20470818	NC_029256.1	20471862	20471863	+
1	20518570	87.070118	Bin99	1	chr01|13101	20517525	NC_029256.1	20518569	20518570	+
1	20740638	87.800058	Bin100	1	chr01|13101	20739593	NC_029256.1	20740637	20740638	+
1	20932985	88.283154	Bin101	1	chr01|13101	20931940	NC_029256.1	20932984	20932985	+
1	21064357	88.522962	Bin102	1	chr01|13101	21063312	NC_029256.1	21064356	21064357	+
1	21604965	90.277528	Bin103	1	chr01|13101	21603920	NC_029256.1	21604964	21604965	+
1	22280134	98.630232	Bin104	1	chr01|13101	22279089	NC_029256.1	22280133	22280134	+
1	22556980	98.870041	Bin105	1	chr01|13101	22555935	NC_029256.1	22556979	22556980	+
1	22614591	99.109850	Bin106	1	chr01|13101	22613546	NC_029256.1	22614590	22614591	+
1	22687807	99.349658	Bin107	1	chr01|13101	22686762	NC_029256.1	22687806	22687807	+
1	22752027	99.832754	Bin108	1	chr01|13101	22750983	NC_029256.1	22752026	22752027	+
1	22808830	100.072562	Bin109	1	chr01|13101	22807786	NC_029256.1	22808829	22808830	+
1	22864730	100.555658	Bin110	1	chr01|13101	22863686	NC_029256.1	22864729	22864730	+
1	22940565	100.795467	Bin111	1	chr01|13101	22939521	NC_029256.1	22940564	22940565	+
1	23035620	101.278562	Bin112	1	chr01|13101	23034576	NC_029256.1	23035619	23035620	+
1	23157352	102.008502	Bin113	1	chr01|13101	23156308	NC_029256.1	23157351	23157352	+
1	23236644	102.491598	Bin114	1	chr01|13101	23235600	NC_029256.1	23236643	23236644	+
1	23348340	102.731406	Bin115	1	chr01|13101	23347296	NC_029256.1	23348339	23348340	+
1	23540203	103.461346	Bin116	1	chr01|13101	23539159	NC_029256.1	23540202	23540203	+
1	23651098	103.701155	Bin117	1	chr01|13101	23650054	NC_029256.1	23651097	23651098	+
1	23799501	104.184250	Bin118	1	chr01|13101	23798457	NC_029256.1	23799500	23799501	+
1	23947565	105.676899	Bin119	1	chr01|13101	23946521	NC_029256.1	23947564	23947565	+
1	24024416	106.657322	Bin120	1	chr01|13101	24023372	NC_029256.1	24024415	24024416	+
1	24130331	106.897131	Bin121	1	chr01|13101	24129287	NC_029256.1	24130330	24130331	+
1	24295054	107.136939	Bin122	1	chr01|13101	24294010	NC_029256.1	24295053	24295054	+
1	24483686	113.026091	Bin123	1	chr01|13101	24482642	NC_029256.1	24483685	24483686	+
1	24665655	113.265900	Bin124	1	chr01|13101	24664611	NC_029256.1	24665654	24665655	+
1	24795288	113.995840	Bin125	1	chr01|13101	24794244	NC_029256.1	24795287	24795288	+
1	24845128	114.235648	Bin126	1	chr01|13101	24844084	NC_029256.1	24845127	24845128	+
1	24996516	114.475457	Bin127	1	chr01|13101	24995472	NC_029256.1	24996515	24996516	+
1	25288492	115.205397	Bin128	1	chr01|13101	25287448	NC_029256.1	25288491	25288492	+
1	25847848	115.445205	Bin129	1	chr01|13101	25846804	NC_029256.1	25847847	25847848	+
1	26538164	118.571223	Bin130	1	chr01|13101	26537120	NC_029256.1	26538163	26538164	+
1	27078947	118.811032	Bin131	1	chr01|13101	27077903	NC_029256.1	27078946	27078947	+
1	27661462	126.792539	Bin132	1	chr01|13101	27660418	NC_029256.1	27661461	27661462	+
1	28054566	128.027170	Bin133	1	chr01|13101	28053522	NC_029256.1	28054565	28054566	+
1	28254708	128.266978	Bin134	1	chr01|13101	28253664	NC_029256.1	28254707	28254708	+
1	28420727	128.750074	Bin135	1	chr01|13101	28419682	NC_029256.1	28420726	28420727	+
1	28529505	129.480014	Bin136	1	chr01|13101	28528460	NC_029256.1	28529504	28529505	+
1	28641389	129.719823	Bin137	1	chr01|13101	28640344	NC_029256.1	28641388	28641389	+
1	28746949	129.959631	Bin138	1	chr01|13101	28745904	NC_029256.1	28746948	28746949	+
1	28891948	130.199440	Bin139	1	chr01|13101	28890903	NC_029256.1	28891947	28891948	+
1	29471398	130.929380	Bin140	1	chr01|13101	29470353	NC_029256.1	29471397	29471398	+
1	30031789	134.634778	Bin141	1	chr01|13101	30030744	NC_029256.1	30031788	30031789	+
1	30116645	135.117874	Bin142	1	chr01|13101	30115600	NC_029256.1	30116644	30116645	+
1	30174469	135.357683	Bin143	1	chr01|13101	30173424	NC_029256.1	30174468	30174469	+
1	30331832	136.087623	Bin144	1	chr01|13101	30330788	NC_029256.1	30331831	30331832	+
1	30485895	136.327431	Bin145	1	chr01|13101	30484851	NC_029256.1	30485894	30485895	+
1	30524278	136.567240	Bin146	1	chr01|13101	30523234	NC_029256.1	30524277	30524278	+
1	30555102	136.807048	Bin147	1	chr01|13101	30554058	NC_029256.1	30555101	30555102	+
1	30727174	137.046857	Bin148	1	chr01|13101	30726130	NC_029256.1	30727173	30727174	+
1	30932170	137.286666	Bin149	1	chr01|13101	30931126	NC_029256.1	30932169	30932170	+
1	31004205	137.526474	Bin150	1	chr01|13101	31003161	NC_029256.1	31004204	31004205	+
1	31044074	137.766283	Bin151	1	chr01|13101	31043030	NC_029256.1	31044073	31044074	+
1	31353354	138.006091	Bin152	1	chr01|13101	31352310	NC_029256.1	31353353	31353354	+
1	31678135	138.245900	Bin153	1	chr01|13101	31677091	NC_029256.1	31678134	31678135	+
1	31727062	138.485709	Bin154	1	chr01|13101	31726018	NC_029256.1	31727061	31727062	+
1	31803030	138.725517	Bin155	1	chr01|13101	31801986	NC_029256.1	31803029	31803030	+
1	31905591	138.965326	Bin156	1	chr01|13101	31904547	NC_029256.1	31905590	31905591	+
1	32031657	139.205135	Bin157	1	chr01|13101	32030613	NC_029256.1	32031656	32031657	+
1	32142386	139.688230	Bin158	1	chr01|13101	32141342	NC_029256.1	32142385	32142386	+
1	32210878	140.171326	Bin159	1	chr01|13101	32209834	NC_029256.1	32210877	32210878	+
1	32284347	140.654421	Bin160	1	chr01|13101	32283303	NC_029256.1	32284346	32284347	+
1	32522151	140.894230	Bin161	1	chr01|13101	32521107	NC_029256.1	32522150	32522151	+
1	32808352	144.020248	Bin162	1	chr01|13101	32807308	NC_029256.1	32808351	32808352	+
1	33091623	145.254878	Bin163	1	chr01|13101	33090579	NC_029256.1	33091622	33091623	+
1	33451896	145.494687	Bin164	1	chr01|13101	33450852	NC_029256.1	33451895	33451896	+
1	33730458	145.734495	Bin165	1	chr01|13101	33729414	NC_029256.1	33730457	33730458	+
1	34263191	145.974304	Bin166	1	chr01|13101	34262148	NC_029256.1	34263190	34263191	+
1	34714263	146.214113	Bin167	1	chr01|13101	34713220	NC_029256.1	34714262	34714263	+
1	34802955	146.453921	Bin168	1	chr01|13101	34801912	NC_029256.1	34802954	34802955	+
1	34968277	146.937017	Bin169	1	chr01|13101	34967234	NC_029256.1	34968276	34968277	+
1	35105221	147.176825	Bin170	1	chr01|13101	35104178	NC_029256.1	35105220	35105221	+
1	35338652	147.659921	Bin171	1	chr01|13101	35337609	NC_029256.1	35338651	35338652	+
1	35594347	148.143017	Bin172	1	chr01|13101	35593304	NC_029256.1	35594346	35594347	+
1	35710326	148.382825	Bin173	1	chr01|13101	35709283	NC_029256.1	35710325	35710326	+
1	35870236	148.622634	Bin174	1	chr01|13101	35869193	NC_029256.1	35870235	35870236	+
1	36118599	149.857264	Bin175	1	chr01|13101	36117556	NC_029256.1	36118598	36118599	+
1	36405309	150.097073	Bin176	1	chr01|13101	36404266	NC_029256.1	36405308	36405309	+
1	36935951	150.336882	Bin177	1	chr01|13101	36934908	NC_029256.1	36935950	36935951	+
1	37478326	152.357359	Bin178	1	chr01|13101	37477283	NC_029256.1	37478325	37478326	+
1	37730225	152.597167	Bin179	1	chr01|13101	37729182	NC_029256.1	37730224	37730225	+
1	37848597	152.836976	Bin180	1	chr01|13101	37847554	NC_029256.1	37848596	37848597	+
1	37910911	153.076784	Bin181	1	chr01|13101	37909868	NC_029256.1	37910910	37910911	+
1	38018774	153.806724	Bin182	1	chr01|13101	38017731	NC_029256.1	38018773	38018774	+
1	38139101	154.046533	Bin183	1	chr01|13101	38138058	NC_029256.1	38139100	38139101	+
1	38272928	154.776473	Bin184	1	chr01|13101	38271885	NC_029256.1	38272927	38272928	+
1	38356060	155.016282	Bin185	1	chr01|13101	38355017	NC_029256.1	38356059	38356060	+
1	38393341	155.256090	Bin186	1	chr01|13101	38392298	NC_029256.1	38393340	38393341	+
1	38525505	157.010656	Bin187	1	chr01|13101	38524462	NC_029256.1	38525504	38525505	+
1	38827393	158.245287	Bin188	1	chr01|13101	38826350	NC_029256.1	38827392	38827393	+
1	39066096	160.535764	Bin189	1	chr01|13101	39065053	NC_029256.1	39066095	39066096	+
1	39230649	161.018859	Bin190	1	chr01|13101	39229606	NC_029256.1	39230648	39230649	+
1	39567223	161.501955	Bin191	1	chr01|13101	39566180	NC_029256.1	39567222	39567223	+
1	39801839	163.522432	Bin192	1	chr01|13101	39800796	NC_029256.1	39801838	39801839	+
1	39970253	163.762240	Bin193	1	chr01|13101	39969210	NC_029256.1	39970252	39970253	+
1	40295232	174.495087	Bin194	1	chr01|13101	40294189	NC_029256.1	40295231	40295232	+
1	40555815	178.200486	Bin195	1	chr01|13101	40554772	NC_029256.1	40555814	40555815	+
1	40767815	178.440294	Bin196	1	chr01|13101	40766772	NC_029256.1	40767814	40767815	+
1	40928585	182.744025	Bin197	1	chr01|13101	40927542	NC_029256.1	40928584	40928585	+
1	41026177	183.227120	Bin198	1	chr01|13101	41025134	NC_029256.1	41026176	41026177	+
1	41392836	188.149124	Bin199	1	chr01|13101	41391793	NC_029256.1	41392835	41392836	+
1	41730153	188.632219	Bin200	1	chr01|13101	41729110	NC_029256.1	41730152	41730153	+
1	41793139	189.362159	Bin201	1	chr01|13101	41792096	NC_029256.1	41793138	41793139	+
1	41896473	190.342583	Bin202	1	chr01|13101	41895430	NC_029256.1	41896472	41896473	+
1	42011646	190.825679	Bin203	1	chr01|13101	42010603	NC_029256.1	42011645	42011646	+
1	42061179	191.555619	Bin204	1	chr01|13101	42060136	NC_029256.1	42061178	42061179	+
1	42080122	192.038714	Bin205	1	chr01|13101	42079079	NC_029256.1	42080121	42080122	+
1	42136159	192.278523	Bin206	1	chr01|13101	42135116	NC_029256.1	42136158	42136159	+
1	42197884	192.761618	Bin207	1	chr01|13101	42196840	NC_029256.1	42197883	42197884	+
1	42231737	193.742042	Bin208	1	chr01|13101	42230693	NC_029256.1	42231736	42231737	+
1	42283013	194.225137	Bin209	1	chr01|13101	42281969	NC_029256.1	42283012	42283013	+
1	42345341	194.955077	Bin210	1	chr01|13101	42344297	NC_029256.1	42345340	42345341	+
1	42399128	195.438173	Bin211	1	chr01|13101	42398084	NC_029256.1	42399127	42399128	+
1	42603129	196.168113	Bin212	1	chr01|13101	42602085	NC_029256.1	42603128	42603129	+
1	42833191	197.660761	Bin213	1	chr01|13101	42832147	NC_029256.1	42833190	42833191	+
1	42906590	198.143857	Bin214	1	chr01|13101	42905546	NC_029256.1	42906589	42906590	+
1	42943862	199.636505	Bin215	1	chr01|13101	42942818	NC_029256.1	42943861	42943862	+
1	43012000	199.876313	Bin216	1	chr01|13101	43010956	NC_029256.1	43011999	43012000	+
1	43167899	200.606253	Bin217	1	chr01|13101	43166855	NC_029256.1	43167898	43167899	+
2	52754	0.000000	Bin218	2	chr02|13102	52754	NC_029257.1	52753	52754	+
2	159160	0.239809	Bin219	2	chr02|13102	159160	NC_029257.1	159159	159160	+
2	333654	3.945207	Bin220	2	chr02|13102	333654	NC_029257.1	333653	333654	+
2	474644	4.675147	Bin221	2	chr02|13102	474644	NC_029257.1	474643	474644	+
2	531576	5.158243	Bin222	2	chr02|13102	531576	NC_029257.1	531575	531576	+
2	635938	5.398051	Bin223	2	chr02|13102	635938	NC_029257.1	635937	635938	+
2	737394	5.881147	Bin224	2	chr02|13102	737394	NC_029257.1	737393	737394	+
2	801232	6.364242	Bin225	2	chr02|13102	801232	NC_029257.1	801231	801232	+
2	836328	6.604051	Bin226	2	chr02|13102	836328	NC_029257.1	836327	836328	+
2	911411	7.584475	Bin227	2	chr02|13102	911411	NC_029257.1	911410	911411	+
2	1064168	8.564898	Bin228	2	chr02|13102	1064168	NC_029257.1	1064167	1064168	+
2	1172232	8.804707	Bin229	2	chr02|13102	1172232	NC_029257.1	1172231	1172232	+
2	1216636	9.044515	Bin230	2	chr02|13102	1216636	NC_029257.1	1216635	1216636	+
2	1273457	9.284324	Bin231	2	chr02|13102	1273457	NC_029257.1	1273456	1273457	+
2	1399091	10.014264	Bin232	2	chr02|13102	1399091	NC_029257.1	1399090	1399091	+
2	1566659	10.744204	Bin233	2	chr02|13102	1566659	NC_029257.1	1566658	1566659	+
2	1747231	13.870222	Bin234	2	chr02|13102	1747231	NC_029257.1	1747230	1747231	+
2	1971397	14.353317	Bin235	2	chr02|13102	1971397	NC_029257.1	1971396	1971397	+
2	2099700	14.593126	Bin236	2	chr02|13102	2099700	NC_029257.1	2099699	2099700	+
2	2338034	15.323066	Bin237	2	chr02|13102	2338032	NC_029257.1	2338033	2338034	+
2	2609187	15.562875	Bin238	2	chr02|13102	2609185	NC_029257.1	2609186	2609187	+
2	2717898	16.045970	Bin239	2	chr02|13102	2717896	NC_029257.1	2717897	2717898	+
2	2808160	17.026394	Bin240	2	chr02|13102	2808158	NC_029257.1	2808159	2808160	+
2	2989003	17.509489	Bin241	2	chr02|13102	2989001	NC_029257.1	2989002	2989003	+
2	3188674	17.749298	Bin242	2	chr02|13102	3188672	NC_029257.1	3188673	3188674	+
2	3359948	17.989106	Bin243	2	chr02|13102	3359946	NC_029257.1	3359947	3359948	+
2	3757004	32.373210	Bin244	2	chr02|13102	3757001	NC_029257.1	3757003	3757004	+
2	4100592	33.353634	Bin245	2	chr02|13102	4100589	NC_029257.1	4100591	4100592	+
2	4221685	33.593442	Bin246	2	chr02|13102	4221682	NC_029257.1	4221684	4221685	+
2	4315205	33.833251	Bin247	2	chr02|13102	4315202	NC_029257.1	4315204	4315205	+
2	4485769	34.813674	Bin248	2	chr02|13102	4485766	NC_029257.1	4485768	4485769	+
2	4676619	36.306323	Bin249	2	chr02|13102	4676616	NC_029257.1	4676618	4676619	+
2	4814574	36.546131	Bin250	2	chr02|13102	4814571	NC_029257.1	4814573	4814574	+
2	4936536	38.566608	Bin251	2	chr02|13102	4936533	NC_029257.1	4936535	4936536	+
2	5029007	38.806417	Bin252	2	chr02|13102	5029004	NC_029257.1	5029006	5029007	+
2	5231939	39.536357	Bin253	2	chr02|13102	5231936	NC_029257.1	5231938	5231939	+
2	5647744	47.153393	Bin254	2	chr02|13102	5647744	NC_029257.1	5647743	5647744	+
2	5991758	48.646041	Bin255	2	chr02|13102	5991758	NC_029257.1	5991757	5991758	+
2	6161152	48.885850	Bin256	2	chr02|13102	6161152	NC_029257.1	6161151	6161152	+
2	6311514	49.125658	Bin257	2	chr02|13102	6311514	NC_029257.1	6311513	6311514	+
2	6605221	50.106082	Bin258	2	chr02|13102	6605221	NC_029257.1	6605220	6605221	+
2	6926176	54.108217	Bin259	2	chr02|13102	6926176	NC_029257.1	6926175	6926176	+
2	7048434	54.838157	Bin260	2	chr02|13102	7048434	NC_029257.1	7048433	7048434	+
2	7167164	55.077966	Bin261	2	chr02|13102	7167164	NC_029257.1	7167163	7167164	+
2	7315134	55.807906	Bin262	2	chr02|13102	7315134	NC_029257.1	7315133	7315134	+
2	7476820	61.046853	Bin263	2	chr02|13102	7476820	NC_029257.1	7476819	7476820	+
2	7714093	61.529949	Bin264	2	chr02|13102	7714092	NC_029257.1	7714092	7714093	+
2	7926545	61.769758	Bin265	2	chr02|13102	7926544	NC_029257.1	7926544	7926545	+
2	8367595	62.009566	Bin266	2	chr02|13102	8367594	NC_029257.1	8367594	8367595	+
2	8765069	62.492662	Bin267	2	chr02|13102	8765068	NC_029257.1	8765068	8765069	+
2	8853618	62.732470	Bin268	2	chr02|13102	8853616	NC_029257.1	8853617	8853618	+
2	8948095	63.462410	Bin269	2	chr02|13102	8948093	NC_029257.1	8948094	8948095	+
2	9069776	63.702219	Bin270	2	chr02|13102	9069774	NC_029257.1	9069775	9069776	+
2	9298934	64.185314	Bin271	2	chr02|13102	9298932	NC_029257.1	9298933	9298934	+
2	9527602	64.668410	Bin272	2	chr02|13102	9527600	NC_029257.1	9527601	9527602	+
2	9760950	64.908219	Bin273	2	chr02|13102	9760948	NC_029257.1	9760949	9760950	+
2	10056708	65.148027	Bin274	2	chr02|13102	10056706	NC_029257.1	10056707	10056708	+
2	10468520	66.128451	Bin275	2	chr02|13102	10468518	NC_029257.1	10468519	10468520	+
2	10921780	67.621099	Bin276	2	chr02|13102	10921777	NC_029257.1	10921779	10921780	+
2	11565916	67.860908	Bin277	2	chr02|13102	11565912	NC_029257.1	11565915	11565916	+
2	12068184	68.100716	Bin278	2	chr02|13102	12068180	NC_029257.1	12068183	12068184	+
2	13985146	70.665381	Bin279	2	chr02|13102	13979276	NC_029257.1	13985145	13985146	+
2	15874882	71.148476	Bin280	2	chr02|13102	15869012	NC_029257.1	15874881	15874882	+
2	15989398	71.388285	Bin281	2	chr02|13102	15983528	NC_029257.1	15989397	15989398	+
2	16122778	71.628094	Bin282	2	chr02|13102	16116908	NC_029257.1	16122777	16122778	+
2	16180155	71.867902	Bin283	2	chr02|13102	16174285	NC_029257.1	16180154	16180155	+
2	16333643	72.107711	Bin284	2	chr02|13102	16327773	NC_029257.1	16333642	16333643	+
2	16507469	72.347520	Bin285	2	chr02|13102	16501599	NC_029257.1	16507468	16507469	+
2	17312886	72.587328	Bin286	2	chr02|13102	17307016	NC_029257.1	17312885	17312886	+
2	18101338	73.070424	Bin287	2	chr02|13102	18095469	NC_029257.1	18101337	18101338	+
2	18299791	73.310232	Bin288	2	chr02|13102	18293922	NC_029257.1	18299790	18299791	+
2	18499027	73.550041	Bin289	2	chr02|13102	18493158	NC_029257.1	18499026	18499027	+
2	18587219	73.789850	Bin290	2	chr02|13102	18581350	NC_029257.1	18587218	18587219	+
2	18670156	74.029658	Bin291	2	chr02|13102	18664287	NC_029257.1	18670155	18670156	+
2	18723152	74.759598	Bin292	2	chr02|13102	18717283	NC_029257.1	18723151	18723152	+
2	18779295	74.999407	Bin293	2	chr02|13102	18773426	NC_029257.1	18779294	18779295	+
2	18941289	75.729347	Bin294	2	chr02|13102	18935420	NC_029257.1	18941288	18941289	+
2	19135792	77.221995	Bin295	2	chr02|13102	19129924	NC_029257.1	19135791	19135792	+
2	19218184	77.461803	Bin296	2	chr02|13102	19212316	NC_029257.1	19218183	19218184	+
2	19271894	77.701612	Bin297	2	chr02|13102	19266026	NC_029257.1	19271893	19271894	+
2	19404018	77.941421	Bin298	2	chr02|13102	19398150	NC_029257.1	19404017	19404018	+
2	19538441	78.181229	Bin299	2	chr02|13102	19532573	NC_029257.1	19538440	19538441	+
2	19612318	78.911169	Bin300	2	chr02|13102	19606450	NC_029257.1	19612317	19612318	+
2	19663643	79.150978	Bin301	2	chr02|13102	19657775	NC_029257.1	19663642	19663643	+
2	19715936	79.634073	Bin302	2	chr02|13102	19710068	NC_029257.1	19715935	19715936	+
2	19808960	79.873882	Bin303	2	chr02|13102	19803092	NC_029257.1	19808959	19808960	+
2	19920057	80.356978	Bin304	2	chr02|13102	19914189	NC_029257.1	19920056	19920057	+
2	19995653	81.086918	Bin305	2	chr02|13102	19989785	NC_029257.1	19995652	19995653	+
2	20038452	81.570013	Bin306	2	chr02|13102	20032584	NC_029257.1	20038451	20038452	+
2	20085522	81.809822	Bin307	2	chr02|13102	20079654	NC_029257.1	20085521	20085522	+
2	20196148	82.292917	Bin308	2	chr02|13102	20190280	NC_029257.1	20196147	20196148	+
2	20405023	82.776013	Bin309	2	chr02|13102	20399155	NC_029257.1	20405022	20405023	+
2	20600310	83.015821	Bin310	2	chr02|13102	20594442	NC_029257.1	20600309	20600310	+
2	24648261	136.015694	Bin311	2	chr02|13102	24642392	NC_029257.1	24648260	24648261	+
2	28676492	136.745634	Bin312	2	chr02|13102	28670623	NC_029257.1	28676491	28676492	+
2	28962981	137.228730	Bin313	2	chr02|13102	28957112	NC_029257.1	28962980	28962981	+
2	29298800	138.721378	Bin314	2	chr02|13102	29292931	NC_029257.1	29298799	29298800	+
2	29425771	138.961186	Bin315	2	chr02|13102	29419902	NC_029257.1	29425770	29425771	+
2	29520998	139.444282	Bin316	2	chr02|13102	29515129	NC_029257.1	29520997	29520998	+
2	29799022	139.684090	Bin317	2	chr02|13102	29793153	NC_029257.1	29799021	29799022	+
2	30287946	140.664514	Bin318	2	chr02|13102	30282077	NC_029257.1	30287945	30287946	+
2	30595506	140.904323	Bin319	2	chr02|13102	30589637	NC_029257.1	30595505	30595506	+
2	30692685	141.884746	Bin320	2	chr02|13102	30686816	NC_029257.1	30692684	30692685	+
2	30778609	142.124555	Bin321	2	chr02|13102	30772740	NC_029257.1	30778608	30778609	+
2	30928545	143.617203	Bin322	2	chr02|13102	30922676	NC_029257.1	30928544	30928545	+
2	31140293	145.109851	Bin323	2	chr02|13102	31134424	NC_029257.1	31140292	31140293	+
2	31236135	145.592947	Bin324	2	chr02|13102	31230266	NC_029257.1	31236134	31236135	+
2	31326190	145.832755	Bin325	2	chr02|13102	31320321	NC_029257.1	31326189	31326190	+
2	31467280	146.315851	Bin326	2	chr02|13102	31461411	NC_029257.1	31467279	31467280	+
2	31544121	146.555659	Bin327	2	chr02|13102	31538252	NC_029257.1	31544120	31544121	+
2	31575394	146.795468	Bin328	2	chr02|13102	31569525	NC_029257.1	31575393	31575394	+
2	31626883	147.525408	Bin329	2	chr02|13102	31621014	NC_029257.1	31626882	31626883	+
2	31820866	147.765217	Bin330	2	chr02|13102	31814997	NC_029257.1	31820865	31820866	+
2	32129177	148.005025	Bin331	2	chr02|13102	32123308	NC_029257.1	32129176	32129177	+
2	32860429	149.239656	Bin332	2	chr02|13102	32854560	NC_029257.1	32860428	32860429	+
2	33601726	156.147173	Bin333	2	chr02|13102	33595857	NC_029257.1	33601725	33601726	+
2	33757697	156.386981	Bin334	2	chr02|13102	33751828	NC_029257.1	33757696	33757697	+
2	33880676	157.879630	Bin335	2	chr02|13102	33874807	NC_029257.1	33880675	33880676	+
2	34084929	161.005647	Bin336	2	chr02|13102	34079060	NC_029257.1	34084928	34084929	+
2	34235693	161.986071	Bin337	2	chr02|13102	34229824	NC_029257.1	34235692	34235693	+
2	34322493	162.469167	Bin338	2	chr02|13102	34316624	NC_029257.1	34322492	34322493	+
2	34369365	162.708975	Bin339	2	chr02|13102	34363496	NC_029257.1	34369364	34369365	+
2	34434939	163.192071	Bin340	2	chr02|13102	34429070	NC_029257.1	34434938	34434939	+
2	34493232	163.675166	Bin341	2	chr02|13102	34487363	NC_029257.1	34493231	34493232	+
2	34550159	163.914975	Bin342	2	chr02|13102	34544290	NC_029257.1	34550158	34550159	+
2	34667480	164.154784	Bin343	2	chr02|13102	34661611	NC_029257.1	34667479	34667480	+
2	34806031	166.445260	Bin344	2	chr02|13102	34800162	NC_029257.1	34806030	34806031	+
2	34923813	166.685069	Bin345	2	chr02|13102	34917944	NC_029257.1	34923812	34923813	+
2	35044169	167.168164	Bin346	2	chr02|13102	35038300	NC_029257.1	35044168	35044169	+
2	35122111	167.651260	Bin347	2	chr02|13102	35116242	NC_029257.1	35122110	35122111	+
2	35147750	169.671737	Bin348	2	chr02|13102	35141881	NC_029257.1	35147749	35147750	+
2	35187809	169.911546	Bin349	2	chr02|13102	35181940	NC_029257.1	35187808	35187809	+
2	35232602	170.394641	Bin350	2	chr02|13102	35226733	NC_029257.1	35232601	35232602	+
2	35289423	171.124581	Bin351	2	chr02|13102	35283554	NC_029257.1	35289422	35289423	+
2	35356583	171.364390	Bin352	2	chr02|13102	35350714	NC_029257.1	35356582	35356583	+
2	35408353	174.207533	Bin353	2	chr02|13102	35402484	NC_029257.1	35408352	35408353	+
2	35571795	174.447341	Bin354	2	chr02|13102	35565926	NC_029257.1	35571794	35571795	+
2	35733107	174.930437	Bin355	2	chr02|13102	35727238	NC_029257.1	35733106	35733107	+
2	35845655	175.413532	Bin356	2	chr02|13102	35839786	NC_029257.1	35845654	35845655	+
3	133592	0.000000	Bin357	3	chr03|13103	132592	NC_029258.1	133591	133592	+
3	317056	0.239809	Bin358	3	chr03|13103	316054	NC_029258.1	317055	317056	+
3	449161	0.969749	Bin359	3	chr03|13103	448159	NC_029258.1	449160	449161	+
3	823444	1.950172	Bin360	3	chr03|13103	822442	NC_029258.1	823443	823444	+
3	1480038	10.680998	Bin361	3	chr03|13103	1479036	NC_029258.1	1480037	1480038	+
3	1859785	11.164093	Bin362	3	chr03|13103	1858781	NC_029258.1	1859784	1859785	+
3	1986665	11.403902	Bin363	3	chr03|13103	1985661	NC_029258.1	1986664	1986665	+
3	2128846	12.384325	Bin364	3	chr03|13103	2127842	NC_029258.1	2128845	2128846	+
3	2187064	12.867421	Bin365	3	chr03|13103	2186060	NC_029258.1	2187063	2187064	+
3	2271730	14.887898	Bin366	3	chr03|13103	2270726	NC_029258.1	2271729	2271730	+
3	2421247	15.127706	Bin367	3	chr03|13103	2420243	NC_029258.1	2421246	2421247	+
3	2576470	15.367515	Bin368	3	chr03|13103	2575466	NC_029258.1	2576469	2576470	+
3	2680441	16.347939	Bin369	3	chr03|13103	2679437	NC_029258.1	2680440	2680441	+
3	2924391	16.587747	Bin370	3	chr03|13103	2923387	NC_029258.1	2924390	2924391	+
3	3175858	17.317687	Bin371	3	chr03|13103	3174854	NC_029258.1	3175857	3175858	+
3	3250862	20.160830	Bin372	3	chr03|13103	3249858	NC_029258.1	3250861	3250862	+
3	3310759	20.400639	Bin373	3	chr03|13103	3309755	NC_029258.1	3310758	3310759	+
3	3412766	20.640448	Bin374	3	chr03|13103	3411762	NC_029258.1	3412765	3412766	+
3	3632030	22.660924	Bin375	3	chr03|13103	3631026	NC_029258.1	3632029	3632030	+
3	4184740	35.143658	Bin376	3	chr03|13103	4183742	NC_029258.1	4184739	4184740	+
3	4741043	35.383467	Bin377	3	chr03|13103	4740045	NC_029258.1	4741042	4741043	+
3	5205127	37.673944	Bin378	3	chr03|13103	5204127	NC_029258.1	5205126	5205127	+
3	5568751	39.428510	Bin379	3	chr03|13103	5567751	NC_029258.1	5568750	5568751	+
3	5745521	40.158450	Bin380	3	chr03|13103	5744521	NC_029258.1	5745520	5745521	+
3	5905857	40.641545	Bin381	3	chr03|13103	5904857	NC_029258.1	5905856	5905857	+
3	5991730	40.881354	Bin382	3	chr03|13103	5990730	NC_029258.1	5991729	5991730	+
3	6318712	41.364449	Bin383	3	chr03|13103	6317712	NC_029258.1	6318711	6318712	+
3	7237367	42.344873	Bin384	3	chr03|13103	7236365	NC_029258.1	7237366	7237367	+
3	8206490	51.075698	Bin385	3	chr03|13103	8205428	NC_029258.1	8206489	8206490	+
3	8597387	52.056122	Bin386	3	chr03|13103	8596325	NC_029258.1	8597386	8597387	+
3	8705957	52.786062	Bin387	3	chr03|13103	8704895	NC_029258.1	8705956	8705957	+
3	8768160	53.025871	Bin388	3	chr03|13103	8767098	NC_029258.1	8768159	8768160	+
3	9013976	53.265679	Bin389	3	chr03|13103	9012914	NC_029258.1	9013975	9013976	+
3	9250262	53.505488	Bin390	3	chr03|13103	9249198	NC_029258.1	9250261	9250262	+
3	9269198	53.745296	Bin391	3	chr03|13103	9268134	NC_029258.1	9269197	9269198	+
3	9309600	53.985105	Bin392	3	chr03|13103	9308536	NC_029258.1	9309599	9309600	+
3	9355653	54.224914	Bin393	3	chr03|13103	9354589	NC_029258.1	9355652	9355653	+
3	9398923	54.464722	Bin394	3	chr03|13103	9397859	NC_029258.1	9398922	9398923	+
3	9466306	54.947818	Bin395	3	chr03|13103	9465242	NC_029258.1	9466305	9466306	+
3	9518864	55.430913	Bin396	3	chr03|13103	9517800	NC_029258.1	9518863	9518864	+
3	9610225	56.160853	Bin397	3	chr03|13103	9609161	NC_029258.1	9610224	9610225	+
3	9838759	56.400662	Bin398	3	chr03|13103	9837695	NC_029258.1	9838758	9838759	+
3	10012811	58.421139	Bin399	3	chr03|13103	10011747	NC_029258.1	10012810	10012811	+
3	10063762	58.660948	Bin400	3	chr03|13103	10062698	NC_029258.1	10063761	10063762	+
3	10106284	58.900756	Bin401	3	chr03|13103	10105220	NC_029258.1	10106283	10106284	+
3	10150883	59.140565	Bin402	3	chr03|13103	10149819	NC_029258.1	10150882	10150883	+
3	10307058	59.623660	Bin403	3	chr03|13103	10305974	NC_029258.1	10307057	10307058	+
3	10607246	64.233970	Bin404	3	chr03|13103	10606162	NC_029258.1	10607245	10607246	+
3	10875794	64.717066	Bin405	3	chr03|13103	10874512	NC_029258.1	10875793	10875794	+
3	11075214	64.956874	Bin406	3	chr03|13103	11073932	NC_029258.1	11075213	11075214	+
3	11247257	65.196683	Bin407	3	chr03|13103	11245975	NC_029258.1	11247256	11247257	+
3	11716474	69.500413	Bin408	3	chr03|13103	11715192	NC_029258.1	11716473	11716474	+
3	12339930	70.480837	Bin409	3	chr03|13103	12338648	NC_029258.1	12339929	12339930	+
3	12618000	71.715467	Bin410	3	chr03|13103	12616718	NC_029258.1	12617999	12618000	+
3	12777194	72.198563	Bin411	3	chr03|13103	12775912	NC_029258.1	12777193	12777194	+
3	12938525	72.681659	Bin412	3	chr03|13103	12937243	NC_029258.1	12938524	12938525	+
3	13035590	73.164754	Bin413	3	chr03|13103	13034308	NC_029258.1	13035589	13035590	+
3	13366363	77.166889	Bin414	3	chr03|13103	13365081	NC_029258.1	13366362	13366363	+
3	13712312	77.649985	Bin415	3	chr03|13103	13711029	NC_029258.1	13712311	13712312	+
3	13835073	78.133081	Bin416	3	chr03|13103	13833790	NC_029258.1	13835072	13835073	+
3	13988735	79.367711	Bin417	3	chr03|13103	13987452	NC_029258.1	13988734	13988735	+
3	14140118	82.210854	Bin418	3	chr03|13103	14138807	NC_029258.1	14140117	14140118	+
3	14276647	82.450663	Bin419	3	chr03|13103	14275336	NC_029258.1	14276646	14276647	+
3	14435948	83.943311	Bin420	3	chr03|13103	14434636	NC_029258.1	14435947	14435948	+
3	14562367	84.183120	Bin421	3	chr03|13103	14561054	NC_029258.1	14562366	14562367	+
3	14661937	84.422928	Bin422	3	chr03|13103	14660624	NC_029258.1	14661936	14661937	+
3	14792903	84.662737	Bin423	3	chr03|13103	14791590	NC_029258.1	14792902	14792903	+
3	14871262	85.145832	Bin424	3	chr03|13103	14869909	NC_029258.1	14871261	14871262	+
3	14950072	86.900398	Bin425	3	chr03|13103	14948719	NC_029258.1	14950071	14950072	+
3	15062301	87.630338	Bin426	3	chr03|13103	15060948	NC_029258.1	15062300	15062301	+
3	15128837	87.870147	Bin427	3	chr03|13103	15127484	NC_029258.1	15128836	15128837	+
3	15244689	88.109956	Bin428	3	chr03|13103	15243336	NC_029258.1	15244688	15244689	+
3	15357287	88.349764	Bin429	3	chr03|13103	15355934	NC_029258.1	15357286	15357287	+
3	15429223	89.079704	Bin430	3	chr03|13103	15427870	NC_029258.1	15429222	15429223	+
3	15532022	89.562800	Bin431	3	chr03|13103	15530669	NC_029258.1	15532021	15532022	+
3	15591787	89.802608	Bin432	3	chr03|13103	15590434	NC_029258.1	15591786	15591787	+
3	15700210	91.823085	Bin433	3	chr03|13103	15698857	NC_029258.1	15700209	15700210	+
3	15852733	92.062894	Bin434	3	chr03|13103	15851380	NC_029258.1	15852732	15852733	+
3	16044374	92.302702	Bin435	3	chr03|13103	16043021	NC_029258.1	16044373	16044374	+
3	16205609	93.032642	Bin436	3	chr03|13103	16204257	NC_029258.1	16205608	16205609	+
3	16321738	93.272451	Bin437	3	chr03|13103	16320385	NC_029258.1	16321737	16321738	+
3	16568139	93.512260	Bin438	3	chr03|13103	16566784	NC_029258.1	16568138	16568139	+
3	16816582	93.752068	Bin439	3	chr03|13103	16815456	NC_029258.1	16816581	16816582	+
3	16978531	93.991877	Bin440	3	chr03|13103	16977405	NC_029258.1	16978530	16978531	+
3	17115759	94.231686	Bin441	3	chr03|13103	17114573	NC_029258.1	17115758	17115759	+
3	17282874	94.714781	Bin442	3	chr03|13103	17281684	NC_029258.1	17282873	17282874	+
3	17398144	94.954590	Bin443	3	chr03|13103	17396954	NC_029258.1	17398143	17398144	+
3	17627939	95.684530	Bin444	3	chr03|13103	17626721	NC_029258.1	17627938	17627939	+
3	17956096	95.924338	Bin445	3	chr03|13103	17954878	NC_029258.1	17956095	17956096	+
3	18079323	96.164147	Bin446	3	chr03|13103	18078105	NC_029258.1	18079322	18079323	+
3	19660869	96.403955	Bin447	3	chr03|13103	19659380	NC_029258.1	19660868	19660869	+
3	21865982	96.643764	Bin448	3	chr03|13103	21864492	NC_029258.1	21865981	21865982	+
3	22557119	96.883573	Bin449	3	chr03|13103	22555608	NC_029258.1	22557118	22557119	+
3	22688333	97.123381	Bin450	3	chr03|13103	22686822	NC_029258.1	22688332	22688333	+
3	22820485	97.363190	Bin451	3	chr03|13103	22818974	NC_029258.1	22820484	22820485	+
3	23184763	98.093130	Bin452	3	chr03|13103	23183251	NC_029258.1	23184762	23184763	+
3	23527614	98.576225	Bin453	3	chr03|13103	23525788	NC_029258.1	23527613	23527614	+
3	23618640	99.059321	Bin454	3	chr03|13103	23616814	NC_029258.1	23618639	23618640	+
3	23735798	99.299130	Bin455	3	chr03|13103	23733972	NC_029258.1	23735797	23735798	+
3	23839678	99.538938	Bin456	3	chr03|13103	23837852	NC_029258.1	23839677	23839678	+
3	23922278	99.778747	Bin457	3	chr03|13103	23920452	NC_029258.1	23922277	23922278	+
3	24019440	100.261842	Bin458	3	chr03|13103	24017613	NC_029258.1	24019439	24019440	+
3	24245815	100.991782	Bin459	3	chr03|13103	24243894	NC_029258.1	24245814	24245815	+
3	24448083	107.553892	Bin460	3	chr03|13103	24446162	NC_029258.1	24448082	24448083	+
3	24570667	107.793700	Bin461	3	chr03|13103	24568746	NC_029258.1	24570666	24570667	+
3	24674769	108.033509	Bin462	3	chr03|13103	24672848	NC_029258.1	24674768	24674769	+
3	24923330	109.013933	Bin463	3	chr03|13103	24921410	NC_029258.1	24923329	24923330	+
3	25279703	112.719331	Bin464	3	chr03|13103	25277784	NC_029258.1	25279702	25279703	+
3	25447000	112.959140	Bin465	3	chr03|13103	25445081	NC_029258.1	25446999	25447000	+
3	25560613	113.198948	Bin466	3	chr03|13103	25558631	NC_029258.1	25560612	25560613	+
3	25751328	114.953514	Bin467	3	chr03|13103	25749346	NC_029258.1	25751327	25751328	+
3	25927844	115.933938	Bin468	3	chr03|13103	25925862	NC_029258.1	25927843	25927844	+
3	26096243	116.173747	Bin469	3	chr03|13103	26094262	NC_029258.1	26096242	26096243	+
3	26276257	116.413555	Bin470	3	chr03|13103	26274276	NC_029258.1	26276256	26276257	+
3	26394338	118.704032	Bin471	3	chr03|13103	26387432	NC_029258.1	26394337	26394338	+
3	26517051	118.943841	Bin472	3	chr03|13103	26510145	NC_029258.1	26517050	26517051	+
3	26637702	120.178471	Bin473	3	chr03|13103	26630756	NC_029258.1	26637701	26637702	+
3	26699846	120.418280	Bin474	3	chr03|13103	26692900	NC_029258.1	26699845	26699846	+
3	26719931	120.901375	Bin475	3	chr03|13103	26712985	NC_029258.1	26719930	26719931	+
3	26738804	121.141184	Bin476	3	chr03|13103	26731858	NC_029258.1	26738803	26738804	+
3	26857348	122.121608	Bin477	3	chr03|13103	26850401	NC_029258.1	26857347	26857348	+
3	26998008	122.361416	Bin478	3	chr03|13103	26991061	NC_029258.1	26998007	26998008	+
3	27103988	122.601225	Bin479	3	chr03|13103	27097041	NC_029258.1	27103987	27103988	+
3	27214483	123.331165	Bin480	3	chr03|13103	27207536	NC_029258.1	27214482	27214483	+
3	27342835	123.570973	Bin481	3	chr03|13103	27335888	NC_029258.1	27342834	27342835	+
3	27445655	124.551397	Bin482	3	chr03|13103	27438708	NC_029258.1	27445654	27445655	+
3	27507699	124.791206	Bin483	3	chr03|13103	27500752	NC_029258.1	27507698	27507699	+
3	27598809	126.025836	Bin484	3	chr03|13103	27591862	NC_029258.1	27598808	27598809	+
3	27657286	127.006260	Bin485	3	chr03|13103	27650339	NC_029258.1	27657285	27657286	+
3	27731371	127.246068	Bin486	3	chr03|13103	27724424	NC_029258.1	27731370	27731371	+
3	27836023	128.226492	Bin487	3	chr03|13103	27829077	NC_029258.1	27836022	27836023	+
3	27997866	128.466301	Bin488	3	chr03|13103	27990920	NC_029258.1	27997865	27997866	+
3	28153779	129.446724	Bin489	3	chr03|13103	28146833	NC_029258.1	28153778	28153779	+
3	28223881	129.686533	Bin490	3	chr03|13103	28216935	NC_029258.1	28223880	28223881	+
3	28259848	129.926341	Bin491	3	chr03|13103	28252902	NC_029258.1	28259847	28259848	+
3	28346248	130.166150	Bin492	3	chr03|13103	28339301	NC_029258.1	28346247	28346248	+
3	28455355	130.405959	Bin493	3	chr03|13103	28448408	NC_029258.1	28455354	28455355	+
3	28503479	130.645767	Bin494	3	chr03|13103	28496532	NC_029258.1	28503478	28503479	+
3	28561204	131.880398	Bin495	3	chr03|13103	28554257	NC_029258.1	28561203	28561204	+
3	28617437	132.120206	Bin496	3	chr03|13103	28610490	NC_029258.1	28617436	28617437	+
3	28650123	132.360015	Bin497	3	chr03|13103	28643176	NC_029258.1	28650122	28650123	+
3	28718094	132.599824	Bin498	3	chr03|13103	28711148	NC_029258.1	28718093	28718094	+
3	28887094	132.839632	Bin499	3	chr03|13103	28880147	NC_029258.1	28887093	28887094	+
3	29094752	133.322728	Bin500	3	chr03|13103	29087804	NC_029258.1	29094751	29094752	+
3	29204253	134.052668	Bin501	3	chr03|13103	29197305	NC_029258.1	29204252	29204253	+
3	29269148	134.292476	Bin502	3	chr03|13103	29262188	NC_029258.1	29269147	29269148	+
3	29376286	134.775572	Bin503	3	chr03|13103	29369326	NC_029258.1	29376285	29376286	+
3	29485212	135.258668	Bin504	3	chr03|13103	29478252	NC_029258.1	29485211	29485212	+
3	29561586	135.498476	Bin505	3	chr03|13103	29554626	NC_029258.1	29561585	29561586	+
3	29607323	135.738285	Bin506	3	chr03|13103	29600363	NC_029258.1	29607322	29607323	+
3	29637290	135.978093	Bin507	3	chr03|13103	29630330	NC_029258.1	29637289	29637290	+
3	29728952	136.461189	Bin508	3	chr03|13103	29721992	NC_029258.1	29728951	29728952	+
3	29832712	136.944284	Bin509	3	chr03|13103	29825751	NC_029258.1	29832711	29832712	+
3	29906994	137.427380	Bin510	3	chr03|13103	29900033	NC_029258.1	29906993	29906994	+
3	29970167	138.407804	Bin511	3	chr03|13103	29963206	NC_029258.1	29970166	29970167	+
3	30102050	138.647612	Bin512	3	chr03|13103	30095089	NC_029258.1	30102049	30102050	+
3	30248062	139.130708	Bin513	3	chr03|13103	30241101	NC_029258.1	30248061	30248062	+
3	30297121	139.370516	Bin514	3	chr03|13103	30290160	NC_029258.1	30297120	30297121	+
3	30324377	139.610325	Bin515	3	chr03|13103	30317416	NC_029258.1	30324376	30324377	+
3	30339805	141.102973	Bin516	3	chr03|13103	30332844	NC_029258.1	30339804	30339805	+
3	30378120	141.342782	Bin517	3	chr03|13103	30371009	NC_029258.1	30378119	30378120	+
3	30472405	142.072722	Bin518	3	chr03|13103	30465294	NC_029258.1	30472404	30472405	+
3	30583649	142.312530	Bin519	3	chr03|13103	30576538	NC_029258.1	30583648	30583649	+
3	30783605	142.795626	Bin520	3	chr03|13103	30776492	NC_029258.1	30783604	30783605	+
3	31215403	143.035434	Bin521	3	chr03|13103	31208288	NC_029258.1	31215402	31215403	+
3	31578096	151.766260	Bin522	3	chr03|13103	31570973	NC_029258.1	31578095	31578096	+
3	31834915	152.249356	Bin523	3	chr03|13103	31827792	NC_029258.1	31834914	31834915	+
3	32043015	152.489164	Bin524	3	chr03|13103	32035892	NC_029258.1	32043014	32043015	+
3	32178695	153.219104	Bin525	3	chr03|13103	32171572	NC_029258.1	32178694	32178695	+
3	32465245	157.221240	Bin526	3	chr03|13103	32458118	NC_029258.1	32465244	32465245	+
3	32746339	158.201663	Bin527	3	chr03|13103	32739210	NC_029258.1	32746338	32746339	+
3	32987076	158.441472	Bin528	3	chr03|13103	32979946	NC_029258.1	32987075	32987076	+
3	33511936	159.676102	Bin529	3	chr03|13103	33504806	NC_029258.1	33511935	33511936	+
3	34400082	177.245997	Bin530	3	chr03|13103	34392952	NC_029258.1	34400081	34400082	+
3	34915594	177.975937	Bin531	3	chr03|13103	34908464	NC_029258.1	34915593	34915594	+
3	34938873	178.705877	Bin532	3	chr03|13103	34931743	NC_029258.1	34938872	34938873	+
3	35047787	179.686300	Bin533	3	chr03|13103	35040657	NC_029258.1	35047786	35047787	+
3	35209995	180.666724	Bin534	3	chr03|13103	35202864	NC_029258.1	35209994	35209995	+
3	35290411	180.906532	Bin535	3	chr03|13103	35283280	NC_029258.1	35290410	35290411	+
3	35311907	182.141163	Bin536	3	chr03|13103	35304776	NC_029258.1	35311906	35311907	+
3	35398906	182.380972	Bin537	3	chr03|13103	35391775	NC_029258.1	35398905	35398906	+
3	35511090	182.620780	Bin538	3	chr03|13103	35503959	NC_029258.1	35511089	35511090	+
3	35558241	182.860589	Bin539	3	chr03|13103	35551110	NC_029258.1	35558240	35558241	+
3	35588895	183.841012	Bin540	3	chr03|13103	35581764	NC_029258.1	35588894	35588895	+
3	35627919	184.080821	Bin541	3	chr03|13103	35620788	NC_029258.1	35627918	35627919	+
3	35659291	185.315452	Bin542	3	chr03|13103	35652160	NC_029258.1	35659290	35659291	+
3	35713070	185.555260	Bin543	3	chr03|13103	35705939	NC_029258.1	35713069	35713070	+
3	35780248	185.795069	Bin544	3	chr03|13103	35773117	NC_029258.1	35780247	35780248	+
3	35880232	186.034877	Bin545	3	chr03|13103	35873101	NC_029258.1	35880231	35880232	+
3	36024701	186.764817	Bin546	3	chr03|13103	36017570	NC_029258.1	36024700	36024701	+
3	36137922	187.247913	Bin547	3	chr03|13103	36130848	NC_029258.1	36137921	36137922	+
3	36298831	187.487722	Bin548	3	chr03|13103	36291701	NC_029258.1	36298830	36298831	+
4	75924	0.000000	Bin549	4	chr04|13104	74924	NC_029259.1	75923	75924	+
4	320254	0.483096	Bin550	4	chr04|13104	319254	NC_029259.1	320253	320254	+
4	504649	1.213036	Bin551	4	chr04|13104	503647	NC_029259.1	504648	504649	+
4	541528	1.452844	Bin552	4	chr04|13104	540526	NC_029259.1	541527	541528	+
4	603382	2.182784	Bin553	4	chr04|13104	602382	NC_029259.1	603381	603382	+
4	723613	2.422593	Bin554	4	chr04|13104	722612	NC_029259.1	723612	723613	+
4	904540	2.662401	Bin555	4	chr04|13104	903540	NC_029259.1	904539	904540	+
4	1118676	2.902210	Bin556	4	chr04|13104	1114226	NC_029259.1	1118675	1118676	+
4	1243422	3.142019	Bin557	4	chr04|13104	1238972	NC_029259.1	1243421	1243422	+
4	1485636	3.381827	Bin558	4	chr04|13104	1481186	NC_029259.1	1485635	1485636	+
4	1766748	4.111767	Bin559	4	chr04|13104	1762344	NC_029259.1	1766747	1766748	+
4	1930503	5.346398	Bin560	4	chr04|13104	1926099	NC_029259.1	1930502	1930503	+
4	2199646	5.586206	Bin561	4	chr04|13104	2195241	NC_029259.1	2199645	2199646	+
4	2414214	8.150871	Bin562	4	chr04|13104	2409809	NC_029259.1	2414213	2414214	+
4	2482424	8.633967	Bin563	4	chr04|13104	2478022	NC_029259.1	2482423	2482424	+
4	2513531	8.873775	Bin564	4	chr04|13104	2509135	NC_029259.1	2513530	2513531	+
4	2710539	9.113584	Bin565	4	chr04|13104	2706144	NC_029259.1	2710538	2710539	+
4	3227003	9.596679	Bin566	4	chr04|13104	3222606	NC_029259.1	3227002	3227003	+
4	3569912	10.326619	Bin567	4	chr04|13104	3565514	NC_029259.1	3569911	3569912	+
4	3612266	10.566428	Bin568	4	chr04|13104	3607868	NC_029259.1	3612265	3612266	+
4	3804462	10.806237	Bin569	4	chr04|13104	3800066	NC_029259.1	3804461	3804462	+
4	4074010	11.046045	Bin570	4	chr04|13104	4069617	NC_029259.1	4074009	4074010	+
4	4256125	11.285854	Bin571	4	chr04|13104	4251731	NC_029259.1	4256124	4256125	+
4	4346898	11.525662	Bin572	4	chr04|13104	4342503	NC_029259.1	4346897	4346898	+
4	4398022	11.765471	Bin573	4	chr04|13104	4393626	NC_029259.1	4398021	4398022	+
4	4507894	12.248567	Bin574	4	chr04|13104	4503498	NC_029259.1	4507893	4507894	+
4	4695640	12.488375	Bin575	4	chr04|13104	4691079	NC_029259.1	4695639	4695640	+
4	4859670	12.728184	Bin576	4	chr04|13104	4855109	NC_029259.1	4859669	4859670	+
4	5079958	12.967992	Bin577	4	chr04|13104	5075399	NC_029259.1	5079957	5079958	+
4	5278881	13.451088	Bin578	4	chr04|13104	5274322	NC_029259.1	5278880	5278881	+
4	5402656	13.934184	Bin579	4	chr04|13104	5398097	NC_029259.1	5402655	5402656	+
4	5654701	14.173992	Bin580	4	chr04|13104	5650141	NC_029259.1	5654700	5654701	+
4	6209088	15.154416	Bin581	4	chr04|13104	6204528	NC_029259.1	6209087	6209088	+
4	6768487	15.394224	Bin582	4	chr04|13104	6763932	NC_029259.1	6768486	6768487	+
4	7023616	15.877320	Bin583	4	chr04|13104	7018887	NC_029259.1	7023615	7023616	+
4	7244034	16.117128	Bin584	4	chr04|13104	7239304	NC_029259.1	7244033	7244034	+
4	10053199	17.097552	Bin585	4	chr04|13104	10043896	NC_029259.1	10053198	10053199	+
4	12979150	18.590200	Bin586	4	chr04|13104	12969860	NC_029259.1	12979149	12979150	+
4	13291856	18.830009	Bin587	4	chr04|13104	13282567	NC_029259.1	13291855	13291856	+
4	13486528	19.069817	Bin588	4	chr04|13104	13477242	NC_029259.1	13486527	13486528	+
4	13786793	19.309626	Bin589	4	chr04|13104	13777507	NC_029259.1	13786792	13786793	+
4	14515847	23.015025	Bin590	4	chr04|13104	14506561	NC_029259.1	14515846	14515847	+
4	15377616	23.498120	Bin591	4	chr04|13104	15368332	NC_029259.1	15377615	15377616	+
4	15884311	23.737929	Bin592	4	chr04|13104	15712344	NC_029259.1	15884310	15884311	+
4	15991369	23.977737	Bin593	4	chr04|13104	15819402	NC_029259.1	15991368	15991369	+
4	16386375	27.391136	Bin594	4	chr04|13104	16214413	NC_029259.1	16386374	16386375	+
4	16795083	27.874232	Bin595	4	chr04|13104	16623126	NC_029259.1	16795082	16795083	+
4	17012583	32.796235	Bin596	4	chr04|13104	16840625	NC_029259.1	17012582	17012583	+
4	17372014	33.279331	Bin597	4	chr04|13104	17200057	NC_029259.1	17372013	17372014	+
4	17701141	33.519139	Bin598	4	chr04|13104	17529182	NC_029259.1	17701140	17701141	+
4	17951067	33.758948	Bin599	4	chr04|13104	17779108	NC_029259.1	17951066	17951067	+
4	18128151	33.998757	Bin600	4	chr04|13104	17956194	NC_029259.1	18128150	18128151	+
4	18184593	34.238565	Bin601	4	chr04|13104	18012638	NC_029259.1	18184592	18184593	+
4	18220756	34.478374	Bin602	4	chr04|13104	18048801	NC_029259.1	18220755	18220756	+
4	18320698	34.718182	Bin603	4	chr04|13104	18148744	NC_029259.1	18320697	18320698	+
4	18476684	34.957991	Bin604	4	chr04|13104	18304729	NC_029259.1	18476683	18476684	+
4	18578473	35.197800	Bin605	4	chr04|13104	18406518	NC_029259.1	18578472	18578473	+
4	18682567	35.437608	Bin606	4	chr04|13104	18510614	NC_029259.1	18682566	18682567	+
4	18796820	35.677417	Bin607	4	chr04|13104	18624865	NC_029259.1	18796819	18796820	+
4	18883964	35.917225	Bin608	4	chr04|13104	18712007	NC_029259.1	18883963	18883964	+
4	19029201	36.647165	Bin609	4	chr04|13104	18857240	NC_029259.1	19029200	19029201	+
4	19198854	40.352564	Bin610	4	chr04|13104	19026890	NC_029259.1	19198853	19198854	+
4	19302710	40.592373	Bin611	4	chr04|13104	19130749	NC_029259.1	19302709	19302710	+
4	19386106	40.832181	Bin612	4	chr04|13104	19214144	NC_029259.1	19386105	19386106	+
4	19471627	41.071990	Bin613	4	chr04|13104	19299664	NC_029259.1	19471626	19471627	+
4	19520367	41.311799	Bin614	4	chr04|13104	19348405	NC_029259.1	19520366	19520367	+
4	19616769	41.551607	Bin615	4	chr04|13104	19444804	NC_029259.1	19616768	19616769	+
4	19753750	46.790555	Bin616	4	chr04|13104	19581785	NC_029259.1	19753749	19753750	+
4	19819803	47.030363	Bin617	4	chr04|13104	19647840	NC_029259.1	19819802	19819803	+
4	20270590	49.320840	Bin618	4	chr04|13104	20098635	NC_029259.1	20270589	20270590	+
4	20740837	49.560649	Bin619	4	chr04|13104	20568880	NC_029259.1	20740836	20740837	+
4	20912815	53.864379	Bin620	4	chr04|13104	20740871	NC_029259.1	20912814	20912815	+
4	21239959	57.277778	Bin621	4	chr04|13104	21068011	NC_029259.1	21239958	21239959	+
4	21466649	57.760873	Bin622	4	chr04|13104	21294700	NC_029259.1	21466648	21466649	+
4	21527685	58.741297	Bin623	4	chr04|13104	21355736	NC_029259.1	21527684	21527685	+
4	21586670	59.224392	Bin624	4	chr04|13104	21414720	NC_029259.1	21586669	21586670	+
4	21709935	59.464201	Bin625	4	chr04|13104	21537986	NC_029259.1	21709934	21709935	+
4	21826128	59.704010	Bin626	4	chr04|13104	21654178	NC_029259.1	21826127	21826128	+
4	21906910	59.943818	Bin627	4	chr04|13104	21734961	NC_029259.1	21906909	21906910	+
4	21972625	60.183627	Bin628	4	chr04|13104	21800676	NC_029259.1	21972624	21972625	+
4	22004607	61.418257	Bin629	4	chr04|13104	21832658	NC_029259.1	22004606	22004607	+
4	22073587	66.028567	Bin630	4	chr04|13104	21920162	NC_029259.1	22073586	22073587	+
4	22269044	66.758507	Bin631	4	chr04|13104	22083926	NC_029259.1	22269043	22269044	+
4	22399153	66.998316	Bin632	4	chr04|13104	22214036	NC_029259.1	22399152	22399153	+
4	22527967	67.481411	Bin633	4	chr04|13104	22342855	NC_029259.1	22527966	22527967	+
4	22808317	67.964507	Bin634	4	chr04|13104	22623200	NC_029259.1	22808316	22808317	+
4	23125848	68.944930	Bin635	4	chr04|13104	22940703	NC_029259.1	23125847	23125848	+
4	23266200	69.184739	Bin636	4	chr04|13104	23081054	NC_029259.1	23266199	23266200	+
4	23314601	71.475216	Bin637	4	chr04|13104	23129456	NC_029259.1	23314600	23314601	+
4	23421617	71.715024	Bin638	4	chr04|13104	23236472	NC_029259.1	23421616	23421617	+
4	23672447	71.954833	Bin639	4	chr04|13104	23487304	NC_029259.1	23672446	23672447	+
4	24029728	74.245310	Bin640	4	chr04|13104	23844588	NC_029259.1	24029727	24029728	+
4	24233495	74.485118	Bin641	4	chr04|13104	24048356	NC_029259.1	24233494	24233495	+
4	24407587	74.724927	Bin642	4	chr04|13104	24222448	NC_029259.1	24407586	24407587	+
4	25145989	74.964736	Bin643	4	chr04|13104	24960850	NC_029259.1	25145988	25145989	+
4	25860668	82.223836	Bin644	4	chr04|13104	25675536	NC_029259.1	25860667	25860668	+
4	26145779	82.463645	Bin645	4	chr04|13104	25960653	NC_029259.1	26145778	26145779	+
4	26416739	82.703453	Bin646	4	chr04|13104	26231612	NC_029259.1	26416738	26416739	+
4	27259355	84.196102	Bin647	4	chr04|13104	27074224	NC_029259.1	27259354	27259355	+
4	28014672	85.688750	Bin648	4	chr04|13104	27829536	NC_029259.1	28014671	28014672	+
4	28272132	86.418690	Bin649	4	chr04|13104	28086995	NC_029259.1	28272131	28272132	+
4	28797079	90.420825	Bin650	4	chr04|13104	28611929	NC_029259.1	28797078	28797079	+
4	29387145	90.660634	Bin651	4	chr04|13104	29202011	NC_029259.1	29387144	29387145	+
4	29859222	92.153282	Bin652	4	chr04|13104	29674092	NC_029259.1	29859221	29859222	+
4	30062377	93.645930	Bin653	4	chr04|13104	29877248	NC_029259.1	30062376	30062377	+
4	30119689	93.885739	Bin654	4	chr04|13104	29934560	NC_029259.1	30119688	30119689	+
4	30163562	94.125547	Bin655	4	chr04|13104	29978432	NC_029259.1	30163561	30163562	+
4	30245288	94.608643	Bin656	4	chr04|13104	30060162	NC_029259.1	30245287	30245288	+
4	30399300	94.848451	Bin657	4	chr04|13104	30214177	NC_029259.1	30399299	30399300	+
4	30523041	95.088260	Bin658	4	chr04|13104	30337916	NC_029259.1	30523040	30523041	+
4	30589411	96.580908	Bin659	4	chr04|13104	30404286	NC_029259.1	30589410	30589411	+
4	30741318	96.820717	Bin660	4	chr04|13104	30556190	NC_029259.1	30741317	30741318	+
4	30879902	97.060525	Bin661	4	chr04|13104	30694780	NC_029259.1	30879901	30879902	+
4	30994426	98.553174	Bin662	4	chr04|13104	30809306	NC_029259.1	30994425	30994426	+
4	31132980	99.036269	Bin663	4	chr04|13104	30947869	NC_029259.1	31132979	31132980	+
4	31247466	100.270900	Bin664	4	chr04|13104	31062356	NC_029259.1	31247465	31247466	+
4	31357748	100.510708	Bin665	4	chr04|13104	31172641	NC_029259.1	31357747	31357748	+
4	31407722	100.750517	Bin666	4	chr04|13104	31222620	NC_029259.1	31407721	31407722	+
4	31436760	101.730940	Bin667	4	chr04|13104	31251658	NC_029259.1	31436759	31436760	+
4	31474630	101.970749	Bin668	4	chr04|13104	31289528	NC_029259.1	31474629	31474630	+
4	31528074	102.210558	Bin669	4	chr04|13104	31342973	NC_029259.1	31528073	31528074	+
4	31582766	102.693653	Bin670	4	chr04|13104	31397662	NC_029259.1	31582765	31582766	+
4	31621913	103.176749	Bin671	4	chr04|13104	31436808	NC_029259.1	31621912	31621913	+
4	31652355	103.416557	Bin672	4	chr04|13104	31467248	NC_029259.1	31652354	31652355	+
4	31838016	103.656366	Bin673	4	chr04|13104	31652910	NC_029259.1	31838015	31838016	+
4	32046399	104.139462	Bin674	4	chr04|13104	31861292	NC_029259.1	32046398	32046399	+
4	32124324	104.379270	Bin675	4	chr04|13104	31939216	NC_029259.1	32124323	32124324	+
4	32177568	105.359694	Bin676	4	chr04|13104	31992461	NC_029259.1	32177567	32177568	+
4	32284812	105.842789	Bin677	4	chr04|13104	32099704	NC_029259.1	32284811	32284812	+
4	32388025	106.082598	Bin678	4	chr04|13104	32202914	NC_029259.1	32388024	32388025	+
4	32427673	106.322407	Bin679	4	chr04|13104	32242564	NC_029259.1	32427672	32427673	+
4	32553949	106.562215	Bin680	4	chr04|13104	32368841	NC_029259.1	32553948	32553949	+
4	32705924	106.802024	Bin681	4	chr04|13104	32520811	NC_029259.1	32705923	32705924	+
4	33096453	109.645167	Bin682	4	chr04|13104	32911342	NC_029259.1	33096452	33096453	+
4	33560387	109.884975	Bin683	4	chr04|13104	33375271	NC_029259.1	33560386	33560387	+
4	33989776	115.123923	Bin684	4	chr04|13104	33804670	NC_029259.1	33989775	33989776	+
4	34469289	125.032769	Bin685	4	chr04|13104	34284184	NC_029259.1	34469288	34469289	+
4	34655666	126.267400	Bin686	4	chr04|13104	34470556	NC_029259.1	34655665	34655666	+
4	34799989	126.507209	Bin687	4	chr04|13104	34614880	NC_029259.1	34799988	34799989	+
4	35197802	127.237149	Bin688	4	chr04|13104	35012683	NC_029259.1	35197801	35197802	+
5	145170	0.000000	Bin689	5	chr05|13105	145170	NC_029260.1	145169	145170	+
5	323948	0.729940	Bin690	5	chr05|13105	323948	NC_029260.1	323947	323948	+
5	430962	1.459880	Bin691	5	chr05|13105	430962	NC_029260.1	430961	430962	+
5	520432	4.303023	Bin692	5	chr05|13105	520432	NC_029260.1	520431	520432	+
5	599641	4.542832	Bin693	5	chr05|13105	599641	NC_029260.1	599640	599641	+
5	673620	4.782640	Bin694	5	chr05|13105	673620	NC_029260.1	673619	673620	+
5	780626	6.017271	Bin695	5	chr05|13105	780608	NC_029260.1	780625	780626	+
5	914297	6.257080	Bin696	5	chr05|13105	914280	NC_029260.1	914296	914297	+
5	1053206	6.496888	Bin697	5	chr05|13105	1053190	NC_029260.1	1053205	1053206	+
5	1162836	6.736697	Bin698	5	chr05|13105	1162820	NC_029260.1	1162835	1162836	+
5	1211555	7.717120	Bin699	5	chr05|13105	1211539	NC_029260.1	1211554	1211555	+
5	1282202	8.697544	Bin700	5	chr05|13105	1282186	NC_029260.1	1282201	1282202	+
5	1381200	9.677967	Bin701	5	chr05|13105	1381184	NC_029260.1	1381199	1381200	+
5	1491090	9.917776	Bin702	5	chr05|13105	1491074	NC_029260.1	1491089	1491090	+
5	1628670	11.938253	Bin703	5	chr05|13105	1628654	NC_029260.1	1628669	1628670	+
5	1744137	12.178062	Bin704	5	chr05|13105	1744122	NC_029260.1	1744136	1744137	+
5	1779259	12.417870	Bin705	5	chr05|13105	1779242	NC_029260.1	1779258	1779259	+
5	1799082	12.657679	Bin706	5	chr05|13105	1799065	NC_029260.1	1799081	1799082	+
5	1865759	12.897487	Bin707	5	chr05|13105	1865741	NC_029260.1	1865758	1865759	+
5	1979710	13.380583	Bin708	5	chr05|13105	1979692	NC_029260.1	1979709	1979710	+
5	2037862	13.863679	Bin709	5	chr05|13105	2037844	NC_029260.1	2037861	2037862	+
5	2093387	14.103487	Bin710	5	chr05|13105	2093369	NC_029260.1	2093386	2093387	+
5	2163170	14.343296	Bin711	5	chr05|13105	2163145	NC_029260.1	2163169	2163170	+
5	2224719	14.583104	Bin712	5	chr05|13105	2224694	NC_029260.1	2224718	2224719	+
5	2298847	14.822913	Bin713	5	chr05|13105	2298822	NC_029260.1	2298846	2298847	+
5	2367355	15.062722	Bin714	5	chr05|13105	2367330	NC_029260.1	2367354	2367355	+
5	2433261	15.545817	Bin715	5	chr05|13105	2433237	NC_029260.1	2433260	2433261	+
5	2608906	17.566294	Bin716	5	chr05|13105	2608882	NC_029260.1	2608905	2608906	+
5	2875144	17.806103	Bin717	5	chr05|13105	2875120	NC_029260.1	2875143	2875144	+
5	3050456	19.560669	Bin718	5	chr05|13105	3050432	NC_029260.1	3050455	3050456	+
5	3141594	19.800477	Bin719	5	chr05|13105	3141570	NC_029260.1	3141593	3141594	+
5	3217150	20.040286	Bin720	5	chr05|13105	3217126	NC_029260.1	3217149	3217150	+
5	3346289	20.280094	Bin721	5	chr05|13105	3346264	NC_029260.1	3346288	3346289	+
5	3467191	20.519903	Bin722	5	chr05|13105	3467168	NC_029260.1	3467190	3467191	+
5	3528789	22.012551	Bin723	5	chr05|13105	3528766	NC_029260.1	3528788	3528789	+
5	3766996	22.252360	Bin724	5	chr05|13105	3766973	NC_029260.1	3766995	3766996	+
5	4080437	26.254495	Bin725	5	chr05|13105	4080414	NC_029260.1	4080436	4080437	+
5	4255303	26.494304	Bin726	5	chr05|13105	4255280	NC_029260.1	4255302	4255303	+
5	4549322	28.248870	Bin727	5	chr05|13105	4549299	NC_029260.1	4549321	4549322	+
5	5014198	28.978810	Bin728	5	chr05|13105	5014176	NC_029260.1	5014197	5014198	+
5	5314164	29.708750	Bin729	5	chr05|13105	5314142	NC_029260.1	5314163	5314164	+
5	5513687	32.551893	Bin730	5	chr05|13105	5513625	NC_029260.1	5513686	5513687	+
5	5826804	33.281833	Bin731	5	chr05|13105	5826742	NC_029260.1	5826803	5826804	+
5	6107857	33.521641	Bin732	5	chr05|13105	6107796	NC_029260.1	6107856	6107857	+
5	6362316	34.004737	Bin733	5	chr05|13105	6362255	NC_029260.1	6362315	6362316	+
5	6622587	35.497385	Bin734	5	chr05|13105	6622528	NC_029260.1	6622586	6622587	+
5	6874004	35.980481	Bin735	5	chr05|13105	6873946	NC_029260.1	6874003	6874004	+
5	7640811	42.542590	Bin736	5	chr05|13105	7640752	NC_029260.1	7640810	7640811	+
5	9309677	44.297156	Bin737	5	chr05|13105	9309606	NC_029260.1	9309676	9309677	+
5	12357575	44.780252	Bin738	5	chr05|13105	12357505	NC_029260.1	12357574	12357575	+
5	14742499	46.014882	Bin739	5	chr05|13105	14685042	NC_029260.1	14742498	14742499	+
5	15480487	46.744822	Bin740	5	chr05|13105	15423028	NC_029260.1	15480486	15480487	+
5	16030137	47.227918	Bin741	5	chr05|13105	15972645	NC_029260.1	16030136	16030137	+
5	16206352	47.467726	Bin742	5	chr05|13105	16148834	NC_029260.1	16206351	16206352	+
5	16322129	47.950822	Bin743	5	chr05|13105	16264611	NC_029260.1	16322128	16322129	+
5	16453093	48.433918	Bin744	5	chr05|13105	16395575	NC_029260.1	16453092	16453093	+
5	16536668	49.163858	Bin745	5	chr05|13105	16479150	NC_029260.1	16536667	16536668	+
5	16574820	49.403666	Bin746	5	chr05|13105	16517302	NC_029260.1	16574819	16574820	+
5	16602135	49.886762	Bin747	5	chr05|13105	16544617	NC_029260.1	16602134	16602135	+
5	16633216	50.369857	Bin748	5	chr05|13105	16575698	NC_029260.1	16633215	16633216	+
5	16721438	50.609666	Bin749	5	chr05|13105	16661080	NC_029260.1	16721437	16721438	+
5	16809425	50.849474	Bin750	5	chr05|13105	16749066	NC_029260.1	16809424	16809425	+
5	16918719	51.089283	Bin751	5	chr05|13105	16858360	NC_029260.1	16918718	16918719	+
5	17093053	51.329092	Bin752	5	chr05|13105	17032694	NC_029260.1	17093052	17093053	+
5	17307615	51.812187	Bin753	5	chr05|13105	17247258	NC_029260.1	17307614	17307615	+
5	17705933	52.542127	Bin754	5	chr05|13105	17645574	NC_029260.1	17705932	17705933	+
5	18064850	53.522551	Bin755	5	chr05|13105	18004336	NC_029260.1	18064849	18064850	+
5	18283068	53.762359	Bin756	5	chr05|13105	18222554	NC_029260.1	18283067	18283068	+
5	18443732	61.379396	Bin757	5	chr05|13105	18383218	NC_029260.1	18443731	18443732	+
5	18536405	62.109336	Bin758	5	chr05|13105	18473980	NC_029260.1	18536404	18536405	+
5	18782111	62.349144	Bin759	5	chr05|13105	18719594	NC_029260.1	18782110	18782111	+
5	19001177	63.079084	Bin760	5	chr05|13105	18938661	NC_029260.1	19001176	19001177	+
5	19039360	63.318893	Bin761	5	chr05|13105	18976844	NC_029260.1	19039359	19039360	+
5	19084461	65.073459	Bin762	5	chr05|13105	19021945	NC_029260.1	19084460	19084461	+
5	19198644	65.803399	Bin763	5	chr05|13105	19136128	NC_029260.1	19198643	19198644	+
5	19390260	66.286494	Bin764	5	chr05|13105	19327744	NC_029260.1	19390259	19390260	+
5	19814872	66.769590	Bin765	5	chr05|13105	19752356	NC_029260.1	19814871	19814872	+
5	20163887	67.009398	Bin766	5	chr05|13105	20101360	NC_029260.1	20163886	20163887	+
5	20334000	69.299875	Bin767	5	chr05|13105	20271473	NC_029260.1	20333999	20334000	+
5	20598265	69.539684	Bin768	5	chr05|13105	20535706	NC_029260.1	20598264	20598265	+
5	20910784	69.779492	Bin769	5	chr05|13105	20848225	NC_029260.1	20910783	20910784	+
5	21205817	75.340774	Bin770	5	chr05|13105	21143258	NC_029260.1	21205816	21205817	+
5	21369249	75.580583	Bin771	5	chr05|13105	21306690	NC_029260.1	21369248	21369249	+
5	21421381	75.820391	Bin772	5	chr05|13105	21358822	NC_029260.1	21421380	21421381	+
5	21431925	76.303487	Bin773	5	chr05|13105	21369366	NC_029260.1	21431924	21431925	+
5	21688021	76.543296	Bin774	5	chr05|13105	21625463	NC_029260.1	21688020	21688021	+
5	22001619	77.523719	Bin775	5	chr05|13105	21939061	NC_029260.1	22001618	22001619	+
5	22131354	77.763528	Bin776	5	chr05|13105	22068796	NC_029260.1	22131353	22131354	+
5	22207116	79.518094	Bin777	5	chr05|13105	22144557	NC_029260.1	22207115	22207116	+
5	22274995	79.757902	Bin778	5	chr05|13105	22212436	NC_029260.1	22274994	22274995	+
5	22372130	79.997711	Bin779	5	chr05|13105	22309571	NC_029260.1	22372129	22372130	+
5	22487552	80.480807	Bin780	5	chr05|13105	22424994	NC_029260.1	22487551	22487552	+
5	22599290	80.720615	Bin781	5	chr05|13105	22536733	NC_029260.1	22599289	22599290	+
5	22646830	80.960424	Bin782	5	chr05|13105	22584272	NC_029260.1	22646829	22646830	+
5	22804048	81.940847	Bin783	5	chr05|13105	22741490	NC_029260.1	22804047	22804048	+
5	23064001	83.961324	Bin784	5	chr05|13105	23001442	NC_029260.1	23064000	23064001	+
5	23247833	84.201133	Bin785	5	chr05|13105	23185254	NC_029260.1	23247832	23247833	+
5	23423432	85.181556	Bin786	5	chr05|13105	23360853	NC_029260.1	23423431	23423432	+
5	23662929	86.674205	Bin787	5	chr05|13105	23600350	NC_029260.1	23662928	23662929	+
5	23946468	90.676340	Bin788	5	chr05|13105	23883889	NC_029260.1	23946467	23946468	+
5	24121386	91.159436	Bin789	5	chr05|13105	24058805	NC_029260.1	24121385	24121386	+
5	24431438	92.394066	Bin790	5	chr05|13105	24368859	NC_029260.1	24431437	24431438	+
5	25030733	92.877162	Bin791	5	chr05|13105	24968148	NC_029260.1	25030732	25030733	+
5	25654211	102.385838	Bin792	5	chr05|13105	25591632	NC_029260.1	25654210	25654211	+
5	26162328	102.868934	Bin793	5	chr05|13105	26099748	NC_029260.1	26162327	26162328	+
5	26600102	103.352029	Bin794	5	chr05|13105	26537461	NC_029260.1	26600101	26600102	+
5	26883494	104.081969	Bin795	5	chr05|13105	26820852	NC_029260.1	26883493	26883494	+
5	27002802	104.565065	Bin796	5	chr05|13105	26940158	NC_029260.1	27002801	27002802	+
5	27161490	104.804874	Bin797	5	chr05|13105	27098846	NC_029260.1	27161489	27161490	+
5	27269924	105.044682	Bin798	5	chr05|13105	27207280	NC_029260.1	27269923	27269924	+
5	27329060	105.284491	Bin799	5	chr05|13105	27266416	NC_029260.1	27329059	27329060	+
5	27402966	105.767586	Bin800	5	chr05|13105	27340322	NC_029260.1	27402965	27402966	+
5	27513369	106.007395	Bin801	5	chr05|13105	27450725	NC_029260.1	27513368	27513369	+
5	27692747	106.247204	Bin802	5	chr05|13105	27630104	NC_029260.1	27692746	27692747	+
5	27824533	106.487012	Bin803	5	chr05|13105	27761890	NC_029260.1	27824532	27824533	+
5	27860539	107.467436	Bin804	5	chr05|13105	27797896	NC_029260.1	27860538	27860539	+
5	27895168	107.707244	Bin805	5	chr05|13105	27832525	NC_029260.1	27895167	27895168	+
5	27927955	107.947053	Bin806	5	chr05|13105	27865312	NC_029260.1	27927954	27927955	+
5	27950759	108.186862	Bin807	5	chr05|13105	27888115	NC_029260.1	27950758	27950759	+
5	27989230	109.167285	Bin808	5	chr05|13105	27926586	NC_029260.1	27989229	27989230	+
5	28049337	109.650381	Bin809	5	chr05|13105	27986692	NC_029260.1	28049336	28049337	+
5	28135972	109.890189	Bin810	5	chr05|13105	28073327	NC_029260.1	28135971	28135972	+
5	28292991	111.644755	Bin811	5	chr05|13105	28230346	NC_029260.1	28292990	28292991	+
5	28477259	111.884564	Bin812	5	chr05|13105	28414614	NC_029260.1	28477258	28477259	+
5	28603972	112.367659	Bin813	5	chr05|13105	28541327	NC_029260.1	28603971	28603972	+
5	28663583	112.607468	Bin814	5	chr05|13105	28600938	NC_029260.1	28663582	28663583	+
5	28769810	113.337408	Bin815	5	chr05|13105	28707165	NC_029260.1	28769809	28769810	+
5	28906557	114.067348	Bin816	5	chr05|13105	28843912	NC_029260.1	28906556	28906557	+
5	29201869	114.550444	Bin817	5	chr05|13105	29139224	NC_029260.1	29201868	29201869	+
5	29704751	116.043092	Bin818	5	chr05|13105	29642106	NC_029260.1	29704750	29704751	+
6	136546	0.000000	Bin819	6	chr06|13106	135546	NC_029261.1	136545	136546	+
6	335051	0.729940	Bin820	6	chr06|13106	334051	NC_029261.1	335050	335051	+
6	430003	0.969749	Bin821	6	chr06|13106	429004	NC_029261.1	430002	430003	+
6	489721	1.452844	Bin822	6	chr06|13106	488722	NC_029261.1	489720	489721	+
6	562195	2.182784	Bin823	6	chr06|13106	561196	NC_029261.1	562194	562195	+
6	624063	2.422593	Bin824	6	chr06|13106	623064	NC_029261.1	624062	624063	+
6	718787	2.905688	Bin825	6	chr06|13106	717788	NC_029261.1	718786	718787	+
6	813769	3.635628	Bin826	6	chr06|13106	812770	NC_029261.1	813768	813769	+
6	940187	3.875437	Bin827	6	chr06|13106	939188	NC_029261.1	940186	940187	+
6	1056259	4.855860	Bin828	6	chr06|13106	1055260	NC_029261.1	1056258	1056259	+
6	1135372	5.095669	Bin829	6	chr06|13106	1134373	NC_029261.1	1135371	1135372	+
6	1287007	5.335478	Bin830	6	chr06|13106	1286008	NC_029261.1	1287006	1287007	+
6	1440718	5.818573	Bin831	6	chr06|13106	1439719	NC_029261.1	1440717	1440718	+
6	1560467	6.548513	Bin832	6	chr06|13106	1559468	NC_029261.1	1560466	1560467	+
6	1619028	6.788322	Bin833	6	chr06|13106	1618029	NC_029261.1	1619027	1619028	+
6	1655973	7.028130	Bin834	6	chr06|13106	1654974	NC_029261.1	1655972	1655973	+
6	1689671	7.267939	Bin835	6	chr06|13106	1688672	NC_029261.1	1689670	1689671	+
6	1739463	7.751035	Bin836	6	chr06|13106	1738464	NC_029261.1	1739462	1739463	+
6	1789150	8.234130	Bin837	6	chr06|13106	1788151	NC_029261.1	1789149	1789150	+
6	1829367	8.964070	Bin838	6	chr06|13106	1828368	NC_029261.1	1829366	1829367	+
6	1922913	9.203879	Bin839	6	chr06|13106	1921914	NC_029261.1	1922912	1922913	+
6	2035691	9.443687	Bin840	6	chr06|13106	2034692	NC_029261.1	2035690	2035691	+
6	2160520	9.683496	Bin841	6	chr06|13106	2159521	NC_029261.1	2160519	2160520	+
6	2266218	10.663919	Bin842	6	chr06|13106	2265219	NC_029261.1	2266217	2266218	+
6	2311398	11.898550	Bin843	6	chr06|13106	2310399	NC_029261.1	2311397	2311398	+
6	2370999	12.138359	Bin844	6	chr06|13106	2370000	NC_029261.1	2370998	2370999	+
6	2504373	12.378167	Bin845	6	chr06|13106	2503374	NC_029261.1	2504372	2504373	+
6	2667446	12.617976	Bin846	6	chr06|13106	2666447	NC_029261.1	2667445	2667446	+
6	2754145	12.857785	Bin847	6	chr06|13106	2753146	NC_029261.1	2754144	2754145	+
6	2806471	13.097593	Bin848	6	chr06|13106	2805472	NC_029261.1	2806470	2806471	+
6	2866706	13.827533	Bin849	6	chr06|13106	2865707	NC_029261.1	2866705	2866706	+
6	2899663	14.807957	Bin850	6	chr06|13106	2898664	NC_029261.1	2899662	2899663	+
6	2932449	15.047765	Bin851	6	chr06|13106	2931450	NC_029261.1	2932448	2932449	+
6	3006254	15.530861	Bin852	6	chr06|13106	3005255	NC_029261.1	3006253	3006254	+
6	3096710	15.770669	Bin853	6	chr06|13106	3095711	NC_029261.1	3096709	3096710	+
6	3212563	16.253765	Bin854	6	chr06|13106	3211564	NC_029261.1	3212562	3212563	+
6	3328127	16.493574	Bin855	6	chr06|13106	3327128	NC_029261.1	3328126	3328127	+
6	3463319	17.223514	Bin856	6	chr06|13106	3462320	NC_029261.1	3463318	3463319	+
6	3572257	17.953454	Bin857	6	chr06|13106	3571258	NC_029261.1	3572256	3572257	+
6	3766767	18.193262	Bin858	6	chr06|13106	3765768	NC_029261.1	3766766	3766767	+
6	3987492	18.433071	Bin859	6	chr06|13106	3986493	NC_029261.1	3987491	3987492	+
6	4261239	26.050107	Bin860	6	chr06|13106	4260240	NC_029261.1	4261238	4261239	+
6	4638502	28.340584	Bin861	6	chr06|13106	4637503	NC_029261.1	4638501	4638502	+
6	4810619	29.575214	Bin862	6	chr06|13106	4809620	NC_029261.1	4810618	4810619	+
6	4856316	29.815023	Bin863	6	chr06|13106	4855317	NC_029261.1	4856315	4856316	+
6	4937319	30.054832	Bin864	6	chr06|13106	4936320	NC_029261.1	4937318	4937319	+
6	5025009	30.294640	Bin865	6	chr06|13106	5024010	NC_029261.1	5025008	5025009	+
6	5104906	30.534449	Bin866	6	chr06|13106	5103907	NC_029261.1	5104905	5104906	+
6	5204702	30.774258	Bin867	6	chr06|13106	5203703	NC_029261.1	5204701	5204702	+
6	5303035	31.014066	Bin868	6	chr06|13106	5302036	NC_029261.1	5303034	5303035	+
6	5427493	31.744006	Bin869	6	chr06|13106	5426494	NC_029261.1	5427492	5427493	+
6	5553273	32.978637	Bin870	6	chr06|13106	5552274	NC_029261.1	5553272	5553273	+
6	6046485	34.213267	Bin871	6	chr06|13106	6045486	NC_029261.1	6046484	6046485	+
6	6525191	38.516998	Bin872	6	chr06|13106	6524192	NC_029261.1	6525190	6525191	+
6	6610880	40.271564	Bin873	6	chr06|13106	6609881	NC_029261.1	6610879	6610880	+
6	6708027	40.754659	Bin874	6	chr06|13106	6707028	NC_029261.1	6708026	6708027	+
6	6773921	42.509225	Bin875	6	chr06|13106	6772922	NC_029261.1	6773920	6773921	+
6	6855438	42.749034	Bin876	6	chr06|13106	6854439	NC_029261.1	6855437	6855438	+
6	7010101	42.988843	Bin877	6	chr06|13106	7009102	NC_029261.1	7010100	7010101	+
6	7104744	43.471938	Bin878	6	chr06|13106	7103745	NC_029261.1	7104743	7104744	+
6	7146461	44.201878	Bin879	6	chr06|13106	7145462	NC_029261.1	7146460	7146461	+
6	7196153	45.182302	Bin880	6	chr06|13106	7195154	NC_029261.1	7196152	7196153	+
6	7267239	45.422110	Bin881	6	chr06|13106	7266240	NC_029261.1	7267238	7267239	+
6	7478583	48.548128	Bin882	6	chr06|13106	7477584	NC_029261.1	7478582	7478583	+
6	7669664	48.787937	Bin883	6	chr06|13106	7668665	NC_029261.1	7669663	7669664	+
6	7753499	49.768360	Bin884	6	chr06|13106	7752500	NC_029261.1	7753498	7753499	+
6	7861289	50.008169	Bin885	6	chr06|13106	7860290	NC_029261.1	7861288	7861289	+
6	8089579	50.738109	Bin886	6	chr06|13106	8088580	NC_029261.1	8089578	8089579	+
6	8291307	50.977917	Bin887	6	chr06|13106	8290308	NC_029261.1	8291306	8291307	+
6	8356104	51.217726	Bin888	6	chr06|13106	8355105	NC_029261.1	8356103	8356104	+
6	8423389	51.700822	Bin889	6	chr06|13106	8422390	NC_029261.1	8423388	8423389	+
6	8609065	51.940630	Bin890	6	chr06|13106	8608066	NC_029261.1	8609064	8609065	+
6	8941257	52.180439	Bin891	6	chr06|13106	8940258	NC_029261.1	8941256	8941257	+
6	9244210	52.420247	Bin892	6	chr06|13106	9243211	NC_029261.1	9244209	9244210	+
6	9512496	52.903343	Bin893	6	chr06|13106	9511497	NC_029261.1	9512495	9512496	+
6	9771656	58.142291	Bin894	6	chr06|13106	9770657	NC_029261.1	9771655	9771656	+
6	10128849	58.625386	Bin895	6	chr06|13106	10127850	NC_029261.1	10128848	10128849	+
6	10532948	59.860017	Bin896	6	chr06|13106	10531949	NC_029261.1	10532947	10532948	+
6	10760240	60.343112	Bin897	6	chr06|13106	10759241	NC_029261.1	10760239	10760240	+
6	10947478	60.582921	Bin898	6	chr06|13106	10946479	NC_029261.1	10947477	10947478	+
6	11265926	60.822730	Bin899	6	chr06|13106	11264927	NC_029261.1	11265925	11265926	+
6	11741039	61.305825	Bin900	6	chr06|13106	11740040	NC_029261.1	11741038	11741039	+
6	12256361	61.545634	Bin901	6	chr06|13106	12255362	NC_029261.1	12256360	12256361	+
6	13108185	68.453151	Bin902	6	chr06|13106	13107186	NC_029261.1	13108184	13108185	+
6	13776659	68.692959	Bin903	6	chr06|13106	13775660	NC_029261.1	13776658	13776659	+
6	14778077	68.932768	Bin904	6	chr06|13106	14777078	NC_029261.1	14778076	14778077	+
6	15768573	69.172576	Bin905	6	chr06|13106	15767575	NC_029261.1	15768572	15768573	+
6	16372958	69.412385	Bin906	6	chr06|13106	16371960	NC_029261.1	16372957	16372958	+
6	17544259	72.538403	Bin907	6	chr06|13106	17543262	NC_029261.1	17544258	17544259	+
6	18822308	73.268343	Bin908	6	chr06|13106	18821311	NC_029261.1	18822307	18822308	+
6	19535497	75.288820	Bin909	6	chr06|13106	19534500	NC_029261.1	19535496	19535497	+
6	19642643	75.528628	Bin910	6	chr06|13106	19641646	NC_029261.1	19642642	19642643	+
6	19752156	75.768437	Bin911	6	chr06|13106	19751159	NC_029261.1	19752155	19752156	+
6	19831311	76.251533	Bin912	6	chr06|13106	19830314	NC_029261.1	19831310	19831311	+
6	20026529	76.981473	Bin913	6	chr06|13106	20025532	NC_029261.1	20026528	20026529	+
6	20224249	77.221281	Bin914	6	chr06|13106	20223252	NC_029261.1	20224248	20224249	+
6	20364753	77.951221	Bin915	6	chr06|13106	20363756	NC_029261.1	20364752	20364753	+
6	20721075	78.191030	Bin916	6	chr06|13106	20720078	NC_029261.1	20721074	20721075	+
6	21028149	78.430838	Bin917	6	chr06|13106	21027152	NC_029261.1	21028148	21028149	+
6	21182487	78.913934	Bin918	6	chr06|13106	21181490	NC_029261.1	21182486	21182487	+
6	21389747	80.934411	Bin919	6	chr06|13106	21388750	NC_029261.1	21389746	21389747	+
6	21514891	81.174219	Bin920	6	chr06|13106	21513894	NC_029261.1	21514890	21514891	+
6	21625508	81.414028	Bin921	6	chr06|13106	21624511	NC_029261.1	21625507	21625508	+
6	21916779	82.143968	Bin922	6	chr06|13106	21915782	NC_029261.1	21916778	21916779	+
6	22174198	84.164445	Bin923	6	chr06|13106	22173201	NC_029261.1	22174197	22174198	+
6	22382801	84.404254	Bin924	6	chr06|13106	22381804	NC_029261.1	22382800	22382801	+
6	22680723	84.644062	Bin925	6	chr06|13106	22679726	NC_029261.1	22680722	22680723	+
6	22935557	85.127158	Bin926	6	chr06|13106	22934560	NC_029261.1	22935556	22935557	+
6	23064292	85.610253	Bin927	6	chr06|13106	23063295	NC_029261.1	23064291	23064292	+
6	23105727	85.850062	Bin928	6	chr06|13106	23104730	NC_029261.1	23105726	23105727	+
6	23241270	87.084693	Bin929	6	chr06|13106	23240273	NC_029261.1	23241269	23241270	+
6	23430907	88.065116	Bin930	6	chr06|13106	23429910	NC_029261.1	23430906	23430907	+
6	23696731	88.304925	Bin931	6	chr06|13106	23695734	NC_029261.1	23696730	23696731	+
6	23907187	88.544733	Bin932	6	chr06|13106	23906190	NC_029261.1	23907186	23907187	+
6	23992817	91.670751	Bin933	6	chr06|13106	23991820	NC_029261.1	23992816	23992817	+
6	24103987	92.400691	Bin934	6	chr06|13106	24102990	NC_029261.1	24103986	24103987	+
6	24228579	92.640500	Bin935	6	chr06|13106	24227582	NC_029261.1	24228578	24228579	+
6	24372092	92.880308	Bin936	6	chr06|13106	24371095	NC_029261.1	24372091	24372092	+
6	24550979	93.363404	Bin937	6	chr06|13106	24549982	NC_029261.1	24550978	24550979	+
6	24791729	96.776802	Bin938	6	chr06|13106	24790732	NC_029261.1	24791728	24791729	+
6	24980248	97.016611	Bin939	6	chr06|13106	24979251	NC_029261.1	24980247	24980248	+
6	25067473	97.256420	Bin940	6	chr06|13106	25066476	NC_029261.1	25067472	25067473	+
6	25151875	98.749068	Bin941	6	chr06|13106	25150878	NC_029261.1	25151874	25151875	+
6	25418745	98.988876	Bin942	6	chr06|13106	25417748	NC_029261.1	25418744	25418745	+
6	25946839	102.991012	Bin943	6	chr06|13106	25945842	NC_029261.1	25946838	25946839	+
6	26344541	104.225642	Bin944	6	chr06|13106	26343544	NC_029261.1	26344540	26344541	+
6	26634643	104.465451	Bin945	6	chr06|13106	26633646	NC_029261.1	26634642	26634643	+
6	27323385	105.700082	Bin946	6	chr06|13106	27322388	NC_029261.1	27323384	27323385	+
6	27858748	116.432929	Bin947	6	chr06|13106	27857750	NC_029261.1	27858747	27858748	+
6	27970452	116.916024	Bin948	6	chr06|13106	27969454	NC_029261.1	27970451	27970452	+
6	28228626	122.805176	Bin949	6	chr06|13106	28227628	NC_029261.1	28228625	28228626	+
6	28451773	123.288271	Bin950	6	chr06|13106	28450775	NC_029261.1	28451772	28451773	+
6	28473544	123.528080	Bin951	6	chr06|13106	28472546	NC_029261.1	28473543	28473544	+
6	28555103	123.767889	Bin952	6	chr06|13106	28554105	NC_029261.1	28555102	28555103	+
6	28641894	124.250984	Bin953	6	chr06|13106	28640896	NC_029261.1	28641893	28641894	+
6	28746160	125.485615	Bin954	6	chr06|13106	28745162	NC_029261.1	28746159	28746160	+
6	28903976	125.725423	Bin955	6	chr06|13106	28902978	NC_029261.1	28903975	28903976	+
6	29020676	125.965232	Bin956	6	chr06|13106	29019678	NC_029261.1	29020675	29020676	+
6	29103417	126.205041	Bin957	6	chr06|13106	29102419	NC_029261.1	29103416	29103417	+
6	29164950	127.185464	Bin958	6	chr06|13106	29163952	NC_029261.1	29164949	29164950	+
6	29317419	127.425273	Bin959	6	chr06|13106	29316421	NC_029261.1	29317418	29317419	+
6	29479970	127.908368	Bin960	6	chr06|13106	29478972	NC_029261.1	29479969	29479970	+
6	29525429	128.148177	Bin961	6	chr06|13106	29524431	NC_029261.1	29525428	29525429	+
6	29561182	128.387986	Bin962	6	chr06|13106	29560184	NC_029261.1	29561181	29561182	+
6	29631784	128.627794	Bin963	6	chr06|13106	29630786	NC_029261.1	29631783	29631784	+
6	29740504	130.648271	Bin964	6	chr06|13106	29739506	NC_029261.1	29740503	29740504	+
6	30038608	132.140919	Bin965	6	chr06|13106	30037610	NC_029261.1	30038607	30038608	+
6	30384577	144.172755	Bin966	6	chr06|13106	30383579	NC_029261.1	30384576	30384577	+
6	30874361	144.412563	Bin967	6	chr06|13106	30873363	NC_029261.1	30874360	30874361	+
7	61030	0.000000	Bin968	7	chr07|13107	60030	NC_029262.1	61029	61030	+
7	137982	0.239809	Bin969	7	chr07|13107	136982	NC_029262.1	137981	137982	+
7	231905	0.479617	Bin970	7	chr07|13107	230905	NC_029262.1	231904	231905	+
7	368610	0.962713	Bin971	7	chr07|13107	367610	NC_029262.1	368609	368610	+
7	435168	1.202521	Bin972	7	chr07|13107	434168	NC_029262.1	435167	435168	+
7	539382	1.932461	Bin973	7	chr07|13107	538382	NC_029262.1	539381	539382	+
7	669314	2.415557	Bin974	7	chr07|13107	668314	NC_029262.1	669313	669314	+
7	762061	2.898652	Bin975	7	chr07|13107	761061	NC_029262.1	762060	762061	+
7	865464	3.628592	Bin976	7	chr07|13107	864464	NC_029262.1	865463	865464	+
7	914118	3.868401	Bin977	7	chr07|13107	913118	NC_029262.1	914117	914118	+
7	929616	4.848825	Bin978	7	chr07|13107	928616	NC_029262.1	929615	929616	+
7	1065145	5.088633	Bin979	7	chr07|13107	1064145	NC_029262.1	1065144	1065145	+
7	1246784	7.653298	Bin980	7	chr07|13107	1245784	NC_029262.1	1246783	1246784	+
7	1523786	7.893107	Bin981	7	chr07|13107	1522786	NC_029262.1	1523785	1523786	+
7	1789599	8.623047	Bin982	7	chr07|13107	1788600	NC_029262.1	1789598	1789599	+
7	1973051	8.862855	Bin983	7	chr07|13107	1972052	NC_029262.1	1973050	1973051	+
7	2141183	9.345951	Bin984	7	chr07|13107	2140184	NC_029262.1	2141182	2141183	+
7	2198403	10.075891	Bin985	7	chr07|13107	2197404	NC_029262.1	2198402	2198403	+
7	2231043	10.315699	Bin986	7	chr07|13107	2230044	NC_029262.1	2231042	2231043	+
7	2277348	10.798795	Bin987	7	chr07|13107	2276349	NC_029262.1	2277347	2277348	+
7	2568321	11.779218	Bin988	7	chr07|13107	2567322	NC_029262.1	2568320	2568321	+
7	2886647	25.672641	Bin989	7	chr07|13107	2885648	NC_029262.1	2886646	2886647	+
7	3119541	25.912450	Bin990	7	chr07|13107	3118542	NC_029262.1	3119540	3119541	+
7	3535508	27.405098	Bin991	7	chr07|13107	3534509	NC_029262.1	3535507	3535508	+
7	3897547	27.644906	Bin992	7	chr07|13107	3896548	NC_029262.1	3897546	3897547	+
7	4490483	28.128002	Bin993	7	chr07|13107	4489484	NC_029262.1	4490482	4490483	+
7	5500683	45.697896	Bin994	7	chr07|13107	5499684	NC_029262.1	5500682	5500683	+
7	6042429	45.937705	Bin995	7	chr07|13107	6041430	NC_029262.1	6042428	6042429	+
7	6388439	46.420800	Bin996	7	chr07|13107	6387444	NC_029262.1	6388438	6388439	+
7	6841880	46.660609	Bin997	7	chr07|13107	6840885	NC_029262.1	6841879	6841880	+
7	7046230	50.074008	Bin998	7	chr07|13107	7045235	NC_029262.1	7046229	7046230	+
7	7141600	50.313816	Bin999	7	chr07|13107	7140605	NC_029262.1	7141599	7141600	+
7	7178957	50.553625	Bin1000	7	chr07|13107	7177962	NC_029262.1	7178956	7178957	+
7	7234851	50.793433	Bin1001	7	chr07|13107	7233856	NC_029262.1	7234850	7234851	+
7	7431057	51.523373	Bin1002	7	chr07|13107	7430062	NC_029262.1	7431056	7431057	+
7	8002157	52.253313	Bin1003	7	chr07|13107	8001162	NC_029262.1	8002156	8002157	+
7	8582357	54.007879	Bin1004	7	chr07|13107	8581362	NC_029262.1	8582356	8582357	+
7	8845475	54.247688	Bin1005	7	chr07|13107	8844480	NC_029262.1	8845474	8845475	+
7	9138468	54.730783	Bin1006	7	chr07|13107	9137474	NC_029262.1	9138467	9138468	+
7	11071174	54.970592	Bin1007	7	chr07|13107	11070180	NC_029262.1	11071173	11071174	+
7	14106540	55.210401	Bin1008	7	chr07|13107	14105547	NC_029262.1	14106539	14106540	+
7	15785567	60.449348	Bin1009	7	chr07|13107	15784574	NC_029262.1	15785566	15785567	+
7	16382443	60.689157	Bin1010	7	chr07|13107	16381450	NC_029262.1	16382442	16382443	+
7	16611039	60.928965	Bin1011	7	chr07|13107	16610046	NC_029262.1	16611038	16611039	+
7	16640349	61.412061	Bin1012	7	chr07|13107	16639356	NC_029262.1	16640348	16640349	+
7	16815031	61.651870	Bin1013	7	chr07|13107	16814038	NC_029262.1	16815030	16815031	+
7	17151911	63.672347	Bin1014	7	chr07|13107	17150918	NC_029262.1	17151910	17151911	+
7	17364646	64.155442	Bin1015	7	chr07|13107	17363653	NC_029262.1	17364645	17364646	+
7	17458055	65.648090	Bin1016	7	chr07|13107	17457062	NC_029262.1	17458054	17458055	+
7	17609200	66.131186	Bin1017	7	chr07|13107	17608207	NC_029262.1	17609199	17609200	+
7	17725096	66.370994	Bin1018	7	chr07|13107	17724103	NC_029262.1	17725095	17725096	+
7	17821090	66.610803	Bin1019	7	chr07|13107	17820097	NC_029262.1	17821089	17821090	+
7	18015954	66.850612	Bin1020	7	chr07|13107	18014961	NC_029262.1	18015953	18015954	+
7	18253357	67.090420	Bin1021	7	chr07|13107	18252364	NC_029262.1	18253356	18253357	+
7	18582484	67.573516	Bin1022	7	chr07|13107	18581491	NC_029262.1	18582483	18582484	+
7	19032988	69.328082	Bin1023	7	chr07|13107	19031995	NC_029262.1	19032987	19032988	+
7	19687025	76.235599	Bin1024	7	chr07|13107	19686032	NC_029262.1	19687024	19687025	+
7	20161374	77.470229	Bin1025	7	chr07|13107	20160381	NC_029262.1	20161373	20161374	+
7	20681850	82.709177	Bin1026	7	chr07|13107	20680857	NC_029262.1	20681849	20681850	+
7	21225953	83.439117	Bin1027	7	chr07|13107	21224960	NC_029262.1	21225952	21225953	+
7	21470303	84.419540	Bin1028	7	chr07|13107	21469310	NC_029262.1	21470302	21470303	+
7	21777315	87.832939	Bin1029	7	chr07|13107	21776322	NC_029262.1	21777314	21777315	+
7	21960683	88.072748	Bin1030	7	chr07|13107	21959690	NC_029262.1	21960682	21960683	+
7	22161154	88.555843	Bin1031	7	chr07|13107	22160161	NC_029262.1	22161153	22161154	+
7	22750689	98.064520	Bin1032	7	chr07|13107	22749696	NC_029262.1	22750688	22750689	+
7	23507734	98.794460	Bin1033	7	chr07|13107	23506741	NC_029262.1	23507733	23507734	+
7	23836352	100.549026	Bin1034	7	chr07|13107	23835358	NC_029262.1	23836351	23836352	+
7	24120556	101.529449	Bin1035	7	chr07|13107	24119562	NC_029262.1	24120555	24120556	+
7	24531052	103.549926	Bin1036	7	chr07|13107	24530058	NC_029262.1	24531051	24531052	+
7	24682562	104.033022	Bin1037	7	chr07|13107	24681568	NC_029262.1	24682561	24682562	+
7	24727974	104.272830	Bin1038	7	chr07|13107	24726980	NC_029262.1	24727973	24727974	+
7	24948276	111.889867	Bin1039	7	chr07|13107	24947282	NC_029262.1	24948275	24948276	+
7	25233382	112.129675	Bin1040	7	chr07|13107	25232388	NC_029262.1	25233381	25233382	+
7	25345278	114.694340	Bin1041	7	chr07|13107	25344284	NC_029262.1	25345277	25345278	+
7	25443997	114.934149	Bin1042	7	chr07|13107	25443003	NC_029262.1	25443996	25443997	+
7	25686418	116.168779	Bin1043	7	chr07|13107	25685424	NC_029262.1	25686417	25686418	+
7	25917018	117.661427	Bin1044	7	chr07|13107	25916024	NC_029262.1	25917017	25917018	+
7	26015928	117.901236	Bin1045	7	chr07|13107	26014934	NC_029262.1	26015927	26015928	+
7	26142081	118.384331	Bin1046	7	chr07|13107	26141087	NC_029262.1	26142080	26142081	+
7	26283946	119.364755	Bin1047	7	chr07|13107	26282952	NC_029262.1	26283945	26283946	+
7	26500391	121.929420	Bin1048	7	chr07|13107	26499397	NC_029262.1	26500390	26500391	+
7	26697550	123.164050	Bin1049	7	chr07|13107	26696556	NC_029262.1	26697549	26697550	+
7	26748042	123.403859	Bin1050	7	chr07|13107	26747048	NC_029262.1	26748041	26748042	+
7	26851786	123.643668	Bin1051	7	chr07|13107	26850792	NC_029262.1	26851785	26851786	+
7	27279350	125.398234	Bin1052	7	chr07|13107	27278356	NC_029262.1	27279349	27279350	+
7	27843285	129.400369	Bin1053	7	chr07|13107	27842292	NC_029262.1	27843284	27843285	+
7	28067739	129.640178	Bin1054	7	chr07|13107	28066746	NC_029262.1	28067738	28067739	+
7	28115139	130.620601	Bin1055	7	chr07|13107	28114146	NC_029262.1	28115138	28115139	+
7	28282119	131.350541	Bin1056	7	chr07|13107	28281127	NC_029262.1	28282118	28282119	+
7	28484520	133.915206	Bin1057	7	chr07|13107	28483528	NC_029262.1	28484519	28484520	+
7	29127503	135.407854	Bin1058	7	chr07|13107	29126511	NC_029262.1	29127502	29127503	+
8	227560	0.000000	Bin1059	8	chr08|13108	226560	NC_029263.1	227559	227560	+
8	462574	0.239809	Bin1060	8	chr08|13108	461574	NC_029263.1	462573	462574	+
8	576772	1.732457	Bin1061	8	chr08|13108	575772	NC_029263.1	576771	576772	+
8	702854	2.712880	Bin1062	8	chr08|13108	701854	NC_029263.1	702853	702854	+
8	782098	7.951828	Bin1063	8	chr08|13108	781100	NC_029263.1	782097	782098	+
8	859029	9.186459	Bin1064	8	chr08|13108	858031	NC_029263.1	859028	859029	+
8	943028	9.426267	Bin1065	8	chr08|13108	942030	NC_029263.1	943027	943028	+
8	1019894	9.666076	Bin1066	8	chr08|13108	1018896	NC_029263.1	1019893	1019894	+
8	1050708	9.905884	Bin1067	8	chr08|13108	1049710	NC_029263.1	1050707	1050708	+
8	1180334	10.145693	Bin1068	8	chr08|13108	1179336	NC_029263.1	1180333	1180334	+
8	1879608	23.558892	Bin1069	8	chr08|13108	1878611	NC_029263.1	1879607	1879608	+
8	2627241	25.051540	Bin1070	8	chr08|13108	2626244	NC_029263.1	2627240	2627241	+
8	2884717	25.534636	Bin1071	8	chr08|13108	2883720	NC_029263.1	2884716	2884717	+
8	3000339	25.774445	Bin1072	8	chr08|13108	2999342	NC_029263.1	3000338	3000339	+
8	3033789	26.014253	Bin1073	8	chr08|13108	3032792	NC_029263.1	3033788	3033789	+
8	3087573	26.254062	Bin1074	8	chr08|13108	3086576	NC_029263.1	3087572	3087573	+
8	3154407	26.737157	Bin1075	8	chr08|13108	3153410	NC_029263.1	3154406	3154407	+
8	3254555	26.976966	Bin1076	8	chr08|13108	3253558	NC_029263.1	3254554	3254555	+
8	3351546	27.957390	Bin1077	8	chr08|13108	3350549	NC_029263.1	3351545	3351546	+
8	3419387	28.197198	Bin1078	8	chr08|13108	3418390	NC_029263.1	3419386	3419387	+
8	3474376	28.680294	Bin1079	8	chr08|13108	3473379	NC_029263.1	3474375	3474376	+
8	3501213	28.920102	Bin1080	8	chr08|13108	3500216	NC_029263.1	3501212	3501213	+
8	3635915	29.159911	Bin1081	8	chr08|13108	3634918	NC_029263.1	3635914	3635915	+
8	3822783	35.049063	Bin1082	8	chr08|13108	3821786	NC_029263.1	3822782	3822783	+
8	3930538	35.288871	Bin1083	8	chr08|13108	3929541	NC_029263.1	3930537	3930538	+
8	4020113	35.528680	Bin1084	8	chr08|13108	4019116	NC_029263.1	4020112	4020113	+
8	4139916	35.768489	Bin1085	8	chr08|13108	4138919	NC_029263.1	4139915	4139916	+
8	4225579	36.008297	Bin1086	8	chr08|13108	4224582	NC_029263.1	4225578	4225579	+
8	4424303	36.738237	Bin1087	8	chr08|13108	4423306	NC_029263.1	4424302	4424303	+
8	4635517	37.221333	Bin1088	8	chr08|13108	4634520	NC_029263.1	4635516	4635517	+
8	4758659	37.461141	Bin1089	8	chr08|13108	4757662	NC_029263.1	4758658	4758659	+
8	4873216	37.700950	Bin1090	8	chr08|13108	4872219	NC_029263.1	4873215	4873216	+
8	5003023	37.940759	Bin1091	8	chr08|13108	5002026	NC_029263.1	5003022	5003023	+
8	5143025	38.180567	Bin1092	8	chr08|13108	5142028	NC_029263.1	5143024	5143025	+
8	5217443	38.420376	Bin1093	8	chr08|13108	5216446	NC_029263.1	5217442	5217443	+
8	5329769	38.660184	Bin1094	8	chr08|13108	5328772	NC_029263.1	5329768	5329769	+
8	5427555	39.143280	Bin1095	8	chr08|13108	5426558	NC_029263.1	5427554	5427555	+
8	5599550	39.626375	Bin1096	8	chr08|13108	5598553	NC_029263.1	5599549	5599550	+
8	5762280	40.109471	Bin1097	8	chr08|13108	5761283	NC_029263.1	5762279	5762280	+
8	5813887	40.592567	Bin1098	8	chr08|13108	5812890	NC_029263.1	5813886	5813887	+
8	5912290	41.075662	Bin1099	8	chr08|13108	5911293	NC_029263.1	5912289	5912290	+
8	5992871	42.056086	Bin1100	8	chr08|13108	5991874	NC_029263.1	5992870	5992871	+
8	6021740	42.295894	Bin1101	8	chr08|13108	6020743	NC_029263.1	6021739	6021740	+
8	6124377	42.535703	Bin1102	8	chr08|13108	6123382	NC_029263.1	6124376	6124377	+
8	6264626	42.775512	Bin1103	8	chr08|13108	6263631	NC_029263.1	6264625	6264626	+
8	6523127	43.258607	Bin1104	8	chr08|13108	6522132	NC_029263.1	6523126	6523127	+
8	6966297	43.498416	Bin1105	8	chr08|13108	6965302	NC_029263.1	6966296	6966297	+
8	7535131	43.738224	Bin1106	8	chr08|13108	7534136	NC_029263.1	7535130	7535131	+
8	7945458	43.978033	Bin1107	8	chr08|13108	7944462	NC_029263.1	7945457	7945458	+
8	8270760	44.217842	Bin1108	8	chr08|13108	8269764	NC_029263.1	8270759	8270760	+
8	8546296	44.457650	Bin1109	8	chr08|13108	8545300	NC_029263.1	8546295	8546296	+
8	8761016	44.697459	Bin1110	8	chr08|13108	8760020	NC_029263.1	8761015	8761016	+
8	8958047	45.180554	Bin1111	8	chr08|13108	8957051	NC_029263.1	8958046	8958047	+
8	8977484	45.420363	Bin1112	8	chr08|13108	8976488	NC_029263.1	8977483	8977484	+
8	9166758	46.654994	Bin1113	8	chr08|13108	9165762	NC_029263.1	9166757	9166758	+
8	9715460	46.894802	Bin1114	8	chr08|13108	9714464	NC_029263.1	9715459	9715460	+
8	10122755	47.377898	Bin1115	8	chr08|13108	10121759	NC_029263.1	10122754	10122755	+
8	10353473	47.860993	Bin1116	8	chr08|13108	10352477	NC_029263.1	10353472	10353473	+
8	12494003	48.344089	Bin1117	8	chr08|13108	12492907	NC_029263.1	12494002	12494003	+
8	14903469	50.908754	Bin1118	8	chr08|13108	14900755	NC_029263.1	14903468	14903469	+
8	15973258	51.391849	Bin1119	8	chr08|13108	15970544	NC_029263.1	15973257	15973258	+
8	16602903	52.626480	Bin1120	8	chr08|13108	16600189	NC_029263.1	16602902	16602903	+
8	16745469	52.866288	Bin1121	8	chr08|13108	16742755	NC_029263.1	16745468	16745469	+
8	16887437	53.106097	Bin1122	8	chr08|13108	16884723	NC_029263.1	16887436	16887437	+
8	17144758	53.589192	Bin1123	8	chr08|13108	17142044	NC_029263.1	17144757	17144758	+
8	17404005	53.829001	Bin1124	8	chr08|13108	17401291	NC_029263.1	17404004	17404005	+
8	17424919	54.068810	Bin1125	8	chr08|13108	17422205	NC_029263.1	17424918	17424919	+
8	17504842	54.308618	Bin1126	8	chr08|13108	17502128	NC_029263.1	17504841	17504842	+
8	17737285	54.548427	Bin1127	8	chr08|13108	17734572	NC_029263.1	17737284	17737285	+
8	18090069	54.788236	Bin1128	8	chr08|13108	18087356	NC_029263.1	18090068	18090069	+
8	18349991	55.271331	Bin1129	8	chr08|13108	18347278	NC_029263.1	18349990	18349991	+
8	18463346	56.251755	Bin1130	8	chr08|13108	18460633	NC_029263.1	18463345	18463346	+
8	18647576	56.491563	Bin1131	8	chr08|13108	18644863	NC_029263.1	18647575	18647576	+
8	18809126	56.731372	Bin1132	8	chr08|13108	18806413	NC_029263.1	18809125	18809126	+
8	18852453	56.971180	Bin1133	8	chr08|13108	18849740	NC_029263.1	18852452	18852453	+
8	18906247	57.454276	Bin1134	8	chr08|13108	18903534	NC_029263.1	18906246	18906247	+
8	19069491	58.184216	Bin1135	8	chr08|13108	19066778	NC_029263.1	19069490	19069491	+
8	19324411	60.204693	Bin1136	8	chr08|13108	19321698	NC_029263.1	19324410	19324411	+
8	19573375	60.934633	Bin1137	8	chr08|13108	19570662	NC_029263.1	19573374	19573375	+
8	19897985	61.417728	Bin1138	8	chr08|13108	19895272	NC_029263.1	19897984	19897985	+
8	20151943	61.657537	Bin1139	8	chr08|13108	20149230	NC_029263.1	20151942	20151943	+
8	20244169	61.897346	Bin1140	8	chr08|13108	20241456	NC_029263.1	20244168	20244169	+
8	20454403	62.627286	Bin1141	8	chr08|13108	20451690	NC_029263.1	20454402	20454403	+
8	20660667	62.867094	Bin1142	8	chr08|13108	20657954	NC_029263.1	20660666	20660667	+
8	20707379	63.847518	Bin1143	8	chr08|13108	20704666	NC_029263.1	20707378	20707379	+
8	20821346	64.087326	Bin1144	8	chr08|13108	20818633	NC_029263.1	20821345	20821346	+
8	21003355	64.327135	Bin1145	8	chr08|13108	21000642	NC_029263.1	21003354	21003355	+
8	21433490	66.347612	Bin1146	8	chr08|13108	21430777	NC_029263.1	21433489	21433490	+
8	22280799	66.587421	Bin1147	8	chr08|13108	22278086	NC_029263.1	22280798	22280799	+
8	23589876	88.500167	Bin1148	8	chr08|13108	23587162	NC_029263.1	23589875	23589876	+
8	24416486	88.739976	Bin1149	8	chr08|13108	24413772	NC_029263.1	24416485	24416486	+
8	24676780	93.978923	Bin1150	8	chr08|13108	24674066	NC_029263.1	24676779	24676780	+
8	25130547	94.218732	Bin1151	8	chr08|13108	25127833	NC_029263.1	25130546	25130547	+
8	25408398	97.632130	Bin1152	8	chr08|13108	25405684	NC_029263.1	25408397	25408398	+
8	25494888	98.115226	Bin1153	8	chr08|13108	25492174	NC_029263.1	25494887	25494888	+
8	25568532	98.355035	Bin1154	8	chr08|13108	25565818	NC_029263.1	25568531	25568532	+
8	25697795	98.594843	Bin1155	8	chr08|13108	25695081	NC_029263.1	25697794	25697795	+
8	25834978	99.077939	Bin1156	8	chr08|13108	25832264	NC_029263.1	25834977	25834978	+
8	26005566	99.561034	Bin1157	8	chr08|13108	26002852	NC_029263.1	26005565	26005566	+
8	26130027	104.483038	Bin1158	8	chr08|13108	26127313	NC_029263.1	26130026	26130027	+
8	26202978	104.966134	Bin1159	8	chr08|13108	26200264	NC_029263.1	26202977	26202978	+
8	26274233	105.205942	Bin1160	8	chr08|13108	26271519	NC_029263.1	26274232	26274233	+
8	26310392	105.689038	Bin1161	8	chr08|13108	26307678	NC_029263.1	26310391	26310392	+
8	26342224	105.928846	Bin1162	8	chr08|13108	26339510	NC_029263.1	26342223	26342224	+
8	26399474	106.411942	Bin1163	8	chr08|13108	26396760	NC_029263.1	26399473	26399474	+
8	26481022	106.651750	Bin1164	8	chr08|13108	26478308	NC_029263.1	26481021	26481022	+
8	26558829	106.891559	Bin1165	8	chr08|13108	26556115	NC_029263.1	26558828	26558829	+
8	26663338	107.131368	Bin1166	8	chr08|13108	26660624	NC_029263.1	26663337	26663338	+
8	26795198	107.861308	Bin1167	8	chr08|13108	26792484	NC_029263.1	26795197	26795198	+
8	26919743	110.425972	Bin1168	8	chr08|13108	26917029	NC_029263.1	26919742	26919743	+
8	27071550	111.406396	Bin1169	8	chr08|13108	27068836	NC_029263.1	27071549	27071550	+
8	27244238	112.136336	Bin1170	8	chr08|13108	27241524	NC_029263.1	27244237	27244238	+
8	27435452	113.370967	Bin1171	8	chr08|13108	27432738	NC_029263.1	27435451	27435452	+
8	27565703	117.674697	Bin1172	8	chr08|13108	27562989	NC_029263.1	27565702	27565703	+
8	27705852	118.157793	Bin1173	8	chr08|13108	27703138	NC_029263.1	27705851	27705852	+
8	27882414	118.640888	Bin1174	8	chr08|13108	27879700	NC_029263.1	27882413	27882414	+
8	28029224	119.621312	Bin1175	8	chr08|13108	28026510	NC_029263.1	28029223	28029224	+
8	28281329	120.351252	Bin1176	8	chr08|13108	28278615	NC_029263.1	28281328	28281329	+
9	68056	0.000000	Bin1177	9	chr09|13109	67056	NC_029264.1	68055	68056	+
9	367665	0.483096	Bin1178	9	chr09|13109	366665	NC_029264.1	367664	367665	+
9	627006	0.722904	Bin1179	9	chr09|13109	626006	NC_029264.1	627005	627006	+
9	775683	0.962713	Bin1180	9	chr09|13109	774683	NC_029264.1	775682	775683	+
9	919668	1.202521	Bin1181	9	chr09|13109	918668	NC_029264.1	919667	919668	+
9	1130506	1.932461	Bin1182	9	chr09|13109	1129506	NC_029264.1	1130505	1130506	+
9	1670745	2.172270	Bin1183	9	chr09|13109	1669745	NC_029264.1	1670744	1670745	+
9	2177974	2.412079	Bin1184	9	chr09|13109	2176974	NC_029264.1	2177973	2177974	+
9	3343394	2.651887	Bin1185	9	chr09|13109	3342394	NC_029264.1	3343393	3343394	+
9	4763358	3.134983	Bin1186	9	chr09|13109	4762358	NC_029264.1	4763357	4763358	+
9	5402136	3.374791	Bin1187	9	chr09|13109	5401136	NC_029264.1	5402135	5402136	+
9	5823392	4.104731	Bin1188	9	chr09|13109	5822392	NC_029264.1	5823391	5823392	+
9	6041412	4.344540	Bin1189	9	chr09|13109	6040412	NC_029264.1	6041411	6041412	+
9	6092723	4.584349	Bin1190	9	chr09|13109	6091723	NC_029264.1	6092722	6092723	+
9	6353004	4.824157	Bin1191	9	chr09|13109	6352004	NC_029264.1	6353003	6353004	+
9	6596090	5.307253	Bin1192	9	chr09|13109	6595090	NC_029264.1	6596089	6596090	+
9	6676427	5.547061	Bin1193	9	chr09|13109	6675427	NC_029264.1	6676426	6676427	+
9	6824412	6.277001	Bin1194	9	chr09|13109	6823412	NC_029264.1	6824411	6824412	+
9	6918930	6.516810	Bin1195	9	chr09|13109	6917930	NC_029264.1	6918929	6918930	+
9	7013546	7.751441	Bin1196	9	chr09|13109	7012546	NC_029264.1	7013545	7013546	+
9	7114706	7.991249	Bin1197	9	chr09|13109	7113706	NC_029264.1	7114705	7114706	+
9	7445956	8.474345	Bin1198	9	chr09|13109	7444956	NC_029264.1	7445955	7445956	+
9	7790089	8.714153	Bin1199	9	chr09|13109	7789089	NC_029264.1	7790088	7790089	+
9	7894363	9.694577	Bin1200	9	chr09|13109	7893363	NC_029264.1	7894362	7894363	+
9	7981638	10.177672	Bin1201	9	chr09|13109	7980638	NC_029264.1	7981637	7981638	+
9	8080918	10.907612	Bin1202	9	chr09|13109	8079918	NC_029264.1	8080917	8080918	+
9	8336853	11.147421	Bin1203	9	chr09|13109	8335853	NC_029264.1	8336852	8336853	+
9	8566273	11.387230	Bin1204	9	chr09|13109	8565272	NC_029264.1	8566272	8566273	+
9	8672388	11.627038	Bin1205	9	chr09|13109	8671387	NC_029264.1	8672387	8672388	+
9	8843665	12.607462	Bin1206	9	chr09|13109	8842664	NC_029264.1	8843664	8843665	+
9	8974645	12.847270	Bin1207	9	chr09|13109	8973644	NC_029264.1	8974644	8974645	+
9	9178406	13.577210	Bin1208	9	chr09|13109	9177405	NC_029264.1	9178405	9178406	+
9	9444138	15.597687	Bin1209	9	chr09|13109	9443137	NC_029264.1	9444137	9444138	+
9	9581773	15.837496	Bin1210	9	chr09|13109	9580772	NC_029264.1	9581772	9581773	+
9	9792019	16.077305	Bin1211	9	chr09|13109	9791018	NC_029264.1	9792018	9792019	+
9	9979157	16.317113	Bin1212	9	chr09|13109	9978156	NC_029264.1	9979156	9979157	+
9	10088905	17.551744	Bin1213	9	chr09|13109	10087904	NC_029264.1	10088904	10088905	+
9	10454005	18.532167	Bin1214	9	chr09|13109	10453004	NC_029264.1	10454004	10454005	+
9	10790717	18.771976	Bin1215	9	chr09|13109	10789716	NC_029264.1	10790716	10790717	+
9	11052409	21.615119	Bin1216	9	chr09|13109	11051408	NC_029264.1	11052408	11052409	+
9	11737705	21.854928	Bin1217	9	chr09|13109	11736704	NC_029264.1	11737704	11737705	+
9	13293279	59.909820	Bin1218	9	chr09|13109	13292278	NC_029264.1	13293278	13293279	+
9	14604927	60.639760	Bin1219	9	chr09|13109	14603926	NC_029264.1	14604926	14604927	+
9	14834103	61.122855	Bin1220	9	chr09|13109	14833102	NC_029264.1	14834102	14834103	+
9	14886104	61.362664	Bin1221	9	chr09|13109	14885103	NC_029264.1	14886103	14886104	+
9	14971237	61.845759	Bin1222	9	chr09|13109	14970236	NC_029264.1	14971236	14971237	+
9	15226457	62.826183	Bin1223	9	chr09|13109	15225456	NC_029264.1	15226456	15226457	+
9	15520370	63.065992	Bin1224	9	chr09|13109	15519369	NC_029264.1	15520369	15520370	+
9	15708554	63.305800	Bin1225	9	chr09|13109	15707553	NC_029264.1	15708553	15708554	+
9	15928696	64.540431	Bin1226	9	chr09|13109	15927695	NC_029264.1	15928695	15928696	+
9	16199857	64.780240	Bin1227	9	chr09|13109	16198856	NC_029264.1	16199856	16199857	+
9	16387284	65.263335	Bin1228	9	chr09|13109	16386283	NC_029264.1	16387283	16387284	+
9	16467043	66.497966	Bin1229	9	chr09|13109	16466042	NC_029264.1	16467042	16467043	+
9	16618960	70.801696	Bin1230	9	chr09|13109	16617959	NC_029264.1	16618959	16618960	+
9	16878008	71.284792	Bin1231	9	chr09|13109	16877007	NC_029264.1	16878007	16878008	+
9	17146964	71.767887	Bin1232	9	chr09|13109	17145963	NC_029264.1	17146963	17146964	+
9	17374377	72.007696	Bin1233	9	chr09|13109	17373376	NC_029264.1	17374376	17374377	+
9	17526143	72.490791	Bin1234	9	chr09|13109	17525142	NC_029264.1	17526142	17526143	+
9	17625570	72.730600	Bin1235	9	chr09|13109	17624569	NC_029264.1	17625569	17625570	+
9	17742645	73.711024	Bin1236	9	chr09|13109	17741644	NC_029264.1	17742644	17742645	+
9	17849825	74.194119	Bin1237	9	chr09|13109	17848824	NC_029264.1	17849824	17849825	+
9	17921937	74.677215	Bin1238	9	chr09|13109	17920936	NC_029264.1	17921936	17921937	+
9	17968679	74.917023	Bin1239	9	chr09|13109	17967678	NC_029264.1	17968678	17968679	+
9	18072677	75.646963	Bin1240	9	chr09|13109	18071676	NC_029264.1	18072676	18072677	+
9	18152734	76.130059	Bin1241	9	chr09|13109	18151733	NC_029264.1	18152733	18152734	+
9	18169312	76.369867	Bin1242	9	chr09|13109	18168311	NC_029264.1	18169311	18169312	+
9	18243203	76.609676	Bin1243	9	chr09|13109	18242202	NC_029264.1	18243202	18243203	+
9	18335300	78.102324	Bin1244	9	chr09|13109	18334299	NC_029264.1	18335299	18335300	+
9	18397815	78.342133	Bin1245	9	chr09|13109	18396814	NC_029264.1	18397814	18397815	+
9	18471809	79.072073	Bin1246	9	chr09|13109	18470808	NC_029264.1	18471808	18471809	+
9	18545907	79.311881	Bin1247	9	chr09|13109	18544906	NC_029264.1	18545906	18545907	+
9	18658511	79.551690	Bin1248	9	chr09|13109	18657510	NC_029264.1	18658510	18658511	+
9	18751967	80.034786	Bin1249	9	chr09|13109	18750967	NC_029264.1	18751966	18751967	+
9	18792897	80.274594	Bin1250	9	chr09|13109	18791897	NC_029264.1	18792896	18792897	+
9	18859075	80.514403	Bin1251	9	chr09|13109	18858075	NC_029264.1	18859074	18859075	+
9	18914600	80.754211	Bin1252	9	chr09|13109	18913600	NC_029264.1	18914599	18914600	+
9	18970110	81.237307	Bin1253	9	chr09|13109	18969110	NC_029264.1	18970109	18970110	+
9	19039579	81.477116	Bin1254	9	chr09|13109	19039104	NC_029264.1	19039578	19039579	+
9	19084328	82.457539	Bin1255	9	chr09|13109	19083917	NC_029264.1	19084327	19084328	+
9	19138099	82.940635	Bin1256	9	chr09|13109	19137688	NC_029264.1	19138098	19138099	+
9	19208437	83.921058	Bin1257	9	chr09|13109	19208027	NC_029264.1	19208436	19208437	+
9	19255542	84.160867	Bin1258	9	chr09|13109	19255132	NC_029264.1	19255541	19255542	+
9	19283080	84.643962	Bin1259	9	chr09|13109	19282670	NC_029264.1	19283079	19283080	+
9	19372884	85.127058	Bin1260	9	chr09|13109	19372474	NC_029264.1	19372883	19372884	+
9	19500170	85.610153	Bin1261	9	chr09|13109	19499760	NC_029264.1	19500169	19500170	+
9	19677909	86.093249	Bin1262	9	chr09|13109	19677499	NC_029264.1	19677908	19677909	+
9	19934683	86.333058	Bin1263	9	chr09|13109	19934202	NC_029264.1	19934682	19934683	+
9	20137859	86.572866	Bin1264	9	chr09|13109	20137378	NC_029264.1	20137858	20137859	+
9	20247700	86.812675	Bin1265	9	chr09|13109	20247219	NC_029264.1	20247699	20247700	+
9	20328602	87.295770	Bin1266	9	chr09|13109	20328121	NC_029264.1	20328601	20328602	+
9	20435760	87.535579	Bin1267	9	chr09|13109	20435279	NC_029264.1	20435759	20435760	+
9	20522930	88.018675	Bin1268	9	chr09|13109	20522449	NC_029264.1	20522929	20522930	+
9	20569255	88.258483	Bin1269	9	chr09|13109	20568774	NC_029264.1	20569254	20569255	+
9	20722929	88.988423	Bin1270	9	chr09|13109	20722448	NC_029264.1	20722928	20722929	+
9	20873447	89.718363	Bin1271	9	chr09|13109	20872966	NC_029264.1	20873446	20873447	+
9	20991705	89.958172	Bin1272	9	chr09|13109	20991224	NC_029264.1	20991704	20991705	+
9	21111953	91.450820	Bin1273	9	chr09|13109	21111472	NC_029264.1	21111952	21111953	+
9	21142745	91.690628	Bin1274	9	chr09|13109	21142264	NC_029264.1	21142744	21142745	+
9	21165501	91.930437	Bin1275	9	chr09|13109	21165020	NC_029264.1	21165500	21165501	+
9	21228172	92.170246	Bin1276	9	chr09|13109	21227691	NC_029264.1	21228171	21228172	+
9	21294283	92.410054	Bin1277	9	chr09|13109	21293802	NC_029264.1	21294282	21294283	+
9	21340915	92.649863	Bin1278	9	chr09|13109	21340434	NC_029264.1	21340914	21340915	+
9	21376855	92.889672	Bin1279	9	chr09|13109	21376374	NC_029264.1	21376854	21376855	+
9	21447971	93.372767	Bin1280	9	chr09|13109	21447490	NC_029264.1	21447970	21447971	+
9	21522443	93.612576	Bin1281	9	chr09|13109	21521962	NC_029264.1	21522442	21522443	+
9	21563785	94.095671	Bin1282	9	chr09|13109	21563304	NC_029264.1	21563784	21563785	+
9	21618453	95.588319	Bin1283	9	chr09|13109	21617972	NC_029264.1	21618452	21618453	+
9	21716778	95.828128	Bin1284	9	chr09|13109	21716297	NC_029264.1	21716777	21716778	+
9	21857908	96.067937	Bin1285	9	chr09|13109	21857427	NC_029264.1	21857907	21857908	+
9	22049411	102.975454	Bin1286	9	chr09|13109	22048930	NC_029264.1	22049410	22049411	+
9	22189363	103.955877	Bin1287	9	chr09|13109	22188882	NC_029264.1	22189362	22189363	+
9	22225800	104.195686	Bin1288	9	chr09|13109	22225319	NC_029264.1	22225799	22225800	+
9	22286735	104.435494	Bin1289	9	chr09|13109	22286254	NC_029264.1	22286734	22286735	+
9	22359363	104.675303	Bin1290	9	chr09|13109	22358882	NC_029264.1	22359362	22359363	+
9	22472563	106.429869	Bin1291	9	chr09|13109	22472082	NC_029264.1	22472562	22472563	+
9	22780822	107.159809	Bin1292	9	chr09|13109	22780341	NC_029264.1	22780821	22780822	+
10	388398	0.000000	Bin1293	10	chr10|13110	387398	NC_029265.1	388397	388398	+
10	827580	0.483096	Bin1294	10	chr10|13110	826556	NC_029265.1	827579	827580	+
10	893991	0.722904	Bin1295	10	chr10|13110	892967	NC_029265.1	893990	893991	+
10	939940	2.477470	Bin1296	10	chr10|13110	938916	NC_029265.1	939939	939940	+
10	1099870	2.717279	Bin1297	10	chr10|13110	1098846	NC_029265.1	1099869	1099870	+
10	1247085	3.200374	Bin1298	10	chr10|13110	1246062	NC_029265.1	1247084	1247085	+
10	1291055	3.440183	Bin1299	10	chr10|13110	1290032	NC_029265.1	1291054	1291055	+
10	1809355	3.679992	Bin1300	10	chr10|13110	1808332	NC_029265.1	1809354	1809355	+
10	2429887	3.919800	Bin1301	10	chr10|13110	2428864	NC_029265.1	2429886	2429887	+
10	2597227	6.762943	Bin1302	10	chr10|13110	2596204	NC_029265.1	2597226	2597227	+
10	3080994	7.002752	Bin1303	10	chr10|13110	3079971	NC_029265.1	3080993	3080994	+
10	3820274	9.023229	Bin1304	10	chr10|13110	3819250	NC_029265.1	3820273	3820274	+
10	4509829	10.003652	Bin1305	10	chr10|13110	4526367	NC_029265.1	4509828	4509829	+
10	5099623	10.243461	Bin1306	10	chr10|13110	5116160	NC_029265.1	5099622	5099623	+
10	5297663	11.223885	Bin1307	10	chr10|13110	5314200	NC_029265.1	5297662	5297663	+
10	5343312	11.463693	Bin1308	10	chr10|13110	5359849	NC_029265.1	5343311	5343312	+
10	5417387	11.703502	Bin1309	10	chr10|13110	5433924	NC_029265.1	5417386	5417387	+
10	5935784	11.943310	Bin1310	10	chr10|13110	5952322	NC_029265.1	5935783	5935784	+
10	6640725	12.183119	Bin1311	10	chr10|13110	6656348	NC_029265.1	6640724	6640725	+
10	7486355	12.422928	Bin1312	10	chr10|13110	7501978	NC_029265.1	7486354	7486355	+
10	8234930	12.662736	Bin1313	10	chr10|13110	8163792	NC_029265.1	8234929	8234930	+
10	8429617	13.145832	Bin1314	10	chr10|13110	8358479	NC_029265.1	8429616	8429617	+
10	8917080	13.385640	Bin1315	10	chr10|13110	8845941	NC_029265.1	8917079	8917080	+
10	9308953	13.625449	Bin1316	10	chr10|13110	9237774	NC_029265.1	9308952	9308953	+
10	9493939	13.865258	Bin1317	10	chr10|13110	9422760	NC_029265.1	9493938	9493939	+
10	10008729	14.105066	Bin1318	10	chr10|13110	9937550	NC_029265.1	10008728	10008729	+
10	10816210	14.835006	Bin1319	10	chr10|13110	10745030	NC_029265.1	10816209	10816210	+
10	11341696	15.074815	Bin1320	10	chr10|13110	11270516	NC_029265.1	11341695	11341696	+
10	11516601	15.314623	Bin1321	10	chr10|13110	11445420	NC_029265.1	11516600	11516601	+
10	11615886	18.440641	Bin1322	10	chr10|13110	11544701	NC_029265.1	11615885	11615886	+
10	11647451	18.680450	Bin1323	10	chr10|13110	11576266	NC_029265.1	11647450	11647451	+
10	11687614	19.163545	Bin1324	10	chr10|13110	11616429	NC_029265.1	11687613	11687614	+
10	11749393	19.403354	Bin1325	10	chr10|13110	11678208	NC_029265.1	11749392	11749393	+
10	11837383	20.133294	Bin1326	10	chr10|13110	11766198	NC_029265.1	11837382	11837383	+
10	11910792	20.373103	Bin1327	10	chr10|13110	11839607	NC_029265.1	11910791	11910792	+
10	11971732	22.393580	Bin1328	10	chr10|13110	11900547	NC_029265.1	11971731	11971732	+
10	12043632	22.633388	Bin1329	10	chr10|13110	11972447	NC_029265.1	12043631	12043632	+
10	12523342	22.873197	Bin1330	10	chr10|13110	12452157	NC_029265.1	12523341	12523342	+
10	13012159	24.893674	Bin1331	10	chr10|13110	12940974	NC_029265.1	13012158	13012159	+
10	13080035	25.376769	Bin1332	10	chr10|13110	13008850	NC_029265.1	13080034	13080035	+
10	13133295	25.859865	Bin1333	10	chr10|13110	13062066	NC_029265.1	13133294	13133295	+
10	13477532	26.342960	Bin1334	10	chr10|13110	13406302	NC_029265.1	13477531	13477532	+
10	13813638	27.323384	Bin1335	10	chr10|13110	13742407	NC_029265.1	13813637	13813638	+
10	13902294	27.563192	Bin1336	10	chr10|13110	13831062	NC_029265.1	13902293	13902294	+
10	14088164	29.055841	Bin1337	10	chr10|13110	14016930	NC_029265.1	14088163	14088164	+
10	14332122	29.538936	Bin1338	10	chr10|13110	14260888	NC_029265.1	14332121	14332122	+
10	14504154	33.244335	Bin1339	10	chr10|13110	14432920	NC_029265.1	14504153	14504154	+
10	14567803	33.484143	Bin1340	10	chr10|13110	14496569	NC_029265.1	14567802	14567803	+
10	14608991	33.723952	Bin1341	10	chr10|13110	14537757	NC_029265.1	14608990	14608991	+
10	14633991	33.963761	Bin1342	10	chr10|13110	14562757	NC_029265.1	14633990	14633991	+
10	14645274	34.203569	Bin1343	10	chr10|13110	14574040	NC_029265.1	14645273	14645274	+
10	14684383	34.443378	Bin1344	10	chr10|13110	14613149	NC_029265.1	14684382	14684383	+
10	14777940	34.926473	Bin1345	10	chr10|13110	14706706	NC_029265.1	14777939	14777940	+
10	14858882	36.681039	Bin1346	10	chr10|13110	14787648	NC_029265.1	14858881	14858882	+
10	14959504	36.920848	Bin1347	10	chr10|13110	14888270	NC_029265.1	14959503	14959504	+
10	15367856	37.160657	Bin1348	10	chr10|13110	15296624	NC_029265.1	15367855	15367856	+
10	15784116	40.866055	Bin1349	10	chr10|13110	15712886	NC_029265.1	15784115	15784116	+
10	15971262	41.105864	Bin1350	10	chr10|13110	15900034	NC_029265.1	15971261	15971262	+
10	16125479	42.086287	Bin1351	10	chr10|13110	16054251	NC_029265.1	16125478	16125479	+
10	16206492	42.326096	Bin1352	10	chr10|13110	16135264	NC_029265.1	16206491	16206492	+
10	16251282	43.306520	Bin1353	10	chr10|13110	16180056	NC_029265.1	16251281	16251282	+
10	16362893	43.546328	Bin1354	10	chr10|13110	16291669	NC_029265.1	16362892	16362893	+
10	16571289	44.029424	Bin1355	10	chr10|13110	16500062	NC_029265.1	16571288	16571289	+
10	16818168	47.442822	Bin1356	10	chr10|13110	16746940	NC_029265.1	16818167	16818168	+
10	17181605	47.682631	Bin1357	10	chr10|13110	17110378	NC_029265.1	17181604	17181605	+
10	17439285	47.922440	Bin1358	10	chr10|13110	17368058	NC_029265.1	17439284	17439285	+
10	17699171	49.415088	Bin1359	10	chr10|13110	17627944	NC_029265.1	17699170	17699171	+
10	18006044	49.898183	Bin1360	10	chr10|13110	17934816	NC_029265.1	18006043	18006044	+
10	18175001	50.628123	Bin1361	10	chr10|13110	18103560	NC_029265.1	18175000	18175001	+
10	18426688	51.862754	Bin1362	10	chr10|13110	18355245	NC_029265.1	18426687	18426688	+
10	18618466	53.617320	Bin1363	10	chr10|13110	18547023	NC_029265.1	18618465	18618466	+
10	18736435	56.743338	Bin1364	10	chr10|13110	18664992	NC_029265.1	18736434	18736435	+
10	18870180	57.473278	Bin1365	10	chr10|13110	18798736	NC_029265.1	18870179	18870180	+
10	19071603	57.713086	Bin1366	10	chr10|13110	19000160	NC_029265.1	19071602	19071603	+
10	19298851	61.126485	Bin1367	10	chr10|13110	19227406	NC_029265.1	19298850	19298851	+
10	19560455	61.366293	Bin1368	10	chr10|13110	19488979	NC_029265.1	19560454	19560455	+
10	19846282	63.930958	Bin1369	10	chr10|13110	19774782	NC_029265.1	19846281	19846282	+
10	19975952	64.170767	Bin1370	10	chr10|13110	19904452	NC_029265.1	19975951	19975952	+
10	20137359	64.900707	Bin1371	10	chr10|13110	20065857	NC_029265.1	20137358	20137359	+
10	20546805	65.383802	Bin1372	10	chr10|13110	20475284	NC_029265.1	20546804	20546805	+
10	20991111	73.736507	Bin1373	10	chr10|13110	20919590	NC_029265.1	20991110	20991111	+
10	21446291	73.976315	Bin1374	10	chr10|13110	21374768	NC_029265.1	21446290	21446291	+
10	21760980	74.216124	Bin1375	10	chr10|13110	21689456	NC_029265.1	21760979	21760980	+
10	21797502	78.519854	Bin1376	10	chr10|13110	21725978	NC_029265.1	21797501	21797502	+
10	21837110	78.759663	Bin1377	10	chr10|13110	21765586	NC_029265.1	21837109	21837110	+
10	21927986	79.242758	Bin1378	10	chr10|13110	21856462	NC_029265.1	21927985	21927986	+
10	22023275	79.725854	Bin1379	10	chr10|13110	21951750	NC_029265.1	22023274	22023275	+
10	22099525	80.208949	Bin1380	10	chr10|13110	22027999	NC_029265.1	22099524	22099525	+
10	22192752	81.701598	Bin1381	10	chr10|13110	22121226	NC_029265.1	22192751	22192752	+
10	22264551	81.941406	Bin1382	10	chr10|13110	22193025	NC_029265.1	22264550	22264551	+
10	22330402	82.424502	Bin1383	10	chr10|13110	22258876	NC_029265.1	22330401	22330402	+
10	22414570	82.664310	Bin1384	10	chr10|13110	22343044	NC_029265.1	22414569	22414570	+
10	22524132	83.644734	Bin1385	10	chr10|13110	22452606	NC_029265.1	22524131	22524132	+
10	22623636	83.884543	Bin1386	10	chr10|13110	22552110	NC_029265.1	22623635	22623636	+
10	22691928	84.124351	Bin1387	10	chr10|13110	22620402	NC_029265.1	22691927	22691928	+
10	22799955	84.854291	Bin1388	10	chr10|13110	22728428	NC_029265.1	22799954	22799955	+
10	22889306	85.094100	Bin1389	10	chr10|13110	22817778	NC_029265.1	22889305	22889306	+
10	23058042	85.333908	Bin1390	10	chr10|13110	22986515	NC_029265.1	23058041	23058042	+
11	112201	0.000000	Bin1391	11	chr11|13111	111201	NC_029266.1	112200	112201	+
11	297690	0.239809	Bin1392	11	chr11|13111	296692	NC_029266.1	297689	297690	+
11	502385	3.945207	Bin1393	11	chr11|13111	501388	NC_029266.1	502384	502385	+
11	667691	4.675147	Bin1394	11	chr11|13111	666694	NC_029266.1	667690	667691	+
11	751093	5.158243	Bin1395	11	chr11|13111	750094	NC_029266.1	751092	751093	+
11	907101	5.398051	Bin1396	11	chr11|13111	906102	NC_029266.1	907100	907101	+
11	1090492	5.637860	Bin1397	11	chr11|13111	1089493	NC_029266.1	1090491	1090492	+
11	1217221	5.877669	Bin1398	11	chr11|13111	1216222	NC_029266.1	1217220	1217221	+
11	1462824	13.494705	Bin1399	11	chr11|13111	1461825	NC_029266.1	1462823	1462824	+
11	1785031	13.734513	Bin1400	11	chr11|13111	1784032	NC_029266.1	1785030	1785031	+
11	1920575	14.217609	Bin1401	11	chr11|13111	1919576	NC_029266.1	1920574	1920575	+
11	2154860	15.972175	Bin1402	11	chr11|13111	2150718	NC_029266.1	2154859	2154860	+
11	2403782	16.952599	Bin1403	11	chr11|13111	2399686	NC_029266.1	2403781	2403782	+
11	2451736	17.192407	Bin1404	11	chr11|13111	2447640	NC_029266.1	2451735	2451736	+
11	2569399	17.922347	Bin1405	11	chr11|13111	2565303	NC_029266.1	2569398	2569399	+
11	2677179	18.162156	Bin1406	11	chr11|13111	2673083	NC_029266.1	2677178	2677179	+
11	2754468	19.916722	Bin1407	11	chr11|13111	2750372	NC_029266.1	2754467	2754468	+
11	2873305	21.151352	Bin1408	11	chr11|13111	2869209	NC_029266.1	2873304	2873305	+
11	2940152	21.391161	Bin1409	11	chr11|13111	2936056	NC_029266.1	2940151	2940152	+
11	2986439	21.630970	Bin1410	11	chr11|13111	2982343	NC_029266.1	2986438	2986439	+
11	3063047	21.870778	Bin1411	11	chr11|13111	3058951	NC_029266.1	3063046	3063047	+
11	3141663	22.110587	Bin1412	11	chr11|13111	3137566	NC_029266.1	3141662	3141663	+
11	3379561	23.091010	Bin1413	11	chr11|13111	3375464	NC_029266.1	3379560	3379561	+
11	3599929	25.655675	Bin1414	11	chr11|13111	3595832	NC_029266.1	3599928	3599929	+
11	3690672	25.895484	Bin1415	11	chr11|13111	3686574	NC_029266.1	3690671	3690672	+
11	3812363	26.135292	Bin1416	11	chr11|13111	3808265	NC_029266.1	3812362	3812363	+
11	3888086	27.115716	Bin1417	11	chr11|13111	3883988	NC_029266.1	3888085	3888086	+
11	4104756	27.355524	Bin1418	11	chr11|13111	4100658	NC_029266.1	4104755	4104756	+
11	4311302	30.481542	Bin1419	11	chr11|13111	4307204	NC_029266.1	4311301	4311302	+
11	4335887	30.964638	Bin1420	11	chr11|13111	4331789	NC_029266.1	4335886	4335887	+
11	4384860	31.204447	Bin1421	11	chr11|13111	4380762	NC_029266.1	4384859	4384860	+
11	4561390	31.687542	Bin1422	11	chr11|13111	4557292	NC_029266.1	4561389	4561390	+
11	4858070	31.927351	Bin1423	11	chr11|13111	4853972	NC_029266.1	4858069	4858070	+
11	5233585	32.657291	Bin1424	11	chr11|13111	5229396	NC_029266.1	5233584	5233585	+
11	5507247	37.579294	Bin1425	11	chr11|13111	5502998	NC_029266.1	5507246	5507247	+
11	5659268	37.819103	Bin1426	11	chr11|13111	5655020	NC_029266.1	5659267	5659268	+
11	5794100	38.058911	Bin1427	11	chr11|13111	5789852	NC_029266.1	5794099	5794100	+
11	5842351	38.298720	Bin1428	11	chr11|13111	5838103	NC_029266.1	5842350	5842351	+
11	6253884	40.319197	Bin1429	11	chr11|13111	6249636	NC_029266.1	6253883	6253884	+
11	6849057	45.558145	Bin1430	11	chr11|13111	6844810	NC_029266.1	6849056	6849057	+
11	7076285	45.797953	Bin1431	11	chr11|13111	7072030	NC_029266.1	7076284	7076285	+
11	7308367	46.037762	Bin1432	11	chr11|13111	7304112	NC_029266.1	7308366	7308367	+
11	7543676	46.277570	Bin1433	11	chr11|13111	7539421	NC_029266.1	7543675	7543676	+
11	7626401	46.517379	Bin1434	11	chr11|13111	7622146	NC_029266.1	7626400	7626401	+
11	7743977	49.360522	Bin1435	11	chr11|13111	7739722	NC_029266.1	7743976	7743977	+
11	7838089	50.340946	Bin1436	11	chr11|13111	7833834	NC_029266.1	7838088	7838089	+
11	7904501	50.580754	Bin1437	11	chr11|13111	7900246	NC_029266.1	7904500	7904501	+
11	8408728	52.073402	Bin1438	11	chr11|13111	8403338	NC_029266.1	8408727	8408728	+
11	8935148	52.313211	Bin1439	11	chr11|13111	8929760	NC_029266.1	8935147	8935148	+
11	9021369	52.796307	Bin1440	11	chr11|13111	9015982	NC_029266.1	9021368	9021369	+
11	9167907	53.036115	Bin1441	11	chr11|13111	9162486	NC_029266.1	9167906	9167907	+
11	9373133	53.275924	Bin1442	11	chr11|13111	9367710	NC_029266.1	9373132	9373133	+
11	9519161	53.515732	Bin1443	11	chr11|13111	9513738	NC_029266.1	9519160	9519161	+
11	9663304	53.998828	Bin1444	11	chr11|13111	9657881	NC_029266.1	9663303	9663304	+
11	9753403	54.979252	Bin1445	11	chr11|13111	9747980	NC_029266.1	9753402	9753403	+
11	9932991	56.471900	Bin1446	11	chr11|13111	9927568	NC_029266.1	9932990	9932991	+
11	10359936	56.711708	Bin1447	11	chr11|13111	10354513	NC_029266.1	10359935	10359936	+
11	10656341	57.194804	Bin1448	11	chr11|13111	10650886	NC_029266.1	10656340	10656341	+
11	10816641	57.434613	Bin1449	11	chr11|13111	10810958	NC_029266.1	10816640	10816641	+
11	11306184	57.674421	Bin1450	11	chr11|13111	11300501	NC_029266.1	11306183	11306184	+
11	11791886	57.914230	Bin1451	11	chr11|13111	11786203	NC_029266.1	11791885	11791886	+
11	13320108	58.154038	Bin1452	11	chr11|13111	12856429	NC_029266.1	13320107	13320108	+
11	14479459	58.393847	Bin1453	11	chr11|13111	14015776	NC_029266.1	14479458	14479459	+
11	15272626	58.633656	Bin1454	11	chr11|13111	14808940	NC_029266.1	15272625	15272626	+
11	16031056	58.873464	Bin1455	11	chr11|13111	15565928	NC_029266.1	16031055	16031056	+
11	16281733	59.113273	Bin1456	11	chr11|13111	15816606	NC_029266.1	16281732	16281733	+
11	16565975	59.843213	Bin1457	11	chr11|13111	16100853	NC_029266.1	16565974	16565975	+
11	16851767	60.083021	Bin1458	11	chr11|13111	16386646	NC_029266.1	16851766	16851767	+
11	16969437	60.322830	Bin1459	11	chr11|13111	16504315	NC_029266.1	16969436	16969437	+
11	17264653	61.557461	Bin1460	11	chr11|13111	16798505	NC_029266.1	17264652	17264653	+
11	17569013	62.287401	Bin1461	11	chr11|13111	17102870	NC_029266.1	17569012	17569013	+
11	17713330	62.527209	Bin1462	11	chr11|13111	17247186	NC_029266.1	17713329	17713330	+
11	18037690	65.091874	Bin1463	11	chr11|13111	17571548	NC_029266.1	18037689	18037690	+
11	18298885	65.331683	Bin1464	11	chr11|13111	17832744	NC_029266.1	18298884	18298885	+
11	18343079	65.571491	Bin1465	11	chr11|13111	17876937	NC_029266.1	18343078	18343079	+
11	18395848	66.551915	Bin1466	11	chr11|13111	17929708	NC_029266.1	18395847	18395848	+
11	18547949	67.532338	Bin1467	11	chr11|13111	18081808	NC_029266.1	18547948	18547949	+
11	18723664	68.512762	Bin1468	11	chr11|13111	18257472	NC_029266.1	18723663	18723664	+
11	18864959	69.242702	Bin1469	11	chr11|13111	18398768	NC_029266.1	18864958	18864959	+
11	19096535	69.482510	Bin1470	11	chr11|13111	18630223	NC_029266.1	19096534	19096535	+
11	19261545	70.462934	Bin1471	11	chr11|13111	18795233	NC_029266.1	19261544	19261545	+
11	19298098	70.702743	Bin1472	11	chr11|13111	18831786	NC_029266.1	19298097	19298098	+
11	19333336	71.432683	Bin1473	11	chr11|13111	18867024	NC_029266.1	19333335	19333336	+
11	19438071	71.672491	Bin1474	11	chr11|13111	18971759	NC_029266.1	19438070	19438071	+
11	19542546	71.912300	Bin1475	11	chr11|13111	19076234	NC_029266.1	19542545	19542546	+
11	19580169	73.146930	Bin1476	11	chr11|13111	19113857	NC_029266.1	19580168	19580169	+
11	19650098	75.437407	Bin1477	11	chr11|13111	19183786	NC_029266.1	19650097	19650098	+
11	19804456	76.417831	Bin1478	11	chr11|13111	19328074	NC_029266.1	19804455	19804456	-
11	19912946	77.910479	Bin1479	11	chr11|13111	19446869	NC_029266.1	19912945	19912946	+
11	19964248	78.150288	Bin1480	11	chr11|13111	19498171	NC_029266.1	19964247	19964248	+
11	20048789	78.390096	Bin1481	11	chr11|13111	19582712	NC_029266.1	20048788	20048789	+
11	20330225	78.629905	Bin1482	11	chr11|13111	19864150	NC_029266.1	20330224	20330225	+
11	20600258	79.113000	Bin1483	11	chr11|13111	20134184	NC_029266.1	20600257	20600258	+
11	20723575	79.352809	Bin1484	11	chr11|13111	20257478	NC_029266.1	20723574	20723575	+
11	20929090	80.587440	Bin1485	11	chr11|13111	20462993	NC_029266.1	20929089	20929090	+
11	21143666	80.827248	Bin1486	11	chr11|13111	20677545	NC_029266.1	21143665	21143666	+
11	21243338	81.310344	Bin1487	11	chr11|13111	20777216	NC_029266.1	21243337	21243338	+
11	21488137	82.544974	Bin1488	11	chr11|13111	21022014	NC_029266.1	21488136	21488137	+
11	21739301	83.028070	Bin1489	11	chr11|13111	21273178	NC_029266.1	21739300	21739301	+
11	21862877	83.267879	Bin1490	11	chr11|13111	21396754	NC_029266.1	21862876	21862877	+
11	22009513	83.997819	Bin1491	11	chr11|13111	21543384	NC_029266.1	22009512	22009513	+
11	22150803	84.480914	Bin1492	11	chr11|13111	21684674	NC_029266.1	22150802	22150803	+
11	22380055	84.964010	Bin1493	11	chr11|13111	21913926	NC_029266.1	22380054	22380055	+
11	22557227	85.447105	Bin1494	11	chr11|13111	22091098	NC_029266.1	22557226	22557227	+
11	22809927	91.669814	Bin1495	11	chr11|13111	22343798	NC_029266.1	22809926	22809927	+
11	23032554	92.152909	Bin1496	11	chr11|13111	22566425	NC_029266.1	23032553	23032554	+
11	23062890	92.392718	Bin1497	11	chr11|13111	22596761	NC_029266.1	23062889	23062890	+
11	23152967	92.632527	Bin1498	11	chr11|13111	22686838	NC_029266.1	23152966	23152967	+
11	23249158	92.872335	Bin1499	11	chr11|13111	22783029	NC_029266.1	23249157	23249158	+
11	23313775	93.602275	Bin1500	11	chr11|13111	22847645	NC_029266.1	23313774	23313775	+
11	23381391	93.842084	Bin1501	11	chr11|13111	22915261	NC_029266.1	23381390	23381391	+
11	23454560	94.081892	Bin1502	11	chr11|13111	22988430	NC_029266.1	23454559	23454560	+
11	23619267	94.321701	Bin1503	11	chr11|13111	23153137	NC_029266.1	23619266	23619267	+
11	23925438	94.804797	Bin1504	11	chr11|13111	23459308	NC_029266.1	23925437	23925438	+
11	24204529	95.785220	Bin1505	11	chr11|13111	23738399	NC_029266.1	24204528	24204529	+
11	24369374	96.268316	Bin1506	11	chr11|13111	23903218	NC_029266.1	24369373	24369374	+
11	24582354	100.572046	Bin1507	11	chr11|13111	24116194	NC_029266.1	24582353	24582354	+
11	24778082	101.552470	Bin1508	11	chr11|13111	24311922	NC_029266.1	24778081	24778082	+
11	24874742	101.792278	Bin1509	11	chr11|13111	24408582	NC_029266.1	24874741	24874742	+
11	24960880	102.032087	Bin1510	11	chr11|13111	24494720	NC_029266.1	24960879	24960880	+
11	25068937	102.762027	Bin1511	11	chr11|13111	24602777	NC_029266.1	25068936	25068937	+
11	25134944	103.491967	Bin1512	11	chr11|13111	24668784	NC_029266.1	25134943	25134944	+
11	25157105	103.731776	Bin1513	11	chr11|13111	24690945	NC_029266.1	25157104	25157105	+
11	25188908	103.971584	Bin1514	11	chr11|13111	24722748	NC_029266.1	25188907	25188908	+
11	25217368	104.211393	Bin1515	11	chr11|13111	24751208	NC_029266.1	25217367	25217368	+
11	25243557	106.776057	Bin1516	11	chr11|13111	24777397	NC_029266.1	25243556	25243557	+
11	25352515	107.015866	Bin1517	11	chr11|13111	24886355	NC_029266.1	25352514	25352515	+
11	25532776	107.255675	Bin1518	11	chr11|13111	25066615	NC_029266.1	25532775	25532776	+
11	25946155	107.738770	Bin1519	11	chr11|13111	25474569	NC_029266.1	25946154	25946155	+
11	26323587	107.978579	Bin1520	11	chr11|13111	25852000	NC_029266.1	26323586	26323587	+
11	26405551	108.218387	Bin1521	11	chr11|13111	25933964	NC_029266.1	26405550	26405551	+
11	26445981	108.458196	Bin1522	11	chr11|13111	25974394	NC_029266.1	26445980	26445981	+
11	26483208	108.698005	Bin1523	11	chr11|13111	26011622	NC_029266.1	26483207	26483208	+
11	26555434	109.181100	Bin1524	11	chr11|13111	26083849	NC_029266.1	26555433	26555434	+
11	26795154	109.420909	Bin1525	11	chr11|13111	26323541	NC_029266.1	26795153	26795154	+
11	27003515	109.904004	Bin1526	11	chr11|13111	26531902	NC_029266.1	27003514	27003515	+
11	27070332	111.396653	Bin1527	11	chr11|13111	26598719	NC_029266.1	27070331	27070332	+
11	27148365	111.636461	Bin1528	11	chr11|13111	26676752	NC_029266.1	27148364	27148365	+
11	27200951	111.876270	Bin1529	11	chr11|13111	26729338	NC_029266.1	27200950	27200951	+
11	27236546	112.606210	Bin1530	11	chr11|13111	26764933	NC_029266.1	27236545	27236546	+
11	27271371	112.846018	Bin1531	11	chr11|13111	26799758	NC_029266.1	27271370	27271371	+
11	27311470	113.329114	Bin1532	11	chr11|13111	26839857	NC_029266.1	27311469	27311470	+
11	27342987	113.568923	Bin1533	11	chr11|13111	26871374	NC_029266.1	27342986	27342987	+
11	27596388	114.052018	Bin1534	11	chr11|13111	27124775	NC_029266.1	27596387	27596388	+
11	27844900	114.291827	Bin1535	11	chr11|13111	27373286	NC_029266.1	27844899	27844900	+
11	28192221	115.272250	Bin1536	11	chr11|13111	27669000	NC_029266.1	28192220	28192221	+
11	28627215	115.512059	Bin1537	11	chr11|13111	28103994	NC_029266.1	28627214	28627215	+
11	28793724	116.241999	Bin1538	11	chr11|13111	28270503	NC_029266.1	28793723	28793724	+
11	28841093	116.481807	Bin1539	11	chr11|13111	28317872	NC_029266.1	28841092	28841093	+
11	28951768	116.721616	Bin1540	11	chr11|13111	28428547	NC_029266.1	28951767	28951768	+
12	363244	0.000000	Bin1541	12	chr12|13112	362244	NC_029267.1	363243	363244	+
12	945584	1.234631	Bin1542	12	chr12|13112	944584	NC_029267.1	945583	945584	+
12	1178882	1.474439	Bin1543	12	chr12|13112	1177882	NC_029267.1	1178881	1178882	+
12	2101174	13.064520	Bin1544	12	chr12|13112	2100172	NC_029267.1	2101173	2101174	+
12	3033406	14.044944	Bin1545	12	chr12|13112	3032408	NC_029267.1	3033405	3033406	+
12	3095676	14.284752	Bin1546	12	chr12|13112	3094679	NC_029267.1	3095675	3095676	+
12	3488819	16.039318	Bin1547	12	chr12|13112	3487819	NC_029267.1	3488818	3488819	+
12	4295900	31.437655	Bin1548	12	chr12|13112	4294888	NC_029267.1	4295899	4295900	+
12	5064120	37.999765	Bin1549	12	chr12|13112	5063106	NC_029267.1	5064119	5064120	+
12	6290211	39.754331	Bin1550	12	chr12|13112	6289101	NC_029267.1	6290210	6290211	+
12	7298591	40.237426	Bin1551	12	chr12|13112	7295998	NC_029267.1	7298590	7298591	+
12	7402473	40.477235	Bin1552	12	chr12|13112	7399880	NC_029267.1	7402472	7402473	+
12	7531945	40.717044	Bin1553	12	chr12|13112	7529351	NC_029267.1	7531944	7531945	+
12	7790281	42.471610	Bin1554	12	chr12|13112	7787687	NC_029267.1	7790280	7790281	+
12	8394148	42.711418	Bin1555	12	chr12|13112	8391554	NC_029267.1	8394147	8394148	+
12	9332508	42.951227	Bin1556	12	chr12|13112	9329917	NC_029267.1	9332507	9332508	+
12	10272330	43.191035	Bin1557	12	chr12|13112	10269742	NC_029267.1	10272329	10272330	+
12	10750949	43.430844	Bin1558	12	chr12|13112	10748313	NC_029267.1	10750948	10750949	+
12	10767106	43.670653	Bin1559	12	chr12|13112	10764472	NC_029267.1	10767105	10767106	+
12	10787278	43.910461	Bin1560	12	chr12|13112	10784644	NC_029267.1	10787277	10787278	+
12	11289792	44.150270	Bin1561	12	chr12|13112	11287128	NC_029267.1	11289791	11289792	+
12	11921390	44.633365	Bin1562	12	chr12|13112	11918725	NC_029267.1	11921389	11921390	+
12	13306398	45.116461	Bin1563	12	chr12|13112	13303736	NC_029267.1	13306397	13306398	+
12	14612688	45.356270	Bin1564	12	chr12|13112	14610028	NC_029267.1	14612687	14612688	+
12	15467603	45.596078	Bin1565	12	chr12|13112	15464900	NC_029267.1	15467602	15467603	+
12	16312350	46.079174	Bin1566	12	chr12|13112	16309646	NC_029267.1	16312349	16312350	+
12	16415245	46.562269	Bin1567	12	chr12|13112	16412538	NC_029267.1	16415244	16415245	+
12	16935833	47.045365	Bin1568	12	chr12|13112	16929787	NC_029267.1	16935832	16935833	+
12	17509325	47.775305	Bin1569	12	chr12|13112	17503280	NC_029267.1	17509324	17509325	+
12	17627609	48.015113	Bin1570	12	chr12|13112	17621564	NC_029267.1	17627608	17627609	+
12	17823572	48.745053	Bin1571	12	chr12|13112	17795006	NC_029267.1	17823571	17823572	+
12	18127780	49.228149	Bin1572	12	chr12|13112	18099216	NC_029267.1	18127779	18127780	+
12	18300094	50.208572	Bin1573	12	chr12|13112	18271530	NC_029267.1	18300093	18300094	+
12	18359040	50.448381	Bin1574	12	chr12|13112	18330476	NC_029267.1	18359039	18359040	+
12	18505048	50.688190	Bin1575	12	chr12|13112	18476484	NC_029267.1	18505047	18505048	+
12	18868049	54.393588	Bin1576	12	chr12|13112	18839484	NC_029267.1	18868048	18868049	+
12	19152065	55.123528	Bin1577	12	chr12|13112	19123499	NC_029267.1	19152064	19152065	+
12	19332419	55.853468	Bin1578	12	chr12|13112	19303889	NC_029267.1	19332418	19332419	+
12	19519378	56.336564	Bin1579	12	chr12|13112	19490848	NC_029267.1	19519377	19519378	+
12	19633910	56.576372	Bin1580	12	chr12|13112	19605380	NC_029267.1	19633909	19633910	+
12	19776850	59.419515	Bin1581	12	chr12|13112	19748320	NC_029267.1	19776849	19776850	+
12	19880284	59.659324	Bin1582	12	chr12|13112	19851754	NC_029267.1	19880283	19880284	+
12	19981672	60.142420	Bin1583	12	chr12|13112	19953114	NC_029267.1	19981671	19981672	+
12	20617140	62.162897	Bin1584	12	chr12|13112	20583688	NC_029267.1	20617139	20617140	+
12	21270581	62.892836	Bin1585	12	chr12|13112	21237128	NC_029267.1	21270580	21270581	+
12	21493230	68.131784	Bin1586	12	chr12|13112	21459777	NC_029267.1	21493229	21493230	+
12	21692444	68.371593	Bin1587	12	chr12|13112	21658991	NC_029267.1	21692443	21692444	+
12	21906135	68.854688	Bin1588	12	chr12|13112	21872682	NC_029267.1	21906134	21906135	+
12	22266221	69.094497	Bin1589	12	chr12|13112	22232768	NC_029267.1	22266220	22266221	+
12	22539173	76.353597	Bin1590	12	chr12|13112	22505612	NC_029267.1	22539172	22539173	+
12	22783465	77.334021	Bin1591	12	chr12|13112	22749904	NC_029267.1	22783464	22783465	+
12	23027632	77.573830	Bin1592	12	chr12|13112	22994092	NC_029267.1	23027631	23027632	+
12	23256388	77.813638	Bin1593	12	chr12|13112	23222848	NC_029267.1	23256387	23256388	+
12	23470213	81.519037	Bin1594	12	chr12|13112	23436673	NC_029267.1	23470212	23470213	+
12	23563560	83.011685	Bin1595	12	chr12|13112	23530020	NC_029267.1	23563559	23563560	+
12	23767081	83.494780	Bin1596	12	chr12|13112	23733534	NC_029267.1	23767080	23767081	+
12	23926899	83.977876	Bin1597	12	chr12|13112	23893352	NC_029267.1	23926898	23926899	+
12	23966833	84.460972	Bin1598	12	chr12|13112	23933286	NC_029267.1	23966832	23966833	+
12	24054672	84.944067	Bin1599	12	chr12|13112	24021126	NC_029267.1	24054671	24054672	+
12	24132593	86.698633	Bin1600	12	chr12|13112	24099047	NC_029267.1	24132592	24132593	+
12	24314728	87.181729	Bin1601	12	chr12|13112	24281181	NC_029267.1	24314727	24314728	+
12	24514072	87.421537	Bin1602	12	chr12|13112	24480526	NC_029267.1	24514071	24514072	+
12	24577530	87.661346	Bin1603	12	chr12|13112	24543984	NC_029267.1	24577529	24577530	+
12	24670748	87.901154	Bin1604	12	chr12|13112	24637202	NC_029267.1	24670747	24670748	+
12	24815143	91.903290	Bin1605	12	chr12|13112	24781597	NC_029267.1	24815142	24815143	+
12	25085420	92.143098	Bin1606	12	chr12|13112	25051874	NC_029267.1	25085419	25085420	+
12	25296268	93.123522	Bin1607	12	chr12|13112	25262666	NC_029267.1	25296267	25296268	+
12	25327152	93.363331	Bin1608	12	chr12|13112	25293550	NC_029267.1	25327151	25327152	+
12	25364012	94.093271	Bin1609	12	chr12|13112	25330410	NC_029267.1	25364011	25364012	+
12	25510817	96.113748	Bin1610	12	chr12|13112	25477212	NC_029267.1	25510816	25510817	+
12	25655943	96.843687	Bin1611	12	chr12|13112	25622338	NC_029267.1	25655942	25655943	+
12	25754913	97.083496	Bin1612	12	chr12|13112	25721308	NC_029267.1	25754912	25754913	+
12	25973034	104.342597	Bin1613	12	chr12|13112	25939428	NC_029267.1	25973033	25973034	+
12	26233267	104.825692	Bin1614	12	chr12|13112	26199661	NC_029267.1	26233266	26233267	+
12	26392019	105.065501	Bin1615	12	chr12|13112	26358413	NC_029267.1	26392018	26392019	+
12	26491932	106.045924	Bin1616	12	chr12|13112	26458326	NC_029267.1	26491931	26491932	+
12	26626102	106.285733	Bin1617	12	chr12|13112	26592497	NC_029267.1	26626101	26626102	+
12	26873293	106.768828	Bin1618	12	chr12|13112	26839692	NC_029267.1	26873292	26873293	+
12	27290146	109.333493	Bin1619	12	chr12|13112	27256546	NC_029267.1	27290145	27290146	+
